time,path,H
2021-08-26 18:00:00,/Volumes/Argus/unk/snap/c1/1630000800.c1.snap.jpg,1.1816175
2021-08-26 18:30:00,/Volumes/Argus/unk/snap/c1/1630002600.c1.snap.jpg,1.4708233
2021-08-26 19:30:00,/Volumes/Argus/unk/snap/c1/1630006200.c1.snap.jpg,1.2977732
2021-08-26 20:00:00,/Volumes/Argus/unk/snap/c1/1630008000.c1.snap.jpg,1.4920005
2021-08-26 20:30:00,/Volumes/Argus/unk/snap/c1/1630009800.c1.snap.jpg,1.3876907
2021-08-26 21:00:00,/Volumes/Argus/unk/snap/c1/1630011600.c1.snap.jpg,1.2537683
2021-08-26 21:30:00,/Volumes/Argus/unk/snap/c1/1630013400.c1.snap.jpg,1.3522903
2021-08-26 22:30:00,/Volumes/Argus/unk/snap/c1/1630017000.c1.snap.jpg,1.3557239
2021-08-26 23:00:00,/Volumes/Argus/unk/snap/c1/1630018800.c1.snap.jpg,0.8487989
2021-08-26 23:30:00,/Volumes/Argus/unk/snap/c1/1630020600.c1.snap.jpg,1.2633659
2021-08-27 00:00:00,/Volumes/Argus/unk/snap/c1/1630022400.c1.snap.jpg,0.9021629
2021-08-27 00:30:00,/Volumes/Argus/unk/snap/c1/1630024200.c1.snap.jpg,0.8908024
2021-08-27 01:00:00,/Volumes/Argus/unk/snap/c1/1630026000.c1.snap.jpg,0.8561182
2021-08-27 01:30:00,/Volumes/Argus/unk/snap/c1/1630027800.c1.snap.jpg,0.68430185
2021-08-27 02:30:00,/Volumes/Argus/unk/snap/c1/1630031400.c1.snap.jpg,0.7504795
2021-08-27 03:00:00,/Volumes/Argus/unk/snap/c1/1630033200.c1.snap.jpg,0.7188821
2021-08-27 03:30:00,/Volumes/Argus/unk/snap/c1/1630035000.c1.snap.jpg,0.8207023
2021-08-27 04:00:00,/Volumes/Argus/unk/snap/c1/1630036800.c1.snap.jpg,0.83190346
2021-08-27 04:30:00,/Volumes/Argus/unk/snap/c1/1630038600.c1.snap.jpg,0.38368875
2021-08-27 14:30:00,/Volumes/Argus/unk/snap/c1/1630074600.c1.snap.jpg,0.72695315
2021-08-27 15:00:00,/Volumes/Argus/unk/snap/c1/1630076400.c1.snap.jpg,0.69471025
2021-08-27 15:30:00,/Volumes/Argus/unk/snap/c1/1630078200.c1.snap.jpg,0.8429478
2021-08-27 16:00:00,/Volumes/Argus/unk/snap/c1/1630080000.c1.snap.jpg,0.7832507
2021-08-27 16:30:00,/Volumes/Argus/unk/snap/c1/1630081800.c1.snap.jpg,0.7647195
2021-08-27 17:00:00,/Volumes/Argus/unk/snap/c1/1630083600.c1.snap.jpg,0.6567577
2021-08-27 17:30:00,/Volumes/Argus/unk/snap/c1/1630085400.c1.snap.jpg,0.8047957
2021-08-27 18:00:00,/Volumes/Argus/unk/snap/c1/1630087200.c1.snap.jpg,0.6472271
2021-08-27 18:30:00,/Volumes/Argus/unk/snap/c1/1630089000.c1.snap.jpg,0.79464746
2021-08-27 19:30:00,/Volumes/Argus/unk/snap/c1/1630092600.c1.snap.jpg,0.8391564
2021-08-27 20:00:00,/Volumes/Argus/unk/snap/c1/1630094400.c1.snap.jpg,0.990698
2021-08-27 21:00:00,/Volumes/Argus/unk/snap/c1/1630098000.c1.snap.jpg,0.7921741
2021-08-27 21:30:00,/Volumes/Argus/unk/snap/c1/1630099800.c1.snap.jpg,0.7202256
2021-08-27 22:00:00,/Volumes/Argus/unk/snap/c1/1630101600.c1.snap.jpg,0.6877253
2021-08-27 22:30:00,/Volumes/Argus/unk/snap/c1/1630103400.c1.snap.jpg,0.8314228
2021-08-27 23:00:00,/Volumes/Argus/unk/snap/c1/1630105200.c1.snap.jpg,0.73748815
2021-08-27 23:30:00,/Volumes/Argus/unk/snap/c1/1630107000.c1.snap.jpg,0.9686253
2021-08-28 00:00:00,/Volumes/Argus/unk/snap/c1/1630108800.c1.snap.jpg,0.7293265
2021-08-28 00:30:00,/Volumes/Argus/unk/snap/c1/1630110600.c1.snap.jpg,0.7372975
2021-08-28 01:00:00,/Volumes/Argus/unk/snap/c1/1630112400.c1.snap.jpg,0.91367817
2021-08-28 01:30:00,/Volumes/Argus/unk/snap/c1/1630114200.c1.snap.jpg,0.76190734
2021-08-28 02:00:00,/Volumes/Argus/unk/snap/c1/1630116000.c1.snap.jpg,1.1307554
2021-08-28 02:30:00,/Volumes/Argus/unk/snap/c1/1630117800.c1.snap.jpg,0.44340646
2021-08-28 03:00:00,/Volumes/Argus/unk/snap/c1/1630119600.c1.snap.jpg,0.89144474
2021-08-28 03:30:00,/Volumes/Argus/unk/snap/c1/1630121400.c1.snap.jpg,0.5993446
2021-08-28 04:00:00,/Volumes/Argus/unk/snap/c1/1630123200.c1.snap.jpg,0.6248761
2021-08-28 16:30:00,/Volumes/Argus/unk/snap/c1/1630168200.c1.snap.jpg,0.9784438
2021-08-28 17:00:00,/Volumes/Argus/unk/snap/c1/1630170000.c1.snap.jpg,1.0838423
2021-08-28 17:30:00,/Volumes/Argus/unk/snap/c1/1630171800.c1.snap.jpg,0.8694077
2021-08-28 18:00:00,/Volumes/Argus/unk/snap/c1/1630173600.c1.snap.jpg,0.8707613
2021-08-28 18:30:00,/Volumes/Argus/unk/snap/c1/1630175400.c1.snap.jpg,0.93242145
2021-08-28 19:00:00,/Volumes/Argus/unk/snap/c1/1630177200.c1.snap.jpg,0.941357
2021-08-28 19:30:00,/Volumes/Argus/unk/snap/c1/1630179000.c1.snap.jpg,0.8889556
2021-08-28 20:00:00,/Volumes/Argus/unk/snap/c1/1630180800.c1.snap.jpg,0.88634574
2021-08-28 20:30:00,/Volumes/Argus/unk/snap/c1/1630182600.c1.snap.jpg,0.91053164
2021-08-28 21:00:00,/Volumes/Argus/unk/snap/c1/1630184400.c1.snap.jpg,0.8093661
2021-08-28 21:30:00,/Volumes/Argus/unk/snap/c1/1630186200.c1.snap.jpg,0.88771904
2021-08-28 22:00:00,/Volumes/Argus/unk/snap/c1/1630188000.c1.snap.jpg,0.83696973
2021-08-28 23:00:00,/Volumes/Argus/unk/snap/c1/1630191600.c1.snap.jpg,0.8098452
2021-08-28 23:30:00,/Volumes/Argus/unk/snap/c1/1630193400.c1.snap.jpg,0.72139204
2021-08-29 00:00:00,/Volumes/Argus/unk/snap/c1/1630195200.c1.snap.jpg,0.7929888
2021-08-29 00:30:00,/Volumes/Argus/unk/snap/c1/1630197000.c1.snap.jpg,0.7872776
2021-08-29 01:00:00,/Volumes/Argus/unk/snap/c1/1630198800.c1.snap.jpg,0.78586525
2021-08-29 01:30:00,/Volumes/Argus/unk/snap/c1/1630200600.c1.snap.jpg,0.91290146
2021-08-29 02:00:00,/Volumes/Argus/unk/snap/c1/1630202400.c1.snap.jpg,0.9060608
2021-08-29 02:30:00,/Volumes/Argus/unk/snap/c1/1630204200.c1.snap.jpg,1.0051062
2021-08-29 03:00:00,/Volumes/Argus/unk/snap/c1/1630206000.c1.snap.jpg,1.0129964
2021-08-29 03:30:00,/Volumes/Argus/unk/snap/c1/1630207800.c1.snap.jpg,0.8155999
2021-08-29 04:00:00,/Volumes/Argus/unk/snap/c1/1630209600.c1.snap.jpg,0.88575405
2021-08-29 04:30:00,/Volumes/Argus/unk/snap/c1/1630211400.c1.snap.jpg,0.897326
2021-08-29 15:00:00,/Volumes/Argus/unk/snap/c1/1630249200.c1.snap.jpg,0.91124094
2021-08-29 15:30:00,/Volumes/Argus/unk/snap/c1/1630251000.c1.snap.jpg,0.82258725
2021-08-29 16:00:00,/Volumes/Argus/unk/snap/c1/1630252800.c1.snap.jpg,0.9169899
2021-08-29 16:30:00,/Volumes/Argus/unk/snap/c1/1630254600.c1.snap.jpg,0.8115569
2021-08-29 17:00:00,/Volumes/Argus/unk/snap/c1/1630256400.c1.snap.jpg,0.8220291
2021-08-29 17:30:00,/Volumes/Argus/unk/snap/c1/1630258200.c1.snap.jpg,0.7468605
2021-08-29 18:00:00,/Volumes/Argus/unk/snap/c1/1630260000.c1.snap.jpg,0.79836863
2021-08-29 18:30:00,/Volumes/Argus/unk/snap/c1/1630261800.c1.snap.jpg,0.9967846
2021-08-29 19:00:00,/Volumes/Argus/unk/snap/c1/1630263600.c1.snap.jpg,0.976373
2021-08-29 19:30:00,/Volumes/Argus/unk/snap/c1/1630265400.c1.snap.jpg,0.68469584
2021-08-29 20:30:00,/Volumes/Argus/unk/snap/c1/1630269000.c1.snap.jpg,0.6997274
2021-08-29 21:00:00,/Volumes/Argus/unk/snap/c1/1630270800.c1.snap.jpg,0.8927988
2021-08-29 22:00:00,/Volumes/Argus/unk/snap/c1/1630274400.c1.snap.jpg,0.6655497
2021-08-29 22:30:00,/Volumes/Argus/unk/snap/c1/1630276200.c1.snap.jpg,0.84004873
2021-08-29 23:00:00,/Volumes/Argus/unk/snap/c1/1630278000.c1.snap.jpg,0.64271796
2021-08-30 00:00:00,/Volumes/Argus/unk/snap/c1/1630281600.c1.snap.jpg,0.6690351
2021-08-30 00:30:00,/Volumes/Argus/unk/snap/c1/1630283400.c1.snap.jpg,0.735166
2021-08-30 01:00:00,/Volumes/Argus/unk/snap/c1/1630285200.c1.snap.jpg,0.79365647
2021-08-30 01:30:00,/Volumes/Argus/unk/snap/c1/1630287000.c1.snap.jpg,0.6889355
2021-08-30 02:00:00,/Volumes/Argus/unk/snap/c1/1630288800.c1.snap.jpg,0.7326811
2021-08-30 02:30:00,/Volumes/Argus/unk/snap/c1/1630290600.c1.snap.jpg,0.58163583
2021-08-30 03:00:00,/Volumes/Argus/unk/snap/c1/1630292400.c1.snap.jpg,0.8328086
2021-08-30 04:00:00,/Volumes/Argus/unk/snap/c1/1630296000.c1.snap.jpg,0.80616915
2021-08-30 15:30:00,/Volumes/Argus/unk/snap/c1/1630337400.c1.snap.jpg,0.83152086
2021-08-30 16:30:00,/Volumes/Argus/unk/snap/c1/1630341000.c1.snap.jpg,0.7361638
2021-08-30 17:00:00,/Volumes/Argus/unk/snap/c1/1630342800.c1.snap.jpg,0.66397774
2021-08-30 17:30:00,/Volumes/Argus/unk/snap/c1/1630344600.c1.snap.jpg,0.7251328
2021-08-30 18:00:00,/Volumes/Argus/unk/snap/c1/1630346400.c1.snap.jpg,0.62395746
2021-08-30 19:00:00,/Volumes/Argus/unk/snap/c1/1630350000.c1.snap.jpg,0.6993269
2021-08-30 19:30:00,/Volumes/Argus/unk/snap/c1/1630351800.c1.snap.jpg,0.62793165
2021-08-30 20:00:00,/Volumes/Argus/unk/snap/c1/1630353600.c1.snap.jpg,0.7273986
2021-08-30 21:00:00,/Volumes/Argus/unk/snap/c1/1630357200.c1.snap.jpg,0.7991759
2021-08-30 22:00:00,/Volumes/Argus/unk/snap/c1/1630360800.c1.snap.jpg,0.6494196
2021-08-30 22:30:00,/Volumes/Argus/unk/snap/c1/1630362600.c1.snap.jpg,0.7026711
2021-08-30 23:00:00,/Volumes/Argus/unk/snap/c1/1630364400.c1.snap.jpg,0.65827465
2021-08-30 23:30:00,/Volumes/Argus/unk/snap/c1/1630366200.c1.snap.jpg,0.70954347
2021-08-31 00:00:00,/Volumes/Argus/unk/snap/c1/1630368000.c1.snap.jpg,0.47678486
2021-08-31 00:30:00,/Volumes/Argus/unk/snap/c1/1630369800.c1.snap.jpg,0.60050714
2021-08-31 01:00:00,/Volumes/Argus/unk/snap/c1/1630371600.c1.snap.jpg,0.7395845
2021-08-31 01:30:00,/Volumes/Argus/unk/snap/c1/1630373400.c1.snap.jpg,0.57041365
2021-08-31 02:00:00,/Volumes/Argus/unk/snap/c1/1630375200.c1.snap.jpg,0.42052528
2021-08-31 03:00:00,/Volumes/Argus/unk/snap/c1/1630378800.c1.snap.jpg,0.6414134
2021-08-31 03:30:00,/Volumes/Argus/unk/snap/c1/1630380600.c1.snap.jpg,0.44552058
2021-08-31 04:00:00,/Volumes/Argus/unk/snap/c1/1630382400.c1.snap.jpg,0.26753157
2021-08-31 04:30:00,/Volumes/Argus/unk/snap/c1/1630384200.c1.snap.jpg,0.3777594
2021-08-31 23:00:00,/Volumes/Argus/unk/snap/c1/1630450800.c1.snap.jpg,0.34291995
2021-08-31 23:30:00,/Volumes/Argus/unk/snap/c1/1630452600.c1.snap.jpg,0.35260117
2021-09-01 00:00:00,/Volumes/Argus/unk/snap/c1/1630454400.c1.snap.jpg,0.46790957
2021-09-01 01:00:00,/Volumes/Argus/unk/snap/c1/1630458000.c1.snap.jpg,0.44355294
2021-09-01 01:30:00,/Volumes/Argus/unk/snap/c1/1630459800.c1.snap.jpg,0.30930465
2021-09-01 02:00:00,/Volumes/Argus/unk/snap/c1/1630461600.c1.snap.jpg,0.60860336
2021-09-01 02:30:00,/Volumes/Argus/unk/snap/c1/1630463400.c1.snap.jpg,0.7537044
2021-09-01 03:00:00,/Volumes/Argus/unk/snap/c1/1630465200.c1.snap.jpg,0.46840155
2021-09-01 03:30:00,/Volumes/Argus/unk/snap/c1/1630467000.c1.snap.jpg,0.30514592
2021-09-01 04:00:00,/Volumes/Argus/unk/snap/c1/1630468800.c1.snap.jpg,0.30643484
2021-09-01 04:30:00,/Volumes/Argus/unk/snap/c1/1630470600.c1.snap.jpg,0.2773732
2021-09-01 15:00:00,/Volumes/Argus/unk/snap/c1/1630508400.c1.snap.jpg,0.24364588
2021-09-01 15:30:00,/Volumes/Argus/unk/snap/c1/1630510200.c1.snap.jpg,0.27240765
2021-09-01 16:00:00,/Volumes/Argus/unk/snap/c1/1630512000.c1.snap.jpg,0.30516902
2021-09-01 17:00:00,/Volumes/Argus/unk/snap/c1/1630515600.c1.snap.jpg,0.23869482
2021-09-01 17:30:00,/Volumes/Argus/unk/snap/c1/1630517400.c1.snap.jpg,0.30313054
2021-09-01 18:00:00,/Volumes/Argus/unk/snap/c1/1630519200.c1.snap.jpg,0.2855871
2021-09-01 18:30:00,/Volumes/Argus/unk/snap/c1/1630521000.c1.snap.jpg,0.24179673
2021-09-01 19:00:00,/Volumes/Argus/unk/snap/c1/1630522800.c1.snap.jpg,0.23931387
2021-09-01 19:30:00,/Volumes/Argus/unk/snap/c1/1630524600.c1.snap.jpg,0.27991873
2021-09-01 20:00:00,/Volumes/Argus/unk/snap/c1/1630526400.c1.snap.jpg,0.25858137
2021-09-01 20:30:00,/Volumes/Argus/unk/snap/c1/1630528200.c1.snap.jpg,0.35976672
2021-09-01 21:00:00,/Volumes/Argus/unk/snap/c1/1630530000.c1.snap.jpg,0.3447789
2021-09-01 21:30:00,/Volumes/Argus/unk/snap/c1/1630531800.c1.snap.jpg,0.46865752
2021-09-01 22:00:00,/Volumes/Argus/unk/snap/c1/1630533600.c1.snap.jpg,0.36975914
2021-09-01 22:30:00,/Volumes/Argus/unk/snap/c1/1630535400.c1.snap.jpg,0.36999553
2021-09-01 23:00:00,/Volumes/Argus/unk/snap/c1/1630537200.c1.snap.jpg,0.45174056
2021-09-01 23:30:00,/Volumes/Argus/unk/snap/c1/1630539000.c1.snap.jpg,0.5837517
2021-09-02 00:00:00,/Volumes/Argus/unk/snap/c1/1630540800.c1.snap.jpg,0.41168827
2021-09-02 00:30:00,/Volumes/Argus/unk/snap/c1/1630542600.c1.snap.jpg,0.613853
2021-09-02 01:00:00,/Volumes/Argus/unk/snap/c1/1630544400.c1.snap.jpg,0.5460084
2021-09-02 01:30:00,/Volumes/Argus/unk/snap/c1/1630546200.c1.snap.jpg,0.4059756
2021-09-02 02:00:00,/Volumes/Argus/unk/snap/c1/1630548000.c1.snap.jpg,0.6311884
2021-09-02 02:30:00,/Volumes/Argus/unk/snap/c1/1630549800.c1.snap.jpg,0.5635986
2021-09-02 03:00:00,/Volumes/Argus/unk/snap/c1/1630551600.c1.snap.jpg,0.425676
2021-09-02 03:30:00,/Volumes/Argus/unk/snap/c1/1630553400.c1.snap.jpg,0.35108697
2021-09-02 04:00:00,/Volumes/Argus/unk/snap/c1/1630555200.c1.snap.jpg,0.469135
2021-09-02 04:30:00,/Volumes/Argus/unk/snap/c1/1630557000.c1.snap.jpg,0.528494
2021-09-02 22:30:00,/Volumes/Argus/unk/snap/c1/1630621800.c1.snap.jpg,0.19178808
2021-09-02 23:00:00,/Volumes/Argus/unk/snap/c1/1630623600.c1.snap.jpg,0.4039916
2021-09-02 23:30:00,/Volumes/Argus/unk/snap/c1/1630625400.c1.snap.jpg,0.36337972
2021-09-03 00:00:00,/Volumes/Argus/unk/snap/c1/1630627200.c1.snap.jpg,0.34474882
2021-09-03 01:00:00,/Volumes/Argus/unk/snap/c1/1630630800.c1.snap.jpg,0.24556419
2021-09-03 01:30:00,/Volumes/Argus/unk/snap/c1/1630632600.c1.snap.jpg,0.3063671
2021-09-03 02:00:00,/Volumes/Argus/unk/snap/c1/1630634400.c1.snap.jpg,0.38396043
2021-09-03 02:30:00,/Volumes/Argus/unk/snap/c1/1630636200.c1.snap.jpg,0.3131169
2021-09-03 03:00:00,/Volumes/Argus/unk/snap/c1/1630638000.c1.snap.jpg,0.28946057
2021-09-03 03:30:00,/Volumes/Argus/unk/snap/c1/1630639800.c1.snap.jpg,0.25283983
2021-09-03 04:00:00,/Volumes/Argus/unk/snap/c1/1630641600.c1.snap.jpg,0.38828495
2021-09-03 04:30:00,/Volumes/Argus/unk/snap/c1/1630643400.c1.snap.jpg,0.33006334
2021-09-03 15:00:00,/Volumes/Argus/unk/snap/c1/1630681200.c1.snap.jpg,0.20330475
2021-09-03 15:30:00,/Volumes/Argus/unk/snap/c1/1630683000.c1.snap.jpg,0.3098416
2021-09-03 20:00:00,/Volumes/Argus/unk/snap/c1/1630699200.c1.snap.jpg,0.24382377
2021-09-03 20:30:00,/Volumes/Argus/unk/snap/c1/1630701000.c1.snap.jpg,0.39203066
2021-09-03 21:30:00,/Volumes/Argus/unk/snap/c1/1630704600.c1.snap.jpg,0.39504358
2021-09-03 22:00:00,/Volumes/Argus/unk/snap/c1/1630706400.c1.snap.jpg,0.45595074
2021-09-03 22:30:00,/Volumes/Argus/unk/snap/c1/1630708200.c1.snap.jpg,0.36886242
2021-09-04 01:00:00,/Volumes/Argus/unk/snap/c1/1630717200.c1.snap.jpg,0.32198495
2021-09-04 01:30:00,/Volumes/Argus/unk/snap/c1/1630719000.c1.snap.jpg,0.4282358
2021-09-04 02:00:00,/Volumes/Argus/unk/snap/c1/1630720800.c1.snap.jpg,0.5745163
2021-09-04 02:24:00,/Volumes/Argus/unk/snap/c1/1630722240.c1.snap.jpg,0.26370454
2021-09-04 02:30:00,/Volumes/Argus/unk/snap/c1/1630722600.c1.snap.jpg,0.29407144
2021-09-04 03:00:00,/Volumes/Argus/unk/snap/c1/1630724400.c1.snap.jpg,0.40579563
2021-09-04 03:30:00,/Volumes/Argus/unk/snap/c1/1630726200.c1.snap.jpg,0.5982652
2021-09-04 04:00:00,/Volumes/Argus/unk/snap/c1/1630728000.c1.snap.jpg,0.35303152
2021-09-04 04:30:00,/Volumes/Argus/unk/snap/c1/1630729800.c1.snap.jpg,0.67228824
2021-09-04 05:00:00,/Volumes/Argus/unk/snap/c1/1630731600.c1.snap.jpg,0.57676244
2021-09-04 05:30:00,/Volumes/Argus/unk/snap/c1/1630733400.c1.snap.jpg,0.32987761
2021-09-04 06:00:00,/Volumes/Argus/unk/snap/c1/1630735200.c1.snap.jpg,0.34799653
2021-09-04 06:30:00,/Volumes/Argus/unk/snap/c1/1630737000.c1.snap.jpg,0.5328727
2021-09-04 07:00:00,/Volumes/Argus/unk/snap/c1/1630738800.c1.snap.jpg,1.765301
2021-09-04 07:30:00,/Volumes/Argus/unk/snap/c1/1630740600.c1.snap.jpg,1.80202
2021-09-04 15:30:00,/Volumes/Argus/unk/snap/c1/1630769400.c1.snap.jpg,0.45203888
2021-09-04 16:00:00,/Volumes/Argus/unk/snap/c1/1630771200.c1.snap.jpg,0.51650244
2021-09-04 17:00:00,/Volumes/Argus/unk/snap/c1/1630774800.c1.snap.jpg,0.5396931
2021-09-04 17:30:00,/Volumes/Argus/unk/snap/c1/1630776600.c1.snap.jpg,0.7986918
2021-09-04 18:00:00,/Volumes/Argus/unk/snap/c1/1630778400.c1.snap.jpg,0.7667691
2021-09-04 18:30:00,/Volumes/Argus/unk/snap/c1/1630780200.c1.snap.jpg,0.80229783
2021-09-04 19:00:00,/Volumes/Argus/unk/snap/c1/1630782000.c1.snap.jpg,0.74174416
2021-09-04 19:30:00,/Volumes/Argus/unk/snap/c1/1630783800.c1.snap.jpg,0.8330853
2021-09-04 20:00:00,/Volumes/Argus/unk/snap/c1/1630785600.c1.snap.jpg,0.87635696
2021-09-04 20:30:00,/Volumes/Argus/unk/snap/c1/1630787400.c1.snap.jpg,0.70879954
2021-09-04 21:00:00,/Volumes/Argus/unk/snap/c1/1630789200.c1.snap.jpg,0.7321193
2021-09-04 21:30:00,/Volumes/Argus/unk/snap/c1/1630791000.c1.snap.jpg,0.76047486
2021-09-04 22:00:00,/Volumes/Argus/unk/snap/c1/1630792800.c1.snap.jpg,0.63336015
2021-09-04 22:30:00,/Volumes/Argus/unk/snap/c1/1630794600.c1.snap.jpg,0.6109658
2021-09-04 23:00:00,/Volumes/Argus/unk/snap/c1/1630796400.c1.snap.jpg,0.81253636
2021-09-04 23:30:00,/Volumes/Argus/unk/snap/c1/1630798200.c1.snap.jpg,0.6691417
2021-09-05 00:00:00,/Volumes/Argus/unk/snap/c1/1630800000.c1.snap.jpg,0.79095435
2021-09-05 00:30:00,/Volumes/Argus/unk/snap/c1/1630801800.c1.snap.jpg,0.77753663
2021-09-05 01:00:00,/Volumes/Argus/unk/snap/c1/1630803600.c1.snap.jpg,0.56803787
2021-09-05 01:30:00,/Volumes/Argus/unk/snap/c1/1630805400.c1.snap.jpg,0.57917243
2021-09-05 02:00:00,/Volumes/Argus/unk/snap/c1/1630807200.c1.snap.jpg,0.44572508
2021-09-05 02:30:00,/Volumes/Argus/unk/snap/c1/1630809000.c1.snap.jpg,0.3623581
2021-09-05 03:00:00,/Volumes/Argus/unk/snap/c1/1630810800.c1.snap.jpg,0.72717625
2021-09-05 04:00:00,/Volumes/Argus/unk/snap/c1/1630814400.c1.snap.jpg,0.7221396
2021-09-05 04:30:00,/Volumes/Argus/unk/snap/c1/1630816200.c1.snap.jpg,0.6870886
2021-09-05 05:00:00,/Volumes/Argus/unk/snap/c1/1630818000.c1.snap.jpg,0.68654674
2021-09-05 05:30:00,/Volumes/Argus/unk/snap/c1/1630819800.c1.snap.jpg,0.40768164
2021-09-05 06:00:00,/Volumes/Argus/unk/snap/c1/1630821600.c1.snap.jpg,0.8579478
2021-09-05 06:30:00,/Volumes/Argus/unk/snap/c1/1630823400.c1.snap.jpg,0.5807212
2021-09-05 07:00:00,/Volumes/Argus/unk/snap/c1/1630825200.c1.snap.jpg,0.8880697
2021-09-05 07:30:00,/Volumes/Argus/unk/snap/c1/1630827000.c1.snap.jpg,1.7703477
2021-09-05 15:30:00,/Volumes/Argus/unk/snap/c1/1630855800.c1.snap.jpg,0.28541556
2021-09-05 16:00:00,/Volumes/Argus/unk/snap/c1/1630857600.c1.snap.jpg,0.3573931
2021-09-05 16:30:00,/Volumes/Argus/unk/snap/c1/1630859400.c1.snap.jpg,0.6936655
2021-09-05 17:00:00,/Volumes/Argus/unk/snap/c1/1630861200.c1.snap.jpg,0.54498297
2021-09-05 18:00:00,/Volumes/Argus/unk/snap/c1/1630864800.c1.snap.jpg,0.4301383
2021-09-05 18:30:00,/Volumes/Argus/unk/snap/c1/1630866600.c1.snap.jpg,0.56230915
2021-09-05 19:00:00,/Volumes/Argus/unk/snap/c1/1630868400.c1.snap.jpg,0.5674618
2021-09-05 19:30:00,/Volumes/Argus/unk/snap/c1/1630870200.c1.snap.jpg,0.38626498
2021-09-05 20:00:00,/Volumes/Argus/unk/snap/c1/1630872000.c1.snap.jpg,0.5407668
2021-09-05 20:30:00,/Volumes/Argus/unk/snap/c1/1630873800.c1.snap.jpg,0.65904146
2021-09-05 21:00:00,/Volumes/Argus/unk/snap/c1/1630875600.c1.snap.jpg,0.7423254
2021-09-05 21:30:00,/Volumes/Argus/unk/snap/c1/1630877400.c1.snap.jpg,0.6192632
2021-09-05 22:00:00,/Volumes/Argus/unk/snap/c1/1630879200.c1.snap.jpg,0.5880594
2021-09-05 22:30:00,/Volumes/Argus/unk/snap/c1/1630881000.c1.snap.jpg,0.6077772
2021-09-05 23:00:00,/Volumes/Argus/unk/snap/c1/1630882800.c1.snap.jpg,0.79979986
2021-09-05 23:30:00,/Volumes/Argus/unk/snap/c1/1630884600.c1.snap.jpg,0.67116773
2021-09-06 00:00:00,/Volumes/Argus/unk/snap/c1/1630886400.c1.snap.jpg,0.88833135
2021-09-06 00:30:00,/Volumes/Argus/unk/snap/c1/1630888200.c1.snap.jpg,0.76283544
2021-09-06 01:00:00,/Volumes/Argus/unk/snap/c1/1630890000.c1.snap.jpg,0.67852944
2021-09-06 01:30:00,/Volumes/Argus/unk/snap/c1/1630891800.c1.snap.jpg,0.70730126
2021-09-06 02:00:00,/Volumes/Argus/unk/snap/c1/1630893600.c1.snap.jpg,0.48930162
2021-09-06 02:30:00,/Volumes/Argus/unk/snap/c1/1630895400.c1.snap.jpg,0.46988428
2021-09-06 03:00:00,/Volumes/Argus/unk/snap/c1/1630897200.c1.snap.jpg,0.48948056
2021-09-06 03:30:00,/Volumes/Argus/unk/snap/c1/1630899000.c1.snap.jpg,0.33105585
2021-09-06 04:00:00,/Volumes/Argus/unk/snap/c1/1630900800.c1.snap.jpg,0.26296067
2021-09-06 04:30:00,/Volumes/Argus/unk/snap/c1/1630902600.c1.snap.jpg,0.26742187
2021-09-06 05:00:00,/Volumes/Argus/unk/snap/c1/1630904400.c1.snap.jpg,0.30978206
2021-09-06 05:30:00,/Volumes/Argus/unk/snap/c1/1630906200.c1.snap.jpg,0.25304657
2021-09-06 06:00:00,/Volumes/Argus/unk/snap/c1/1630908000.c1.snap.jpg,0.33860886
2021-09-06 06:30:00,/Volumes/Argus/unk/snap/c1/1630909800.c1.snap.jpg,0.4581483
2021-09-06 07:30:00,/Volumes/Argus/unk/snap/c1/1630913400.c1.snap.jpg,1.3346008
2021-09-06 15:30:00,/Volumes/Argus/unk/snap/c1/1630942200.c1.snap.jpg,0.9829992
2021-09-06 16:00:00,/Volumes/Argus/unk/snap/c1/1630944000.c1.snap.jpg,0.8726667
2021-09-06 16:30:00,/Volumes/Argus/unk/snap/c1/1630945800.c1.snap.jpg,1.1835812
2021-09-06 17:00:00,/Volumes/Argus/unk/snap/c1/1630947600.c1.snap.jpg,0.8540961
2021-09-06 17:30:00,/Volumes/Argus/unk/snap/c1/1630949400.c1.snap.jpg,0.78124666
2021-09-06 18:00:00,/Volumes/Argus/unk/snap/c1/1630951200.c1.snap.jpg,0.971498
2021-09-06 18:30:00,/Volumes/Argus/unk/snap/c1/1630953000.c1.snap.jpg,0.7725073
2021-09-06 19:00:00,/Volumes/Argus/unk/snap/c1/1630954800.c1.snap.jpg,0.57487637
2021-09-06 19:30:00,/Volumes/Argus/unk/snap/c1/1630956600.c1.snap.jpg,0.6597872
2021-09-06 20:00:00,/Volumes/Argus/unk/snap/c1/1630958400.c1.snap.jpg,0.6779087
2021-09-06 20:30:00,/Volumes/Argus/unk/snap/c1/1630960200.c1.snap.jpg,0.5342908
2021-09-06 21:00:00,/Volumes/Argus/unk/snap/c1/1630962000.c1.snap.jpg,0.5175073
2021-09-06 21:30:00,/Volumes/Argus/unk/snap/c1/1630963800.c1.snap.jpg,0.55604774
2021-09-06 22:00:00,/Volumes/Argus/unk/snap/c1/1630965600.c1.snap.jpg,0.56802344
2021-09-06 22:30:00,/Volumes/Argus/unk/snap/c1/1630967400.c1.snap.jpg,0.62373316
2021-09-06 23:00:00,/Volumes/Argus/unk/snap/c1/1630969200.c1.snap.jpg,0.5739808
2021-09-06 23:30:00,/Volumes/Argus/unk/snap/c1/1630971000.c1.snap.jpg,0.59168386
2021-09-07 00:00:00,/Volumes/Argus/unk/snap/c1/1630972800.c1.snap.jpg,0.56015503
2021-09-07 01:30:00,/Volumes/Argus/unk/snap/c1/1630978200.c1.snap.jpg,0.5681324
2021-09-07 02:00:00,/Volumes/Argus/unk/snap/c1/1630980000.c1.snap.jpg,0.7717916
2021-09-07 02:30:00,/Volumes/Argus/unk/snap/c1/1630981800.c1.snap.jpg,0.6316854
2021-09-07 03:00:00,/Volumes/Argus/unk/snap/c1/1630983600.c1.snap.jpg,0.58045584
2021-09-07 03:30:00,/Volumes/Argus/unk/snap/c1/1630985400.c1.snap.jpg,0.86786646
2021-09-07 04:00:00,/Volumes/Argus/unk/snap/c1/1630987200.c1.snap.jpg,0.8206103
2021-09-07 04:30:00,/Volumes/Argus/unk/snap/c1/1630989000.c1.snap.jpg,0.8623516
2021-09-07 05:00:00,/Volumes/Argus/unk/snap/c1/1630990800.c1.snap.jpg,0.91772646
2021-09-07 05:30:00,/Volumes/Argus/unk/snap/c1/1630992600.c1.snap.jpg,0.9107039
2021-09-07 06:00:00,/Volumes/Argus/unk/snap/c1/1630994400.c1.snap.jpg,0.90621114
2021-09-07 07:00:00,/Volumes/Argus/unk/snap/c1/1630998000.c1.snap.jpg,1.8132205
2021-09-07 07:30:00,/Volumes/Argus/unk/snap/c1/1630999800.c1.snap.jpg,1.7969514
2021-09-07 15:30:00,/Volumes/Argus/unk/snap/c1/1631028600.c1.snap.jpg,0.866987
2021-09-07 16:00:00,/Volumes/Argus/unk/snap/c1/1631030400.c1.snap.jpg,0.8010722
2021-09-07 16:30:00,/Volumes/Argus/unk/snap/c1/1631032200.c1.snap.jpg,0.83232224
2021-09-07 17:00:00,/Volumes/Argus/unk/snap/c1/1631034000.c1.snap.jpg,0.7231031
2021-09-07 17:30:00,/Volumes/Argus/unk/snap/c1/1631035800.c1.snap.jpg,0.70598924
2021-09-07 18:00:00,/Volumes/Argus/unk/snap/c1/1631037600.c1.snap.jpg,0.65081334
2021-09-07 18:30:00,/Volumes/Argus/unk/snap/c1/1631039400.c1.snap.jpg,0.59280014
2021-09-07 19:00:00,/Volumes/Argus/unk/snap/c1/1631041200.c1.snap.jpg,0.57638717
2021-09-07 19:30:00,/Volumes/Argus/unk/snap/c1/1631043000.c1.snap.jpg,0.5897978
2021-09-07 20:00:00,/Volumes/Argus/unk/snap/c1/1631044800.c1.snap.jpg,0.56012034
2021-09-07 20:30:00,/Volumes/Argus/unk/snap/c1/1631046600.c1.snap.jpg,0.563576
2021-09-07 21:00:00,/Volumes/Argus/unk/snap/c1/1631048400.c1.snap.jpg,0.51535463
2021-09-07 21:30:00,/Volumes/Argus/unk/snap/c1/1631050200.c1.snap.jpg,0.4663381
2021-09-07 22:00:00,/Volumes/Argus/unk/snap/c1/1631052000.c1.snap.jpg,0.5224109
2021-09-07 22:30:00,/Volumes/Argus/unk/snap/c1/1631053800.c1.snap.jpg,0.43589166
2021-09-07 23:00:00,/Volumes/Argus/unk/snap/c1/1631055600.c1.snap.jpg,0.38574937
2021-09-07 23:30:00,/Volumes/Argus/unk/snap/c1/1631057400.c1.snap.jpg,0.56436557
2021-09-08 00:00:00,/Volumes/Argus/unk/snap/c1/1631059200.c1.snap.jpg,0.36048135
2021-09-08 00:30:00,/Volumes/Argus/unk/snap/c1/1631061000.c1.snap.jpg,0.33199775
2021-09-08 01:00:00,/Volumes/Argus/unk/snap/c1/1631062800.c1.snap.jpg,0.36485046
2021-09-08 01:30:00,/Volumes/Argus/unk/snap/c1/1631064600.c1.snap.jpg,0.49101898
2021-09-08 02:00:00,/Volumes/Argus/unk/snap/c1/1631066400.c1.snap.jpg,0.34055573
2021-09-08 02:30:00,/Volumes/Argus/unk/snap/c1/1631068200.c1.snap.jpg,0.5038979
2021-09-08 03:00:00,/Volumes/Argus/unk/snap/c1/1631070000.c1.snap.jpg,0.34902275
2021-09-08 03:30:00,/Volumes/Argus/unk/snap/c1/1631071800.c1.snap.jpg,0.355395
2021-09-08 04:00:00,/Volumes/Argus/unk/snap/c1/1631073600.c1.snap.jpg,0.54080606
2021-09-08 04:30:00,/Volumes/Argus/unk/snap/c1/1631075400.c1.snap.jpg,0.3692782
2021-09-08 05:00:00,/Volumes/Argus/unk/snap/c1/1631077200.c1.snap.jpg,0.45181036
2021-09-08 05:30:00,/Volumes/Argus/unk/snap/c1/1631079000.c1.snap.jpg,0.41077033
2021-09-08 06:00:00,/Volumes/Argus/unk/snap/c1/1631080800.c1.snap.jpg,0.45782065
2021-09-08 06:30:00,/Volumes/Argus/unk/snap/c1/1631082600.c1.snap.jpg,0.78109765
2021-09-08 07:00:00,/Volumes/Argus/unk/snap/c1/1631084400.c1.snap.jpg,0.912751
2021-09-08 07:30:00,/Volumes/Argus/unk/snap/c1/1631086200.c1.snap.jpg,1.8451267
2021-09-08 15:30:00,/Volumes/Argus/unk/snap/c1/1631115000.c1.snap.jpg,0.44668305
2021-09-08 16:00:00,/Volumes/Argus/unk/snap/c1/1631116800.c1.snap.jpg,0.28766438
2021-09-08 16:30:00,/Volumes/Argus/unk/snap/c1/1631118600.c1.snap.jpg,0.4105153
2021-09-08 17:00:00,/Volumes/Argus/unk/snap/c1/1631120400.c1.snap.jpg,0.40439448
2021-09-08 17:30:00,/Volumes/Argus/unk/snap/c1/1631122200.c1.snap.jpg,0.2967333
2021-09-08 18:00:00,/Volumes/Argus/unk/snap/c1/1631124000.c1.snap.jpg,0.39506608
2021-09-08 18:30:00,/Volumes/Argus/unk/snap/c1/1631125800.c1.snap.jpg,0.45705456
2021-09-08 19:00:00,/Volumes/Argus/unk/snap/c1/1631127600.c1.snap.jpg,0.4325652
2021-09-08 19:30:00,/Volumes/Argus/unk/snap/c1/1631129400.c1.snap.jpg,0.48333436
2021-09-08 20:00:00,/Volumes/Argus/unk/snap/c1/1631131200.c1.snap.jpg,0.35705376
2021-09-08 20:30:00,/Volumes/Argus/unk/snap/c1/1631133000.c1.snap.jpg,0.30145907
2021-09-08 21:00:00,/Volumes/Argus/unk/snap/c1/1631134800.c1.snap.jpg,0.2808287
2021-09-08 21:30:00,/Volumes/Argus/unk/snap/c1/1631136600.c1.snap.jpg,0.29297602
2021-09-08 22:00:00,/Volumes/Argus/unk/snap/c1/1631138400.c1.snap.jpg,0.24360421
2021-09-08 22:30:00,/Volumes/Argus/unk/snap/c1/1631140200.c1.snap.jpg,0.29331112
2021-09-08 23:00:00,/Volumes/Argus/unk/snap/c1/1631142000.c1.snap.jpg,0.32449645
2021-09-08 23:30:00,/Volumes/Argus/unk/snap/c1/1631143800.c1.snap.jpg,0.32165265
2021-09-09 00:00:00,/Volumes/Argus/unk/snap/c1/1631145600.c1.snap.jpg,0.31165832
2021-09-09 00:30:00,/Volumes/Argus/unk/snap/c1/1631147400.c1.snap.jpg,0.26197386
2021-09-09 01:00:00,/Volumes/Argus/unk/snap/c1/1631149200.c1.snap.jpg,0.26469448
2021-09-09 01:30:00,/Volumes/Argus/unk/snap/c1/1631151000.c1.snap.jpg,0.33820033
2021-09-09 02:00:00,/Volumes/Argus/unk/snap/c1/1631152800.c1.snap.jpg,0.26627803
2021-09-09 02:30:00,/Volumes/Argus/unk/snap/c1/1631154600.c1.snap.jpg,0.40151393
2021-09-09 03:00:00,/Volumes/Argus/unk/snap/c1/1631156400.c1.snap.jpg,0.2880851
2021-09-09 03:30:00,/Volumes/Argus/unk/snap/c1/1631158200.c1.snap.jpg,0.415347
2021-09-09 04:00:00,/Volumes/Argus/unk/snap/c1/1631160000.c1.snap.jpg,0.34624758
2021-09-09 04:30:00,/Volumes/Argus/unk/snap/c1/1631161800.c1.snap.jpg,0.29429525
2021-09-09 05:00:00,/Volumes/Argus/unk/snap/c1/1631163600.c1.snap.jpg,0.33674914
2021-09-09 05:30:00,/Volumes/Argus/unk/snap/c1/1631165400.c1.snap.jpg,0.3965084
2021-09-09 06:00:00,/Volumes/Argus/unk/snap/c1/1631167200.c1.snap.jpg,0.5364863
2021-09-09 06:30:00,/Volumes/Argus/unk/snap/c1/1631169000.c1.snap.jpg,0.36300778
2021-09-09 07:00:00,/Volumes/Argus/unk/snap/c1/1631170800.c1.snap.jpg,0.7173762
2021-09-09 07:30:00,/Volumes/Argus/unk/snap/c1/1631172600.c1.snap.jpg,1.6432322
2021-09-09 15:30:00,/Volumes/Argus/unk/snap/c1/1631201400.c1.snap.jpg,0.26770616
2021-09-09 16:00:00,/Volumes/Argus/unk/snap/c1/1631203200.c1.snap.jpg,0.2929961
2021-09-09 16:30:00,/Volumes/Argus/unk/snap/c1/1631205000.c1.snap.jpg,0.2324727
2021-09-09 17:00:00,/Volumes/Argus/unk/snap/c1/1631206800.c1.snap.jpg,0.26743615
2021-09-09 17:30:00,/Volumes/Argus/unk/snap/c1/1631208600.c1.snap.jpg,0.2926404
2021-09-09 18:00:00,/Volumes/Argus/unk/snap/c1/1631210400.c1.snap.jpg,0.27352595
2021-09-09 18:30:00,/Volumes/Argus/unk/snap/c1/1631212200.c1.snap.jpg,0.25000563
2021-09-09 19:00:00,/Volumes/Argus/unk/snap/c1/1631214000.c1.snap.jpg,0.25204766
2021-09-09 19:30:00,/Volumes/Argus/unk/snap/c1/1631215800.c1.snap.jpg,0.2335489
2021-09-09 20:00:00,/Volumes/Argus/unk/snap/c1/1631217600.c1.snap.jpg,0.19087902
2021-09-09 20:30:00,/Volumes/Argus/unk/snap/c1/1631219400.c1.snap.jpg,0.2475208
2021-09-09 21:00:00,/Volumes/Argus/unk/snap/c1/1631221200.c1.snap.jpg,0.2670421
2021-09-09 21:30:00,/Volumes/Argus/unk/snap/c1/1631223000.c1.snap.jpg,0.26430324
2021-09-09 22:00:00,/Volumes/Argus/unk/snap/c1/1631224800.c1.snap.jpg,0.24006742
2021-09-09 22:30:00,/Volumes/Argus/unk/snap/c1/1631226600.c1.snap.jpg,0.26787996
2021-09-09 23:00:00,/Volumes/Argus/unk/snap/c1/1631228400.c1.snap.jpg,0.21996556
2021-09-09 23:30:00,/Volumes/Argus/unk/snap/c1/1631230200.c1.snap.jpg,0.26061854
2021-09-10 00:00:00,/Volumes/Argus/unk/snap/c1/1631232000.c1.snap.jpg,0.25326678
2021-09-10 00:30:00,/Volumes/Argus/unk/snap/c1/1631233800.c1.snap.jpg,0.3202659
2021-09-10 01:00:00,/Volumes/Argus/unk/snap/c1/1631235600.c1.snap.jpg,0.22623819
2021-09-10 01:30:00,/Volumes/Argus/unk/snap/c1/1631237400.c1.snap.jpg,0.32336533
2021-09-10 02:00:00,/Volumes/Argus/unk/snap/c1/1631239200.c1.snap.jpg,0.3641473
2021-09-10 02:30:00,/Volumes/Argus/unk/snap/c1/1631241000.c1.snap.jpg,0.3014439
2021-09-10 03:00:00,/Volumes/Argus/unk/snap/c1/1631242800.c1.snap.jpg,0.39975435
2021-09-10 03:30:00,/Volumes/Argus/unk/snap/c1/1631244600.c1.snap.jpg,0.39869317
2021-09-10 04:00:00,/Volumes/Argus/unk/snap/c1/1631246400.c1.snap.jpg,0.35030162
2021-09-10 04:30:00,/Volumes/Argus/unk/snap/c1/1631248200.c1.snap.jpg,0.39184463
2021-09-10 05:00:00,/Volumes/Argus/unk/snap/c1/1631250000.c1.snap.jpg,0.31416047
2021-09-10 06:00:00,/Volumes/Argus/unk/snap/c1/1631253600.c1.snap.jpg,0.30556434
2021-09-10 07:00:00,/Volumes/Argus/unk/snap/c1/1631257200.c1.snap.jpg,1.3540608
2021-09-10 07:30:00,/Volumes/Argus/unk/snap/c1/1631259000.c1.snap.jpg,1.5263338
2021-09-10 15:30:00,/Volumes/Argus/unk/snap/c1/1631287800.c1.snap.jpg,0.27090746
2021-09-10 16:00:00,/Volumes/Argus/unk/snap/c1/1631289600.c1.snap.jpg,0.26246136
2021-09-10 16:30:00,/Volumes/Argus/unk/snap/c1/1631291400.c1.snap.jpg,0.23563817
2021-09-10 17:00:00,/Volumes/Argus/unk/snap/c1/1631293200.c1.snap.jpg,0.3020458
2021-09-10 17:30:00,/Volumes/Argus/unk/snap/c1/1631295000.c1.snap.jpg,0.28200263
2021-09-10 18:00:00,/Volumes/Argus/unk/snap/c1/1631296800.c1.snap.jpg,0.23579593
2021-09-10 18:30:00,/Volumes/Argus/unk/snap/c1/1631298600.c1.snap.jpg,0.2256636
2021-09-10 19:00:00,/Volumes/Argus/unk/snap/c1/1631300400.c1.snap.jpg,0.40086508
2021-09-10 19:30:00,/Volumes/Argus/unk/snap/c1/1631302200.c1.snap.jpg,0.30186436
2021-09-10 20:00:00,/Volumes/Argus/unk/snap/c1/1631304000.c1.snap.jpg,0.31381294
2021-09-10 20:30:00,/Volumes/Argus/unk/snap/c1/1631305800.c1.snap.jpg,0.5312285
2021-09-10 21:00:00,/Volumes/Argus/unk/snap/c1/1631307600.c1.snap.jpg,0.299011
2021-09-10 21:30:00,/Volumes/Argus/unk/snap/c1/1631309400.c1.snap.jpg,0.41283956
2021-09-10 22:00:00,/Volumes/Argus/unk/snap/c1/1631311200.c1.snap.jpg,0.4526563
2021-09-10 22:30:00,/Volumes/Argus/unk/snap/c1/1631313000.c1.snap.jpg,0.5043858
2021-09-10 23:00:00,/Volumes/Argus/unk/snap/c1/1631314800.c1.snap.jpg,0.8734257
2021-09-10 23:30:00,/Volumes/Argus/unk/snap/c1/1631316600.c1.snap.jpg,0.9246208
2021-09-11 00:00:00,/Volumes/Argus/unk/snap/c1/1631318400.c1.snap.jpg,0.9356249
2021-09-11 00:30:00,/Volumes/Argus/unk/snap/c1/1631320200.c1.snap.jpg,1.2293684
2021-09-11 01:00:00,/Volumes/Argus/unk/snap/c1/1631322000.c1.snap.jpg,1.2524494
2021-09-11 01:30:00,/Volumes/Argus/unk/snap/c1/1631323800.c1.snap.jpg,1.2666283
2021-09-11 02:00:00,/Volumes/Argus/unk/snap/c1/1631325600.c1.snap.jpg,1.2419099
2021-09-11 02:30:00,/Volumes/Argus/unk/snap/c1/1631327400.c1.snap.jpg,1.1646485
2021-09-11 03:00:00,/Volumes/Argus/unk/snap/c1/1631329200.c1.snap.jpg,0.7878598
2021-09-11 03:30:00,/Volumes/Argus/unk/snap/c1/1631331000.c1.snap.jpg,1.2570647
2021-09-11 04:00:00,/Volumes/Argus/unk/snap/c1/1631332800.c1.snap.jpg,1.2242337
2021-09-11 04:30:00,/Volumes/Argus/unk/snap/c1/1631334600.c1.snap.jpg,0.81731117
2021-09-11 05:00:00,/Volumes/Argus/unk/snap/c1/1631336400.c1.snap.jpg,0.72977656
2021-09-11 05:30:00,/Volumes/Argus/unk/snap/c1/1631338200.c1.snap.jpg,0.77502286
2021-09-11 06:00:00,/Volumes/Argus/unk/snap/c1/1631340000.c1.snap.jpg,0.78467226
2021-09-11 06:30:00,/Volumes/Argus/unk/snap/c1/1631341800.c1.snap.jpg,0.7239226
2021-09-11 07:00:00,/Volumes/Argus/unk/snap/c1/1631343600.c1.snap.jpg,1.3477815
2021-09-11 07:30:00,/Volumes/Argus/unk/snap/c1/1631345400.c1.snap.jpg,1.4985564
2021-09-11 15:30:00,/Volumes/Argus/unk/snap/c1/1631374200.c1.snap.jpg,0.43175453
2021-09-11 16:00:00,/Volumes/Argus/unk/snap/c1/1631376000.c1.snap.jpg,0.48677737
2021-09-11 17:00:00,/Volumes/Argus/unk/snap/c1/1631379600.c1.snap.jpg,0.39855677
2021-09-11 17:30:00,/Volumes/Argus/unk/snap/c1/1631381400.c1.snap.jpg,0.5198303
2021-09-11 18:00:00,/Volumes/Argus/unk/snap/c1/1631383200.c1.snap.jpg,0.53054523
2021-09-11 18:30:00,/Volumes/Argus/unk/snap/c1/1631385000.c1.snap.jpg,0.5109652
2021-09-11 19:00:00,/Volumes/Argus/unk/snap/c1/1631386800.c1.snap.jpg,0.53825927
2021-09-11 19:30:00,/Volumes/Argus/unk/snap/c1/1631388600.c1.snap.jpg,0.38528508
2021-09-11 20:00:00,/Volumes/Argus/unk/snap/c1/1631390400.c1.snap.jpg,0.327566
2021-09-11 20:30:00,/Volumes/Argus/unk/snap/c1/1631392200.c1.snap.jpg,0.35019594
2021-09-11 21:00:00,/Volumes/Argus/unk/snap/c1/1631394000.c1.snap.jpg,0.33739036
2021-09-11 21:30:00,/Volumes/Argus/unk/snap/c1/1631395800.c1.snap.jpg,0.3898318
2021-09-11 22:00:00,/Volumes/Argus/unk/snap/c1/1631397600.c1.snap.jpg,0.3239485
2021-09-11 22:30:00,/Volumes/Argus/unk/snap/c1/1631399400.c1.snap.jpg,0.31579727
2021-09-11 23:00:00,/Volumes/Argus/unk/snap/c1/1631401200.c1.snap.jpg,0.41601896
2021-09-11 23:30:00,/Volumes/Argus/unk/snap/c1/1631403000.c1.snap.jpg,0.52602017
2021-09-12 00:00:00,/Volumes/Argus/unk/snap/c1/1631404800.c1.snap.jpg,0.3944073
2021-09-12 00:30:00,/Volumes/Argus/unk/snap/c1/1631406600.c1.snap.jpg,0.36734176
2021-09-12 01:00:00,/Volumes/Argus/unk/snap/c1/1631408400.c1.snap.jpg,0.40244842
2021-09-12 01:30:00,/Volumes/Argus/unk/snap/c1/1631410200.c1.snap.jpg,0.5197637
2021-09-12 02:00:00,/Volumes/Argus/unk/snap/c1/1631412000.c1.snap.jpg,0.48022768
2021-09-12 02:30:00,/Volumes/Argus/unk/snap/c1/1631413800.c1.snap.jpg,0.50790334
2021-09-12 03:00:00,/Volumes/Argus/unk/snap/c1/1631415600.c1.snap.jpg,0.35382953
2021-09-12 03:30:00,/Volumes/Argus/unk/snap/c1/1631417400.c1.snap.jpg,0.3742321
2021-09-12 04:00:00,/Volumes/Argus/unk/snap/c1/1631419200.c1.snap.jpg,0.28237706
2021-09-12 04:30:00,/Volumes/Argus/unk/snap/c1/1631421000.c1.snap.jpg,0.53710353
2021-09-12 05:00:00,/Volumes/Argus/unk/snap/c1/1631422800.c1.snap.jpg,0.30028778
2021-09-12 05:30:00,/Volumes/Argus/unk/snap/c1/1631424600.c1.snap.jpg,0.2743464
2021-09-12 06:00:00,/Volumes/Argus/unk/snap/c1/1631426400.c1.snap.jpg,0.40203574
2021-09-12 06:30:00,/Volumes/Argus/unk/snap/c1/1631428200.c1.snap.jpg,1.0082412
2021-09-12 07:00:00,/Volumes/Argus/unk/snap/c1/1631430000.c1.snap.jpg,1.7728463
2021-09-12 07:30:00,/Volumes/Argus/unk/snap/c1/1631431800.c1.snap.jpg,1.8483698
2021-09-12 15:30:00,/Volumes/Argus/unk/snap/c1/1631460600.c1.snap.jpg,0.28836522
2021-09-12 16:00:00,/Volumes/Argus/unk/snap/c1/1631462400.c1.snap.jpg,0.3788365
2021-09-12 16:30:00,/Volumes/Argus/unk/snap/c1/1631464200.c1.snap.jpg,0.27465028
2021-09-12 17:00:00,/Volumes/Argus/unk/snap/c1/1631466000.c1.snap.jpg,0.27892032
2021-09-12 18:00:00,/Volumes/Argus/unk/snap/c1/1631469600.c1.snap.jpg,0.38173455
2021-09-12 18:30:00,/Volumes/Argus/unk/snap/c1/1631471400.c1.snap.jpg,0.3630225
2021-09-12 19:00:00,/Volumes/Argus/unk/snap/c1/1631473200.c1.snap.jpg,0.32091498
2021-09-12 19:30:00,/Volumes/Argus/unk/snap/c1/1631475000.c1.snap.jpg,0.2979902
2021-09-12 20:00:00,/Volumes/Argus/unk/snap/c1/1631476800.c1.snap.jpg,0.39312205
2021-09-12 21:00:00,/Volumes/Argus/unk/snap/c1/1631480400.c1.snap.jpg,0.24751385
2021-09-12 21:30:00,/Volumes/Argus/unk/snap/c1/1631482200.c1.snap.jpg,0.2905676
2021-09-12 22:00:00,/Volumes/Argus/unk/snap/c1/1631484000.c1.snap.jpg,0.2823846
2021-09-12 23:00:00,/Volumes/Argus/unk/snap/c1/1631487600.c1.snap.jpg,0.25315127
2021-09-12 23:30:00,/Volumes/Argus/unk/snap/c1/1631489400.c1.snap.jpg,0.24974109
2021-09-13 00:00:00,/Volumes/Argus/unk/snap/c1/1631491200.c1.snap.jpg,0.2363738
2021-09-13 00:30:00,/Volumes/Argus/unk/snap/c1/1631493000.c1.snap.jpg,0.30323526
2021-09-13 01:00:00,/Volumes/Argus/unk/snap/c1/1631494800.c1.snap.jpg,0.3269465
2021-09-13 01:30:00,/Volumes/Argus/unk/snap/c1/1631496600.c1.snap.jpg,0.33837703
2021-09-13 02:00:00,/Volumes/Argus/unk/snap/c1/1631498400.c1.snap.jpg,0.4276694
2021-09-13 02:30:00,/Volumes/Argus/unk/snap/c1/1631500200.c1.snap.jpg,0.41961795
2021-09-13 03:00:00,/Volumes/Argus/unk/snap/c1/1631502000.c1.snap.jpg,0.28625214
2021-09-13 03:30:00,/Volumes/Argus/unk/snap/c1/1631503800.c1.snap.jpg,0.39821172
2021-09-13 04:00:00,/Volumes/Argus/unk/snap/c1/1631505600.c1.snap.jpg,0.46511322
2021-09-13 04:30:00,/Volumes/Argus/unk/snap/c1/1631507400.c1.snap.jpg,0.45580256
2021-09-13 05:00:00,/Volumes/Argus/unk/snap/c1/1631509200.c1.snap.jpg,0.39964992
2021-09-13 05:30:00,/Volumes/Argus/unk/snap/c1/1631511000.c1.snap.jpg,0.36842176
2021-09-13 06:00:00,/Volumes/Argus/unk/snap/c1/1631512800.c1.snap.jpg,0.5007085
2021-09-13 06:30:00,/Volumes/Argus/unk/snap/c1/1631514600.c1.snap.jpg,1.903134
2021-09-13 07:00:00,/Volumes/Argus/unk/snap/c1/1631516400.c1.snap.jpg,1.8042182
2021-09-13 07:30:00,/Volumes/Argus/unk/snap/c1/1631518200.c1.snap.jpg,1.8479183
2021-09-13 15:30:00,/Volumes/Argus/unk/snap/c1/1631547000.c1.snap.jpg,0.63051224
2021-09-13 16:00:00,/Volumes/Argus/unk/snap/c1/1631548800.c1.snap.jpg,0.3436712
2021-09-13 16:30:00,/Volumes/Argus/unk/snap/c1/1631550600.c1.snap.jpg,0.24072786
2021-09-13 17:00:00,/Volumes/Argus/unk/snap/c1/1631552400.c1.snap.jpg,0.2943595
2021-09-13 17:30:00,/Volumes/Argus/unk/snap/c1/1631554200.c1.snap.jpg,0.30123702
2021-09-13 18:00:00,/Volumes/Argus/unk/snap/c1/1631556000.c1.snap.jpg,0.25813794
2021-09-13 18:30:00,/Volumes/Argus/unk/snap/c1/1631557800.c1.snap.jpg,0.36333102
2021-09-13 19:00:00,/Volumes/Argus/unk/snap/c1/1631559600.c1.snap.jpg,0.28601295
2021-09-13 19:30:00,/Volumes/Argus/unk/snap/c1/1631561400.c1.snap.jpg,0.37759987
2021-09-13 20:00:00,/Volumes/Argus/unk/snap/c1/1631563200.c1.snap.jpg,0.380149
2021-09-13 20:30:00,/Volumes/Argus/unk/snap/c1/1631565000.c1.snap.jpg,0.26428744
2021-09-13 21:00:00,/Volumes/Argus/unk/snap/c1/1631566800.c1.snap.jpg,0.25319746
2021-09-13 21:30:00,/Volumes/Argus/unk/snap/c1/1631568600.c1.snap.jpg,0.25709775
2021-09-13 22:00:00,/Volumes/Argus/unk/snap/c1/1631570400.c1.snap.jpg,0.26924488
2021-09-13 22:30:00,/Volumes/Argus/unk/snap/c1/1631572200.c1.snap.jpg,0.28319043
2021-09-13 23:00:00,/Volumes/Argus/unk/snap/c1/1631574000.c1.snap.jpg,0.3646278
2021-09-13 23:30:00,/Volumes/Argus/unk/snap/c1/1631575800.c1.snap.jpg,0.30184376
2021-09-14 00:00:00,/Volumes/Argus/unk/snap/c1/1631577600.c1.snap.jpg,0.39655197
2021-09-14 00:30:00,/Volumes/Argus/unk/snap/c1/1631579400.c1.snap.jpg,0.41830817
2021-09-14 01:00:00,/Volumes/Argus/unk/snap/c1/1631581200.c1.snap.jpg,0.7991148
2021-09-14 02:00:00,/Volumes/Argus/unk/snap/c1/1631584800.c1.snap.jpg,0.46846828
2021-09-14 02:30:00,/Volumes/Argus/unk/snap/c1/1631586600.c1.snap.jpg,0.25558558
2021-09-14 03:00:00,/Volumes/Argus/unk/snap/c1/1631588400.c1.snap.jpg,0.3690528
2021-09-14 03:30:00,/Volumes/Argus/unk/snap/c1/1631590200.c1.snap.jpg,0.29112434
2021-09-14 04:00:00,/Volumes/Argus/unk/snap/c1/1631592000.c1.snap.jpg,0.39855972
2021-09-14 04:30:00,/Volumes/Argus/unk/snap/c1/1631593800.c1.snap.jpg,0.33105302
2021-09-14 05:00:00,/Volumes/Argus/unk/snap/c1/1631595600.c1.snap.jpg,0.33046648
2021-09-14 05:30:00,/Volumes/Argus/unk/snap/c1/1631597400.c1.snap.jpg,0.40445808
2021-09-14 06:00:00,/Volumes/Argus/unk/snap/c1/1631599200.c1.snap.jpg,0.50077593
2021-09-14 06:30:00,/Volumes/Argus/unk/snap/c1/1631601000.c1.snap.jpg,0.7155027
2021-09-14 07:00:00,/Volumes/Argus/unk/snap/c1/1631602800.c1.snap.jpg,1.3883616
2021-09-14 07:30:00,/Volumes/Argus/unk/snap/c1/1631604600.c1.snap.jpg,1.143955
2021-09-14 15:30:00,/Volumes/Argus/unk/snap/c1/1631633400.c1.snap.jpg,0.4164098
2021-09-14 16:00:00,/Volumes/Argus/unk/snap/c1/1631635200.c1.snap.jpg,0.28860313
2021-09-14 16:30:00,/Volumes/Argus/unk/snap/c1/1631637000.c1.snap.jpg,0.2628628
2021-09-14 17:00:00,/Volumes/Argus/unk/snap/c1/1631638800.c1.snap.jpg,0.35600895
2021-09-14 17:30:00,/Volumes/Argus/unk/snap/c1/1631640600.c1.snap.jpg,0.3158096
2021-09-14 18:00:00,/Volumes/Argus/unk/snap/c1/1631642400.c1.snap.jpg,0.31944668
2021-09-14 18:30:00,/Volumes/Argus/unk/snap/c1/1631644200.c1.snap.jpg,0.33101547
2021-09-14 19:00:00,/Volumes/Argus/unk/snap/c1/1631646000.c1.snap.jpg,0.23242767
2021-09-14 19:30:00,/Volumes/Argus/unk/snap/c1/1631647800.c1.snap.jpg,0.3140211
2021-09-14 20:00:00,/Volumes/Argus/unk/snap/c1/1631649600.c1.snap.jpg,0.2840795
2021-09-14 20:30:00,/Volumes/Argus/unk/snap/c1/1631651400.c1.snap.jpg,0.2859208
2021-09-14 21:00:00,/Volumes/Argus/unk/snap/c1/1631653200.c1.snap.jpg,0.23108353
2021-09-14 21:30:00,/Volumes/Argus/unk/snap/c1/1631655000.c1.snap.jpg,0.32420743
2021-09-14 22:00:00,/Volumes/Argus/unk/snap/c1/1631656800.c1.snap.jpg,0.35693094
2021-09-14 22:30:00,/Volumes/Argus/unk/snap/c1/1631658600.c1.snap.jpg,0.47255751
2021-09-14 23:00:00,/Volumes/Argus/unk/snap/c1/1631660400.c1.snap.jpg,0.47948587
2021-09-14 23:30:00,/Volumes/Argus/unk/snap/c1/1631662200.c1.snap.jpg,0.41168562
2021-09-15 00:00:00,/Volumes/Argus/unk/snap/c1/1631664000.c1.snap.jpg,0.32439107
2021-09-15 00:30:00,/Volumes/Argus/unk/snap/c1/1631665800.c1.snap.jpg,0.30705342
2021-09-15 01:00:00,/Volumes/Argus/unk/snap/c1/1631667600.c1.snap.jpg,0.53732455
2021-09-15 01:30:00,/Volumes/Argus/unk/snap/c1/1631669400.c1.snap.jpg,0.6210153
2021-09-15 02:00:00,/Volumes/Argus/unk/snap/c1/1631671200.c1.snap.jpg,0.47577065
2021-09-15 02:30:00,/Volumes/Argus/unk/snap/c1/1631673000.c1.snap.jpg,0.48508146
2021-09-15 03:00:00,/Volumes/Argus/unk/snap/c1/1631674800.c1.snap.jpg,0.5096837
2021-09-15 03:30:00,/Volumes/Argus/unk/snap/c1/1631676600.c1.snap.jpg,0.49226183
2021-09-15 04:00:00,/Volumes/Argus/unk/snap/c1/1631678400.c1.snap.jpg,0.3168595
2021-09-15 04:30:00,/Volumes/Argus/unk/snap/c1/1631680200.c1.snap.jpg,0.26124674
2021-09-15 05:00:00,/Volumes/Argus/unk/snap/c1/1631682000.c1.snap.jpg,0.5518188
2021-09-15 05:30:00,/Volumes/Argus/unk/snap/c1/1631683800.c1.snap.jpg,0.3601586
2021-09-15 06:00:00,/Volumes/Argus/unk/snap/c1/1631685600.c1.snap.jpg,0.5949617
2021-09-15 06:30:00,/Volumes/Argus/unk/snap/c1/1631687400.c1.snap.jpg,1.0550886
2021-09-15 07:00:00,/Volumes/Argus/unk/snap/c1/1631689200.c1.snap.jpg,1.4722235
2021-09-15 07:30:00,/Volumes/Argus/unk/snap/c1/1631691000.c1.snap.jpg,1.7827567
2021-09-15 15:30:00,/Volumes/Argus/unk/snap/c1/1631719800.c1.snap.jpg,0.2488879
2021-09-15 16:00:00,/Volumes/Argus/unk/snap/c1/1631721600.c1.snap.jpg,0.2645514
2021-09-15 16:30:00,/Volumes/Argus/unk/snap/c1/1631723400.c1.snap.jpg,0.47196
2021-09-15 17:00:00,/Volumes/Argus/unk/snap/c1/1631725200.c1.snap.jpg,0.370327
2021-09-15 17:30:00,/Volumes/Argus/unk/snap/c1/1631727000.c1.snap.jpg,0.4237584
2021-09-15 18:30:00,/Volumes/Argus/unk/snap/c1/1631730600.c1.snap.jpg,0.30925763
2021-09-15 19:00:00,/Volumes/Argus/unk/snap/c1/1631732400.c1.snap.jpg,0.3060261
2021-09-15 19:30:00,/Volumes/Argus/unk/snap/c1/1631734200.c1.snap.jpg,0.29507476
2021-09-15 20:00:00,/Volumes/Argus/unk/snap/c1/1631736000.c1.snap.jpg,0.4447159
2021-09-15 20:30:00,/Volumes/Argus/unk/snap/c1/1631737800.c1.snap.jpg,0.33750123
2021-09-15 21:00:00,/Volumes/Argus/unk/snap/c1/1631739600.c1.snap.jpg,0.24830256
2021-09-15 21:30:00,/Volumes/Argus/unk/snap/c1/1631741400.c1.snap.jpg,0.2477876
2021-09-15 22:00:00,/Volumes/Argus/unk/snap/c1/1631743200.c1.snap.jpg,0.27590466
2021-09-15 22:30:00,/Volumes/Argus/unk/snap/c1/1631745000.c1.snap.jpg,0.34303766
2021-09-15 23:00:00,/Volumes/Argus/unk/snap/c1/1631746800.c1.snap.jpg,0.3413567
2021-09-15 23:30:00,/Volumes/Argus/unk/snap/c1/1631748600.c1.snap.jpg,0.35701406
2021-09-16 00:00:00,/Volumes/Argus/unk/snap/c1/1631750400.c1.snap.jpg,0.3581405
2021-09-16 00:30:00,/Volumes/Argus/unk/snap/c1/1631752200.c1.snap.jpg,0.2985354
2021-09-16 01:00:00,/Volumes/Argus/unk/snap/c1/1631754000.c1.snap.jpg,0.34452575
2021-09-16 02:00:00,/Volumes/Argus/unk/snap/c1/1631757600.c1.snap.jpg,0.33394566
2021-09-16 02:30:00,/Volumes/Argus/unk/snap/c1/1631759400.c1.snap.jpg,0.40891019
2021-09-16 03:00:00,/Volumes/Argus/unk/snap/c1/1631761200.c1.snap.jpg,0.3685255
2021-09-16 03:30:00,/Volumes/Argus/unk/snap/c1/1631763000.c1.snap.jpg,0.42115378
2021-09-16 04:00:00,/Volumes/Argus/unk/snap/c1/1631764800.c1.snap.jpg,0.4619851
2021-09-16 04:30:00,/Volumes/Argus/unk/snap/c1/1631766600.c1.snap.jpg,0.470657
2021-09-16 05:00:00,/Volumes/Argus/unk/snap/c1/1631768400.c1.snap.jpg,0.3887258
2021-09-16 05:30:00,/Volumes/Argus/unk/snap/c1/1631770200.c1.snap.jpg,0.41752982
2021-09-16 06:00:00,/Volumes/Argus/unk/snap/c1/1631772000.c1.snap.jpg,0.47719792
2021-09-16 06:30:00,/Volumes/Argus/unk/snap/c1/1631773800.c1.snap.jpg,0.80794877
2021-09-16 07:00:00,/Volumes/Argus/unk/snap/c1/1631775600.c1.snap.jpg,1.277855
2021-09-16 07:30:00,/Volumes/Argus/unk/snap/c1/1631777400.c1.snap.jpg,1.8184129
2021-09-16 15:30:00,/Volumes/Argus/unk/snap/c1/1631806200.c1.snap.jpg,0.23497349
2021-09-16 16:00:00,/Volumes/Argus/unk/snap/c1/1631808000.c1.snap.jpg,0.29519022
2021-09-16 17:00:00,/Volumes/Argus/unk/snap/c1/1631811600.c1.snap.jpg,0.34811148
2021-09-16 17:30:00,/Volumes/Argus/unk/snap/c1/1631813400.c1.snap.jpg,0.5269483
2021-09-16 18:00:00,/Volumes/Argus/unk/snap/c1/1631815200.c1.snap.jpg,0.38222784
2021-09-16 19:00:00,/Volumes/Argus/unk/snap/c1/1631818800.c1.snap.jpg,0.35388097
2021-09-16 19:30:00,/Volumes/Argus/unk/snap/c1/1631820600.c1.snap.jpg,0.41354865
2021-09-16 20:00:00,/Volumes/Argus/unk/snap/c1/1631822400.c1.snap.jpg,0.4769109
2021-09-16 20:30:00,/Volumes/Argus/unk/snap/c1/1631824200.c1.snap.jpg,0.45902506
2021-09-16 21:00:00,/Volumes/Argus/unk/snap/c1/1631826000.c1.snap.jpg,0.38344908
2021-09-16 21:30:00,/Volumes/Argus/unk/snap/c1/1631827800.c1.snap.jpg,0.41300178
2021-09-16 22:00:00,/Volumes/Argus/unk/snap/c1/1631829600.c1.snap.jpg,0.38936493
2021-09-16 22:30:00,/Volumes/Argus/unk/snap/c1/1631831400.c1.snap.jpg,0.5490664
2021-09-16 23:00:00,/Volumes/Argus/unk/snap/c1/1631833200.c1.snap.jpg,0.46389985
2021-09-16 23:30:00,/Volumes/Argus/unk/snap/c1/1631835000.c1.snap.jpg,0.4458735
2021-09-17 00:00:00,/Volumes/Argus/unk/snap/c1/1631836800.c1.snap.jpg,0.43181714
2021-09-17 00:30:00,/Volumes/Argus/unk/snap/c1/1631838600.c1.snap.jpg,0.36979532
2021-09-17 01:00:00,/Volumes/Argus/unk/snap/c1/1631840400.c1.snap.jpg,0.46963635
2021-09-17 01:30:00,/Volumes/Argus/unk/snap/c1/1631842200.c1.snap.jpg,0.4738655
2021-09-17 02:00:00,/Volumes/Argus/unk/snap/c1/1631844000.c1.snap.jpg,0.4103612
2021-09-17 02:30:00,/Volumes/Argus/unk/snap/c1/1631845800.c1.snap.jpg,0.5466034
2021-09-17 03:00:00,/Volumes/Argus/unk/snap/c1/1631847600.c1.snap.jpg,0.5862313
2021-09-17 03:30:00,/Volumes/Argus/unk/snap/c1/1631849400.c1.snap.jpg,0.54844606
2021-09-17 04:00:00,/Volumes/Argus/unk/snap/c1/1631851200.c1.snap.jpg,0.5478596
2021-09-17 04:30:00,/Volumes/Argus/unk/snap/c1/1631853000.c1.snap.jpg,0.51410437
2021-09-17 05:30:00,/Volumes/Argus/unk/snap/c1/1631856600.c1.snap.jpg,0.57080907
2021-09-17 06:00:00,/Volumes/Argus/unk/snap/c1/1631858400.c1.snap.jpg,0.61825377
2021-09-17 06:30:00,/Volumes/Argus/unk/snap/c1/1631860200.c1.snap.jpg,0.66737765
2021-09-17 15:30:00,/Volumes/Argus/unk/snap/c1/1631892600.c1.snap.jpg,0.48991728
2021-09-17 16:00:00,/Volumes/Argus/unk/snap/c1/1631894400.c1.snap.jpg,0.40867484
2021-09-17 16:30:00,/Volumes/Argus/unk/snap/c1/1631896200.c1.snap.jpg,0.55362755
2021-09-17 17:00:00,/Volumes/Argus/unk/snap/c1/1631898000.c1.snap.jpg,0.6033668
2021-09-17 17:30:00,/Volumes/Argus/unk/snap/c1/1631899800.c1.snap.jpg,0.38305807
2021-09-17 18:00:00,/Volumes/Argus/unk/snap/c1/1631901600.c1.snap.jpg,0.306104
2021-09-17 18:30:00,/Volumes/Argus/unk/snap/c1/1631903400.c1.snap.jpg,0.30817553
2021-09-17 19:00:00,/Volumes/Argus/unk/snap/c1/1631905200.c1.snap.jpg,0.40969726
2021-09-17 19:30:00,/Volumes/Argus/unk/snap/c1/1631907000.c1.snap.jpg,0.46715987
2021-09-17 20:30:00,/Volumes/Argus/unk/snap/c1/1631910600.c1.snap.jpg,0.48018909
2021-09-17 21:00:00,/Volumes/Argus/unk/snap/c1/1631912400.c1.snap.jpg,0.52872115
2021-09-17 21:30:00,/Volumes/Argus/unk/snap/c1/1631914200.c1.snap.jpg,0.56459767
2021-09-17 22:00:00,/Volumes/Argus/unk/snap/c1/1631916000.c1.snap.jpg,0.684389
2021-09-17 22:30:00,/Volumes/Argus/unk/snap/c1/1631917800.c1.snap.jpg,0.585249
2021-09-17 23:30:00,/Volumes/Argus/unk/snap/c1/1631921400.c1.snap.jpg,0.53211826
2021-09-18 00:00:00,/Volumes/Argus/unk/snap/c1/1631923200.c1.snap.jpg,0.5261959
2021-09-18 00:30:00,/Volumes/Argus/unk/snap/c1/1631925000.c1.snap.jpg,0.5995587
2021-09-18 01:00:00,/Volumes/Argus/unk/snap/c1/1631926800.c1.snap.jpg,0.6203878
2021-09-18 01:30:00,/Volumes/Argus/unk/snap/c1/1631928600.c1.snap.jpg,0.5551911
2021-09-18 02:00:00,/Volumes/Argus/unk/snap/c1/1631930400.c1.snap.jpg,0.4868746
2021-09-18 02:30:00,/Volumes/Argus/unk/snap/c1/1631932200.c1.snap.jpg,0.5569482
2021-09-18 03:00:00,/Volumes/Argus/unk/snap/c1/1631934000.c1.snap.jpg,0.48978037
2021-09-18 04:00:00,/Volumes/Argus/unk/snap/c1/1631937600.c1.snap.jpg,0.5082984
2021-09-18 05:00:00,/Volumes/Argus/unk/snap/c1/1631941200.c1.snap.jpg,0.861519
2021-09-18 05:30:00,/Volumes/Argus/unk/snap/c1/1631943000.c1.snap.jpg,0.7823868
2021-09-18 06:00:00,/Volumes/Argus/unk/snap/c1/1631944800.c1.snap.jpg,0.63807654
2021-09-19 15:30:00,/Volumes/Argus/unk/snap/c1/1632065400.c1.snap.jpg,1.0715033
2021-09-19 16:00:00,/Volumes/Argus/unk/snap/c1/1632067200.c1.snap.jpg,0.89496976
2021-09-19 16:30:00,/Volumes/Argus/unk/snap/c1/1632069000.c1.snap.jpg,1.0662702
2021-09-19 17:00:00,/Volumes/Argus/unk/snap/c1/1632070800.c1.snap.jpg,1.0878159
2021-09-19 17:30:00,/Volumes/Argus/unk/snap/c1/1632072600.c1.snap.jpg,1.0136284
2021-09-19 18:00:00,/Volumes/Argus/unk/snap/c1/1632074400.c1.snap.jpg,1.0271487
2021-09-19 18:30:00,/Volumes/Argus/unk/snap/c1/1632076200.c1.snap.jpg,1.020204
2021-09-19 19:00:00,/Volumes/Argus/unk/snap/c1/1632078000.c1.snap.jpg,1.2948791
2021-09-19 19:30:00,/Volumes/Argus/unk/snap/c1/1632079800.c1.snap.jpg,1.2046483
2021-09-19 20:00:00,/Volumes/Argus/unk/snap/c1/1632081600.c1.snap.jpg,1.1869974
2021-09-19 20:30:00,/Volumes/Argus/unk/snap/c1/1632083400.c1.snap.jpg,0.75321865
2021-09-19 22:00:00,/Volumes/Argus/unk/snap/c1/1632088800.c1.snap.jpg,1.0252523
2021-09-19 22:30:00,/Volumes/Argus/unk/snap/c1/1632090600.c1.snap.jpg,0.72885627
2021-09-19 23:00:00,/Volumes/Argus/unk/snap/c1/1632092400.c1.snap.jpg,0.7626946
2021-09-19 23:30:00,/Volumes/Argus/unk/snap/c1/1632094200.c1.snap.jpg,0.6931559
2021-09-20 00:00:00,/Volumes/Argus/unk/snap/c1/1632096000.c1.snap.jpg,0.875052
2021-09-20 00:30:00,/Volumes/Argus/unk/snap/c1/1632097800.c1.snap.jpg,0.8367238
2021-09-20 01:00:00,/Volumes/Argus/unk/snap/c1/1632099600.c1.snap.jpg,0.79276437
2021-09-20 01:30:00,/Volumes/Argus/unk/snap/c1/1632101400.c1.snap.jpg,0.78522116
2021-09-20 02:00:00,/Volumes/Argus/unk/snap/c1/1632103200.c1.snap.jpg,0.6734772
2021-09-20 02:30:00,/Volumes/Argus/unk/snap/c1/1632105000.c1.snap.jpg,0.5037317
2021-09-20 03:00:00,/Volumes/Argus/unk/snap/c1/1632106800.c1.snap.jpg,0.56699437
2021-09-20 03:30:00,/Volumes/Argus/unk/snap/c1/1632108600.c1.snap.jpg,0.74144447
2021-09-20 04:00:00,/Volumes/Argus/unk/snap/c1/1632110400.c1.snap.jpg,0.8030015
2021-09-20 05:00:00,/Volumes/Argus/unk/snap/c1/1632114000.c1.snap.jpg,0.5336752
2021-09-20 05:30:00,/Volumes/Argus/unk/snap/c1/1632115800.c1.snap.jpg,0.54878026
2021-09-20 15:30:00,/Volumes/Argus/unk/snap/c1/1632151800.c1.snap.jpg,0.8096338
2021-09-20 16:30:00,/Volumes/Argus/unk/snap/c1/1632155400.c1.snap.jpg,0.8340387
2021-09-20 17:00:00,/Volumes/Argus/unk/snap/c1/1632157200.c1.snap.jpg,0.6718408
2021-09-20 17:30:00,/Volumes/Argus/unk/snap/c1/1632159000.c1.snap.jpg,0.7480551
2021-09-20 18:00:00,/Volumes/Argus/unk/snap/c1/1632160800.c1.snap.jpg,0.72144806
2021-09-20 18:30:00,/Volumes/Argus/unk/snap/c1/1632162600.c1.snap.jpg,0.6878253
2021-09-20 19:00:00,/Volumes/Argus/unk/snap/c1/1632164400.c1.snap.jpg,0.60199654
2021-09-20 19:30:00,/Volumes/Argus/unk/snap/c1/1632166200.c1.snap.jpg,0.81544524
2021-09-20 20:00:00,/Volumes/Argus/unk/snap/c1/1632168000.c1.snap.jpg,0.84306324
2021-09-20 20:30:00,/Volumes/Argus/unk/snap/c1/1632169800.c1.snap.jpg,0.79759884
2021-09-20 21:00:00,/Volumes/Argus/unk/snap/c1/1632171600.c1.snap.jpg,0.62810916
2021-09-20 21:30:00,/Volumes/Argus/unk/snap/c1/1632173400.c1.snap.jpg,0.8101169
2021-09-20 22:00:00,/Volumes/Argus/unk/snap/c1/1632175200.c1.snap.jpg,0.87620157
2021-09-20 22:30:00,/Volumes/Argus/unk/snap/c1/1632177000.c1.snap.jpg,0.8815795
2021-09-20 23:00:00,/Volumes/Argus/unk/snap/c1/1632178800.c1.snap.jpg,0.89130497
2021-09-20 23:30:00,/Volumes/Argus/unk/snap/c1/1632180600.c1.snap.jpg,0.83822036
2021-09-21 00:00:00,/Volumes/Argus/unk/snap/c1/1632182400.c1.snap.jpg,0.75647986
2021-09-21 00:30:00,/Volumes/Argus/unk/snap/c1/1632184200.c1.snap.jpg,0.6566336
2021-09-21 01:00:00,/Volumes/Argus/unk/snap/c1/1632186000.c1.snap.jpg,0.6024443
2021-09-21 01:30:00,/Volumes/Argus/unk/snap/c1/1632187800.c1.snap.jpg,0.6588015
2021-09-21 02:00:00,/Volumes/Argus/unk/snap/c1/1632189600.c1.snap.jpg,0.6400563
2021-09-21 02:30:00,/Volumes/Argus/unk/snap/c1/1632191400.c1.snap.jpg,0.6820337
2021-09-21 03:00:00,/Volumes/Argus/unk/snap/c1/1632193200.c1.snap.jpg,0.7418738
2021-09-21 03:30:00,/Volumes/Argus/unk/snap/c1/1632195000.c1.snap.jpg,0.6630905
2021-09-21 04:00:00,/Volumes/Argus/unk/snap/c1/1632196800.c1.snap.jpg,0.74509317
2021-09-21 04:30:00,/Volumes/Argus/unk/snap/c1/1632198600.c1.snap.jpg,0.6975623
2021-09-21 05:00:00,/Volumes/Argus/unk/snap/c1/1632200400.c1.snap.jpg,0.55392975
2021-09-21 05:30:00,/Volumes/Argus/unk/snap/c1/1632202200.c1.snap.jpg,0.4883076
2021-09-21 15:30:00,/Volumes/Argus/unk/snap/c1/1632238200.c1.snap.jpg,0.6607166
2021-09-21 16:30:00,/Volumes/Argus/unk/snap/c1/1632241800.c1.snap.jpg,0.5330721
2021-09-21 17:00:00,/Volumes/Argus/unk/snap/c1/1632243600.c1.snap.jpg,0.64849
2021-09-21 17:30:00,/Volumes/Argus/unk/snap/c1/1632245400.c1.snap.jpg,0.4291318
2021-09-21 18:00:00,/Volumes/Argus/unk/snap/c1/1632247200.c1.snap.jpg,0.52197576
2021-09-21 18:30:00,/Volumes/Argus/unk/snap/c1/1632249000.c1.snap.jpg,0.33984533
2021-09-21 19:00:00,/Volumes/Argus/unk/snap/c1/1632250800.c1.snap.jpg,0.6024511
2021-09-21 19:30:00,/Volumes/Argus/unk/snap/c1/1632252600.c1.snap.jpg,0.32217497
2021-09-21 20:00:00,/Volumes/Argus/unk/snap/c1/1632254400.c1.snap.jpg,0.435338
2021-09-21 20:30:00,/Volumes/Argus/unk/snap/c1/1632256200.c1.snap.jpg,0.6091169
2021-09-21 21:00:00,/Volumes/Argus/unk/snap/c1/1632258000.c1.snap.jpg,0.42382675
2021-09-21 21:30:00,/Volumes/Argus/unk/snap/c1/1632259800.c1.snap.jpg,0.4030286
2021-09-21 22:00:00,/Volumes/Argus/unk/snap/c1/1632261600.c1.snap.jpg,0.28506154
2021-09-21 22:30:00,/Volumes/Argus/unk/snap/c1/1632263400.c1.snap.jpg,0.3906891
2021-09-21 23:00:00,/Volumes/Argus/unk/snap/c1/1632265200.c1.snap.jpg,0.28680116
2021-09-21 23:30:00,/Volumes/Argus/unk/snap/c1/1632267000.c1.snap.jpg,0.39810264
2021-09-22 00:00:00,/Volumes/Argus/unk/snap/c1/1632268800.c1.snap.jpg,0.3030313
2021-09-22 00:30:00,/Volumes/Argus/unk/snap/c1/1632270600.c1.snap.jpg,0.357574
2021-09-22 01:00:00,/Volumes/Argus/unk/snap/c1/1632272400.c1.snap.jpg,0.34702456
2021-09-22 02:00:00,/Volumes/Argus/unk/snap/c1/1632276000.c1.snap.jpg,0.28527933
2021-09-22 03:00:00,/Volumes/Argus/unk/snap/c1/1632279600.c1.snap.jpg,0.26076257
2021-09-22 03:30:00,/Volumes/Argus/unk/snap/c1/1632281400.c1.snap.jpg,0.26138964
2021-09-22 04:00:00,/Volumes/Argus/unk/snap/c1/1632283200.c1.snap.jpg,0.29170275
2021-09-22 04:30:00,/Volumes/Argus/unk/snap/c1/1632285000.c1.snap.jpg,0.2335996
2021-09-22 05:00:00,/Volumes/Argus/unk/snap/c1/1632286800.c1.snap.jpg,0.26297677
2021-09-22 05:30:00,/Volumes/Argus/unk/snap/c1/1632288600.c1.snap.jpg,0.41368622
2021-09-22 15:30:00,/Volumes/Argus/unk/snap/c1/1632324600.c1.snap.jpg,0.93261343
2021-09-22 16:00:00,/Volumes/Argus/unk/snap/c1/1632326400.c1.snap.jpg,0.24132681
2021-09-22 16:30:00,/Volumes/Argus/unk/snap/c1/1632328200.c1.snap.jpg,0.2893129
2021-09-22 17:00:00,/Volumes/Argus/unk/snap/c1/1632330000.c1.snap.jpg,0.2692972
2021-09-22 17:30:00,/Volumes/Argus/unk/snap/c1/1632331800.c1.snap.jpg,0.32790127
2021-09-22 18:00:00,/Volumes/Argus/unk/snap/c1/1632333600.c1.snap.jpg,0.33887598
2021-09-22 18:30:00,/Volumes/Argus/unk/snap/c1/1632335400.c1.snap.jpg,0.32068667
2021-09-22 19:00:00,/Volumes/Argus/unk/snap/c1/1632337200.c1.snap.jpg,0.29244015
2021-09-22 19:30:00,/Volumes/Argus/unk/snap/c1/1632339000.c1.snap.jpg,0.3035921
2021-09-22 20:00:00,/Volumes/Argus/unk/snap/c1/1632340800.c1.snap.jpg,0.43399793
2021-09-22 20:30:00,/Volumes/Argus/unk/snap/c1/1632342600.c1.snap.jpg,0.29963294
2021-09-22 21:00:00,/Volumes/Argus/unk/snap/c1/1632344400.c1.snap.jpg,0.35517108
2021-09-22 21:30:00,/Volumes/Argus/unk/snap/c1/1632346200.c1.snap.jpg,0.27672917
2021-09-22 22:00:00,/Volumes/Argus/unk/snap/c1/1632348000.c1.snap.jpg,0.30737177
2021-09-22 22:30:00,/Volumes/Argus/unk/snap/c1/1632349800.c1.snap.jpg,0.26559705
2021-09-22 23:00:00,/Volumes/Argus/unk/snap/c1/1632351600.c1.snap.jpg,0.37998992
2021-09-23 00:00:00,/Volumes/Argus/unk/snap/c1/1632355200.c1.snap.jpg,0.3248428
2021-09-23 00:30:00,/Volumes/Argus/unk/snap/c1/1632357000.c1.snap.jpg,0.32330236
2021-09-23 01:00:00,/Volumes/Argus/unk/snap/c1/1632358800.c1.snap.jpg,0.37223056
2021-09-23 01:30:00,/Volumes/Argus/unk/snap/c1/1632360600.c1.snap.jpg,0.383344
2021-09-23 02:00:00,/Volumes/Argus/unk/snap/c1/1632362400.c1.snap.jpg,0.4513512
2021-09-23 02:30:00,/Volumes/Argus/unk/snap/c1/1632364200.c1.snap.jpg,0.37740892
2021-09-23 03:00:00,/Volumes/Argus/unk/snap/c1/1632366000.c1.snap.jpg,0.46947014
2021-09-23 03:30:00,/Volumes/Argus/unk/snap/c1/1632367800.c1.snap.jpg,0.73886454
2021-09-23 04:00:00,/Volumes/Argus/unk/snap/c1/1632369600.c1.snap.jpg,0.42309827
2021-09-23 04:30:00,/Volumes/Argus/unk/snap/c1/1632371400.c1.snap.jpg,0.4209416
2021-09-23 05:00:00,/Volumes/Argus/unk/snap/c1/1632373200.c1.snap.jpg,0.4628519
2021-09-23 05:30:00,/Volumes/Argus/unk/snap/c1/1632375000.c1.snap.jpg,0.35929614
2021-09-23 15:30:00,/Volumes/Argus/unk/snap/c1/1632411000.c1.snap.jpg,0.7062163
2021-09-23 16:00:00,/Volumes/Argus/unk/snap/c1/1632412800.c1.snap.jpg,0.3471421
2021-09-23 16:30:00,/Volumes/Argus/unk/snap/c1/1632414600.c1.snap.jpg,0.33307952
2021-09-23 17:00:00,/Volumes/Argus/unk/snap/c1/1632416400.c1.snap.jpg,0.2977156
2021-09-23 17:30:00,/Volumes/Argus/unk/snap/c1/1632418200.c1.snap.jpg,0.3241049
2021-09-23 18:00:00,/Volumes/Argus/unk/snap/c1/1632420000.c1.snap.jpg,0.24182248
2021-09-23 19:00:00,/Volumes/Argus/unk/snap/c1/1632423600.c1.snap.jpg,0.40561163
2021-09-23 19:30:00,/Volumes/Argus/unk/snap/c1/1632425400.c1.snap.jpg,0.40085107
2021-09-23 20:00:00,/Volumes/Argus/unk/snap/c1/1632427200.c1.snap.jpg,0.36290616
2021-09-23 20:30:00,/Volumes/Argus/unk/snap/c1/1632429000.c1.snap.jpg,0.37312534
2021-09-23 21:00:00,/Volumes/Argus/unk/snap/c1/1632430800.c1.snap.jpg,0.39403546
2021-09-23 22:00:00,/Volumes/Argus/unk/snap/c1/1632434400.c1.snap.jpg,0.35032022
2021-09-23 22:30:00,/Volumes/Argus/unk/snap/c1/1632436200.c1.snap.jpg,0.41416213
2021-09-23 23:00:00,/Volumes/Argus/unk/snap/c1/1632438000.c1.snap.jpg,0.42081493
2021-09-23 23:30:00,/Volumes/Argus/unk/snap/c1/1632439800.c1.snap.jpg,0.5078418
2021-09-24 00:00:00,/Volumes/Argus/unk/snap/c1/1632441600.c1.snap.jpg,0.6109873
2021-09-24 00:30:00,/Volumes/Argus/unk/snap/c1/1632443400.c1.snap.jpg,0.59252524
2021-09-24 01:00:00,/Volumes/Argus/unk/snap/c1/1632445200.c1.snap.jpg,0.589557
2021-09-24 01:30:00,/Volumes/Argus/unk/snap/c1/1632447000.c1.snap.jpg,0.5442019
2021-09-24 02:30:00,/Volumes/Argus/unk/snap/c1/1632450600.c1.snap.jpg,0.7224552
2021-09-24 03:00:00,/Volumes/Argus/unk/snap/c1/1632452400.c1.snap.jpg,0.77449584
2021-09-24 03:30:00,/Volumes/Argus/unk/snap/c1/1632454200.c1.snap.jpg,0.6763476
2021-09-24 04:30:00,/Volumes/Argus/unk/snap/c1/1632457800.c1.snap.jpg,0.57922834
2021-09-24 05:00:00,/Volumes/Argus/unk/snap/c1/1632459600.c1.snap.jpg,0.5801792
2021-09-24 05:30:00,/Volumes/Argus/unk/snap/c1/1632461400.c1.snap.jpg,0.50312215
2021-09-24 15:30:00,/Volumes/Argus/unk/snap/c1/1632497400.c1.snap.jpg,0.78079283
2021-09-24 16:00:00,/Volumes/Argus/unk/snap/c1/1632499200.c1.snap.jpg,0.5905206
2021-09-24 16:30:00,/Volumes/Argus/unk/snap/c1/1632501000.c1.snap.jpg,0.24499631
2021-09-24 17:00:00,/Volumes/Argus/unk/snap/c1/1632502800.c1.snap.jpg,0.38903168
2021-09-24 18:00:00,/Volumes/Argus/unk/snap/c1/1632506400.c1.snap.jpg,0.25652552
2021-09-24 18:30:00,/Volumes/Argus/unk/snap/c1/1632508200.c1.snap.jpg,0.37715352
2021-09-24 19:00:00,/Volumes/Argus/unk/snap/c1/1632510000.c1.snap.jpg,0.4456144
2021-09-24 19:30:00,/Volumes/Argus/unk/snap/c1/1632511800.c1.snap.jpg,0.28585696
2021-09-24 20:00:00,/Volumes/Argus/unk/snap/c1/1632513600.c1.snap.jpg,0.2595309
2021-09-24 20:30:00,/Volumes/Argus/unk/snap/c1/1632515400.c1.snap.jpg,0.3407328
2021-09-24 21:00:00,/Volumes/Argus/unk/snap/c1/1632517200.c1.snap.jpg,0.3246721
2021-09-24 21:30:00,/Volumes/Argus/unk/snap/c1/1632519000.c1.snap.jpg,0.51218116
2021-09-24 22:00:00,/Volumes/Argus/unk/snap/c1/1632520800.c1.snap.jpg,0.46892476
2021-09-24 22:30:00,/Volumes/Argus/unk/snap/c1/1632522600.c1.snap.jpg,0.39178368
2021-09-24 23:00:00,/Volumes/Argus/unk/snap/c1/1632524400.c1.snap.jpg,0.4791589
2021-09-24 23:30:00,/Volumes/Argus/unk/snap/c1/1632526200.c1.snap.jpg,0.6272441
2021-09-25 00:30:00,/Volumes/Argus/unk/snap/c1/1632529800.c1.snap.jpg,0.5339068
2021-09-25 01:00:00,/Volumes/Argus/unk/snap/c1/1632531600.c1.snap.jpg,0.56157684
2021-09-25 01:30:00,/Volumes/Argus/unk/snap/c1/1632533400.c1.snap.jpg,0.529897
2021-09-25 02:30:00,/Volumes/Argus/unk/snap/c1/1632537000.c1.snap.jpg,0.32668674
2021-09-25 03:30:00,/Volumes/Argus/unk/snap/c1/1632540600.c1.snap.jpg,0.5070262
2021-09-25 04:00:00,/Volumes/Argus/unk/snap/c1/1632542400.c1.snap.jpg,0.42057282
2021-09-25 04:30:00,/Volumes/Argus/unk/snap/c1/1632544200.c1.snap.jpg,0.36902204
2021-09-25 05:00:00,/Volumes/Argus/unk/snap/c1/1632546000.c1.snap.jpg,0.28838295
2021-09-25 05:30:00,/Volumes/Argus/unk/snap/c1/1632547800.c1.snap.jpg,0.85793775
2021-09-26 15:30:00,/Volumes/Argus/unk/snap/c1/1632670200.c1.snap.jpg,1.2548852
2021-09-26 16:00:00,/Volumes/Argus/unk/snap/c1/1632672000.c1.snap.jpg,0.41046572
2021-09-26 16:30:00,/Volumes/Argus/unk/snap/c1/1632673800.c1.snap.jpg,0.29780662
2021-09-26 17:00:00,/Volumes/Argus/unk/snap/c1/1632675600.c1.snap.jpg,0.34691092
2021-09-26 17:30:00,/Volumes/Argus/unk/snap/c1/1632677400.c1.snap.jpg,0.25190216
2021-09-26 18:00:00,/Volumes/Argus/unk/snap/c1/1632679200.c1.snap.jpg,0.31244156
2021-09-26 18:30:00,/Volumes/Argus/unk/snap/c1/1632681000.c1.snap.jpg,0.2703305
2021-09-26 19:00:00,/Volumes/Argus/unk/snap/c1/1632682800.c1.snap.jpg,0.3836254
2021-09-26 19:30:00,/Volumes/Argus/unk/snap/c1/1632684600.c1.snap.jpg,0.5662476
2021-09-26 20:00:00,/Volumes/Argus/unk/snap/c1/1632686400.c1.snap.jpg,0.5058682
2021-09-26 20:30:00,/Volumes/Argus/unk/snap/c1/1632688200.c1.snap.jpg,0.65225875
2021-09-26 21:30:00,/Volumes/Argus/unk/snap/c1/1632691800.c1.snap.jpg,0.7490853
2021-09-26 22:00:00,/Volumes/Argus/unk/snap/c1/1632693600.c1.snap.jpg,1.0124422
2021-09-26 22:30:00,/Volumes/Argus/unk/snap/c1/1632695400.c1.snap.jpg,0.69244087
2021-09-26 23:00:00,/Volumes/Argus/unk/snap/c1/1632697200.c1.snap.jpg,0.6482985
2021-09-26 23:30:00,/Volumes/Argus/unk/snap/c1/1632699000.c1.snap.jpg,0.73908305
2021-09-27 00:00:00,/Volumes/Argus/unk/snap/c1/1632700800.c1.snap.jpg,1.1482251
2021-09-27 01:30:00,/Volumes/Argus/unk/snap/c1/1632706200.c1.snap.jpg,0.67808795
2021-09-27 02:00:00,/Volumes/Argus/unk/snap/c1/1632708000.c1.snap.jpg,0.7834067
2021-09-27 02:30:00,/Volumes/Argus/unk/snap/c1/1632709800.c1.snap.jpg,0.83081573
2021-09-27 03:00:00,/Volumes/Argus/unk/snap/c1/1632711600.c1.snap.jpg,0.93513346
2021-09-27 03:30:00,/Volumes/Argus/unk/snap/c1/1632713400.c1.snap.jpg,1.2105647
2021-09-27 04:00:00,/Volumes/Argus/unk/snap/c1/1632715200.c1.snap.jpg,0.96579075
2021-09-27 04:30:00,/Volumes/Argus/unk/snap/c1/1632717000.c1.snap.jpg,0.83516407
2021-09-27 05:00:00,/Volumes/Argus/unk/snap/c1/1632718800.c1.snap.jpg,0.90406466
2021-09-27 05:30:00,/Volumes/Argus/unk/snap/c1/1632720600.c1.snap.jpg,1.8162408
2021-09-27 15:30:00,/Volumes/Argus/unk/snap/c1/1632756600.c1.snap.jpg,1.1299566
2021-09-27 16:00:00,/Volumes/Argus/unk/snap/c1/1632758400.c1.snap.jpg,0.49065763
2021-09-27 17:00:00,/Volumes/Argus/unk/snap/c1/1632762000.c1.snap.jpg,0.57083416
2021-09-27 17:30:00,/Volumes/Argus/unk/snap/c1/1632763800.c1.snap.jpg,0.6691855
2021-09-27 18:00:00,/Volumes/Argus/unk/snap/c1/1632765600.c1.snap.jpg,0.61248386
2021-09-27 18:30:00,/Volumes/Argus/unk/snap/c1/1632767400.c1.snap.jpg,0.6085652
2021-09-27 19:00:00,/Volumes/Argus/unk/snap/c1/1632769200.c1.snap.jpg,0.6720311
2021-09-27 19:30:00,/Volumes/Argus/unk/snap/c1/1632771000.c1.snap.jpg,0.6213365
2021-09-27 20:00:00,/Volumes/Argus/unk/snap/c1/1632772800.c1.snap.jpg,0.68992734
2021-09-27 20:30:00,/Volumes/Argus/unk/snap/c1/1632774600.c1.snap.jpg,0.6220142
2021-09-27 21:00:00,/Volumes/Argus/unk/snap/c1/1632776400.c1.snap.jpg,0.54271364
2021-09-27 21:30:00,/Volumes/Argus/unk/snap/c1/1632778200.c1.snap.jpg,0.6119487
2021-09-27 22:00:00,/Volumes/Argus/unk/snap/c1/1632780000.c1.snap.jpg,0.52598083
2021-09-27 23:00:00,/Volumes/Argus/unk/snap/c1/1632783600.c1.snap.jpg,0.5338552
2021-09-27 23:30:00,/Volumes/Argus/unk/snap/c1/1632785400.c1.snap.jpg,0.46514514
2021-09-28 00:00:00,/Volumes/Argus/unk/snap/c1/1632787200.c1.snap.jpg,0.5044743
2021-09-28 00:30:00,/Volumes/Argus/unk/snap/c1/1632789000.c1.snap.jpg,0.49835765
2021-09-28 01:00:00,/Volumes/Argus/unk/snap/c1/1632790800.c1.snap.jpg,0.45274794
2021-09-28 01:30:00,/Volumes/Argus/unk/snap/c1/1632792600.c1.snap.jpg,0.55639434
2021-09-28 02:00:00,/Volumes/Argus/unk/snap/c1/1632794400.c1.snap.jpg,0.46153462
2021-09-28 02:30:00,/Volumes/Argus/unk/snap/c1/1632796200.c1.snap.jpg,0.5460887
2021-09-28 03:00:00,/Volumes/Argus/unk/snap/c1/1632798000.c1.snap.jpg,0.7658128
2021-09-28 03:30:00,/Volumes/Argus/unk/snap/c1/1632799800.c1.snap.jpg,0.8571648
2021-09-28 04:00:00,/Volumes/Argus/unk/snap/c1/1632801600.c1.snap.jpg,0.5996616
2021-09-28 05:00:00,/Volumes/Argus/unk/snap/c1/1632805200.c1.snap.jpg,0.70178443
2021-09-28 05:30:00,/Volumes/Argus/unk/snap/c1/1632807000.c1.snap.jpg,0.8008587
2021-09-28 15:30:00,/Volumes/Argus/unk/snap/c1/1632843000.c1.snap.jpg,1.6491687
2021-09-28 16:00:00,/Volumes/Argus/unk/snap/c1/1632844800.c1.snap.jpg,0.480668
2021-09-28 16:30:00,/Volumes/Argus/unk/snap/c1/1632846600.c1.snap.jpg,0.28274077
2021-09-28 17:00:00,/Volumes/Argus/unk/snap/c1/1632848400.c1.snap.jpg,0.4801324
2021-09-28 17:30:00,/Volumes/Argus/unk/snap/c1/1632850200.c1.snap.jpg,0.27545595
2021-09-28 18:00:00,/Volumes/Argus/unk/snap/c1/1632852000.c1.snap.jpg,0.32689625
2021-09-28 18:30:00,/Volumes/Argus/unk/snap/c1/1632853800.c1.snap.jpg,0.38013712
2021-09-28 19:00:00,/Volumes/Argus/unk/snap/c1/1632855600.c1.snap.jpg,0.49624133
2021-09-28 19:30:00,/Volumes/Argus/unk/snap/c1/1632857400.c1.snap.jpg,0.36423716
2021-09-28 20:30:00,/Volumes/Argus/unk/snap/c1/1632861000.c1.snap.jpg,0.33556837
2021-09-28 21:00:00,/Volumes/Argus/unk/snap/c1/1632862800.c1.snap.jpg,0.33803514
2021-09-28 21:30:00,/Volumes/Argus/unk/snap/c1/1632864600.c1.snap.jpg,0.3401165
2021-09-28 22:30:00,/Volumes/Argus/unk/snap/c1/1632868200.c1.snap.jpg,0.32399058
2021-09-28 23:00:00,/Volumes/Argus/unk/snap/c1/1632870000.c1.snap.jpg,0.33337104
2021-09-28 23:30:00,/Volumes/Argus/unk/snap/c1/1632871800.c1.snap.jpg,0.31824717
2021-09-29 00:00:00,/Volumes/Argus/unk/snap/c1/1632873600.c1.snap.jpg,0.33059022
2021-09-29 00:30:00,/Volumes/Argus/unk/snap/c1/1632875400.c1.snap.jpg,0.34233624
2021-09-29 01:30:00,/Volumes/Argus/unk/snap/c1/1632879000.c1.snap.jpg,0.47724804
2021-09-29 02:00:00,/Volumes/Argus/unk/snap/c1/1632880800.c1.snap.jpg,0.42343095
2021-09-29 02:30:00,/Volumes/Argus/unk/snap/c1/1632882600.c1.snap.jpg,0.31956166
2021-09-29 03:00:00,/Volumes/Argus/unk/snap/c1/1632884400.c1.snap.jpg,0.3863921
2021-09-29 03:30:00,/Volumes/Argus/unk/snap/c1/1632886200.c1.snap.jpg,0.40088218
2021-09-29 04:30:00,/Volumes/Argus/unk/snap/c1/1632889800.c1.snap.jpg,0.3838054
2021-09-29 05:00:00,/Volumes/Argus/unk/snap/c1/1632891600.c1.snap.jpg,0.31480438
2021-09-29 05:30:00,/Volumes/Argus/unk/snap/c1/1632893400.c1.snap.jpg,0.7292681
2021-09-30 15:30:00,/Volumes/Argus/unk/snap/c1/1633015800.c1.snap.jpg,0.9898603
2021-09-30 16:00:00,/Volumes/Argus/unk/snap/c1/1633017600.c1.snap.jpg,0.5048421
2021-09-30 16:30:00,/Volumes/Argus/unk/snap/c1/1633019400.c1.snap.jpg,0.26333934
2021-09-30 17:00:00,/Volumes/Argus/unk/snap/c1/1633021200.c1.snap.jpg,0.38107497
2021-09-30 17:30:00,/Volumes/Argus/unk/snap/c1/1633023000.c1.snap.jpg,0.22169764
2021-09-30 18:00:00,/Volumes/Argus/unk/snap/c1/1633024800.c1.snap.jpg,0.24585703
2021-09-30 18:30:00,/Volumes/Argus/unk/snap/c1/1633026600.c1.snap.jpg,0.26393428
2021-09-30 19:00:00,/Volumes/Argus/unk/snap/c1/1633028400.c1.snap.jpg,0.42001414
2021-09-30 19:30:00,/Volumes/Argus/unk/snap/c1/1633030200.c1.snap.jpg,0.4255911
2021-09-30 20:00:00,/Volumes/Argus/unk/snap/c1/1633032000.c1.snap.jpg,0.5454803
2021-09-30 20:30:00,/Volumes/Argus/unk/snap/c1/1633033800.c1.snap.jpg,0.43961248
2021-09-30 21:00:00,/Volumes/Argus/unk/snap/c1/1633035600.c1.snap.jpg,0.46843424
2021-09-30 22:00:00,/Volumes/Argus/unk/snap/c1/1633039200.c1.snap.jpg,0.51298624
2021-09-30 22:30:00,/Volumes/Argus/unk/snap/c1/1633041000.c1.snap.jpg,0.5408341
2021-09-30 23:00:00,/Volumes/Argus/unk/snap/c1/1633042800.c1.snap.jpg,0.46145988
2021-09-30 23:30:00,/Volumes/Argus/unk/snap/c1/1633044600.c1.snap.jpg,0.50443316
2021-10-01 00:00:00,/Volumes/Argus/unk/snap/c1/1633046400.c1.snap.jpg,0.60800993
2021-10-01 00:30:00,/Volumes/Argus/unk/snap/c1/1633048200.c1.snap.jpg,0.6407378
2021-10-01 01:00:00,/Volumes/Argus/unk/snap/c1/1633050000.c1.snap.jpg,0.5521157
2021-10-01 01:30:00,/Volumes/Argus/unk/snap/c1/1633051800.c1.snap.jpg,0.7238899
2021-10-01 02:00:00,/Volumes/Argus/unk/snap/c1/1633053600.c1.snap.jpg,0.49279958
2021-10-01 02:30:00,/Volumes/Argus/unk/snap/c1/1633055400.c1.snap.jpg,0.5014858
2021-10-01 03:00:00,/Volumes/Argus/unk/snap/c1/1633057200.c1.snap.jpg,0.6275121
2021-10-01 04:30:00,/Volumes/Argus/unk/snap/c1/1633062600.c1.snap.jpg,0.7613431
2021-10-01 05:00:00,/Volumes/Argus/unk/snap/c1/1633064400.c1.snap.jpg,0.905773
2021-10-02 15:30:00,/Volumes/Argus/unk/snap/c1/1633188600.c1.snap.jpg,1.5437301
2021-10-02 16:00:00,/Volumes/Argus/unk/snap/c1/1633190400.c1.snap.jpg,1.0666349
2021-10-02 16:30:00,/Volumes/Argus/unk/snap/c1/1633192200.c1.snap.jpg,0.5054132
2021-10-02 17:00:00,/Volumes/Argus/unk/snap/c1/1633194000.c1.snap.jpg,0.5956303
2021-10-02 18:30:00,/Volumes/Argus/unk/snap/c1/1633199400.c1.snap.jpg,0.88403124
2021-10-02 19:00:00,/Volumes/Argus/unk/snap/c1/1633201200.c1.snap.jpg,0.8581729
2021-10-02 20:00:00,/Volumes/Argus/unk/snap/c1/1633204800.c1.snap.jpg,0.917902
2021-10-02 20:30:00,/Volumes/Argus/unk/snap/c1/1633206600.c1.snap.jpg,0.68911594
2021-10-02 21:00:00,/Volumes/Argus/unk/snap/c1/1633208400.c1.snap.jpg,0.56900316
2021-10-02 21:30:00,/Volumes/Argus/unk/snap/c1/1633210200.c1.snap.jpg,0.84802836
2021-10-02 22:00:00,/Volumes/Argus/unk/snap/c1/1633212000.c1.snap.jpg,1.0887389
2021-10-02 22:30:00,/Volumes/Argus/unk/snap/c1/1633213800.c1.snap.jpg,0.8232804
2021-10-02 23:00:00,/Volumes/Argus/unk/snap/c1/1633215600.c1.snap.jpg,0.5582695
2021-10-02 23:30:00,/Volumes/Argus/unk/snap/c1/1633217400.c1.snap.jpg,0.62293744
2021-10-03 00:00:00,/Volumes/Argus/unk/snap/c1/1633219200.c1.snap.jpg,0.45298088
2021-10-03 01:00:00,/Volumes/Argus/unk/snap/c1/1633222800.c1.snap.jpg,0.6291411
2021-10-03 01:30:00,/Volumes/Argus/unk/snap/c1/1633224600.c1.snap.jpg,0.6970686
2021-10-03 02:00:00,/Volumes/Argus/unk/snap/c1/1633226400.c1.snap.jpg,0.659819
2021-10-03 02:30:00,/Volumes/Argus/unk/snap/c1/1633228200.c1.snap.jpg,0.62868845
2021-10-03 03:00:00,/Volumes/Argus/unk/snap/c1/1633230000.c1.snap.jpg,0.61892104
2021-10-03 03:30:00,/Volumes/Argus/unk/snap/c1/1633231800.c1.snap.jpg,0.5388591
2021-10-03 04:00:00,/Volumes/Argus/unk/snap/c1/1633233600.c1.snap.jpg,0.59190124
2021-10-03 04:30:00,/Volumes/Argus/unk/snap/c1/1633235400.c1.snap.jpg,0.56625354
2021-10-03 05:00:00,/Volumes/Argus/unk/snap/c1/1633237200.c1.snap.jpg,0.5166378
2021-10-04 16:30:00,/Volumes/Argus/unk/snap/c1/1633365000.c1.snap.jpg,0.25671765
2021-10-04 17:00:00,/Volumes/Argus/unk/snap/c1/1633366800.c1.snap.jpg,0.31709838
2021-10-04 17:30:00,/Volumes/Argus/unk/snap/c1/1633368600.c1.snap.jpg,0.27987146
2021-10-04 18:00:00,/Volumes/Argus/unk/snap/c1/1633370400.c1.snap.jpg,0.3264155
2021-10-04 19:00:00,/Volumes/Argus/unk/snap/c1/1633374000.c1.snap.jpg,0.43756133
2021-10-04 19:30:00,/Volumes/Argus/unk/snap/c1/1633375800.c1.snap.jpg,0.41264892
2021-10-04 20:00:00,/Volumes/Argus/unk/snap/c1/1633377600.c1.snap.jpg,0.29100218
2021-10-04 20:30:00,/Volumes/Argus/unk/snap/c1/1633379400.c1.snap.jpg,0.374826
2021-10-04 21:00:00,/Volumes/Argus/unk/snap/c1/1633381200.c1.snap.jpg,0.39267528
2021-10-04 22:00:00,/Volumes/Argus/unk/snap/c1/1633384800.c1.snap.jpg,0.3865767
2021-10-04 22:30:00,/Volumes/Argus/unk/snap/c1/1633386600.c1.snap.jpg,0.3561491
2021-10-04 23:00:00,/Volumes/Argus/unk/snap/c1/1633388400.c1.snap.jpg,0.43282425
2021-10-04 23:30:00,/Volumes/Argus/unk/snap/c1/1633390200.c1.snap.jpg,0.42334512
2021-10-05 00:00:00,/Volumes/Argus/unk/snap/c1/1633392000.c1.snap.jpg,0.5165152
2021-10-05 00:30:00,/Volumes/Argus/unk/snap/c1/1633393800.c1.snap.jpg,0.524222
2021-10-05 01:00:00,/Volumes/Argus/unk/snap/c1/1633395600.c1.snap.jpg,0.38331285
2021-10-05 01:30:00,/Volumes/Argus/unk/snap/c1/1633397400.c1.snap.jpg,0.29840335
2021-10-05 02:00:00,/Volumes/Argus/unk/snap/c1/1633399200.c1.snap.jpg,0.48369086
2021-10-05 02:30:00,/Volumes/Argus/unk/snap/c1/1633401000.c1.snap.jpg,0.531445
2021-10-05 03:30:00,/Volumes/Argus/unk/snap/c1/1633404600.c1.snap.jpg,0.4317404
2021-10-05 04:00:00,/Volumes/Argus/unk/snap/c1/1633406400.c1.snap.jpg,0.4928593
2021-10-05 04:30:00,/Volumes/Argus/unk/snap/c1/1633408200.c1.snap.jpg,0.6580028
2021-10-06 16:30:00,/Volumes/Argus/unk/snap/c1/1633537800.c1.snap.jpg,0.538352
2021-10-06 17:00:00,/Volumes/Argus/unk/snap/c1/1633539600.c1.snap.jpg,0.3634402
2021-10-06 17:30:00,/Volumes/Argus/unk/snap/c1/1633541400.c1.snap.jpg,0.3534511
2021-10-06 18:00:00,/Volumes/Argus/unk/snap/c1/1633543200.c1.snap.jpg,0.37648547
2021-10-06 20:00:00,/Volumes/Argus/unk/snap/c1/1633550400.c1.snap.jpg,0.33420217
2021-10-06 20:30:00,/Volumes/Argus/unk/snap/c1/1633552200.c1.snap.jpg,0.32396895
2021-10-06 21:00:00,/Volumes/Argus/unk/snap/c1/1633554000.c1.snap.jpg,0.32671538
2021-10-06 21:30:00,/Volumes/Argus/unk/snap/c1/1633555800.c1.snap.jpg,0.3376376
2021-10-06 22:00:00,/Volumes/Argus/unk/snap/c1/1633557600.c1.snap.jpg,0.47429562
2021-10-06 22:30:00,/Volumes/Argus/unk/snap/c1/1633559400.c1.snap.jpg,0.4461218
2021-10-06 23:00:00,/Volumes/Argus/unk/snap/c1/1633561200.c1.snap.jpg,0.3711634
2021-10-06 23:30:00,/Volumes/Argus/unk/snap/c1/1633563000.c1.snap.jpg,0.41537374
2021-10-07 00:00:00,/Volumes/Argus/unk/snap/c1/1633564800.c1.snap.jpg,0.46747935
2021-10-07 00:30:00,/Volumes/Argus/unk/snap/c1/1633566600.c1.snap.jpg,0.5305371
2021-10-07 01:00:00,/Volumes/Argus/unk/snap/c1/1633568400.c1.snap.jpg,0.46673062
2021-10-07 02:30:00,/Volumes/Argus/unk/snap/c1/1633573800.c1.snap.jpg,0.39327562
2021-10-07 03:30:00,/Volumes/Argus/unk/snap/c1/1633577400.c1.snap.jpg,0.32840568
2021-10-07 04:00:00,/Volumes/Argus/unk/snap/c1/1633579200.c1.snap.jpg,0.3528498
2021-10-07 04:30:00,/Volumes/Argus/unk/snap/c1/1633581000.c1.snap.jpg,0.33323225
2021-10-07 16:30:00,/Volumes/Argus/unk/snap/c1/1633624200.c1.snap.jpg,0.96397996
2021-10-07 17:00:00,/Volumes/Argus/unk/snap/c1/1633626000.c1.snap.jpg,1.0816058
2021-10-07 17:30:00,/Volumes/Argus/unk/snap/c1/1633627800.c1.snap.jpg,1.03512
2021-10-07 18:00:00,/Volumes/Argus/unk/snap/c1/1633629600.c1.snap.jpg,1.0720867
2021-10-07 18:30:00,/Volumes/Argus/unk/snap/c1/1633631400.c1.snap.jpg,1.0444456
2021-10-07 19:00:00,/Volumes/Argus/unk/snap/c1/1633633200.c1.snap.jpg,1.0611644
2021-10-07 19:30:00,/Volumes/Argus/unk/snap/c1/1633635000.c1.snap.jpg,1.0831156
2021-10-07 20:30:00,/Volumes/Argus/unk/snap/c1/1633638600.c1.snap.jpg,0.980607
2021-10-07 21:30:00,/Volumes/Argus/unk/snap/c1/1633642200.c1.snap.jpg,0.9360769
2021-10-07 22:30:00,/Volumes/Argus/unk/snap/c1/1633645800.c1.snap.jpg,0.8496021
2021-10-07 23:00:00,/Volumes/Argus/unk/snap/c1/1633647600.c1.snap.jpg,0.8775239
2021-10-07 23:30:00,/Volumes/Argus/unk/snap/c1/1633649400.c1.snap.jpg,0.85979867
2021-10-08 01:00:00,/Volumes/Argus/unk/snap/c1/1633654800.c1.snap.jpg,0.55300814
2021-10-08 01:30:00,/Volumes/Argus/unk/snap/c1/1633656600.c1.snap.jpg,0.5876205
2021-10-08 02:30:00,/Volumes/Argus/unk/snap/c1/1633660200.c1.snap.jpg,0.74292314
2021-10-08 03:00:00,/Volumes/Argus/unk/snap/c1/1633662000.c1.snap.jpg,0.6598181
2021-10-08 03:30:00,/Volumes/Argus/unk/snap/c1/1633663800.c1.snap.jpg,0.63300395
2021-10-08 04:00:00,/Volumes/Argus/unk/snap/c1/1633665600.c1.snap.jpg,0.5093154
2021-10-08 04:30:00,/Volumes/Argus/unk/snap/c1/1633667400.c1.snap.jpg,0.4258293
2021-10-08 16:30:00,/Volumes/Argus/unk/snap/c1/1633710600.c1.snap.jpg,0.54525864
2021-10-08 17:00:00,/Volumes/Argus/unk/snap/c1/1633712400.c1.snap.jpg,0.63007426
2021-10-08 17:30:00,/Volumes/Argus/unk/snap/c1/1633714200.c1.snap.jpg,0.7350366
2021-10-08 18:00:00,/Volumes/Argus/unk/snap/c1/1633716000.c1.snap.jpg,0.39633206
2021-10-08 18:30:00,/Volumes/Argus/unk/snap/c1/1633717800.c1.snap.jpg,0.4643949
2021-10-08 19:00:00,/Volumes/Argus/unk/snap/c1/1633719600.c1.snap.jpg,0.39038134
2021-10-08 19:30:00,/Volumes/Argus/unk/snap/c1/1633721400.c1.snap.jpg,0.36961487
2021-10-08 20:00:00,/Volumes/Argus/unk/snap/c1/1633723200.c1.snap.jpg,0.3105751
2021-10-08 20:30:00,/Volumes/Argus/unk/snap/c1/1633725000.c1.snap.jpg,0.31892705
2021-10-08 21:30:00,/Volumes/Argus/unk/snap/c1/1633728600.c1.snap.jpg,0.371659
2021-10-08 22:30:00,/Volumes/Argus/unk/snap/c1/1633732200.c1.snap.jpg,0.41110086
2021-10-08 23:00:00,/Volumes/Argus/unk/snap/c1/1633734000.c1.snap.jpg,0.46282315
2021-10-08 23:30:00,/Volumes/Argus/unk/snap/c1/1633735800.c1.snap.jpg,0.6066251
2021-10-09 00:00:00,/Volumes/Argus/unk/snap/c1/1633737600.c1.snap.jpg,0.50126755
2021-10-09 00:30:00,/Volumes/Argus/unk/snap/c1/1633739400.c1.snap.jpg,0.4322297
2021-10-09 01:00:00,/Volumes/Argus/unk/snap/c1/1633741200.c1.snap.jpg,0.5365578
2021-10-09 01:30:00,/Volumes/Argus/unk/snap/c1/1633743000.c1.snap.jpg,0.585469
2021-10-09 02:00:00,/Volumes/Argus/unk/snap/c1/1633744800.c1.snap.jpg,0.5609244
2021-10-09 02:30:00,/Volumes/Argus/unk/snap/c1/1633746600.c1.snap.jpg,0.62970996
2021-10-09 04:00:00,/Volumes/Argus/unk/snap/c1/1633752000.c1.snap.jpg,0.489294
2021-10-09 04:30:00,/Volumes/Argus/unk/snap/c1/1633753800.c1.snap.jpg,0.7591788
2021-10-09 16:30:00,/Volumes/Argus/unk/snap/c1/1633797000.c1.snap.jpg,0.46495324
2021-10-09 17:00:00,/Volumes/Argus/unk/snap/c1/1633798800.c1.snap.jpg,0.30975953
2021-10-09 17:30:00,/Volumes/Argus/unk/snap/c1/1633800600.c1.snap.jpg,0.3441916
2021-10-09 18:00:00,/Volumes/Argus/unk/snap/c1/1633802400.c1.snap.jpg,0.30244887
2021-10-09 19:00:00,/Volumes/Argus/unk/snap/c1/1633806000.c1.snap.jpg,0.32073736
2021-10-09 19:30:00,/Volumes/Argus/unk/snap/c1/1633807800.c1.snap.jpg,0.29523164
2021-10-09 21:30:00,/Volumes/Argus/unk/snap/c1/1633815000.c1.snap.jpg,0.31776312
2021-10-09 22:00:00,/Volumes/Argus/unk/snap/c1/1633816800.c1.snap.jpg,0.32915652
2021-10-09 22:30:00,/Volumes/Argus/unk/snap/c1/1633818600.c1.snap.jpg,0.43209508
2021-10-09 23:30:00,/Volumes/Argus/unk/snap/c1/1633822200.c1.snap.jpg,0.4747055
2021-10-10 00:00:00,/Volumes/Argus/unk/snap/c1/1633824000.c1.snap.jpg,0.39454594
2021-10-10 00:30:00,/Volumes/Argus/unk/snap/c1/1633825800.c1.snap.jpg,0.2978769
2021-10-10 01:00:00,/Volumes/Argus/unk/snap/c1/1633827600.c1.snap.jpg,0.41651154
2021-10-10 01:30:00,/Volumes/Argus/unk/snap/c1/1633829400.c1.snap.jpg,0.29967302
2021-10-10 02:00:00,/Volumes/Argus/unk/snap/c1/1633831200.c1.snap.jpg,0.36290687
2021-10-10 02:30:00,/Volumes/Argus/unk/snap/c1/1633833000.c1.snap.jpg,0.43036875
2021-10-10 03:00:00,/Volumes/Argus/unk/snap/c1/1633834800.c1.snap.jpg,0.40513206
2021-10-10 03:30:00,/Volumes/Argus/unk/snap/c1/1633836600.c1.snap.jpg,0.30814028
2021-10-10 04:00:00,/Volumes/Argus/unk/snap/c1/1633838400.c1.snap.jpg,0.54675424
2021-10-10 16:30:00,/Volumes/Argus/unk/snap/c1/1633883400.c1.snap.jpg,0.8993763
2021-10-10 17:00:00,/Volumes/Argus/unk/snap/c1/1633885200.c1.snap.jpg,1.1061978
2021-10-10 17:30:00,/Volumes/Argus/unk/snap/c1/1633887000.c1.snap.jpg,0.70146847
2021-10-10 18:00:00,/Volumes/Argus/unk/snap/c1/1633888800.c1.snap.jpg,0.93232554
2021-10-10 20:00:00,/Volumes/Argus/unk/snap/c1/1633896000.c1.snap.jpg,0.9026253
2021-10-10 20:30:00,/Volumes/Argus/unk/snap/c1/1633897800.c1.snap.jpg,0.8758075
2021-10-10 21:00:00,/Volumes/Argus/unk/snap/c1/1633899600.c1.snap.jpg,0.78187335
2021-10-10 21:30:00,/Volumes/Argus/unk/snap/c1/1633901400.c1.snap.jpg,0.7663162
2021-10-10 22:00:00,/Volumes/Argus/unk/snap/c1/1633903200.c1.snap.jpg,0.66497964
2021-10-10 22:30:00,/Volumes/Argus/unk/snap/c1/1633905000.c1.snap.jpg,0.63159823
2021-10-10 23:00:00,/Volumes/Argus/unk/snap/c1/1633906800.c1.snap.jpg,0.6065723
2021-10-11 00:00:00,/Volumes/Argus/unk/snap/c1/1633910400.c1.snap.jpg,0.52369237
2021-10-11 00:30:00,/Volumes/Argus/unk/snap/c1/1633912200.c1.snap.jpg,0.53935516
2021-10-11 01:00:00,/Volumes/Argus/unk/snap/c1/1633914000.c1.snap.jpg,0.5120281
2021-10-11 01:30:00,/Volumes/Argus/unk/snap/c1/1633915800.c1.snap.jpg,0.52132785
2021-10-11 02:00:00,/Volumes/Argus/unk/snap/c1/1633917600.c1.snap.jpg,0.5067908
2021-10-11 02:30:00,/Volumes/Argus/unk/snap/c1/1633919400.c1.snap.jpg,0.57733303
2021-10-11 03:00:00,/Volumes/Argus/unk/snap/c1/1633921200.c1.snap.jpg,0.51458305
2021-10-11 03:30:00,/Volumes/Argus/unk/snap/c1/1633923000.c1.snap.jpg,0.35804707
2021-10-11 04:00:00,/Volumes/Argus/unk/snap/c1/1633924800.c1.snap.jpg,0.45844075
2021-10-11 16:30:00,/Volumes/Argus/unk/snap/c1/1633969800.c1.snap.jpg,0.5927881
2021-10-11 17:00:00,/Volumes/Argus/unk/snap/c1/1633971600.c1.snap.jpg,0.54752666
2021-10-11 17:30:00,/Volumes/Argus/unk/snap/c1/1633973400.c1.snap.jpg,0.5433517
2021-10-11 18:00:00,/Volumes/Argus/unk/snap/c1/1633975200.c1.snap.jpg,0.5626899
2021-10-11 18:30:00,/Volumes/Argus/unk/snap/c1/1633977000.c1.snap.jpg,0.4511143
2021-10-11 19:00:00,/Volumes/Argus/unk/snap/c1/1633978800.c1.snap.jpg,0.5119972
2021-10-11 19:30:00,/Volumes/Argus/unk/snap/c1/1633980600.c1.snap.jpg,0.53462857
2021-10-11 20:00:00,/Volumes/Argus/unk/snap/c1/1633982400.c1.snap.jpg,0.61577845
2021-10-11 21:00:00,/Volumes/Argus/unk/snap/c1/1633986000.c1.snap.jpg,0.50582844
2021-10-11 21:30:00,/Volumes/Argus/unk/snap/c1/1633987800.c1.snap.jpg,0.53705764
2021-10-11 22:00:00,/Volumes/Argus/unk/snap/c1/1633989600.c1.snap.jpg,0.51333636
2021-10-11 22:30:00,/Volumes/Argus/unk/snap/c1/1633991400.c1.snap.jpg,0.5468606
2021-10-11 23:30:00,/Volumes/Argus/unk/snap/c1/1633995000.c1.snap.jpg,0.36491823
2021-10-12 00:00:00,/Volumes/Argus/unk/snap/c1/1633996800.c1.snap.jpg,0.4133035
2021-10-12 00:30:00,/Volumes/Argus/unk/snap/c1/1633998600.c1.snap.jpg,0.33477283
2021-10-12 01:00:00,/Volumes/Argus/unk/snap/c1/1634000400.c1.snap.jpg,0.49699888
2021-10-12 01:30:00,/Volumes/Argus/unk/snap/c1/1634002200.c1.snap.jpg,0.43043014
2021-10-12 02:00:00,/Volumes/Argus/unk/snap/c1/1634004000.c1.snap.jpg,0.5187793
2021-10-12 02:30:00,/Volumes/Argus/unk/snap/c1/1634005800.c1.snap.jpg,0.42634553
2021-10-12 03:00:00,/Volumes/Argus/unk/snap/c1/1634007600.c1.snap.jpg,0.49935204
2021-10-12 03:30:00,/Volumes/Argus/unk/snap/c1/1634009400.c1.snap.jpg,0.34997612
2021-10-12 04:00:00,/Volumes/Argus/unk/snap/c1/1634011200.c1.snap.jpg,0.4008092
2021-10-12 04:30:00,/Volumes/Argus/unk/snap/c1/1634013000.c1.snap.jpg,0.57574356
2021-10-13 16:30:00,/Volumes/Argus/unk/snap/c1/1634142600.c1.snap.jpg,1.0716927
2021-10-13 17:00:00,/Volumes/Argus/unk/snap/c1/1634144400.c1.snap.jpg,0.31661505
2021-10-13 17:30:00,/Volumes/Argus/unk/snap/c1/1634146200.c1.snap.jpg,0.357143
2021-10-13 18:00:00,/Volumes/Argus/unk/snap/c1/1634148000.c1.snap.jpg,0.24292976
2021-10-13 18:30:00,/Volumes/Argus/unk/snap/c1/1634149800.c1.snap.jpg,0.27645513
2021-10-13 19:00:00,/Volumes/Argus/unk/snap/c1/1634151600.c1.snap.jpg,0.29573742
2021-10-13 19:30:00,/Volumes/Argus/unk/snap/c1/1634153400.c1.snap.jpg,0.2899638
2021-10-13 20:00:00,/Volumes/Argus/unk/snap/c1/1634155200.c1.snap.jpg,0.26277503
2021-10-13 20:30:00,/Volumes/Argus/unk/snap/c1/1634157000.c1.snap.jpg,0.2683957
2021-10-13 21:00:00,/Volumes/Argus/unk/snap/c1/1634158800.c1.snap.jpg,0.35020685
2021-10-13 21:30:00,/Volumes/Argus/unk/snap/c1/1634160600.c1.snap.jpg,0.35472146
2021-10-13 22:00:00,/Volumes/Argus/unk/snap/c1/1634162400.c1.snap.jpg,0.46310514
2021-10-13 22:30:00,/Volumes/Argus/unk/snap/c1/1634164200.c1.snap.jpg,0.33621037
2021-10-13 23:00:00,/Volumes/Argus/unk/snap/c1/1634166000.c1.snap.jpg,0.38160706
2021-10-13 23:30:00,/Volumes/Argus/unk/snap/c1/1634167800.c1.snap.jpg,0.36517072
2021-10-14 00:00:00,/Volumes/Argus/unk/snap/c1/1634169600.c1.snap.jpg,0.5316943
2021-10-14 00:30:00,/Volumes/Argus/unk/snap/c1/1634171400.c1.snap.jpg,0.38025683
2021-10-14 01:00:00,/Volumes/Argus/unk/snap/c1/1634173200.c1.snap.jpg,0.44131595
2021-10-14 01:30:00,/Volumes/Argus/unk/snap/c1/1634175000.c1.snap.jpg,0.53590536
2021-10-14 02:00:00,/Volumes/Argus/unk/snap/c1/1634176800.c1.snap.jpg,0.27390638
2021-10-14 02:30:00,/Volumes/Argus/unk/snap/c1/1634178600.c1.snap.jpg,0.43550056
2021-10-14 03:00:00,/Volumes/Argus/unk/snap/c1/1634180400.c1.snap.jpg,0.50344986
2021-10-14 03:30:00,/Volumes/Argus/unk/snap/c1/1634182200.c1.snap.jpg,0.5694278
2021-10-14 04:00:00,/Volumes/Argus/unk/snap/c1/1634184000.c1.snap.jpg,0.35598895
2021-10-14 04:30:00,/Volumes/Argus/unk/snap/c1/1634185800.c1.snap.jpg,0.8122267
2021-10-14 16:30:00,/Volumes/Argus/unk/snap/c1/1634229000.c1.snap.jpg,0.75176203
2021-10-14 17:00:00,/Volumes/Argus/unk/snap/c1/1634230800.c1.snap.jpg,0.28647518
2021-10-14 17:30:00,/Volumes/Argus/unk/snap/c1/1634232600.c1.snap.jpg,0.2964309
2021-10-14 18:00:00,/Volumes/Argus/unk/snap/c1/1634234400.c1.snap.jpg,0.3231955
2021-10-14 20:30:00,/Volumes/Argus/unk/snap/c1/1634243400.c1.snap.jpg,0.3270275
2021-10-14 21:00:00,/Volumes/Argus/unk/snap/c1/1634245200.c1.snap.jpg,0.35041383
2021-10-14 21:30:00,/Volumes/Argus/unk/snap/c1/1634247000.c1.snap.jpg,0.50824153
2021-10-14 22:00:00,/Volumes/Argus/unk/snap/c1/1634248800.c1.snap.jpg,0.44691196
2021-10-14 23:00:00,/Volumes/Argus/unk/snap/c1/1634252400.c1.snap.jpg,0.4295137
2021-10-14 23:30:00,/Volumes/Argus/unk/snap/c1/1634254200.c1.snap.jpg,0.3206039
2021-10-15 00:00:00,/Volumes/Argus/unk/snap/c1/1634256000.c1.snap.jpg,0.4440839
2021-10-15 00:30:00,/Volumes/Argus/unk/snap/c1/1634257800.c1.snap.jpg,0.40645105
2021-10-15 01:00:00,/Volumes/Argus/unk/snap/c1/1634259600.c1.snap.jpg,0.3147166
2021-10-15 01:30:00,/Volumes/Argus/unk/snap/c1/1634261400.c1.snap.jpg,0.34271935
2021-10-15 02:00:00,/Volumes/Argus/unk/snap/c1/1634263200.c1.snap.jpg,0.39108673
2021-10-15 04:00:00,/Volumes/Argus/unk/snap/c1/1634270400.c1.snap.jpg,0.2847054
2021-10-15 04:30:00,/Volumes/Argus/unk/snap/c1/1634272200.c1.snap.jpg,0.7848871
2021-10-16 16:30:00,/Volumes/Argus/unk/snap/c1/1634401800.c1.snap.jpg,1.2736405
2021-10-16 17:00:00,/Volumes/Argus/unk/snap/c1/1634403600.c1.snap.jpg,0.7129694
2021-10-16 17:30:00,/Volumes/Argus/unk/snap/c1/1634405400.c1.snap.jpg,0.44193888
2021-10-16 18:00:00,/Volumes/Argus/unk/snap/c1/1634407200.c1.snap.jpg,0.6588603
2021-10-16 18:30:00,/Volumes/Argus/unk/snap/c1/1634409000.c1.snap.jpg,0.7949326
2021-10-16 19:00:00,/Volumes/Argus/unk/snap/c1/1634410800.c1.snap.jpg,0.7189756
2021-10-16 19:30:00,/Volumes/Argus/unk/snap/c1/1634412600.c1.snap.jpg,0.6411773
2021-10-16 20:00:00,/Volumes/Argus/unk/snap/c1/1634414400.c1.snap.jpg,0.70787376
2021-10-16 20:30:00,/Volumes/Argus/unk/snap/c1/1634416200.c1.snap.jpg,0.5928588
2021-10-16 21:00:00,/Volumes/Argus/unk/snap/c1/1634418000.c1.snap.jpg,0.63381076
2021-10-16 21:30:00,/Volumes/Argus/unk/snap/c1/1634419800.c1.snap.jpg,0.4997236
2021-10-16 22:00:00,/Volumes/Argus/unk/snap/c1/1634421600.c1.snap.jpg,0.34842008
2021-10-16 23:30:00,/Volumes/Argus/unk/snap/c1/1634427000.c1.snap.jpg,0.59229624
2021-10-17 00:00:00,/Volumes/Argus/unk/snap/c1/1634428800.c1.snap.jpg,0.50454867
2021-10-17 00:30:00,/Volumes/Argus/unk/snap/c1/1634430600.c1.snap.jpg,0.3576977
2021-10-17 01:00:00,/Volumes/Argus/unk/snap/c1/1634432400.c1.snap.jpg,0.45516902
2021-10-17 01:30:00,/Volumes/Argus/unk/snap/c1/1634434200.c1.snap.jpg,0.6051207
2021-10-17 02:00:00,/Volumes/Argus/unk/snap/c1/1634436000.c1.snap.jpg,0.43925714
2021-10-17 02:30:00,/Volumes/Argus/unk/snap/c1/1634437800.c1.snap.jpg,0.40838644
2021-10-17 03:00:00,/Volumes/Argus/unk/snap/c1/1634439600.c1.snap.jpg,0.2951361
2021-10-17 03:30:00,/Volumes/Argus/unk/snap/c1/1634441400.c1.snap.jpg,0.35165292
2021-10-17 04:00:00,/Volumes/Argus/unk/snap/c1/1634443200.c1.snap.jpg,0.31382743
2021-10-17 04:30:00,/Volumes/Argus/unk/snap/c1/1634445000.c1.snap.jpg,1.8426934
2021-10-17 16:30:00,/Volumes/Argus/unk/snap/c1/1634488200.c1.snap.jpg,1.8333088
2021-10-17 17:00:00,/Volumes/Argus/unk/snap/c1/1634490000.c1.snap.jpg,0.4815113
2021-10-17 17:30:00,/Volumes/Argus/unk/snap/c1/1634491800.c1.snap.jpg,0.31905586
2021-10-17 18:00:00,/Volumes/Argus/unk/snap/c1/1634493600.c1.snap.jpg,0.3609962
2021-10-17 18:30:00,/Volumes/Argus/unk/snap/c1/1634495400.c1.snap.jpg,0.34054872
2021-10-17 19:00:00,/Volumes/Argus/unk/snap/c1/1634497200.c1.snap.jpg,0.40734982
2021-10-17 19:30:00,/Volumes/Argus/unk/snap/c1/1634499000.c1.snap.jpg,0.43219444
2021-10-17 20:00:00,/Volumes/Argus/unk/snap/c1/1634500800.c1.snap.jpg,0.49078786
2021-10-17 20:30:00,/Volumes/Argus/unk/snap/c1/1634502600.c1.snap.jpg,0.5101622
2021-10-17 21:00:00,/Volumes/Argus/unk/snap/c1/1634504400.c1.snap.jpg,0.5375718
2021-10-17 21:30:00,/Volumes/Argus/unk/snap/c1/1634506200.c1.snap.jpg,0.44890958
2021-10-17 22:00:00,/Volumes/Argus/unk/snap/c1/1634508000.c1.snap.jpg,0.5647713
2021-10-17 22:30:00,/Volumes/Argus/unk/snap/c1/1634509800.c1.snap.jpg,0.5458219
2021-10-17 23:00:00,/Volumes/Argus/unk/snap/c1/1634511600.c1.snap.jpg,0.5009515
2021-10-17 23:30:00,/Volumes/Argus/unk/snap/c1/1634513400.c1.snap.jpg,0.5437177
2021-10-18 00:00:00,/Volumes/Argus/unk/snap/c1/1634515200.c1.snap.jpg,0.64313877
2021-10-18 00:30:00,/Volumes/Argus/unk/snap/c1/1634517000.c1.snap.jpg,0.6469632
2021-10-18 01:00:00,/Volumes/Argus/unk/snap/c1/1634518800.c1.snap.jpg,0.61160433
2021-10-18 01:30:00,/Volumes/Argus/unk/snap/c1/1634520600.c1.snap.jpg,0.6368158
2021-10-18 02:00:00,/Volumes/Argus/unk/snap/c1/1634522400.c1.snap.jpg,0.72058296
2021-10-18 02:30:00,/Volumes/Argus/unk/snap/c1/1634524200.c1.snap.jpg,0.6802243
2021-10-18 03:30:00,/Volumes/Argus/unk/snap/c1/1634527800.c1.snap.jpg,0.6440131
2021-10-18 04:00:00,/Volumes/Argus/unk/snap/c1/1634529600.c1.snap.jpg,0.6562688
2021-10-18 04:30:00,/Volumes/Argus/unk/snap/c1/1634531400.c1.snap.jpg,0.66337585
2021-10-18 16:30:00,/Volumes/Argus/unk/snap/c1/1634574600.c1.snap.jpg,0.79041386
2021-10-18 17:00:00,/Volumes/Argus/unk/snap/c1/1634576400.c1.snap.jpg,0.5690627
2021-10-18 17:30:00,/Volumes/Argus/unk/snap/c1/1634578200.c1.snap.jpg,0.39847976
2021-10-18 18:00:00,/Volumes/Argus/unk/snap/c1/1634580000.c1.snap.jpg,0.41388604
2021-10-18 18:30:00,/Volumes/Argus/unk/snap/c1/1634581800.c1.snap.jpg,0.40780777
2021-10-18 19:00:00,/Volumes/Argus/unk/snap/c1/1634583600.c1.snap.jpg,0.39574122
2021-10-18 19:30:00,/Volumes/Argus/unk/snap/c1/1634585400.c1.snap.jpg,0.42669722
2021-10-18 20:00:00,/Volumes/Argus/unk/snap/c1/1634587200.c1.snap.jpg,0.47438827
2021-10-18 20:30:00,/Volumes/Argus/unk/snap/c1/1634589000.c1.snap.jpg,0.3392431
2021-10-18 22:00:00,/Volumes/Argus/unk/snap/c1/1634594400.c1.snap.jpg,0.37932152
2021-10-18 22:30:00,/Volumes/Argus/unk/snap/c1/1634596200.c1.snap.jpg,0.40942296
2021-10-18 23:00:00,/Volumes/Argus/unk/snap/c1/1634598000.c1.snap.jpg,0.32922518
2021-10-18 23:30:00,/Volumes/Argus/unk/snap/c1/1634599800.c1.snap.jpg,0.388449
2021-10-19 00:00:00,/Volumes/Argus/unk/snap/c1/1634601600.c1.snap.jpg,0.32673126
2021-10-19 00:30:00,/Volumes/Argus/unk/snap/c1/1634603400.c1.snap.jpg,0.36191833
2021-10-19 01:00:00,/Volumes/Argus/unk/snap/c1/1634605200.c1.snap.jpg,0.34620863
2021-10-19 01:30:00,/Volumes/Argus/unk/snap/c1/1634607000.c1.snap.jpg,0.31441665
2021-10-19 02:00:00,/Volumes/Argus/unk/snap/c1/1634608800.c1.snap.jpg,0.2988947
2021-10-19 02:30:00,/Volumes/Argus/unk/snap/c1/1634610600.c1.snap.jpg,0.30654314
2021-10-19 03:30:00,/Volumes/Argus/unk/snap/c1/1634614200.c1.snap.jpg,0.3379863
2021-10-19 04:00:00,/Volumes/Argus/unk/snap/c1/1634616000.c1.snap.jpg,0.53707504
2021-10-19 04:30:00,/Volumes/Argus/unk/snap/c1/1634617800.c1.snap.jpg,1.864441
2021-10-19 16:30:00,/Volumes/Argus/unk/snap/c1/1634661000.c1.snap.jpg,1.7957611
2021-10-19 17:00:00,/Volumes/Argus/unk/snap/c1/1634662800.c1.snap.jpg,0.67993325
2021-10-19 17:30:00,/Volumes/Argus/unk/snap/c1/1634664600.c1.snap.jpg,0.34749904
2021-10-19 18:00:00,/Volumes/Argus/unk/snap/c1/1634666400.c1.snap.jpg,0.3676424
2021-10-19 19:00:00,/Volumes/Argus/unk/snap/c1/1634670000.c1.snap.jpg,0.37403098
2021-10-19 20:00:00,/Volumes/Argus/unk/snap/c1/1634673600.c1.snap.jpg,0.4516013
2021-10-19 21:00:00,/Volumes/Argus/unk/snap/c1/1634677200.c1.snap.jpg,0.4126572
2021-10-19 21:30:00,/Volumes/Argus/unk/snap/c1/1634679000.c1.snap.jpg,0.39976722
2021-10-19 22:00:00,/Volumes/Argus/unk/snap/c1/1634680800.c1.snap.jpg,0.49015647
2021-10-19 23:00:00,/Volumes/Argus/unk/snap/c1/1634684400.c1.snap.jpg,0.41432515
2021-10-19 23:30:00,/Volumes/Argus/unk/snap/c1/1634686200.c1.snap.jpg,0.3646995
2021-10-20 00:00:00,/Volumes/Argus/unk/snap/c1/1634688000.c1.snap.jpg,0.38798028
2021-10-20 00:30:00,/Volumes/Argus/unk/snap/c1/1634689800.c1.snap.jpg,0.56102484
2021-10-20 02:00:00,/Volumes/Argus/unk/snap/c1/1634695200.c1.snap.jpg,0.36878383
2021-10-20 02:30:00,/Volumes/Argus/unk/snap/c1/1634697000.c1.snap.jpg,0.47706342
2021-10-20 03:00:00,/Volumes/Argus/unk/snap/c1/1634698800.c1.snap.jpg,0.43052918
2021-10-20 03:30:00,/Volumes/Argus/unk/snap/c1/1634700600.c1.snap.jpg,0.43921262
2021-10-20 04:00:00,/Volumes/Argus/unk/snap/c1/1634702400.c1.snap.jpg,0.61054856
2021-10-20 04:30:00,/Volumes/Argus/unk/snap/c1/1634704200.c1.snap.jpg,0.98086905
2021-10-21 16:30:00,/Volumes/Argus/unk/snap/c1/1634833800.c1.snap.jpg,1.2794867
2021-10-21 17:00:00,/Volumes/Argus/unk/snap/c1/1634835600.c1.snap.jpg,0.74489355
2021-10-21 18:00:00,/Volumes/Argus/unk/snap/c1/1634839200.c1.snap.jpg,0.35538363
2021-10-21 18:30:00,/Volumes/Argus/unk/snap/c1/1634841000.c1.snap.jpg,0.37984622
2021-10-21 19:00:00,/Volumes/Argus/unk/snap/c1/1634842800.c1.snap.jpg,0.4900664
2021-10-21 19:30:00,/Volumes/Argus/unk/snap/c1/1634844600.c1.snap.jpg,0.45800775
2021-10-21 20:00:00,/Volumes/Argus/unk/snap/c1/1634846400.c1.snap.jpg,0.46651095
2021-10-21 20:30:00,/Volumes/Argus/unk/snap/c1/1634848200.c1.snap.jpg,0.76517236
2021-10-21 21:00:00,/Volumes/Argus/unk/snap/c1/1634850000.c1.snap.jpg,0.67266476
2021-10-21 21:30:00,/Volumes/Argus/unk/snap/c1/1634851800.c1.snap.jpg,0.6466987
2021-10-21 22:00:00,/Volumes/Argus/unk/snap/c1/1634853600.c1.snap.jpg,0.4615951
2021-10-21 22:30:00,/Volumes/Argus/unk/snap/c1/1634855400.c1.snap.jpg,0.534581
2021-10-21 23:00:00,/Volumes/Argus/unk/snap/c1/1634857200.c1.snap.jpg,0.4839368
2021-10-21 23:30:00,/Volumes/Argus/unk/snap/c1/1634859000.c1.snap.jpg,0.46509558
2021-10-22 00:00:00,/Volumes/Argus/unk/snap/c1/1634860800.c1.snap.jpg,0.58364695
2021-10-22 00:30:00,/Volumes/Argus/unk/snap/c1/1634862600.c1.snap.jpg,0.5767484
2021-10-22 01:00:00,/Volumes/Argus/unk/snap/c1/1634864400.c1.snap.jpg,0.39133805
2021-10-22 01:30:00,/Volumes/Argus/unk/snap/c1/1634866200.c1.snap.jpg,0.41446483
2021-10-22 02:00:00,/Volumes/Argus/unk/snap/c1/1634868000.c1.snap.jpg,0.3753755
2021-10-22 02:30:00,/Volumes/Argus/unk/snap/c1/1634869800.c1.snap.jpg,0.3335449
2021-10-22 03:30:00,/Volumes/Argus/unk/snap/c1/1634873400.c1.snap.jpg,0.35502154
2021-10-22 04:00:00,/Volumes/Argus/unk/snap/c1/1634875200.c1.snap.jpg,0.57608974
2021-10-22 04:30:00,/Volumes/Argus/unk/snap/c1/1634877000.c1.snap.jpg,1.743791
2021-10-23 16:30:00,/Volumes/Argus/unk/snap/c1/1635006600.c1.snap.jpg,0.99506557
2021-10-23 17:00:00,/Volumes/Argus/unk/snap/c1/1635008400.c1.snap.jpg,0.7798732
2021-10-23 17:30:00,/Volumes/Argus/unk/snap/c1/1635010200.c1.snap.jpg,0.40421113
2021-10-23 18:00:00,/Volumes/Argus/unk/snap/c1/1635012000.c1.snap.jpg,0.32111058
2021-10-23 18:30:00,/Volumes/Argus/unk/snap/c1/1635013800.c1.snap.jpg,0.3495655
2021-10-23 19:00:00,/Volumes/Argus/unk/snap/c1/1635015600.c1.snap.jpg,0.3313891
2021-10-23 19:30:00,/Volumes/Argus/unk/snap/c1/1635017400.c1.snap.jpg,0.3629772
2021-10-23 20:00:00,/Volumes/Argus/unk/snap/c1/1635019200.c1.snap.jpg,0.3635307
2021-10-23 22:00:00,/Volumes/Argus/unk/snap/c1/1635026400.c1.snap.jpg,0.40596616
2021-10-23 22:30:00,/Volumes/Argus/unk/snap/c1/1635028200.c1.snap.jpg,0.30842972
2021-10-23 23:00:00,/Volumes/Argus/unk/snap/c1/1635030000.c1.snap.jpg,0.30610818
2021-10-23 23:30:00,/Volumes/Argus/unk/snap/c1/1635031800.c1.snap.jpg,0.3006764
2021-10-24 00:00:00,/Volumes/Argus/unk/snap/c1/1635033600.c1.snap.jpg,0.2725869
2021-10-24 01:30:00,/Volumes/Argus/unk/snap/c1/1635039000.c1.snap.jpg,0.32127556
2021-10-24 03:00:00,/Volumes/Argus/unk/snap/c1/1635044400.c1.snap.jpg,0.37172765
2021-10-24 03:30:00,/Volumes/Argus/unk/snap/c1/1635046200.c1.snap.jpg,0.36974898
2021-10-24 04:00:00,/Volumes/Argus/unk/snap/c1/1635048000.c1.snap.jpg,1.9382389
2021-10-24 04:30:00,/Volumes/Argus/unk/snap/c1/1635049800.c1.snap.jpg,1.8128585
2021-10-24 16:30:00,/Volumes/Argus/unk/snap/c1/1635093000.c1.snap.jpg,1.6058134
2021-10-24 17:00:00,/Volumes/Argus/unk/snap/c1/1635094800.c1.snap.jpg,1.8500762
2021-10-24 18:00:00,/Volumes/Argus/unk/snap/c1/1635098400.c1.snap.jpg,0.8596687
2021-10-24 18:30:00,/Volumes/Argus/unk/snap/c1/1635100200.c1.snap.jpg,1.0109954
2021-10-24 19:00:00,/Volumes/Argus/unk/snap/c1/1635102000.c1.snap.jpg,0.5269258
2021-10-24 19:30:00,/Volumes/Argus/unk/snap/c1/1635103800.c1.snap.jpg,0.72215784
2021-10-24 20:00:00,/Volumes/Argus/unk/snap/c1/1635105600.c1.snap.jpg,0.8658005
2021-10-24 21:00:00,/Volumes/Argus/unk/snap/c1/1635109200.c1.snap.jpg,0.73002386
2021-10-24 21:30:00,/Volumes/Argus/unk/snap/c1/1635111000.c1.snap.jpg,0.93340033
2021-10-24 22:00:00,/Volumes/Argus/unk/snap/c1/1635112800.c1.snap.jpg,0.5897938
2021-10-24 22:30:00,/Volumes/Argus/unk/snap/c1/1635114600.c1.snap.jpg,1.1258299
2021-10-24 23:00:00,/Volumes/Argus/unk/snap/c1/1635116400.c1.snap.jpg,0.84645116
2021-10-24 23:30:00,/Volumes/Argus/unk/snap/c1/1635118200.c1.snap.jpg,0.8661766
2021-10-25 00:30:00,/Volumes/Argus/unk/snap/c1/1635121800.c1.snap.jpg,0.8961862
2021-10-25 01:00:00,/Volumes/Argus/unk/snap/c1/1635123600.c1.snap.jpg,0.98625684
2021-10-25 02:00:00,/Volumes/Argus/unk/snap/c1/1635127200.c1.snap.jpg,0.6130927
2021-10-25 02:30:00,/Volumes/Argus/unk/snap/c1/1635129000.c1.snap.jpg,0.38429758
2021-10-25 03:00:00,/Volumes/Argus/unk/snap/c1/1635130800.c1.snap.jpg,0.82851166
2021-10-25 03:30:00,/Volumes/Argus/unk/snap/c1/1635132600.c1.snap.jpg,0.8381462
2021-10-25 04:00:00,/Volumes/Argus/unk/snap/c1/1635134400.c1.snap.jpg,0.8749229
2021-10-25 04:30:00,/Volumes/Argus/unk/snap/c1/1635136200.c1.snap.jpg,1.7887115
2021-10-26 16:30:00,/Volumes/Argus/unk/snap/c1/1635265800.c1.snap.jpg,1.1784875
2021-10-26 17:00:00,/Volumes/Argus/unk/snap/c1/1635267600.c1.snap.jpg,0.5975572
2021-10-26 17:30:00,/Volumes/Argus/unk/snap/c1/1635269400.c1.snap.jpg,0.69095564
2021-10-26 18:00:00,/Volumes/Argus/unk/snap/c1/1635271200.c1.snap.jpg,0.74538964
2021-10-26 19:00:00,/Volumes/Argus/unk/snap/c1/1635274800.c1.snap.jpg,0.73453534
2021-10-26 19:30:00,/Volumes/Argus/unk/snap/c1/1635276600.c1.snap.jpg,0.69224596
2021-10-26 20:00:00,/Volumes/Argus/unk/snap/c1/1635278400.c1.snap.jpg,0.54622495
2021-10-26 20:30:00,/Volumes/Argus/unk/snap/c1/1635280200.c1.snap.jpg,0.5514283
2021-10-26 21:00:00,/Volumes/Argus/unk/snap/c1/1635282000.c1.snap.jpg,0.53548527
2021-10-26 21:30:00,/Volumes/Argus/unk/snap/c1/1635283800.c1.snap.jpg,0.48232946
2021-10-26 22:00:00,/Volumes/Argus/unk/snap/c1/1635285600.c1.snap.jpg,0.47061628
2021-10-26 22:30:00,/Volumes/Argus/unk/snap/c1/1635287400.c1.snap.jpg,0.65859246
2021-10-26 23:00:00,/Volumes/Argus/unk/snap/c1/1635289200.c1.snap.jpg,0.4747299
2021-10-27 00:00:00,/Volumes/Argus/unk/snap/c1/1635292800.c1.snap.jpg,0.6022308
2021-10-27 00:30:00,/Volumes/Argus/unk/snap/c1/1635294600.c1.snap.jpg,0.6824862
2021-10-27 01:00:00,/Volumes/Argus/unk/snap/c1/1635296400.c1.snap.jpg,0.79641473
2021-10-27 01:30:00,/Volumes/Argus/unk/snap/c1/1635298200.c1.snap.jpg,0.70749223
2021-10-27 02:00:00,/Volumes/Argus/unk/snap/c1/1635300000.c1.snap.jpg,0.59600824
2021-10-27 02:30:00,/Volumes/Argus/unk/snap/c1/1635301800.c1.snap.jpg,0.58675855
2021-10-27 03:00:00,/Volumes/Argus/unk/snap/c1/1635303600.c1.snap.jpg,0.37353605
2021-10-27 03:30:00,/Volumes/Argus/unk/snap/c1/1635305400.c1.snap.jpg,0.6705811
2021-10-27 04:00:00,/Volumes/Argus/unk/snap/c1/1635307200.c1.snap.jpg,0.52176535
2021-10-27 04:30:00,/Volumes/Argus/unk/snap/c1/1635309000.c1.snap.jpg,0.88070595
2021-10-28 16:30:00,/Volumes/Argus/unk/snap/c1/1635438600.c1.snap.jpg,1.8344215
2021-10-28 17:00:00,/Volumes/Argus/unk/snap/c1/1635440400.c1.snap.jpg,0.93316424
2021-10-28 17:30:00,/Volumes/Argus/unk/snap/c1/1635442200.c1.snap.jpg,0.37304002
2021-10-28 18:00:00,/Volumes/Argus/unk/snap/c1/1635444000.c1.snap.jpg,0.51490927
2021-10-28 19:30:00,/Volumes/Argus/unk/snap/c1/1635449400.c1.snap.jpg,0.41635162
2021-10-28 20:00:00,/Volumes/Argus/unk/snap/c1/1635451200.c1.snap.jpg,0.384646
2021-10-28 21:30:00,/Volumes/Argus/unk/snap/c1/1635456600.c1.snap.jpg,0.36899877
2021-10-28 22:00:00,/Volumes/Argus/unk/snap/c1/1635458400.c1.snap.jpg,0.5190207
2021-10-28 22:30:00,/Volumes/Argus/unk/snap/c1/1635460200.c1.snap.jpg,0.44342548
2021-10-28 23:00:00,/Volumes/Argus/unk/snap/c1/1635462000.c1.snap.jpg,0.49192768
2021-10-28 23:30:00,/Volumes/Argus/unk/snap/c1/1635463800.c1.snap.jpg,0.4702119
2021-10-29 00:00:00,/Volumes/Argus/unk/snap/c1/1635465600.c1.snap.jpg,0.41921908
2021-10-29 00:30:00,/Volumes/Argus/unk/snap/c1/1635467400.c1.snap.jpg,0.5510855
2021-10-29 01:00:00,/Volumes/Argus/unk/snap/c1/1635469200.c1.snap.jpg,0.5386845
2021-10-29 01:30:00,/Volumes/Argus/unk/snap/c1/1635471000.c1.snap.jpg,0.40857452
2021-10-29 02:00:00,/Volumes/Argus/unk/snap/c1/1635472800.c1.snap.jpg,0.5778405
2021-10-29 02:30:00,/Volumes/Argus/unk/snap/c1/1635474600.c1.snap.jpg,0.6722347
2021-10-29 03:00:00,/Volumes/Argus/unk/snap/c1/1635476400.c1.snap.jpg,0.73229235
2021-10-29 04:30:00,/Volumes/Argus/unk/snap/c1/1635481800.c1.snap.jpg,1.757504
2021-10-29 16:30:00,/Volumes/Argus/unk/snap/c1/1635525000.c1.snap.jpg,1.5154347
2021-10-29 17:00:00,/Volumes/Argus/unk/snap/c1/1635526800.c1.snap.jpg,0.99586993
2021-10-29 18:30:00,/Volumes/Argus/unk/snap/c1/1635532200.c1.snap.jpg,0.73433936
2021-10-29 19:00:00,/Volumes/Argus/unk/snap/c1/1635534000.c1.snap.jpg,0.71813434
2021-10-29 22:00:00,/Volumes/Argus/unk/snap/c1/1635544800.c1.snap.jpg,0.54765564
2021-10-29 22:30:00,/Volumes/Argus/unk/snap/c1/1635546600.c1.snap.jpg,0.48806143
2021-10-29 23:00:00,/Volumes/Argus/unk/snap/c1/1635548400.c1.snap.jpg,0.6688103
2021-10-29 23:30:00,/Volumes/Argus/unk/snap/c1/1635550200.c1.snap.jpg,0.5085156
2021-10-30 00:00:00,/Volumes/Argus/unk/snap/c1/1635552000.c1.snap.jpg,0.42720205
2021-10-30 00:30:00,/Volumes/Argus/unk/snap/c1/1635553800.c1.snap.jpg,0.49811307
2021-10-30 01:30:00,/Volumes/Argus/unk/snap/c1/1635557400.c1.snap.jpg,0.58175206
2021-10-30 02:00:00,/Volumes/Argus/unk/snap/c1/1635559200.c1.snap.jpg,0.603397
2021-10-30 03:30:00,/Volumes/Argus/unk/snap/c1/1635564600.c1.snap.jpg,0.8033713
2021-10-30 04:00:00,/Volumes/Argus/unk/snap/c1/1635566400.c1.snap.jpg,0.8229435
2021-10-30 04:30:00,/Volumes/Argus/unk/snap/c1/1635568200.c1.snap.jpg,1.3329372
2021-10-30 16:30:00,/Volumes/Argus/unk/snap/c1/1635611400.c1.snap.jpg,1.868408
2021-10-30 17:00:00,/Volumes/Argus/unk/snap/c1/1635613200.c1.snap.jpg,0.7677684
2021-10-30 17:30:00,/Volumes/Argus/unk/snap/c1/1635615000.c1.snap.jpg,0.5511542
2021-10-30 18:00:00,/Volumes/Argus/unk/snap/c1/1635616800.c1.snap.jpg,0.3276682
2021-10-30 18:30:00,/Volumes/Argus/unk/snap/c1/1635618600.c1.snap.jpg,0.37741923
2021-10-30 19:00:00,/Volumes/Argus/unk/snap/c1/1635620400.c1.snap.jpg,0.36389863
2021-10-30 19:30:00,/Volumes/Argus/unk/snap/c1/1635622200.c1.snap.jpg,0.42994016
2021-10-30 20:00:00,/Volumes/Argus/unk/snap/c1/1635624000.c1.snap.jpg,0.50701535
2021-10-30 21:00:00,/Volumes/Argus/unk/snap/c1/1635627600.c1.snap.jpg,0.36828887
2021-10-30 21:30:00,/Volumes/Argus/unk/snap/c1/1635629400.c1.snap.jpg,0.41414836
2021-10-30 23:00:00,/Volumes/Argus/unk/snap/c1/1635634800.c1.snap.jpg,0.4185718
2021-10-30 23:30:00,/Volumes/Argus/unk/snap/c1/1635636600.c1.snap.jpg,0.43639195
2021-10-31 00:00:00,/Volumes/Argus/unk/snap/c1/1635638400.c1.snap.jpg,0.4260233
2021-10-31 00:30:00,/Volumes/Argus/unk/snap/c1/1635640200.c1.snap.jpg,0.45231333
2021-10-31 01:00:00,/Volumes/Argus/unk/snap/c1/1635642000.c1.snap.jpg,0.56410724
2021-10-31 02:00:00,/Volumes/Argus/unk/snap/c1/1635645600.c1.snap.jpg,0.6545159
2021-10-31 02:30:00,/Volumes/Argus/unk/snap/c1/1635647400.c1.snap.jpg,0.63225734
2021-10-31 03:30:00,/Volumes/Argus/unk/snap/c1/1635651000.c1.snap.jpg,0.714484
2021-10-31 04:00:00,/Volumes/Argus/unk/snap/c1/1635652800.c1.snap.jpg,0.62423325
2021-10-31 04:30:00,/Volumes/Argus/unk/snap/c1/1635654600.c1.snap.jpg,0.8336655
2021-11-01 16:30:00,/Volumes/Argus/unk/snap/c1/1635784200.c1.snap.jpg,1.6717188
2021-11-01 17:00:00,/Volumes/Argus/unk/snap/c1/1635786000.c1.snap.jpg,1.4496526
2021-11-01 17:30:00,/Volumes/Argus/unk/snap/c1/1635787800.c1.snap.jpg,0.6267514
2021-11-01 18:00:00,/Volumes/Argus/unk/snap/c1/1635789600.c1.snap.jpg,0.6127463
2021-11-01 18:30:00,/Volumes/Argus/unk/snap/c1/1635791400.c1.snap.jpg,0.7985844
2021-11-01 19:00:00,/Volumes/Argus/unk/snap/c1/1635793200.c1.snap.jpg,0.6778275
2021-11-01 20:00:00,/Volumes/Argus/unk/snap/c1/1635796800.c1.snap.jpg,0.40672365
2021-11-01 20:30:00,/Volumes/Argus/unk/snap/c1/1635798600.c1.snap.jpg,0.43441913
2021-11-01 21:00:00,/Volumes/Argus/unk/snap/c1/1635800400.c1.snap.jpg,0.49068013
2021-11-01 21:30:00,/Volumes/Argus/unk/snap/c1/1635802200.c1.snap.jpg,0.5602286
2021-11-01 22:00:00,/Volumes/Argus/unk/snap/c1/1635804000.c1.snap.jpg,0.5911584
2021-11-01 22:30:00,/Volumes/Argus/unk/snap/c1/1635805800.c1.snap.jpg,0.6543621
2021-11-01 23:00:00,/Volumes/Argus/unk/snap/c1/1635807600.c1.snap.jpg,0.7373913
2021-11-01 23:30:00,/Volumes/Argus/unk/snap/c1/1635809400.c1.snap.jpg,0.7603862
2021-11-02 00:00:00,/Volumes/Argus/unk/snap/c1/1635811200.c1.snap.jpg,0.87954676
2021-11-02 00:30:00,/Volumes/Argus/unk/snap/c1/1635813000.c1.snap.jpg,0.84710735
2021-11-02 01:00:00,/Volumes/Argus/unk/snap/c1/1635814800.c1.snap.jpg,0.73986685
2021-11-02 01:30:00,/Volumes/Argus/unk/snap/c1/1635816600.c1.snap.jpg,0.8640108
2021-11-02 02:00:00,/Volumes/Argus/unk/snap/c1/1635818400.c1.snap.jpg,0.92236596
2021-11-02 03:30:00,/Volumes/Argus/unk/snap/c1/1635823800.c1.snap.jpg,0.949656
2021-11-02 04:00:00,/Volumes/Argus/unk/snap/c1/1635825600.c1.snap.jpg,1.4619032
2021-11-02 04:30:00,/Volumes/Argus/unk/snap/c1/1635827400.c1.snap.jpg,1.9154154
2021-11-02 16:30:00,/Volumes/Argus/unk/snap/c1/1635870600.c1.snap.jpg,1.7955854
2021-11-02 17:00:00,/Volumes/Argus/unk/snap/c1/1635872400.c1.snap.jpg,1.7736738
2021-11-02 17:30:00,/Volumes/Argus/unk/snap/c1/1635874200.c1.snap.jpg,0.5283167
2021-11-02 18:00:00,/Volumes/Argus/unk/snap/c1/1635876000.c1.snap.jpg,0.6118817
2021-11-02 19:30:00,/Volumes/Argus/unk/snap/c1/1635881400.c1.snap.jpg,0.77433765
2021-11-02 20:00:00,/Volumes/Argus/unk/snap/c1/1635883200.c1.snap.jpg,0.7582166
2021-11-02 21:00:00,/Volumes/Argus/unk/snap/c1/1635886800.c1.snap.jpg,0.66955805
2021-11-02 21:30:00,/Volumes/Argus/unk/snap/c1/1635888600.c1.snap.jpg,0.5991817
2021-11-02 23:00:00,/Volumes/Argus/unk/snap/c1/1635894000.c1.snap.jpg,0.7402023
2021-11-02 23:30:00,/Volumes/Argus/unk/snap/c1/1635895800.c1.snap.jpg,0.66556174
2021-11-03 00:00:00,/Volumes/Argus/unk/snap/c1/1635897600.c1.snap.jpg,0.75475353
2021-11-03 00:30:00,/Volumes/Argus/unk/snap/c1/1635899400.c1.snap.jpg,0.7779997
2021-11-03 01:00:00,/Volumes/Argus/unk/snap/c1/1635901200.c1.snap.jpg,0.85837793
2021-11-03 01:30:00,/Volumes/Argus/unk/snap/c1/1635903000.c1.snap.jpg,0.916108
2021-11-03 02:00:00,/Volumes/Argus/unk/snap/c1/1635904800.c1.snap.jpg,0.82322454
2021-11-03 02:30:00,/Volumes/Argus/unk/snap/c1/1635906600.c1.snap.jpg,0.81069964
2021-11-03 03:30:00,/Volumes/Argus/unk/snap/c1/1635910200.c1.snap.jpg,0.7623204
2021-11-03 04:00:00,/Volumes/Argus/unk/snap/c1/1635912000.c1.snap.jpg,1.7988822
2021-11-03 04:30:00,/Volumes/Argus/unk/snap/c1/1635913800.c1.snap.jpg,1.8335123
2021-11-03 16:30:00,/Volumes/Argus/unk/snap/c1/1635957000.c1.snap.jpg,1.867317
2021-11-03 17:00:00,/Volumes/Argus/unk/snap/c1/1635958800.c1.snap.jpg,1.7546953
2021-11-03 17:30:00,/Volumes/Argus/unk/snap/c1/1635960600.c1.snap.jpg,0.52932656
2021-11-03 18:00:00,/Volumes/Argus/unk/snap/c1/1635962400.c1.snap.jpg,0.52125937
2021-11-03 19:30:00,/Volumes/Argus/unk/snap/c1/1635967800.c1.snap.jpg,0.6751555
2021-11-03 21:00:00,/Volumes/Argus/unk/snap/c1/1635973200.c1.snap.jpg,0.66269493
2021-11-03 21:30:00,/Volumes/Argus/unk/snap/c1/1635975000.c1.snap.jpg,0.5619577
2021-11-03 22:00:00,/Volumes/Argus/unk/snap/c1/1635976800.c1.snap.jpg,0.6958381
2021-11-03 23:30:00,/Volumes/Argus/unk/snap/c1/1635982200.c1.snap.jpg,0.41638827
2021-11-04 00:00:00,/Volumes/Argus/unk/snap/c1/1635984000.c1.snap.jpg,0.57265997
2021-11-04 01:00:00,/Volumes/Argus/unk/snap/c1/1635987600.c1.snap.jpg,0.8966501
2021-11-04 01:30:00,/Volumes/Argus/unk/snap/c1/1635989400.c1.snap.jpg,0.93892145
2021-11-04 02:00:00,/Volumes/Argus/unk/snap/c1/1635991200.c1.snap.jpg,1.0214622
2021-11-04 02:30:00,/Volumes/Argus/unk/snap/c1/1635993000.c1.snap.jpg,0.9119272
2021-11-04 03:30:00,/Volumes/Argus/unk/snap/c1/1635996600.c1.snap.jpg,0.7201988
2021-11-04 04:00:00,/Volumes/Argus/unk/snap/c1/1635998400.c1.snap.jpg,1.0050577
2021-11-04 04:30:00,/Volumes/Argus/unk/snap/c1/1636000200.c1.snap.jpg,1.8106622
2021-11-04 16:30:00,/Volumes/Argus/unk/snap/c1/1636043400.c1.snap.jpg,1.8827955
2021-11-04 17:00:00,/Volumes/Argus/unk/snap/c1/1636045200.c1.snap.jpg,1.7780939
2021-11-04 17:30:00,/Volumes/Argus/unk/snap/c1/1636047000.c1.snap.jpg,0.46383154
2021-11-04 18:30:00,/Volumes/Argus/unk/snap/c1/1636050600.c1.snap.jpg,0.565109
2021-11-04 19:00:00,/Volumes/Argus/unk/snap/c1/1636052400.c1.snap.jpg,0.43175006
2021-11-04 19:30:00,/Volumes/Argus/unk/snap/c1/1636054200.c1.snap.jpg,0.45534396
2021-11-04 20:00:00,/Volumes/Argus/unk/snap/c1/1636056000.c1.snap.jpg,0.41579646
2021-11-04 20:30:00,/Volumes/Argus/unk/snap/c1/1636057800.c1.snap.jpg,0.58022016
2021-11-04 21:00:00,/Volumes/Argus/unk/snap/c1/1636059600.c1.snap.jpg,0.6092273
2021-11-04 21:30:00,/Volumes/Argus/unk/snap/c1/1636061400.c1.snap.jpg,0.5648329
2021-11-04 22:00:00,/Volumes/Argus/unk/snap/c1/1636063200.c1.snap.jpg,0.5612031
2021-11-04 22:30:00,/Volumes/Argus/unk/snap/c1/1636065000.c1.snap.jpg,0.61232644
2021-11-04 23:00:00,/Volumes/Argus/unk/snap/c1/1636066800.c1.snap.jpg,0.5098205
2021-11-05 00:00:00,/Volumes/Argus/unk/snap/c1/1636070400.c1.snap.jpg,0.6732262
2021-11-05 00:30:00,/Volumes/Argus/unk/snap/c1/1636072200.c1.snap.jpg,0.50287575
2021-11-05 01:00:00,/Volumes/Argus/unk/snap/c1/1636074000.c1.snap.jpg,0.4928491
2021-11-05 01:30:00,/Volumes/Argus/unk/snap/c1/1636075800.c1.snap.jpg,0.49171805
2021-11-05 02:00:00,/Volumes/Argus/unk/snap/c1/1636077600.c1.snap.jpg,0.47746253
2021-11-05 02:30:00,/Volumes/Argus/unk/snap/c1/1636079400.c1.snap.jpg,0.461877
2021-11-05 03:30:00,/Volumes/Argus/unk/snap/c1/1636083000.c1.snap.jpg,0.81032825
2021-11-05 04:00:00,/Volumes/Argus/unk/snap/c1/1636084800.c1.snap.jpg,1.7192142
2021-11-05 04:30:00,/Volumes/Argus/unk/snap/c1/1636086600.c1.snap.jpg,1.8902302
2021-11-05 16:30:00,/Volumes/Argus/unk/snap/c1/1636129800.c1.snap.jpg,0.89222085
2021-11-05 17:00:00,/Volumes/Argus/unk/snap/c1/1636131600.c1.snap.jpg,1.2410461
2021-11-05 17:30:00,/Volumes/Argus/unk/snap/c1/1636133400.c1.snap.jpg,0.7696614
2021-11-05 18:00:00,/Volumes/Argus/unk/snap/c1/1636135200.c1.snap.jpg,0.7463838
2021-11-05 20:00:00,/Volumes/Argus/unk/snap/c1/1636142400.c1.snap.jpg,0.77394927
2021-11-05 20:30:00,/Volumes/Argus/unk/snap/c1/1636144200.c1.snap.jpg,0.81118715
2021-11-05 21:00:00,/Volumes/Argus/unk/snap/c1/1636146000.c1.snap.jpg,0.7272584
2021-11-05 21:30:00,/Volumes/Argus/unk/snap/c1/1636147800.c1.snap.jpg,0.76248896
2021-11-05 22:00:00,/Volumes/Argus/unk/snap/c1/1636149600.c1.snap.jpg,0.771861
2021-11-05 22:30:00,/Volumes/Argus/unk/snap/c1/1636151400.c1.snap.jpg,0.7212867
2021-11-05 23:00:00,/Volumes/Argus/unk/snap/c1/1636153200.c1.snap.jpg,0.7148703
2021-11-05 23:30:00,/Volumes/Argus/unk/snap/c1/1636155000.c1.snap.jpg,0.7413982
2021-11-06 00:00:00,/Volumes/Argus/unk/snap/c1/1636156800.c1.snap.jpg,0.613428
2021-11-06 01:00:00,/Volumes/Argus/unk/snap/c1/1636160400.c1.snap.jpg,0.6799063
2021-11-06 01:30:00,/Volumes/Argus/unk/snap/c1/1636162200.c1.snap.jpg,0.73599666
2021-11-06 02:00:00,/Volumes/Argus/unk/snap/c1/1636164000.c1.snap.jpg,0.70229274
2021-11-06 02:30:00,/Volumes/Argus/unk/snap/c1/1636165800.c1.snap.jpg,0.6937548
2021-11-06 03:30:00,/Volumes/Argus/unk/snap/c1/1636169400.c1.snap.jpg,0.57065344
2021-11-06 04:00:00,/Volumes/Argus/unk/snap/c1/1636171200.c1.snap.jpg,1.3753653
2021-11-06 04:30:00,/Volumes/Argus/unk/snap/c1/1636173000.c1.snap.jpg,1.6870579
2021-11-06 17:00:00,/Volumes/Argus/unk/snap/c1/1636218000.c1.snap.jpg,1.6055387
2021-11-06 18:00:00,/Volumes/Argus/unk/snap/c1/1636221600.c1.snap.jpg,1.0063119
2021-11-06 18:30:00,/Volumes/Argus/unk/snap/c1/1636223400.c1.snap.jpg,0.9131323
2021-11-06 19:00:00,/Volumes/Argus/unk/snap/c1/1636225200.c1.snap.jpg,0.90667886
2021-11-06 19:30:00,/Volumes/Argus/unk/snap/c1/1636227000.c1.snap.jpg,1.0211587
2021-11-06 20:00:00,/Volumes/Argus/unk/snap/c1/1636228800.c1.snap.jpg,0.96532506
2021-11-06 20:30:00,/Volumes/Argus/unk/snap/c1/1636230600.c1.snap.jpg,0.71312803
2021-11-06 21:00:00,/Volumes/Argus/unk/snap/c1/1636232400.c1.snap.jpg,0.826115
2021-11-06 21:30:00,/Volumes/Argus/unk/snap/c1/1636234200.c1.snap.jpg,0.989315
2021-11-06 22:00:00,/Volumes/Argus/unk/snap/c1/1636236000.c1.snap.jpg,0.9327947
2021-11-06 23:00:00,/Volumes/Argus/unk/snap/c1/1636239600.c1.snap.jpg,0.82187194
2021-11-06 23:30:00,/Volumes/Argus/unk/snap/c1/1636241400.c1.snap.jpg,0.8185594
2021-11-07 00:00:00,/Volumes/Argus/unk/snap/c1/1636243200.c1.snap.jpg,0.89402723
2021-11-07 01:00:00,/Volumes/Argus/unk/snap/c1/1636246800.c1.snap.jpg,0.92569005
2021-11-07 02:00:00,/Volumes/Argus/unk/snap/c1/1636250400.c1.snap.jpg,0.9316682
2021-11-07 03:30:00,/Volumes/Argus/unk/snap/c1/1636255800.c1.snap.jpg,1.3667417
2021-11-07 04:00:00,/Volumes/Argus/unk/snap/c1/1636257600.c1.snap.jpg,1.798732
2021-11-07 04:30:00,/Volumes/Argus/unk/snap/c1/1636259400.c1.snap.jpg,1.8293
2021-11-07 16:30:00,/Volumes/Argus/unk/snap/c1/1636302600.c1.snap.jpg,1.788018
2021-11-07 17:00:00,/Volumes/Argus/unk/snap/c1/1636304400.c1.snap.jpg,1.7091888
2021-11-07 17:30:00,/Volumes/Argus/unk/snap/c1/1636306200.c1.snap.jpg,0.98034656
2021-11-07 18:00:00,/Volumes/Argus/unk/snap/c1/1636308000.c1.snap.jpg,0.76482034
2021-11-07 19:00:00,/Volumes/Argus/unk/snap/c1/1636311600.c1.snap.jpg,0.88252413
2021-11-07 19:30:00,/Volumes/Argus/unk/snap/c1/1636313400.c1.snap.jpg,0.93201333
2021-11-07 21:00:00,/Volumes/Argus/unk/snap/c1/1636318800.c1.snap.jpg,0.82543737
2021-11-07 21:30:00,/Volumes/Argus/unk/snap/c1/1636320600.c1.snap.jpg,0.8102296
2021-11-07 22:00:00,/Volumes/Argus/unk/snap/c1/1636322400.c1.snap.jpg,0.7717648
2021-11-07 22:30:00,/Volumes/Argus/unk/snap/c1/1636324200.c1.snap.jpg,0.82212746
2021-11-07 23:30:00,/Volumes/Argus/unk/snap/c1/1636327800.c1.snap.jpg,0.6978255
2021-11-08 00:30:00,/Volumes/Argus/unk/snap/c1/1636331400.c1.snap.jpg,0.73861134
2021-11-08 01:00:00,/Volumes/Argus/unk/snap/c1/1636333200.c1.snap.jpg,0.8367755
2021-11-08 01:30:00,/Volumes/Argus/unk/snap/c1/1636335000.c1.snap.jpg,0.9615371
2021-11-08 02:00:00,/Volumes/Argus/unk/snap/c1/1636336800.c1.snap.jpg,0.7346623
2021-11-08 02:30:00,/Volumes/Argus/unk/snap/c1/1636338600.c1.snap.jpg,0.8049969
2021-11-08 03:00:00,/Volumes/Argus/unk/snap/c1/1636340400.c1.snap.jpg,0.91508484
2021-11-08 03:30:00,/Volumes/Argus/unk/snap/c1/1636342200.c1.snap.jpg,1.3261203
2021-11-08 04:00:00,/Volumes/Argus/unk/snap/c1/1636344000.c1.snap.jpg,1.7539195
2021-11-08 16:30:00,/Volumes/Argus/unk/snap/c1/1636389000.c1.snap.jpg,1.8429545
2021-11-08 17:00:00,/Volumes/Argus/unk/snap/c1/1636390800.c1.snap.jpg,1.367601
2021-11-08 17:30:00,/Volumes/Argus/unk/snap/c1/1636392600.c1.snap.jpg,0.51340514
2021-11-08 18:00:00,/Volumes/Argus/unk/snap/c1/1636394400.c1.snap.jpg,0.54713714
2021-11-08 18:30:00,/Volumes/Argus/unk/snap/c1/1636396200.c1.snap.jpg,0.4349231
2021-11-08 19:30:00,/Volumes/Argus/unk/snap/c1/1636399800.c1.snap.jpg,0.50801086
2021-11-08 20:00:00,/Volumes/Argus/unk/snap/c1/1636401600.c1.snap.jpg,0.6256287
2021-11-08 20:30:00,/Volumes/Argus/unk/snap/c1/1636403400.c1.snap.jpg,0.7352597
2021-11-08 21:00:00,/Volumes/Argus/unk/snap/c1/1636405200.c1.snap.jpg,0.80332637
2021-11-08 21:30:00,/Volumes/Argus/unk/snap/c1/1636407000.c1.snap.jpg,0.6953739
2021-11-08 22:00:00,/Volumes/Argus/unk/snap/c1/1636408800.c1.snap.jpg,0.7756346
2021-11-08 23:30:00,/Volumes/Argus/unk/snap/c1/1636414200.c1.snap.jpg,0.6377016
2021-11-09 00:00:00,/Volumes/Argus/unk/snap/c1/1636416000.c1.snap.jpg,0.8980584
2021-11-09 00:30:00,/Volumes/Argus/unk/snap/c1/1636417800.c1.snap.jpg,0.7977856
2021-11-09 01:00:00,/Volumes/Argus/unk/snap/c1/1636419600.c1.snap.jpg,0.61763906
2021-11-09 01:30:00,/Volumes/Argus/unk/snap/c1/1636421400.c1.snap.jpg,0.77931607
2021-11-09 02:00:00,/Volumes/Argus/unk/snap/c1/1636423200.c1.snap.jpg,0.64702094
2021-11-09 02:30:00,/Volumes/Argus/unk/snap/c1/1636425000.c1.snap.jpg,0.5629841
2021-11-09 03:00:00,/Volumes/Argus/unk/snap/c1/1636426800.c1.snap.jpg,0.71390074
2021-11-09 03:30:00,/Volumes/Argus/unk/snap/c1/1636428600.c1.snap.jpg,0.4609419
2021-11-09 04:00:00,/Volumes/Argus/unk/snap/c1/1636430400.c1.snap.jpg,1.0900345
2021-11-09 04:30:00,/Volumes/Argus/unk/snap/c1/1636432200.c1.snap.jpg,1.5125378
2021-11-09 17:00:00,/Volumes/Argus/unk/snap/c1/1636477200.c1.snap.jpg,1.8119842
2021-11-09 17:30:00,/Volumes/Argus/unk/snap/c1/1636479000.c1.snap.jpg,1.0245918
2021-11-09 18:00:00,/Volumes/Argus/unk/snap/c1/1636480800.c1.snap.jpg,0.43340072
2021-11-09 18:30:00,/Volumes/Argus/unk/snap/c1/1636482600.c1.snap.jpg,0.4858456
2021-11-09 19:30:00,/Volumes/Argus/unk/snap/c1/1636486200.c1.snap.jpg,0.5452987
2021-11-09 21:00:00,/Volumes/Argus/unk/snap/c1/1636491600.c1.snap.jpg,0.38016182
2021-11-09 21:30:00,/Volumes/Argus/unk/snap/c1/1636493400.c1.snap.jpg,0.38690108
2021-11-09 22:30:00,/Volumes/Argus/unk/snap/c1/1636497000.c1.snap.jpg,0.3504876
2021-11-09 23:00:00,/Volumes/Argus/unk/snap/c1/1636498800.c1.snap.jpg,0.32484436
2021-11-09 23:30:00,/Volumes/Argus/unk/snap/c1/1636500600.c1.snap.jpg,0.396113
2021-11-10 00:00:00,/Volumes/Argus/unk/snap/c1/1636502400.c1.snap.jpg,0.4550068
2021-11-10 01:00:00,/Volumes/Argus/unk/snap/c1/1636506000.c1.snap.jpg,0.5348592
2021-11-10 01:30:00,/Volumes/Argus/unk/snap/c1/1636507800.c1.snap.jpg,0.5579108
2021-11-10 02:00:00,/Volumes/Argus/unk/snap/c1/1636509600.c1.snap.jpg,0.7477057
2021-11-10 02:30:00,/Volumes/Argus/unk/snap/c1/1636511400.c1.snap.jpg,0.74524045
2021-11-10 03:30:00,/Volumes/Argus/unk/snap/c1/1636515000.c1.snap.jpg,0.6234876
2021-11-10 04:00:00,/Volumes/Argus/unk/snap/c1/1636516800.c1.snap.jpg,0.8893119
2021-11-10 04:30:00,/Volumes/Argus/unk/snap/c1/1636518600.c1.snap.jpg,1.7308606
2021-11-10 16:30:00,/Volumes/Argus/unk/snap/c1/1636561800.c1.snap.jpg,1.8371121
2021-11-10 17:00:00,/Volumes/Argus/unk/snap/c1/1636563600.c1.snap.jpg,1.4754039
2021-11-10 17:30:00,/Volumes/Argus/unk/snap/c1/1636565400.c1.snap.jpg,0.79352933
2021-11-10 18:00:00,/Volumes/Argus/unk/snap/c1/1636567200.c1.snap.jpg,0.5530318
2021-11-10 19:30:00,/Volumes/Argus/unk/snap/c1/1636572600.c1.snap.jpg,0.47245747
2021-11-10 20:00:00,/Volumes/Argus/unk/snap/c1/1636574400.c1.snap.jpg,0.5090651
2021-11-10 20:30:00,/Volumes/Argus/unk/snap/c1/1636576200.c1.snap.jpg,0.4985959
2021-11-10 21:30:00,/Volumes/Argus/unk/snap/c1/1636579800.c1.snap.jpg,0.45957628
2021-11-10 22:00:00,/Volumes/Argus/unk/snap/c1/1636581600.c1.snap.jpg,0.44687894
2021-11-10 22:30:00,/Volumes/Argus/unk/snap/c1/1636583400.c1.snap.jpg,0.46520495
2021-11-10 23:00:00,/Volumes/Argus/unk/snap/c1/1636585200.c1.snap.jpg,0.5141829
2021-11-10 23:30:00,/Volumes/Argus/unk/snap/c1/1636587000.c1.snap.jpg,0.48537058
2021-11-11 00:00:00,/Volumes/Argus/unk/snap/c1/1636588800.c1.snap.jpg,0.4696074
2021-11-11 02:00:00,/Volumes/Argus/unk/snap/c1/1636596000.c1.snap.jpg,0.5004228
2021-11-11 02:30:00,/Volumes/Argus/unk/snap/c1/1636597800.c1.snap.jpg,0.5423794
2021-11-11 03:30:00,/Volumes/Argus/unk/snap/c1/1636601400.c1.snap.jpg,1.5149193
2021-11-11 04:00:00,/Volumes/Argus/unk/snap/c1/1636603200.c1.snap.jpg,1.8023477
2021-11-11 04:30:00,/Volumes/Argus/unk/snap/c1/1636605000.c1.snap.jpg,1.9014962
2021-11-11 16:30:00,/Volumes/Argus/unk/snap/c1/1636648200.c1.snap.jpg,1.6027515
2021-11-11 17:00:00,/Volumes/Argus/unk/snap/c1/1636650000.c1.snap.jpg,1.824684
2021-11-11 17:30:00,/Volumes/Argus/unk/snap/c1/1636651800.c1.snap.jpg,0.55944574
2021-11-11 18:00:00,/Volumes/Argus/unk/snap/c1/1636653600.c1.snap.jpg,0.43862373
2021-11-11 18:30:00,/Volumes/Argus/unk/snap/c1/1636655400.c1.snap.jpg,0.522848
2021-11-11 19:00:00,/Volumes/Argus/unk/snap/c1/1636657200.c1.snap.jpg,0.5592531
2021-11-11 19:30:00,/Volumes/Argus/unk/snap/c1/1636659000.c1.snap.jpg,0.45388752
2021-11-11 20:00:00,/Volumes/Argus/unk/snap/c1/1636660800.c1.snap.jpg,0.4926681
2021-11-11 20:30:00,/Volumes/Argus/unk/snap/c1/1636662600.c1.snap.jpg,0.50095403
2021-11-11 21:30:00,/Volumes/Argus/unk/snap/c1/1636666200.c1.snap.jpg,0.5095103
2021-11-11 22:00:00,/Volumes/Argus/unk/snap/c1/1636668000.c1.snap.jpg,0.4453337
2021-11-11 22:30:00,/Volumes/Argus/unk/snap/c1/1636669800.c1.snap.jpg,0.46481007
2021-11-11 23:00:00,/Volumes/Argus/unk/snap/c1/1636671600.c1.snap.jpg,0.41482502
2021-11-11 23:30:00,/Volumes/Argus/unk/snap/c1/1636673400.c1.snap.jpg,0.34296966
2021-11-12 00:00:00,/Volumes/Argus/unk/snap/c1/1636675200.c1.snap.jpg,0.39915517
2021-11-12 00:30:00,/Volumes/Argus/unk/snap/c1/1636677000.c1.snap.jpg,0.42122597
2021-11-12 01:00:00,/Volumes/Argus/unk/snap/c1/1636678800.c1.snap.jpg,0.5106571
2021-11-12 01:30:00,/Volumes/Argus/unk/snap/c1/1636680600.c1.snap.jpg,0.6260594
2021-11-12 02:00:00,/Volumes/Argus/unk/snap/c1/1636682400.c1.snap.jpg,0.71899927
2021-11-12 03:00:00,/Volumes/Argus/unk/snap/c1/1636686000.c1.snap.jpg,0.6296302
2021-11-12 03:30:00,/Volumes/Argus/unk/snap/c1/1636687800.c1.snap.jpg,0.4587474
2021-11-12 16:30:00,/Volumes/Argus/unk/snap/c1/1636734600.c1.snap.jpg,1.8275551
2021-11-12 17:00:00,/Volumes/Argus/unk/snap/c1/1636736400.c1.snap.jpg,1.7920107
2021-11-12 17:30:00,/Volumes/Argus/unk/snap/c1/1636738200.c1.snap.jpg,0.8960303
2021-11-12 18:00:00,/Volumes/Argus/unk/snap/c1/1636740000.c1.snap.jpg,0.5255753
2021-11-12 20:00:00,/Volumes/Argus/unk/snap/c1/1636747200.c1.snap.jpg,0.42812192
2021-11-12 20:30:00,/Volumes/Argus/unk/snap/c1/1636749000.c1.snap.jpg,0.3635856
2021-11-12 21:00:00,/Volumes/Argus/unk/snap/c1/1636750800.c1.snap.jpg,0.5338081
2021-11-12 21:30:00,/Volumes/Argus/unk/snap/c1/1636752600.c1.snap.jpg,0.5706915
2021-11-12 22:00:00,/Volumes/Argus/unk/snap/c1/1636754400.c1.snap.jpg,0.69358635
2021-11-12 23:00:00,/Volumes/Argus/unk/snap/c1/1636758000.c1.snap.jpg,0.637353
2021-11-12 23:30:00,/Volumes/Argus/unk/snap/c1/1636759800.c1.snap.jpg,0.7761992
2021-11-13 00:00:00,/Volumes/Argus/unk/snap/c1/1636761600.c1.snap.jpg,0.530886
2021-11-13 00:30:00,/Volumes/Argus/unk/snap/c1/1636763400.c1.snap.jpg,0.62911934
2021-11-13 01:00:00,/Volumes/Argus/unk/snap/c1/1636765200.c1.snap.jpg,0.65633553
2021-11-13 01:30:00,/Volumes/Argus/unk/snap/c1/1636767000.c1.snap.jpg,0.70928556
2021-11-13 02:00:00,/Volumes/Argus/unk/snap/c1/1636768800.c1.snap.jpg,0.6025739
2021-11-13 02:30:00,/Volumes/Argus/unk/snap/c1/1636770600.c1.snap.jpg,0.5359113
2021-11-13 03:00:00,/Volumes/Argus/unk/snap/c1/1636772400.c1.snap.jpg,0.81188613
2021-11-13 03:30:00,/Volumes/Argus/unk/snap/c1/1636774200.c1.snap.jpg,0.65929747
2021-11-13 04:00:00,/Volumes/Argus/unk/snap/c1/1636776000.c1.snap.jpg,1.6289371
2021-11-13 04:30:00,/Volumes/Argus/unk/snap/c1/1636777800.c1.snap.jpg,1.7846209
2021-11-13 16:30:00,/Volumes/Argus/unk/snap/c1/1636821000.c1.snap.jpg,1.867391
2021-11-13 17:00:00,/Volumes/Argus/unk/snap/c1/1636822800.c1.snap.jpg,1.784599
2021-11-13 17:30:00,/Volumes/Argus/unk/snap/c1/1636824600.c1.snap.jpg,1.8048056
2021-11-13 18:00:00,/Volumes/Argus/unk/snap/c1/1636826400.c1.snap.jpg,0.72418356
2021-11-13 18:30:00,/Volumes/Argus/unk/snap/c1/1636828200.c1.snap.jpg,0.5432864
2021-11-13 19:00:00,/Volumes/Argus/unk/snap/c1/1636830000.c1.snap.jpg,0.59222484
2021-11-13 19:30:00,/Volumes/Argus/unk/snap/c1/1636831800.c1.snap.jpg,0.5720763
2021-11-13 20:00:00,/Volumes/Argus/unk/snap/c1/1636833600.c1.snap.jpg,0.3677889
2021-11-13 20:30:00,/Volumes/Argus/unk/snap/c1/1636835400.c1.snap.jpg,0.39077082
2021-11-13 21:00:00,/Volumes/Argus/unk/snap/c1/1636837200.c1.snap.jpg,0.5767772
2021-11-13 21:30:00,/Volumes/Argus/unk/snap/c1/1636839000.c1.snap.jpg,0.5705946
2021-11-13 22:00:00,/Volumes/Argus/unk/snap/c1/1636840800.c1.snap.jpg,0.44976127
2021-11-13 22:30:00,/Volumes/Argus/unk/snap/c1/1636842600.c1.snap.jpg,0.44927818
2021-11-13 23:00:00,/Volumes/Argus/unk/snap/c1/1636844400.c1.snap.jpg,0.45461592
2021-11-13 23:30:00,/Volumes/Argus/unk/snap/c1/1636846200.c1.snap.jpg,0.5478972
2021-11-14 00:00:00,/Volumes/Argus/unk/snap/c1/1636848000.c1.snap.jpg,0.45226985
2021-11-14 01:00:00,/Volumes/Argus/unk/snap/c1/1636851600.c1.snap.jpg,0.6469921
2021-11-14 01:30:00,/Volumes/Argus/unk/snap/c1/1636853400.c1.snap.jpg,0.6039271
2021-11-14 02:30:00,/Volumes/Argus/unk/snap/c1/1636857000.c1.snap.jpg,0.6219158
2021-11-14 03:30:00,/Volumes/Argus/unk/snap/c1/1636860600.c1.snap.jpg,1.8205056
2021-11-14 04:00:00,/Volumes/Argus/unk/snap/c1/1636862400.c1.snap.jpg,1.8451933
2021-11-14 04:30:00,/Volumes/Argus/unk/snap/c1/1636864200.c1.snap.jpg,1.4535611
2021-11-14 16:30:00,/Volumes/Argus/unk/snap/c1/1636907400.c1.snap.jpg,1.4367374
2021-11-14 17:30:00,/Volumes/Argus/unk/snap/c1/1636911000.c1.snap.jpg,1.4542675
2021-11-14 18:00:00,/Volumes/Argus/unk/snap/c1/1636912800.c1.snap.jpg,1.0925069
2021-11-14 18:30:00,/Volumes/Argus/unk/snap/c1/1636914600.c1.snap.jpg,0.8475347
2021-11-14 19:00:00,/Volumes/Argus/unk/snap/c1/1636916400.c1.snap.jpg,0.79529524
2021-11-14 19:30:00,/Volumes/Argus/unk/snap/c1/1636918200.c1.snap.jpg,0.6645847
2021-11-14 20:00:00,/Volumes/Argus/unk/snap/c1/1636920000.c1.snap.jpg,0.64771616
2021-11-14 20:30:00,/Volumes/Argus/unk/snap/c1/1636921800.c1.snap.jpg,0.66764027
2021-11-14 21:30:00,/Volumes/Argus/unk/snap/c1/1636925400.c1.snap.jpg,0.687498
2021-11-14 22:00:00,/Volumes/Argus/unk/snap/c1/1636927200.c1.snap.jpg,0.8051468
2021-11-14 22:30:00,/Volumes/Argus/unk/snap/c1/1636929000.c1.snap.jpg,0.8842884
2021-11-14 23:00:00,/Volumes/Argus/unk/snap/c1/1636930800.c1.snap.jpg,0.8404667
2021-11-15 00:00:00,/Volumes/Argus/unk/snap/c1/1636934400.c1.snap.jpg,0.9445483
2021-11-15 00:30:00,/Volumes/Argus/unk/snap/c1/1636936200.c1.snap.jpg,1.016429
2021-11-15 01:00:00,/Volumes/Argus/unk/snap/c1/1636938000.c1.snap.jpg,0.91547287
2021-11-15 01:30:00,/Volumes/Argus/unk/snap/c1/1636939800.c1.snap.jpg,0.747858
2021-11-15 02:00:00,/Volumes/Argus/unk/snap/c1/1636941600.c1.snap.jpg,0.74322736
2021-11-15 03:30:00,/Volumes/Argus/unk/snap/c1/1636947000.c1.snap.jpg,1.8318807
2021-11-15 04:00:00,/Volumes/Argus/unk/snap/c1/1636948800.c1.snap.jpg,1.8184338
2021-11-15 04:30:00,/Volumes/Argus/unk/snap/c1/1636950600.c1.snap.jpg,1.7928392
2021-11-15 16:30:00,/Volumes/Argus/unk/snap/c1/1636993800.c1.snap.jpg,1.8103079
2021-11-15 17:00:00,/Volumes/Argus/unk/snap/c1/1636995600.c1.snap.jpg,1.8364669
2021-11-15 17:30:00,/Volumes/Argus/unk/snap/c1/1636997400.c1.snap.jpg,1.8004378
2021-11-15 18:00:00,/Volumes/Argus/unk/snap/c1/1636999200.c1.snap.jpg,0.85246867
2021-11-15 18:30:00,/Volumes/Argus/unk/snap/c1/1637001000.c1.snap.jpg,0.7716125
2021-11-15 19:00:00,/Volumes/Argus/unk/snap/c1/1637002800.c1.snap.jpg,0.7662925
2021-11-15 21:00:00,/Volumes/Argus/unk/snap/c1/1637010000.c1.snap.jpg,0.6515715
2021-11-15 21:30:00,/Volumes/Argus/unk/snap/c1/1637011800.c1.snap.jpg,0.7236347
2021-11-15 23:00:00,/Volumes/Argus/unk/snap/c1/1637017200.c1.snap.jpg,0.7820586
2021-11-15 23:30:00,/Volumes/Argus/unk/snap/c1/1637019000.c1.snap.jpg,0.81881964
2021-11-16 00:00:00,/Volumes/Argus/unk/snap/c1/1637020800.c1.snap.jpg,0.86394167
2021-11-16 00:30:00,/Volumes/Argus/unk/snap/c1/1637022600.c1.snap.jpg,0.8846255
2021-11-16 01:00:00,/Volumes/Argus/unk/snap/c1/1637024400.c1.snap.jpg,0.7897712
2021-11-16 02:00:00,/Volumes/Argus/unk/snap/c1/1637028000.c1.snap.jpg,0.85986865
2021-11-16 02:30:00,/Volumes/Argus/unk/snap/c1/1637029800.c1.snap.jpg,0.8563862
2021-11-16 03:30:00,/Volumes/Argus/unk/snap/c1/1637033400.c1.snap.jpg,1.3780832
2021-11-16 04:30:00,/Volumes/Argus/unk/snap/c1/1637037000.c1.snap.jpg,1.2720103
2021-11-16 16:30:00,/Volumes/Argus/unk/snap/c1/1637080200.c1.snap.jpg,1.7975384
2021-11-16 17:00:00,/Volumes/Argus/unk/snap/c1/1637082000.c1.snap.jpg,1.8488295
2021-11-16 17:30:00,/Volumes/Argus/unk/snap/c1/1637083800.c1.snap.jpg,1.8829012
2021-11-16 18:00:00,/Volumes/Argus/unk/snap/c1/1637085600.c1.snap.jpg,0.4746611
2021-11-16 19:00:00,/Volumes/Argus/unk/snap/c1/1637089200.c1.snap.jpg,0.39064395
2021-11-16 19:30:00,/Volumes/Argus/unk/snap/c1/1637091000.c1.snap.jpg,0.448098
2021-11-16 20:00:00,/Volumes/Argus/unk/snap/c1/1637092800.c1.snap.jpg,0.40604225
2021-11-16 20:30:00,/Volumes/Argus/unk/snap/c1/1637094600.c1.snap.jpg,0.4047458
2021-11-16 21:00:00,/Volumes/Argus/unk/snap/c1/1637096400.c1.snap.jpg,0.47972146
2021-11-16 21:30:00,/Volumes/Argus/unk/snap/c1/1637098200.c1.snap.jpg,0.40216923
2021-11-16 22:00:00,/Volumes/Argus/unk/snap/c1/1637100000.c1.snap.jpg,0.35882396
2021-11-16 23:30:00,/Volumes/Argus/unk/snap/c1/1637105400.c1.snap.jpg,0.4575036
2021-11-17 00:00:00,/Volumes/Argus/unk/snap/c1/1637107200.c1.snap.jpg,0.4039953
2021-11-17 00:30:00,/Volumes/Argus/unk/snap/c1/1637109000.c1.snap.jpg,0.40528822
2021-11-17 01:00:00,/Volumes/Argus/unk/snap/c1/1637110800.c1.snap.jpg,0.40720302
2021-11-17 01:30:00,/Volumes/Argus/unk/snap/c1/1637112600.c1.snap.jpg,0.38347438
2021-11-17 02:30:00,/Volumes/Argus/unk/snap/c1/1637116200.c1.snap.jpg,0.55945176
2021-11-17 03:00:00,/Volumes/Argus/unk/snap/c1/1637118000.c1.snap.jpg,1.2063515
2021-11-17 03:30:00,/Volumes/Argus/unk/snap/c1/1637119800.c1.snap.jpg,1.9138037
2021-11-17 04:00:00,/Volumes/Argus/unk/snap/c1/1637121600.c1.snap.jpg,1.8819617
2021-11-17 04:30:00,/Volumes/Argus/unk/snap/c1/1637123400.c1.snap.jpg,1.8264147
2021-11-17 16:30:00,/Volumes/Argus/unk/snap/c1/1637166600.c1.snap.jpg,1.8252106
2021-11-17 17:00:00,/Volumes/Argus/unk/snap/c1/1637168400.c1.snap.jpg,1.8346388
2021-11-17 17:30:00,/Volumes/Argus/unk/snap/c1/1637170200.c1.snap.jpg,1.8230386
2021-11-17 18:00:00,/Volumes/Argus/unk/snap/c1/1637172000.c1.snap.jpg,1.2863339
2021-11-17 20:00:00,/Volumes/Argus/unk/snap/c1/1637179200.c1.snap.jpg,0.41890442
2021-11-17 20:30:00,/Volumes/Argus/unk/snap/c1/1637181000.c1.snap.jpg,0.38210902
2021-11-17 21:00:00,/Volumes/Argus/unk/snap/c1/1637182800.c1.snap.jpg,0.40308478
2021-11-17 21:30:00,/Volumes/Argus/unk/snap/c1/1637184600.c1.snap.jpg,0.3583726
2021-11-17 22:00:00,/Volumes/Argus/unk/snap/c1/1637186400.c1.snap.jpg,0.37924814
2021-11-17 22:30:00,/Volumes/Argus/unk/snap/c1/1637188200.c1.snap.jpg,0.38794196
2021-11-17 23:00:00,/Volumes/Argus/unk/snap/c1/1637190000.c1.snap.jpg,0.4420806
2021-11-18 00:00:00,/Volumes/Argus/unk/snap/c1/1637193600.c1.snap.jpg,0.6151511
2021-11-18 00:30:00,/Volumes/Argus/unk/snap/c1/1637195400.c1.snap.jpg,0.64068455
2021-11-18 01:00:00,/Volumes/Argus/unk/snap/c1/1637197200.c1.snap.jpg,0.6034364
2021-11-18 01:30:00,/Volumes/Argus/unk/snap/c1/1637199000.c1.snap.jpg,0.71859646
2021-11-18 02:30:00,/Volumes/Argus/unk/snap/c1/1637202600.c1.snap.jpg,1.4894494
2021-11-18 03:30:00,/Volumes/Argus/unk/snap/c1/1637206200.c1.snap.jpg,1.8725396
2021-11-18 04:00:00,/Volumes/Argus/unk/snap/c1/1637208000.c1.snap.jpg,1.3672345
2021-11-18 04:30:00,/Volumes/Argus/unk/snap/c1/1637209800.c1.snap.jpg,1.3925864
2021-11-18 16:30:00,/Volumes/Argus/unk/snap/c1/1637253000.c1.snap.jpg,0.80194145
2021-11-18 17:00:00,/Volumes/Argus/unk/snap/c1/1637254800.c1.snap.jpg,1.8765098
2021-11-18 17:30:00,/Volumes/Argus/unk/snap/c1/1637256600.c1.snap.jpg,1.913968
2021-11-18 18:00:00,/Volumes/Argus/unk/snap/c1/1637258400.c1.snap.jpg,0.6053107
2021-11-18 18:30:00,/Volumes/Argus/unk/snap/c1/1637260200.c1.snap.jpg,0.47035018
2021-11-18 19:00:00,/Volumes/Argus/unk/snap/c1/1637262000.c1.snap.jpg,0.567127
2021-11-18 19:30:00,/Volumes/Argus/unk/snap/c1/1637263800.c1.snap.jpg,0.6012933
2021-11-18 20:00:00,/Volumes/Argus/unk/snap/c1/1637265600.c1.snap.jpg,0.50197697
2021-11-18 20:30:00,/Volumes/Argus/unk/snap/c1/1637267400.c1.snap.jpg,0.3944029
2021-11-18 21:00:00,/Volumes/Argus/unk/snap/c1/1637269200.c1.snap.jpg,0.40817234
2021-11-18 21:30:00,/Volumes/Argus/unk/snap/c1/1637271000.c1.snap.jpg,0.44677645
2021-11-18 22:00:00,/Volumes/Argus/unk/snap/c1/1637272800.c1.snap.jpg,0.44548592
2021-11-18 22:30:00,/Volumes/Argus/unk/snap/c1/1637274600.c1.snap.jpg,0.54806745
2021-11-18 23:00:00,/Volumes/Argus/unk/snap/c1/1637276400.c1.snap.jpg,0.5080057
2021-11-18 23:30:00,/Volumes/Argus/unk/snap/c1/1637278200.c1.snap.jpg,0.52569664
2021-11-19 00:00:00,/Volumes/Argus/unk/snap/c1/1637280000.c1.snap.jpg,0.5137823
2021-11-19 00:30:00,/Volumes/Argus/unk/snap/c1/1637281800.c1.snap.jpg,0.7370838
2021-11-19 01:00:00,/Volumes/Argus/unk/snap/c1/1637283600.c1.snap.jpg,0.66475594
2021-11-19 01:30:00,/Volumes/Argus/unk/snap/c1/1637285400.c1.snap.jpg,0.8428334
2021-11-19 02:30:00,/Volumes/Argus/unk/snap/c1/1637289000.c1.snap.jpg,0.8169551
2021-11-19 03:30:00,/Volumes/Argus/unk/snap/c1/1637292600.c1.snap.jpg,1.8207897
2021-11-19 04:00:00,/Volumes/Argus/unk/snap/c1/1637294400.c1.snap.jpg,1.8378276
2021-11-19 04:30:00,/Volumes/Argus/unk/snap/c1/1637296200.c1.snap.jpg,1.8764683
2021-11-19 16:30:00,/Volumes/Argus/unk/snap/c1/1637339400.c1.snap.jpg,1.06332
2021-11-19 17:00:00,/Volumes/Argus/unk/snap/c1/1637341200.c1.snap.jpg,1.00405
2021-11-19 18:00:00,/Volumes/Argus/unk/snap/c1/1637344800.c1.snap.jpg,1.249088
2021-11-19 18:30:00,/Volumes/Argus/unk/snap/c1/1637346600.c1.snap.jpg,0.62193096
2021-11-19 19:00:00,/Volumes/Argus/unk/snap/c1/1637348400.c1.snap.jpg,0.7113428
2021-11-19 19:30:00,/Volumes/Argus/unk/snap/c1/1637350200.c1.snap.jpg,0.6221056
2021-11-19 20:00:00,/Volumes/Argus/unk/snap/c1/1637352000.c1.snap.jpg,0.6126739
2021-11-19 20:30:00,/Volumes/Argus/unk/snap/c1/1637353800.c1.snap.jpg,0.5371503
2021-11-19 21:00:00,/Volumes/Argus/unk/snap/c1/1637355600.c1.snap.jpg,0.36923367
2021-11-19 21:30:00,/Volumes/Argus/unk/snap/c1/1637357400.c1.snap.jpg,0.47477034
2021-11-19 22:00:00,/Volumes/Argus/unk/snap/c1/1637359200.c1.snap.jpg,0.39525938
2021-11-19 22:30:00,/Volumes/Argus/unk/snap/c1/1637361000.c1.snap.jpg,0.40608463
2021-11-19 23:00:00,/Volumes/Argus/unk/snap/c1/1637362800.c1.snap.jpg,0.4656248
2021-11-19 23:30:00,/Volumes/Argus/unk/snap/c1/1637364600.c1.snap.jpg,0.5470232
2021-11-20 00:00:00,/Volumes/Argus/unk/snap/c1/1637366400.c1.snap.jpg,0.5854336
2021-11-20 00:30:00,/Volumes/Argus/unk/snap/c1/1637368200.c1.snap.jpg,0.6095069
2021-11-20 01:00:00,/Volumes/Argus/unk/snap/c1/1637370000.c1.snap.jpg,0.5841986
2021-11-20 01:30:00,/Volumes/Argus/unk/snap/c1/1637371800.c1.snap.jpg,0.5156021
2021-11-20 02:30:00,/Volumes/Argus/unk/snap/c1/1637375400.c1.snap.jpg,0.7622029
2021-11-20 03:00:00,/Volumes/Argus/unk/snap/c1/1637377200.c1.snap.jpg,0.8585923
2021-11-20 03:30:00,/Volumes/Argus/unk/snap/c1/1637379000.c1.snap.jpg,1.8434831
2021-11-20 04:00:00,/Volumes/Argus/unk/snap/c1/1637380800.c1.snap.jpg,1.8705212
2021-11-20 04:30:00,/Volumes/Argus/unk/snap/c1/1637382600.c1.snap.jpg,1.8497698
2021-11-20 16:30:00,/Volumes/Argus/unk/snap/c1/1637425800.c1.snap.jpg,0.7902077
2021-11-20 17:00:00,/Volumes/Argus/unk/snap/c1/1637427600.c1.snap.jpg,1.0083853
2021-11-20 17:30:00,/Volumes/Argus/unk/snap/c1/1637429400.c1.snap.jpg,0.78361946
2021-11-20 18:00:00,/Volumes/Argus/unk/snap/c1/1637431200.c1.snap.jpg,0.78935724
2021-11-20 18:30:00,/Volumes/Argus/unk/snap/c1/1637433000.c1.snap.jpg,0.5407084
2021-11-20 19:00:00,/Volumes/Argus/unk/snap/c1/1637434800.c1.snap.jpg,0.62808686
2021-11-20 19:30:00,/Volumes/Argus/unk/snap/c1/1637436600.c1.snap.jpg,0.50066173
2021-11-20 20:00:00,/Volumes/Argus/unk/snap/c1/1637438400.c1.snap.jpg,0.6337551
2021-11-20 20:30:00,/Volumes/Argus/unk/snap/c1/1637440200.c1.snap.jpg,0.43348205
2021-11-20 21:00:00,/Volumes/Argus/unk/snap/c1/1637442000.c1.snap.jpg,0.44052333
2021-11-20 21:30:00,/Volumes/Argus/unk/snap/c1/1637443800.c1.snap.jpg,0.38810125
2021-11-20 22:30:00,/Volumes/Argus/unk/snap/c1/1637447400.c1.snap.jpg,0.40086436
2021-11-20 23:00:00,/Volumes/Argus/unk/snap/c1/1637449200.c1.snap.jpg,0.44458342
2021-11-20 23:30:00,/Volumes/Argus/unk/snap/c1/1637451000.c1.snap.jpg,0.5390939
2021-11-21 00:00:00,/Volumes/Argus/unk/snap/c1/1637452800.c1.snap.jpg,0.59000444
2021-11-21 01:00:00,/Volumes/Argus/unk/snap/c1/1637456400.c1.snap.jpg,0.71462303
2021-11-21 02:00:00,/Volumes/Argus/unk/snap/c1/1637460000.c1.snap.jpg,0.5423112
2021-11-21 03:00:00,/Volumes/Argus/unk/snap/c1/1637463600.c1.snap.jpg,1.734751
2021-11-21 04:00:00,/Volumes/Argus/unk/snap/c1/1637467200.c1.snap.jpg,1.8870662
2021-11-21 04:30:00,/Volumes/Argus/unk/snap/c1/1637469000.c1.snap.jpg,1.8720113
2021-11-22 16:30:00,/Volumes/Argus/unk/snap/c1/1637598600.c1.snap.jpg,0.39310732
2021-11-22 17:00:00,/Volumes/Argus/unk/snap/c1/1637600400.c1.snap.jpg,1.2002447
2021-11-22 17:30:00,/Volumes/Argus/unk/snap/c1/1637602200.c1.snap.jpg,1.6435751
2021-11-22 18:00:00,/Volumes/Argus/unk/snap/c1/1637604000.c1.snap.jpg,0.6305111
2021-11-22 18:30:00,/Volumes/Argus/unk/snap/c1/1637605800.c1.snap.jpg,0.6841274
2021-11-22 19:00:00,/Volumes/Argus/unk/snap/c1/1637607600.c1.snap.jpg,0.56492937
2021-11-22 19:30:00,/Volumes/Argus/unk/snap/c1/1637609400.c1.snap.jpg,0.4840383
2021-11-22 20:00:00,/Volumes/Argus/unk/snap/c1/1637611200.c1.snap.jpg,0.5316438
2021-11-22 20:30:00,/Volumes/Argus/unk/snap/c1/1637613000.c1.snap.jpg,0.4821528
2021-11-22 22:00:00,/Volumes/Argus/unk/snap/c1/1637618400.c1.snap.jpg,0.46637046
2021-11-22 22:30:00,/Volumes/Argus/unk/snap/c1/1637620200.c1.snap.jpg,0.39552248
2021-11-22 23:00:00,/Volumes/Argus/unk/snap/c1/1637622000.c1.snap.jpg,0.67055094
2021-11-22 23:30:00,/Volumes/Argus/unk/snap/c1/1637623800.c1.snap.jpg,0.5840098
2021-11-23 00:00:00,/Volumes/Argus/unk/snap/c1/1637625600.c1.snap.jpg,0.76430666
2021-11-23 00:30:00,/Volumes/Argus/unk/snap/c1/1637627400.c1.snap.jpg,0.768811
2021-11-23 01:30:00,/Volumes/Argus/unk/snap/c1/1637631000.c1.snap.jpg,0.88114023
2021-11-23 02:00:00,/Volumes/Argus/unk/snap/c1/1637632800.c1.snap.jpg,0.9050888
2021-11-23 02:30:00,/Volumes/Argus/unk/snap/c1/1637634600.c1.snap.jpg,0.81911063
2021-11-23 03:00:00,/Volumes/Argus/unk/snap/c1/1637636400.c1.snap.jpg,1.3764232
2021-11-23 03:30:00,/Volumes/Argus/unk/snap/c1/1637638200.c1.snap.jpg,1.8701969
2021-11-23 04:00:00,/Volumes/Argus/unk/snap/c1/1637640000.c1.snap.jpg,1.4207926
2021-11-23 04:30:00,/Volumes/Argus/unk/snap/c1/1637641800.c1.snap.jpg,0.6872927
2021-11-23 16:30:00,/Volumes/Argus/unk/snap/c1/1637685000.c1.snap.jpg,1.3732448
2021-11-23 17:00:00,/Volumes/Argus/unk/snap/c1/1637686800.c1.snap.jpg,0.92387617
2021-11-23 17:30:00,/Volumes/Argus/unk/snap/c1/1637688600.c1.snap.jpg,0.8776253
2021-11-23 18:00:00,/Volumes/Argus/unk/snap/c1/1637690400.c1.snap.jpg,1.0199451
2021-11-23 18:30:00,/Volumes/Argus/unk/snap/c1/1637692200.c1.snap.jpg,0.5138935
2021-11-23 19:00:00,/Volumes/Argus/unk/snap/c1/1637694000.c1.snap.jpg,0.3564859
2021-11-23 19:30:00,/Volumes/Argus/unk/snap/c1/1637695800.c1.snap.jpg,0.42100352
2021-11-23 20:00:00,/Volumes/Argus/unk/snap/c1/1637697600.c1.snap.jpg,0.6501534
2021-11-23 20:30:00,/Volumes/Argus/unk/snap/c1/1637699400.c1.snap.jpg,0.6961977
2021-11-23 21:00:00,/Volumes/Argus/unk/snap/c1/1637701200.c1.snap.jpg,0.61612236
2021-11-23 21:30:00,/Volumes/Argus/unk/snap/c1/1637703000.c1.snap.jpg,0.56811035
2021-11-23 22:00:00,/Volumes/Argus/unk/snap/c1/1637704800.c1.snap.jpg,0.51571363
2021-11-23 22:30:00,/Volumes/Argus/unk/snap/c1/1637706600.c1.snap.jpg,0.51507664
2021-11-23 23:00:00,/Volumes/Argus/unk/snap/c1/1637708400.c1.snap.jpg,0.5446328
2021-11-23 23:30:00,/Volumes/Argus/unk/snap/c1/1637710200.c1.snap.jpg,0.6045021
2021-11-24 00:30:00,/Volumes/Argus/unk/snap/c1/1637713800.c1.snap.jpg,0.7896102
2021-11-24 01:30:00,/Volumes/Argus/unk/snap/c1/1637717400.c1.snap.jpg,0.7934281
2021-11-24 02:00:00,/Volumes/Argus/unk/snap/c1/1637719200.c1.snap.jpg,0.8699124
2021-11-24 02:30:00,/Volumes/Argus/unk/snap/c1/1637721000.c1.snap.jpg,0.89164615
2021-11-24 03:00:00,/Volumes/Argus/unk/snap/c1/1637722800.c1.snap.jpg,1.084564
2021-11-24 03:30:00,/Volumes/Argus/unk/snap/c1/1637724600.c1.snap.jpg,1.8511125
2021-11-24 04:00:00,/Volumes/Argus/unk/snap/c1/1637726400.c1.snap.jpg,1.8745286
2021-11-24 04:30:00,/Volumes/Argus/unk/snap/c1/1637728200.c1.snap.jpg,1.8153244
2021-11-24 16:30:00,/Volumes/Argus/unk/snap/c1/1637771400.c1.snap.jpg,1.7753357
2021-11-24 17:00:00,/Volumes/Argus/unk/snap/c1/1637773200.c1.snap.jpg,0.798796
2021-11-24 17:30:00,/Volumes/Argus/unk/snap/c1/1637775000.c1.snap.jpg,1.7835857
2021-11-24 18:00:00,/Volumes/Argus/unk/snap/c1/1637776800.c1.snap.jpg,0.36915162
2021-11-24 18:30:00,/Volumes/Argus/unk/snap/c1/1637778600.c1.snap.jpg,0.6300129
2021-11-24 19:00:00,/Volumes/Argus/unk/snap/c1/1637780400.c1.snap.jpg,0.56205153
2021-11-24 19:30:00,/Volumes/Argus/unk/snap/c1/1637782200.c1.snap.jpg,0.45841384
2021-11-24 20:00:00,/Volumes/Argus/unk/snap/c1/1637784000.c1.snap.jpg,0.5254202
2021-11-24 20:30:00,/Volumes/Argus/unk/snap/c1/1637785800.c1.snap.jpg,0.5314487
2021-11-24 21:00:00,/Volumes/Argus/unk/snap/c1/1637787600.c1.snap.jpg,0.56793946
2021-11-24 21:30:00,/Volumes/Argus/unk/snap/c1/1637789400.c1.snap.jpg,0.56352854
2021-11-24 22:00:00,/Volumes/Argus/unk/snap/c1/1637791200.c1.snap.jpg,0.5072671
2021-11-24 22:30:00,/Volumes/Argus/unk/snap/c1/1637793000.c1.snap.jpg,0.52953
2021-11-24 23:00:00,/Volumes/Argus/unk/snap/c1/1637794800.c1.snap.jpg,0.56947
2021-11-24 23:30:00,/Volumes/Argus/unk/snap/c1/1637796600.c1.snap.jpg,0.5830883
2021-11-25 00:00:00,/Volumes/Argus/unk/snap/c1/1637798400.c1.snap.jpg,0.68444365
2021-11-25 00:30:00,/Volumes/Argus/unk/snap/c1/1637800200.c1.snap.jpg,0.79654944
2021-11-25 01:00:00,/Volumes/Argus/unk/snap/c1/1637802000.c1.snap.jpg,0.8037282
2021-11-25 01:30:00,/Volumes/Argus/unk/snap/c1/1637803800.c1.snap.jpg,0.79333913
2021-11-25 02:00:00,/Volumes/Argus/unk/snap/c1/1637805600.c1.snap.jpg,0.8101449
2021-11-25 04:00:00,/Volumes/Argus/unk/snap/c1/1637812800.c1.snap.jpg,1.83171
2021-11-25 04:30:00,/Volumes/Argus/unk/snap/c1/1637814600.c1.snap.jpg,1.8409961
2021-11-26 16:30:00,/Volumes/Argus/unk/snap/c1/1637944200.c1.snap.jpg,1.8383697
2021-11-26 17:00:00,/Volumes/Argus/unk/snap/c1/1637946000.c1.snap.jpg,1.7521027
2021-11-26 17:30:00,/Volumes/Argus/unk/snap/c1/1637947800.c1.snap.jpg,1.7405406
2021-11-26 18:00:00,/Volumes/Argus/unk/snap/c1/1637949600.c1.snap.jpg,1.8451391
2021-11-26 19:00:00,/Volumes/Argus/unk/snap/c1/1637953200.c1.snap.jpg,0.6531967
2021-11-26 19:30:00,/Volumes/Argus/unk/snap/c1/1637955000.c1.snap.jpg,0.4908465
2021-11-26 20:00:00,/Volumes/Argus/unk/snap/c1/1637956800.c1.snap.jpg,0.48217037
2021-11-26 20:30:00,/Volumes/Argus/unk/snap/c1/1637958600.c1.snap.jpg,0.57495165
2021-11-26 21:00:00,/Volumes/Argus/unk/snap/c1/1637960400.c1.snap.jpg,0.55703855
2021-11-26 21:30:00,/Volumes/Argus/unk/snap/c1/1637962200.c1.snap.jpg,0.65080154
2021-11-26 22:00:00,/Volumes/Argus/unk/snap/c1/1637964000.c1.snap.jpg,0.49784768
2021-11-26 23:00:00,/Volumes/Argus/unk/snap/c1/1637967600.c1.snap.jpg,0.4966665
2021-11-26 23:30:00,/Volumes/Argus/unk/snap/c1/1637969400.c1.snap.jpg,0.65609586
2021-11-27 00:00:00,/Volumes/Argus/unk/snap/c1/1637971200.c1.snap.jpg,0.7709067
2021-11-27 01:30:00,/Volumes/Argus/unk/snap/c1/1637976600.c1.snap.jpg,0.7320461
2021-11-27 02:00:00,/Volumes/Argus/unk/snap/c1/1637978400.c1.snap.jpg,0.76073635
2021-11-27 02:30:00,/Volumes/Argus/unk/snap/c1/1637980200.c1.snap.jpg,0.85025334
2021-11-27 03:00:00,/Volumes/Argus/unk/snap/c1/1637982000.c1.snap.jpg,1.2482308
2021-11-27 03:30:00,/Volumes/Argus/unk/snap/c1/1637983800.c1.snap.jpg,1.9164883
2021-11-27 04:00:00,/Volumes/Argus/unk/snap/c1/1637985600.c1.snap.jpg,1.498411
2021-11-27 04:30:00,/Volumes/Argus/unk/snap/c1/1637987400.c1.snap.jpg,1.818515
2021-11-27 16:30:00,/Volumes/Argus/unk/snap/c1/1638030600.c1.snap.jpg,1.8234664
2021-11-27 17:00:00,/Volumes/Argus/unk/snap/c1/1638032400.c1.snap.jpg,1.8375922
2021-11-27 17:30:00,/Volumes/Argus/unk/snap/c1/1638034200.c1.snap.jpg,1.4947873
2021-11-27 18:00:00,/Volumes/Argus/unk/snap/c1/1638036000.c1.snap.jpg,1.1246567
2021-11-27 18:30:00,/Volumes/Argus/unk/snap/c1/1638037800.c1.snap.jpg,0.95194095
2021-11-27 19:00:00,/Volumes/Argus/unk/snap/c1/1638039600.c1.snap.jpg,0.6083329
2021-11-27 19:30:00,/Volumes/Argus/unk/snap/c1/1638041400.c1.snap.jpg,0.41774425
2021-11-27 20:00:00,/Volumes/Argus/unk/snap/c1/1638043200.c1.snap.jpg,0.6189295
2021-11-27 20:30:00,/Volumes/Argus/unk/snap/c1/1638045000.c1.snap.jpg,0.6553354
2021-11-27 21:00:00,/Volumes/Argus/unk/snap/c1/1638046800.c1.snap.jpg,0.6573435
2021-11-27 21:30:00,/Volumes/Argus/unk/snap/c1/1638048600.c1.snap.jpg,0.6748445
2021-11-27 22:00:00,/Volumes/Argus/unk/snap/c1/1638050400.c1.snap.jpg,0.61847603
2021-11-27 22:30:00,/Volumes/Argus/unk/snap/c1/1638052200.c1.snap.jpg,0.5674355
2021-11-27 23:30:00,/Volumes/Argus/unk/snap/c1/1638055800.c1.snap.jpg,0.67033386
2021-11-28 00:00:00,/Volumes/Argus/unk/snap/c1/1638057600.c1.snap.jpg,0.7788306
2021-11-28 00:30:00,/Volumes/Argus/unk/snap/c1/1638059400.c1.snap.jpg,0.6643848
2021-11-28 01:00:00,/Volumes/Argus/unk/snap/c1/1638061200.c1.snap.jpg,0.7959991
2021-11-28 01:30:00,/Volumes/Argus/unk/snap/c1/1638063000.c1.snap.jpg,0.7122717
2021-11-28 02:00:00,/Volumes/Argus/unk/snap/c1/1638064800.c1.snap.jpg,0.6616323
2021-11-28 02:30:00,/Volumes/Argus/unk/snap/c1/1638066600.c1.snap.jpg,0.90409535
2021-11-28 03:00:00,/Volumes/Argus/unk/snap/c1/1638068400.c1.snap.jpg,1.8195609
2021-11-28 03:30:00,/Volumes/Argus/unk/snap/c1/1638070200.c1.snap.jpg,1.813917
2021-11-28 04:00:00,/Volumes/Argus/unk/snap/c1/1638072000.c1.snap.jpg,1.8244246
2021-11-28 04:30:00,/Volumes/Argus/unk/snap/c1/1638073800.c1.snap.jpg,1.7798944
2021-11-28 16:30:00,/Volumes/Argus/unk/snap/c1/1638117000.c1.snap.jpg,1.4723169
2021-11-28 17:00:00,/Volumes/Argus/unk/snap/c1/1638118800.c1.snap.jpg,1.8202528
2021-11-28 17:30:00,/Volumes/Argus/unk/snap/c1/1638120600.c1.snap.jpg,1.8203115
2021-11-28 18:00:00,/Volumes/Argus/unk/snap/c1/1638122400.c1.snap.jpg,1.0279902
2021-11-28 18:30:00,/Volumes/Argus/unk/snap/c1/1638124200.c1.snap.jpg,0.90789163
2021-11-28 19:00:00,/Volumes/Argus/unk/snap/c1/1638126000.c1.snap.jpg,0.51336825
2021-11-28 19:30:00,/Volumes/Argus/unk/snap/c1/1638127800.c1.snap.jpg,0.60433495
2021-11-28 20:00:00,/Volumes/Argus/unk/snap/c1/1638129600.c1.snap.jpg,0.57184374
2021-11-28 20:30:00,/Volumes/Argus/unk/snap/c1/1638131400.c1.snap.jpg,0.7884072
2021-11-28 21:00:00,/Volumes/Argus/unk/snap/c1/1638133200.c1.snap.jpg,0.8902391
2021-11-28 21:30:00,/Volumes/Argus/unk/snap/c1/1638135000.c1.snap.jpg,0.61729443
2021-11-28 23:00:00,/Volumes/Argus/unk/snap/c1/1638140400.c1.snap.jpg,0.54059315
2021-11-28 23:30:00,/Volumes/Argus/unk/snap/c1/1638142200.c1.snap.jpg,0.58558893
2021-11-29 00:00:00,/Volumes/Argus/unk/snap/c1/1638144000.c1.snap.jpg,0.6791624
2021-11-29 00:30:00,/Volumes/Argus/unk/snap/c1/1638145800.c1.snap.jpg,0.8319545
2021-11-29 01:00:00,/Volumes/Argus/unk/snap/c1/1638147600.c1.snap.jpg,0.8335265
2021-11-29 01:30:00,/Volumes/Argus/unk/snap/c1/1638149400.c1.snap.jpg,0.76573116
2021-11-29 02:00:00,/Volumes/Argus/unk/snap/c1/1638151200.c1.snap.jpg,0.86359644
2021-11-29 02:30:00,/Volumes/Argus/unk/snap/c1/1638153000.c1.snap.jpg,1.9233536
2021-11-29 04:00:00,/Volumes/Argus/unk/snap/c1/1638158400.c1.snap.jpg,1.7761636
2021-11-29 04:30:00,/Volumes/Argus/unk/snap/c1/1638160200.c1.snap.jpg,1.5446095
2021-11-29 16:30:00,/Volumes/Argus/unk/snap/c1/1638203400.c1.snap.jpg,1.8294622
2021-11-29 17:00:00,/Volumes/Argus/unk/snap/c1/1638205200.c1.snap.jpg,1.8467169
2021-11-29 17:30:00,/Volumes/Argus/unk/snap/c1/1638207000.c1.snap.jpg,1.8388431
2021-11-29 18:00:00,/Volumes/Argus/unk/snap/c1/1638208800.c1.snap.jpg,1.4464442
2021-11-29 18:30:00,/Volumes/Argus/unk/snap/c1/1638210600.c1.snap.jpg,0.86809695
2021-11-29 19:00:00,/Volumes/Argus/unk/snap/c1/1638212400.c1.snap.jpg,0.4414067
2021-11-29 20:30:00,/Volumes/Argus/unk/snap/c1/1638217800.c1.snap.jpg,0.6811331
2021-11-29 21:00:00,/Volumes/Argus/unk/snap/c1/1638219600.c1.snap.jpg,0.5682072
2021-11-29 21:30:00,/Volumes/Argus/unk/snap/c1/1638221400.c1.snap.jpg,0.5966686
2021-11-29 23:00:00,/Volumes/Argus/unk/snap/c1/1638226800.c1.snap.jpg,0.59026
2021-11-30 00:00:00,/Volumes/Argus/unk/snap/c1/1638230400.c1.snap.jpg,0.7620205
2021-11-30 00:30:00,/Volumes/Argus/unk/snap/c1/1638232200.c1.snap.jpg,0.7838317
2021-11-30 01:00:00,/Volumes/Argus/unk/snap/c1/1638234000.c1.snap.jpg,0.7444302
2021-11-30 01:30:00,/Volumes/Argus/unk/snap/c1/1638235800.c1.snap.jpg,0.81329423
2021-11-30 02:00:00,/Volumes/Argus/unk/snap/c1/1638237600.c1.snap.jpg,0.72372043
2021-11-30 02:30:00,/Volumes/Argus/unk/snap/c1/1638239400.c1.snap.jpg,1.0970752
2021-11-30 03:30:00,/Volumes/Argus/unk/snap/c1/1638243000.c1.snap.jpg,1.9439722
2021-11-30 04:00:00,/Volumes/Argus/unk/snap/c1/1638244800.c1.snap.jpg,1.7846814
2021-11-30 04:30:00,/Volumes/Argus/unk/snap/c1/1638246600.c1.snap.jpg,1.7392968
2021-11-30 16:30:00,/Volumes/Argus/unk/snap/c1/1638289800.c1.snap.jpg,1.7510767
2021-11-30 17:00:00,/Volumes/Argus/unk/snap/c1/1638291600.c1.snap.jpg,1.8545837
2021-11-30 17:30:00,/Volumes/Argus/unk/snap/c1/1638293400.c1.snap.jpg,1.5567017
2021-11-30 18:00:00,/Volumes/Argus/unk/snap/c1/1638295200.c1.snap.jpg,1.641693
2021-11-30 18:30:00,/Volumes/Argus/unk/snap/c1/1638297000.c1.snap.jpg,1.268247
2021-11-30 19:00:00,/Volumes/Argus/unk/snap/c1/1638298800.c1.snap.jpg,0.6257994
2021-11-30 19:30:00,/Volumes/Argus/unk/snap/c1/1638300600.c1.snap.jpg,0.5691058
2021-11-30 20:00:00,/Volumes/Argus/unk/snap/c1/1638302400.c1.snap.jpg,0.5934814
2021-11-30 21:00:00,/Volumes/Argus/unk/snap/c1/1638306000.c1.snap.jpg,0.5563316
2021-11-30 22:00:00,/Volumes/Argus/unk/snap/c1/1638309600.c1.snap.jpg,0.50353914
2021-11-30 23:00:00,/Volumes/Argus/unk/snap/c1/1638313200.c1.snap.jpg,0.5942421
2021-12-01 00:00:00,/Volumes/Argus/unk/snap/c1/1638316800.c1.snap.jpg,0.5367216
2021-12-01 00:30:00,/Volumes/Argus/unk/snap/c1/1638318600.c1.snap.jpg,0.48960346
2021-12-01 01:00:00,/Volumes/Argus/unk/snap/c1/1638320400.c1.snap.jpg,0.533733
2021-12-01 01:30:00,/Volumes/Argus/unk/snap/c1/1638322200.c1.snap.jpg,0.7094626
2021-12-01 02:00:00,/Volumes/Argus/unk/snap/c1/1638324000.c1.snap.jpg,0.66935444
2021-12-01 02:30:00,/Volumes/Argus/unk/snap/c1/1638325800.c1.snap.jpg,1.8247248
2021-12-01 03:00:00,/Volumes/Argus/unk/snap/c1/1638327600.c1.snap.jpg,0.85062194
2021-12-01 03:30:00,/Volumes/Argus/unk/snap/c1/1638329400.c1.snap.jpg,1.5076594
2021-12-01 04:00:00,/Volumes/Argus/unk/snap/c1/1638331200.c1.snap.jpg,1.8395509
2021-12-01 04:30:00,/Volumes/Argus/unk/snap/c1/1638333000.c1.snap.jpg,1.6024872
2021-12-04 16:30:00,/Volumes/Argus/unk/snap/c1/1638635400.c1.snap.jpg,1.2038091
2021-12-04 17:00:00,/Volumes/Argus/unk/snap/c1/1638637200.c1.snap.jpg,1.2166814
2021-12-04 17:30:00,/Volumes/Argus/unk/snap/c1/1638639000.c1.snap.jpg,1.7112976
2021-12-04 18:00:00,/Volumes/Argus/unk/snap/c1/1638640800.c1.snap.jpg,1.3141261
2021-12-04 20:00:00,/Volumes/Argus/unk/snap/c1/1638648000.c1.snap.jpg,0.650885
2021-12-04 23:00:00,/Volumes/Argus/unk/snap/c1/1638658800.c1.snap.jpg,0.7501921
2021-12-04 23:30:00,/Volumes/Argus/unk/snap/c1/1638660600.c1.snap.jpg,0.79508483
2021-12-05 00:00:00,/Volumes/Argus/unk/snap/c1/1638662400.c1.snap.jpg,0.77004004
2021-12-05 00:30:00,/Volumes/Argus/unk/snap/c1/1638664200.c1.snap.jpg,0.7879822
2021-12-05 01:00:00,/Volumes/Argus/unk/snap/c1/1638666000.c1.snap.jpg,0.8124844
2021-12-05 01:30:00,/Volumes/Argus/unk/snap/c1/1638667800.c1.snap.jpg,0.74584556
2021-12-05 02:00:00,/Volumes/Argus/unk/snap/c1/1638669600.c1.snap.jpg,0.61968213
2021-12-05 02:30:00,/Volumes/Argus/unk/snap/c1/1638671400.c1.snap.jpg,0.620134
2021-12-05 03:00:00,/Volumes/Argus/unk/snap/c1/1638673200.c1.snap.jpg,0.8798502
2021-12-05 03:30:00,/Volumes/Argus/unk/snap/c1/1638675000.c1.snap.jpg,0.37206453
2021-12-05 04:00:00,/Volumes/Argus/unk/snap/c1/1638676800.c1.snap.jpg,1.2680804
2021-12-05 04:30:00,/Volumes/Argus/unk/snap/c1/1638678600.c1.snap.jpg,1.3024007
2021-12-05 16:30:00,/Volumes/Argus/unk/snap/c1/1638721800.c1.snap.jpg,1.7247844
2021-12-05 17:00:00,/Volumes/Argus/unk/snap/c1/1638723600.c1.snap.jpg,1.7508663
2021-12-05 17:30:00,/Volumes/Argus/unk/snap/c1/1638725400.c1.snap.jpg,1.7263386
2021-12-05 19:00:00,/Volumes/Argus/unk/snap/c1/1638730800.c1.snap.jpg,0.8140422
2021-12-05 19:30:00,/Volumes/Argus/unk/snap/c1/1638732600.c1.snap.jpg,0.7797984
2021-12-05 20:00:00,/Volumes/Argus/unk/snap/c1/1638734400.c1.snap.jpg,0.93376654
2021-12-05 20:30:00,/Volumes/Argus/unk/snap/c1/1638736200.c1.snap.jpg,0.6478722
2021-12-05 21:00:00,/Volumes/Argus/unk/snap/c1/1638738000.c1.snap.jpg,0.59606093
2021-12-05 21:30:00,/Volumes/Argus/unk/snap/c1/1638739800.c1.snap.jpg,0.63966584
2021-12-05 22:00:00,/Volumes/Argus/unk/snap/c1/1638741600.c1.snap.jpg,0.94636613
2021-12-05 22:30:00,/Volumes/Argus/unk/snap/c1/1638743400.c1.snap.jpg,0.8911654
2021-12-05 23:00:00,/Volumes/Argus/unk/snap/c1/1638745200.c1.snap.jpg,0.8923315
2021-12-05 23:30:00,/Volumes/Argus/unk/snap/c1/1638747000.c1.snap.jpg,0.905712
2021-12-06 00:00:00,/Volumes/Argus/unk/snap/c1/1638748800.c1.snap.jpg,0.8151514
2021-12-06 00:30:00,/Volumes/Argus/unk/snap/c1/1638750600.c1.snap.jpg,0.8303702
2021-12-06 01:00:00,/Volumes/Argus/unk/snap/c1/1638752400.c1.snap.jpg,0.69426596
2021-12-06 01:30:00,/Volumes/Argus/unk/snap/c1/1638754200.c1.snap.jpg,0.89782834
2021-12-06 02:00:00,/Volumes/Argus/unk/snap/c1/1638756000.c1.snap.jpg,0.5796351
2021-12-06 02:30:00,/Volumes/Argus/unk/snap/c1/1638757800.c1.snap.jpg,0.65902245
2021-12-06 03:00:00,/Volumes/Argus/unk/snap/c1/1638759600.c1.snap.jpg,1.5487384
2021-12-06 03:30:00,/Volumes/Argus/unk/snap/c1/1638761400.c1.snap.jpg,1.8573804
2021-12-06 04:00:00,/Volumes/Argus/unk/snap/c1/1638763200.c1.snap.jpg,1.4458445
2021-12-06 04:30:00,/Volumes/Argus/unk/snap/c1/1638765000.c1.snap.jpg,1.3751065
2021-12-06 16:30:00,/Volumes/Argus/unk/snap/c1/1638808200.c1.snap.jpg,1.3942803
2021-12-06 17:00:00,/Volumes/Argus/unk/snap/c1/1638810000.c1.snap.jpg,1.6134013
2021-12-06 17:30:00,/Volumes/Argus/unk/snap/c1/1638811800.c1.snap.jpg,1.7933276
2021-12-06 18:00:00,/Volumes/Argus/unk/snap/c1/1638813600.c1.snap.jpg,1.832112
2021-12-06 18:30:00,/Volumes/Argus/unk/snap/c1/1638815400.c1.snap.jpg,0.7185306
2021-12-06 19:00:00,/Volumes/Argus/unk/snap/c1/1638817200.c1.snap.jpg,0.69692767
2021-12-06 19:30:00,/Volumes/Argus/unk/snap/c1/1638819000.c1.snap.jpg,0.45385012
2021-12-06 20:00:00,/Volumes/Argus/unk/snap/c1/1638820800.c1.snap.jpg,0.65334237
2021-12-06 20:30:00,/Volumes/Argus/unk/snap/c1/1638822600.c1.snap.jpg,0.8032626
2021-12-06 21:00:00,/Volumes/Argus/unk/snap/c1/1638824400.c1.snap.jpg,0.7402066
2021-12-06 21:30:00,/Volumes/Argus/unk/snap/c1/1638826200.c1.snap.jpg,0.6386886
2021-12-06 22:00:00,/Volumes/Argus/unk/snap/c1/1638828000.c1.snap.jpg,0.69831944
2021-12-06 22:30:00,/Volumes/Argus/unk/snap/c1/1638829800.c1.snap.jpg,0.6670022
2021-12-06 23:00:00,/Volumes/Argus/unk/snap/c1/1638831600.c1.snap.jpg,0.6469482
2021-12-06 23:30:00,/Volumes/Argus/unk/snap/c1/1638833400.c1.snap.jpg,0.666603
2021-12-07 00:00:00,/Volumes/Argus/unk/snap/c1/1638835200.c1.snap.jpg,0.70215917
2021-12-07 01:00:00,/Volumes/Argus/unk/snap/c1/1638838800.c1.snap.jpg,0.4907521
2021-12-07 01:30:00,/Volumes/Argus/unk/snap/c1/1638840600.c1.snap.jpg,0.60632443
2021-12-07 02:00:00,/Volumes/Argus/unk/snap/c1/1638842400.c1.snap.jpg,0.6528506
2021-12-07 02:30:00,/Volumes/Argus/unk/snap/c1/1638844200.c1.snap.jpg,0.7186167
2021-12-07 03:00:00,/Volumes/Argus/unk/snap/c1/1638846000.c1.snap.jpg,1.7919616
2021-12-07 03:30:00,/Volumes/Argus/unk/snap/c1/1638847800.c1.snap.jpg,1.3378185
2021-12-07 04:00:00,/Volumes/Argus/unk/snap/c1/1638849600.c1.snap.jpg,1.8288976
2021-12-07 04:30:00,/Volumes/Argus/unk/snap/c1/1638851400.c1.snap.jpg,1.4870324
2021-12-07 16:30:00,/Volumes/Argus/unk/snap/c1/1638894600.c1.snap.jpg,1.7843765
2021-12-07 17:00:00,/Volumes/Argus/unk/snap/c1/1638896400.c1.snap.jpg,1.160361
2021-12-07 17:30:00,/Volumes/Argus/unk/snap/c1/1638898200.c1.snap.jpg,1.1270044
2021-12-07 18:00:00,/Volumes/Argus/unk/snap/c1/1638900000.c1.snap.jpg,1.3170978
2021-12-07 19:30:00,/Volumes/Argus/unk/snap/c1/1638905400.c1.snap.jpg,0.7329847
2021-12-07 20:00:00,/Volumes/Argus/unk/snap/c1/1638907200.c1.snap.jpg,0.67648673
2021-12-07 21:00:00,/Volumes/Argus/unk/snap/c1/1638910800.c1.snap.jpg,0.8223025
2021-12-07 21:30:00,/Volumes/Argus/unk/snap/c1/1638912600.c1.snap.jpg,0.81712306
2021-12-07 22:00:00,/Volumes/Argus/unk/snap/c1/1638914400.c1.snap.jpg,0.70144844
2021-12-07 22:30:00,/Volumes/Argus/unk/snap/c1/1638916200.c1.snap.jpg,0.6467174
2021-12-07 23:00:00,/Volumes/Argus/unk/snap/c1/1638918000.c1.snap.jpg,0.7901514
2021-12-07 23:30:00,/Volumes/Argus/unk/snap/c1/1638919800.c1.snap.jpg,0.72297406
2021-12-08 00:00:00,/Volumes/Argus/unk/snap/c1/1638921600.c1.snap.jpg,0.69250304
2021-12-08 00:30:00,/Volumes/Argus/unk/snap/c1/1638923400.c1.snap.jpg,0.65716875
2021-12-08 01:00:00,/Volumes/Argus/unk/snap/c1/1638925200.c1.snap.jpg,0.6006707
2021-12-08 02:00:00,/Volumes/Argus/unk/snap/c1/1638928800.c1.snap.jpg,0.52188265
2021-12-08 02:30:00,/Volumes/Argus/unk/snap/c1/1638930600.c1.snap.jpg,1.8068498
2021-12-08 04:00:00,/Volumes/Argus/unk/snap/c1/1638936000.c1.snap.jpg,1.5228722
2021-12-08 04:30:00,/Volumes/Argus/unk/snap/c1/1638937800.c1.snap.jpg,1.4124206
2021-12-08 16:30:00,/Volumes/Argus/unk/snap/c1/1638981000.c1.snap.jpg,1.8768774
2021-12-08 17:00:00,/Volumes/Argus/unk/snap/c1/1638982800.c1.snap.jpg,1.8451378
2021-12-08 17:30:00,/Volumes/Argus/unk/snap/c1/1638984600.c1.snap.jpg,1.8348972
2021-12-08 18:00:00,/Volumes/Argus/unk/snap/c1/1638986400.c1.snap.jpg,1.7099065
2021-12-08 18:30:00,/Volumes/Argus/unk/snap/c1/1638988200.c1.snap.jpg,1.7969044
2021-12-08 19:00:00,/Volumes/Argus/unk/snap/c1/1638990000.c1.snap.jpg,0.9425888
2021-12-08 20:00:00,/Volumes/Argus/unk/snap/c1/1638993600.c1.snap.jpg,0.71224976
2021-12-08 20:30:00,/Volumes/Argus/unk/snap/c1/1638995400.c1.snap.jpg,0.67813593
2021-12-08 21:00:00,/Volumes/Argus/unk/snap/c1/1638997200.c1.snap.jpg,0.7308689
2021-12-08 21:30:00,/Volumes/Argus/unk/snap/c1/1638999000.c1.snap.jpg,0.7242813
2021-12-08 22:00:00,/Volumes/Argus/unk/snap/c1/1639000800.c1.snap.jpg,0.71504635
2021-12-08 22:30:00,/Volumes/Argus/unk/snap/c1/1639002600.c1.snap.jpg,0.6922764
2021-12-08 23:00:00,/Volumes/Argus/unk/snap/c1/1639004400.c1.snap.jpg,0.61804336
2021-12-08 23:30:00,/Volumes/Argus/unk/snap/c1/1639006200.c1.snap.jpg,0.7123832
2021-12-09 00:00:00,/Volumes/Argus/unk/snap/c1/1639008000.c1.snap.jpg,0.76107746
2021-12-09 00:30:00,/Volumes/Argus/unk/snap/c1/1639009800.c1.snap.jpg,0.74480075
2021-12-09 01:00:00,/Volumes/Argus/unk/snap/c1/1639011600.c1.snap.jpg,0.735262
2021-12-09 01:30:00,/Volumes/Argus/unk/snap/c1/1639013400.c1.snap.jpg,0.79998434
2021-12-09 02:00:00,/Volumes/Argus/unk/snap/c1/1639015200.c1.snap.jpg,0.7983286
2021-12-09 02:30:00,/Volumes/Argus/unk/snap/c1/1639017000.c1.snap.jpg,0.8807868
2021-12-09 03:00:00,/Volumes/Argus/unk/snap/c1/1639018800.c1.snap.jpg,1.81905
2021-12-09 03:30:00,/Volumes/Argus/unk/snap/c1/1639020600.c1.snap.jpg,1.3650855
2021-12-09 04:00:00,/Volumes/Argus/unk/snap/c1/1639022400.c1.snap.jpg,1.26465
2021-12-09 04:30:00,/Volumes/Argus/unk/snap/c1/1639024200.c1.snap.jpg,1.7985297
2021-12-09 16:30:00,/Volumes/Argus/unk/snap/c1/1639067400.c1.snap.jpg,1.8003942
2021-12-09 17:00:00,/Volumes/Argus/unk/snap/c1/1639069200.c1.snap.jpg,1.3762509
2021-12-09 17:30:00,/Volumes/Argus/unk/snap/c1/1639071000.c1.snap.jpg,1.8410422
2021-12-09 18:00:00,/Volumes/Argus/unk/snap/c1/1639072800.c1.snap.jpg,1.3644773
2021-12-09 18:30:00,/Volumes/Argus/unk/snap/c1/1639074600.c1.snap.jpg,1.8244302
2021-12-09 19:00:00,/Volumes/Argus/unk/snap/c1/1639076400.c1.snap.jpg,1.0418481
2021-12-09 19:30:00,/Volumes/Argus/unk/snap/c1/1639078200.c1.snap.jpg,0.8921056
2021-12-09 20:00:00,/Volumes/Argus/unk/snap/c1/1639080000.c1.snap.jpg,0.958169
2021-12-09 21:00:00,/Volumes/Argus/unk/snap/c1/1639083600.c1.snap.jpg,0.86461633
2021-12-09 21:30:00,/Volumes/Argus/unk/snap/c1/1639085400.c1.snap.jpg,0.8618947
2021-12-09 22:00:00,/Volumes/Argus/unk/snap/c1/1639087200.c1.snap.jpg,0.85806274
2021-12-09 22:30:00,/Volumes/Argus/unk/snap/c1/1639089000.c1.snap.jpg,0.8641835
2021-12-09 23:00:00,/Volumes/Argus/unk/snap/c1/1639090800.c1.snap.jpg,0.8234644
2021-12-09 23:30:00,/Volumes/Argus/unk/snap/c1/1639092600.c1.snap.jpg,0.80218923
2021-12-10 00:00:00,/Volumes/Argus/unk/snap/c1/1639094400.c1.snap.jpg,0.8191658
2021-12-10 00:30:00,/Volumes/Argus/unk/snap/c1/1639096200.c1.snap.jpg,0.7190598
2021-12-10 01:00:00,/Volumes/Argus/unk/snap/c1/1639098000.c1.snap.jpg,0.7606677
2021-12-10 01:30:00,/Volumes/Argus/unk/snap/c1/1639099800.c1.snap.jpg,0.63272506
2021-12-10 02:00:00,/Volumes/Argus/unk/snap/c1/1639101600.c1.snap.jpg,0.58040136
2021-12-10 02:30:00,/Volumes/Argus/unk/snap/c1/1639103400.c1.snap.jpg,1.8547195
2021-12-10 03:00:00,/Volumes/Argus/unk/snap/c1/1639105200.c1.snap.jpg,1.8560439
2021-12-10 04:30:00,/Volumes/Argus/unk/snap/c1/1639110600.c1.snap.jpg,1.5428833
2021-12-12 16:30:00,/Volumes/Argus/unk/snap/c1/1639326600.c1.snap.jpg,1.795021
2021-12-12 17:00:00,/Volumes/Argus/unk/snap/c1/1639328400.c1.snap.jpg,1.837814
2021-12-12 17:30:00,/Volumes/Argus/unk/snap/c1/1639330200.c1.snap.jpg,1.741276
2021-12-12 18:00:00,/Volumes/Argus/unk/snap/c1/1639332000.c1.snap.jpg,1.8142931
2021-12-12 18:30:00,/Volumes/Argus/unk/snap/c1/1639333800.c1.snap.jpg,1.7893089
2021-12-12 19:00:00,/Volumes/Argus/unk/snap/c1/1639335600.c1.snap.jpg,0.6989388
2021-12-12 19:30:00,/Volumes/Argus/unk/snap/c1/1639337400.c1.snap.jpg,0.5943732
2021-12-12 20:00:00,/Volumes/Argus/unk/snap/c1/1639339200.c1.snap.jpg,0.62702507
2021-12-12 20:30:00,/Volumes/Argus/unk/snap/c1/1639341000.c1.snap.jpg,0.59360975
2021-12-12 21:00:00,/Volumes/Argus/unk/snap/c1/1639342800.c1.snap.jpg,0.6217026
2021-12-12 21:30:00,/Volumes/Argus/unk/snap/c1/1639344600.c1.snap.jpg,0.5952737
2021-12-12 22:00:00,/Volumes/Argus/unk/snap/c1/1639346400.c1.snap.jpg,0.60411006
2021-12-12 22:30:00,/Volumes/Argus/unk/snap/c1/1639348200.c1.snap.jpg,0.5548636
2021-12-12 23:00:00,/Volumes/Argus/unk/snap/c1/1639350000.c1.snap.jpg,0.6634273
2021-12-12 23:30:00,/Volumes/Argus/unk/snap/c1/1639351800.c1.snap.jpg,0.5886803
2021-12-13 00:00:00,/Volumes/Argus/unk/snap/c1/1639353600.c1.snap.jpg,0.6497493
2021-12-13 00:30:00,/Volumes/Argus/unk/snap/c1/1639355400.c1.snap.jpg,0.62582517
2021-12-13 01:00:00,/Volumes/Argus/unk/snap/c1/1639357200.c1.snap.jpg,0.6155819
2021-12-13 01:30:00,/Volumes/Argus/unk/snap/c1/1639359000.c1.snap.jpg,0.53010035
2021-12-13 02:00:00,/Volumes/Argus/unk/snap/c1/1639360800.c1.snap.jpg,0.6978995
2021-12-13 03:00:00,/Volumes/Argus/unk/snap/c1/1639364400.c1.snap.jpg,1.8413972
2021-12-13 03:30:00,/Volumes/Argus/unk/snap/c1/1639366200.c1.snap.jpg,0.65076005
2021-12-13 04:00:00,/Volumes/Argus/unk/snap/c1/1639368000.c1.snap.jpg,1.5578293
2021-12-13 04:30:00,/Volumes/Argus/unk/snap/c1/1639369800.c1.snap.jpg,1.585552
2021-12-13 16:30:00,/Volumes/Argus/unk/snap/c1/1639413000.c1.snap.jpg,1.8194702
2021-12-13 17:00:00,/Volumes/Argus/unk/snap/c1/1639414800.c1.snap.jpg,1.344873
2021-12-13 17:30:00,/Volumes/Argus/unk/snap/c1/1639416600.c1.snap.jpg,1.5440799
2021-12-13 18:00:00,/Volumes/Argus/unk/snap/c1/1639418400.c1.snap.jpg,1.490795
2021-12-13 18:30:00,/Volumes/Argus/unk/snap/c1/1639420200.c1.snap.jpg,1.0172112
2021-12-13 19:00:00,/Volumes/Argus/unk/snap/c1/1639422000.c1.snap.jpg,0.8597742
2021-12-13 19:30:00,/Volumes/Argus/unk/snap/c1/1639423800.c1.snap.jpg,0.60378766
2021-12-13 20:00:00,/Volumes/Argus/unk/snap/c1/1639425600.c1.snap.jpg,0.54760903
2021-12-13 21:00:00,/Volumes/Argus/unk/snap/c1/1639429200.c1.snap.jpg,0.47670555
2021-12-13 22:00:00,/Volumes/Argus/unk/snap/c1/1639432800.c1.snap.jpg,0.47642875
2021-12-13 22:30:00,/Volumes/Argus/unk/snap/c1/1639434600.c1.snap.jpg,0.49648386
2021-12-13 23:00:00,/Volumes/Argus/unk/snap/c1/1639436400.c1.snap.jpg,0.5319436
2021-12-14 00:00:00,/Volumes/Argus/unk/snap/c1/1639440000.c1.snap.jpg,0.521114
2021-12-14 00:30:00,/Volumes/Argus/unk/snap/c1/1639441800.c1.snap.jpg,0.4889093
2021-12-14 01:00:00,/Volumes/Argus/unk/snap/c1/1639443600.c1.snap.jpg,0.48741943
2021-12-14 01:30:00,/Volumes/Argus/unk/snap/c1/1639445400.c1.snap.jpg,0.48281497
2021-12-14 02:30:00,/Volumes/Argus/unk/snap/c1/1639449000.c1.snap.jpg,0.91298586
2021-12-14 04:00:00,/Volumes/Argus/unk/snap/c1/1639454400.c1.snap.jpg,1.5631725
2021-12-14 16:30:00,/Volumes/Argus/unk/snap/c1/1639499400.c1.snap.jpg,1.8051721
2021-12-14 17:00:00,/Volumes/Argus/unk/snap/c1/1639501200.c1.snap.jpg,1.4612235
2021-12-14 17:30:00,/Volumes/Argus/unk/snap/c1/1639503000.c1.snap.jpg,1.3266962
2021-12-14 18:00:00,/Volumes/Argus/unk/snap/c1/1639504800.c1.snap.jpg,0.69605434
2021-12-14 19:00:00,/Volumes/Argus/unk/snap/c1/1639508400.c1.snap.jpg,0.61755246
2021-12-14 19:30:00,/Volumes/Argus/unk/snap/c1/1639510200.c1.snap.jpg,0.5301279
2021-12-14 20:00:00,/Volumes/Argus/unk/snap/c1/1639512000.c1.snap.jpg,0.5055119
2021-12-14 20:30:00,/Volumes/Argus/unk/snap/c1/1639513800.c1.snap.jpg,0.4908705
2021-12-14 21:00:00,/Volumes/Argus/unk/snap/c1/1639515600.c1.snap.jpg,0.5227332
2021-12-14 21:30:00,/Volumes/Argus/unk/snap/c1/1639517400.c1.snap.jpg,0.6397834
2021-12-14 22:00:00,/Volumes/Argus/unk/snap/c1/1639519200.c1.snap.jpg,0.49425393
2021-12-14 22:30:00,/Volumes/Argus/unk/snap/c1/1639521000.c1.snap.jpg,0.61951023
2021-12-14 23:00:00,/Volumes/Argus/unk/snap/c1/1639522800.c1.snap.jpg,0.6269233
2021-12-14 23:30:00,/Volumes/Argus/unk/snap/c1/1639524600.c1.snap.jpg,0.53054214
2021-12-15 00:00:00,/Volumes/Argus/unk/snap/c1/1639526400.c1.snap.jpg,0.44453442
2021-12-15 00:30:00,/Volumes/Argus/unk/snap/c1/1639528200.c1.snap.jpg,0.37867895
2021-12-15 01:00:00,/Volumes/Argus/unk/snap/c1/1639530000.c1.snap.jpg,0.41810825
2021-12-15 01:30:00,/Volumes/Argus/unk/snap/c1/1639531800.c1.snap.jpg,0.5224875
2021-12-15 02:00:00,/Volumes/Argus/unk/snap/c1/1639533600.c1.snap.jpg,0.5225373
2021-12-15 03:00:00,/Volumes/Argus/unk/snap/c1/1639537200.c1.snap.jpg,1.6867027
2021-12-15 03:30:00,/Volumes/Argus/unk/snap/c1/1639539000.c1.snap.jpg,1.5612688
2021-12-15 04:00:00,/Volumes/Argus/unk/snap/c1/1639540800.c1.snap.jpg,1.5911416
2021-12-15 04:30:00,/Volumes/Argus/unk/snap/c1/1639542600.c1.snap.jpg,1.795524
2021-12-15 16:30:00,/Volumes/Argus/unk/snap/c1/1639585800.c1.snap.jpg,1.5863727
2021-12-15 17:00:00,/Volumes/Argus/unk/snap/c1/1639587600.c1.snap.jpg,1.8186082
2021-12-15 17:30:00,/Volumes/Argus/unk/snap/c1/1639589400.c1.snap.jpg,1.2175616
2021-12-15 18:00:00,/Volumes/Argus/unk/snap/c1/1639591200.c1.snap.jpg,1.065601
2021-12-15 18:30:00,/Volumes/Argus/unk/snap/c1/1639593000.c1.snap.jpg,1.2489572
2021-12-15 19:00:00,/Volumes/Argus/unk/snap/c1/1639594800.c1.snap.jpg,0.7990427
2021-12-15 19:30:00,/Volumes/Argus/unk/snap/c1/1639596600.c1.snap.jpg,0.69397837
2021-12-15 20:00:00,/Volumes/Argus/unk/snap/c1/1639598400.c1.snap.jpg,0.6276685
2021-12-15 20:30:00,/Volumes/Argus/unk/snap/c1/1639600200.c1.snap.jpg,0.6282339
2021-12-15 21:00:00,/Volumes/Argus/unk/snap/c1/1639602000.c1.snap.jpg,0.62214154
2021-12-15 21:30:00,/Volumes/Argus/unk/snap/c1/1639603800.c1.snap.jpg,0.61397076
2021-12-15 22:00:00,/Volumes/Argus/unk/snap/c1/1639605600.c1.snap.jpg,0.61003023
2021-12-15 22:30:00,/Volumes/Argus/unk/snap/c1/1639607400.c1.snap.jpg,0.50603366
2021-12-15 23:00:00,/Volumes/Argus/unk/snap/c1/1639609200.c1.snap.jpg,0.7404002
2021-12-15 23:30:00,/Volumes/Argus/unk/snap/c1/1639611000.c1.snap.jpg,0.77731365
2021-12-16 00:00:00,/Volumes/Argus/unk/snap/c1/1639612800.c1.snap.jpg,0.71207875
2021-12-16 01:30:00,/Volumes/Argus/unk/snap/c1/1639618200.c1.snap.jpg,0.7605709
2021-12-16 02:30:00,/Volumes/Argus/unk/snap/c1/1639621800.c1.snap.jpg,1.7817719
2021-12-16 03:00:00,/Volumes/Argus/unk/snap/c1/1639623600.c1.snap.jpg,1.7784256
2021-12-16 03:30:00,/Volumes/Argus/unk/snap/c1/1639625400.c1.snap.jpg,1.8198123
2021-12-16 04:00:00,/Volumes/Argus/unk/snap/c1/1639627200.c1.snap.jpg,1.7944356
2021-12-16 04:30:00,/Volumes/Argus/unk/snap/c1/1639629000.c1.snap.jpg,1.7662662
2021-12-18 16:30:00,/Volumes/Argus/unk/snap/c1/1639845000.c1.snap.jpg,1.6253105
2021-12-18 17:30:00,/Volumes/Argus/unk/snap/c1/1639848600.c1.snap.jpg,1.5379473
2021-12-18 18:00:00,/Volumes/Argus/unk/snap/c1/1639850400.c1.snap.jpg,1.6575592
2021-12-18 18:30:00,/Volumes/Argus/unk/snap/c1/1639852200.c1.snap.jpg,1.3296372
2021-12-18 19:00:00,/Volumes/Argus/unk/snap/c1/1639854000.c1.snap.jpg,0.9311905
2021-12-18 19:30:00,/Volumes/Argus/unk/snap/c1/1639855800.c1.snap.jpg,0.73015964
2021-12-18 20:00:00,/Volumes/Argus/unk/snap/c1/1639857600.c1.snap.jpg,0.7460362
2021-12-18 20:30:00,/Volumes/Argus/unk/snap/c1/1639859400.c1.snap.jpg,0.70034033
2021-12-18 21:00:00,/Volumes/Argus/unk/snap/c1/1639861200.c1.snap.jpg,0.6963662
2021-12-18 21:30:00,/Volumes/Argus/unk/snap/c1/1639863000.c1.snap.jpg,0.7028897
2021-12-18 22:00:00,/Volumes/Argus/unk/snap/c1/1639864800.c1.snap.jpg,0.77342534
2021-12-18 22:30:00,/Volumes/Argus/unk/snap/c1/1639866600.c1.snap.jpg,0.7841457
2021-12-18 23:00:00,/Volumes/Argus/unk/snap/c1/1639868400.c1.snap.jpg,0.81036127
2021-12-18 23:30:00,/Volumes/Argus/unk/snap/c1/1639870200.c1.snap.jpg,0.8408891
2021-12-19 00:00:00,/Volumes/Argus/unk/snap/c1/1639872000.c1.snap.jpg,0.8116931
2021-12-19 00:30:00,/Volumes/Argus/unk/snap/c1/1639873800.c1.snap.jpg,0.76343954
2021-12-19 01:30:00,/Volumes/Argus/unk/snap/c1/1639877400.c1.snap.jpg,0.7422542
2021-12-19 02:00:00,/Volumes/Argus/unk/snap/c1/1639879200.c1.snap.jpg,0.77279645
2021-12-19 02:30:00,/Volumes/Argus/unk/snap/c1/1639881000.c1.snap.jpg,1.8281437
2021-12-19 03:00:00,/Volumes/Argus/unk/snap/c1/1639882800.c1.snap.jpg,1.8145331
2021-12-19 03:30:00,/Volumes/Argus/unk/snap/c1/1639884600.c1.snap.jpg,0.9457013
2021-12-19 04:00:00,/Volumes/Argus/unk/snap/c1/1639886400.c1.snap.jpg,1.5295959
2021-12-19 04:30:00,/Volumes/Argus/unk/snap/c1/1639888200.c1.snap.jpg,1.0512376
2021-12-19 16:30:00,/Volumes/Argus/unk/snap/c1/1639931400.c1.snap.jpg,0.90765446
2021-12-19 17:00:00,/Volumes/Argus/unk/snap/c1/1639933200.c1.snap.jpg,1.5082829
2021-12-19 17:30:00,/Volumes/Argus/unk/snap/c1/1639935000.c1.snap.jpg,1.7709507
2021-12-19 18:00:00,/Volumes/Argus/unk/snap/c1/1639936800.c1.snap.jpg,1.2708385
2021-12-19 18:30:00,/Volumes/Argus/unk/snap/c1/1639938600.c1.snap.jpg,1.538906
2021-12-19 19:00:00,/Volumes/Argus/unk/snap/c1/1639940400.c1.snap.jpg,1.0845757
2021-12-19 19:30:00,/Volumes/Argus/unk/snap/c1/1639942200.c1.snap.jpg,0.6777774
2021-12-19 20:00:00,/Volumes/Argus/unk/snap/c1/1639944000.c1.snap.jpg,0.70987815
2021-12-19 20:30:00,/Volumes/Argus/unk/snap/c1/1639945800.c1.snap.jpg,0.68442464
2021-12-19 21:00:00,/Volumes/Argus/unk/snap/c1/1639947600.c1.snap.jpg,0.7240802
2021-12-19 21:30:00,/Volumes/Argus/unk/snap/c1/1639949400.c1.snap.jpg,0.65459526
2021-12-19 22:00:00,/Volumes/Argus/unk/snap/c1/1639951200.c1.snap.jpg,0.5814923
2021-12-19 22:30:00,/Volumes/Argus/unk/snap/c1/1639953000.c1.snap.jpg,0.6126418
2021-12-19 23:00:00,/Volumes/Argus/unk/snap/c1/1639954800.c1.snap.jpg,0.5121143
2021-12-19 23:30:00,/Volumes/Argus/unk/snap/c1/1639956600.c1.snap.jpg,0.5225595
2021-12-20 00:00:00,/Volumes/Argus/unk/snap/c1/1639958400.c1.snap.jpg,0.5033457
2021-12-20 00:30:00,/Volumes/Argus/unk/snap/c1/1639960200.c1.snap.jpg,0.54459083
2021-12-20 01:00:00,/Volumes/Argus/unk/snap/c1/1639962000.c1.snap.jpg,0.58327293
2021-12-20 01:30:00,/Volumes/Argus/unk/snap/c1/1639963800.c1.snap.jpg,0.5175914
2021-12-20 02:00:00,/Volumes/Argus/unk/snap/c1/1639965600.c1.snap.jpg,0.6161572
2021-12-20 02:30:00,/Volumes/Argus/unk/snap/c1/1639967400.c1.snap.jpg,1.2000498
2021-12-20 03:30:00,/Volumes/Argus/unk/snap/c1/1639971000.c1.snap.jpg,1.3378261
2021-12-20 04:00:00,/Volumes/Argus/unk/snap/c1/1639972800.c1.snap.jpg,1.4588469
2021-12-20 04:30:00,/Volumes/Argus/unk/snap/c1/1639974600.c1.snap.jpg,1.7636884
