time,path,H
2021-12-20 16:30:00,/Volumes/Argus/unk/snap/c1/1640017800.c1.snap.jpg,1.3632734
2021-12-20 17:00:00,/Volumes/Argus/unk/snap/c1/1640019600.c1.snap.jpg,1.3960197
2021-12-20 17:30:00,/Volumes/Argus/unk/snap/c1/1640021400.c1.snap.jpg,0.5813813
2021-12-20 18:00:00,/Volumes/Argus/unk/snap/c1/1640023200.c1.snap.jpg,1.3252728
2021-12-20 18:30:00,/Volumes/Argus/unk/snap/c1/1640025000.c1.snap.jpg,0.59358925
2021-12-20 19:00:00,/Volumes/Argus/unk/snap/c1/1640026800.c1.snap.jpg,0.8930033
2021-12-20 19:30:00,/Volumes/Argus/unk/snap/c1/1640028600.c1.snap.jpg,0.9050264
2021-12-20 20:00:00,/Volumes/Argus/unk/snap/c1/1640030400.c1.snap.jpg,0.6320874
2021-12-20 20:30:00,/Volumes/Argus/unk/snap/c1/1640032200.c1.snap.jpg,0.7417034
2021-12-20 21:00:00,/Volumes/Argus/unk/snap/c1/1640034000.c1.snap.jpg,0.73441243
2021-12-20 21:30:00,/Volumes/Argus/unk/snap/c1/1640035800.c1.snap.jpg,0.69242907
2021-12-20 22:00:00,/Volumes/Argus/unk/snap/c1/1640037600.c1.snap.jpg,0.5754353
2021-12-20 22:30:00,/Volumes/Argus/unk/snap/c1/1640039400.c1.snap.jpg,0.67973185
2021-12-20 23:00:00,/Volumes/Argus/unk/snap/c1/1640041200.c1.snap.jpg,0.42432386
2021-12-20 23:30:00,/Volumes/Argus/unk/snap/c1/1640043000.c1.snap.jpg,1.0808709
2021-12-21 00:00:00,/Volumes/Argus/unk/snap/c1/1640044800.c1.snap.jpg,1.0611378
2021-12-21 00:30:00,/Volumes/Argus/unk/snap/c1/1640046600.c1.snap.jpg,0.98850214
2021-12-21 01:00:00,/Volumes/Argus/unk/snap/c1/1640048400.c1.snap.jpg,1.0120703
2021-12-21 02:30:00,/Volumes/Argus/unk/snap/c1/1640053800.c1.snap.jpg,1.7778692
2021-12-21 03:30:00,/Volumes/Argus/unk/snap/c1/1640057400.c1.snap.jpg,1.6756482
2021-12-21 04:00:00,/Volumes/Argus/unk/snap/c1/1640059200.c1.snap.jpg,1.7920545
2021-12-21 04:30:00,/Volumes/Argus/unk/snap/c1/1640061000.c1.snap.jpg,1.7585329
2021-12-21 16:30:00,/Volumes/Argus/unk/snap/c1/1640104200.c1.snap.jpg,1.7413362
2021-12-21 17:00:00,/Volumes/Argus/unk/snap/c1/1640106000.c1.snap.jpg,1.5802853
2021-12-21 18:00:00,/Volumes/Argus/unk/snap/c1/1640109600.c1.snap.jpg,1.5423223
2021-12-21 18:30:00,/Volumes/Argus/unk/snap/c1/1640111400.c1.snap.jpg,1.587165
2021-12-21 19:00:00,/Volumes/Argus/unk/snap/c1/1640113200.c1.snap.jpg,1.5503227
2021-12-21 19:30:00,/Volumes/Argus/unk/snap/c1/1640115000.c1.snap.jpg,1.0478948
2021-12-21 20:00:00,/Volumes/Argus/unk/snap/c1/1640116800.c1.snap.jpg,1.0904675
2021-12-21 20:30:00,/Volumes/Argus/unk/snap/c1/1640118600.c1.snap.jpg,1.099977
2021-12-21 21:00:00,/Volumes/Argus/unk/snap/c1/1640120400.c1.snap.jpg,1.0727172
2021-12-21 21:30:00,/Volumes/Argus/unk/snap/c1/1640122200.c1.snap.jpg,1.0767447
2021-12-21 22:00:00,/Volumes/Argus/unk/snap/c1/1640124000.c1.snap.jpg,1.1404587
2021-12-21 22:30:00,/Volumes/Argus/unk/snap/c1/1640125800.c1.snap.jpg,1.124054
2021-12-21 23:00:00,/Volumes/Argus/unk/snap/c1/1640127600.c1.snap.jpg,1.1251835
2021-12-21 23:30:00,/Volumes/Argus/unk/snap/c1/1640129400.c1.snap.jpg,1.1319284
2021-12-22 00:00:00,/Volumes/Argus/unk/snap/c1/1640131200.c1.snap.jpg,1.1158445
2021-12-22 00:30:00,/Volumes/Argus/unk/snap/c1/1640133000.c1.snap.jpg,1.1129057
2021-12-22 01:00:00,/Volumes/Argus/unk/snap/c1/1640134800.c1.snap.jpg,1.0683596
2021-12-22 01:30:00,/Volumes/Argus/unk/snap/c1/1640136600.c1.snap.jpg,1.109448
2021-12-22 02:00:00,/Volumes/Argus/unk/snap/c1/1640138400.c1.snap.jpg,1.1552427
2021-12-22 02:30:00,/Volumes/Argus/unk/snap/c1/1640140200.c1.snap.jpg,1.724049
2021-12-22 04:00:00,/Volumes/Argus/unk/snap/c1/1640145600.c1.snap.jpg,1.7082584
2021-12-22 04:30:00,/Volumes/Argus/unk/snap/c1/1640147400.c1.snap.jpg,1.6958866
2021-12-22 16:30:00,/Volumes/Argus/unk/snap/c1/1640190600.c1.snap.jpg,1.5638739
2021-12-22 17:00:00,/Volumes/Argus/unk/snap/c1/1640192400.c1.snap.jpg,1.5216182
2021-12-22 17:30:00,/Volumes/Argus/unk/snap/c1/1640194200.c1.snap.jpg,1.3862876
2021-12-22 18:00:00,/Volumes/Argus/unk/snap/c1/1640196000.c1.snap.jpg,1.3948966
2021-12-22 18:30:00,/Volumes/Argus/unk/snap/c1/1640197800.c1.snap.jpg,1.5452542
2021-12-22 19:00:00,/Volumes/Argus/unk/snap/c1/1640199600.c1.snap.jpg,1.6336902
2021-12-22 20:00:00,/Volumes/Argus/unk/snap/c1/1640203200.c1.snap.jpg,1.0029317
2021-12-22 20:30:00,/Volumes/Argus/unk/snap/c1/1640205000.c1.snap.jpg,0.965393
2021-12-22 21:00:00,/Volumes/Argus/unk/snap/c1/1640206800.c1.snap.jpg,0.9365027
2021-12-22 21:30:00,/Volumes/Argus/unk/snap/c1/1640208600.c1.snap.jpg,0.9354154
2021-12-22 22:00:00,/Volumes/Argus/unk/snap/c1/1640210400.c1.snap.jpg,0.9498438
2021-12-22 22:30:00,/Volumes/Argus/unk/snap/c1/1640212200.c1.snap.jpg,0.9523034
2021-12-22 23:00:00,/Volumes/Argus/unk/snap/c1/1640214000.c1.snap.jpg,0.92094314
2021-12-22 23:30:00,/Volumes/Argus/unk/snap/c1/1640215800.c1.snap.jpg,0.9275897
2021-12-23 00:00:00,/Volumes/Argus/unk/snap/c1/1640217600.c1.snap.jpg,0.9711251
2021-12-23 01:00:00,/Volumes/Argus/unk/snap/c1/1640221200.c1.snap.jpg,0.944415
2021-12-23 01:30:00,/Volumes/Argus/unk/snap/c1/1640223000.c1.snap.jpg,0.973132
2021-12-23 02:00:00,/Volumes/Argus/unk/snap/c1/1640224800.c1.snap.jpg,1.2149143
2021-12-23 03:00:00,/Volumes/Argus/unk/snap/c1/1640228400.c1.snap.jpg,1.6016732
2021-12-23 03:30:00,/Volumes/Argus/unk/snap/c1/1640230200.c1.snap.jpg,1.2399307
2021-12-23 04:00:00,/Volumes/Argus/unk/snap/c1/1640232000.c1.snap.jpg,1.7410454
2021-12-23 04:30:00,/Volumes/Argus/unk/snap/c1/1640233800.c1.snap.jpg,1.650601
2021-12-23 16:30:00,/Volumes/Argus/unk/snap/c1/1640277000.c1.snap.jpg,1.7801119
2021-12-23 17:00:00,/Volumes/Argus/unk/snap/c1/1640278800.c1.snap.jpg,1.6172731
2021-12-23 17:30:00,/Volumes/Argus/unk/snap/c1/1640280600.c1.snap.jpg,1.559563
2021-12-23 18:00:00,/Volumes/Argus/unk/snap/c1/1640282400.c1.snap.jpg,1.6969233
2021-12-23 18:30:00,/Volumes/Argus/unk/snap/c1/1640284200.c1.snap.jpg,1.6596726
2021-12-23 19:00:00,/Volumes/Argus/unk/snap/c1/1640286000.c1.snap.jpg,1.509443
2021-12-23 20:00:00,/Volumes/Argus/unk/snap/c1/1640289600.c1.snap.jpg,1.016136
2021-12-23 20:30:00,/Volumes/Argus/unk/snap/c1/1640291400.c1.snap.jpg,0.91408086
2021-12-23 21:00:00,/Volumes/Argus/unk/snap/c1/1640293200.c1.snap.jpg,0.9377092
2021-12-23 21:30:00,/Volumes/Argus/unk/snap/c1/1640295000.c1.snap.jpg,0.96877205
2021-12-23 22:00:00,/Volumes/Argus/unk/snap/c1/1640296800.c1.snap.jpg,0.9674142
2021-12-23 22:30:00,/Volumes/Argus/unk/snap/c1/1640298600.c1.snap.jpg,0.99369687
2021-12-23 23:00:00,/Volumes/Argus/unk/snap/c1/1640300400.c1.snap.jpg,0.9528026
2021-12-23 23:30:00,/Volumes/Argus/unk/snap/c1/1640302200.c1.snap.jpg,0.98510087
2021-12-24 00:00:00,/Volumes/Argus/unk/snap/c1/1640304000.c1.snap.jpg,1.030967
2021-12-24 00:30:00,/Volumes/Argus/unk/snap/c1/1640305800.c1.snap.jpg,1.0308176
2021-12-24 01:00:00,/Volumes/Argus/unk/snap/c1/1640307600.c1.snap.jpg,1.0766697
2021-12-24 01:30:00,/Volumes/Argus/unk/snap/c1/1640309400.c1.snap.jpg,1.1753222
2021-12-24 02:00:00,/Volumes/Argus/unk/snap/c1/1640311200.c1.snap.jpg,1.1394413
2021-12-24 03:00:00,/Volumes/Argus/unk/snap/c1/1640314800.c1.snap.jpg,1.6207376
2021-12-24 03:30:00,/Volumes/Argus/unk/snap/c1/1640316600.c1.snap.jpg,1.4999298
2021-12-24 04:30:00,/Volumes/Argus/unk/snap/c1/1640320200.c1.snap.jpg,1.167923
2021-12-25 04:30:00,/Volumes/Argus/unk/snap/c1/1640406600.c1.snap.jpg,1.617087
2021-12-26 07:30:00,/Volumes/Argus/unk/snap/c1/1640503800.c1.snap.jpg,1.6108841
2021-12-26 08:00:00,/Volumes/Argus/unk/snap/c1/1640505600.c1.snap.jpg,1.5039443
2021-12-26 16:30:00,/Volumes/Argus/unk/snap/c1/1640536200.c1.snap.jpg,1.8091432
2021-12-26 17:00:00,/Volumes/Argus/unk/snap/c1/1640538000.c1.snap.jpg,1.681338
2021-12-26 17:30:00,/Volumes/Argus/unk/snap/c1/1640539800.c1.snap.jpg,1.7641329
2021-12-26 18:00:00,/Volumes/Argus/unk/snap/c1/1640541600.c1.snap.jpg,1.8417689
2021-12-26 18:30:00,/Volumes/Argus/unk/snap/c1/1640543400.c1.snap.jpg,1.8294469
2021-12-26 19:00:00,/Volumes/Argus/unk/snap/c1/1640545200.c1.snap.jpg,1.7425393
2021-12-26 20:00:00,/Volumes/Argus/unk/snap/c1/1640548800.c1.snap.jpg,1.050711
2021-12-26 21:00:00,/Volumes/Argus/unk/snap/c1/1640552400.c1.snap.jpg,0.5727763
2021-12-26 21:30:00,/Volumes/Argus/unk/snap/c1/1640554200.c1.snap.jpg,0.71841353
2021-12-26 22:00:00,/Volumes/Argus/unk/snap/c1/1640556000.c1.snap.jpg,0.90177673
2021-12-26 22:30:00,/Volumes/Argus/unk/snap/c1/1640557800.c1.snap.jpg,0.7394961
2021-12-26 23:00:00,/Volumes/Argus/unk/snap/c1/1640559600.c1.snap.jpg,0.71455425
2021-12-26 23:30:00,/Volumes/Argus/unk/snap/c1/1640561400.c1.snap.jpg,0.82942814
2021-12-27 00:00:00,/Volumes/Argus/unk/snap/c1/1640563200.c1.snap.jpg,0.72525465
2021-12-27 00:30:00,/Volumes/Argus/unk/snap/c1/1640565000.c1.snap.jpg,0.73179466
2021-12-27 01:00:00,/Volumes/Argus/unk/snap/c1/1640566800.c1.snap.jpg,0.7730657
2021-12-27 01:30:00,/Volumes/Argus/unk/snap/c1/1640568600.c1.snap.jpg,0.62544954
2021-12-27 02:00:00,/Volumes/Argus/unk/snap/c1/1640570400.c1.snap.jpg,1.0081701
2021-12-27 02:30:00,/Volumes/Argus/unk/snap/c1/1640572200.c1.snap.jpg,1.720534
2021-12-27 03:00:00,/Volumes/Argus/unk/snap/c1/1640574000.c1.snap.jpg,1.4488846
2021-12-27 03:30:00,/Volumes/Argus/unk/snap/c1/1640575800.c1.snap.jpg,1.7539867
2021-12-27 04:00:00,/Volumes/Argus/unk/snap/c1/1640577600.c1.snap.jpg,1.752638
2021-12-27 04:30:00,/Volumes/Argus/unk/snap/c1/1640579400.c1.snap.jpg,1.674314
2021-12-27 16:30:00,/Volumes/Argus/unk/snap/c1/1640622600.c1.snap.jpg,1.868108
2021-12-27 17:00:00,/Volumes/Argus/unk/snap/c1/1640624400.c1.snap.jpg,1.8657497
2021-12-27 17:30:00,/Volumes/Argus/unk/snap/c1/1640626200.c1.snap.jpg,1.6481215
2021-12-27 18:00:00,/Volumes/Argus/unk/snap/c1/1640628000.c1.snap.jpg,1.1981937
2021-12-27 18:30:00,/Volumes/Argus/unk/snap/c1/1640629800.c1.snap.jpg,1.8208486
2021-12-27 19:00:00,/Volumes/Argus/unk/snap/c1/1640631600.c1.snap.jpg,1.561181
2021-12-27 19:30:00,/Volumes/Argus/unk/snap/c1/1640633400.c1.snap.jpg,0.6021203
2021-12-27 20:00:00,/Volumes/Argus/unk/snap/c1/1640635200.c1.snap.jpg,0.7419776
2021-12-27 20:30:00,/Volumes/Argus/unk/snap/c1/1640637000.c1.snap.jpg,0.65740746
2021-12-27 21:00:00,/Volumes/Argus/unk/snap/c1/1640638800.c1.snap.jpg,0.6604023
2021-12-27 22:00:00,/Volumes/Argus/unk/snap/c1/1640642400.c1.snap.jpg,0.44487917
2021-12-27 22:30:00,/Volumes/Argus/unk/snap/c1/1640644200.c1.snap.jpg,0.38484898
2021-12-27 23:00:00,/Volumes/Argus/unk/snap/c1/1640646000.c1.snap.jpg,0.41339606
2021-12-27 23:30:00,/Volumes/Argus/unk/snap/c1/1640647800.c1.snap.jpg,0.39051622
2021-12-28 00:00:00,/Volumes/Argus/unk/snap/c1/1640649600.c1.snap.jpg,0.42460388
2021-12-28 00:30:00,/Volumes/Argus/unk/snap/c1/1640651400.c1.snap.jpg,0.39267123
2021-12-28 01:30:00,/Volumes/Argus/unk/snap/c1/1640655000.c1.snap.jpg,0.37463492
2021-12-28 02:00:00,/Volumes/Argus/unk/snap/c1/1640656800.c1.snap.jpg,0.5530923
2021-12-28 02:30:00,/Volumes/Argus/unk/snap/c1/1640658600.c1.snap.jpg,1.3269719
2021-12-28 03:00:00,/Volumes/Argus/unk/snap/c1/1640660400.c1.snap.jpg,1.7695357
2021-12-28 03:30:00,/Volumes/Argus/unk/snap/c1/1640662200.c1.snap.jpg,1.752096
2021-12-28 04:00:00,/Volumes/Argus/unk/snap/c1/1640664000.c1.snap.jpg,1.2493988
2021-12-28 04:30:00,/Volumes/Argus/unk/snap/c1/1640665800.c1.snap.jpg,1.7699617
2021-12-28 16:30:00,/Volumes/Argus/unk/snap/c1/1640709000.c1.snap.jpg,1.3915856
2021-12-28 17:00:00,/Volumes/Argus/unk/snap/c1/1640710800.c1.snap.jpg,1.8215069
2021-12-28 17:30:00,/Volumes/Argus/unk/snap/c1/1640712600.c1.snap.jpg,1.4376078
2021-12-28 18:00:00,/Volumes/Argus/unk/snap/c1/1640714400.c1.snap.jpg,1.1277127
2021-12-28 18:30:00,/Volumes/Argus/unk/snap/c1/1640716200.c1.snap.jpg,1.0030614
2021-12-28 19:30:00,/Volumes/Argus/unk/snap/c1/1640719800.c1.snap.jpg,0.6550647
2021-12-28 20:00:00,/Volumes/Argus/unk/snap/c1/1640721600.c1.snap.jpg,0.67804605
2021-12-28 20:30:00,/Volumes/Argus/unk/snap/c1/1640723400.c1.snap.jpg,0.7453112
2021-12-28 21:00:00,/Volumes/Argus/unk/snap/c1/1640725200.c1.snap.jpg,0.662471
2021-12-28 21:30:00,/Volumes/Argus/unk/snap/c1/1640727000.c1.snap.jpg,0.7090689
2021-12-28 22:00:00,/Volumes/Argus/unk/snap/c1/1640728800.c1.snap.jpg,0.66464347
2021-12-28 22:30:00,/Volumes/Argus/unk/snap/c1/1640730600.c1.snap.jpg,0.69623315
2021-12-28 23:00:00,/Volumes/Argus/unk/snap/c1/1640732400.c1.snap.jpg,0.74823713
2021-12-28 23:30:00,/Volumes/Argus/unk/snap/c1/1640734200.c1.snap.jpg,0.66602445
2021-12-29 00:00:00,/Volumes/Argus/unk/snap/c1/1640736000.c1.snap.jpg,0.8519824
2021-12-29 00:30:00,/Volumes/Argus/unk/snap/c1/1640737800.c1.snap.jpg,0.669212
2021-12-29 01:00:00,/Volumes/Argus/unk/snap/c1/1640739600.c1.snap.jpg,0.8252925
2021-12-29 01:30:00,/Volumes/Argus/unk/snap/c1/1640741400.c1.snap.jpg,0.84435
2021-12-29 02:00:00,/Volumes/Argus/unk/snap/c1/1640743200.c1.snap.jpg,0.8405911
2021-12-29 02:30:00,/Volumes/Argus/unk/snap/c1/1640745000.c1.snap.jpg,1.0332192
2021-12-29 03:00:00,/Volumes/Argus/unk/snap/c1/1640746800.c1.snap.jpg,0.87996125
2021-12-29 03:30:00,/Volumes/Argus/unk/snap/c1/1640748600.c1.snap.jpg,1.839672
2021-12-29 04:00:00,/Volumes/Argus/unk/snap/c1/1640750400.c1.snap.jpg,1.4955041
2021-12-29 04:30:00,/Volumes/Argus/unk/snap/c1/1640752200.c1.snap.jpg,1.2281574
2021-12-30 16:30:00,/Volumes/Argus/unk/snap/c1/1640881800.c1.snap.jpg,1.8631982
2021-12-30 17:00:00,/Volumes/Argus/unk/snap/c1/1640883600.c1.snap.jpg,1.1408427
2021-12-30 17:30:00,/Volumes/Argus/unk/snap/c1/1640885400.c1.snap.jpg,1.8449658
2021-12-30 18:00:00,/Volumes/Argus/unk/snap/c1/1640887200.c1.snap.jpg,1.376833
2021-12-30 18:30:00,/Volumes/Argus/unk/snap/c1/1640889000.c1.snap.jpg,1.6775837
2021-12-30 19:00:00,/Volumes/Argus/unk/snap/c1/1640890800.c1.snap.jpg,1.418768
2021-12-30 19:30:00,/Volumes/Argus/unk/snap/c1/1640892600.c1.snap.jpg,0.66000605
2021-12-30 20:00:00,/Volumes/Argus/unk/snap/c1/1640894400.c1.snap.jpg,0.54661924
2021-12-30 20:30:00,/Volumes/Argus/unk/snap/c1/1640896200.c1.snap.jpg,0.5670087
2021-12-30 21:00:00,/Volumes/Argus/unk/snap/c1/1640898000.c1.snap.jpg,0.54284966
2021-12-30 22:00:00,/Volumes/Argus/unk/snap/c1/1640901600.c1.snap.jpg,0.50532126
2021-12-30 22:30:00,/Volumes/Argus/unk/snap/c1/1640903400.c1.snap.jpg,0.5248413
2021-12-30 23:00:00,/Volumes/Argus/unk/snap/c1/1640905200.c1.snap.jpg,0.5138929
2021-12-30 23:30:00,/Volumes/Argus/unk/snap/c1/1640907000.c1.snap.jpg,0.51538223
2021-12-31 00:00:00,/Volumes/Argus/unk/snap/c1/1640908800.c1.snap.jpg,0.50455
2021-12-31 00:30:00,/Volumes/Argus/unk/snap/c1/1640910600.c1.snap.jpg,0.52604824
2021-12-31 01:00:00,/Volumes/Argus/unk/snap/c1/1640912400.c1.snap.jpg,0.57983524
2021-12-31 01:30:00,/Volumes/Argus/unk/snap/c1/1640914200.c1.snap.jpg,0.6270852
2021-12-31 02:00:00,/Volumes/Argus/unk/snap/c1/1640916000.c1.snap.jpg,0.58532965
2021-12-31 02:30:00,/Volumes/Argus/unk/snap/c1/1640917800.c1.snap.jpg,0.686515
2021-12-31 03:00:00,/Volumes/Argus/unk/snap/c1/1640919600.c1.snap.jpg,0.8223523
2021-12-31 03:30:00,/Volumes/Argus/unk/snap/c1/1640921400.c1.snap.jpg,1.5079067
2021-12-31 04:00:00,/Volumes/Argus/unk/snap/c1/1640923200.c1.snap.jpg,1.8472279
2021-12-31 04:30:00,/Volumes/Argus/unk/snap/c1/1640925000.c1.snap.jpg,1.125506
2021-12-31 16:30:00,/Volumes/Argus/unk/snap/c1/1640968200.c1.snap.jpg,1.8648261
2021-12-31 17:00:00,/Volumes/Argus/unk/snap/c1/1640970000.c1.snap.jpg,1.8691963
2021-12-31 17:30:00,/Volumes/Argus/unk/snap/c1/1640971800.c1.snap.jpg,1.4703099
2021-12-31 18:00:00,/Volumes/Argus/unk/snap/c1/1640973600.c1.snap.jpg,1.7898343
2021-12-31 19:00:00,/Volumes/Argus/unk/snap/c1/1640977200.c1.snap.jpg,1.5745531
2021-12-31 19:30:00,/Volumes/Argus/unk/snap/c1/1640979000.c1.snap.jpg,0.54273117
2021-12-31 20:00:00,/Volumes/Argus/unk/snap/c1/1640980800.c1.snap.jpg,0.5135332
2021-12-31 20:30:00,/Volumes/Argus/unk/snap/c1/1640982600.c1.snap.jpg,0.5314746
2021-12-31 21:00:00,/Volumes/Argus/unk/snap/c1/1640984400.c1.snap.jpg,0.5275639
2021-12-31 21:30:00,/Volumes/Argus/unk/snap/c1/1640986200.c1.snap.jpg,0.5970872
2021-12-31 22:00:00,/Volumes/Argus/unk/snap/c1/1640988000.c1.snap.jpg,0.57023454
2021-12-31 22:30:00,/Volumes/Argus/unk/snap/c1/1640989800.c1.snap.jpg,0.56094736
2021-12-31 23:00:00,/Volumes/Argus/unk/snap/c1/1640991600.c1.snap.jpg,0.56441593
2021-12-31 23:30:00,/Volumes/Argus/unk/snap/c1/1640993400.c1.snap.jpg,0.58342683
2022-01-01 00:00:00,/Volumes/Argus/unk/snap/c1/1640995200.c1.snap.jpg,0.6144843
2022-01-01 00:30:00,/Volumes/Argus/unk/snap/c1/1640997000.c1.snap.jpg,0.658577
2022-01-01 01:00:00,/Volumes/Argus/unk/snap/c1/1640998800.c1.snap.jpg,0.5950583
2022-01-01 01:30:00,/Volumes/Argus/unk/snap/c1/1641000600.c1.snap.jpg,0.6228312
2022-01-01 02:00:00,/Volumes/Argus/unk/snap/c1/1641002400.c1.snap.jpg,0.6156007
2022-01-01 02:30:00,/Volumes/Argus/unk/snap/c1/1641004200.c1.snap.jpg,0.7880651
2022-01-01 03:00:00,/Volumes/Argus/unk/snap/c1/1641006000.c1.snap.jpg,1.2193395
2022-01-01 03:30:00,/Volumes/Argus/unk/snap/c1/1641007800.c1.snap.jpg,1.8854934
2022-01-01 04:00:00,/Volumes/Argus/unk/snap/c1/1641009600.c1.snap.jpg,1.8470587
2022-01-01 04:30:00,/Volumes/Argus/unk/snap/c1/1641011400.c1.snap.jpg,1.4301274
2022-01-01 16:30:00,/Volumes/Argus/unk/snap/c1/1641054600.c1.snap.jpg,1.8197585
2022-01-01 17:00:00,/Volumes/Argus/unk/snap/c1/1641056400.c1.snap.jpg,1.6838452
2022-01-01 18:00:00,/Volumes/Argus/unk/snap/c1/1641060000.c1.snap.jpg,1.8499537
2022-01-01 18:30:00,/Volumes/Argus/unk/snap/c1/1641061800.c1.snap.jpg,1.8165017
2022-01-01 19:00:00,/Volumes/Argus/unk/snap/c1/1641063600.c1.snap.jpg,1.6961614
2022-01-01 19:30:00,/Volumes/Argus/unk/snap/c1/1641065400.c1.snap.jpg,0.5118709
2022-01-01 20:00:00,/Volumes/Argus/unk/snap/c1/1641067200.c1.snap.jpg,0.45497835
2022-01-01 21:00:00,/Volumes/Argus/unk/snap/c1/1641070800.c1.snap.jpg,0.5230199
2022-01-01 21:30:00,/Volumes/Argus/unk/snap/c1/1641072600.c1.snap.jpg,0.55371124
2022-01-01 22:00:00,/Volumes/Argus/unk/snap/c1/1641074400.c1.snap.jpg,0.5393772
2022-01-01 22:30:00,/Volumes/Argus/unk/snap/c1/1641076200.c1.snap.jpg,0.52827704
2022-01-01 23:00:00,/Volumes/Argus/unk/snap/c1/1641078000.c1.snap.jpg,0.5506048
2022-01-01 23:30:00,/Volumes/Argus/unk/snap/c1/1641079800.c1.snap.jpg,0.5729813
2022-01-02 00:00:00,/Volumes/Argus/unk/snap/c1/1641081600.c1.snap.jpg,0.5832293
2022-01-02 00:30:00,/Volumes/Argus/unk/snap/c1/1641083400.c1.snap.jpg,0.6028957
2022-01-02 01:00:00,/Volumes/Argus/unk/snap/c1/1641085200.c1.snap.jpg,0.6013268
2022-01-02 02:00:00,/Volumes/Argus/unk/snap/c1/1641088800.c1.snap.jpg,0.59440804
2022-01-02 03:00:00,/Volumes/Argus/unk/snap/c1/1641092400.c1.snap.jpg,1.2464402
2022-01-02 03:30:00,/Volumes/Argus/unk/snap/c1/1641094200.c1.snap.jpg,0.941471
2022-01-02 04:00:00,/Volumes/Argus/unk/snap/c1/1641096000.c1.snap.jpg,1.3550485
2022-01-02 04:30:00,/Volumes/Argus/unk/snap/c1/1641097800.c1.snap.jpg,1.1091738
2022-01-02 16:30:00,/Volumes/Argus/unk/snap/c1/1641141000.c1.snap.jpg,1.8157923
2022-01-02 17:00:00,/Volumes/Argus/unk/snap/c1/1641142800.c1.snap.jpg,1.8602141
2022-01-02 17:30:00,/Volumes/Argus/unk/snap/c1/1641144600.c1.snap.jpg,1.8067017
2022-01-02 18:00:00,/Volumes/Argus/unk/snap/c1/1641146400.c1.snap.jpg,1.6116648
2022-01-02 18:30:00,/Volumes/Argus/unk/snap/c1/1641148200.c1.snap.jpg,1.8024598
2022-01-02 19:00:00,/Volumes/Argus/unk/snap/c1/1641150000.c1.snap.jpg,1.2504414
2022-01-02 19:30:00,/Volumes/Argus/unk/snap/c1/1641151800.c1.snap.jpg,0.46031374
2022-01-02 20:00:00,/Volumes/Argus/unk/snap/c1/1641153600.c1.snap.jpg,0.42773554
2022-01-02 20:30:00,/Volumes/Argus/unk/snap/c1/1641155400.c1.snap.jpg,0.44770968
2022-01-02 21:00:00,/Volumes/Argus/unk/snap/c1/1641157200.c1.snap.jpg,0.5040798
2022-01-02 21:30:00,/Volumes/Argus/unk/snap/c1/1641159000.c1.snap.jpg,0.54982257
2022-01-02 22:00:00,/Volumes/Argus/unk/snap/c1/1641160800.c1.snap.jpg,0.5647092
2022-01-02 22:30:00,/Volumes/Argus/unk/snap/c1/1641162600.c1.snap.jpg,0.5800314
2022-01-02 23:00:00,/Volumes/Argus/unk/snap/c1/1641164400.c1.snap.jpg,0.5501834
2022-01-02 23:30:00,/Volumes/Argus/unk/snap/c1/1641166200.c1.snap.jpg,0.5677003
2022-01-03 00:00:00,/Volumes/Argus/unk/snap/c1/1641168000.c1.snap.jpg,0.59728575
2022-01-03 00:30:00,/Volumes/Argus/unk/snap/c1/1641169800.c1.snap.jpg,0.61841583
2022-01-03 01:00:00,/Volumes/Argus/unk/snap/c1/1641171600.c1.snap.jpg,0.60523164
2022-01-03 01:30:00,/Volumes/Argus/unk/snap/c1/1641173400.c1.snap.jpg,0.6125065
2022-01-03 02:00:00,/Volumes/Argus/unk/snap/c1/1641175200.c1.snap.jpg,0.58539045
2022-01-03 02:30:00,/Volumes/Argus/unk/snap/c1/1641177000.c1.snap.jpg,0.6239631
2022-01-03 03:00:00,/Volumes/Argus/unk/snap/c1/1641178800.c1.snap.jpg,1.2084631
2022-01-03 03:30:00,/Volumes/Argus/unk/snap/c1/1641180600.c1.snap.jpg,1.9044161
2022-01-03 04:00:00,/Volumes/Argus/unk/snap/c1/1641182400.c1.snap.jpg,1.6223456
2022-01-03 04:30:00,/Volumes/Argus/unk/snap/c1/1641184200.c1.snap.jpg,1.8496763
2022-01-03 16:30:00,/Volumes/Argus/unk/snap/c1/1641227400.c1.snap.jpg,1.7697645
2022-01-03 17:00:00,/Volumes/Argus/unk/snap/c1/1641229200.c1.snap.jpg,1.7896165
2022-01-03 17:30:00,/Volumes/Argus/unk/snap/c1/1641231000.c1.snap.jpg,1.1478374
2022-01-03 18:00:00,/Volumes/Argus/unk/snap/c1/1641232800.c1.snap.jpg,1.6419348
2022-01-03 18:30:00,/Volumes/Argus/unk/snap/c1/1641234600.c1.snap.jpg,1.1277691
2022-01-03 19:00:00,/Volumes/Argus/unk/snap/c1/1641236400.c1.snap.jpg,0.733303
2022-01-03 19:30:00,/Volumes/Argus/unk/snap/c1/1641238200.c1.snap.jpg,0.45613927
2022-01-03 20:00:00,/Volumes/Argus/unk/snap/c1/1641240000.c1.snap.jpg,0.49453372
2022-01-03 20:30:00,/Volumes/Argus/unk/snap/c1/1641241800.c1.snap.jpg,0.50261915
2022-01-03 21:00:00,/Volumes/Argus/unk/snap/c1/1641243600.c1.snap.jpg,0.6417265
2022-01-03 21:30:00,/Volumes/Argus/unk/snap/c1/1641245400.c1.snap.jpg,0.6049237
2022-01-03 22:00:00,/Volumes/Argus/unk/snap/c1/1641247200.c1.snap.jpg,0.5895102
2022-01-03 23:00:00,/Volumes/Argus/unk/snap/c1/1641250800.c1.snap.jpg,0.56785434
2022-01-03 23:30:00,/Volumes/Argus/unk/snap/c1/1641252600.c1.snap.jpg,0.58147055
2022-01-04 00:00:00,/Volumes/Argus/unk/snap/c1/1641254400.c1.snap.jpg,0.60975444
2022-01-04 00:30:00,/Volumes/Argus/unk/snap/c1/1641256200.c1.snap.jpg,0.64259505
2022-01-04 01:00:00,/Volumes/Argus/unk/snap/c1/1641258000.c1.snap.jpg,0.63610446
2022-01-04 01:30:00,/Volumes/Argus/unk/snap/c1/1641259800.c1.snap.jpg,0.62478447
2022-01-04 02:00:00,/Volumes/Argus/unk/snap/c1/1641261600.c1.snap.jpg,0.6192713
2022-01-04 02:30:00,/Volumes/Argus/unk/snap/c1/1641263400.c1.snap.jpg,0.6183597
2022-01-04 03:00:00,/Volumes/Argus/unk/snap/c1/1641265200.c1.snap.jpg,1.2339584
2022-01-04 03:30:00,/Volumes/Argus/unk/snap/c1/1641267000.c1.snap.jpg,1.0552312
2022-01-04 04:00:00,/Volumes/Argus/unk/snap/c1/1641268800.c1.snap.jpg,1.846858
2022-01-04 04:30:00,/Volumes/Argus/unk/snap/c1/1641270600.c1.snap.jpg,1.8396319
2022-01-04 16:30:00,/Volumes/Argus/unk/snap/c1/1641313800.c1.snap.jpg,1.8039747
2022-01-04 17:00:00,/Volumes/Argus/unk/snap/c1/1641315600.c1.snap.jpg,1.5789039
2022-01-04 17:30:00,/Volumes/Argus/unk/snap/c1/1641317400.c1.snap.jpg,1.7569965
2022-01-04 18:00:00,/Volumes/Argus/unk/snap/c1/1641319200.c1.snap.jpg,1.5898274
2022-01-04 18:30:00,/Volumes/Argus/unk/snap/c1/1641321000.c1.snap.jpg,1.8623241
2022-01-04 19:00:00,/Volumes/Argus/unk/snap/c1/1641322800.c1.snap.jpg,0.76909035
2022-01-04 19:30:00,/Volumes/Argus/unk/snap/c1/1641324600.c1.snap.jpg,0.54114205
2022-01-04 20:00:00,/Volumes/Argus/unk/snap/c1/1641326400.c1.snap.jpg,0.548686
2022-01-04 21:00:00,/Volumes/Argus/unk/snap/c1/1641330000.c1.snap.jpg,0.6855378
2022-01-04 22:00:00,/Volumes/Argus/unk/snap/c1/1641333600.c1.snap.jpg,0.5805785
2022-01-04 22:30:00,/Volumes/Argus/unk/snap/c1/1641335400.c1.snap.jpg,0.5754171
2022-01-04 23:00:00,/Volumes/Argus/unk/snap/c1/1641337200.c1.snap.jpg,0.565541
2022-01-04 23:30:00,/Volumes/Argus/unk/snap/c1/1641339000.c1.snap.jpg,0.57273275
2022-01-05 00:00:00,/Volumes/Argus/unk/snap/c1/1641340800.c1.snap.jpg,0.63597625
2022-01-05 00:30:00,/Volumes/Argus/unk/snap/c1/1641342600.c1.snap.jpg,0.6611694
2022-01-05 01:00:00,/Volumes/Argus/unk/snap/c1/1641344400.c1.snap.jpg,0.66677606
2022-01-05 01:30:00,/Volumes/Argus/unk/snap/c1/1641346200.c1.snap.jpg,0.63642585
2022-01-05 02:00:00,/Volumes/Argus/unk/snap/c1/1641348000.c1.snap.jpg,0.5970412
2022-01-05 02:30:00,/Volumes/Argus/unk/snap/c1/1641349800.c1.snap.jpg,0.61172676
2022-01-05 03:00:00,/Volumes/Argus/unk/snap/c1/1641351600.c1.snap.jpg,1.0058552
2022-01-05 03:30:00,/Volumes/Argus/unk/snap/c1/1641353400.c1.snap.jpg,0.76946324
2022-01-05 04:00:00,/Volumes/Argus/unk/snap/c1/1641355200.c1.snap.jpg,1.8981099
2022-01-05 04:30:00,/Volumes/Argus/unk/snap/c1/1641357000.c1.snap.jpg,1.7622815
2022-01-05 16:30:00,/Volumes/Argus/unk/snap/c1/1641400200.c1.snap.jpg,1.8112549
2022-01-05 17:00:00,/Volumes/Argus/unk/snap/c1/1641402000.c1.snap.jpg,1.8236533
2022-01-05 17:30:00,/Volumes/Argus/unk/snap/c1/1641403800.c1.snap.jpg,1.8279966
2022-01-05 18:00:00,/Volumes/Argus/unk/snap/c1/1641405600.c1.snap.jpg,1.8111125
2022-01-05 18:30:00,/Volumes/Argus/unk/snap/c1/1641407400.c1.snap.jpg,1.9021031
2022-01-05 19:00:00,/Volumes/Argus/unk/snap/c1/1641409200.c1.snap.jpg,0.61399496
2022-01-05 20:00:00,/Volumes/Argus/unk/snap/c1/1641412800.c1.snap.jpg,0.5310358
2022-01-05 20:30:00,/Volumes/Argus/unk/snap/c1/1641414600.c1.snap.jpg,0.5058634
2022-01-05 21:00:00,/Volumes/Argus/unk/snap/c1/1641416400.c1.snap.jpg,0.63437945
2022-01-05 21:30:00,/Volumes/Argus/unk/snap/c1/1641418200.c1.snap.jpg,0.57498133
2022-01-05 22:00:00,/Volumes/Argus/unk/snap/c1/1641420000.c1.snap.jpg,0.55855393
2022-01-05 22:30:00,/Volumes/Argus/unk/snap/c1/1641421800.c1.snap.jpg,0.5394176
2022-01-05 23:00:00,/Volumes/Argus/unk/snap/c1/1641423600.c1.snap.jpg,0.5355126
2022-01-05 23:30:00,/Volumes/Argus/unk/snap/c1/1641425400.c1.snap.jpg,0.54705566
2022-01-06 00:00:00,/Volumes/Argus/unk/snap/c1/1641427200.c1.snap.jpg,0.5674397
2022-01-06 00:30:00,/Volumes/Argus/unk/snap/c1/1641429000.c1.snap.jpg,0.5986756
2022-01-06 01:00:00,/Volumes/Argus/unk/snap/c1/1641430800.c1.snap.jpg,0.673468
2022-01-06 01:30:00,/Volumes/Argus/unk/snap/c1/1641432600.c1.snap.jpg,0.68469536
2022-01-06 02:00:00,/Volumes/Argus/unk/snap/c1/1641434400.c1.snap.jpg,0.64957887
2022-01-06 02:30:00,/Volumes/Argus/unk/snap/c1/1641436200.c1.snap.jpg,0.6843528
2022-01-06 03:00:00,/Volumes/Argus/unk/snap/c1/1641438000.c1.snap.jpg,1.1303887
2022-01-06 04:00:00,/Volumes/Argus/unk/snap/c1/1641441600.c1.snap.jpg,1.8826777
2022-01-06 04:30:00,/Volumes/Argus/unk/snap/c1/1641443400.c1.snap.jpg,1.8343933
2022-01-07 16:30:00,/Volumes/Argus/unk/snap/c1/1641573000.c1.snap.jpg,1.7968423
2022-01-07 17:00:00,/Volumes/Argus/unk/snap/c1/1641574800.c1.snap.jpg,1.4516311
2022-01-07 18:00:00,/Volumes/Argus/unk/snap/c1/1641578400.c1.snap.jpg,1.3953949
2022-01-07 18:30:00,/Volumes/Argus/unk/snap/c1/1641580200.c1.snap.jpg,1.167962
2022-01-07 19:30:00,/Volumes/Argus/unk/snap/c1/1641583800.c1.snap.jpg,0.515283
2022-01-07 20:00:00,/Volumes/Argus/unk/snap/c1/1641585600.c1.snap.jpg,0.54403186
2022-01-07 20:30:00,/Volumes/Argus/unk/snap/c1/1641587400.c1.snap.jpg,0.5148505
2022-01-07 21:30:00,/Volumes/Argus/unk/snap/c1/1641591000.c1.snap.jpg,0.56307304
2022-01-07 22:00:00,/Volumes/Argus/unk/snap/c1/1641592800.c1.snap.jpg,0.5438682
2022-01-07 22:30:00,/Volumes/Argus/unk/snap/c1/1641594600.c1.snap.jpg,0.52299416
2022-01-07 23:00:00,/Volumes/Argus/unk/snap/c1/1641596400.c1.snap.jpg,0.53238595
2022-01-07 23:30:00,/Volumes/Argus/unk/snap/c1/1641598200.c1.snap.jpg,0.5352651
2022-01-08 00:30:00,/Volumes/Argus/unk/snap/c1/1641601800.c1.snap.jpg,0.59535676
2022-01-08 01:00:00,/Volumes/Argus/unk/snap/c1/1641603600.c1.snap.jpg,0.67393637
2022-01-08 01:30:00,/Volumes/Argus/unk/snap/c1/1641605400.c1.snap.jpg,0.67744493
2022-01-08 02:00:00,/Volumes/Argus/unk/snap/c1/1641607200.c1.snap.jpg,0.6444237
2022-01-08 03:00:00,/Volumes/Argus/unk/snap/c1/1641610800.c1.snap.jpg,0.91629213
2022-01-08 04:00:00,/Volumes/Argus/unk/snap/c1/1641614400.c1.snap.jpg,1.8596276
2022-01-08 04:30:00,/Volumes/Argus/unk/snap/c1/1641616200.c1.snap.jpg,1.8067585
2022-01-08 16:30:00,/Volumes/Argus/unk/snap/c1/1641659400.c1.snap.jpg,1.7571756
2022-01-08 17:00:00,/Volumes/Argus/unk/snap/c1/1641661200.c1.snap.jpg,1.7896166
2022-01-08 17:30:00,/Volumes/Argus/unk/snap/c1/1641663000.c1.snap.jpg,1.8349491
2022-01-08 18:00:00,/Volumes/Argus/unk/snap/c1/1641664800.c1.snap.jpg,1.8362567
2022-01-08 18:30:00,/Volumes/Argus/unk/snap/c1/1641666600.c1.snap.jpg,1.2496443
2022-01-08 19:00:00,/Volumes/Argus/unk/snap/c1/1641668400.c1.snap.jpg,0.62255543
2022-01-08 19:30:00,/Volumes/Argus/unk/snap/c1/1641670200.c1.snap.jpg,0.5130377
2022-01-08 20:00:00,/Volumes/Argus/unk/snap/c1/1641672000.c1.snap.jpg,0.53694546
2022-01-08 21:00:00,/Volumes/Argus/unk/snap/c1/1641675600.c1.snap.jpg,0.6637711
2022-01-08 21:30:00,/Volumes/Argus/unk/snap/c1/1641677400.c1.snap.jpg,0.6072632
2022-01-08 22:00:00,/Volumes/Argus/unk/snap/c1/1641679200.c1.snap.jpg,0.57952994
2022-01-08 22:30:00,/Volumes/Argus/unk/snap/c1/1641681000.c1.snap.jpg,0.5417302
2022-01-08 23:00:00,/Volumes/Argus/unk/snap/c1/1641682800.c1.snap.jpg,0.5316187
2022-01-08 23:30:00,/Volumes/Argus/unk/snap/c1/1641684600.c1.snap.jpg,0.54435486
2022-01-09 00:00:00,/Volumes/Argus/unk/snap/c1/1641686400.c1.snap.jpg,0.5684127
2022-01-09 00:30:00,/Volumes/Argus/unk/snap/c1/1641688200.c1.snap.jpg,0.5901047
2022-01-09 01:00:00,/Volumes/Argus/unk/snap/c1/1641690000.c1.snap.jpg,0.6352562
2022-01-09 01:30:00,/Volumes/Argus/unk/snap/c1/1641691800.c1.snap.jpg,0.6320547
2022-01-09 02:00:00,/Volumes/Argus/unk/snap/c1/1641693600.c1.snap.jpg,0.60469586
2022-01-09 02:30:00,/Volumes/Argus/unk/snap/c1/1641695400.c1.snap.jpg,0.561882
2022-01-09 04:00:00,/Volumes/Argus/unk/snap/c1/1641700800.c1.snap.jpg,1.8768462
2022-01-09 04:30:00,/Volumes/Argus/unk/snap/c1/1641702600.c1.snap.jpg,1.7888436
2022-01-09 16:30:00,/Volumes/Argus/unk/snap/c1/1641745800.c1.snap.jpg,1.7842433
2022-01-09 17:30:00,/Volumes/Argus/unk/snap/c1/1641749400.c1.snap.jpg,1.8136561
2022-01-09 18:00:00,/Volumes/Argus/unk/snap/c1/1641751200.c1.snap.jpg,0.6391767
2022-01-09 18:30:00,/Volumes/Argus/unk/snap/c1/1641753000.c1.snap.jpg,1.4254563
2022-01-09 19:00:00,/Volumes/Argus/unk/snap/c1/1641754800.c1.snap.jpg,0.7607147
2022-01-09 19:30:00,/Volumes/Argus/unk/snap/c1/1641756600.c1.snap.jpg,0.59306324
2022-01-09 20:00:00,/Volumes/Argus/unk/snap/c1/1641758400.c1.snap.jpg,0.5802969
2022-01-09 20:30:00,/Volumes/Argus/unk/snap/c1/1641760200.c1.snap.jpg,0.47849128
2022-01-09 21:00:00,/Volumes/Argus/unk/snap/c1/1641762000.c1.snap.jpg,0.56826663
2022-01-09 21:30:00,/Volumes/Argus/unk/snap/c1/1641763800.c1.snap.jpg,0.5087011
2022-01-09 22:00:00,/Volumes/Argus/unk/snap/c1/1641765600.c1.snap.jpg,0.56789505
2022-01-09 22:30:00,/Volumes/Argus/unk/snap/c1/1641767400.c1.snap.jpg,0.49702597
2022-01-09 23:00:00,/Volumes/Argus/unk/snap/c1/1641769200.c1.snap.jpg,0.51171446
2022-01-09 23:30:00,/Volumes/Argus/unk/snap/c1/1641771000.c1.snap.jpg,0.5014262
2022-01-10 00:00:00,/Volumes/Argus/unk/snap/c1/1641772800.c1.snap.jpg,0.5476291
2022-01-10 00:30:00,/Volumes/Argus/unk/snap/c1/1641774600.c1.snap.jpg,0.58660185
2022-01-10 01:00:00,/Volumes/Argus/unk/snap/c1/1641776400.c1.snap.jpg,0.64089775
2022-01-10 01:30:00,/Volumes/Argus/unk/snap/c1/1641778200.c1.snap.jpg,0.66345716
2022-01-10 02:00:00,/Volumes/Argus/unk/snap/c1/1641780000.c1.snap.jpg,0.6446581
2022-01-10 02:30:00,/Volumes/Argus/unk/snap/c1/1641781800.c1.snap.jpg,0.6567875
2022-01-10 03:00:00,/Volumes/Argus/unk/snap/c1/1641783600.c1.snap.jpg,0.8324121
2022-01-10 04:00:00,/Volumes/Argus/unk/snap/c1/1641787200.c1.snap.jpg,1.8263323
2022-01-10 04:30:00,/Volumes/Argus/unk/snap/c1/1641789000.c1.snap.jpg,1.8478416
2022-01-10 16:30:00,/Volumes/Argus/unk/snap/c1/1641832200.c1.snap.jpg,1.8402871
2022-01-10 17:00:00,/Volumes/Argus/unk/snap/c1/1641834000.c1.snap.jpg,1.4263798
2022-01-10 17:30:00,/Volumes/Argus/unk/snap/c1/1641835800.c1.snap.jpg,1.7794958
2022-01-10 18:00:00,/Volumes/Argus/unk/snap/c1/1641837600.c1.snap.jpg,1.8476543
2022-01-10 18:30:00,/Volumes/Argus/unk/snap/c1/1641839400.c1.snap.jpg,1.4287074
2022-01-10 19:30:00,/Volumes/Argus/unk/snap/c1/1641843000.c1.snap.jpg,0.50382125
2022-01-10 20:00:00,/Volumes/Argus/unk/snap/c1/1641844800.c1.snap.jpg,0.49942794
2022-01-10 20:30:00,/Volumes/Argus/unk/snap/c1/1641846600.c1.snap.jpg,0.5256377
2022-01-10 21:00:00,/Volumes/Argus/unk/snap/c1/1641848400.c1.snap.jpg,0.6018908
2022-01-10 21:30:00,/Volumes/Argus/unk/snap/c1/1641850200.c1.snap.jpg,0.54881364
2022-01-10 22:00:00,/Volumes/Argus/unk/snap/c1/1641852000.c1.snap.jpg,0.547475
2022-01-10 22:30:00,/Volumes/Argus/unk/snap/c1/1641853800.c1.snap.jpg,0.5306725
2022-01-10 23:00:00,/Volumes/Argus/unk/snap/c1/1641855600.c1.snap.jpg,0.55013245
2022-01-10 23:30:00,/Volumes/Argus/unk/snap/c1/1641857400.c1.snap.jpg,0.55780256
2022-01-11 00:00:00,/Volumes/Argus/unk/snap/c1/1641859200.c1.snap.jpg,0.55755806
2022-01-11 01:00:00,/Volumes/Argus/unk/snap/c1/1641862800.c1.snap.jpg,0.63869333
2022-01-11 01:30:00,/Volumes/Argus/unk/snap/c1/1641864600.c1.snap.jpg,0.6988677
2022-01-11 03:30:00,/Volumes/Argus/unk/snap/c1/1641871800.c1.snap.jpg,1.4385068
2022-01-11 04:00:00,/Volumes/Argus/unk/snap/c1/1641873600.c1.snap.jpg,0.6039573
2022-01-11 04:30:00,/Volumes/Argus/unk/snap/c1/1641875400.c1.snap.jpg,1.3528265
2022-01-11 16:30:00,/Volumes/Argus/unk/snap/c1/1641918600.c1.snap.jpg,1.7962228
2022-01-11 17:00:00,/Volumes/Argus/unk/snap/c1/1641920400.c1.snap.jpg,1.8195158
2022-01-11 17:30:00,/Volumes/Argus/unk/snap/c1/1641922200.c1.snap.jpg,1.7699535
2022-01-11 18:00:00,/Volumes/Argus/unk/snap/c1/1641924000.c1.snap.jpg,1.7545878
2022-01-11 18:30:00,/Volumes/Argus/unk/snap/c1/1641925800.c1.snap.jpg,1.5456936
2022-01-11 19:00:00,/Volumes/Argus/unk/snap/c1/1641927600.c1.snap.jpg,0.85053957
2022-01-11 19:30:00,/Volumes/Argus/unk/snap/c1/1641929400.c1.snap.jpg,0.40820438
2022-01-11 20:00:00,/Volumes/Argus/unk/snap/c1/1641931200.c1.snap.jpg,0.5646633
2022-01-11 20:30:00,/Volumes/Argus/unk/snap/c1/1641933000.c1.snap.jpg,0.5519598
2022-01-11 21:00:00,/Volumes/Argus/unk/snap/c1/1641934800.c1.snap.jpg,0.48443127
2022-01-11 21:30:00,/Volumes/Argus/unk/snap/c1/1641936600.c1.snap.jpg,0.48449266
2022-01-11 22:00:00,/Volumes/Argus/unk/snap/c1/1641938400.c1.snap.jpg,0.46805084
2022-01-11 22:30:00,/Volumes/Argus/unk/snap/c1/1641940200.c1.snap.jpg,0.42907393
2022-01-11 23:00:00,/Volumes/Argus/unk/snap/c1/1641942000.c1.snap.jpg,0.43748108
2022-01-11 23:30:00,/Volumes/Argus/unk/snap/c1/1641943800.c1.snap.jpg,0.4195024
2022-01-12 00:30:00,/Volumes/Argus/unk/snap/c1/1641947400.c1.snap.jpg,0.43189645
2022-01-12 01:00:00,/Volumes/Argus/unk/snap/c1/1641949200.c1.snap.jpg,0.4315129
2022-01-12 01:30:00,/Volumes/Argus/unk/snap/c1/1641951000.c1.snap.jpg,0.39809024
2022-01-12 02:00:00,/Volumes/Argus/unk/snap/c1/1641952800.c1.snap.jpg,0.44145495
2022-01-12 04:30:00,/Volumes/Argus/unk/snap/c1/1641961800.c1.snap.jpg,1.3971003
2022-01-12 16:30:00,/Volumes/Argus/unk/snap/c1/1642005000.c1.snap.jpg,1.7916216
2022-01-12 17:00:00,/Volumes/Argus/unk/snap/c1/1642006800.c1.snap.jpg,1.7716902
2022-01-12 17:30:00,/Volumes/Argus/unk/snap/c1/1642008600.c1.snap.jpg,1.6447834
2022-01-12 18:00:00,/Volumes/Argus/unk/snap/c1/1642010400.c1.snap.jpg,1.6956389
2022-01-12 18:30:00,/Volumes/Argus/unk/snap/c1/1642012200.c1.snap.jpg,1.4295887
2022-01-12 19:00:00,/Volumes/Argus/unk/snap/c1/1642014000.c1.snap.jpg,0.68005705
2022-01-12 19:30:00,/Volumes/Argus/unk/snap/c1/1642015800.c1.snap.jpg,0.42377815
2022-01-12 20:00:00,/Volumes/Argus/unk/snap/c1/1642017600.c1.snap.jpg,0.40134957
2022-01-12 20:30:00,/Volumes/Argus/unk/snap/c1/1642019400.c1.snap.jpg,0.50351584
2022-01-12 21:00:00,/Volumes/Argus/unk/snap/c1/1642021200.c1.snap.jpg,0.4040619
2022-01-12 21:30:00,/Volumes/Argus/unk/snap/c1/1642023000.c1.snap.jpg,0.33357787
2022-01-12 22:00:00,/Volumes/Argus/unk/snap/c1/1642024800.c1.snap.jpg,0.39002407
2022-01-12 22:30:00,/Volumes/Argus/unk/snap/c1/1642026600.c1.snap.jpg,0.38162005
2022-01-12 23:00:00,/Volumes/Argus/unk/snap/c1/1642028400.c1.snap.jpg,0.38474685
2022-01-12 23:30:00,/Volumes/Argus/unk/snap/c1/1642030200.c1.snap.jpg,0.4042663
2022-01-13 00:00:00,/Volumes/Argus/unk/snap/c1/1642032000.c1.snap.jpg,0.42578325
2022-01-13 00:30:00,/Volumes/Argus/unk/snap/c1/1642033800.c1.snap.jpg,0.4386188
2022-01-13 01:00:00,/Volumes/Argus/unk/snap/c1/1642035600.c1.snap.jpg,0.38944033
2022-01-13 01:30:00,/Volumes/Argus/unk/snap/c1/1642037400.c1.snap.jpg,0.445831
2022-01-13 02:00:00,/Volumes/Argus/unk/snap/c1/1642039200.c1.snap.jpg,0.45479572
2022-01-13 02:30:00,/Volumes/Argus/unk/snap/c1/1642041000.c1.snap.jpg,0.5800799
2022-01-13 03:00:00,/Volumes/Argus/unk/snap/c1/1642042800.c1.snap.jpg,0.8951427
2022-01-13 04:00:00,/Volumes/Argus/unk/snap/c1/1642046400.c1.snap.jpg,1.3780345
2022-01-13 04:30:00,/Volumes/Argus/unk/snap/c1/1642048200.c1.snap.jpg,1.3598768
2022-01-13 16:30:00,/Volumes/Argus/unk/snap/c1/1642091400.c1.snap.jpg,1.8255633
2022-01-13 17:00:00,/Volumes/Argus/unk/snap/c1/1642093200.c1.snap.jpg,1.6470633
2022-01-13 18:00:00,/Volumes/Argus/unk/snap/c1/1642096800.c1.snap.jpg,1.8210865
2022-01-13 18:30:00,/Volumes/Argus/unk/snap/c1/1642098600.c1.snap.jpg,1.8498346
2022-01-13 19:00:00,/Volumes/Argus/unk/snap/c1/1642100400.c1.snap.jpg,0.7856584
2022-01-13 19:30:00,/Volumes/Argus/unk/snap/c1/1642102200.c1.snap.jpg,0.58473223
2022-01-13 20:00:00,/Volumes/Argus/unk/snap/c1/1642104000.c1.snap.jpg,0.58668196
2022-01-13 20:30:00,/Volumes/Argus/unk/snap/c1/1642105800.c1.snap.jpg,0.64421844
2022-01-13 21:00:00,/Volumes/Argus/unk/snap/c1/1642107600.c1.snap.jpg,0.61161065
2022-01-13 21:30:00,/Volumes/Argus/unk/snap/c1/1642109400.c1.snap.jpg,0.6684251
2022-01-13 22:00:00,/Volumes/Argus/unk/snap/c1/1642111200.c1.snap.jpg,0.65853286
2022-01-13 22:30:00,/Volumes/Argus/unk/snap/c1/1642113000.c1.snap.jpg,0.6232295
2022-01-13 23:00:00,/Volumes/Argus/unk/snap/c1/1642114800.c1.snap.jpg,0.5915388
2022-01-13 23:30:00,/Volumes/Argus/unk/snap/c1/1642116600.c1.snap.jpg,0.6075357
2022-01-14 00:00:00,/Volumes/Argus/unk/snap/c1/1642118400.c1.snap.jpg,0.66449547
2022-01-14 00:30:00,/Volumes/Argus/unk/snap/c1/1642120200.c1.snap.jpg,0.6209263
2022-01-14 01:00:00,/Volumes/Argus/unk/snap/c1/1642122000.c1.snap.jpg,0.6653626
2022-01-14 01:30:00,/Volumes/Argus/unk/snap/c1/1642123800.c1.snap.jpg,0.5637467
2022-01-14 02:00:00,/Volumes/Argus/unk/snap/c1/1642125600.c1.snap.jpg,0.5790919
2022-01-14 02:30:00,/Volumes/Argus/unk/snap/c1/1642127400.c1.snap.jpg,0.58890724
2022-01-14 03:00:00,/Volumes/Argus/unk/snap/c1/1642129200.c1.snap.jpg,1.0405986
2022-01-14 04:00:00,/Volumes/Argus/unk/snap/c1/1642132800.c1.snap.jpg,1.821926
2022-01-14 04:30:00,/Volumes/Argus/unk/snap/c1/1642134600.c1.snap.jpg,1.7808038
2022-01-14 16:30:00,/Volumes/Argus/unk/snap/c1/1642177800.c1.snap.jpg,1.5254852
2022-01-14 17:00:00,/Volumes/Argus/unk/snap/c1/1642179600.c1.snap.jpg,1.7575334
2022-01-14 17:30:00,/Volumes/Argus/unk/snap/c1/1642181400.c1.snap.jpg,1.825207
2022-01-14 18:00:00,/Volumes/Argus/unk/snap/c1/1642183200.c1.snap.jpg,1.4003636
2022-01-14 18:30:00,/Volumes/Argus/unk/snap/c1/1642185000.c1.snap.jpg,1.2507454
2022-01-14 19:00:00,/Volumes/Argus/unk/snap/c1/1642186800.c1.snap.jpg,0.6897055
2022-01-14 19:30:00,/Volumes/Argus/unk/snap/c1/1642188600.c1.snap.jpg,0.66361153
2022-01-14 20:00:00,/Volumes/Argus/unk/snap/c1/1642190400.c1.snap.jpg,0.5585941
2022-01-14 20:30:00,/Volumes/Argus/unk/snap/c1/1642192200.c1.snap.jpg,0.54169226
2022-01-14 21:00:00,/Volumes/Argus/unk/snap/c1/1642194000.c1.snap.jpg,0.51226753
2022-01-14 21:30:00,/Volumes/Argus/unk/snap/c1/1642195800.c1.snap.jpg,0.5602648
2022-01-14 22:00:00,/Volumes/Argus/unk/snap/c1/1642197600.c1.snap.jpg,0.5620067
2022-01-14 22:30:00,/Volumes/Argus/unk/snap/c1/1642199400.c1.snap.jpg,0.54170054
2022-01-14 23:00:00,/Volumes/Argus/unk/snap/c1/1642201200.c1.snap.jpg,0.5254102
2022-01-14 23:30:00,/Volumes/Argus/unk/snap/c1/1642203000.c1.snap.jpg,0.524365
2022-01-15 00:00:00,/Volumes/Argus/unk/snap/c1/1642204800.c1.snap.jpg,0.52400744
2022-01-15 00:30:00,/Volumes/Argus/unk/snap/c1/1642206600.c1.snap.jpg,0.5694123
2022-01-15 01:00:00,/Volumes/Argus/unk/snap/c1/1642208400.c1.snap.jpg,0.52104914
2022-01-15 01:30:00,/Volumes/Argus/unk/snap/c1/1642210200.c1.snap.jpg,0.51419145
2022-01-15 02:00:00,/Volumes/Argus/unk/snap/c1/1642212000.c1.snap.jpg,0.49771985
2022-01-15 03:00:00,/Volumes/Argus/unk/snap/c1/1642215600.c1.snap.jpg,1.0308139
2022-01-15 04:00:00,/Volumes/Argus/unk/snap/c1/1642219200.c1.snap.jpg,1.827768
2022-01-15 04:30:00,/Volumes/Argus/unk/snap/c1/1642221000.c1.snap.jpg,1.8266096
2022-01-15 16:30:00,/Volumes/Argus/unk/snap/c1/1642264200.c1.snap.jpg,1.271501
2022-01-15 17:30:00,/Volumes/Argus/unk/snap/c1/1642267800.c1.snap.jpg,1.7441243
2022-01-15 18:00:00,/Volumes/Argus/unk/snap/c1/1642269600.c1.snap.jpg,1.7907168
2022-01-15 18:30:00,/Volumes/Argus/unk/snap/c1/1642271400.c1.snap.jpg,1.3945856
2022-01-15 19:00:00,/Volumes/Argus/unk/snap/c1/1642273200.c1.snap.jpg,0.6348072
2022-01-15 19:30:00,/Volumes/Argus/unk/snap/c1/1642275000.c1.snap.jpg,0.45570195
2022-01-15 20:00:00,/Volumes/Argus/unk/snap/c1/1642276800.c1.snap.jpg,0.5641487
2022-01-15 20:30:00,/Volumes/Argus/unk/snap/c1/1642278600.c1.snap.jpg,0.53718567
2022-01-15 21:00:00,/Volumes/Argus/unk/snap/c1/1642280400.c1.snap.jpg,0.5541338
2022-01-15 21:30:00,/Volumes/Argus/unk/snap/c1/1642282200.c1.snap.jpg,0.53123647
2022-01-15 22:00:00,/Volumes/Argus/unk/snap/c1/1642284000.c1.snap.jpg,0.55661726
2022-01-15 23:00:00,/Volumes/Argus/unk/snap/c1/1642287600.c1.snap.jpg,0.5530343
2022-01-15 23:30:00,/Volumes/Argus/unk/snap/c1/1642289400.c1.snap.jpg,0.5365556
2022-01-16 00:00:00,/Volumes/Argus/unk/snap/c1/1642291200.c1.snap.jpg,0.48682144
2022-01-16 00:30:00,/Volumes/Argus/unk/snap/c1/1642293000.c1.snap.jpg,0.5143773
2022-01-16 01:00:00,/Volumes/Argus/unk/snap/c1/1642294800.c1.snap.jpg,0.48941344
2022-01-16 01:30:00,/Volumes/Argus/unk/snap/c1/1642296600.c1.snap.jpg,0.46809557
2022-01-16 02:00:00,/Volumes/Argus/unk/snap/c1/1642298400.c1.snap.jpg,0.49417955
2022-01-16 02:30:00,/Volumes/Argus/unk/snap/c1/1642300200.c1.snap.jpg,0.54532605
2022-01-16 03:00:00,/Volumes/Argus/unk/snap/c1/1642302000.c1.snap.jpg,0.90143794
2022-01-16 03:30:00,/Volumes/Argus/unk/snap/c1/1642303800.c1.snap.jpg,0.5805071
2022-01-16 04:00:00,/Volumes/Argus/unk/snap/c1/1642305600.c1.snap.jpg,1.2642285
2022-01-16 04:30:00,/Volumes/Argus/unk/snap/c1/1642307400.c1.snap.jpg,1.3286159
2022-01-16 16:30:00,/Volumes/Argus/unk/snap/c1/1642350600.c1.snap.jpg,1.0116479
2022-01-16 17:00:00,/Volumes/Argus/unk/snap/c1/1642352400.c1.snap.jpg,1.7898775
2022-01-16 17:30:00,/Volumes/Argus/unk/snap/c1/1642354200.c1.snap.jpg,1.4541793
2022-01-16 18:00:00,/Volumes/Argus/unk/snap/c1/1642356000.c1.snap.jpg,1.2891277
2022-01-16 18:30:00,/Volumes/Argus/unk/snap/c1/1642357800.c1.snap.jpg,0.9740378
2022-01-16 19:00:00,/Volumes/Argus/unk/snap/c1/1642359600.c1.snap.jpg,0.6393371
2022-01-16 19:30:00,/Volumes/Argus/unk/snap/c1/1642361400.c1.snap.jpg,0.49021304
2022-01-16 20:00:00,/Volumes/Argus/unk/snap/c1/1642363200.c1.snap.jpg,0.44618553
2022-01-16 20:30:00,/Volumes/Argus/unk/snap/c1/1642365000.c1.snap.jpg,0.44512114
2022-01-16 21:00:00,/Volumes/Argus/unk/snap/c1/1642366800.c1.snap.jpg,0.39546198
2022-01-16 21:30:00,/Volumes/Argus/unk/snap/c1/1642368600.c1.snap.jpg,0.43902534
2022-01-16 22:00:00,/Volumes/Argus/unk/snap/c1/1642370400.c1.snap.jpg,0.4847275
2022-01-16 22:30:00,/Volumes/Argus/unk/snap/c1/1642372200.c1.snap.jpg,0.48907506
2022-01-16 23:00:00,/Volumes/Argus/unk/snap/c1/1642374000.c1.snap.jpg,0.3749699
2022-01-16 23:30:00,/Volumes/Argus/unk/snap/c1/1642375800.c1.snap.jpg,0.48190457
2022-01-17 00:00:00,/Volumes/Argus/unk/snap/c1/1642377600.c1.snap.jpg,0.48286495
2022-01-17 00:30:00,/Volumes/Argus/unk/snap/c1/1642379400.c1.snap.jpg,0.4244217
2022-01-17 01:00:00,/Volumes/Argus/unk/snap/c1/1642381200.c1.snap.jpg,0.46507367
2022-01-17 01:30:00,/Volumes/Argus/unk/snap/c1/1642383000.c1.snap.jpg,0.44235268
2022-01-17 02:00:00,/Volumes/Argus/unk/snap/c1/1642384800.c1.snap.jpg,0.38384253
2022-01-17 02:30:00,/Volumes/Argus/unk/snap/c1/1642386600.c1.snap.jpg,0.48572913
2022-01-17 03:00:00,/Volumes/Argus/unk/snap/c1/1642388400.c1.snap.jpg,0.90299284
2022-01-17 03:30:00,/Volumes/Argus/unk/snap/c1/1642390200.c1.snap.jpg,1.2737527
2022-01-17 04:00:00,/Volumes/Argus/unk/snap/c1/1642392000.c1.snap.jpg,1.7890002
2022-01-17 04:30:00,/Volumes/Argus/unk/snap/c1/1642393800.c1.snap.jpg,1.4390807
2022-01-17 16:30:00,/Volumes/Argus/unk/snap/c1/1642437000.c1.snap.jpg,1.4567825
2022-01-17 17:00:00,/Volumes/Argus/unk/snap/c1/1642438800.c1.snap.jpg,1.1983725
2022-01-17 17:30:00,/Volumes/Argus/unk/snap/c1/1642440600.c1.snap.jpg,1.0807643
2022-01-17 18:00:00,/Volumes/Argus/unk/snap/c1/1642442400.c1.snap.jpg,1.8503169
2022-01-17 18:30:00,/Volumes/Argus/unk/snap/c1/1642444200.c1.snap.jpg,0.4992309
2022-01-17 19:00:00,/Volumes/Argus/unk/snap/c1/1642446000.c1.snap.jpg,0.5754297
2022-01-17 19:30:00,/Volumes/Argus/unk/snap/c1/1642447800.c1.snap.jpg,0.3971898
2022-01-17 20:30:00,/Volumes/Argus/unk/snap/c1/1642451400.c1.snap.jpg,0.5939648
2022-01-17 21:00:00,/Volumes/Argus/unk/snap/c1/1642453200.c1.snap.jpg,0.52453387
2022-01-17 21:30:00,/Volumes/Argus/unk/snap/c1/1642455000.c1.snap.jpg,0.54646367
2022-01-17 22:00:00,/Volumes/Argus/unk/snap/c1/1642456800.c1.snap.jpg,0.5737288
2022-01-17 22:30:00,/Volumes/Argus/unk/snap/c1/1642458600.c1.snap.jpg,0.46465915
2022-01-17 23:00:00,/Volumes/Argus/unk/snap/c1/1642460400.c1.snap.jpg,0.48602575
2022-01-17 23:30:00,/Volumes/Argus/unk/snap/c1/1642462200.c1.snap.jpg,0.5021057
2022-01-18 00:30:00,/Volumes/Argus/unk/snap/c1/1642465800.c1.snap.jpg,0.51154625
2022-01-18 01:00:00,/Volumes/Argus/unk/snap/c1/1642467600.c1.snap.jpg,0.4744851
2022-01-18 01:30:00,/Volumes/Argus/unk/snap/c1/1642469400.c1.snap.jpg,0.45952913
2022-01-18 02:00:00,/Volumes/Argus/unk/snap/c1/1642471200.c1.snap.jpg,0.46083146
2022-01-18 02:30:00,/Volumes/Argus/unk/snap/c1/1642473000.c1.snap.jpg,0.47379678
2022-01-18 03:30:00,/Volumes/Argus/unk/snap/c1/1642476600.c1.snap.jpg,1.29113
2022-01-18 04:00:00,/Volumes/Argus/unk/snap/c1/1642478400.c1.snap.jpg,1.203077
2022-01-18 04:30:00,/Volumes/Argus/unk/snap/c1/1642480200.c1.snap.jpg,1.0963883
2022-01-18 16:30:00,/Volumes/Argus/unk/snap/c1/1642523400.c1.snap.jpg,1.3418167
2022-01-18 17:00:00,/Volumes/Argus/unk/snap/c1/1642525200.c1.snap.jpg,1.3031418
2022-01-18 17:30:00,/Volumes/Argus/unk/snap/c1/1642527000.c1.snap.jpg,0.57201797
2022-01-18 18:00:00,/Volumes/Argus/unk/snap/c1/1642528800.c1.snap.jpg,1.2761668
2022-01-18 18:30:00,/Volumes/Argus/unk/snap/c1/1642530600.c1.snap.jpg,0.7142437
2022-01-18 19:00:00,/Volumes/Argus/unk/snap/c1/1642532400.c1.snap.jpg,0.6007821
2022-01-18 19:30:00,/Volumes/Argus/unk/snap/c1/1642534200.c1.snap.jpg,0.58066773
2022-01-18 20:00:00,/Volumes/Argus/unk/snap/c1/1642536000.c1.snap.jpg,0.55877215
2022-01-18 21:00:00,/Volumes/Argus/unk/snap/c1/1642539600.c1.snap.jpg,0.5495931
2022-01-18 21:30:00,/Volumes/Argus/unk/snap/c1/1642541400.c1.snap.jpg,0.6473924
2022-01-18 22:00:00,/Volumes/Argus/unk/snap/c1/1642543200.c1.snap.jpg,0.5280607
2022-01-18 22:30:00,/Volumes/Argus/unk/snap/c1/1642545000.c1.snap.jpg,0.62252146
2022-01-18 23:30:00,/Volumes/Argus/unk/snap/c1/1642548600.c1.snap.jpg,0.48619384
2022-01-19 00:00:00,/Volumes/Argus/unk/snap/c1/1642550400.c1.snap.jpg,0.4980497
2022-01-19 00:30:00,/Volumes/Argus/unk/snap/c1/1642552200.c1.snap.jpg,0.4936886
2022-01-19 01:00:00,/Volumes/Argus/unk/snap/c1/1642554000.c1.snap.jpg,0.52297026
2022-01-19 01:30:00,/Volumes/Argus/unk/snap/c1/1642555800.c1.snap.jpg,0.5255687
2022-01-19 02:00:00,/Volumes/Argus/unk/snap/c1/1642557600.c1.snap.jpg,0.66429687
2022-01-19 02:30:00,/Volumes/Argus/unk/snap/c1/1642559400.c1.snap.jpg,0.8024364
2022-01-19 03:00:00,/Volumes/Argus/unk/snap/c1/1642561200.c1.snap.jpg,0.8516345
2022-01-19 04:00:00,/Volumes/Argus/unk/snap/c1/1642564800.c1.snap.jpg,1.8117079
2022-01-19 04:30:00,/Volumes/Argus/unk/snap/c1/1642566600.c1.snap.jpg,1.9121475
2022-01-19 16:30:00,/Volumes/Argus/unk/snap/c1/1642609800.c1.snap.jpg,0.5213832
2022-01-19 17:00:00,/Volumes/Argus/unk/snap/c1/1642611600.c1.snap.jpg,0.5332539
2022-01-19 17:30:00,/Volumes/Argus/unk/snap/c1/1642613400.c1.snap.jpg,0.5589249
2022-01-19 18:00:00,/Volumes/Argus/unk/snap/c1/1642615200.c1.snap.jpg,0.6445897
2022-01-19 18:30:00,/Volumes/Argus/unk/snap/c1/1642617000.c1.snap.jpg,0.76155543
2022-01-19 20:00:00,/Volumes/Argus/unk/snap/c1/1642622400.c1.snap.jpg,0.50379
2022-01-19 20:30:00,/Volumes/Argus/unk/snap/c1/1642624200.c1.snap.jpg,0.51956844
2022-01-19 21:00:00,/Volumes/Argus/unk/snap/c1/1642626000.c1.snap.jpg,0.54674137
2022-01-19 21:30:00,/Volumes/Argus/unk/snap/c1/1642627800.c1.snap.jpg,0.5101081
2022-01-19 22:00:00,/Volumes/Argus/unk/snap/c1/1642629600.c1.snap.jpg,0.50804806
2022-01-19 23:00:00,/Volumes/Argus/unk/snap/c1/1642633200.c1.snap.jpg,0.48063552
2022-01-19 23:30:00,/Volumes/Argus/unk/snap/c1/1642635000.c1.snap.jpg,0.51392096
2022-01-20 00:00:00,/Volumes/Argus/unk/snap/c1/1642636800.c1.snap.jpg,0.530843
2022-01-20 00:30:00,/Volumes/Argus/unk/snap/c1/1642638600.c1.snap.jpg,0.5086576
2022-01-20 01:00:00,/Volumes/Argus/unk/snap/c1/1642640400.c1.snap.jpg,0.52395886
2022-01-20 01:30:00,/Volumes/Argus/unk/snap/c1/1642642200.c1.snap.jpg,0.55401117
2022-01-20 02:00:00,/Volumes/Argus/unk/snap/c1/1642644000.c1.snap.jpg,0.54651904
2022-01-20 02:30:00,/Volumes/Argus/unk/snap/c1/1642645800.c1.snap.jpg,0.49425206
2022-01-20 03:30:00,/Volumes/Argus/unk/snap/c1/1642649400.c1.snap.jpg,1.7969962
2022-01-20 04:00:00,/Volumes/Argus/unk/snap/c1/1642651200.c1.snap.jpg,1.6692085
2022-01-20 04:30:00,/Volumes/Argus/unk/snap/c1/1642653000.c1.snap.jpg,1.7862519
2022-01-20 16:30:00,/Volumes/Argus/unk/snap/c1/1642696200.c1.snap.jpg,0.52253014
2022-01-20 17:00:00,/Volumes/Argus/unk/snap/c1/1642698000.c1.snap.jpg,0.89382726
2022-01-20 17:30:00,/Volumes/Argus/unk/snap/c1/1642699800.c1.snap.jpg,0.81011075
2022-01-20 18:30:00,/Volumes/Argus/unk/snap/c1/1642703400.c1.snap.jpg,0.551281
2022-01-20 19:00:00,/Volumes/Argus/unk/snap/c1/1642705200.c1.snap.jpg,0.5113752
2022-01-20 19:30:00,/Volumes/Argus/unk/snap/c1/1642707000.c1.snap.jpg,0.6390158
2022-01-20 20:00:00,/Volumes/Argus/unk/snap/c1/1642708800.c1.snap.jpg,0.61272746
2022-01-20 20:30:00,/Volumes/Argus/unk/snap/c1/1642710600.c1.snap.jpg,0.52095836
2022-01-20 21:00:00,/Volumes/Argus/unk/snap/c1/1642712400.c1.snap.jpg,0.6244601
2022-01-20 21:30:00,/Volumes/Argus/unk/snap/c1/1642714200.c1.snap.jpg,0.6167203
2022-01-20 22:00:00,/Volumes/Argus/unk/snap/c1/1642716000.c1.snap.jpg,0.5552866
2022-01-20 22:30:00,/Volumes/Argus/unk/snap/c1/1642717800.c1.snap.jpg,0.49673507
2022-01-20 23:00:00,/Volumes/Argus/unk/snap/c1/1642719600.c1.snap.jpg,0.5932691
2022-01-20 23:30:00,/Volumes/Argus/unk/snap/c1/1642721400.c1.snap.jpg,0.50949156
2022-01-21 00:00:00,/Volumes/Argus/unk/snap/c1/1642723200.c1.snap.jpg,0.5621496
2022-01-21 00:30:00,/Volumes/Argus/unk/snap/c1/1642725000.c1.snap.jpg,0.6003576
2022-01-21 01:00:00,/Volumes/Argus/unk/snap/c1/1642726800.c1.snap.jpg,0.58295834
2022-01-21 01:30:00,/Volumes/Argus/unk/snap/c1/1642728600.c1.snap.jpg,0.689348
2022-01-21 02:00:00,/Volumes/Argus/unk/snap/c1/1642730400.c1.snap.jpg,0.57687265
2022-01-21 02:30:00,/Volumes/Argus/unk/snap/c1/1642732200.c1.snap.jpg,0.4503016
2022-01-21 03:00:00,/Volumes/Argus/unk/snap/c1/1642734000.c1.snap.jpg,0.659902
2022-01-21 04:30:00,/Volumes/Argus/unk/snap/c1/1642739400.c1.snap.jpg,1.8256181
2022-01-22 16:30:00,/Volumes/Argus/unk/snap/c1/1642869000.c1.snap.jpg,1.5525879
2022-01-22 17:00:00,/Volumes/Argus/unk/snap/c1/1642870800.c1.snap.jpg,1.8392197
2022-01-22 18:00:00,/Volumes/Argus/unk/snap/c1/1642874400.c1.snap.jpg,1.7669168
2022-01-22 18:30:00,/Volumes/Argus/unk/snap/c1/1642876200.c1.snap.jpg,0.74756765
2022-01-22 19:30:00,/Volumes/Argus/unk/snap/c1/1642879800.c1.snap.jpg,0.6248614
2022-01-22 20:00:00,/Volumes/Argus/unk/snap/c1/1642881600.c1.snap.jpg,0.6958262
2022-01-22 20:30:00,/Volumes/Argus/unk/snap/c1/1642883400.c1.snap.jpg,0.8455844
2022-01-22 21:00:00,/Volumes/Argus/unk/snap/c1/1642885200.c1.snap.jpg,0.89693964
2022-01-22 21:30:00,/Volumes/Argus/unk/snap/c1/1642887000.c1.snap.jpg,1.2915541
2022-01-22 22:00:00,/Volumes/Argus/unk/snap/c1/1642888800.c1.snap.jpg,1.0476968
2022-01-22 22:30:00,/Volumes/Argus/unk/snap/c1/1642890600.c1.snap.jpg,0.9234398
2022-01-22 23:00:00,/Volumes/Argus/unk/snap/c1/1642892400.c1.snap.jpg,0.90820646
2022-01-22 23:30:00,/Volumes/Argus/unk/snap/c1/1642894200.c1.snap.jpg,0.87066686
2022-01-23 00:00:00,/Volumes/Argus/unk/snap/c1/1642896000.c1.snap.jpg,0.7880565
2022-01-23 00:30:00,/Volumes/Argus/unk/snap/c1/1642897800.c1.snap.jpg,1.1438739
2022-01-23 01:00:00,/Volumes/Argus/unk/snap/c1/1642899600.c1.snap.jpg,0.5686532
2022-01-23 01:30:00,/Volumes/Argus/unk/snap/c1/1642901400.c1.snap.jpg,0.6844627
2022-01-23 02:00:00,/Volumes/Argus/unk/snap/c1/1642903200.c1.snap.jpg,0.672017
2022-01-23 02:30:00,/Volumes/Argus/unk/snap/c1/1642905000.c1.snap.jpg,0.7040515
2022-01-23 03:00:00,/Volumes/Argus/unk/snap/c1/1642906800.c1.snap.jpg,0.6365327
2022-01-23 03:30:00,/Volumes/Argus/unk/snap/c1/1642908600.c1.snap.jpg,1.2049274
2022-01-23 04:00:00,/Volumes/Argus/unk/snap/c1/1642910400.c1.snap.jpg,1.9092181
2022-01-23 04:30:00,/Volumes/Argus/unk/snap/c1/1642912200.c1.snap.jpg,1.2608564
2022-01-23 16:30:00,/Volumes/Argus/unk/snap/c1/1642955400.c1.snap.jpg,1.8147287
2022-01-23 17:00:00,/Volumes/Argus/unk/snap/c1/1642957200.c1.snap.jpg,1.7423469
2022-01-23 17:30:00,/Volumes/Argus/unk/snap/c1/1642959000.c1.snap.jpg,1.8454057
2022-01-23 18:00:00,/Volumes/Argus/unk/snap/c1/1642960800.c1.snap.jpg,1.8023154
2022-01-23 18:30:00,/Volumes/Argus/unk/snap/c1/1642962600.c1.snap.jpg,1.1697621
2022-01-23 19:30:00,/Volumes/Argus/unk/snap/c1/1642966200.c1.snap.jpg,0.7761029
2022-01-23 20:00:00,/Volumes/Argus/unk/snap/c1/1642968000.c1.snap.jpg,0.6885231
2022-01-23 20:30:00,/Volumes/Argus/unk/snap/c1/1642969800.c1.snap.jpg,0.6833607
2022-01-23 21:00:00,/Volumes/Argus/unk/snap/c1/1642971600.c1.snap.jpg,0.6122404
2022-01-23 21:30:00,/Volumes/Argus/unk/snap/c1/1642973400.c1.snap.jpg,0.5882194
2022-01-23 22:00:00,/Volumes/Argus/unk/snap/c1/1642975200.c1.snap.jpg,0.82671475
2022-01-23 22:30:00,/Volumes/Argus/unk/snap/c1/1642977000.c1.snap.jpg,0.73149574
2022-01-23 23:00:00,/Volumes/Argus/unk/snap/c1/1642978800.c1.snap.jpg,0.705796
2022-01-23 23:30:00,/Volumes/Argus/unk/snap/c1/1642980600.c1.snap.jpg,0.76157016
2022-01-24 00:00:00,/Volumes/Argus/unk/snap/c1/1642982400.c1.snap.jpg,0.7899828
2022-01-24 00:30:00,/Volumes/Argus/unk/snap/c1/1642984200.c1.snap.jpg,0.65250057
2022-01-24 01:00:00,/Volumes/Argus/unk/snap/c1/1642986000.c1.snap.jpg,0.67553145
2022-01-24 01:30:00,/Volumes/Argus/unk/snap/c1/1642987800.c1.snap.jpg,0.7205402
2022-01-24 02:00:00,/Volumes/Argus/unk/snap/c1/1642989600.c1.snap.jpg,0.6303942
2022-01-24 02:30:00,/Volumes/Argus/unk/snap/c1/1642991400.c1.snap.jpg,0.65073234
2022-01-24 03:00:00,/Volumes/Argus/unk/snap/c1/1642993200.c1.snap.jpg,0.6227509
2022-01-24 04:00:00,/Volumes/Argus/unk/snap/c1/1642996800.c1.snap.jpg,1.8247663
2022-01-24 04:30:00,/Volumes/Argus/unk/snap/c1/1642998600.c1.snap.jpg,1.8459092
2022-01-24 17:00:00,/Volumes/Argus/unk/snap/c1/1643043600.c1.snap.jpg,1.647681
2022-01-24 18:00:00,/Volumes/Argus/unk/snap/c1/1643047200.c1.snap.jpg,1.6494632
2022-01-24 18:30:00,/Volumes/Argus/unk/snap/c1/1643049000.c1.snap.jpg,0.7097538
2022-01-24 19:00:00,/Volumes/Argus/unk/snap/c1/1643050800.c1.snap.jpg,0.65031683
2022-01-24 19:30:00,/Volumes/Argus/unk/snap/c1/1643052600.c1.snap.jpg,0.7608228
2022-01-24 20:00:00,/Volumes/Argus/unk/snap/c1/1643054400.c1.snap.jpg,0.6744566
2022-01-24 21:30:00,/Volumes/Argus/unk/snap/c1/1643059800.c1.snap.jpg,0.7047224
2022-01-24 22:00:00,/Volumes/Argus/unk/snap/c1/1643061600.c1.snap.jpg,0.5807694
2022-01-24 22:30:00,/Volumes/Argus/unk/snap/c1/1643063400.c1.snap.jpg,0.5482952
2022-01-24 23:00:00,/Volumes/Argus/unk/snap/c1/1643065200.c1.snap.jpg,0.62978846
2022-01-24 23:30:00,/Volumes/Argus/unk/snap/c1/1643067000.c1.snap.jpg,0.33268392
2022-01-25 00:00:00,/Volumes/Argus/unk/snap/c1/1643068800.c1.snap.jpg,0.38086858
2022-01-25 00:30:00,/Volumes/Argus/unk/snap/c1/1643070600.c1.snap.jpg,0.48229828
2022-01-25 01:00:00,/Volumes/Argus/unk/snap/c1/1643072400.c1.snap.jpg,0.6579509
2022-01-25 01:30:00,/Volumes/Argus/unk/snap/c1/1643074200.c1.snap.jpg,0.55431086
2022-01-25 02:00:00,/Volumes/Argus/unk/snap/c1/1643076000.c1.snap.jpg,0.474667
2022-01-25 02:30:00,/Volumes/Argus/unk/snap/c1/1643077800.c1.snap.jpg,0.5941912
2022-01-25 03:30:00,/Volumes/Argus/unk/snap/c1/1643081400.c1.snap.jpg,1.4101756
2022-01-25 04:00:00,/Volumes/Argus/unk/snap/c1/1643083200.c1.snap.jpg,1.1712825
2022-01-25 04:30:00,/Volumes/Argus/unk/snap/c1/1643085000.c1.snap.jpg,1.7488934
2022-01-25 16:30:00,/Volumes/Argus/unk/snap/c1/1643128200.c1.snap.jpg,1.6924336
2022-01-25 17:00:00,/Volumes/Argus/unk/snap/c1/1643130000.c1.snap.jpg,1.4712635
2022-01-25 18:00:00,/Volumes/Argus/unk/snap/c1/1643133600.c1.snap.jpg,1.5000906
2022-01-25 22:00:00,/Volumes/Argus/unk/snap/c1/1643148000.c1.snap.jpg,0.72504
2022-01-25 22:30:00,/Volumes/Argus/unk/snap/c1/1643149800.c1.snap.jpg,0.69631225
2022-01-25 23:00:00,/Volumes/Argus/unk/snap/c1/1643151600.c1.snap.jpg,0.7162799
2022-01-25 23:30:00,/Volumes/Argus/unk/snap/c1/1643153400.c1.snap.jpg,0.6707983
2022-01-26 00:00:00,/Volumes/Argus/unk/snap/c1/1643155200.c1.snap.jpg,0.5233412
2022-01-26 00:30:00,/Volumes/Argus/unk/snap/c1/1643157000.c1.snap.jpg,0.6899645
2022-01-26 01:00:00,/Volumes/Argus/unk/snap/c1/1643158800.c1.snap.jpg,0.6962838
2022-01-26 01:30:00,/Volumes/Argus/unk/snap/c1/1643160600.c1.snap.jpg,0.6542398
2022-01-26 02:00:00,/Volumes/Argus/unk/snap/c1/1643162400.c1.snap.jpg,0.69476867
2022-01-26 02:30:00,/Volumes/Argus/unk/snap/c1/1643164200.c1.snap.jpg,0.42499837
2022-01-26 04:00:00,/Volumes/Argus/unk/snap/c1/1643169600.c1.snap.jpg,1.5577427
2022-01-26 04:30:00,/Volumes/Argus/unk/snap/c1/1643171400.c1.snap.jpg,1.7488694
2022-01-26 16:30:00,/Volumes/Argus/unk/snap/c1/1643214600.c1.snap.jpg,1.7391611
2022-01-26 17:00:00,/Volumes/Argus/unk/snap/c1/1643216400.c1.snap.jpg,0.98238754
2022-01-26 17:30:00,/Volumes/Argus/unk/snap/c1/1643218200.c1.snap.jpg,1.7867984
2022-01-26 18:00:00,/Volumes/Argus/unk/snap/c1/1643220000.c1.snap.jpg,1.3858312
2022-01-26 18:30:00,/Volumes/Argus/unk/snap/c1/1643221800.c1.snap.jpg,0.76766825
2022-01-26 19:00:00,/Volumes/Argus/unk/snap/c1/1643223600.c1.snap.jpg,0.61878955
2022-01-26 19:30:00,/Volumes/Argus/unk/snap/c1/1643225400.c1.snap.jpg,0.67421305
2022-01-26 20:00:00,/Volumes/Argus/unk/snap/c1/1643227200.c1.snap.jpg,0.6947892
2022-01-26 20:30:00,/Volumes/Argus/unk/snap/c1/1643229000.c1.snap.jpg,0.68360376
2022-01-26 21:00:00,/Volumes/Argus/unk/snap/c1/1643230800.c1.snap.jpg,0.71449757
2022-01-26 21:30:00,/Volumes/Argus/unk/snap/c1/1643232600.c1.snap.jpg,0.60126704
2022-01-26 22:00:00,/Volumes/Argus/unk/snap/c1/1643234400.c1.snap.jpg,0.632272
2022-01-26 22:30:00,/Volumes/Argus/unk/snap/c1/1643236200.c1.snap.jpg,0.6714505
2022-01-26 23:00:00,/Volumes/Argus/unk/snap/c1/1643238000.c1.snap.jpg,0.63617635
2022-01-26 23:30:00,/Volumes/Argus/unk/snap/c1/1643239800.c1.snap.jpg,0.60812163
2022-01-27 00:00:00,/Volumes/Argus/unk/snap/c1/1643241600.c1.snap.jpg,0.5764355
2022-01-27 00:30:00,/Volumes/Argus/unk/snap/c1/1643243400.c1.snap.jpg,0.5250554
2022-01-27 01:00:00,/Volumes/Argus/unk/snap/c1/1643245200.c1.snap.jpg,0.5388371
2022-01-27 01:30:00,/Volumes/Argus/unk/snap/c1/1643247000.c1.snap.jpg,0.59800506
2022-01-27 02:00:00,/Volumes/Argus/unk/snap/c1/1643248800.c1.snap.jpg,0.66406596
2022-01-27 02:30:00,/Volumes/Argus/unk/snap/c1/1643250600.c1.snap.jpg,0.9015541
2022-01-27 03:00:00,/Volumes/Argus/unk/snap/c1/1643252400.c1.snap.jpg,0.8392231
2022-01-27 03:30:00,/Volumes/Argus/unk/snap/c1/1643254200.c1.snap.jpg,1.0574957
2022-01-27 04:00:00,/Volumes/Argus/unk/snap/c1/1643256000.c1.snap.jpg,1.9394128
2022-01-27 04:30:00,/Volumes/Argus/unk/snap/c1/1643257800.c1.snap.jpg,1.9084462
2022-01-27 16:30:00,/Volumes/Argus/unk/snap/c1/1643301000.c1.snap.jpg,1.8384823
2022-01-27 17:00:00,/Volumes/Argus/unk/snap/c1/1643302800.c1.snap.jpg,1.3259166
2022-01-27 17:30:00,/Volumes/Argus/unk/snap/c1/1643304600.c1.snap.jpg,1.7837735
2022-01-27 18:00:00,/Volumes/Argus/unk/snap/c1/1643306400.c1.snap.jpg,1.1159962
2022-01-27 18:30:00,/Volumes/Argus/unk/snap/c1/1643308200.c1.snap.jpg,0.64981294
2022-01-27 19:00:00,/Volumes/Argus/unk/snap/c1/1643310000.c1.snap.jpg,0.6487826
2022-01-27 19:30:00,/Volumes/Argus/unk/snap/c1/1643311800.c1.snap.jpg,0.6122296
2022-01-27 20:00:00,/Volumes/Argus/unk/snap/c1/1643313600.c1.snap.jpg,0.5925993
2022-01-27 20:30:00,/Volumes/Argus/unk/snap/c1/1643315400.c1.snap.jpg,0.8326328
2022-01-27 21:00:00,/Volumes/Argus/unk/snap/c1/1643317200.c1.snap.jpg,0.8732082
2022-01-27 21:30:00,/Volumes/Argus/unk/snap/c1/1643319000.c1.snap.jpg,0.6724155
2022-01-27 22:00:00,/Volumes/Argus/unk/snap/c1/1643320800.c1.snap.jpg,0.63925105
2022-01-27 22:30:00,/Volumes/Argus/unk/snap/c1/1643322600.c1.snap.jpg,0.65529585
2022-01-27 23:00:00,/Volumes/Argus/unk/snap/c1/1643324400.c1.snap.jpg,0.69097424
2022-01-27 23:30:00,/Volumes/Argus/unk/snap/c1/1643326200.c1.snap.jpg,0.61977696
2022-01-28 00:00:00,/Volumes/Argus/unk/snap/c1/1643328000.c1.snap.jpg,0.6055449
2022-01-28 00:30:00,/Volumes/Argus/unk/snap/c1/1643329800.c1.snap.jpg,0.65923035
2022-01-28 01:00:00,/Volumes/Argus/unk/snap/c1/1643331600.c1.snap.jpg,0.710382
2022-01-28 01:30:00,/Volumes/Argus/unk/snap/c1/1643333400.c1.snap.jpg,0.79519254
2022-01-28 02:00:00,/Volumes/Argus/unk/snap/c1/1643335200.c1.snap.jpg,0.87494093
2022-01-28 02:30:00,/Volumes/Argus/unk/snap/c1/1643337000.c1.snap.jpg,0.7819363
2022-01-28 03:00:00,/Volumes/Argus/unk/snap/c1/1643338800.c1.snap.jpg,0.8686654
2022-01-28 03:30:00,/Volumes/Argus/unk/snap/c1/1643340600.c1.snap.jpg,0.9280953
2022-01-28 04:00:00,/Volumes/Argus/unk/snap/c1/1643342400.c1.snap.jpg,1.2812381
2022-01-29 16:30:00,/Volumes/Argus/unk/snap/c1/1643473800.c1.snap.jpg,1.8367902
2022-01-29 17:00:00,/Volumes/Argus/unk/snap/c1/1643475600.c1.snap.jpg,1.8867272
2022-01-29 17:30:00,/Volumes/Argus/unk/snap/c1/1643477400.c1.snap.jpg,1.0886319
2022-01-29 18:00:00,/Volumes/Argus/unk/snap/c1/1643479200.c1.snap.jpg,1.3344784
2022-01-29 18:30:00,/Volumes/Argus/unk/snap/c1/1643481000.c1.snap.jpg,0.63234264
2022-01-29 19:00:00,/Volumes/Argus/unk/snap/c1/1643482800.c1.snap.jpg,0.6437429
2022-01-29 19:30:00,/Volumes/Argus/unk/snap/c1/1643484600.c1.snap.jpg,0.6886402
2022-01-29 20:00:00,/Volumes/Argus/unk/snap/c1/1643486400.c1.snap.jpg,0.59476125
2022-01-29 20:30:00,/Volumes/Argus/unk/snap/c1/1643488200.c1.snap.jpg,0.86367273
2022-01-29 21:00:00,/Volumes/Argus/unk/snap/c1/1643490000.c1.snap.jpg,0.68223757
2022-01-29 21:30:00,/Volumes/Argus/unk/snap/c1/1643491800.c1.snap.jpg,0.5916647
2022-01-29 22:00:00,/Volumes/Argus/unk/snap/c1/1643493600.c1.snap.jpg,0.49409312
2022-01-29 22:30:00,/Volumes/Argus/unk/snap/c1/1643495400.c1.snap.jpg,0.5470166
2022-01-30 00:30:00,/Volumes/Argus/unk/snap/c1/1643502600.c1.snap.jpg,0.6215611
2022-01-30 01:00:00,/Volumes/Argus/unk/snap/c1/1643504400.c1.snap.jpg,0.70208
2022-01-30 01:30:00,/Volumes/Argus/unk/snap/c1/1643506200.c1.snap.jpg,0.74349904
2022-01-30 02:00:00,/Volumes/Argus/unk/snap/c1/1643508000.c1.snap.jpg,0.8923866
2022-01-30 02:30:00,/Volumes/Argus/unk/snap/c1/1643509800.c1.snap.jpg,0.7698698
2022-01-30 03:00:00,/Volumes/Argus/unk/snap/c1/1643511600.c1.snap.jpg,0.8735031
2022-01-30 04:00:00,/Volumes/Argus/unk/snap/c1/1643515200.c1.snap.jpg,0.8593589
2022-01-30 04:30:00,/Volumes/Argus/unk/snap/c1/1643517000.c1.snap.jpg,1.8811982
2022-01-30 16:30:00,/Volumes/Argus/unk/snap/c1/1643560200.c1.snap.jpg,1.5208656
2022-01-30 17:00:00,/Volumes/Argus/unk/snap/c1/1643562000.c1.snap.jpg,1.7165066
2022-01-30 17:30:00,/Volumes/Argus/unk/snap/c1/1643563800.c1.snap.jpg,1.8062003
2022-01-30 18:00:00,/Volumes/Argus/unk/snap/c1/1643565600.c1.snap.jpg,1.7595834
2022-01-30 18:30:00,/Volumes/Argus/unk/snap/c1/1643567400.c1.snap.jpg,0.63783246
2022-01-30 19:00:00,/Volumes/Argus/unk/snap/c1/1643569200.c1.snap.jpg,0.6511884
2022-01-30 19:30:00,/Volumes/Argus/unk/snap/c1/1643571000.c1.snap.jpg,0.690782
2022-01-30 20:00:00,/Volumes/Argus/unk/snap/c1/1643572800.c1.snap.jpg,0.626796
2022-01-30 20:30:00,/Volumes/Argus/unk/snap/c1/1643574600.c1.snap.jpg,0.6487063
2022-01-30 21:00:00,/Volumes/Argus/unk/snap/c1/1643576400.c1.snap.jpg,0.5797276
2022-01-30 22:00:00,/Volumes/Argus/unk/snap/c1/1643580000.c1.snap.jpg,0.4967103
2022-01-30 23:00:00,/Volumes/Argus/unk/snap/c1/1643583600.c1.snap.jpg,0.5261166
2022-01-30 23:30:00,/Volumes/Argus/unk/snap/c1/1643585400.c1.snap.jpg,0.5429751
2022-01-31 00:00:00,/Volumes/Argus/unk/snap/c1/1643587200.c1.snap.jpg,0.5876327
2022-01-31 01:00:00,/Volumes/Argus/unk/snap/c1/1643590800.c1.snap.jpg,0.68921554
2022-01-31 01:30:00,/Volumes/Argus/unk/snap/c1/1643592600.c1.snap.jpg,0.7118011
2022-01-31 02:00:00,/Volumes/Argus/unk/snap/c1/1643594400.c1.snap.jpg,0.84849495
2022-01-31 02:30:00,/Volumes/Argus/unk/snap/c1/1643596200.c1.snap.jpg,0.79428023
2022-01-31 03:00:00,/Volumes/Argus/unk/snap/c1/1643598000.c1.snap.jpg,0.83264583
2022-01-31 04:00:00,/Volumes/Argus/unk/snap/c1/1643601600.c1.snap.jpg,0.8605767
2022-01-31 04:30:00,/Volumes/Argus/unk/snap/c1/1643603400.c1.snap.jpg,1.6925195
2022-01-31 16:30:00,/Volumes/Argus/unk/snap/c1/1643646600.c1.snap.jpg,1.8187577
2022-01-31 17:00:00,/Volumes/Argus/unk/snap/c1/1643648400.c1.snap.jpg,1.5341705
2022-01-31 17:30:00,/Volumes/Argus/unk/snap/c1/1643650200.c1.snap.jpg,1.8094211
2022-01-31 18:00:00,/Volumes/Argus/unk/snap/c1/1643652000.c1.snap.jpg,1.7095096
2022-01-31 20:00:00,/Volumes/Argus/unk/snap/c1/1643659200.c1.snap.jpg,0.6226845
2022-01-31 20:30:00,/Volumes/Argus/unk/snap/c1/1643661000.c1.snap.jpg,1.008836
2022-01-31 21:00:00,/Volumes/Argus/unk/snap/c1/1643662800.c1.snap.jpg,1.0060463
2022-01-31 21:30:00,/Volumes/Argus/unk/snap/c1/1643664600.c1.snap.jpg,0.70522606
2022-01-31 22:00:00,/Volumes/Argus/unk/snap/c1/1643666400.c1.snap.jpg,0.75644016
2022-01-31 23:00:00,/Volumes/Argus/unk/snap/c1/1643670000.c1.snap.jpg,0.7049221
2022-01-31 23:30:00,/Volumes/Argus/unk/snap/c1/1643671800.c1.snap.jpg,0.70095146
2022-02-01 00:00:00,/Volumes/Argus/unk/snap/c1/1643673600.c1.snap.jpg,0.6738909
2022-02-01 00:30:00,/Volumes/Argus/unk/snap/c1/1643675400.c1.snap.jpg,0.7800078
2022-02-01 01:00:00,/Volumes/Argus/unk/snap/c1/1643677200.c1.snap.jpg,0.87929475
2022-02-01 01:30:00,/Volumes/Argus/unk/snap/c1/1643679000.c1.snap.jpg,0.84725714
2022-02-01 02:00:00,/Volumes/Argus/unk/snap/c1/1643680800.c1.snap.jpg,0.7831175
2022-02-01 03:00:00,/Volumes/Argus/unk/snap/c1/1643684400.c1.snap.jpg,0.5996862
2022-02-01 03:30:00,/Volumes/Argus/unk/snap/c1/1643686200.c1.snap.jpg,0.6450908
2022-02-01 04:00:00,/Volumes/Argus/unk/snap/c1/1643688000.c1.snap.jpg,0.7459018
2022-02-01 04:30:00,/Volumes/Argus/unk/snap/c1/1643689800.c1.snap.jpg,1.5799314
2022-02-01 16:30:00,/Volumes/Argus/unk/snap/c1/1643733000.c1.snap.jpg,1.2990055
2022-02-01 17:00:00,/Volumes/Argus/unk/snap/c1/1643734800.c1.snap.jpg,1.8305587
2022-02-01 17:30:00,/Volumes/Argus/unk/snap/c1/1643736600.c1.snap.jpg,1.7103273
2022-02-01 18:00:00,/Volumes/Argus/unk/snap/c1/1643738400.c1.snap.jpg,1.1756309
2022-02-01 18:30:00,/Volumes/Argus/unk/snap/c1/1643740200.c1.snap.jpg,0.65476155
2022-02-01 19:00:00,/Volumes/Argus/unk/snap/c1/1643742000.c1.snap.jpg,0.5012027
2022-02-01 19:30:00,/Volumes/Argus/unk/snap/c1/1643743800.c1.snap.jpg,0.5360783
2022-02-01 20:00:00,/Volumes/Argus/unk/snap/c1/1643745600.c1.snap.jpg,0.60254705
2022-02-01 20:30:00,/Volumes/Argus/unk/snap/c1/1643747400.c1.snap.jpg,0.6256629
2022-02-01 21:00:00,/Volumes/Argus/unk/snap/c1/1643749200.c1.snap.jpg,0.5856352
2022-02-01 21:30:00,/Volumes/Argus/unk/snap/c1/1643751000.c1.snap.jpg,0.5004796
2022-02-01 22:00:00,/Volumes/Argus/unk/snap/c1/1643752800.c1.snap.jpg,0.4591012
2022-02-01 22:30:00,/Volumes/Argus/unk/snap/c1/1643754600.c1.snap.jpg,0.5188613
2022-02-01 23:00:00,/Volumes/Argus/unk/snap/c1/1643756400.c1.snap.jpg,0.5022551
2022-02-01 23:30:00,/Volumes/Argus/unk/snap/c1/1643758200.c1.snap.jpg,0.50178736
2022-02-02 00:00:00,/Volumes/Argus/unk/snap/c1/1643760000.c1.snap.jpg,0.5351642
2022-02-02 00:30:00,/Volumes/Argus/unk/snap/c1/1643761800.c1.snap.jpg,0.55663484
2022-02-02 01:00:00,/Volumes/Argus/unk/snap/c1/1643763600.c1.snap.jpg,0.54422486
2022-02-02 01:30:00,/Volumes/Argus/unk/snap/c1/1643765400.c1.snap.jpg,0.59340644
2022-02-02 02:00:00,/Volumes/Argus/unk/snap/c1/1643767200.c1.snap.jpg,0.5603101
2022-02-02 02:30:00,/Volumes/Argus/unk/snap/c1/1643769000.c1.snap.jpg,0.5257412
2022-02-02 03:00:00,/Volumes/Argus/unk/snap/c1/1643770800.c1.snap.jpg,0.5183505
2022-02-02 03:30:00,/Volumes/Argus/unk/snap/c1/1643772600.c1.snap.jpg,0.5675029
2022-02-02 04:00:00,/Volumes/Argus/unk/snap/c1/1643774400.c1.snap.jpg,0.6830827
2022-02-02 04:30:00,/Volumes/Argus/unk/snap/c1/1643776200.c1.snap.jpg,1.370663
2022-02-02 16:30:00,/Volumes/Argus/unk/snap/c1/1643819400.c1.snap.jpg,1.8429475
2022-02-02 17:00:00,/Volumes/Argus/unk/snap/c1/1643821200.c1.snap.jpg,1.8685933
2022-02-02 17:30:00,/Volumes/Argus/unk/snap/c1/1643823000.c1.snap.jpg,1.8826181
2022-02-02 18:00:00,/Volumes/Argus/unk/snap/c1/1643824800.c1.snap.jpg,1.6922137
2022-02-02 18:30:00,/Volumes/Argus/unk/snap/c1/1643826600.c1.snap.jpg,0.63663656
2022-02-02 19:00:00,/Volumes/Argus/unk/snap/c1/1643828400.c1.snap.jpg,0.61812425
2022-02-02 19:30:00,/Volumes/Argus/unk/snap/c1/1643830200.c1.snap.jpg,0.51646054
2022-02-02 20:00:00,/Volumes/Argus/unk/snap/c1/1643832000.c1.snap.jpg,0.53063285
2022-02-02 20:30:00,/Volumes/Argus/unk/snap/c1/1643833800.c1.snap.jpg,0.4581825
2022-02-02 21:00:00,/Volumes/Argus/unk/snap/c1/1643835600.c1.snap.jpg,0.61633575
2022-02-02 21:30:00,/Volumes/Argus/unk/snap/c1/1643837400.c1.snap.jpg,0.57678795
2022-02-02 22:00:00,/Volumes/Argus/unk/snap/c1/1643839200.c1.snap.jpg,0.44058955
2022-02-02 22:30:00,/Volumes/Argus/unk/snap/c1/1643841000.c1.snap.jpg,0.4908625
2022-02-02 23:00:00,/Volumes/Argus/unk/snap/c1/1643842800.c1.snap.jpg,0.5078466
2022-02-02 23:30:00,/Volumes/Argus/unk/snap/c1/1643844600.c1.snap.jpg,0.52245057
2022-02-03 02:00:00,/Volumes/Argus/unk/snap/c1/1643853600.c1.snap.jpg,0.6426173
2022-02-03 02:30:00,/Volumes/Argus/unk/snap/c1/1643855400.c1.snap.jpg,0.5754691
2022-02-03 03:00:00,/Volumes/Argus/unk/snap/c1/1643857200.c1.snap.jpg,0.60066974
2022-02-03 03:30:00,/Volumes/Argus/unk/snap/c1/1643859000.c1.snap.jpg,0.52465194
2022-02-03 04:00:00,/Volumes/Argus/unk/snap/c1/1643860800.c1.snap.jpg,0.7399218
2022-02-03 04:30:00,/Volumes/Argus/unk/snap/c1/1643862600.c1.snap.jpg,0.9801411
2022-02-05 16:30:00,/Volumes/Argus/unk/snap/c1/1644078600.c1.snap.jpg,1.8106033
2022-02-05 17:00:00,/Volumes/Argus/unk/snap/c1/1644080400.c1.snap.jpg,1.2961919
2022-02-05 17:30:00,/Volumes/Argus/unk/snap/c1/1644082200.c1.snap.jpg,1.8065552
2022-02-05 18:00:00,/Volumes/Argus/unk/snap/c1/1644084000.c1.snap.jpg,1.2474107
2022-02-05 18:30:00,/Volumes/Argus/unk/snap/c1/1644085800.c1.snap.jpg,0.6528766
2022-02-05 19:00:00,/Volumes/Argus/unk/snap/c1/1644087600.c1.snap.jpg,0.5934552
2022-02-05 19:30:00,/Volumes/Argus/unk/snap/c1/1644089400.c1.snap.jpg,0.5869673
2022-02-05 20:00:00,/Volumes/Argus/unk/snap/c1/1644091200.c1.snap.jpg,0.63863254
2022-02-05 20:30:00,/Volumes/Argus/unk/snap/c1/1644093000.c1.snap.jpg,0.5309515
2022-02-05 21:00:00,/Volumes/Argus/unk/snap/c1/1644094800.c1.snap.jpg,0.4854998
2022-02-05 21:30:00,/Volumes/Argus/unk/snap/c1/1644096600.c1.snap.jpg,0.5512698
2022-02-05 22:00:00,/Volumes/Argus/unk/snap/c1/1644098400.c1.snap.jpg,0.5460874
2022-02-05 22:30:00,/Volumes/Argus/unk/snap/c1/1644100200.c1.snap.jpg,0.68193096
2022-02-05 23:00:00,/Volumes/Argus/unk/snap/c1/1644102000.c1.snap.jpg,0.48298383
2022-02-05 23:30:00,/Volumes/Argus/unk/snap/c1/1644103800.c1.snap.jpg,0.52686477
2022-02-06 00:00:00,/Volumes/Argus/unk/snap/c1/1644105600.c1.snap.jpg,0.54659814
2022-02-06 00:30:00,/Volumes/Argus/unk/snap/c1/1644107400.c1.snap.jpg,0.5861778
2022-02-06 01:00:00,/Volumes/Argus/unk/snap/c1/1644109200.c1.snap.jpg,0.6607181
2022-02-06 01:30:00,/Volumes/Argus/unk/snap/c1/1644111000.c1.snap.jpg,0.7229662
2022-02-06 02:00:00,/Volumes/Argus/unk/snap/c1/1644112800.c1.snap.jpg,0.734185
2022-02-06 02:30:00,/Volumes/Argus/unk/snap/c1/1644114600.c1.snap.jpg,0.84690666
2022-02-06 03:00:00,/Volumes/Argus/unk/snap/c1/1644116400.c1.snap.jpg,0.8203019
2022-02-06 04:00:00,/Volumes/Argus/unk/snap/c1/1644120000.c1.snap.jpg,1.0771382
2022-02-06 04:30:00,/Volumes/Argus/unk/snap/c1/1644121800.c1.snap.jpg,1.2160975
2022-02-06 16:30:00,/Volumes/Argus/unk/snap/c1/1644165000.c1.snap.jpg,1.8458086
2022-02-06 17:00:00,/Volumes/Argus/unk/snap/c1/1644166800.c1.snap.jpg,1.8413638
2022-02-06 17:30:00,/Volumes/Argus/unk/snap/c1/1644168600.c1.snap.jpg,1.8242784
2022-02-06 18:00:00,/Volumes/Argus/unk/snap/c1/1644170400.c1.snap.jpg,1.6647242
2022-02-06 18:30:00,/Volumes/Argus/unk/snap/c1/1644172200.c1.snap.jpg,0.6747677
2022-02-06 19:00:00,/Volumes/Argus/unk/snap/c1/1644174000.c1.snap.jpg,0.59306574
2022-02-06 19:30:00,/Volumes/Argus/unk/snap/c1/1644175800.c1.snap.jpg,0.5403826
2022-02-06 20:00:00,/Volumes/Argus/unk/snap/c1/1644177600.c1.snap.jpg,0.6150932
2022-02-06 20:30:00,/Volumes/Argus/unk/snap/c1/1644179400.c1.snap.jpg,0.7565028
2022-02-06 21:00:00,/Volumes/Argus/unk/snap/c1/1644181200.c1.snap.jpg,0.76740247
2022-02-06 21:30:00,/Volumes/Argus/unk/snap/c1/1644183000.c1.snap.jpg,0.73947465
2022-02-06 22:00:00,/Volumes/Argus/unk/snap/c1/1644184800.c1.snap.jpg,0.6968292
2022-02-06 22:30:00,/Volumes/Argus/unk/snap/c1/1644186600.c1.snap.jpg,0.67116916
2022-02-06 23:00:00,/Volumes/Argus/unk/snap/c1/1644188400.c1.snap.jpg,0.5970155
2022-02-06 23:30:00,/Volumes/Argus/unk/snap/c1/1644190200.c1.snap.jpg,0.57399243
2022-02-07 00:00:00,/Volumes/Argus/unk/snap/c1/1644192000.c1.snap.jpg,0.5485271
2022-02-07 00:30:00,/Volumes/Argus/unk/snap/c1/1644193800.c1.snap.jpg,0.54590124
2022-02-07 01:30:00,/Volumes/Argus/unk/snap/c1/1644197400.c1.snap.jpg,0.6162779
2022-02-07 02:00:00,/Volumes/Argus/unk/snap/c1/1644199200.c1.snap.jpg,0.6202351
2022-02-07 02:30:00,/Volumes/Argus/unk/snap/c1/1644201000.c1.snap.jpg,0.6445428
2022-02-07 03:00:00,/Volumes/Argus/unk/snap/c1/1644202800.c1.snap.jpg,0.55083334
2022-02-07 03:30:00,/Volumes/Argus/unk/snap/c1/1644204600.c1.snap.jpg,0.53607833
2022-02-07 04:00:00,/Volumes/Argus/unk/snap/c1/1644206400.c1.snap.jpg,0.7808795
2022-02-07 04:30:00,/Volumes/Argus/unk/snap/c1/1644208200.c1.snap.jpg,0.7074132
2022-02-07 16:30:00,/Volumes/Argus/unk/snap/c1/1644251400.c1.snap.jpg,1.1501762
2022-02-07 17:00:00,/Volumes/Argus/unk/snap/c1/1644253200.c1.snap.jpg,1.7283524
2022-02-07 17:30:00,/Volumes/Argus/unk/snap/c1/1644255000.c1.snap.jpg,1.5723063
2022-02-07 18:00:00,/Volumes/Argus/unk/snap/c1/1644256800.c1.snap.jpg,1.1764872
2022-02-07 19:00:00,/Volumes/Argus/unk/snap/c1/1644260400.c1.snap.jpg,0.5232753
2022-02-07 19:30:00,/Volumes/Argus/unk/snap/c1/1644262200.c1.snap.jpg,0.51673144
2022-02-07 20:00:00,/Volumes/Argus/unk/snap/c1/1644264000.c1.snap.jpg,0.62536246
2022-02-07 20:30:00,/Volumes/Argus/unk/snap/c1/1644265800.c1.snap.jpg,0.6811545
2022-02-07 21:00:00,/Volumes/Argus/unk/snap/c1/1644267600.c1.snap.jpg,0.700014
2022-02-07 21:30:00,/Volumes/Argus/unk/snap/c1/1644269400.c1.snap.jpg,0.6968874
2022-02-07 22:00:00,/Volumes/Argus/unk/snap/c1/1644271200.c1.snap.jpg,0.67090106
2022-02-07 22:30:00,/Volumes/Argus/unk/snap/c1/1644273000.c1.snap.jpg,0.64309037
2022-02-07 23:00:00,/Volumes/Argus/unk/snap/c1/1644274800.c1.snap.jpg,0.5720645
2022-02-07 23:30:00,/Volumes/Argus/unk/snap/c1/1644276600.c1.snap.jpg,0.5336182
2022-02-08 00:00:00,/Volumes/Argus/unk/snap/c1/1644278400.c1.snap.jpg,0.50131005
2022-02-08 01:00:00,/Volumes/Argus/unk/snap/c1/1644282000.c1.snap.jpg,0.5552988
2022-02-08 01:30:00,/Volumes/Argus/unk/snap/c1/1644283800.c1.snap.jpg,0.59442556
2022-02-08 02:30:00,/Volumes/Argus/unk/snap/c1/1644287400.c1.snap.jpg,0.63869417
2022-02-08 03:00:00,/Volumes/Argus/unk/snap/c1/1644289200.c1.snap.jpg,0.586408
2022-02-08 04:00:00,/Volumes/Argus/unk/snap/c1/1644292800.c1.snap.jpg,0.6791905
2022-02-08 04:30:00,/Volumes/Argus/unk/snap/c1/1644294600.c1.snap.jpg,1.0589371
2022-02-08 17:00:00,/Volumes/Argus/unk/snap/c1/1644339600.c1.snap.jpg,1.776101
2022-02-08 17:30:00,/Volumes/Argus/unk/snap/c1/1644341400.c1.snap.jpg,1.7811999
2022-02-08 18:00:00,/Volumes/Argus/unk/snap/c1/1644343200.c1.snap.jpg,1.37981
2022-02-08 18:30:00,/Volumes/Argus/unk/snap/c1/1644345000.c1.snap.jpg,0.4254281
2022-02-08 19:00:00,/Volumes/Argus/unk/snap/c1/1644346800.c1.snap.jpg,0.4192883
2022-02-08 19:30:00,/Volumes/Argus/unk/snap/c1/1644348600.c1.snap.jpg,0.45425314
2022-02-08 20:00:00,/Volumes/Argus/unk/snap/c1/1644350400.c1.snap.jpg,0.42210123
2022-02-08 20:30:00,/Volumes/Argus/unk/snap/c1/1644352200.c1.snap.jpg,0.4008935
2022-02-08 21:00:00,/Volumes/Argus/unk/snap/c1/1644354000.c1.snap.jpg,0.38564226
2022-02-08 21:30:00,/Volumes/Argus/unk/snap/c1/1644355800.c1.snap.jpg,0.3876766
2022-02-08 22:00:00,/Volumes/Argus/unk/snap/c1/1644357600.c1.snap.jpg,0.41043687
2022-02-08 22:30:00,/Volumes/Argus/unk/snap/c1/1644359400.c1.snap.jpg,0.38635713
2022-02-08 23:00:00,/Volumes/Argus/unk/snap/c1/1644361200.c1.snap.jpg,0.38024306
2022-02-08 23:30:00,/Volumes/Argus/unk/snap/c1/1644363000.c1.snap.jpg,0.36318576
2022-02-09 00:30:00,/Volumes/Argus/unk/snap/c1/1644366600.c1.snap.jpg,0.49395397
2022-02-09 01:00:00,/Volumes/Argus/unk/snap/c1/1644368400.c1.snap.jpg,0.5147398
2022-02-09 01:30:00,/Volumes/Argus/unk/snap/c1/1644370200.c1.snap.jpg,0.5125747
2022-02-09 02:00:00,/Volumes/Argus/unk/snap/c1/1644372000.c1.snap.jpg,0.5143056
2022-02-09 02:30:00,/Volumes/Argus/unk/snap/c1/1644373800.c1.snap.jpg,0.4914044
2022-02-09 03:00:00,/Volumes/Argus/unk/snap/c1/1644375600.c1.snap.jpg,0.49206173
2022-02-09 03:30:00,/Volumes/Argus/unk/snap/c1/1644377400.c1.snap.jpg,0.4875087
2022-02-09 04:00:00,/Volumes/Argus/unk/snap/c1/1644379200.c1.snap.jpg,0.6898774
2022-02-09 04:30:00,/Volumes/Argus/unk/snap/c1/1644381000.c1.snap.jpg,1.3633898
2022-02-09 16:30:00,/Volumes/Argus/unk/snap/c1/1644424200.c1.snap.jpg,1.7598722
2022-02-09 17:00:00,/Volumes/Argus/unk/snap/c1/1644426000.c1.snap.jpg,1.8250661
2022-02-09 18:00:00,/Volumes/Argus/unk/snap/c1/1644429600.c1.snap.jpg,0.73363876
2022-02-09 18:30:00,/Volumes/Argus/unk/snap/c1/1644431400.c1.snap.jpg,0.51239234
2022-02-09 19:00:00,/Volumes/Argus/unk/snap/c1/1644433200.c1.snap.jpg,0.4531454
2022-02-09 19:30:00,/Volumes/Argus/unk/snap/c1/1644435000.c1.snap.jpg,0.5283796
2022-02-09 20:00:00,/Volumes/Argus/unk/snap/c1/1644436800.c1.snap.jpg,0.471895
2022-02-09 20:30:00,/Volumes/Argus/unk/snap/c1/1644438600.c1.snap.jpg,0.49711773
2022-02-09 21:00:00,/Volumes/Argus/unk/snap/c1/1644440400.c1.snap.jpg,0.4601662
2022-02-09 21:30:00,/Volumes/Argus/unk/snap/c1/1644442200.c1.snap.jpg,0.4161162
2022-02-09 22:00:00,/Volumes/Argus/unk/snap/c1/1644444000.c1.snap.jpg,0.48399228
2022-02-09 22:30:00,/Volumes/Argus/unk/snap/c1/1644445800.c1.snap.jpg,0.35280725
2022-02-09 23:00:00,/Volumes/Argus/unk/snap/c1/1644447600.c1.snap.jpg,0.4746073
2022-02-09 23:30:00,/Volumes/Argus/unk/snap/c1/1644449400.c1.snap.jpg,0.4629554
2022-02-10 00:00:00,/Volumes/Argus/unk/snap/c1/1644451200.c1.snap.jpg,0.39595878
2022-02-10 00:30:00,/Volumes/Argus/unk/snap/c1/1644453000.c1.snap.jpg,0.49525893
2022-02-10 01:00:00,/Volumes/Argus/unk/snap/c1/1644454800.c1.snap.jpg,0.49529302
2022-02-10 01:30:00,/Volumes/Argus/unk/snap/c1/1644456600.c1.snap.jpg,0.45369583
2022-02-10 02:00:00,/Volumes/Argus/unk/snap/c1/1644458400.c1.snap.jpg,0.4589784
2022-02-10 02:30:00,/Volumes/Argus/unk/snap/c1/1644460200.c1.snap.jpg,0.4903207
2022-02-10 03:00:00,/Volumes/Argus/unk/snap/c1/1644462000.c1.snap.jpg,0.46716905
2022-02-10 03:30:00,/Volumes/Argus/unk/snap/c1/1644463800.c1.snap.jpg,0.48575383
2022-02-10 04:00:00,/Volumes/Argus/unk/snap/c1/1644465600.c1.snap.jpg,0.52822804
2022-02-10 16:30:00,/Volumes/Argus/unk/snap/c1/1644510600.c1.snap.jpg,1.7842839
2022-02-10 17:00:00,/Volumes/Argus/unk/snap/c1/1644512400.c1.snap.jpg,1.6953881
2022-02-10 17:30:00,/Volumes/Argus/unk/snap/c1/1644514200.c1.snap.jpg,1.0835092
2022-02-10 18:00:00,/Volumes/Argus/unk/snap/c1/1644516000.c1.snap.jpg,0.63107824
2022-02-10 18:30:00,/Volumes/Argus/unk/snap/c1/1644517800.c1.snap.jpg,0.57570297
2022-02-10 19:30:00,/Volumes/Argus/unk/snap/c1/1644521400.c1.snap.jpg,0.5167168
2022-02-10 20:00:00,/Volumes/Argus/unk/snap/c1/1644523200.c1.snap.jpg,0.6091422
2022-02-10 20:30:00,/Volumes/Argus/unk/snap/c1/1644525000.c1.snap.jpg,0.59314376
2022-02-10 21:00:00,/Volumes/Argus/unk/snap/c1/1644526800.c1.snap.jpg,0.61505663
2022-02-10 21:30:00,/Volumes/Argus/unk/snap/c1/1644528600.c1.snap.jpg,0.5600844
2022-02-10 22:00:00,/Volumes/Argus/unk/snap/c1/1644530400.c1.snap.jpg,0.5289296
2022-02-10 22:30:00,/Volumes/Argus/unk/snap/c1/1644532200.c1.snap.jpg,0.45076716
2022-02-10 23:00:00,/Volumes/Argus/unk/snap/c1/1644534000.c1.snap.jpg,0.42857718
2022-02-10 23:30:00,/Volumes/Argus/unk/snap/c1/1644535800.c1.snap.jpg,0.43825397
2022-02-11 00:00:00,/Volumes/Argus/unk/snap/c1/1644537600.c1.snap.jpg,0.45242268
2022-02-11 00:30:00,/Volumes/Argus/unk/snap/c1/1644539400.c1.snap.jpg,0.47942573
2022-02-11 01:00:00,/Volumes/Argus/unk/snap/c1/1644541200.c1.snap.jpg,0.58619165
2022-02-11 01:30:00,/Volumes/Argus/unk/snap/c1/1644543000.c1.snap.jpg,0.6912092
2022-02-11 02:00:00,/Volumes/Argus/unk/snap/c1/1644544800.c1.snap.jpg,0.7214471
2022-02-11 02:30:00,/Volumes/Argus/unk/snap/c1/1644546600.c1.snap.jpg,0.71880245
2022-02-11 03:00:00,/Volumes/Argus/unk/snap/c1/1644548400.c1.snap.jpg,0.55451834
2022-02-11 03:30:00,/Volumes/Argus/unk/snap/c1/1644550200.c1.snap.jpg,0.49341995
2022-02-11 04:30:00,/Volumes/Argus/unk/snap/c1/1644553800.c1.snap.jpg,0.74035275
2022-02-11 16:30:00,/Volumes/Argus/unk/snap/c1/1644597000.c1.snap.jpg,1.5804876
2022-02-11 17:00:00,/Volumes/Argus/unk/snap/c1/1644598800.c1.snap.jpg,1.8773104
2022-02-11 17:30:00,/Volumes/Argus/unk/snap/c1/1644600600.c1.snap.jpg,1.5527201
2022-02-11 18:00:00,/Volumes/Argus/unk/snap/c1/1644602400.c1.snap.jpg,0.6888858
2022-02-11 18:30:00,/Volumes/Argus/unk/snap/c1/1644604200.c1.snap.jpg,0.67983055
2022-02-11 19:00:00,/Volumes/Argus/unk/snap/c1/1644606000.c1.snap.jpg,0.58309036
2022-02-11 19:30:00,/Volumes/Argus/unk/snap/c1/1644607800.c1.snap.jpg,0.55028677
2022-02-11 20:00:00,/Volumes/Argus/unk/snap/c1/1644609600.c1.snap.jpg,0.6094987
2022-02-11 20:30:00,/Volumes/Argus/unk/snap/c1/1644611400.c1.snap.jpg,0.54897547
2022-02-11 21:00:00,/Volumes/Argus/unk/snap/c1/1644613200.c1.snap.jpg,0.5519529
2022-02-11 21:30:00,/Volumes/Argus/unk/snap/c1/1644615000.c1.snap.jpg,0.5313841
2022-02-11 22:00:00,/Volumes/Argus/unk/snap/c1/1644616800.c1.snap.jpg,0.6100382
2022-02-11 22:30:00,/Volumes/Argus/unk/snap/c1/1644618600.c1.snap.jpg,0.45791835
2022-02-11 23:00:00,/Volumes/Argus/unk/snap/c1/1644620400.c1.snap.jpg,0.47444254
2022-02-11 23:30:00,/Volumes/Argus/unk/snap/c1/1644622200.c1.snap.jpg,0.59044266
2022-02-12 00:00:00,/Volumes/Argus/unk/snap/c1/1644624000.c1.snap.jpg,0.573313
2022-02-12 00:30:00,/Volumes/Argus/unk/snap/c1/1644625800.c1.snap.jpg,0.5845275
2022-02-12 01:00:00,/Volumes/Argus/unk/snap/c1/1644627600.c1.snap.jpg,0.50378615
2022-02-12 01:30:00,/Volumes/Argus/unk/snap/c1/1644629400.c1.snap.jpg,0.5527601
2022-02-12 02:00:00,/Volumes/Argus/unk/snap/c1/1644631200.c1.snap.jpg,0.5219917
2022-02-12 02:30:00,/Volumes/Argus/unk/snap/c1/1644633000.c1.snap.jpg,0.6227783
2022-02-12 03:00:00,/Volumes/Argus/unk/snap/c1/1644634800.c1.snap.jpg,0.6334492
2022-02-12 03:30:00,/Volumes/Argus/unk/snap/c1/1644636600.c1.snap.jpg,0.5371687
2022-02-12 04:00:00,/Volumes/Argus/unk/snap/c1/1644638400.c1.snap.jpg,0.61960423
2022-02-12 04:30:00,/Volumes/Argus/unk/snap/c1/1644640200.c1.snap.jpg,1.8621247
2022-02-12 16:30:00,/Volumes/Argus/unk/snap/c1/1644683400.c1.snap.jpg,1.3360442
2022-02-12 17:00:00,/Volumes/Argus/unk/snap/c1/1644685200.c1.snap.jpg,1.8159069
2022-02-12 17:30:00,/Volumes/Argus/unk/snap/c1/1644687000.c1.snap.jpg,1.7753707
2022-02-12 18:00:00,/Volumes/Argus/unk/snap/c1/1644688800.c1.snap.jpg,0.6661982
2022-02-12 18:30:00,/Volumes/Argus/unk/snap/c1/1644690600.c1.snap.jpg,0.49851054
2022-02-12 19:00:00,/Volumes/Argus/unk/snap/c1/1644692400.c1.snap.jpg,0.4636407
2022-02-12 19:30:00,/Volumes/Argus/unk/snap/c1/1644694200.c1.snap.jpg,0.4699542
2022-02-12 20:00:00,/Volumes/Argus/unk/snap/c1/1644696000.c1.snap.jpg,0.49401778
2022-02-12 21:00:00,/Volumes/Argus/unk/snap/c1/1644699600.c1.snap.jpg,0.38933235
2022-02-12 21:30:00,/Volumes/Argus/unk/snap/c1/1644701400.c1.snap.jpg,0.36654282
2022-02-12 22:00:00,/Volumes/Argus/unk/snap/c1/1644703200.c1.snap.jpg,0.4406716
2022-02-12 22:30:00,/Volumes/Argus/unk/snap/c1/1644705000.c1.snap.jpg,0.46287182
2022-02-12 23:00:00,/Volumes/Argus/unk/snap/c1/1644706800.c1.snap.jpg,0.4486655
2022-02-12 23:30:00,/Volumes/Argus/unk/snap/c1/1644708600.c1.snap.jpg,0.45526135
2022-02-13 00:00:00,/Volumes/Argus/unk/snap/c1/1644710400.c1.snap.jpg,0.44037133
2022-02-13 00:30:00,/Volumes/Argus/unk/snap/c1/1644712200.c1.snap.jpg,0.43374836
2022-02-13 01:00:00,/Volumes/Argus/unk/snap/c1/1644714000.c1.snap.jpg,0.39455926
2022-02-13 01:30:00,/Volumes/Argus/unk/snap/c1/1644715800.c1.snap.jpg,0.4418341
2022-02-13 02:00:00,/Volumes/Argus/unk/snap/c1/1644717600.c1.snap.jpg,0.42274204
2022-02-13 02:30:00,/Volumes/Argus/unk/snap/c1/1644719400.c1.snap.jpg,0.4176811
2022-02-13 03:00:00,/Volumes/Argus/unk/snap/c1/1644721200.c1.snap.jpg,0.45960823
2022-02-13 03:30:00,/Volumes/Argus/unk/snap/c1/1644723000.c1.snap.jpg,0.47173
2022-02-13 04:00:00,/Volumes/Argus/unk/snap/c1/1644724800.c1.snap.jpg,0.5096584
2022-02-13 04:30:00,/Volumes/Argus/unk/snap/c1/1644726600.c1.snap.jpg,1.8510047
2022-02-13 16:30:00,/Volumes/Argus/unk/snap/c1/1644769800.c1.snap.jpg,1.8111709
2022-02-13 17:00:00,/Volumes/Argus/unk/snap/c1/1644771600.c1.snap.jpg,1.7099826
2022-02-13 17:30:00,/Volumes/Argus/unk/snap/c1/1644773400.c1.snap.jpg,1.1552669
2022-02-13 18:00:00,/Volumes/Argus/unk/snap/c1/1644775200.c1.snap.jpg,0.5362394
2022-02-13 18:30:00,/Volumes/Argus/unk/snap/c1/1644777000.c1.snap.jpg,0.63411987
2022-02-13 19:00:00,/Volumes/Argus/unk/snap/c1/1644778800.c1.snap.jpg,0.615873
2022-02-13 20:00:00,/Volumes/Argus/unk/snap/c1/1644782400.c1.snap.jpg,0.59133655
2022-02-13 20:30:00,/Volumes/Argus/unk/snap/c1/1644784200.c1.snap.jpg,0.5332186
2022-02-13 21:00:00,/Volumes/Argus/unk/snap/c1/1644786000.c1.snap.jpg,0.560519
2022-02-13 21:30:00,/Volumes/Argus/unk/snap/c1/1644787800.c1.snap.jpg,0.4960669
2022-02-13 22:30:00,/Volumes/Argus/unk/snap/c1/1644791400.c1.snap.jpg,0.51678157
2022-02-13 23:00:00,/Volumes/Argus/unk/snap/c1/1644793200.c1.snap.jpg,0.5339354
2022-02-13 23:30:00,/Volumes/Argus/unk/snap/c1/1644795000.c1.snap.jpg,0.53232414
2022-02-14 00:00:00,/Volumes/Argus/unk/snap/c1/1644796800.c1.snap.jpg,0.53010607
2022-02-14 00:30:00,/Volumes/Argus/unk/snap/c1/1644798600.c1.snap.jpg,0.54731715
2022-02-14 01:00:00,/Volumes/Argus/unk/snap/c1/1644800400.c1.snap.jpg,0.56859684
2022-02-14 01:30:00,/Volumes/Argus/unk/snap/c1/1644802200.c1.snap.jpg,0.6348555
2022-02-14 02:00:00,/Volumes/Argus/unk/snap/c1/1644804000.c1.snap.jpg,0.7434953
2022-02-14 02:30:00,/Volumes/Argus/unk/snap/c1/1644805800.c1.snap.jpg,0.8295359
2022-02-14 03:00:00,/Volumes/Argus/unk/snap/c1/1644807600.c1.snap.jpg,0.92727876
2022-02-14 04:00:00,/Volumes/Argus/unk/snap/c1/1644811200.c1.snap.jpg,0.86260945
2022-02-14 04:30:00,/Volumes/Argus/unk/snap/c1/1644813000.c1.snap.jpg,1.2212349
2022-02-14 16:30:00,/Volumes/Argus/unk/snap/c1/1644856200.c1.snap.jpg,1.711545
2022-02-14 17:00:00,/Volumes/Argus/unk/snap/c1/1644858000.c1.snap.jpg,1.3588555
2022-02-14 17:30:00,/Volumes/Argus/unk/snap/c1/1644859800.c1.snap.jpg,0.93259656
2022-02-14 18:00:00,/Volumes/Argus/unk/snap/c1/1644861600.c1.snap.jpg,0.623782
2022-02-14 18:30:00,/Volumes/Argus/unk/snap/c1/1644863400.c1.snap.jpg,0.6023408
2022-02-14 19:00:00,/Volumes/Argus/unk/snap/c1/1644865200.c1.snap.jpg,0.55649245
2022-02-14 19:30:00,/Volumes/Argus/unk/snap/c1/1644867000.c1.snap.jpg,0.5748508
2022-02-14 20:00:00,/Volumes/Argus/unk/snap/c1/1644868800.c1.snap.jpg,0.65009916
2022-02-14 20:30:00,/Volumes/Argus/unk/snap/c1/1644870600.c1.snap.jpg,0.5871886
2022-02-14 21:00:00,/Volumes/Argus/unk/snap/c1/1644872400.c1.snap.jpg,0.6660771
2022-02-14 21:30:00,/Volumes/Argus/unk/snap/c1/1644874200.c1.snap.jpg,0.58040416
2022-02-14 22:00:00,/Volumes/Argus/unk/snap/c1/1644876000.c1.snap.jpg,0.5066855
2022-02-14 22:30:00,/Volumes/Argus/unk/snap/c1/1644877800.c1.snap.jpg,0.5033154
2022-02-14 23:00:00,/Volumes/Argus/unk/snap/c1/1644879600.c1.snap.jpg,0.53933156
2022-02-14 23:30:00,/Volumes/Argus/unk/snap/c1/1644881400.c1.snap.jpg,0.49042088
2022-02-15 00:00:00,/Volumes/Argus/unk/snap/c1/1644883200.c1.snap.jpg,0.51439023
2022-02-15 00:30:00,/Volumes/Argus/unk/snap/c1/1644885000.c1.snap.jpg,0.52878547
2022-02-15 01:00:00,/Volumes/Argus/unk/snap/c1/1644886800.c1.snap.jpg,0.44693932
2022-02-15 01:30:00,/Volumes/Argus/unk/snap/c1/1644888600.c1.snap.jpg,0.44618353
2022-02-15 02:00:00,/Volumes/Argus/unk/snap/c1/1644890400.c1.snap.jpg,0.4955779
2022-02-15 03:00:00,/Volumes/Argus/unk/snap/c1/1644894000.c1.snap.jpg,0.5146726
2022-02-15 04:00:00,/Volumes/Argus/unk/snap/c1/1644897600.c1.snap.jpg,0.5868808
2022-02-15 04:30:00,/Volumes/Argus/unk/snap/c1/1644899400.c1.snap.jpg,0.8893565
2022-02-15 16:30:00,/Volumes/Argus/unk/snap/c1/1644942600.c1.snap.jpg,1.2868052
2022-02-15 17:00:00,/Volumes/Argus/unk/snap/c1/1644944400.c1.snap.jpg,1.5525812
2022-02-15 17:30:00,/Volumes/Argus/unk/snap/c1/1644946200.c1.snap.jpg,1.4727788
2022-02-15 18:00:00,/Volumes/Argus/unk/snap/c1/1644948000.c1.snap.jpg,0.6627681
2022-02-15 18:30:00,/Volumes/Argus/unk/snap/c1/1644949800.c1.snap.jpg,0.5854791
2022-02-15 19:00:00,/Volumes/Argus/unk/snap/c1/1644951600.c1.snap.jpg,0.5823262
2022-02-15 19:30:00,/Volumes/Argus/unk/snap/c1/1644953400.c1.snap.jpg,0.5369991
2022-02-15 20:00:00,/Volumes/Argus/unk/snap/c1/1644955200.c1.snap.jpg,0.45702153
2022-02-15 20:30:00,/Volumes/Argus/unk/snap/c1/1644957000.c1.snap.jpg,0.5072519
2022-02-15 21:00:00,/Volumes/Argus/unk/snap/c1/1644958800.c1.snap.jpg,0.49245682
2022-02-15 21:30:00,/Volumes/Argus/unk/snap/c1/1644960600.c1.snap.jpg,0.6174326
2022-02-15 22:00:00,/Volumes/Argus/unk/snap/c1/1644962400.c1.snap.jpg,0.46542615
2022-02-15 22:30:00,/Volumes/Argus/unk/snap/c1/1644964200.c1.snap.jpg,0.51842725
2022-02-15 23:00:00,/Volumes/Argus/unk/snap/c1/1644966000.c1.snap.jpg,0.520005
2022-02-15 23:30:00,/Volumes/Argus/unk/snap/c1/1644967800.c1.snap.jpg,0.5318489
2022-02-16 00:00:00,/Volumes/Argus/unk/snap/c1/1644969600.c1.snap.jpg,0.5431591
2022-02-16 00:30:00,/Volumes/Argus/unk/snap/c1/1644971400.c1.snap.jpg,0.5237174
2022-02-16 01:00:00,/Volumes/Argus/unk/snap/c1/1644973200.c1.snap.jpg,0.5692899
2022-02-16 01:30:00,/Volumes/Argus/unk/snap/c1/1644975000.c1.snap.jpg,0.6366067
2022-02-16 02:00:00,/Volumes/Argus/unk/snap/c1/1644976800.c1.snap.jpg,0.70306176
2022-02-16 02:30:00,/Volumes/Argus/unk/snap/c1/1644978600.c1.snap.jpg,0.6633253
2022-02-16 03:00:00,/Volumes/Argus/unk/snap/c1/1644980400.c1.snap.jpg,0.62564296
2022-02-16 03:30:00,/Volumes/Argus/unk/snap/c1/1644982200.c1.snap.jpg,0.54782224
2022-02-16 04:00:00,/Volumes/Argus/unk/snap/c1/1644984000.c1.snap.jpg,0.5729725
2022-02-16 04:30:00,/Volumes/Argus/unk/snap/c1/1644985800.c1.snap.jpg,0.7653987
2022-02-17 16:30:00,/Volumes/Argus/unk/snap/c1/1645115400.c1.snap.jpg,1.5077418
2022-02-17 17:00:00,/Volumes/Argus/unk/snap/c1/1645117200.c1.snap.jpg,1.856344
2022-02-17 17:30:00,/Volumes/Argus/unk/snap/c1/1645119000.c1.snap.jpg,0.6309081
2022-02-17 18:00:00,/Volumes/Argus/unk/snap/c1/1645120800.c1.snap.jpg,0.58169276
2022-02-17 18:30:00,/Volumes/Argus/unk/snap/c1/1645122600.c1.snap.jpg,0.405986
2022-02-17 19:00:00,/Volumes/Argus/unk/snap/c1/1645124400.c1.snap.jpg,0.46776393
2022-02-17 19:30:00,/Volumes/Argus/unk/snap/c1/1645126200.c1.snap.jpg,0.5029085
2022-02-17 20:00:00,/Volumes/Argus/unk/snap/c1/1645128000.c1.snap.jpg,0.454615
2022-02-17 20:30:00,/Volumes/Argus/unk/snap/c1/1645129800.c1.snap.jpg,0.44248772
2022-02-17 21:00:00,/Volumes/Argus/unk/snap/c1/1645131600.c1.snap.jpg,0.45815873
2022-02-17 21:30:00,/Volumes/Argus/unk/snap/c1/1645133400.c1.snap.jpg,0.39781925
2022-02-17 22:00:00,/Volumes/Argus/unk/snap/c1/1645135200.c1.snap.jpg,0.4392585
2022-02-17 22:30:00,/Volumes/Argus/unk/snap/c1/1645137000.c1.snap.jpg,0.406925
2022-02-17 23:00:00,/Volumes/Argus/unk/snap/c1/1645138800.c1.snap.jpg,0.43105194
2022-02-17 23:30:00,/Volumes/Argus/unk/snap/c1/1645140600.c1.snap.jpg,0.45718575
2022-02-18 00:00:00,/Volumes/Argus/unk/snap/c1/1645142400.c1.snap.jpg,0.44738984
2022-02-18 00:30:00,/Volumes/Argus/unk/snap/c1/1645144200.c1.snap.jpg,0.44827598
2022-02-18 01:00:00,/Volumes/Argus/unk/snap/c1/1645146000.c1.snap.jpg,0.4473132
2022-02-18 01:30:00,/Volumes/Argus/unk/snap/c1/1645147800.c1.snap.jpg,0.46907473
2022-02-18 02:00:00,/Volumes/Argus/unk/snap/c1/1645149600.c1.snap.jpg,0.47339815
2022-02-18 02:30:00,/Volumes/Argus/unk/snap/c1/1645151400.c1.snap.jpg,0.39988774
2022-02-18 03:00:00,/Volumes/Argus/unk/snap/c1/1645153200.c1.snap.jpg,0.42479667
2022-02-18 04:00:00,/Volumes/Argus/unk/snap/c1/1645156800.c1.snap.jpg,0.5351728
2022-02-18 04:30:00,/Volumes/Argus/unk/snap/c1/1645158600.c1.snap.jpg,1.7665266
2022-02-18 16:30:00,/Volumes/Argus/unk/snap/c1/1645201800.c1.snap.jpg,0.567485
2022-02-18 17:30:00,/Volumes/Argus/unk/snap/c1/1645205400.c1.snap.jpg,0.82814854
2022-02-18 18:00:00,/Volumes/Argus/unk/snap/c1/1645207200.c1.snap.jpg,0.67270637
2022-02-18 18:30:00,/Volumes/Argus/unk/snap/c1/1645209000.c1.snap.jpg,0.48220813
2022-02-18 19:00:00,/Volumes/Argus/unk/snap/c1/1645210800.c1.snap.jpg,0.33912873
2022-02-18 19:30:00,/Volumes/Argus/unk/snap/c1/1645212600.c1.snap.jpg,0.49278802
2022-02-18 20:00:00,/Volumes/Argus/unk/snap/c1/1645214400.c1.snap.jpg,0.5674858
2022-02-18 20:30:00,/Volumes/Argus/unk/snap/c1/1645216200.c1.snap.jpg,0.47986388
2022-02-18 21:00:00,/Volumes/Argus/unk/snap/c1/1645218000.c1.snap.jpg,0.47349548
2022-02-18 21:30:00,/Volumes/Argus/unk/snap/c1/1645219800.c1.snap.jpg,0.43445677
2022-02-18 22:00:00,/Volumes/Argus/unk/snap/c1/1645221600.c1.snap.jpg,0.48057964
2022-02-18 22:30:00,/Volumes/Argus/unk/snap/c1/1645223400.c1.snap.jpg,0.44620958
2022-02-18 23:00:00,/Volumes/Argus/unk/snap/c1/1645225200.c1.snap.jpg,0.41967726
2022-02-18 23:30:00,/Volumes/Argus/unk/snap/c1/1645227000.c1.snap.jpg,0.40186918
2022-02-19 00:00:00,/Volumes/Argus/unk/snap/c1/1645228800.c1.snap.jpg,0.42006344
2022-02-19 00:30:00,/Volumes/Argus/unk/snap/c1/1645230600.c1.snap.jpg,0.50290006
2022-02-19 01:00:00,/Volumes/Argus/unk/snap/c1/1645232400.c1.snap.jpg,0.5805601
2022-02-19 01:30:00,/Volumes/Argus/unk/snap/c1/1645234200.c1.snap.jpg,0.6085992
2022-02-19 02:00:00,/Volumes/Argus/unk/snap/c1/1645236000.c1.snap.jpg,0.7042138
2022-02-19 02:30:00,/Volumes/Argus/unk/snap/c1/1645237800.c1.snap.jpg,0.7478322
2022-02-19 03:00:00,/Volumes/Argus/unk/snap/c1/1645239600.c1.snap.jpg,0.72774595
2022-02-19 03:30:00,/Volumes/Argus/unk/snap/c1/1645241400.c1.snap.jpg,0.79136866
2022-02-19 04:00:00,/Volumes/Argus/unk/snap/c1/1645243200.c1.snap.jpg,0.8528698
2022-02-19 04:30:00,/Volumes/Argus/unk/snap/c1/1645245000.c1.snap.jpg,0.80602944
2022-02-19 16:30:00,/Volumes/Argus/unk/snap/c1/1645288200.c1.snap.jpg,0.9719404
2022-02-19 17:00:00,/Volumes/Argus/unk/snap/c1/1645290000.c1.snap.jpg,0.6065689
2022-02-19 17:30:00,/Volumes/Argus/unk/snap/c1/1645291800.c1.snap.jpg,0.6939839
2022-02-19 18:00:00,/Volumes/Argus/unk/snap/c1/1645293600.c1.snap.jpg,0.5948289
2022-02-19 18:30:00,/Volumes/Argus/unk/snap/c1/1645295400.c1.snap.jpg,0.48883766
2022-02-19 19:00:00,/Volumes/Argus/unk/snap/c1/1645297200.c1.snap.jpg,0.47005656
2022-02-19 19:30:00,/Volumes/Argus/unk/snap/c1/1645299000.c1.snap.jpg,0.567995
2022-02-19 20:00:00,/Volumes/Argus/unk/snap/c1/1645300800.c1.snap.jpg,0.52824485
2022-02-19 20:30:00,/Volumes/Argus/unk/snap/c1/1645302600.c1.snap.jpg,0.5671937
2022-02-19 21:00:00,/Volumes/Argus/unk/snap/c1/1645304400.c1.snap.jpg,0.51777387
2022-02-19 21:30:00,/Volumes/Argus/unk/snap/c1/1645306200.c1.snap.jpg,0.5281934
2022-02-19 22:00:00,/Volumes/Argus/unk/snap/c1/1645308000.c1.snap.jpg,0.5379269
2022-02-19 22:30:00,/Volumes/Argus/unk/snap/c1/1645309800.c1.snap.jpg,0.5769314
2022-02-19 23:00:00,/Volumes/Argus/unk/snap/c1/1645311600.c1.snap.jpg,0.52857494
2022-02-19 23:30:00,/Volumes/Argus/unk/snap/c1/1645313400.c1.snap.jpg,0.4336208
2022-02-20 00:00:00,/Volumes/Argus/unk/snap/c1/1645315200.c1.snap.jpg,0.49703693
2022-02-20 00:30:00,/Volumes/Argus/unk/snap/c1/1645317000.c1.snap.jpg,0.47233194
2022-02-20 01:00:00,/Volumes/Argus/unk/snap/c1/1645318800.c1.snap.jpg,0.529265
2022-02-20 01:30:00,/Volumes/Argus/unk/snap/c1/1645320600.c1.snap.jpg,0.61138594
2022-02-20 02:00:00,/Volumes/Argus/unk/snap/c1/1645322400.c1.snap.jpg,0.5613411
2022-02-20 02:30:00,/Volumes/Argus/unk/snap/c1/1645324200.c1.snap.jpg,0.6092814
2022-02-20 03:30:00,/Volumes/Argus/unk/snap/c1/1645327800.c1.snap.jpg,0.48303562
2022-02-20 04:00:00,/Volumes/Argus/unk/snap/c1/1645329600.c1.snap.jpg,0.5327661
2022-02-20 04:30:00,/Volumes/Argus/unk/snap/c1/1645331400.c1.snap.jpg,0.6901299
2022-02-20 16:30:00,/Volumes/Argus/unk/snap/c1/1645374600.c1.snap.jpg,1.1022362
2022-02-20 17:00:00,/Volumes/Argus/unk/snap/c1/1645376400.c1.snap.jpg,1.8134638
2022-02-20 17:30:00,/Volumes/Argus/unk/snap/c1/1645378200.c1.snap.jpg,0.78876233
2022-02-20 18:00:00,/Volumes/Argus/unk/snap/c1/1645380000.c1.snap.jpg,0.6233116
2022-02-20 18:30:00,/Volumes/Argus/unk/snap/c1/1645381800.c1.snap.jpg,0.6476318
2022-02-20 19:00:00,/Volumes/Argus/unk/snap/c1/1645383600.c1.snap.jpg,0.47312948
2022-02-20 19:30:00,/Volumes/Argus/unk/snap/c1/1645385400.c1.snap.jpg,0.6042252
2022-02-20 20:00:00,/Volumes/Argus/unk/snap/c1/1645387200.c1.snap.jpg,0.48528606
2022-02-20 20:30:00,/Volumes/Argus/unk/snap/c1/1645389000.c1.snap.jpg,0.4219524
2022-02-20 21:00:00,/Volumes/Argus/unk/snap/c1/1645390800.c1.snap.jpg,0.50340295
2022-02-20 21:30:00,/Volumes/Argus/unk/snap/c1/1645392600.c1.snap.jpg,0.5035552
2022-02-20 22:00:00,/Volumes/Argus/unk/snap/c1/1645394400.c1.snap.jpg,0.49836498
2022-02-20 23:00:00,/Volumes/Argus/unk/snap/c1/1645398000.c1.snap.jpg,0.634518
2022-02-20 23:30:00,/Volumes/Argus/unk/snap/c1/1645399800.c1.snap.jpg,0.48890275
2022-02-21 00:00:00,/Volumes/Argus/unk/snap/c1/1645401600.c1.snap.jpg,0.47956324
2022-02-21 00:30:00,/Volumes/Argus/unk/snap/c1/1645403400.c1.snap.jpg,0.42724416
2022-02-21 01:00:00,/Volumes/Argus/unk/snap/c1/1645405200.c1.snap.jpg,0.458673
2022-02-21 01:30:00,/Volumes/Argus/unk/snap/c1/1645407000.c1.snap.jpg,0.47560656
2022-02-21 03:30:00,/Volumes/Argus/unk/snap/c1/1645414200.c1.snap.jpg,0.49279416
2022-02-21 04:00:00,/Volumes/Argus/unk/snap/c1/1645416000.c1.snap.jpg,0.48394552
2022-02-21 04:30:00,/Volumes/Argus/unk/snap/c1/1645417800.c1.snap.jpg,0.59112835
2022-02-21 16:30:00,/Volumes/Argus/unk/snap/c1/1645461000.c1.snap.jpg,1.7802635
2022-02-21 18:00:00,/Volumes/Argus/unk/snap/c1/1645466400.c1.snap.jpg,0.8773724
2022-02-21 18:30:00,/Volumes/Argus/unk/snap/c1/1645468200.c1.snap.jpg,0.7344023
2022-02-21 19:00:00,/Volumes/Argus/unk/snap/c1/1645470000.c1.snap.jpg,0.81036234
2022-02-21 19:30:00,/Volumes/Argus/unk/snap/c1/1645471800.c1.snap.jpg,0.672739
2022-02-21 20:00:00,/Volumes/Argus/unk/snap/c1/1645473600.c1.snap.jpg,0.59390897
2022-02-21 20:30:00,/Volumes/Argus/unk/snap/c1/1645475400.c1.snap.jpg,0.6415287
2022-02-21 21:00:00,/Volumes/Argus/unk/snap/c1/1645477200.c1.snap.jpg,0.65616065
2022-02-21 21:30:00,/Volumes/Argus/unk/snap/c1/1645479000.c1.snap.jpg,0.72390425
2022-02-21 22:00:00,/Volumes/Argus/unk/snap/c1/1645480800.c1.snap.jpg,0.811713
2022-02-21 22:30:00,/Volumes/Argus/unk/snap/c1/1645482600.c1.snap.jpg,0.55064815
2022-02-21 23:00:00,/Volumes/Argus/unk/snap/c1/1645484400.c1.snap.jpg,0.5967435
2022-02-21 23:30:00,/Volumes/Argus/unk/snap/c1/1645486200.c1.snap.jpg,0.5404214
2022-02-22 00:00:00,/Volumes/Argus/unk/snap/c1/1645488000.c1.snap.jpg,0.6591833
2022-02-22 00:30:00,/Volumes/Argus/unk/snap/c1/1645489800.c1.snap.jpg,0.51190895
2022-02-22 01:00:00,/Volumes/Argus/unk/snap/c1/1645491600.c1.snap.jpg,0.48903018
2022-02-22 01:30:00,/Volumes/Argus/unk/snap/c1/1645493400.c1.snap.jpg,0.486661
2022-02-22 02:00:00,/Volumes/Argus/unk/snap/c1/1645495200.c1.snap.jpg,0.5103431
2022-02-22 03:00:00,/Volumes/Argus/unk/snap/c1/1645498800.c1.snap.jpg,0.46011692
2022-02-22 03:30:00,/Volumes/Argus/unk/snap/c1/1645500600.c1.snap.jpg,0.4293142
2022-02-22 04:00:00,/Volumes/Argus/unk/snap/c1/1645502400.c1.snap.jpg,0.5258497
2022-02-22 04:30:00,/Volumes/Argus/unk/snap/c1/1645504200.c1.snap.jpg,0.7423502
2022-02-22 16:30:00,/Volumes/Argus/unk/snap/c1/1645547400.c1.snap.jpg,1.7360138
2022-02-22 17:00:00,/Volumes/Argus/unk/snap/c1/1645549200.c1.snap.jpg,1.0307529
2022-02-22 17:30:00,/Volumes/Argus/unk/snap/c1/1645551000.c1.snap.jpg,0.64580035
2022-02-22 18:00:00,/Volumes/Argus/unk/snap/c1/1645552800.c1.snap.jpg,0.69480455
2022-02-22 19:00:00,/Volumes/Argus/unk/snap/c1/1645556400.c1.snap.jpg,0.661396
2022-02-22 19:30:00,/Volumes/Argus/unk/snap/c1/1645558200.c1.snap.jpg,0.60225344
2022-02-22 20:00:00,/Volumes/Argus/unk/snap/c1/1645560000.c1.snap.jpg,0.79714346
2022-02-22 20:30:00,/Volumes/Argus/unk/snap/c1/1645561800.c1.snap.jpg,0.729216
2022-02-22 21:00:00,/Volumes/Argus/unk/snap/c1/1645563600.c1.snap.jpg,0.7130581
2022-02-22 21:30:00,/Volumes/Argus/unk/snap/c1/1645565400.c1.snap.jpg,0.622412
2022-02-22 22:00:00,/Volumes/Argus/unk/snap/c1/1645567200.c1.snap.jpg,0.49934238
2022-02-22 23:00:00,/Volumes/Argus/unk/snap/c1/1645570800.c1.snap.jpg,0.49451825
2022-02-22 23:30:00,/Volumes/Argus/unk/snap/c1/1645572600.c1.snap.jpg,0.680247
2022-02-23 00:00:00,/Volumes/Argus/unk/snap/c1/1645574400.c1.snap.jpg,0.56610525
2022-02-23 00:30:00,/Volumes/Argus/unk/snap/c1/1645576200.c1.snap.jpg,0.5409936
2022-02-23 01:00:00,/Volumes/Argus/unk/snap/c1/1645578000.c1.snap.jpg,0.6403241
2022-02-23 01:30:00,/Volumes/Argus/unk/snap/c1/1645579800.c1.snap.jpg,0.692697
2022-02-23 02:00:00,/Volumes/Argus/unk/snap/c1/1645581600.c1.snap.jpg,0.71264386
2022-02-23 03:00:00,/Volumes/Argus/unk/snap/c1/1645585200.c1.snap.jpg,0.71897066
2022-02-23 03:30:00,/Volumes/Argus/unk/snap/c1/1645587000.c1.snap.jpg,0.548977
2022-02-23 04:00:00,/Volumes/Argus/unk/snap/c1/1645588800.c1.snap.jpg,0.55298936
2022-02-23 04:30:00,/Volumes/Argus/unk/snap/c1/1645590600.c1.snap.jpg,0.63893336
2022-02-23 16:30:00,/Volumes/Argus/unk/snap/c1/1645633800.c1.snap.jpg,1.365127
2022-02-23 17:00:00,/Volumes/Argus/unk/snap/c1/1645635600.c1.snap.jpg,1.6276466
2022-02-23 17:30:00,/Volumes/Argus/unk/snap/c1/1645637400.c1.snap.jpg,0.71906215
2022-02-23 18:00:00,/Volumes/Argus/unk/snap/c1/1645639200.c1.snap.jpg,0.6932091
2022-02-23 18:30:00,/Volumes/Argus/unk/snap/c1/1645641000.c1.snap.jpg,0.7119642
2022-02-23 19:00:00,/Volumes/Argus/unk/snap/c1/1645642800.c1.snap.jpg,0.7006538
2022-02-23 19:30:00,/Volumes/Argus/unk/snap/c1/1645644600.c1.snap.jpg,0.73472387
2022-02-23 20:00:00,/Volumes/Argus/unk/snap/c1/1645646400.c1.snap.jpg,0.7378632
2022-02-23 20:30:00,/Volumes/Argus/unk/snap/c1/1645648200.c1.snap.jpg,0.6924587
2022-02-23 21:00:00,/Volumes/Argus/unk/snap/c1/1645650000.c1.snap.jpg,0.6027959
2022-02-23 21:30:00,/Volumes/Argus/unk/snap/c1/1645651800.c1.snap.jpg,0.67653733
2022-02-23 22:00:00,/Volumes/Argus/unk/snap/c1/1645653600.c1.snap.jpg,0.6838943
2022-02-23 22:30:00,/Volumes/Argus/unk/snap/c1/1645655400.c1.snap.jpg,0.66308963
2022-02-23 23:00:00,/Volumes/Argus/unk/snap/c1/1645657200.c1.snap.jpg,0.76077163
2022-02-23 23:30:00,/Volumes/Argus/unk/snap/c1/1645659000.c1.snap.jpg,0.6273598
2022-02-24 00:00:00,/Volumes/Argus/unk/snap/c1/1645660800.c1.snap.jpg,0.7532952
2022-02-24 00:30:00,/Volumes/Argus/unk/snap/c1/1645662600.c1.snap.jpg,0.7032645
2022-02-24 01:00:00,/Volumes/Argus/unk/snap/c1/1645664400.c1.snap.jpg,0.6346029
2022-02-24 01:30:00,/Volumes/Argus/unk/snap/c1/1645666200.c1.snap.jpg,0.6859784
2022-02-24 02:00:00,/Volumes/Argus/unk/snap/c1/1645668000.c1.snap.jpg,0.74502885
2022-02-24 02:30:00,/Volumes/Argus/unk/snap/c1/1645669800.c1.snap.jpg,0.72645664
2022-02-24 03:30:00,/Volumes/Argus/unk/snap/c1/1645673400.c1.snap.jpg,0.7143079
2022-02-24 04:00:00,/Volumes/Argus/unk/snap/c1/1645675200.c1.snap.jpg,0.7178718
2022-02-24 04:30:00,/Volumes/Argus/unk/snap/c1/1645677000.c1.snap.jpg,0.8894072
2022-02-24 16:30:00,/Volumes/Argus/unk/snap/c1/1645720200.c1.snap.jpg,1.7988904
2022-02-24 17:00:00,/Volumes/Argus/unk/snap/c1/1645722000.c1.snap.jpg,1.5205742
2022-02-24 17:30:00,/Volumes/Argus/unk/snap/c1/1645723800.c1.snap.jpg,0.6974817
2022-02-24 18:00:00,/Volumes/Argus/unk/snap/c1/1645725600.c1.snap.jpg,0.7298702
2022-02-24 18:30:00,/Volumes/Argus/unk/snap/c1/1645727400.c1.snap.jpg,0.7638688
2022-02-24 19:00:00,/Volumes/Argus/unk/snap/c1/1645729200.c1.snap.jpg,0.62814176
2022-02-24 19:30:00,/Volumes/Argus/unk/snap/c1/1645731000.c1.snap.jpg,0.67160046
2022-02-24 20:00:00,/Volumes/Argus/unk/snap/c1/1645732800.c1.snap.jpg,0.80415785
2022-02-24 20:30:00,/Volumes/Argus/unk/snap/c1/1645734600.c1.snap.jpg,0.78505147
2022-02-24 21:00:00,/Volumes/Argus/unk/snap/c1/1645736400.c1.snap.jpg,0.81510055
2022-02-24 21:30:00,/Volumes/Argus/unk/snap/c1/1645738200.c1.snap.jpg,0.7281964
2022-02-24 22:00:00,/Volumes/Argus/unk/snap/c1/1645740000.c1.snap.jpg,0.8470841
2022-02-24 22:30:00,/Volumes/Argus/unk/snap/c1/1645741800.c1.snap.jpg,0.9100224
2022-02-24 23:00:00,/Volumes/Argus/unk/snap/c1/1645743600.c1.snap.jpg,0.9328655
2022-02-24 23:30:00,/Volumes/Argus/unk/snap/c1/1645745400.c1.snap.jpg,0.57983774
2022-02-25 01:00:00,/Volumes/Argus/unk/snap/c1/1645750800.c1.snap.jpg,0.49572033
2022-02-25 01:30:00,/Volumes/Argus/unk/snap/c1/1645752600.c1.snap.jpg,0.5621737
2022-02-25 02:00:00,/Volumes/Argus/unk/snap/c1/1645754400.c1.snap.jpg,0.5302809
2022-02-25 02:30:00,/Volumes/Argus/unk/snap/c1/1645756200.c1.snap.jpg,0.5290551
2022-02-25 03:00:00,/Volumes/Argus/unk/snap/c1/1645758000.c1.snap.jpg,0.8000685
2022-02-25 03:30:00,/Volumes/Argus/unk/snap/c1/1645759800.c1.snap.jpg,0.55988026
2022-02-25 04:00:00,/Volumes/Argus/unk/snap/c1/1645761600.c1.snap.jpg,0.5768399
2022-02-25 04:30:00,/Volumes/Argus/unk/snap/c1/1645763400.c1.snap.jpg,0.57292455
2022-02-25 16:30:00,/Volumes/Argus/unk/snap/c1/1645806600.c1.snap.jpg,1.7832086
2022-02-25 17:00:00,/Volumes/Argus/unk/snap/c1/1645808400.c1.snap.jpg,1.5964113
2022-02-25 17:30:00,/Volumes/Argus/unk/snap/c1/1645810200.c1.snap.jpg,0.70123434
2022-02-25 18:00:00,/Volumes/Argus/unk/snap/c1/1645812000.c1.snap.jpg,0.69587743
2022-02-25 18:30:00,/Volumes/Argus/unk/snap/c1/1645813800.c1.snap.jpg,0.7036843
2022-02-25 19:00:00,/Volumes/Argus/unk/snap/c1/1645815600.c1.snap.jpg,0.7309639
2022-02-25 20:00:00,/Volumes/Argus/unk/snap/c1/1645819200.c1.snap.jpg,0.7158308
2022-02-25 21:30:00,/Volumes/Argus/unk/snap/c1/1645824600.c1.snap.jpg,0.7546879
2022-02-25 22:00:00,/Volumes/Argus/unk/snap/c1/1645826400.c1.snap.jpg,0.67170167
2022-02-25 22:30:00,/Volumes/Argus/unk/snap/c1/1645828200.c1.snap.jpg,0.6402492
2022-02-25 23:00:00,/Volumes/Argus/unk/snap/c1/1645830000.c1.snap.jpg,0.8004397
2022-02-25 23:30:00,/Volumes/Argus/unk/snap/c1/1645831800.c1.snap.jpg,0.65426505
2022-02-26 00:00:00,/Volumes/Argus/unk/snap/c1/1645833600.c1.snap.jpg,0.6735447
2022-02-26 00:30:00,/Volumes/Argus/unk/snap/c1/1645835400.c1.snap.jpg,0.5770358
2022-02-26 01:00:00,/Volumes/Argus/unk/snap/c1/1645837200.c1.snap.jpg,0.66181076
2022-02-26 01:30:00,/Volumes/Argus/unk/snap/c1/1645839000.c1.snap.jpg,0.6215683
2022-02-26 02:00:00,/Volumes/Argus/unk/snap/c1/1645840800.c1.snap.jpg,0.6543404
2022-02-26 03:00:00,/Volumes/Argus/unk/snap/c1/1645844400.c1.snap.jpg,0.5797113
2022-02-26 03:30:00,/Volumes/Argus/unk/snap/c1/1645846200.c1.snap.jpg,0.6269287
2022-02-26 04:00:00,/Volumes/Argus/unk/snap/c1/1645848000.c1.snap.jpg,0.52041024
2022-02-26 04:30:00,/Volumes/Argus/unk/snap/c1/1645849800.c1.snap.jpg,0.55230224
2022-02-26 16:30:00,/Volumes/Argus/unk/snap/c1/1645893000.c1.snap.jpg,1.772798
2022-02-26 17:00:00,/Volumes/Argus/unk/snap/c1/1645894800.c1.snap.jpg,0.721458
2022-02-26 17:30:00,/Volumes/Argus/unk/snap/c1/1645896600.c1.snap.jpg,0.63122326
2022-02-26 18:00:00,/Volumes/Argus/unk/snap/c1/1645898400.c1.snap.jpg,0.52560204
2022-02-26 18:30:00,/Volumes/Argus/unk/snap/c1/1645900200.c1.snap.jpg,0.4573766
2022-02-26 19:00:00,/Volumes/Argus/unk/snap/c1/1645902000.c1.snap.jpg,0.4840166
2022-02-26 19:30:00,/Volumes/Argus/unk/snap/c1/1645903800.c1.snap.jpg,0.52442884
2022-02-26 20:00:00,/Volumes/Argus/unk/snap/c1/1645905600.c1.snap.jpg,0.49138224
2022-02-26 20:30:00,/Volumes/Argus/unk/snap/c1/1645907400.c1.snap.jpg,0.4973358
2022-02-26 21:00:00,/Volumes/Argus/unk/snap/c1/1645909200.c1.snap.jpg,0.52533174
2022-02-26 21:30:00,/Volumes/Argus/unk/snap/c1/1645911000.c1.snap.jpg,0.61226034
2022-02-26 22:00:00,/Volumes/Argus/unk/snap/c1/1645912800.c1.snap.jpg,0.6860453
2022-02-26 22:30:00,/Volumes/Argus/unk/snap/c1/1645914600.c1.snap.jpg,0.6277069
2022-02-26 23:00:00,/Volumes/Argus/unk/snap/c1/1645916400.c1.snap.jpg,0.58747876
2022-02-26 23:30:00,/Volumes/Argus/unk/snap/c1/1645918200.c1.snap.jpg,0.77901816
2022-02-27 00:30:00,/Volumes/Argus/unk/snap/c1/1645921800.c1.snap.jpg,0.77933276
2022-02-27 01:00:00,/Volumes/Argus/unk/snap/c1/1645923600.c1.snap.jpg,0.53648925
2022-02-27 01:30:00,/Volumes/Argus/unk/snap/c1/1645925400.c1.snap.jpg,0.50926214
2022-02-27 02:00:00,/Volumes/Argus/unk/snap/c1/1645927200.c1.snap.jpg,0.48164755
2022-02-27 04:00:00,/Volumes/Argus/unk/snap/c1/1645934400.c1.snap.jpg,0.6493562
2022-02-27 16:30:00,/Volumes/Argus/unk/snap/c1/1645979400.c1.snap.jpg,1.901085
2022-02-27 17:00:00,/Volumes/Argus/unk/snap/c1/1645981200.c1.snap.jpg,1.1099677
2022-02-27 17:30:00,/Volumes/Argus/unk/snap/c1/1645983000.c1.snap.jpg,0.68904966
2022-02-27 18:00:00,/Volumes/Argus/unk/snap/c1/1645984800.c1.snap.jpg,0.71537364
2022-02-27 18:30:00,/Volumes/Argus/unk/snap/c1/1645986600.c1.snap.jpg,0.713611
2022-02-27 19:00:00,/Volumes/Argus/unk/snap/c1/1645988400.c1.snap.jpg,0.6687293
2022-02-27 19:30:00,/Volumes/Argus/unk/snap/c1/1645990200.c1.snap.jpg,0.6816689
2022-02-27 20:30:00,/Volumes/Argus/unk/snap/c1/1645993800.c1.snap.jpg,0.6327964
2022-02-27 21:00:00,/Volumes/Argus/unk/snap/c1/1645995600.c1.snap.jpg,0.6126572
2022-02-27 21:30:00,/Volumes/Argus/unk/snap/c1/1645997400.c1.snap.jpg,0.59891856
2022-02-27 22:00:00,/Volumes/Argus/unk/snap/c1/1645999200.c1.snap.jpg,0.6453172
2022-02-27 22:30:00,/Volumes/Argus/unk/snap/c1/1646001000.c1.snap.jpg,0.6215012
2022-02-27 23:00:00,/Volumes/Argus/unk/snap/c1/1646002800.c1.snap.jpg,0.6651345
2022-02-27 23:30:00,/Volumes/Argus/unk/snap/c1/1646004600.c1.snap.jpg,0.56614995
2022-02-28 00:00:00,/Volumes/Argus/unk/snap/c1/1646006400.c1.snap.jpg,0.44950056
2022-02-28 00:30:00,/Volumes/Argus/unk/snap/c1/1646008200.c1.snap.jpg,0.4607245
2022-02-28 01:00:00,/Volumes/Argus/unk/snap/c1/1646010000.c1.snap.jpg,0.46529263
2022-02-28 01:30:00,/Volumes/Argus/unk/snap/c1/1646011800.c1.snap.jpg,0.4463214
2022-02-28 02:00:00,/Volumes/Argus/unk/snap/c1/1646013600.c1.snap.jpg,0.4911024
2022-02-28 03:00:00,/Volumes/Argus/unk/snap/c1/1646017200.c1.snap.jpg,0.48497695
2022-02-28 03:30:00,/Volumes/Argus/unk/snap/c1/1646019000.c1.snap.jpg,0.4889952
2022-02-28 04:00:00,/Volumes/Argus/unk/snap/c1/1646020800.c1.snap.jpg,0.4433547
2022-02-28 04:30:00,/Volumes/Argus/unk/snap/c1/1646022600.c1.snap.jpg,0.3752364
2022-02-28 16:30:00,/Volumes/Argus/unk/snap/c1/1646065800.c1.snap.jpg,1.8592325
2022-02-28 17:00:00,/Volumes/Argus/unk/snap/c1/1646067600.c1.snap.jpg,0.6705835
2022-02-28 17:30:00,/Volumes/Argus/unk/snap/c1/1646069400.c1.snap.jpg,0.6008513
2022-02-28 18:00:00,/Volumes/Argus/unk/snap/c1/1646071200.c1.snap.jpg,0.660437
2022-02-28 18:30:00,/Volumes/Argus/unk/snap/c1/1646073000.c1.snap.jpg,0.5906236
2022-02-28 20:00:00,/Volumes/Argus/unk/snap/c1/1646078400.c1.snap.jpg,0.5821208
2022-02-28 20:30:00,/Volumes/Argus/unk/snap/c1/1646080200.c1.snap.jpg,0.56848395
2022-02-28 21:00:00,/Volumes/Argus/unk/snap/c1/1646082000.c1.snap.jpg,0.58128107
2022-02-28 21:30:00,/Volumes/Argus/unk/snap/c1/1646083800.c1.snap.jpg,0.5772332
2022-02-28 22:00:00,/Volumes/Argus/unk/snap/c1/1646085600.c1.snap.jpg,0.5460334
2022-02-28 22:30:00,/Volumes/Argus/unk/snap/c1/1646087400.c1.snap.jpg,0.5411452
2022-02-28 23:00:00,/Volumes/Argus/unk/snap/c1/1646089200.c1.snap.jpg,0.48514885
2022-02-28 23:30:00,/Volumes/Argus/unk/snap/c1/1646091000.c1.snap.jpg,0.5014157
2022-03-01 00:00:00,/Volumes/Argus/unk/snap/c1/1646092800.c1.snap.jpg,0.5171366
2022-03-01 00:30:00,/Volumes/Argus/unk/snap/c1/1646094600.c1.snap.jpg,0.5221534
2022-03-01 01:30:00,/Volumes/Argus/unk/snap/c1/1646098200.c1.snap.jpg,0.5296347
2022-03-01 02:00:00,/Volumes/Argus/unk/snap/c1/1646100000.c1.snap.jpg,0.65985346
2022-03-01 02:30:00,/Volumes/Argus/unk/snap/c1/1646101800.c1.snap.jpg,0.6863382
2022-03-01 03:00:00,/Volumes/Argus/unk/snap/c1/1646103600.c1.snap.jpg,0.68676114
2022-03-01 04:00:00,/Volumes/Argus/unk/snap/c1/1646107200.c1.snap.jpg,0.5533353
2022-03-01 04:30:00,/Volumes/Argus/unk/snap/c1/1646109000.c1.snap.jpg,0.54510593
2022-03-01 16:30:00,/Volumes/Argus/unk/snap/c1/1646152200.c1.snap.jpg,1.7858735
2022-03-01 17:00:00,/Volumes/Argus/unk/snap/c1/1646154000.c1.snap.jpg,0.529022
2022-03-01 17:30:00,/Volumes/Argus/unk/snap/c1/1646155800.c1.snap.jpg,0.5524011
2022-03-01 18:00:00,/Volumes/Argus/unk/snap/c1/1646157600.c1.snap.jpg,0.61726177
2022-03-01 18:30:00,/Volumes/Argus/unk/snap/c1/1646159400.c1.snap.jpg,0.5771605
2022-03-01 19:30:00,/Volumes/Argus/unk/snap/c1/1646163000.c1.snap.jpg,0.6347883
2022-03-01 20:00:00,/Volumes/Argus/unk/snap/c1/1646164800.c1.snap.jpg,0.56408405
2022-03-01 20:30:00,/Volumes/Argus/unk/snap/c1/1646166600.c1.snap.jpg,0.52709746
2022-03-01 21:00:00,/Volumes/Argus/unk/snap/c1/1646168400.c1.snap.jpg,0.5044352
2022-03-01 21:30:00,/Volumes/Argus/unk/snap/c1/1646170200.c1.snap.jpg,0.48559016
2022-03-01 23:00:00,/Volumes/Argus/unk/snap/c1/1646175600.c1.snap.jpg,0.4869538
2022-03-01 23:30:00,/Volumes/Argus/unk/snap/c1/1646177400.c1.snap.jpg,0.48661768
2022-03-02 00:00:00,/Volumes/Argus/unk/snap/c1/1646179200.c1.snap.jpg,0.44526878
2022-03-02 00:30:00,/Volumes/Argus/unk/snap/c1/1646181000.c1.snap.jpg,0.42333475
2022-03-02 01:30:00,/Volumes/Argus/unk/snap/c1/1646184600.c1.snap.jpg,0.5140115
2022-03-02 02:00:00,/Volumes/Argus/unk/snap/c1/1646186400.c1.snap.jpg,0.58172464
2022-03-02 02:30:00,/Volumes/Argus/unk/snap/c1/1646188200.c1.snap.jpg,0.6339125
2022-03-02 03:00:00,/Volumes/Argus/unk/snap/c1/1646190000.c1.snap.jpg,0.6829903
2022-03-02 03:30:00,/Volumes/Argus/unk/snap/c1/1646191800.c1.snap.jpg,0.661381
2022-03-02 04:00:00,/Volumes/Argus/unk/snap/c1/1646193600.c1.snap.jpg,0.51195157
2022-03-02 04:30:00,/Volumes/Argus/unk/snap/c1/1646195400.c1.snap.jpg,0.49456206
2022-03-03 16:30:00,/Volumes/Argus/unk/snap/c1/1646325000.c1.snap.jpg,1.7754611
2022-03-03 17:00:00,/Volumes/Argus/unk/snap/c1/1646326800.c1.snap.jpg,0.6871888
2022-03-03 17:30:00,/Volumes/Argus/unk/snap/c1/1646328600.c1.snap.jpg,0.6076071
2022-03-03 18:00:00,/Volumes/Argus/unk/snap/c1/1646330400.c1.snap.jpg,0.7410163
2022-03-03 18:30:00,/Volumes/Argus/unk/snap/c1/1646332200.c1.snap.jpg,0.7054964
2022-03-03 19:00:00,/Volumes/Argus/unk/snap/c1/1646334000.c1.snap.jpg,0.6671922
2022-03-03 19:30:00,/Volumes/Argus/unk/snap/c1/1646335800.c1.snap.jpg,0.61967474
2022-03-03 20:00:00,/Volumes/Argus/unk/snap/c1/1646337600.c1.snap.jpg,0.6302466
2022-03-03 20:30:00,/Volumes/Argus/unk/snap/c1/1646339400.c1.snap.jpg,0.6476757
2022-03-03 21:00:00,/Volumes/Argus/unk/snap/c1/1646341200.c1.snap.jpg,0.66920304
2022-03-03 21:30:00,/Volumes/Argus/unk/snap/c1/1646343000.c1.snap.jpg,0.6904723
2022-03-03 22:00:00,/Volumes/Argus/unk/snap/c1/1646344800.c1.snap.jpg,0.6959999
2022-03-03 22:30:00,/Volumes/Argus/unk/snap/c1/1646346600.c1.snap.jpg,0.71909845
2022-03-03 23:00:00,/Volumes/Argus/unk/snap/c1/1646348400.c1.snap.jpg,0.65667176
2022-03-03 23:30:00,/Volumes/Argus/unk/snap/c1/1646350200.c1.snap.jpg,0.6859407
2022-03-04 00:00:00,/Volumes/Argus/unk/snap/c1/1646352000.c1.snap.jpg,0.5920825
2022-03-04 00:30:00,/Volumes/Argus/unk/snap/c1/1646353800.c1.snap.jpg,0.5711625
2022-03-04 01:00:00,/Volumes/Argus/unk/snap/c1/1646355600.c1.snap.jpg,0.66124374
2022-03-04 01:30:00,/Volumes/Argus/unk/snap/c1/1646357400.c1.snap.jpg,0.7286537
2022-03-04 02:00:00,/Volumes/Argus/unk/snap/c1/1646359200.c1.snap.jpg,0.7117305
2022-03-04 03:30:00,/Volumes/Argus/unk/snap/c1/1646364600.c1.snap.jpg,0.6562195
2022-03-04 04:00:00,/Volumes/Argus/unk/snap/c1/1646366400.c1.snap.jpg,0.73322845
2022-03-04 04:30:00,/Volumes/Argus/unk/snap/c1/1646368200.c1.snap.jpg,0.6217885
2022-03-04 17:30:00,/Volumes/Argus/unk/snap/c1/1646415000.c1.snap.jpg,0.7045265
2022-03-04 18:00:00,/Volumes/Argus/unk/snap/c1/1646416800.c1.snap.jpg,0.6171627
2022-03-04 18:30:00,/Volumes/Argus/unk/snap/c1/1646418600.c1.snap.jpg,0.72397614
2022-03-04 19:00:00,/Volumes/Argus/unk/snap/c1/1646420400.c1.snap.jpg,0.4760749
2022-03-04 19:30:00,/Volumes/Argus/unk/snap/c1/1646422200.c1.snap.jpg,0.8506578
2022-03-04 20:00:00,/Volumes/Argus/unk/snap/c1/1646424000.c1.snap.jpg,0.7385554
2022-03-04 20:30:00,/Volumes/Argus/unk/snap/c1/1646425800.c1.snap.jpg,0.74771374
2022-03-04 21:00:00,/Volumes/Argus/unk/snap/c1/1646427600.c1.snap.jpg,0.722148
2022-03-04 22:30:00,/Volumes/Argus/unk/snap/c1/1646433000.c1.snap.jpg,0.6455266
2022-03-04 23:00:00,/Volumes/Argus/unk/snap/c1/1646434800.c1.snap.jpg,0.6715888
2022-03-04 23:30:00,/Volumes/Argus/unk/snap/c1/1646436600.c1.snap.jpg,0.6494697
2022-03-05 00:00:00,/Volumes/Argus/unk/snap/c1/1646438400.c1.snap.jpg,0.6681522
2022-03-05 00:30:00,/Volumes/Argus/unk/snap/c1/1646440200.c1.snap.jpg,0.67024046
2022-03-05 01:30:00,/Volumes/Argus/unk/snap/c1/1646443800.c1.snap.jpg,0.5805795
2022-03-05 02:00:00,/Volumes/Argus/unk/snap/c1/1646445600.c1.snap.jpg,0.6944754
2022-03-05 02:30:00,/Volumes/Argus/unk/snap/c1/1646447400.c1.snap.jpg,0.7535612
2022-03-05 03:00:00,/Volumes/Argus/unk/snap/c1/1646449200.c1.snap.jpg,0.67867917
2022-03-05 04:00:00,/Volumes/Argus/unk/snap/c1/1646452800.c1.snap.jpg,0.7130202
2022-03-05 04:30:00,/Volumes/Argus/unk/snap/c1/1646454600.c1.snap.jpg,0.6643281
2022-03-05 16:30:00,/Volumes/Argus/unk/snap/c1/1646497800.c1.snap.jpg,1.4607788
2022-03-05 17:00:00,/Volumes/Argus/unk/snap/c1/1646499600.c1.snap.jpg,0.6214545
2022-03-05 17:30:00,/Volumes/Argus/unk/snap/c1/1646501400.c1.snap.jpg,0.5690594
2022-03-05 18:00:00,/Volumes/Argus/unk/snap/c1/1646503200.c1.snap.jpg,0.6247076
2022-03-05 18:30:00,/Volumes/Argus/unk/snap/c1/1646505000.c1.snap.jpg,0.65354294
2022-03-05 19:00:00,/Volumes/Argus/unk/snap/c1/1646506800.c1.snap.jpg,0.6245792
2022-03-05 19:30:00,/Volumes/Argus/unk/snap/c1/1646508600.c1.snap.jpg,0.61057055
2022-03-05 20:00:00,/Volumes/Argus/unk/snap/c1/1646510400.c1.snap.jpg,0.55077577
2022-03-05 20:30:00,/Volumes/Argus/unk/snap/c1/1646512200.c1.snap.jpg,0.5333568
2022-03-05 21:00:00,/Volumes/Argus/unk/snap/c1/1646514000.c1.snap.jpg,0.5820383
2022-03-05 21:30:00,/Volumes/Argus/unk/snap/c1/1646515800.c1.snap.jpg,0.6496229
2022-03-05 22:00:00,/Volumes/Argus/unk/snap/c1/1646517600.c1.snap.jpg,0.61043656
2022-03-05 22:30:00,/Volumes/Argus/unk/snap/c1/1646519400.c1.snap.jpg,0.6421172
2022-03-05 23:00:00,/Volumes/Argus/unk/snap/c1/1646521200.c1.snap.jpg,0.69388324
2022-03-05 23:30:00,/Volumes/Argus/unk/snap/c1/1646523000.c1.snap.jpg,0.6451254
2022-03-06 00:00:00,/Volumes/Argus/unk/snap/c1/1646524800.c1.snap.jpg,0.6703285
2022-03-06 00:30:00,/Volumes/Argus/unk/snap/c1/1646526600.c1.snap.jpg,0.76327986
2022-03-06 01:00:00,/Volumes/Argus/unk/snap/c1/1646528400.c1.snap.jpg,0.63905776
2022-03-06 01:30:00,/Volumes/Argus/unk/snap/c1/1646530200.c1.snap.jpg,0.64151675
2022-03-06 02:00:00,/Volumes/Argus/unk/snap/c1/1646532000.c1.snap.jpg,0.670853
2022-03-06 03:00:00,/Volumes/Argus/unk/snap/c1/1646535600.c1.snap.jpg,0.7565446
2022-03-06 03:30:00,/Volumes/Argus/unk/snap/c1/1646537400.c1.snap.jpg,0.65790975
2022-03-06 04:00:00,/Volumes/Argus/unk/snap/c1/1646539200.c1.snap.jpg,0.57407147
2022-03-06 04:30:00,/Volumes/Argus/unk/snap/c1/1646541000.c1.snap.jpg,0.58033544
2022-03-06 16:30:00,/Volumes/Argus/unk/snap/c1/1646584200.c1.snap.jpg,0.7792531
2022-03-06 17:00:00,/Volumes/Argus/unk/snap/c1/1646586000.c1.snap.jpg,0.63301194
2022-03-06 17:30:00,/Volumes/Argus/unk/snap/c1/1646587800.c1.snap.jpg,0.66391134
2022-03-06 18:00:00,/Volumes/Argus/unk/snap/c1/1646589600.c1.snap.jpg,0.6567621
2022-03-06 18:30:00,/Volumes/Argus/unk/snap/c1/1646591400.c1.snap.jpg,0.6562507
2022-03-06 19:00:00,/Volumes/Argus/unk/snap/c1/1646593200.c1.snap.jpg,0.6477239
2022-03-06 19:30:00,/Volumes/Argus/unk/snap/c1/1646595000.c1.snap.jpg,0.6147244
2022-03-06 20:00:00,/Volumes/Argus/unk/snap/c1/1646596800.c1.snap.jpg,0.6334685
2022-03-06 21:00:00,/Volumes/Argus/unk/snap/c1/1646600400.c1.snap.jpg,0.64606977
2022-03-06 21:30:00,/Volumes/Argus/unk/snap/c1/1646602200.c1.snap.jpg,0.6698071
2022-03-06 22:00:00,/Volumes/Argus/unk/snap/c1/1646604000.c1.snap.jpg,0.7143066
2022-03-06 22:30:00,/Volumes/Argus/unk/snap/c1/1646605800.c1.snap.jpg,0.65399295
2022-03-06 23:00:00,/Volumes/Argus/unk/snap/c1/1646607600.c1.snap.jpg,0.59646326
2022-03-06 23:30:00,/Volumes/Argus/unk/snap/c1/1646609400.c1.snap.jpg,0.5274941
2022-03-07 00:00:00,/Volumes/Argus/unk/snap/c1/1646611200.c1.snap.jpg,0.5337324
2022-03-07 00:30:00,/Volumes/Argus/unk/snap/c1/1646613000.c1.snap.jpg,0.49378806
2022-03-07 01:30:00,/Volumes/Argus/unk/snap/c1/1646616600.c1.snap.jpg,0.5305512
2022-03-07 02:00:00,/Volumes/Argus/unk/snap/c1/1646618400.c1.snap.jpg,0.5461632
2022-03-07 02:30:00,/Volumes/Argus/unk/snap/c1/1646620200.c1.snap.jpg,0.5883597
2022-03-07 03:00:00,/Volumes/Argus/unk/snap/c1/1646622000.c1.snap.jpg,0.6692451
2022-03-07 03:30:00,/Volumes/Argus/unk/snap/c1/1646623800.c1.snap.jpg,0.71224666
2022-03-07 04:00:00,/Volumes/Argus/unk/snap/c1/1646625600.c1.snap.jpg,0.5667982
2022-03-07 04:30:00,/Volumes/Argus/unk/snap/c1/1646627400.c1.snap.jpg,0.5516938
2022-03-07 16:30:00,/Volumes/Argus/unk/snap/c1/1646670600.c1.snap.jpg,0.8454031
2022-03-07 17:00:00,/Volumes/Argus/unk/snap/c1/1646672400.c1.snap.jpg,0.62162876
2022-03-07 17:30:00,/Volumes/Argus/unk/snap/c1/1646674200.c1.snap.jpg,0.6555548
2022-03-07 18:00:00,/Volumes/Argus/unk/snap/c1/1646676000.c1.snap.jpg,0.48096135
2022-03-07 18:30:00,/Volumes/Argus/unk/snap/c1/1646677800.c1.snap.jpg,0.57735264
2022-03-07 19:00:00,/Volumes/Argus/unk/snap/c1/1646679600.c1.snap.jpg,0.6280118
2022-03-07 19:30:00,/Volumes/Argus/unk/snap/c1/1646681400.c1.snap.jpg,0.6384143
2022-03-07 20:00:00,/Volumes/Argus/unk/snap/c1/1646683200.c1.snap.jpg,0.61624
2022-03-07 20:30:00,/Volumes/Argus/unk/snap/c1/1646685000.c1.snap.jpg,0.5653041
2022-03-07 21:00:00,/Volumes/Argus/unk/snap/c1/1646686800.c1.snap.jpg,0.5800569
2022-03-07 21:30:00,/Volumes/Argus/unk/snap/c1/1646688600.c1.snap.jpg,0.552358
2022-03-07 22:00:00,/Volumes/Argus/unk/snap/c1/1646690400.c1.snap.jpg,0.54485834
2022-03-07 22:30:00,/Volumes/Argus/unk/snap/c1/1646692200.c1.snap.jpg,0.572347
2022-03-07 23:00:00,/Volumes/Argus/unk/snap/c1/1646694000.c1.snap.jpg,0.58163786
2022-03-07 23:30:00,/Volumes/Argus/unk/snap/c1/1646695800.c1.snap.jpg,0.5577663
2022-03-08 00:00:00,/Volumes/Argus/unk/snap/c1/1646697600.c1.snap.jpg,0.58312166
2022-03-08 00:30:00,/Volumes/Argus/unk/snap/c1/1646699400.c1.snap.jpg,0.59181505
2022-03-08 01:00:00,/Volumes/Argus/unk/snap/c1/1646701200.c1.snap.jpg,0.58584857
2022-03-08 01:30:00,/Volumes/Argus/unk/snap/c1/1646703000.c1.snap.jpg,0.5781191
2022-03-08 02:00:00,/Volumes/Argus/unk/snap/c1/1646704800.c1.snap.jpg,0.4974317
2022-03-08 03:00:00,/Volumes/Argus/unk/snap/c1/1646708400.c1.snap.jpg,0.70699614
2022-03-08 04:00:00,/Volumes/Argus/unk/snap/c1/1646712000.c1.snap.jpg,0.63574266
2022-03-08 04:30:00,/Volumes/Argus/unk/snap/c1/1646713800.c1.snap.jpg,0.6459191
2022-03-08 16:30:00,/Volumes/Argus/unk/snap/c1/1646757000.c1.snap.jpg,0.8594033
2022-03-08 17:00:00,/Volumes/Argus/unk/snap/c1/1646758800.c1.snap.jpg,0.6420949
2022-03-08 17:30:00,/Volumes/Argus/unk/snap/c1/1646760600.c1.snap.jpg,0.68550974
2022-03-08 18:00:00,/Volumes/Argus/unk/snap/c1/1646762400.c1.snap.jpg,0.67145526
2022-03-08 18:30:00,/Volumes/Argus/unk/snap/c1/1646764200.c1.snap.jpg,0.6181531
2022-03-08 19:00:00,/Volumes/Argus/unk/snap/c1/1646766000.c1.snap.jpg,0.709288
2022-03-08 19:30:00,/Volumes/Argus/unk/snap/c1/1646767800.c1.snap.jpg,0.5948602
2022-03-08 21:00:00,/Volumes/Argus/unk/snap/c1/1646773200.c1.snap.jpg,0.6244577
2022-03-08 21:30:00,/Volumes/Argus/unk/snap/c1/1646775000.c1.snap.jpg,0.7305563
2022-03-08 22:00:00,/Volumes/Argus/unk/snap/c1/1646776800.c1.snap.jpg,0.6375803
2022-03-08 22:30:00,/Volumes/Argus/unk/snap/c1/1646778600.c1.snap.jpg,0.69592625
2022-03-08 23:30:00,/Volumes/Argus/unk/snap/c1/1646782200.c1.snap.jpg,0.65966386
2022-03-09 00:00:00,/Volumes/Argus/unk/snap/c1/1646784000.c1.snap.jpg,0.63274646
2022-03-09 00:30:00,/Volumes/Argus/unk/snap/c1/1646785800.c1.snap.jpg,0.63292885
2022-03-09 01:00:00,/Volumes/Argus/unk/snap/c1/1646787600.c1.snap.jpg,0.6174194
2022-03-09 01:30:00,/Volumes/Argus/unk/snap/c1/1646789400.c1.snap.jpg,0.5498445
2022-03-09 02:00:00,/Volumes/Argus/unk/snap/c1/1646791200.c1.snap.jpg,0.56799936
2022-03-09 03:00:00,/Volumes/Argus/unk/snap/c1/1646794800.c1.snap.jpg,0.5680832
2022-03-09 03:30:00,/Volumes/Argus/unk/snap/c1/1646796600.c1.snap.jpg,0.6010997
2022-03-09 04:00:00,/Volumes/Argus/unk/snap/c1/1646798400.c1.snap.jpg,0.6621435
2022-03-09 04:30:00,/Volumes/Argus/unk/snap/c1/1646800200.c1.snap.jpg,0.62530375
2022-03-09 16:30:00,/Volumes/Argus/unk/snap/c1/1646843400.c1.snap.jpg,0.8050807
2022-03-09 17:00:00,/Volumes/Argus/unk/snap/c1/1646845200.c1.snap.jpg,0.68176305
2022-03-09 17:30:00,/Volumes/Argus/unk/snap/c1/1646847000.c1.snap.jpg,0.66277736
2022-03-09 18:00:00,/Volumes/Argus/unk/snap/c1/1646848800.c1.snap.jpg,0.61007226
2022-03-09 18:30:00,/Volumes/Argus/unk/snap/c1/1646850600.c1.snap.jpg,0.61501193
2022-03-09 19:00:00,/Volumes/Argus/unk/snap/c1/1646852400.c1.snap.jpg,0.63264453
2022-03-09 19:30:00,/Volumes/Argus/unk/snap/c1/1646854200.c1.snap.jpg,0.636986
2022-03-09 20:00:00,/Volumes/Argus/unk/snap/c1/1646856000.c1.snap.jpg,0.6190858
2022-03-09 20:30:00,/Volumes/Argus/unk/snap/c1/1646857800.c1.snap.jpg,0.5984714
2022-03-09 21:00:00,/Volumes/Argus/unk/snap/c1/1646859600.c1.snap.jpg,0.57892245
2022-03-09 21:30:00,/Volumes/Argus/unk/snap/c1/1646861400.c1.snap.jpg,0.6285291
2022-03-09 22:30:00,/Volumes/Argus/unk/snap/c1/1646865000.c1.snap.jpg,0.61691016
2022-03-09 23:00:00,/Volumes/Argus/unk/snap/c1/1646866800.c1.snap.jpg,0.61288995
2022-03-09 23:30:00,/Volumes/Argus/unk/snap/c1/1646868600.c1.snap.jpg,0.5017154
2022-03-10 00:00:00,/Volumes/Argus/unk/snap/c1/1646870400.c1.snap.jpg,0.61875147
2022-03-10 00:30:00,/Volumes/Argus/unk/snap/c1/1646872200.c1.snap.jpg,0.5960449
2022-03-10 01:00:00,/Volumes/Argus/unk/snap/c1/1646874000.c1.snap.jpg,0.5924847
2022-03-10 02:00:00,/Volumes/Argus/unk/snap/c1/1646877600.c1.snap.jpg,0.56197214
2022-03-10 04:00:00,/Volumes/Argus/unk/snap/c1/1646884800.c1.snap.jpg,0.6412902
2022-03-10 04:30:00,/Volumes/Argus/unk/snap/c1/1646886600.c1.snap.jpg,0.6318899
2022-03-10 16:30:00,/Volumes/Argus/unk/snap/c1/1646929800.c1.snap.jpg,0.7654672
2022-03-10 17:00:00,/Volumes/Argus/unk/snap/c1/1646931600.c1.snap.jpg,0.64636344
2022-03-10 17:30:00,/Volumes/Argus/unk/snap/c1/1646933400.c1.snap.jpg,0.6893865
2022-03-10 18:00:00,/Volumes/Argus/unk/snap/c1/1646935200.c1.snap.jpg,0.65994155
2022-03-10 18:30:00,/Volumes/Argus/unk/snap/c1/1646937000.c1.snap.jpg,0.6409908
2022-03-10 19:00:00,/Volumes/Argus/unk/snap/c1/1646938800.c1.snap.jpg,0.63904595
2022-03-10 20:30:00,/Volumes/Argus/unk/snap/c1/1646944200.c1.snap.jpg,0.58906996
2022-03-10 21:00:00,/Volumes/Argus/unk/snap/c1/1646946000.c1.snap.jpg,0.6554289
2022-03-10 21:30:00,/Volumes/Argus/unk/snap/c1/1646947800.c1.snap.jpg,0.6418451
2022-03-10 22:00:00,/Volumes/Argus/unk/snap/c1/1646949600.c1.snap.jpg,0.635745
2022-03-10 22:30:00,/Volumes/Argus/unk/snap/c1/1646951400.c1.snap.jpg,0.6254091
2022-03-10 23:00:00,/Volumes/Argus/unk/snap/c1/1646953200.c1.snap.jpg,0.63333845
2022-03-10 23:30:00,/Volumes/Argus/unk/snap/c1/1646955000.c1.snap.jpg,0.62905705
2022-03-11 00:00:00,/Volumes/Argus/unk/snap/c1/1646956800.c1.snap.jpg,0.5724242
2022-03-11 00:30:00,/Volumes/Argus/unk/snap/c1/1646958600.c1.snap.jpg,0.5571606
2022-03-11 01:00:00,/Volumes/Argus/unk/snap/c1/1646960400.c1.snap.jpg,0.5248078
2022-03-11 02:00:00,/Volumes/Argus/unk/snap/c1/1646964000.c1.snap.jpg,0.5529429
2022-03-11 02:30:00,/Volumes/Argus/unk/snap/c1/1646965800.c1.snap.jpg,0.5965908
2022-03-11 04:00:00,/Volumes/Argus/unk/snap/c1/1646971200.c1.snap.jpg,0.5849371
2022-03-11 04:30:00,/Volumes/Argus/unk/snap/c1/1646973000.c1.snap.jpg,0.45130724
2022-03-11 16:30:00,/Volumes/Argus/unk/snap/c1/1647016200.c1.snap.jpg,0.5573008
2022-03-11 17:00:00,/Volumes/Argus/unk/snap/c1/1647018000.c1.snap.jpg,0.6367663
2022-03-11 17:30:00,/Volumes/Argus/unk/snap/c1/1647019800.c1.snap.jpg,0.63338196
2022-03-11 18:30:00,/Volumes/Argus/unk/snap/c1/1647023400.c1.snap.jpg,0.52827376
2022-03-11 19:00:00,/Volumes/Argus/unk/snap/c1/1647025200.c1.snap.jpg,0.5730802
2022-03-11 19:30:00,/Volumes/Argus/unk/snap/c1/1647027000.c1.snap.jpg,0.58899534
2022-03-11 20:00:00,/Volumes/Argus/unk/snap/c1/1647028800.c1.snap.jpg,0.5419588
2022-03-11 20:30:00,/Volumes/Argus/unk/snap/c1/1647030600.c1.snap.jpg,0.52850235
2022-03-11 21:00:00,/Volumes/Argus/unk/snap/c1/1647032400.c1.snap.jpg,0.52113366
2022-03-11 21:30:00,/Volumes/Argus/unk/snap/c1/1647034200.c1.snap.jpg,0.5003693
2022-03-11 22:00:00,/Volumes/Argus/unk/snap/c1/1647036000.c1.snap.jpg,0.49725187
2022-03-11 22:30:00,/Volumes/Argus/unk/snap/c1/1647037800.c1.snap.jpg,0.52653253
2022-03-11 23:00:00,/Volumes/Argus/unk/snap/c1/1647039600.c1.snap.jpg,0.5466583
2022-03-11 23:30:00,/Volumes/Argus/unk/snap/c1/1647041400.c1.snap.jpg,0.53315055
2022-03-12 00:00:00,/Volumes/Argus/unk/snap/c1/1647043200.c1.snap.jpg,0.51821065
2022-03-12 00:30:00,/Volumes/Argus/unk/snap/c1/1647045000.c1.snap.jpg,0.5075424
2022-03-12 01:00:00,/Volumes/Argus/unk/snap/c1/1647046800.c1.snap.jpg,0.4923785
2022-03-12 01:30:00,/Volumes/Argus/unk/snap/c1/1647048600.c1.snap.jpg,0.50257325
2022-03-12 02:00:00,/Volumes/Argus/unk/snap/c1/1647050400.c1.snap.jpg,0.52549976
2022-03-12 03:30:00,/Volumes/Argus/unk/snap/c1/1647055800.c1.snap.jpg,0.69395685
2022-03-12 04:00:00,/Volumes/Argus/unk/snap/c1/1647057600.c1.snap.jpg,0.5480565
2022-03-12 04:30:00,/Volumes/Argus/unk/snap/c1/1647059400.c1.snap.jpg,0.4742338
2022-03-12 16:30:00,/Volumes/Argus/unk/snap/c1/1647102600.c1.snap.jpg,0.55004805
2022-03-12 17:00:00,/Volumes/Argus/unk/snap/c1/1647104400.c1.snap.jpg,0.6764294
2022-03-12 17:30:00,/Volumes/Argus/unk/snap/c1/1647106200.c1.snap.jpg,0.6321472
2022-03-12 18:00:00,/Volumes/Argus/unk/snap/c1/1647108000.c1.snap.jpg,0.5551885
2022-03-12 18:30:00,/Volumes/Argus/unk/snap/c1/1647109800.c1.snap.jpg,0.52637595
2022-03-12 19:00:00,/Volumes/Argus/unk/snap/c1/1647111600.c1.snap.jpg,0.56369174
2022-03-12 19:30:00,/Volumes/Argus/unk/snap/c1/1647113400.c1.snap.jpg,0.592868
2022-03-12 20:00:00,/Volumes/Argus/unk/snap/c1/1647115200.c1.snap.jpg,0.5644031
2022-03-12 20:30:00,/Volumes/Argus/unk/snap/c1/1647117000.c1.snap.jpg,0.52947056
2022-03-12 21:00:00,/Volumes/Argus/unk/snap/c1/1647118800.c1.snap.jpg,0.5608958
2022-03-12 21:30:00,/Volumes/Argus/unk/snap/c1/1647120600.c1.snap.jpg,0.5676247
2022-03-12 22:00:00,/Volumes/Argus/unk/snap/c1/1647122400.c1.snap.jpg,0.5339167
2022-03-12 22:30:00,/Volumes/Argus/unk/snap/c1/1647124200.c1.snap.jpg,0.54139054
2022-03-12 23:00:00,/Volumes/Argus/unk/snap/c1/1647126000.c1.snap.jpg,0.56072015
2022-03-12 23:30:00,/Volumes/Argus/unk/snap/c1/1647127800.c1.snap.jpg,0.53463596
2022-03-13 00:00:00,/Volumes/Argus/unk/snap/c1/1647129600.c1.snap.jpg,0.5457719
2022-03-13 00:30:00,/Volumes/Argus/unk/snap/c1/1647131400.c1.snap.jpg,0.5333778
2022-03-13 01:00:00,/Volumes/Argus/unk/snap/c1/1647133200.c1.snap.jpg,0.5375918
2022-03-13 02:00:00,/Volumes/Argus/unk/snap/c1/1647136800.c1.snap.jpg,0.5204187
2022-03-13 02:30:00,/Volumes/Argus/unk/snap/c1/1647138600.c1.snap.jpg,0.57110834
2022-03-13 03:00:00,/Volumes/Argus/unk/snap/c1/1647140400.c1.snap.jpg,0.6346587
2022-03-13 03:30:00,/Volumes/Argus/unk/snap/c1/1647142200.c1.snap.jpg,0.66940236
2022-03-13 04:00:00,/Volumes/Argus/unk/snap/c1/1647144000.c1.snap.jpg,0.5476017
2022-03-13 04:30:00,/Volumes/Argus/unk/snap/c1/1647145800.c1.snap.jpg,0.4577359
2022-03-14 16:30:00,/Volumes/Argus/unk/snap/c1/1647275400.c1.snap.jpg,0.5385479
2022-03-14 17:00:00,/Volumes/Argus/unk/snap/c1/1647277200.c1.snap.jpg,0.6461453
2022-03-14 17:30:00,/Volumes/Argus/unk/snap/c1/1647279000.c1.snap.jpg,0.67483926
2022-03-14 18:00:00,/Volumes/Argus/unk/snap/c1/1647280800.c1.snap.jpg,0.6551815
2022-03-14 18:30:00,/Volumes/Argus/unk/snap/c1/1647282600.c1.snap.jpg,0.5839149
2022-03-14 19:30:00,/Volumes/Argus/unk/snap/c1/1647286200.c1.snap.jpg,0.5597553
2022-03-14 20:00:00,/Volumes/Argus/unk/snap/c1/1647288000.c1.snap.jpg,0.5529576
2022-03-14 20:30:00,/Volumes/Argus/unk/snap/c1/1647289800.c1.snap.jpg,0.5161337
2022-03-14 21:00:00,/Volumes/Argus/unk/snap/c1/1647291600.c1.snap.jpg,0.49348095
2022-03-14 21:30:00,/Volumes/Argus/unk/snap/c1/1647293400.c1.snap.jpg,0.4987023
2022-03-14 22:30:00,/Volumes/Argus/unk/snap/c1/1647297000.c1.snap.jpg,0.49501565
2022-03-14 23:00:00,/Volumes/Argus/unk/snap/c1/1647298800.c1.snap.jpg,0.48372865
2022-03-14 23:30:00,/Volumes/Argus/unk/snap/c1/1647300600.c1.snap.jpg,0.5075207
2022-03-15 00:00:00,/Volumes/Argus/unk/snap/c1/1647302400.c1.snap.jpg,0.5120822
2022-03-15 00:30:00,/Volumes/Argus/unk/snap/c1/1647304200.c1.snap.jpg,0.5023996
2022-03-15 01:00:00,/Volumes/Argus/unk/snap/c1/1647306000.c1.snap.jpg,0.50391906
2022-03-15 01:30:00,/Volumes/Argus/unk/snap/c1/1647307800.c1.snap.jpg,0.5375502
2022-03-15 02:00:00,/Volumes/Argus/unk/snap/c1/1647309600.c1.snap.jpg,0.5995369
2022-03-15 02:30:00,/Volumes/Argus/unk/snap/c1/1647311400.c1.snap.jpg,0.62275034
2022-03-15 04:00:00,/Volumes/Argus/unk/snap/c1/1647316800.c1.snap.jpg,0.5617119
2022-03-15 04:30:00,/Volumes/Argus/unk/snap/c1/1647318600.c1.snap.jpg,0.4754824
2022-03-15 16:30:00,/Volumes/Argus/unk/snap/c1/1647361800.c1.snap.jpg,0.5861031
2022-03-15 17:00:00,/Volumes/Argus/unk/snap/c1/1647363600.c1.snap.jpg,0.63846403
2022-03-15 17:30:00,/Volumes/Argus/unk/snap/c1/1647365400.c1.snap.jpg,0.59697795
2022-03-15 18:30:00,/Volumes/Argus/unk/snap/c1/1647369000.c1.snap.jpg,0.5613265
2022-03-15 19:00:00,/Volumes/Argus/unk/snap/c1/1647370800.c1.snap.jpg,0.5719087
2022-03-15 19:30:00,/Volumes/Argus/unk/snap/c1/1647372600.c1.snap.jpg,0.561589
2022-03-15 20:00:00,/Volumes/Argus/unk/snap/c1/1647374400.c1.snap.jpg,0.51578426
2022-03-15 20:30:00,/Volumes/Argus/unk/snap/c1/1647376200.c1.snap.jpg,0.5243448
2022-03-15 21:00:00,/Volumes/Argus/unk/snap/c1/1647378000.c1.snap.jpg,0.47480524
2022-03-15 21:30:00,/Volumes/Argus/unk/snap/c1/1647379800.c1.snap.jpg,0.48940083
2022-03-15 22:00:00,/Volumes/Argus/unk/snap/c1/1647381600.c1.snap.jpg,0.48593915
2022-03-15 22:30:00,/Volumes/Argus/unk/snap/c1/1647383400.c1.snap.jpg,0.46448532
2022-03-15 23:00:00,/Volumes/Argus/unk/snap/c1/1647385200.c1.snap.jpg,0.43963253
2022-03-15 23:30:00,/Volumes/Argus/unk/snap/c1/1647387000.c1.snap.jpg,0.43614608
2022-03-16 00:00:00,/Volumes/Argus/unk/snap/c1/1647388800.c1.snap.jpg,0.44262907
2022-03-16 00:30:00,/Volumes/Argus/unk/snap/c1/1647390600.c1.snap.jpg,0.46110624
2022-03-16 01:00:00,/Volumes/Argus/unk/snap/c1/1647392400.c1.snap.jpg,0.48866922
2022-03-16 01:30:00,/Volumes/Argus/unk/snap/c1/1647394200.c1.snap.jpg,0.5146096
2022-03-16 02:00:00,/Volumes/Argus/unk/snap/c1/1647396000.c1.snap.jpg,0.56395525
2022-03-16 02:30:00,/Volumes/Argus/unk/snap/c1/1647397800.c1.snap.jpg,0.60617507
2022-03-16 03:00:00,/Volumes/Argus/unk/snap/c1/1647399600.c1.snap.jpg,0.62397
2022-03-16 03:30:00,/Volumes/Argus/unk/snap/c1/1647401400.c1.snap.jpg,0.6124036
2022-03-16 04:30:00,/Volumes/Argus/unk/snap/c1/1647405000.c1.snap.jpg,0.5780331
2022-03-17 16:30:00,/Volumes/Argus/unk/snap/c1/1647534600.c1.snap.jpg,0.5790735
2022-03-17 17:00:00,/Volumes/Argus/unk/snap/c1/1647536400.c1.snap.jpg,0.6234435
2022-03-17 17:30:00,/Volumes/Argus/unk/snap/c1/1647538200.c1.snap.jpg,0.6415021
2022-03-17 18:00:00,/Volumes/Argus/unk/snap/c1/1647540000.c1.snap.jpg,0.54582167
2022-03-17 18:30:00,/Volumes/Argus/unk/snap/c1/1647541800.c1.snap.jpg,0.72202647
2022-03-17 19:00:00,/Volumes/Argus/unk/snap/c1/1647543600.c1.snap.jpg,0.6039509
2022-03-17 19:30:00,/Volumes/Argus/unk/snap/c1/1647545400.c1.snap.jpg,0.66970164
2022-03-17 20:00:00,/Volumes/Argus/unk/snap/c1/1647547200.c1.snap.jpg,0.5706593
2022-03-17 20:30:00,/Volumes/Argus/unk/snap/c1/1647549000.c1.snap.jpg,0.59294564
2022-03-17 21:00:00,/Volumes/Argus/unk/snap/c1/1647550800.c1.snap.jpg,0.5709919
2022-03-17 21:30:00,/Volumes/Argus/unk/snap/c1/1647552600.c1.snap.jpg,0.5426729
2022-03-17 22:00:00,/Volumes/Argus/unk/snap/c1/1647554400.c1.snap.jpg,0.571367
2022-03-17 23:00:00,/Volumes/Argus/unk/snap/c1/1647558000.c1.snap.jpg,0.547543
2022-03-17 23:30:00,/Volumes/Argus/unk/snap/c1/1647559800.c1.snap.jpg,0.5590037
2022-03-18 00:00:00,/Volumes/Argus/unk/snap/c1/1647561600.c1.snap.jpg,0.5707663
2022-03-18 00:30:00,/Volumes/Argus/unk/snap/c1/1647563400.c1.snap.jpg,0.5589607
2022-03-18 01:00:00,/Volumes/Argus/unk/snap/c1/1647565200.c1.snap.jpg,0.5533469
2022-03-18 01:30:00,/Volumes/Argus/unk/snap/c1/1647567000.c1.snap.jpg,0.5263729
2022-03-18 02:00:00,/Volumes/Argus/unk/snap/c1/1647568800.c1.snap.jpg,0.5614172
2022-03-18 02:30:00,/Volumes/Argus/unk/snap/c1/1647570600.c1.snap.jpg,0.6043006
2022-03-18 04:30:00,/Volumes/Argus/unk/snap/c1/1647577800.c1.snap.jpg,0.5659429
2022-03-18 16:30:00,/Volumes/Argus/unk/snap/c1/1647621000.c1.snap.jpg,0.59851116
2022-03-18 17:00:00,/Volumes/Argus/unk/snap/c1/1647622800.c1.snap.jpg,0.5807229
2022-03-18 17:30:00,/Volumes/Argus/unk/snap/c1/1647624600.c1.snap.jpg,0.56596065
2022-03-18 18:00:00,/Volumes/Argus/unk/snap/c1/1647626400.c1.snap.jpg,0.5863204
2022-03-18 18:30:00,/Volumes/Argus/unk/snap/c1/1647628200.c1.snap.jpg,0.59170866
2022-03-18 19:00:00,/Volumes/Argus/unk/snap/c1/1647630000.c1.snap.jpg,0.5428353
2022-03-18 19:30:00,/Volumes/Argus/unk/snap/c1/1647631800.c1.snap.jpg,0.7090815
2022-03-18 20:00:00,/Volumes/Argus/unk/snap/c1/1647633600.c1.snap.jpg,0.55434674
2022-03-18 20:30:00,/Volumes/Argus/unk/snap/c1/1647635400.c1.snap.jpg,0.5294232
2022-03-18 21:00:00,/Volumes/Argus/unk/snap/c1/1647637200.c1.snap.jpg,0.5290437
2022-03-18 21:30:00,/Volumes/Argus/unk/snap/c1/1647639000.c1.snap.jpg,0.5112681
2022-03-18 22:00:00,/Volumes/Argus/unk/snap/c1/1647640800.c1.snap.jpg,0.4973752
2022-03-18 22:30:00,/Volumes/Argus/unk/snap/c1/1647642600.c1.snap.jpg,0.48721355
2022-03-18 23:30:00,/Volumes/Argus/unk/snap/c1/1647646200.c1.snap.jpg,0.4362241
2022-03-19 00:00:00,/Volumes/Argus/unk/snap/c1/1647648000.c1.snap.jpg,0.4365287
2022-03-19 00:30:00,/Volumes/Argus/unk/snap/c1/1647649800.c1.snap.jpg,0.43131822
2022-03-19 01:00:00,/Volumes/Argus/unk/snap/c1/1647651600.c1.snap.jpg,0.43363425
2022-03-19 01:30:00,/Volumes/Argus/unk/snap/c1/1647653400.c1.snap.jpg,0.5103719
2022-03-19 03:00:00,/Volumes/Argus/unk/snap/c1/1647658800.c1.snap.jpg,0.62333626
2022-03-19 03:30:00,/Volumes/Argus/unk/snap/c1/1647660600.c1.snap.jpg,0.6273885
2022-03-19 04:00:00,/Volumes/Argus/unk/snap/c1/1647662400.c1.snap.jpg,0.5309821
2022-03-19 04:30:00,/Volumes/Argus/unk/snap/c1/1647664200.c1.snap.jpg,0.627812
2022-03-19 16:30:00,/Volumes/Argus/unk/snap/c1/1647707400.c1.snap.jpg,0.5919317
2022-03-19 17:00:00,/Volumes/Argus/unk/snap/c1/1647709200.c1.snap.jpg,0.59935135
2022-03-19 17:30:00,/Volumes/Argus/unk/snap/c1/1647711000.c1.snap.jpg,0.5830034
2022-03-19 18:00:00,/Volumes/Argus/unk/snap/c1/1647712800.c1.snap.jpg,0.5418871
2022-03-19 18:30:00,/Volumes/Argus/unk/snap/c1/1647714600.c1.snap.jpg,0.58710027
2022-03-19 19:00:00,/Volumes/Argus/unk/snap/c1/1647716400.c1.snap.jpg,0.5626734
2022-03-19 19:30:00,/Volumes/Argus/unk/snap/c1/1647718200.c1.snap.jpg,0.56606793
2022-03-19 20:00:00,/Volumes/Argus/unk/snap/c1/1647720000.c1.snap.jpg,0.5608977
2022-03-19 20:30:00,/Volumes/Argus/unk/snap/c1/1647721800.c1.snap.jpg,0.5399256
2022-03-19 21:00:00,/Volumes/Argus/unk/snap/c1/1647723600.c1.snap.jpg,0.52252126
2022-03-19 21:30:00,/Volumes/Argus/unk/snap/c1/1647725400.c1.snap.jpg,0.52159035
2022-03-19 22:00:00,/Volumes/Argus/unk/snap/c1/1647727200.c1.snap.jpg,0.49770844
2022-03-19 22:30:00,/Volumes/Argus/unk/snap/c1/1647729000.c1.snap.jpg,0.49403995
2022-03-19 23:00:00,/Volumes/Argus/unk/snap/c1/1647730800.c1.snap.jpg,0.5091741
2022-03-20 01:00:00,/Volumes/Argus/unk/snap/c1/1647738000.c1.snap.jpg,0.45771807
2022-03-20 01:30:00,/Volumes/Argus/unk/snap/c1/1647739800.c1.snap.jpg,0.5151098
2022-03-20 02:00:00,/Volumes/Argus/unk/snap/c1/1647741600.c1.snap.jpg,0.5467272
2022-03-20 02:30:00,/Volumes/Argus/unk/snap/c1/1647743400.c1.snap.jpg,0.59107006
2022-03-20 03:00:00,/Volumes/Argus/unk/snap/c1/1647745200.c1.snap.jpg,0.5975023
2022-03-20 03:30:00,/Volumes/Argus/unk/snap/c1/1647747000.c1.snap.jpg,0.5976559
2022-03-20 04:00:00,/Volumes/Argus/unk/snap/c1/1647748800.c1.snap.jpg,0.5214379
2022-03-20 04:30:00,/Volumes/Argus/unk/snap/c1/1647750600.c1.snap.jpg,0.6223851
2022-03-21 16:30:00,/Volumes/Argus/unk/snap/c1/1647880200.c1.snap.jpg,0.6090318
2022-03-21 17:00:00,/Volumes/Argus/unk/snap/c1/1647882000.c1.snap.jpg,0.61719877
2022-03-21 17:30:00,/Volumes/Argus/unk/snap/c1/1647883800.c1.snap.jpg,0.5713334
2022-03-21 18:00:00,/Volumes/Argus/unk/snap/c1/1647885600.c1.snap.jpg,0.54689395
2022-03-21 18:30:00,/Volumes/Argus/unk/snap/c1/1647887400.c1.snap.jpg,0.5729872
2022-03-21 19:00:00,/Volumes/Argus/unk/snap/c1/1647889200.c1.snap.jpg,0.5635988
2022-03-21 19:30:00,/Volumes/Argus/unk/snap/c1/1647891000.c1.snap.jpg,0.5440397
2022-03-21 20:00:00,/Volumes/Argus/unk/snap/c1/1647892800.c1.snap.jpg,0.54520917
2022-03-21 20:30:00,/Volumes/Argus/unk/snap/c1/1647894600.c1.snap.jpg,0.56053376
2022-03-21 21:00:00,/Volumes/Argus/unk/snap/c1/1647896400.c1.snap.jpg,0.56438744
2022-03-21 21:30:00,/Volumes/Argus/unk/snap/c1/1647898200.c1.snap.jpg,0.5504274
2022-03-21 22:00:00,/Volumes/Argus/unk/snap/c1/1647900000.c1.snap.jpg,0.5510433
2022-03-21 22:30:00,/Volumes/Argus/unk/snap/c1/1647901800.c1.snap.jpg,0.526756
2022-03-21 23:00:00,/Volumes/Argus/unk/snap/c1/1647903600.c1.snap.jpg,0.49238324
2022-03-21 23:30:00,/Volumes/Argus/unk/snap/c1/1647905400.c1.snap.jpg,0.4816395
2022-03-22 00:00:00,/Volumes/Argus/unk/snap/c1/1647907200.c1.snap.jpg,0.4542293
2022-03-22 00:30:00,/Volumes/Argus/unk/snap/c1/1647909000.c1.snap.jpg,0.44974035
2022-03-22 01:00:00,/Volumes/Argus/unk/snap/c1/1647910800.c1.snap.jpg,0.4679315
2022-03-22 01:30:00,/Volumes/Argus/unk/snap/c1/1647912600.c1.snap.jpg,0.5085909
2022-03-22 02:00:00,/Volumes/Argus/unk/snap/c1/1647914400.c1.snap.jpg,0.5340934
2022-03-22 02:30:00,/Volumes/Argus/unk/snap/c1/1647916200.c1.snap.jpg,0.5996301
2022-03-22 03:00:00,/Volumes/Argus/unk/snap/c1/1647918000.c1.snap.jpg,0.63380563
2022-03-22 03:30:00,/Volumes/Argus/unk/snap/c1/1647919800.c1.snap.jpg,0.61076003
2022-03-22 04:00:00,/Volumes/Argus/unk/snap/c1/1647921600.c1.snap.jpg,0.56835085
2022-03-22 04:30:00,/Volumes/Argus/unk/snap/c1/1647923400.c1.snap.jpg,0.463524
2022-03-22 16:30:00,/Volumes/Argus/unk/snap/c1/1647966600.c1.snap.jpg,0.63060665
2022-03-22 17:00:00,/Volumes/Argus/unk/snap/c1/1647968400.c1.snap.jpg,0.621761
2022-03-22 17:30:00,/Volumes/Argus/unk/snap/c1/1647970200.c1.snap.jpg,0.59573925
2022-03-22 18:00:00,/Volumes/Argus/unk/snap/c1/1647972000.c1.snap.jpg,0.58736366
2022-03-22 18:30:00,/Volumes/Argus/unk/snap/c1/1647973800.c1.snap.jpg,0.5990332
2022-03-22 19:00:00,/Volumes/Argus/unk/snap/c1/1647975600.c1.snap.jpg,0.550444
2022-03-22 19:30:00,/Volumes/Argus/unk/snap/c1/1647977400.c1.snap.jpg,0.53477794
2022-03-22 20:00:00,/Volumes/Argus/unk/snap/c1/1647979200.c1.snap.jpg,0.51933837
2022-03-22 20:30:00,/Volumes/Argus/unk/snap/c1/1647981000.c1.snap.jpg,0.5238213
2022-03-22 21:00:00,/Volumes/Argus/unk/snap/c1/1647982800.c1.snap.jpg,0.5148799
2022-03-22 21:30:00,/Volumes/Argus/unk/snap/c1/1647984600.c1.snap.jpg,0.5053264
2022-03-22 22:00:00,/Volumes/Argus/unk/snap/c1/1647986400.c1.snap.jpg,0.5222709
2022-03-22 22:30:00,/Volumes/Argus/unk/snap/c1/1647988200.c1.snap.jpg,0.515933
2022-03-22 23:00:00,/Volumes/Argus/unk/snap/c1/1647990000.c1.snap.jpg,0.51141214
2022-03-22 23:30:00,/Volumes/Argus/unk/snap/c1/1647991800.c1.snap.jpg,0.4925266
2022-03-23 00:00:00,/Volumes/Argus/unk/snap/c1/1647993600.c1.snap.jpg,0.48225886
2022-03-23 00:30:00,/Volumes/Argus/unk/snap/c1/1647995400.c1.snap.jpg,0.49922663
2022-03-23 01:00:00,/Volumes/Argus/unk/snap/c1/1647997200.c1.snap.jpg,0.5267041
2022-03-23 01:30:00,/Volumes/Argus/unk/snap/c1/1647999000.c1.snap.jpg,0.48140883
2022-03-23 02:00:00,/Volumes/Argus/unk/snap/c1/1648000800.c1.snap.jpg,0.5295249
2022-03-23 03:00:00,/Volumes/Argus/unk/snap/c1/1648004400.c1.snap.jpg,0.5973805
2022-03-23 03:30:00,/Volumes/Argus/unk/snap/c1/1648006200.c1.snap.jpg,0.5828286
2022-03-23 04:00:00,/Volumes/Argus/unk/snap/c1/1648008000.c1.snap.jpg,0.56826216
2022-03-23 04:30:00,/Volumes/Argus/unk/snap/c1/1648009800.c1.snap.jpg,0.513331
2022-03-23 16:30:00,/Volumes/Argus/unk/snap/c1/1648053000.c1.snap.jpg,0.63781345
2022-03-23 17:00:00,/Volumes/Argus/unk/snap/c1/1648054800.c1.snap.jpg,0.67749757
2022-03-23 17:30:00,/Volumes/Argus/unk/snap/c1/1648056600.c1.snap.jpg,0.67487216
2022-03-23 18:00:00,/Volumes/Argus/unk/snap/c1/1648058400.c1.snap.jpg,0.6092396
2022-03-23 18:30:00,/Volumes/Argus/unk/snap/c1/1648060200.c1.snap.jpg,0.62862754
2022-03-23 19:00:00,/Volumes/Argus/unk/snap/c1/1648062000.c1.snap.jpg,0.57808936
2022-03-23 19:30:00,/Volumes/Argus/unk/snap/c1/1648063800.c1.snap.jpg,0.5514962
2022-03-23 20:00:00,/Volumes/Argus/unk/snap/c1/1648065600.c1.snap.jpg,0.53700614
2022-03-23 20:30:00,/Volumes/Argus/unk/snap/c1/1648067400.c1.snap.jpg,0.5184861
2022-03-23 21:00:00,/Volumes/Argus/unk/snap/c1/1648069200.c1.snap.jpg,0.5112115
2022-03-23 22:00:00,/Volumes/Argus/unk/snap/c1/1648072800.c1.snap.jpg,0.5151259
2022-03-23 22:30:00,/Volumes/Argus/unk/snap/c1/1648074600.c1.snap.jpg,0.5159804
2022-03-23 23:00:00,/Volumes/Argus/unk/snap/c1/1648076400.c1.snap.jpg,0.5071168
2022-03-23 23:30:00,/Volumes/Argus/unk/snap/c1/1648078200.c1.snap.jpg,0.49690348
2022-03-24 00:00:00,/Volumes/Argus/unk/snap/c1/1648080000.c1.snap.jpg,0.49043876
2022-03-24 00:30:00,/Volumes/Argus/unk/snap/c1/1648081800.c1.snap.jpg,0.49927458
2022-03-24 01:00:00,/Volumes/Argus/unk/snap/c1/1648083600.c1.snap.jpg,0.5327095
2022-03-24 01:30:00,/Volumes/Argus/unk/snap/c1/1648085400.c1.snap.jpg,0.575443
2022-03-24 02:00:00,/Volumes/Argus/unk/snap/c1/1648087200.c1.snap.jpg,0.52049446
2022-03-24 02:30:00,/Volumes/Argus/unk/snap/c1/1648089000.c1.snap.jpg,0.5995362
2022-03-24 03:30:00,/Volumes/Argus/unk/snap/c1/1648092600.c1.snap.jpg,0.532976
2022-03-24 04:00:00,/Volumes/Argus/unk/snap/c1/1648094400.c1.snap.jpg,0.570352
2022-03-24 04:30:00,/Volumes/Argus/unk/snap/c1/1648096200.c1.snap.jpg,0.64118123
2022-03-24 16:30:00,/Volumes/Argus/unk/snap/c1/1648139400.c1.snap.jpg,0.7040155
2022-03-24 17:00:00,/Volumes/Argus/unk/snap/c1/1648141200.c1.snap.jpg,0.6469505
2022-03-24 17:30:00,/Volumes/Argus/unk/snap/c1/1648143000.c1.snap.jpg,0.64397967
2022-03-24 18:00:00,/Volumes/Argus/unk/snap/c1/1648144800.c1.snap.jpg,0.6446743
2022-03-24 18:30:00,/Volumes/Argus/unk/snap/c1/1648146600.c1.snap.jpg,0.6050497
2022-03-24 19:30:00,/Volumes/Argus/unk/snap/c1/1648150200.c1.snap.jpg,0.6280664
2022-03-24 20:00:00,/Volumes/Argus/unk/snap/c1/1648152000.c1.snap.jpg,0.6442675
2022-03-24 20:30:00,/Volumes/Argus/unk/snap/c1/1648153800.c1.snap.jpg,0.59054387
2022-03-24 21:00:00,/Volumes/Argus/unk/snap/c1/1648155600.c1.snap.jpg,0.56864554
2022-03-24 21:30:00,/Volumes/Argus/unk/snap/c1/1648157400.c1.snap.jpg,0.6090421
2022-03-24 22:00:00,/Volumes/Argus/unk/snap/c1/1648159200.c1.snap.jpg,0.6018733
2022-03-24 22:30:00,/Volumes/Argus/unk/snap/c1/1648161000.c1.snap.jpg,0.6414182
2022-03-24 23:00:00,/Volumes/Argus/unk/snap/c1/1648162800.c1.snap.jpg,0.6144477
2022-03-24 23:30:00,/Volumes/Argus/unk/snap/c1/1648164600.c1.snap.jpg,0.5784826
2022-03-25 00:00:00,/Volumes/Argus/unk/snap/c1/1648166400.c1.snap.jpg,0.54647195
2022-03-25 00:30:00,/Volumes/Argus/unk/snap/c1/1648168200.c1.snap.jpg,0.537485
2022-03-25 01:00:00,/Volumes/Argus/unk/snap/c1/1648170000.c1.snap.jpg,0.5510879
2022-03-25 01:30:00,/Volumes/Argus/unk/snap/c1/1648171800.c1.snap.jpg,0.54076684
2022-03-25 02:00:00,/Volumes/Argus/unk/snap/c1/1648173600.c1.snap.jpg,0.5380684
2022-03-25 02:30:00,/Volumes/Argus/unk/snap/c1/1648175400.c1.snap.jpg,0.6413051
2022-03-25 03:00:00,/Volumes/Argus/unk/snap/c1/1648177200.c1.snap.jpg,0.5304082
2022-03-25 03:30:00,/Volumes/Argus/unk/snap/c1/1648179000.c1.snap.jpg,0.5493747
2022-03-25 04:00:00,/Volumes/Argus/unk/snap/c1/1648180800.c1.snap.jpg,0.53194785
2022-03-25 04:30:00,/Volumes/Argus/unk/snap/c1/1648182600.c1.snap.jpg,0.5608827
2022-03-25 16:30:00,/Volumes/Argus/unk/snap/c1/1648225800.c1.snap.jpg,0.6141298
2022-03-25 17:00:00,/Volumes/Argus/unk/snap/c1/1648227600.c1.snap.jpg,0.6367798
2022-03-25 17:30:00,/Volumes/Argus/unk/snap/c1/1648229400.c1.snap.jpg,0.6985015
2022-03-25 18:00:00,/Volumes/Argus/unk/snap/c1/1648231200.c1.snap.jpg,0.6304589
2022-03-25 18:30:00,/Volumes/Argus/unk/snap/c1/1648233000.c1.snap.jpg,0.6594537
2022-03-25 19:30:00,/Volumes/Argus/unk/snap/c1/1648236600.c1.snap.jpg,0.6769991
2022-03-25 20:00:00,/Volumes/Argus/unk/snap/c1/1648238400.c1.snap.jpg,0.6683816
2022-03-25 20:30:00,/Volumes/Argus/unk/snap/c1/1648240200.c1.snap.jpg,0.6449188
2022-03-25 21:30:00,/Volumes/Argus/unk/snap/c1/1648243800.c1.snap.jpg,0.6547545
2022-03-25 22:00:00,/Volumes/Argus/unk/snap/c1/1648245600.c1.snap.jpg,0.6610633
2022-03-25 22:30:00,/Volumes/Argus/unk/snap/c1/1648247400.c1.snap.jpg,0.6668804
2022-03-25 23:30:00,/Volumes/Argus/unk/snap/c1/1648251000.c1.snap.jpg,0.631558
2022-03-26 00:00:00,/Volumes/Argus/unk/snap/c1/1648252800.c1.snap.jpg,0.5968943
2022-03-26 00:30:00,/Volumes/Argus/unk/snap/c1/1648254600.c1.snap.jpg,0.56122684
2022-03-26 01:00:00,/Volumes/Argus/unk/snap/c1/1648256400.c1.snap.jpg,0.5740088
2022-03-26 01:30:00,/Volumes/Argus/unk/snap/c1/1648258200.c1.snap.jpg,0.5632406
2022-03-26 02:00:00,/Volumes/Argus/unk/snap/c1/1648260000.c1.snap.jpg,0.5497222
2022-03-26 02:30:00,/Volumes/Argus/unk/snap/c1/1648261800.c1.snap.jpg,0.62306756
2022-03-26 03:00:00,/Volumes/Argus/unk/snap/c1/1648263600.c1.snap.jpg,0.5954405
2022-03-26 03:30:00,/Volumes/Argus/unk/snap/c1/1648265400.c1.snap.jpg,0.5911851
2022-03-26 04:00:00,/Volumes/Argus/unk/snap/c1/1648267200.c1.snap.jpg,0.59935176
2022-03-26 04:30:00,/Volumes/Argus/unk/snap/c1/1648269000.c1.snap.jpg,0.592695
2022-03-26 16:30:00,/Volumes/Argus/unk/snap/c1/1648312200.c1.snap.jpg,0.67251825
2022-03-26 17:00:00,/Volumes/Argus/unk/snap/c1/1648314000.c1.snap.jpg,0.6193907
2022-03-26 17:30:00,/Volumes/Argus/unk/snap/c1/1648315800.c1.snap.jpg,0.5879855
2022-03-26 18:00:00,/Volumes/Argus/unk/snap/c1/1648317600.c1.snap.jpg,0.65183866
2022-03-26 18:30:00,/Volumes/Argus/unk/snap/c1/1648319400.c1.snap.jpg,0.64691854
2022-03-26 19:00:00,/Volumes/Argus/unk/snap/c1/1648321200.c1.snap.jpg,0.6658467
2022-03-26 19:30:00,/Volumes/Argus/unk/snap/c1/1648323000.c1.snap.jpg,0.6925096
2022-03-26 20:00:00,/Volumes/Argus/unk/snap/c1/1648324800.c1.snap.jpg,0.6713488
2022-03-26 21:00:00,/Volumes/Argus/unk/snap/c1/1648328400.c1.snap.jpg,0.6427392
2022-03-26 21:30:00,/Volumes/Argus/unk/snap/c1/1648330200.c1.snap.jpg,0.63352895
2022-03-26 22:00:00,/Volumes/Argus/unk/snap/c1/1648332000.c1.snap.jpg,0.600031
2022-03-26 22:30:00,/Volumes/Argus/unk/snap/c1/1648333800.c1.snap.jpg,0.668476
2022-03-26 23:00:00,/Volumes/Argus/unk/snap/c1/1648335600.c1.snap.jpg,0.637925
2022-03-26 23:30:00,/Volumes/Argus/unk/snap/c1/1648337400.c1.snap.jpg,0.5868677
2022-03-27 00:00:00,/Volumes/Argus/unk/snap/c1/1648339200.c1.snap.jpg,0.5582231
2022-03-27 00:30:00,/Volumes/Argus/unk/snap/c1/1648341000.c1.snap.jpg,0.5752161
2022-03-27 01:30:00,/Volumes/Argus/unk/snap/c1/1648344600.c1.snap.jpg,0.47371686
2022-03-27 02:30:00,/Volumes/Argus/unk/snap/c1/1648348200.c1.snap.jpg,0.6868211
2022-03-27 03:00:00,/Volumes/Argus/unk/snap/c1/1648350000.c1.snap.jpg,0.6118295
2022-03-27 03:30:00,/Volumes/Argus/unk/snap/c1/1648351800.c1.snap.jpg,0.61881423
2022-03-27 04:00:00,/Volumes/Argus/unk/snap/c1/1648353600.c1.snap.jpg,0.5145191
2022-03-27 04:30:00,/Volumes/Argus/unk/snap/c1/1648355400.c1.snap.jpg,0.60259986
2022-03-27 16:30:00,/Volumes/Argus/unk/snap/c1/1648398600.c1.snap.jpg,0.7038232
2022-03-27 17:00:00,/Volumes/Argus/unk/snap/c1/1648400400.c1.snap.jpg,0.6722797
2022-03-27 17:30:00,/Volumes/Argus/unk/snap/c1/1648402200.c1.snap.jpg,0.6556002
2022-03-27 18:00:00,/Volumes/Argus/unk/snap/c1/1648404000.c1.snap.jpg,0.6695242
2022-03-27 18:30:00,/Volumes/Argus/unk/snap/c1/1648405800.c1.snap.jpg,0.67592436
2022-03-27 19:00:00,/Volumes/Argus/unk/snap/c1/1648407600.c1.snap.jpg,0.6962559
2022-03-27 19:30:00,/Volumes/Argus/unk/snap/c1/1648409400.c1.snap.jpg,0.64019805
2022-03-27 20:00:00,/Volumes/Argus/unk/snap/c1/1648411200.c1.snap.jpg,0.7809778
2022-03-27 21:00:00,/Volumes/Argus/unk/snap/c1/1648414800.c1.snap.jpg,0.64826506
2022-03-27 21:30:00,/Volumes/Argus/unk/snap/c1/1648416600.c1.snap.jpg,0.70810664
2022-03-27 22:00:00,/Volumes/Argus/unk/snap/c1/1648418400.c1.snap.jpg,0.67716545
2022-03-27 22:30:00,/Volumes/Argus/unk/snap/c1/1648420200.c1.snap.jpg,0.6111317
2022-03-27 23:00:00,/Volumes/Argus/unk/snap/c1/1648422000.c1.snap.jpg,0.61921906
2022-03-27 23:30:00,/Volumes/Argus/unk/snap/c1/1648423800.c1.snap.jpg,0.58285266
2022-03-28 00:00:00,/Volumes/Argus/unk/snap/c1/1648425600.c1.snap.jpg,0.5620412
2022-03-28 00:30:00,/Volumes/Argus/unk/snap/c1/1648427400.c1.snap.jpg,0.5404618
2022-03-28 01:00:00,/Volumes/Argus/unk/snap/c1/1648429200.c1.snap.jpg,0.5209095
2022-03-28 01:30:00,/Volumes/Argus/unk/snap/c1/1648431000.c1.snap.jpg,0.5352238
2022-03-28 02:00:00,/Volumes/Argus/unk/snap/c1/1648432800.c1.snap.jpg,0.5530077
2022-03-28 02:30:00,/Volumes/Argus/unk/snap/c1/1648434600.c1.snap.jpg,0.5682514
2022-03-28 04:00:00,/Volumes/Argus/unk/snap/c1/1648440000.c1.snap.jpg,0.52239746
2022-03-28 04:30:00,/Volumes/Argus/unk/snap/c1/1648441800.c1.snap.jpg,0.5301916
2022-03-28 16:30:00,/Volumes/Argus/unk/snap/c1/1648485000.c1.snap.jpg,0.65847385
2022-03-28 17:00:00,/Volumes/Argus/unk/snap/c1/1648486800.c1.snap.jpg,0.6199597
2022-03-28 17:30:00,/Volumes/Argus/unk/snap/c1/1648488600.c1.snap.jpg,0.6365503
2022-03-28 18:00:00,/Volumes/Argus/unk/snap/c1/1648490400.c1.snap.jpg,0.63645697
2022-03-28 18:30:00,/Volumes/Argus/unk/snap/c1/1648492200.c1.snap.jpg,0.6111591
2022-03-28 19:00:00,/Volumes/Argus/unk/snap/c1/1648494000.c1.snap.jpg,0.6085067
2022-03-28 19:30:00,/Volumes/Argus/unk/snap/c1/1648495800.c1.snap.jpg,0.67452013
2022-03-28 20:00:00,/Volumes/Argus/unk/snap/c1/1648497600.c1.snap.jpg,0.6192924
2022-03-28 21:00:00,/Volumes/Argus/unk/snap/c1/1648501200.c1.snap.jpg,0.69200826
2022-03-28 22:00:00,/Volumes/Argus/unk/snap/c1/1648504800.c1.snap.jpg,0.7124992
2022-03-28 22:30:00,/Volumes/Argus/unk/snap/c1/1648506600.c1.snap.jpg,0.6905112
2022-03-28 23:00:00,/Volumes/Argus/unk/snap/c1/1648508400.c1.snap.jpg,0.7064586
2022-03-28 23:30:00,/Volumes/Argus/unk/snap/c1/1648510200.c1.snap.jpg,0.7026367
2022-03-29 00:00:00,/Volumes/Argus/unk/snap/c1/1648512000.c1.snap.jpg,0.6514445
2022-03-29 00:30:00,/Volumes/Argus/unk/snap/c1/1648513800.c1.snap.jpg,0.6680104
2022-03-29 01:00:00,/Volumes/Argus/unk/snap/c1/1648515600.c1.snap.jpg,0.65527
2022-03-29 02:00:00,/Volumes/Argus/unk/snap/c1/1648519200.c1.snap.jpg,0.6087436
2022-03-29 03:00:00,/Volumes/Argus/unk/snap/c1/1648522800.c1.snap.jpg,0.5640907
2022-03-29 03:30:00,/Volumes/Argus/unk/snap/c1/1648524600.c1.snap.jpg,0.53328556
2022-03-29 04:00:00,/Volumes/Argus/unk/snap/c1/1648526400.c1.snap.jpg,0.5260701
2022-03-29 04:30:00,/Volumes/Argus/unk/snap/c1/1648528200.c1.snap.jpg,0.5536033
2022-03-30 16:30:00,/Volumes/Argus/unk/snap/c1/1648657800.c1.snap.jpg,0.6270349
2022-03-30 17:00:00,/Volumes/Argus/unk/snap/c1/1648659600.c1.snap.jpg,0.4976443
2022-03-30 17:30:00,/Volumes/Argus/unk/snap/c1/1648661400.c1.snap.jpg,0.53805274
2022-03-30 18:00:00,/Volumes/Argus/unk/snap/c1/1648663200.c1.snap.jpg,0.65439963
2022-03-30 18:30:00,/Volumes/Argus/unk/snap/c1/1648665000.c1.snap.jpg,0.66895115
2022-03-30 19:00:00,/Volumes/Argus/unk/snap/c1/1648666800.c1.snap.jpg,0.6785128
2022-03-30 19:30:00,/Volumes/Argus/unk/snap/c1/1648668600.c1.snap.jpg,0.6807601
2022-03-30 20:00:00,/Volumes/Argus/unk/snap/c1/1648670400.c1.snap.jpg,0.65911245
2022-03-30 20:30:00,/Volumes/Argus/unk/snap/c1/1648672200.c1.snap.jpg,0.65392435
2022-03-30 21:00:00,/Volumes/Argus/unk/snap/c1/1648674000.c1.snap.jpg,0.6619679
2022-03-30 21:30:00,/Volumes/Argus/unk/snap/c1/1648675800.c1.snap.jpg,0.6642364
2022-03-30 22:00:00,/Volumes/Argus/unk/snap/c1/1648677600.c1.snap.jpg,0.6605822
2022-03-30 22:30:00,/Volumes/Argus/unk/snap/c1/1648679400.c1.snap.jpg,0.6332484
2022-03-30 23:00:00,/Volumes/Argus/unk/snap/c1/1648681200.c1.snap.jpg,0.57654756
2022-03-30 23:30:00,/Volumes/Argus/unk/snap/c1/1648683000.c1.snap.jpg,0.58503103
2022-03-31 00:00:00,/Volumes/Argus/unk/snap/c1/1648684800.c1.snap.jpg,0.58023083
2022-03-31 00:30:00,/Volumes/Argus/unk/snap/c1/1648686600.c1.snap.jpg,0.5954807
2022-03-31 01:30:00,/Volumes/Argus/unk/snap/c1/1648690200.c1.snap.jpg,0.5687346
2022-03-31 02:00:00,/Volumes/Argus/unk/snap/c1/1648692000.c1.snap.jpg,0.5528375
2022-03-31 02:30:00,/Volumes/Argus/unk/snap/c1/1648693800.c1.snap.jpg,0.59839654
2022-03-31 04:00:00,/Volumes/Argus/unk/snap/c1/1648699200.c1.snap.jpg,0.5369998
2022-03-31 04:30:00,/Volumes/Argus/unk/snap/c1/1648701000.c1.snap.jpg,0.69016796
2022-03-31 16:30:00,/Volumes/Argus/unk/snap/c1/1648744200.c1.snap.jpg,0.6828139
2022-03-31 17:00:00,/Volumes/Argus/unk/snap/c1/1648746000.c1.snap.jpg,0.6451103
2022-03-31 17:30:00,/Volumes/Argus/unk/snap/c1/1648747800.c1.snap.jpg,0.6752589
2022-03-31 18:00:00,/Volumes/Argus/unk/snap/c1/1648749600.c1.snap.jpg,0.72883326
2022-03-31 18:30:00,/Volumes/Argus/unk/snap/c1/1648751400.c1.snap.jpg,0.6505204
2022-03-31 19:00:00,/Volumes/Argus/unk/snap/c1/1648753200.c1.snap.jpg,0.61861676
2022-03-31 19:30:00,/Volumes/Argus/unk/snap/c1/1648755000.c1.snap.jpg,0.5914353
2022-03-31 20:00:00,/Volumes/Argus/unk/snap/c1/1648756800.c1.snap.jpg,0.70330787
2022-03-31 20:30:00,/Volumes/Argus/unk/snap/c1/1648758600.c1.snap.jpg,0.67866206
2022-03-31 21:00:00,/Volumes/Argus/unk/snap/c1/1648760400.c1.snap.jpg,0.61182845
2022-03-31 21:30:00,/Volumes/Argus/unk/snap/c1/1648762200.c1.snap.jpg,0.7161336
2022-03-31 22:00:00,/Volumes/Argus/unk/snap/c1/1648764000.c1.snap.jpg,0.691126
2022-03-31 22:30:00,/Volumes/Argus/unk/snap/c1/1648765800.c1.snap.jpg,0.6075594
2022-03-31 23:00:00,/Volumes/Argus/unk/snap/c1/1648767600.c1.snap.jpg,0.67575526
2022-03-31 23:30:00,/Volumes/Argus/unk/snap/c1/1648769400.c1.snap.jpg,0.67297554
2022-04-01 00:00:00,/Volumes/Argus/unk/snap/c1/1648771200.c1.snap.jpg,0.58332753
2022-04-01 00:30:00,/Volumes/Argus/unk/snap/c1/1648773000.c1.snap.jpg,0.60608107
2022-04-01 01:00:00,/Volumes/Argus/unk/snap/c1/1648774800.c1.snap.jpg,0.61633253
2022-04-01 01:30:00,/Volumes/Argus/unk/snap/c1/1648776600.c1.snap.jpg,0.6289017
2022-04-01 02:00:00,/Volumes/Argus/unk/snap/c1/1648778400.c1.snap.jpg,0.6913717
2022-04-01 02:30:00,/Volumes/Argus/unk/snap/c1/1648780200.c1.snap.jpg,0.6717747
2022-04-01 03:00:00,/Volumes/Argus/unk/snap/c1/1648782000.c1.snap.jpg,0.68366253
2022-04-01 03:30:00,/Volumes/Argus/unk/snap/c1/1648783800.c1.snap.jpg,0.6995969
2022-04-01 04:00:00,/Volumes/Argus/unk/snap/c1/1648785600.c1.snap.jpg,0.64865303
2022-04-01 04:30:00,/Volumes/Argus/unk/snap/c1/1648787400.c1.snap.jpg,0.6288399
2022-04-01 16:30:00,/Volumes/Argus/unk/snap/c1/1648830600.c1.snap.jpg,0.5628648
2022-04-01 17:00:00,/Volumes/Argus/unk/snap/c1/1648832400.c1.snap.jpg,0.6315418
2022-04-01 17:30:00,/Volumes/Argus/unk/snap/c1/1648834200.c1.snap.jpg,0.58923113
2022-04-01 18:30:00,/Volumes/Argus/unk/snap/c1/1648837800.c1.snap.jpg,0.6586257
2022-04-01 19:00:00,/Volumes/Argus/unk/snap/c1/1648839600.c1.snap.jpg,0.7042384
2022-04-01 19:30:00,/Volumes/Argus/unk/snap/c1/1648841400.c1.snap.jpg,0.62354493
2022-04-01 20:00:00,/Volumes/Argus/unk/snap/c1/1648843200.c1.snap.jpg,0.5923679
2022-04-01 20:30:00,/Volumes/Argus/unk/snap/c1/1648845000.c1.snap.jpg,0.6621214
2022-04-01 21:00:00,/Volumes/Argus/unk/snap/c1/1648846800.c1.snap.jpg,0.6562853
2022-04-01 21:30:00,/Volumes/Argus/unk/snap/c1/1648848600.c1.snap.jpg,0.6798961
2022-04-01 22:00:00,/Volumes/Argus/unk/snap/c1/1648850400.c1.snap.jpg,0.69159317
2022-04-01 22:30:00,/Volumes/Argus/unk/snap/c1/1648852200.c1.snap.jpg,0.68270767
2022-04-01 23:00:00,/Volumes/Argus/unk/snap/c1/1648854000.c1.snap.jpg,0.6636317
2022-04-01 23:30:00,/Volumes/Argus/unk/snap/c1/1648855800.c1.snap.jpg,0.6533964
2022-04-02 01:00:00,/Volumes/Argus/unk/snap/c1/1648861200.c1.snap.jpg,0.5424472
2022-04-02 01:30:00,/Volumes/Argus/unk/snap/c1/1648863000.c1.snap.jpg,0.5395229
2022-04-02 02:00:00,/Volumes/Argus/unk/snap/c1/1648864800.c1.snap.jpg,0.5409264
2022-04-02 03:00:00,/Volumes/Argus/unk/snap/c1/1648868400.c1.snap.jpg,0.5770782
2022-04-02 03:30:00,/Volumes/Argus/unk/snap/c1/1648870200.c1.snap.jpg,0.58771646
2022-04-02 04:00:00,/Volumes/Argus/unk/snap/c1/1648872000.c1.snap.jpg,0.5482769
2022-04-02 04:30:00,/Volumes/Argus/unk/snap/c1/1648873800.c1.snap.jpg,0.6117716
2022-04-02 16:30:00,/Volumes/Argus/unk/snap/c1/1648917000.c1.snap.jpg,0.57809794
2022-04-02 17:00:00,/Volumes/Argus/unk/snap/c1/1648918800.c1.snap.jpg,0.64171994
2022-04-02 17:30:00,/Volumes/Argus/unk/snap/c1/1648920600.c1.snap.jpg,0.5965275
2022-04-02 18:00:00,/Volumes/Argus/unk/snap/c1/1648922400.c1.snap.jpg,0.7211248
2022-04-02 18:30:00,/Volumes/Argus/unk/snap/c1/1648924200.c1.snap.jpg,0.7372437
2022-04-02 19:00:00,/Volumes/Argus/unk/snap/c1/1648926000.c1.snap.jpg,0.5584112
2022-04-02 19:30:00,/Volumes/Argus/unk/snap/c1/1648927800.c1.snap.jpg,0.6171623
2022-04-02 20:00:00,/Volumes/Argus/unk/snap/c1/1648929600.c1.snap.jpg,0.623434
2022-04-02 20:30:00,/Volumes/Argus/unk/snap/c1/1648931400.c1.snap.jpg,0.59064937
2022-04-02 21:00:00,/Volumes/Argus/unk/snap/c1/1648933200.c1.snap.jpg,0.5924624
2022-04-02 21:30:00,/Volumes/Argus/unk/snap/c1/1648935000.c1.snap.jpg,0.58363754
2022-04-02 22:00:00,/Volumes/Argus/unk/snap/c1/1648936800.c1.snap.jpg,0.6166959
2022-04-02 22:30:00,/Volumes/Argus/unk/snap/c1/1648938600.c1.snap.jpg,0.6179782
2022-04-02 23:00:00,/Volumes/Argus/unk/snap/c1/1648940400.c1.snap.jpg,0.58601874
2022-04-02 23:30:00,/Volumes/Argus/unk/snap/c1/1648942200.c1.snap.jpg,0.58815503
2022-04-03 00:00:00,/Volumes/Argus/unk/snap/c1/1648944000.c1.snap.jpg,0.65849566
2022-04-03 00:30:00,/Volumes/Argus/unk/snap/c1/1648945800.c1.snap.jpg,0.5762583
2022-04-03 01:00:00,/Volumes/Argus/unk/snap/c1/1648947600.c1.snap.jpg,0.5883996
2022-04-03 01:30:00,/Volumes/Argus/unk/snap/c1/1648949400.c1.snap.jpg,0.58340716
2022-04-03 02:00:00,/Volumes/Argus/unk/snap/c1/1648951200.c1.snap.jpg,0.5867871
2022-04-03 02:30:00,/Volumes/Argus/unk/snap/c1/1648953000.c1.snap.jpg,0.5587725
2022-04-03 03:00:00,/Volumes/Argus/unk/snap/c1/1648954800.c1.snap.jpg,0.54634154
2022-04-03 03:30:00,/Volumes/Argus/unk/snap/c1/1648956600.c1.snap.jpg,0.46864814
2022-04-03 04:00:00,/Volumes/Argus/unk/snap/c1/1648958400.c1.snap.jpg,0.43137503
2022-04-03 04:30:00,/Volumes/Argus/unk/snap/c1/1648960200.c1.snap.jpg,0.48362345
2022-04-03 16:30:00,/Volumes/Argus/unk/snap/c1/1649003400.c1.snap.jpg,0.48704803
2022-04-03 17:00:00,/Volumes/Argus/unk/snap/c1/1649005200.c1.snap.jpg,0.42885488
2022-04-03 18:00:00,/Volumes/Argus/unk/snap/c1/1649008800.c1.snap.jpg,0.48114693
2022-04-03 18:30:00,/Volumes/Argus/unk/snap/c1/1649010600.c1.snap.jpg,0.530908
2022-04-03 19:00:00,/Volumes/Argus/unk/snap/c1/1649012400.c1.snap.jpg,0.51970464
2022-04-03 19:30:00,/Volumes/Argus/unk/snap/c1/1649014200.c1.snap.jpg,0.68495905
2022-04-03 20:00:00,/Volumes/Argus/unk/snap/c1/1649016000.c1.snap.jpg,0.5427185
2022-04-03 20:30:00,/Volumes/Argus/unk/snap/c1/1649017800.c1.snap.jpg,0.6341389
2022-04-03 21:00:00,/Volumes/Argus/unk/snap/c1/1649019600.c1.snap.jpg,0.64994395
2022-04-03 21:30:00,/Volumes/Argus/unk/snap/c1/1649021400.c1.snap.jpg,0.52263266
2022-04-03 22:00:00,/Volumes/Argus/unk/snap/c1/1649023200.c1.snap.jpg,0.38649905
2022-04-03 22:30:00,/Volumes/Argus/unk/snap/c1/1649025000.c1.snap.jpg,0.4853332
2022-04-03 23:00:00,/Volumes/Argus/unk/snap/c1/1649026800.c1.snap.jpg,0.61883986
2022-04-03 23:30:00,/Volumes/Argus/unk/snap/c1/1649028600.c1.snap.jpg,0.49459735
2022-04-04 00:00:00,/Volumes/Argus/unk/snap/c1/1649030400.c1.snap.jpg,0.49700403
2022-04-04 00:30:00,/Volumes/Argus/unk/snap/c1/1649032200.c1.snap.jpg,0.6337675
2022-04-04 01:00:00,/Volumes/Argus/unk/snap/c1/1649034000.c1.snap.jpg,0.4449784
2022-04-04 01:30:00,/Volumes/Argus/unk/snap/c1/1649035800.c1.snap.jpg,0.5422758
2022-04-04 02:00:00,/Volumes/Argus/unk/snap/c1/1649037600.c1.snap.jpg,0.55721223
2022-04-04 02:30:00,/Volumes/Argus/unk/snap/c1/1649039400.c1.snap.jpg,0.5876008
2022-04-04 03:00:00,/Volumes/Argus/unk/snap/c1/1649041200.c1.snap.jpg,0.5656096
2022-04-04 04:00:00,/Volumes/Argus/unk/snap/c1/1649044800.c1.snap.jpg,0.5145345
2022-04-04 04:30:00,/Volumes/Argus/unk/snap/c1/1649046600.c1.snap.jpg,0.5817113
2022-04-04 16:30:00,/Volumes/Argus/unk/snap/c1/1649089800.c1.snap.jpg,0.6964985
2022-04-04 17:00:00,/Volumes/Argus/unk/snap/c1/1649091600.c1.snap.jpg,0.6939838
2022-04-04 17:30:00,/Volumes/Argus/unk/snap/c1/1649093400.c1.snap.jpg,0.569639
2022-04-04 18:00:00,/Volumes/Argus/unk/snap/c1/1649095200.c1.snap.jpg,0.5558127
2022-04-04 18:30:00,/Volumes/Argus/unk/snap/c1/1649097000.c1.snap.jpg,0.56572825
2022-04-04 19:00:00,/Volumes/Argus/unk/snap/c1/1649098800.c1.snap.jpg,0.5967007
2022-04-04 19:30:00,/Volumes/Argus/unk/snap/c1/1649100600.c1.snap.jpg,0.5729969
2022-04-04 20:00:00,/Volumes/Argus/unk/snap/c1/1649102400.c1.snap.jpg,0.5560458
2022-04-04 20:30:00,/Volumes/Argus/unk/snap/c1/1649104200.c1.snap.jpg,0.6621752
2022-04-04 21:00:00,/Volumes/Argus/unk/snap/c1/1649106000.c1.snap.jpg,0.71064246
2022-04-04 21:30:00,/Volumes/Argus/unk/snap/c1/1649107800.c1.snap.jpg,0.6697097
2022-04-04 22:00:00,/Volumes/Argus/unk/snap/c1/1649109600.c1.snap.jpg,0.7061583
2022-04-04 22:30:00,/Volumes/Argus/unk/snap/c1/1649111400.c1.snap.jpg,0.7063383
2022-04-04 23:00:00,/Volumes/Argus/unk/snap/c1/1649113200.c1.snap.jpg,0.6361056
2022-04-04 23:30:00,/Volumes/Argus/unk/snap/c1/1649115000.c1.snap.jpg,0.6401385
2022-04-05 00:00:00,/Volumes/Argus/unk/snap/c1/1649116800.c1.snap.jpg,0.6524313
2022-04-05 00:30:00,/Volumes/Argus/unk/snap/c1/1649118600.c1.snap.jpg,0.6119491
2022-04-05 01:00:00,/Volumes/Argus/unk/snap/c1/1649120400.c1.snap.jpg,0.58423555
2022-04-05 01:30:00,/Volumes/Argus/unk/snap/c1/1649122200.c1.snap.jpg,0.5015788
2022-04-05 02:00:00,/Volumes/Argus/unk/snap/c1/1649124000.c1.snap.jpg,0.54965115
2022-04-05 03:00:00,/Volumes/Argus/unk/snap/c1/1649127600.c1.snap.jpg,0.55875766
2022-04-05 04:00:00,/Volumes/Argus/unk/snap/c1/1649131200.c1.snap.jpg,0.55328417
2022-04-05 04:30:00,/Volumes/Argus/unk/snap/c1/1649133000.c1.snap.jpg,0.5858762
2022-04-06 16:30:00,/Volumes/Argus/unk/snap/c1/1649262600.c1.snap.jpg,0.57957155
2022-04-06 17:00:00,/Volumes/Argus/unk/snap/c1/1649264400.c1.snap.jpg,0.6497704
2022-04-06 17:30:00,/Volumes/Argus/unk/snap/c1/1649266200.c1.snap.jpg,0.6451539
2022-04-06 18:00:00,/Volumes/Argus/unk/snap/c1/1649268000.c1.snap.jpg,0.66316634
2022-04-06 18:30:00,/Volumes/Argus/unk/snap/c1/1649269800.c1.snap.jpg,0.5694213
2022-04-06 19:00:00,/Volumes/Argus/unk/snap/c1/1649271600.c1.snap.jpg,0.601573
2022-04-06 19:30:00,/Volumes/Argus/unk/snap/c1/1649273400.c1.snap.jpg,0.5815425
2022-04-06 20:00:00,/Volumes/Argus/unk/snap/c1/1649275200.c1.snap.jpg,0.6787065
2022-04-06 20:30:00,/Volumes/Argus/unk/snap/c1/1649277000.c1.snap.jpg,0.6411338
2022-04-06 21:00:00,/Volumes/Argus/unk/snap/c1/1649278800.c1.snap.jpg,0.67004126
2022-04-06 21:30:00,/Volumes/Argus/unk/snap/c1/1649280600.c1.snap.jpg,0.6842297
2022-04-06 22:00:00,/Volumes/Argus/unk/snap/c1/1649282400.c1.snap.jpg,0.69883066
2022-04-06 22:30:00,/Volumes/Argus/unk/snap/c1/1649284200.c1.snap.jpg,0.68551254
2022-04-06 23:00:00,/Volumes/Argus/unk/snap/c1/1649286000.c1.snap.jpg,0.6383907
2022-04-06 23:30:00,/Volumes/Argus/unk/snap/c1/1649287800.c1.snap.jpg,0.5934836
2022-04-07 00:00:00,/Volumes/Argus/unk/snap/c1/1649289600.c1.snap.jpg,0.5941717
2022-04-07 00:30:00,/Volumes/Argus/unk/snap/c1/1649291400.c1.snap.jpg,0.576255
2022-04-07 01:00:00,/Volumes/Argus/unk/snap/c1/1649293200.c1.snap.jpg,0.59475464
2022-04-07 01:30:00,/Volumes/Argus/unk/snap/c1/1649295000.c1.snap.jpg,0.5994909
2022-04-07 02:00:00,/Volumes/Argus/unk/snap/c1/1649296800.c1.snap.jpg,0.6624926
2022-04-07 03:00:00,/Volumes/Argus/unk/snap/c1/1649300400.c1.snap.jpg,0.64110976
2022-04-07 03:30:00,/Volumes/Argus/unk/snap/c1/1649302200.c1.snap.jpg,0.5863731
2022-04-07 04:00:00,/Volumes/Argus/unk/snap/c1/1649304000.c1.snap.jpg,0.5531379
2022-04-07 04:30:00,/Volumes/Argus/unk/snap/c1/1649305800.c1.snap.jpg,0.58400977
2022-04-08 16:30:00,/Volumes/Argus/unk/snap/c1/1649435400.c1.snap.jpg,1.1348276
2022-04-08 17:00:00,/Volumes/Argus/unk/snap/c1/1649437200.c1.snap.jpg,0.77261895
2022-04-08 17:30:00,/Volumes/Argus/unk/snap/c1/1649439000.c1.snap.jpg,0.7835328
2022-04-08 18:00:00,/Volumes/Argus/unk/snap/c1/1649440800.c1.snap.jpg,0.66335416
2022-04-08 19:00:00,/Volumes/Argus/unk/snap/c1/1649444400.c1.snap.jpg,0.5666851
2022-04-08 19:30:00,/Volumes/Argus/unk/snap/c1/1649446200.c1.snap.jpg,0.64630485
2022-04-08 20:00:00,/Volumes/Argus/unk/snap/c1/1649448000.c1.snap.jpg,0.74631715
2022-04-08 20:30:00,/Volumes/Argus/unk/snap/c1/1649449800.c1.snap.jpg,0.5065867
2022-04-08 21:00:00,/Volumes/Argus/unk/snap/c1/1649451600.c1.snap.jpg,0.5851949
2022-04-08 21:30:00,/Volumes/Argus/unk/snap/c1/1649453400.c1.snap.jpg,0.5574901
2022-04-08 22:00:00,/Volumes/Argus/unk/snap/c1/1649455200.c1.snap.jpg,0.62786585
2022-04-08 22:30:00,/Volumes/Argus/unk/snap/c1/1649457000.c1.snap.jpg,0.60351694
2022-04-08 23:30:00,/Volumes/Argus/unk/snap/c1/1649460600.c1.snap.jpg,0.61524975
2022-04-09 00:00:00,/Volumes/Argus/unk/snap/c1/1649462400.c1.snap.jpg,0.5257773
2022-04-09 00:30:00,/Volumes/Argus/unk/snap/c1/1649464200.c1.snap.jpg,0.63791597
2022-04-09 01:00:00,/Volumes/Argus/unk/snap/c1/1649466000.c1.snap.jpg,0.6351432
2022-04-09 02:00:00,/Volumes/Argus/unk/snap/c1/1649469600.c1.snap.jpg,0.70260906
2022-04-09 03:00:00,/Volumes/Argus/unk/snap/c1/1649473200.c1.snap.jpg,0.66105485
2022-04-09 03:30:00,/Volumes/Argus/unk/snap/c1/1649475000.c1.snap.jpg,0.53229386
2022-04-09 04:00:00,/Volumes/Argus/unk/snap/c1/1649476800.c1.snap.jpg,0.6884481
2022-04-09 04:30:00,/Volumes/Argus/unk/snap/c1/1649478600.c1.snap.jpg,0.56256676
2022-04-10 17:00:00,/Volumes/Argus/unk/snap/c1/1649610000.c1.snap.jpg,0.829036
2022-04-10 17:30:00,/Volumes/Argus/unk/snap/c1/1649611800.c1.snap.jpg,0.8179952
2022-04-10 18:00:00,/Volumes/Argus/unk/snap/c1/1649613600.c1.snap.jpg,0.82938445
2022-04-10 18:30:00,/Volumes/Argus/unk/snap/c1/1649615400.c1.snap.jpg,0.84676206
2022-04-10 19:00:00,/Volumes/Argus/unk/snap/c1/1649617200.c1.snap.jpg,0.85268825
2022-04-10 19:30:00,/Volumes/Argus/unk/snap/c1/1649619000.c1.snap.jpg,0.8177219
2022-04-10 20:00:00,/Volumes/Argus/unk/snap/c1/1649620800.c1.snap.jpg,0.8397963
2022-04-10 20:30:00,/Volumes/Argus/unk/snap/c1/1649622600.c1.snap.jpg,0.9408753
2022-04-10 21:00:00,/Volumes/Argus/unk/snap/c1/1649624400.c1.snap.jpg,0.97681725
2022-04-10 21:30:00,/Volumes/Argus/unk/snap/c1/1649626200.c1.snap.jpg,0.9309202
2022-04-10 22:00:00,/Volumes/Argus/unk/snap/c1/1649628000.c1.snap.jpg,0.8821503
2022-04-10 22:30:00,/Volumes/Argus/unk/snap/c1/1649629800.c1.snap.jpg,0.81475186
2022-04-10 23:00:00,/Volumes/Argus/unk/snap/c1/1649631600.c1.snap.jpg,0.7520782
2022-04-10 23:30:00,/Volumes/Argus/unk/snap/c1/1649633400.c1.snap.jpg,0.65757
2022-04-11 00:00:00,/Volumes/Argus/unk/snap/c1/1649635200.c1.snap.jpg,0.654705
2022-04-11 00:30:00,/Volumes/Argus/unk/snap/c1/1649637000.c1.snap.jpg,0.6895299
2022-04-11 01:00:00,/Volumes/Argus/unk/snap/c1/1649638800.c1.snap.jpg,0.6728207
2022-04-11 01:30:00,/Volumes/Argus/unk/snap/c1/1649640600.c1.snap.jpg,0.6815971
2022-04-11 02:00:00,/Volumes/Argus/unk/snap/c1/1649642400.c1.snap.jpg,0.6161562
2022-04-11 04:00:00,/Volumes/Argus/unk/snap/c1/1649649600.c1.snap.jpg,0.5911308
2022-04-11 04:30:00,/Volumes/Argus/unk/snap/c1/1649651400.c1.snap.jpg,0.6177989
2022-04-11 16:30:00,/Volumes/Argus/unk/snap/c1/1649694600.c1.snap.jpg,0.68490034
2022-04-11 17:00:00,/Volumes/Argus/unk/snap/c1/1649696400.c1.snap.jpg,0.6203958
2022-04-11 17:30:00,/Volumes/Argus/unk/snap/c1/1649698200.c1.snap.jpg,0.61144316
2022-04-11 18:30:00,/Volumes/Argus/unk/snap/c1/1649701800.c1.snap.jpg,0.5747679
2022-04-11 19:00:00,/Volumes/Argus/unk/snap/c1/1649703600.c1.snap.jpg,0.6245167
2022-04-11 19:30:00,/Volumes/Argus/unk/snap/c1/1649705400.c1.snap.jpg,0.5956991
2022-04-11 20:00:00,/Volumes/Argus/unk/snap/c1/1649707200.c1.snap.jpg,0.69050777
2022-04-11 20:30:00,/Volumes/Argus/unk/snap/c1/1649709000.c1.snap.jpg,0.718634
2022-04-11 21:00:00,/Volumes/Argus/unk/snap/c1/1649710800.c1.snap.jpg,0.74784064
2022-04-11 22:00:00,/Volumes/Argus/unk/snap/c1/1649714400.c1.snap.jpg,0.76055664
2022-04-11 22:30:00,/Volumes/Argus/unk/snap/c1/1649716200.c1.snap.jpg,0.78640765
2022-04-11 23:00:00,/Volumes/Argus/unk/snap/c1/1649718000.c1.snap.jpg,0.7359699
2022-04-11 23:30:00,/Volumes/Argus/unk/snap/c1/1649719800.c1.snap.jpg,0.84242624
2022-04-12 00:00:00,/Volumes/Argus/unk/snap/c1/1649721600.c1.snap.jpg,0.7914212
2022-04-12 00:30:00,/Volumes/Argus/unk/snap/c1/1649723400.c1.snap.jpg,0.94362617
2022-04-12 01:00:00,/Volumes/Argus/unk/snap/c1/1649725200.c1.snap.jpg,0.6677329
2022-04-12 01:30:00,/Volumes/Argus/unk/snap/c1/1649727000.c1.snap.jpg,0.6133214
2022-04-12 02:00:00,/Volumes/Argus/unk/snap/c1/1649728800.c1.snap.jpg,0.67782176
2022-04-12 02:30:00,/Volumes/Argus/unk/snap/c1/1649730600.c1.snap.jpg,0.73060924
2022-04-12 03:00:00,/Volumes/Argus/unk/snap/c1/1649732400.c1.snap.jpg,0.6482661
2022-04-12 04:30:00,/Volumes/Argus/unk/snap/c1/1649737800.c1.snap.jpg,0.6266911
2022-04-12 16:30:00,/Volumes/Argus/unk/snap/c1/1649781000.c1.snap.jpg,0.74255216
2022-04-12 17:00:00,/Volumes/Argus/unk/snap/c1/1649782800.c1.snap.jpg,0.66578764
2022-04-12 17:30:00,/Volumes/Argus/unk/snap/c1/1649784600.c1.snap.jpg,0.6579242
2022-04-12 18:00:00,/Volumes/Argus/unk/snap/c1/1649786400.c1.snap.jpg,0.60412306
2022-04-12 18:30:00,/Volumes/Argus/unk/snap/c1/1649788200.c1.snap.jpg,0.6032549
2022-04-12 19:00:00,/Volumes/Argus/unk/snap/c1/1649790000.c1.snap.jpg,0.6148919
2022-04-12 19:30:00,/Volumes/Argus/unk/snap/c1/1649791800.c1.snap.jpg,0.6411762
2022-04-12 20:00:00,/Volumes/Argus/unk/snap/c1/1649793600.c1.snap.jpg,0.63830185
2022-04-12 20:30:00,/Volumes/Argus/unk/snap/c1/1649795400.c1.snap.jpg,0.6416869
2022-04-12 21:00:00,/Volumes/Argus/unk/snap/c1/1649797200.c1.snap.jpg,0.71122915
2022-04-12 21:30:00,/Volumes/Argus/unk/snap/c1/1649799000.c1.snap.jpg,0.64927703
2022-04-12 22:00:00,/Volumes/Argus/unk/snap/c1/1649800800.c1.snap.jpg,0.7747155
2022-04-12 22:30:00,/Volumes/Argus/unk/snap/c1/1649802600.c1.snap.jpg,0.7581767
2022-04-12 23:00:00,/Volumes/Argus/unk/snap/c1/1649804400.c1.snap.jpg,0.6013001
2022-04-12 23:30:00,/Volumes/Argus/unk/snap/c1/1649806200.c1.snap.jpg,0.65633565
2022-04-13 00:00:00,/Volumes/Argus/unk/snap/c1/1649808000.c1.snap.jpg,0.66264033
2022-04-13 00:30:00,/Volumes/Argus/unk/snap/c1/1649809800.c1.snap.jpg,0.6205429
2022-04-13 01:00:00,/Volumes/Argus/unk/snap/c1/1649811600.c1.snap.jpg,0.59776986
2022-04-13 01:30:00,/Volumes/Argus/unk/snap/c1/1649813400.c1.snap.jpg,0.5866307
2022-04-13 02:00:00,/Volumes/Argus/unk/snap/c1/1649815200.c1.snap.jpg,0.6136044
2022-04-13 02:30:00,/Volumes/Argus/unk/snap/c1/1649817000.c1.snap.jpg,0.63433194
2022-04-13 03:00:00,/Volumes/Argus/unk/snap/c1/1649818800.c1.snap.jpg,0.77993107
2022-04-13 04:00:00,/Volumes/Argus/unk/snap/c1/1649822400.c1.snap.jpg,0.5759661
2022-04-13 04:30:00,/Volumes/Argus/unk/snap/c1/1649824200.c1.snap.jpg,0.4652747
2022-04-13 16:30:00,/Volumes/Argus/unk/snap/c1/1649867400.c1.snap.jpg,0.62855256
2022-04-13 17:30:00,/Volumes/Argus/unk/snap/c1/1649871000.c1.snap.jpg,0.61709076
2022-04-13 18:00:00,/Volumes/Argus/unk/snap/c1/1649872800.c1.snap.jpg,0.61677057
2022-04-13 18:30:00,/Volumes/Argus/unk/snap/c1/1649874600.c1.snap.jpg,0.5870867
2022-04-13 19:00:00,/Volumes/Argus/unk/snap/c1/1649876400.c1.snap.jpg,0.6227331
2022-04-13 19:30:00,/Volumes/Argus/unk/snap/c1/1649878200.c1.snap.jpg,0.65057546
2022-04-13 20:00:00,/Volumes/Argus/unk/snap/c1/1649880000.c1.snap.jpg,0.6089118
2022-04-13 20:30:00,/Volumes/Argus/unk/snap/c1/1649881800.c1.snap.jpg,0.6488514
2022-04-13 21:00:00,/Volumes/Argus/unk/snap/c1/1649883600.c1.snap.jpg,0.6937206
2022-04-13 21:30:00,/Volumes/Argus/unk/snap/c1/1649885400.c1.snap.jpg,0.5585021
2022-04-13 22:00:00,/Volumes/Argus/unk/snap/c1/1649887200.c1.snap.jpg,0.6890783
2022-04-13 23:00:00,/Volumes/Argus/unk/snap/c1/1649890800.c1.snap.jpg,0.56901884
2022-04-13 23:30:00,/Volumes/Argus/unk/snap/c1/1649892600.c1.snap.jpg,0.5669248
2022-04-14 00:00:00,/Volumes/Argus/unk/snap/c1/1649894400.c1.snap.jpg,0.600343
2022-04-14 00:30:00,/Volumes/Argus/unk/snap/c1/1649896200.c1.snap.jpg,0.6096964
2022-04-14 01:00:00,/Volumes/Argus/unk/snap/c1/1649898000.c1.snap.jpg,0.61939144
2022-04-14 01:30:00,/Volumes/Argus/unk/snap/c1/1649899800.c1.snap.jpg,0.6120583
2022-04-14 02:00:00,/Volumes/Argus/unk/snap/c1/1649901600.c1.snap.jpg,0.59265584
2022-04-14 03:30:00,/Volumes/Argus/unk/snap/c1/1649907000.c1.snap.jpg,0.59345645
2022-04-14 04:00:00,/Volumes/Argus/unk/snap/c1/1649908800.c1.snap.jpg,0.56492674
2022-04-14 04:30:00,/Volumes/Argus/unk/snap/c1/1649910600.c1.snap.jpg,0.5760156
2022-04-14 16:30:00,/Volumes/Argus/unk/snap/c1/1649953800.c1.snap.jpg,0.66812927
2022-04-14 17:00:00,/Volumes/Argus/unk/snap/c1/1649955600.c1.snap.jpg,0.6941442
2022-04-14 17:30:00,/Volumes/Argus/unk/snap/c1/1649957400.c1.snap.jpg,0.650109
2022-04-14 18:00:00,/Volumes/Argus/unk/snap/c1/1649959200.c1.snap.jpg,0.6248492
2022-04-14 18:30:00,/Volumes/Argus/unk/snap/c1/1649961000.c1.snap.jpg,0.6431113
2022-04-14 19:00:00,/Volumes/Argus/unk/snap/c1/1649962800.c1.snap.jpg,0.68631184
2022-04-14 19:30:00,/Volumes/Argus/unk/snap/c1/1649964600.c1.snap.jpg,0.6678061
2022-04-14 20:00:00,/Volumes/Argus/unk/snap/c1/1649966400.c1.snap.jpg,0.6582656
2022-04-14 20:30:00,/Volumes/Argus/unk/snap/c1/1649968200.c1.snap.jpg,0.66358227
2022-04-14 21:00:00,/Volumes/Argus/unk/snap/c1/1649970000.c1.snap.jpg,0.6842358
2022-04-14 21:30:00,/Volumes/Argus/unk/snap/c1/1649971800.c1.snap.jpg,0.6750723
2022-04-14 22:00:00,/Volumes/Argus/unk/snap/c1/1649973600.c1.snap.jpg,0.67346895
2022-04-14 22:30:00,/Volumes/Argus/unk/snap/c1/1649975400.c1.snap.jpg,0.63374305
2022-04-14 23:00:00,/Volumes/Argus/unk/snap/c1/1649977200.c1.snap.jpg,0.67551434
2022-04-14 23:30:00,/Volumes/Argus/unk/snap/c1/1649979000.c1.snap.jpg,0.60072726
2022-04-15 00:00:00,/Volumes/Argus/unk/snap/c1/1649980800.c1.snap.jpg,0.7165136
2022-04-15 00:30:00,/Volumes/Argus/unk/snap/c1/1649982600.c1.snap.jpg,0.6698698
2022-04-15 01:00:00,/Volumes/Argus/unk/snap/c1/1649984400.c1.snap.jpg,0.5901781
2022-04-15 01:30:00,/Volumes/Argus/unk/snap/c1/1649986200.c1.snap.jpg,0.6346649
2022-04-15 02:00:00,/Volumes/Argus/unk/snap/c1/1649988000.c1.snap.jpg,0.8375254
2022-04-15 03:00:00,/Volumes/Argus/unk/snap/c1/1649991600.c1.snap.jpg,0.5529839
2022-04-15 03:30:00,/Volumes/Argus/unk/snap/c1/1649993400.c1.snap.jpg,0.56197524
2022-04-15 04:00:00,/Volumes/Argus/unk/snap/c1/1649995200.c1.snap.jpg,0.55650324
2022-04-15 04:30:00,/Volumes/Argus/unk/snap/c1/1649997000.c1.snap.jpg,0.5478169
