time,path,H
2022-04-15 16:30:00,/Volumes/Argus/unk/snap/c1/1650040200.c1.snap.jpg,0.7614167
2022-04-15 17:00:00,/Volumes/Argus/unk/snap/c1/1650042000.c1.snap.jpg,0.70643127
2022-04-15 17:30:00,/Volumes/Argus/unk/snap/c1/1650043800.c1.snap.jpg,0.70946217
2022-04-15 18:00:00,/Volumes/Argus/unk/snap/c1/1650045600.c1.snap.jpg,0.7185423
2022-04-15 18:30:00,/Volumes/Argus/unk/snap/c1/1650047400.c1.snap.jpg,0.7240726
2022-04-15 19:00:00,/Volumes/Argus/unk/snap/c1/1650049200.c1.snap.jpg,0.6749905
2022-04-15 19:30:00,/Volumes/Argus/unk/snap/c1/1650051000.c1.snap.jpg,0.7056385
2022-04-15 20:00:00,/Volumes/Argus/unk/snap/c1/1650052800.c1.snap.jpg,0.6279932
2022-04-15 20:30:00,/Volumes/Argus/unk/snap/c1/1650054600.c1.snap.jpg,0.69814503
2022-04-15 21:00:00,/Volumes/Argus/unk/snap/c1/1650056400.c1.snap.jpg,0.6735404
2022-04-15 21:30:00,/Volumes/Argus/unk/snap/c1/1650058200.c1.snap.jpg,0.720408
2022-04-15 22:00:00,/Volumes/Argus/unk/snap/c1/1650060000.c1.snap.jpg,0.6514573
2022-04-15 22:30:00,/Volumes/Argus/unk/snap/c1/1650061800.c1.snap.jpg,0.7296848
2022-04-15 23:00:00,/Volumes/Argus/unk/snap/c1/1650063600.c1.snap.jpg,0.67491424
2022-04-15 23:30:00,/Volumes/Argus/unk/snap/c1/1650065400.c1.snap.jpg,0.68765736
2022-04-16 00:00:00,/Volumes/Argus/unk/snap/c1/1650067200.c1.snap.jpg,0.6694648
2022-04-16 01:00:00,/Volumes/Argus/unk/snap/c1/1650070800.c1.snap.jpg,0.7238801
2022-04-16 01:30:00,/Volumes/Argus/unk/snap/c1/1650072600.c1.snap.jpg,0.7335918
2022-04-16 02:00:00,/Volumes/Argus/unk/snap/c1/1650074400.c1.snap.jpg,0.62311924
2022-04-16 03:00:00,/Volumes/Argus/unk/snap/c1/1650078000.c1.snap.jpg,0.6651858
2022-04-16 03:30:00,/Volumes/Argus/unk/snap/c1/1650079800.c1.snap.jpg,0.6836597
2022-04-16 04:00:00,/Volumes/Argus/unk/snap/c1/1650081600.c1.snap.jpg,0.69309974
2022-04-16 04:30:00,/Volumes/Argus/unk/snap/c1/1650083400.c1.snap.jpg,0.7398789
2022-04-16 16:30:00,/Volumes/Argus/unk/snap/c1/1650126600.c1.snap.jpg,0.6775492
2022-04-16 17:00:00,/Volumes/Argus/unk/snap/c1/1650128400.c1.snap.jpg,0.61156094
2022-04-16 17:30:00,/Volumes/Argus/unk/snap/c1/1650130200.c1.snap.jpg,0.65881675
2022-04-16 18:00:00,/Volumes/Argus/unk/snap/c1/1650132000.c1.snap.jpg,0.67312455
2022-04-16 18:30:00,/Volumes/Argus/unk/snap/c1/1650133800.c1.snap.jpg,0.65607405
2022-04-16 19:00:00,/Volumes/Argus/unk/snap/c1/1650135600.c1.snap.jpg,0.659626
2022-04-16 19:30:00,/Volumes/Argus/unk/snap/c1/1650137400.c1.snap.jpg,0.6975504
2022-04-16 20:00:00,/Volumes/Argus/unk/snap/c1/1650139200.c1.snap.jpg,0.6641627
2022-04-16 20:30:00,/Volumes/Argus/unk/snap/c1/1650141000.c1.snap.jpg,0.66308206
2022-04-16 21:00:00,/Volumes/Argus/unk/snap/c1/1650142800.c1.snap.jpg,0.7286638
2022-04-16 21:30:00,/Volumes/Argus/unk/snap/c1/1650144600.c1.snap.jpg,0.6634826
2022-04-16 22:00:00,/Volumes/Argus/unk/snap/c1/1650146400.c1.snap.jpg,0.6346745
2022-04-16 22:30:00,/Volumes/Argus/unk/snap/c1/1650148200.c1.snap.jpg,0.6651224
2022-04-16 23:00:00,/Volumes/Argus/unk/snap/c1/1650150000.c1.snap.jpg,0.6722106
2022-04-16 23:30:00,/Volumes/Argus/unk/snap/c1/1650151800.c1.snap.jpg,0.6393582
2022-04-17 00:00:00,/Volumes/Argus/unk/snap/c1/1650153600.c1.snap.jpg,0.5791279
2022-04-17 00:30:00,/Volumes/Argus/unk/snap/c1/1650155400.c1.snap.jpg,0.6835916
2022-04-17 01:00:00,/Volumes/Argus/unk/snap/c1/1650157200.c1.snap.jpg,0.6931022
2022-04-17 01:30:00,/Volumes/Argus/unk/snap/c1/1650159000.c1.snap.jpg,0.6865332
2022-04-17 02:30:00,/Volumes/Argus/unk/snap/c1/1650162600.c1.snap.jpg,0.65576345
2022-04-17 03:00:00,/Volumes/Argus/unk/snap/c1/1650164400.c1.snap.jpg,0.68056846
2022-04-17 03:30:00,/Volumes/Argus/unk/snap/c1/1650166200.c1.snap.jpg,0.6455045
2022-04-17 04:00:00,/Volumes/Argus/unk/snap/c1/1650168000.c1.snap.jpg,0.6027829
2022-04-17 04:30:00,/Volumes/Argus/unk/snap/c1/1650169800.c1.snap.jpg,0.5518141
2022-04-17 16:30:00,/Volumes/Argus/unk/snap/c1/1650213000.c1.snap.jpg,0.73289025
2022-04-17 17:00:00,/Volumes/Argus/unk/snap/c1/1650214800.c1.snap.jpg,0.6296694
2022-04-17 17:30:00,/Volumes/Argus/unk/snap/c1/1650216600.c1.snap.jpg,0.6657697
2022-04-17 18:30:00,/Volumes/Argus/unk/snap/c1/1650220200.c1.snap.jpg,0.659747
2022-04-17 19:00:00,/Volumes/Argus/unk/snap/c1/1650222000.c1.snap.jpg,0.6392865
2022-04-17 19:30:00,/Volumes/Argus/unk/snap/c1/1650223800.c1.snap.jpg,0.6297523
2022-04-17 20:00:00,/Volumes/Argus/unk/snap/c1/1650225600.c1.snap.jpg,0.6625497
2022-04-17 20:30:00,/Volumes/Argus/unk/snap/c1/1650227400.c1.snap.jpg,0.6740128
2022-04-17 21:00:00,/Volumes/Argus/unk/snap/c1/1650229200.c1.snap.jpg,0.66793454
2022-04-17 21:30:00,/Volumes/Argus/unk/snap/c1/1650231000.c1.snap.jpg,0.6556888
2022-04-17 22:00:00,/Volumes/Argus/unk/snap/c1/1650232800.c1.snap.jpg,0.64425564
2022-04-17 22:30:00,/Volumes/Argus/unk/snap/c1/1650234600.c1.snap.jpg,0.6877215
2022-04-17 23:00:00,/Volumes/Argus/unk/snap/c1/1650236400.c1.snap.jpg,0.7368113
2022-04-17 23:30:00,/Volumes/Argus/unk/snap/c1/1650238200.c1.snap.jpg,0.7536199
2022-04-18 00:00:00,/Volumes/Argus/unk/snap/c1/1650240000.c1.snap.jpg,0.668514
2022-04-18 00:30:00,/Volumes/Argus/unk/snap/c1/1650241800.c1.snap.jpg,0.6973109
2022-04-18 01:00:00,/Volumes/Argus/unk/snap/c1/1650243600.c1.snap.jpg,0.6779304
2022-04-18 01:30:00,/Volumes/Argus/unk/snap/c1/1650245400.c1.snap.jpg,0.6750637
2022-04-18 02:00:00,/Volumes/Argus/unk/snap/c1/1650247200.c1.snap.jpg,0.6925479
2022-04-18 04:30:00,/Volumes/Argus/unk/snap/c1/1650256200.c1.snap.jpg,0.5415332
2022-04-18 16:30:00,/Volumes/Argus/unk/snap/c1/1650299400.c1.snap.jpg,0.66492355
2022-04-18 17:00:00,/Volumes/Argus/unk/snap/c1/1650301200.c1.snap.jpg,0.6130773
2022-04-18 17:30:00,/Volumes/Argus/unk/snap/c1/1650303000.c1.snap.jpg,0.6548592
2022-04-18 18:00:00,/Volumes/Argus/unk/snap/c1/1650304800.c1.snap.jpg,0.64238787
2022-04-18 18:30:00,/Volumes/Argus/unk/snap/c1/1650306600.c1.snap.jpg,0.82265455
2022-04-18 19:00:00,/Volumes/Argus/unk/snap/c1/1650308400.c1.snap.jpg,1.01512
2022-04-18 19:30:00,/Volumes/Argus/unk/snap/c1/1650310200.c1.snap.jpg,0.9983679
2022-04-18 20:00:00,/Volumes/Argus/unk/snap/c1/1650312000.c1.snap.jpg,1.0310762
2022-04-18 20:30:00,/Volumes/Argus/unk/snap/c1/1650313800.c1.snap.jpg,0.72609633
2022-04-18 21:00:00,/Volumes/Argus/unk/snap/c1/1650315600.c1.snap.jpg,0.8641101
2022-04-18 21:30:00,/Volumes/Argus/unk/snap/c1/1650317400.c1.snap.jpg,1.021707
2022-04-18 22:00:00,/Volumes/Argus/unk/snap/c1/1650319200.c1.snap.jpg,1.0333644
2022-04-18 22:30:00,/Volumes/Argus/unk/snap/c1/1650321000.c1.snap.jpg,1.0413473
2022-04-18 23:00:00,/Volumes/Argus/unk/snap/c1/1650322800.c1.snap.jpg,1.0307624
2022-04-18 23:30:00,/Volumes/Argus/unk/snap/c1/1650324600.c1.snap.jpg,1.0266927
2022-04-19 00:00:00,/Volumes/Argus/unk/snap/c1/1650326400.c1.snap.jpg,0.92620146
2022-04-19 00:30:00,/Volumes/Argus/unk/snap/c1/1650328200.c1.snap.jpg,0.74185
2022-04-19 01:00:00,/Volumes/Argus/unk/snap/c1/1650330000.c1.snap.jpg,0.6885561
2022-04-19 01:30:00,/Volumes/Argus/unk/snap/c1/1650331800.c1.snap.jpg,0.6886506
2022-04-19 02:00:00,/Volumes/Argus/unk/snap/c1/1650333600.c1.snap.jpg,0.6933454
2022-04-19 02:30:00,/Volumes/Argus/unk/snap/c1/1650335400.c1.snap.jpg,0.7316183
2022-04-19 03:00:00,/Volumes/Argus/unk/snap/c1/1650337200.c1.snap.jpg,0.6868168
2022-04-19 04:30:00,/Volumes/Argus/unk/snap/c1/1650342600.c1.snap.jpg,0.6236904
2022-04-19 16:30:00,/Volumes/Argus/unk/snap/c1/1650385800.c1.snap.jpg,0.71931726
2022-04-19 17:00:00,/Volumes/Argus/unk/snap/c1/1650387600.c1.snap.jpg,0.75353783
2022-04-19 17:30:00,/Volumes/Argus/unk/snap/c1/1650389400.c1.snap.jpg,0.793015
2022-04-19 18:00:00,/Volumes/Argus/unk/snap/c1/1650391200.c1.snap.jpg,0.595403
2022-04-19 18:30:00,/Volumes/Argus/unk/snap/c1/1650393000.c1.snap.jpg,0.5815613
2022-04-19 19:00:00,/Volumes/Argus/unk/snap/c1/1650394800.c1.snap.jpg,0.54542685
2022-04-19 19:30:00,/Volumes/Argus/unk/snap/c1/1650396600.c1.snap.jpg,0.62441355
2022-04-19 20:00:00,/Volumes/Argus/unk/snap/c1/1650398400.c1.snap.jpg,0.6605835
2022-04-19 20:30:00,/Volumes/Argus/unk/snap/c1/1650400200.c1.snap.jpg,0.66281897
2022-04-19 21:00:00,/Volumes/Argus/unk/snap/c1/1650402000.c1.snap.jpg,0.71808755
2022-04-19 21:30:00,/Volumes/Argus/unk/snap/c1/1650403800.c1.snap.jpg,0.77489597
2022-04-19 22:00:00,/Volumes/Argus/unk/snap/c1/1650405600.c1.snap.jpg,0.97624755
2022-04-19 22:30:00,/Volumes/Argus/unk/snap/c1/1650407400.c1.snap.jpg,0.85956395
2022-04-19 23:00:00,/Volumes/Argus/unk/snap/c1/1650409200.c1.snap.jpg,0.93085825
2022-04-19 23:30:00,/Volumes/Argus/unk/snap/c1/1650411000.c1.snap.jpg,0.9768313
2022-04-20 00:00:00,/Volumes/Argus/unk/snap/c1/1650412800.c1.snap.jpg,0.9934291
2022-04-20 00:30:00,/Volumes/Argus/unk/snap/c1/1650414600.c1.snap.jpg,0.998253
2022-04-20 01:00:00,/Volumes/Argus/unk/snap/c1/1650416400.c1.snap.jpg,0.8778055
2022-04-20 01:30:00,/Volumes/Argus/unk/snap/c1/1650418200.c1.snap.jpg,0.7899023
2022-04-20 02:00:00,/Volumes/Argus/unk/snap/c1/1650420000.c1.snap.jpg,0.73092437
2022-04-20 03:00:00,/Volumes/Argus/unk/snap/c1/1650423600.c1.snap.jpg,0.64744616
2022-04-20 03:30:00,/Volumes/Argus/unk/snap/c1/1650425400.c1.snap.jpg,0.5697572
2022-04-20 04:00:00,/Volumes/Argus/unk/snap/c1/1650427200.c1.snap.jpg,0.56632924
2022-04-20 04:30:00,/Volumes/Argus/unk/snap/c1/1650429000.c1.snap.jpg,0.59395796
2022-04-20 16:30:00,/Volumes/Argus/unk/snap/c1/1650472200.c1.snap.jpg,0.8765177
2022-04-20 17:30:00,/Volumes/Argus/unk/snap/c1/1650475800.c1.snap.jpg,0.7311994
2022-04-20 18:00:00,/Volumes/Argus/unk/snap/c1/1650477600.c1.snap.jpg,0.74251246
2022-04-20 18:30:00,/Volumes/Argus/unk/snap/c1/1650479400.c1.snap.jpg,0.9641615
2022-04-20 19:00:00,/Volumes/Argus/unk/snap/c1/1650481200.c1.snap.jpg,0.74154156
2022-04-20 19:30:00,/Volumes/Argus/unk/snap/c1/1650483000.c1.snap.jpg,0.7314361
2022-04-20 20:00:00,/Volumes/Argus/unk/snap/c1/1650484800.c1.snap.jpg,0.7450002
2022-04-20 20:30:00,/Volumes/Argus/unk/snap/c1/1650486600.c1.snap.jpg,0.7663446
2022-04-20 21:00:00,/Volumes/Argus/unk/snap/c1/1650488400.c1.snap.jpg,0.7872116
2022-04-20 21:30:00,/Volumes/Argus/unk/snap/c1/1650490200.c1.snap.jpg,0.66796386
2022-04-20 22:00:00,/Volumes/Argus/unk/snap/c1/1650492000.c1.snap.jpg,0.6844265
2022-04-20 22:30:00,/Volumes/Argus/unk/snap/c1/1650493800.c1.snap.jpg,0.64743483
2022-04-20 23:00:00,/Volumes/Argus/unk/snap/c1/1650495600.c1.snap.jpg,0.7220702
2022-04-20 23:30:00,/Volumes/Argus/unk/snap/c1/1650497400.c1.snap.jpg,0.931431
2022-04-21 00:00:00,/Volumes/Argus/unk/snap/c1/1650499200.c1.snap.jpg,0.9218669
2022-04-21 00:30:00,/Volumes/Argus/unk/snap/c1/1650501000.c1.snap.jpg,1.0017233
2022-04-21 01:00:00,/Volumes/Argus/unk/snap/c1/1650502800.c1.snap.jpg,1.0248878
2022-04-21 01:30:00,/Volumes/Argus/unk/snap/c1/1650504600.c1.snap.jpg,0.96304446
2022-04-21 02:00:00,/Volumes/Argus/unk/snap/c1/1650506400.c1.snap.jpg,0.7369506
2022-04-21 02:30:00,/Volumes/Argus/unk/snap/c1/1650508200.c1.snap.jpg,0.79631597
2022-04-21 03:30:00,/Volumes/Argus/unk/snap/c1/1650511800.c1.snap.jpg,0.6434144
2022-04-21 04:00:00,/Volumes/Argus/unk/snap/c1/1650513600.c1.snap.jpg,0.5506841
2022-04-21 04:30:00,/Volumes/Argus/unk/snap/c1/1650515400.c1.snap.jpg,0.63161385
2022-04-21 16:30:00,/Volumes/Argus/unk/snap/c1/1650558600.c1.snap.jpg,0.63355255
2022-04-21 17:00:00,/Volumes/Argus/unk/snap/c1/1650560400.c1.snap.jpg,0.6635728
2022-04-21 17:30:00,/Volumes/Argus/unk/snap/c1/1650562200.c1.snap.jpg,0.63231766
2022-04-21 18:00:00,/Volumes/Argus/unk/snap/c1/1650564000.c1.snap.jpg,0.6037567
2022-04-21 18:30:00,/Volumes/Argus/unk/snap/c1/1650565800.c1.snap.jpg,0.63976204
2022-04-21 19:00:00,/Volumes/Argus/unk/snap/c1/1650567600.c1.snap.jpg,0.783782
2022-04-21 19:30:00,/Volumes/Argus/unk/snap/c1/1650569400.c1.snap.jpg,0.9445562
2022-04-21 20:00:00,/Volumes/Argus/unk/snap/c1/1650571200.c1.snap.jpg,0.8009535
2022-04-21 20:30:00,/Volumes/Argus/unk/snap/c1/1650573000.c1.snap.jpg,0.79102254
2022-04-21 21:30:00,/Volumes/Argus/unk/snap/c1/1650576600.c1.snap.jpg,0.8006725
2022-04-21 22:00:00,/Volumes/Argus/unk/snap/c1/1650578400.c1.snap.jpg,0.7741971
2022-04-21 22:30:00,/Volumes/Argus/unk/snap/c1/1650580200.c1.snap.jpg,0.78868604
2022-04-21 23:30:00,/Volumes/Argus/unk/snap/c1/1650583800.c1.snap.jpg,0.97582436
2022-04-22 00:00:00,/Volumes/Argus/unk/snap/c1/1650585600.c1.snap.jpg,0.98191977
2022-04-22 00:30:00,/Volumes/Argus/unk/snap/c1/1650587400.c1.snap.jpg,0.987682
2022-04-22 01:00:00,/Volumes/Argus/unk/snap/c1/1650589200.c1.snap.jpg,1.0365446
2022-04-22 01:30:00,/Volumes/Argus/unk/snap/c1/1650591000.c1.snap.jpg,1.1022561
2022-04-22 02:00:00,/Volumes/Argus/unk/snap/c1/1650592800.c1.snap.jpg,1.040834
2022-04-22 02:30:00,/Volumes/Argus/unk/snap/c1/1650594600.c1.snap.jpg,0.763057
2022-04-22 03:00:00,/Volumes/Argus/unk/snap/c1/1650596400.c1.snap.jpg,0.592577
2022-04-22 04:30:00,/Volumes/Argus/unk/snap/c1/1650601800.c1.snap.jpg,0.53051937
2022-04-22 16:30:00,/Volumes/Argus/unk/snap/c1/1650645000.c1.snap.jpg,0.7245574
2022-04-22 17:00:00,/Volumes/Argus/unk/snap/c1/1650646800.c1.snap.jpg,0.7364521
2022-04-22 17:30:00,/Volumes/Argus/unk/snap/c1/1650648600.c1.snap.jpg,0.7924587
2022-04-22 18:00:00,/Volumes/Argus/unk/snap/c1/1650650400.c1.snap.jpg,0.7606621
2022-04-22 18:30:00,/Volumes/Argus/unk/snap/c1/1650652200.c1.snap.jpg,0.75685126
2022-04-22 19:00:00,/Volumes/Argus/unk/snap/c1/1650654000.c1.snap.jpg,0.8467162
2022-04-22 19:30:00,/Volumes/Argus/unk/snap/c1/1650655800.c1.snap.jpg,0.973812
2022-04-22 20:00:00,/Volumes/Argus/unk/snap/c1/1650657600.c1.snap.jpg,0.95625025
2022-04-22 20:30:00,/Volumes/Argus/unk/snap/c1/1650659400.c1.snap.jpg,0.8421628
2022-04-22 21:00:00,/Volumes/Argus/unk/snap/c1/1650661200.c1.snap.jpg,0.95101655
2022-04-22 21:30:00,/Volumes/Argus/unk/snap/c1/1650663000.c1.snap.jpg,0.8534789
2022-04-22 22:00:00,/Volumes/Argus/unk/snap/c1/1650664800.c1.snap.jpg,0.9228233
2022-04-22 22:30:00,/Volumes/Argus/unk/snap/c1/1650666600.c1.snap.jpg,0.93567026
2022-04-22 23:30:00,/Volumes/Argus/unk/snap/c1/1650670200.c1.snap.jpg,0.9760057
2022-04-23 00:00:00,/Volumes/Argus/unk/snap/c1/1650672000.c1.snap.jpg,0.7884986
2022-04-23 00:30:00,/Volumes/Argus/unk/snap/c1/1650673800.c1.snap.jpg,0.9649123
2022-04-23 01:00:00,/Volumes/Argus/unk/snap/c1/1650675600.c1.snap.jpg,1.0849711
2022-04-23 01:30:00,/Volumes/Argus/unk/snap/c1/1650677400.c1.snap.jpg,1.0212758
2022-04-23 02:00:00,/Volumes/Argus/unk/snap/c1/1650679200.c1.snap.jpg,0.9020219
2022-04-23 02:30:00,/Volumes/Argus/unk/snap/c1/1650681000.c1.snap.jpg,1.0853479
2022-04-23 04:00:00,/Volumes/Argus/unk/snap/c1/1650686400.c1.snap.jpg,0.6179743
2022-04-23 04:30:00,/Volumes/Argus/unk/snap/c1/1650688200.c1.snap.jpg,0.70856
2022-04-23 16:30:00,/Volumes/Argus/unk/snap/c1/1650731400.c1.snap.jpg,0.79096425
2022-04-23 17:00:00,/Volumes/Argus/unk/snap/c1/1650733200.c1.snap.jpg,0.82317966
2022-04-23 17:30:00,/Volumes/Argus/unk/snap/c1/1650735000.c1.snap.jpg,0.74943054
2022-04-23 18:00:00,/Volumes/Argus/unk/snap/c1/1650736800.c1.snap.jpg,0.69233656
2022-04-23 18:30:00,/Volumes/Argus/unk/snap/c1/1650738600.c1.snap.jpg,0.6306366
2022-04-23 19:00:00,/Volumes/Argus/unk/snap/c1/1650740400.c1.snap.jpg,0.6765562
2022-04-23 19:30:00,/Volumes/Argus/unk/snap/c1/1650742200.c1.snap.jpg,0.7053449
2022-04-23 20:00:00,/Volumes/Argus/unk/snap/c1/1650744000.c1.snap.jpg,0.84029293
2022-04-23 20:30:00,/Volumes/Argus/unk/snap/c1/1650745800.c1.snap.jpg,1.0091017
2022-04-23 21:00:00,/Volumes/Argus/unk/snap/c1/1650747600.c1.snap.jpg,1.0227345
2022-04-23 21:30:00,/Volumes/Argus/unk/snap/c1/1650749400.c1.snap.jpg,0.9811393
2022-04-23 22:00:00,/Volumes/Argus/unk/snap/c1/1650751200.c1.snap.jpg,0.97804093
2022-04-23 22:30:00,/Volumes/Argus/unk/snap/c1/1650753000.c1.snap.jpg,0.99771684
2022-04-23 23:00:00,/Volumes/Argus/unk/snap/c1/1650754800.c1.snap.jpg,1.0006309
2022-04-23 23:30:00,/Volumes/Argus/unk/snap/c1/1650756600.c1.snap.jpg,0.9569882
2022-04-24 00:00:00,/Volumes/Argus/unk/snap/c1/1650758400.c1.snap.jpg,0.96960557
2022-04-24 00:30:00,/Volumes/Argus/unk/snap/c1/1650760200.c1.snap.jpg,1.0346613
2022-04-24 01:00:00,/Volumes/Argus/unk/snap/c1/1650762000.c1.snap.jpg,0.9572221
2022-04-24 01:30:00,/Volumes/Argus/unk/snap/c1/1650763800.c1.snap.jpg,1.2007605
2022-04-24 02:00:00,/Volumes/Argus/unk/snap/c1/1650765600.c1.snap.jpg,1.2501246
2022-04-24 02:30:00,/Volumes/Argus/unk/snap/c1/1650767400.c1.snap.jpg,1.1934928
2022-04-24 04:00:00,/Volumes/Argus/unk/snap/c1/1650772800.c1.snap.jpg,1.0520799
2022-04-24 04:30:00,/Volumes/Argus/unk/snap/c1/1650774600.c1.snap.jpg,1.0354642
2022-04-24 16:30:00,/Volumes/Argus/unk/snap/c1/1650817800.c1.snap.jpg,0.6347605
2022-04-24 17:00:00,/Volumes/Argus/unk/snap/c1/1650819600.c1.snap.jpg,0.50162244
2022-04-24 17:30:00,/Volumes/Argus/unk/snap/c1/1650821400.c1.snap.jpg,0.5799135
2022-04-24 18:00:00,/Volumes/Argus/unk/snap/c1/1650823200.c1.snap.jpg,0.72584707
2022-04-24 18:30:00,/Volumes/Argus/unk/snap/c1/1650825000.c1.snap.jpg,0.5354718
2022-04-24 19:00:00,/Volumes/Argus/unk/snap/c1/1650826800.c1.snap.jpg,0.69790715
2022-04-24 19:30:00,/Volumes/Argus/unk/snap/c1/1650828600.c1.snap.jpg,0.6392409
2022-04-24 20:00:00,/Volumes/Argus/unk/snap/c1/1650830400.c1.snap.jpg,0.6258161
2022-04-24 20:30:00,/Volumes/Argus/unk/snap/c1/1650832200.c1.snap.jpg,0.7568219
2022-04-24 21:00:00,/Volumes/Argus/unk/snap/c1/1650834000.c1.snap.jpg,0.9865446
2022-04-24 21:30:00,/Volumes/Argus/unk/snap/c1/1650835800.c1.snap.jpg,0.9870689
2022-04-24 22:00:00,/Volumes/Argus/unk/snap/c1/1650837600.c1.snap.jpg,0.94422585
2022-04-24 22:30:00,/Volumes/Argus/unk/snap/c1/1650839400.c1.snap.jpg,1.0096047
2022-04-24 23:00:00,/Volumes/Argus/unk/snap/c1/1650841200.c1.snap.jpg,1.0374748
2022-04-24 23:30:00,/Volumes/Argus/unk/snap/c1/1650843000.c1.snap.jpg,1.0206847
2022-04-25 00:00:00,/Volumes/Argus/unk/snap/c1/1650844800.c1.snap.jpg,0.9864156
2022-04-25 00:30:00,/Volumes/Argus/unk/snap/c1/1650846600.c1.snap.jpg,0.9973366
2022-04-25 01:00:00,/Volumes/Argus/unk/snap/c1/1650848400.c1.snap.jpg,1.0074756
2022-04-25 01:30:00,/Volumes/Argus/unk/snap/c1/1650850200.c1.snap.jpg,0.74679196
2022-04-25 02:00:00,/Volumes/Argus/unk/snap/c1/1650852000.c1.snap.jpg,0.94834906
2022-04-25 02:30:00,/Volumes/Argus/unk/snap/c1/1650853800.c1.snap.jpg,0.8907479
2022-04-25 03:00:00,/Volumes/Argus/unk/snap/c1/1650855600.c1.snap.jpg,1.0002557
2022-04-25 03:30:00,/Volumes/Argus/unk/snap/c1/1650857400.c1.snap.jpg,0.7928722
2022-04-25 04:00:00,/Volumes/Argus/unk/snap/c1/1650859200.c1.snap.jpg,0.9207313
2022-04-25 04:30:00,/Volumes/Argus/unk/snap/c1/1650861000.c1.snap.jpg,0.5909308
2022-04-25 17:00:00,/Volumes/Argus/unk/snap/c1/1650906000.c1.snap.jpg,0.8187523
2022-04-25 17:30:00,/Volumes/Argus/unk/snap/c1/1650907800.c1.snap.jpg,0.67542565
2022-04-25 18:00:00,/Volumes/Argus/unk/snap/c1/1650909600.c1.snap.jpg,0.6601162
2022-04-25 18:30:00,/Volumes/Argus/unk/snap/c1/1650911400.c1.snap.jpg,0.7404499
2022-04-25 19:00:00,/Volumes/Argus/unk/snap/c1/1650913200.c1.snap.jpg,0.62943
2022-04-25 19:30:00,/Volumes/Argus/unk/snap/c1/1650915000.c1.snap.jpg,0.69213444
2022-04-25 20:00:00,/Volumes/Argus/unk/snap/c1/1650916800.c1.snap.jpg,0.8003771
2022-04-25 20:30:00,/Volumes/Argus/unk/snap/c1/1650918600.c1.snap.jpg,0.8124492
2022-04-25 21:00:00,/Volumes/Argus/unk/snap/c1/1650920400.c1.snap.jpg,0.79767436
2022-04-25 21:30:00,/Volumes/Argus/unk/snap/c1/1650922200.c1.snap.jpg,0.6933239
2022-04-25 22:00:00,/Volumes/Argus/unk/snap/c1/1650924000.c1.snap.jpg,0.7522003
2022-04-25 22:30:00,/Volumes/Argus/unk/snap/c1/1650925800.c1.snap.jpg,0.9568405
2022-04-25 23:00:00,/Volumes/Argus/unk/snap/c1/1650927600.c1.snap.jpg,1.0175536
2022-04-25 23:30:00,/Volumes/Argus/unk/snap/c1/1650929400.c1.snap.jpg,1.0474201
2022-04-26 00:00:00,/Volumes/Argus/unk/snap/c1/1650931200.c1.snap.jpg,1.179106
2022-04-26 00:30:00,/Volumes/Argus/unk/snap/c1/1650933000.c1.snap.jpg,1.0083653
2022-04-26 01:00:00,/Volumes/Argus/unk/snap/c1/1650934800.c1.snap.jpg,0.9930998
2022-04-26 01:30:00,/Volumes/Argus/unk/snap/c1/1650936600.c1.snap.jpg,1.1264086
2022-04-26 02:00:00,/Volumes/Argus/unk/snap/c1/1650938400.c1.snap.jpg,1.0894148
2022-04-26 02:30:00,/Volumes/Argus/unk/snap/c1/1650940200.c1.snap.jpg,1.0380557
2022-04-26 03:00:00,/Volumes/Argus/unk/snap/c1/1650942000.c1.snap.jpg,1.0114863
2022-04-26 03:30:00,/Volumes/Argus/unk/snap/c1/1650943800.c1.snap.jpg,0.82236457
2022-04-26 04:00:00,/Volumes/Argus/unk/snap/c1/1650945600.c1.snap.jpg,0.8113707
2022-04-26 04:30:00,/Volumes/Argus/unk/snap/c1/1650947400.c1.snap.jpg,0.96630526
2022-04-26 16:30:00,/Volumes/Argus/unk/snap/c1/1650990600.c1.snap.jpg,0.75277644
2022-04-26 17:00:00,/Volumes/Argus/unk/snap/c1/1650992400.c1.snap.jpg,0.7938516
2022-04-26 18:00:00,/Volumes/Argus/unk/snap/c1/1650996000.c1.snap.jpg,0.72441864
2022-04-26 18:30:00,/Volumes/Argus/unk/snap/c1/1650997800.c1.snap.jpg,0.71973073
2022-04-26 19:00:00,/Volumes/Argus/unk/snap/c1/1650999600.c1.snap.jpg,0.74829274
2022-04-26 19:30:00,/Volumes/Argus/unk/snap/c1/1651001400.c1.snap.jpg,0.7903255
2022-04-26 20:00:00,/Volumes/Argus/unk/snap/c1/1651003200.c1.snap.jpg,0.82632434
2022-04-26 21:00:00,/Volumes/Argus/unk/snap/c1/1651006800.c1.snap.jpg,0.7746662
2022-04-26 21:30:00,/Volumes/Argus/unk/snap/c1/1651008600.c1.snap.jpg,0.7760501
2022-04-26 22:00:00,/Volumes/Argus/unk/snap/c1/1651010400.c1.snap.jpg,0.8091651
2022-04-26 22:30:00,/Volumes/Argus/unk/snap/c1/1651012200.c1.snap.jpg,0.796472
2022-04-26 23:00:00,/Volumes/Argus/unk/snap/c1/1651014000.c1.snap.jpg,0.7664006
2022-04-26 23:30:00,/Volumes/Argus/unk/snap/c1/1651015800.c1.snap.jpg,0.8185917
2022-04-27 00:00:00,/Volumes/Argus/unk/snap/c1/1651017600.c1.snap.jpg,0.7067152
2022-04-27 00:30:00,/Volumes/Argus/unk/snap/c1/1651019400.c1.snap.jpg,0.42025122
2022-04-27 01:00:00,/Volumes/Argus/unk/snap/c1/1651021200.c1.snap.jpg,0.34553194
2022-04-27 01:30:00,/Volumes/Argus/unk/snap/c1/1651023000.c1.snap.jpg,0.32468638
2022-04-27 02:30:00,/Volumes/Argus/unk/snap/c1/1651026600.c1.snap.jpg,0.76075137
2022-04-27 03:00:00,/Volumes/Argus/unk/snap/c1/1651028400.c1.snap.jpg,0.83926606
2022-04-27 16:30:00,/Volumes/Argus/unk/snap/c1/1651077000.c1.snap.jpg,0.508919
2022-04-27 17:00:00,/Volumes/Argus/unk/snap/c1/1651078800.c1.snap.jpg,0.579316
2022-04-27 17:30:00,/Volumes/Argus/unk/snap/c1/1651080600.c1.snap.jpg,0.44182712
2022-04-27 18:00:00,/Volumes/Argus/unk/snap/c1/1651082400.c1.snap.jpg,0.3964435
2022-04-27 18:30:00,/Volumes/Argus/unk/snap/c1/1651084200.c1.snap.jpg,0.46886498
2022-04-27 19:00:00,/Volumes/Argus/unk/snap/c1/1651086000.c1.snap.jpg,0.35935497
2022-04-27 19:30:00,/Volumes/Argus/unk/snap/c1/1651087800.c1.snap.jpg,0.37190557
2022-04-27 20:00:00,/Volumes/Argus/unk/snap/c1/1651089600.c1.snap.jpg,0.44858247
2022-04-27 20:30:00,/Volumes/Argus/unk/snap/c1/1651091400.c1.snap.jpg,0.83143663
2022-04-27 21:30:00,/Volumes/Argus/unk/snap/c1/1651095000.c1.snap.jpg,0.84156746
2022-04-27 22:00:00,/Volumes/Argus/unk/snap/c1/1651096800.c1.snap.jpg,0.68258655
2022-04-27 22:30:00,/Volumes/Argus/unk/snap/c1/1651098600.c1.snap.jpg,0.6459286
2022-04-27 23:00:00,/Volumes/Argus/unk/snap/c1/1651100400.c1.snap.jpg,0.77079666
2022-04-27 23:30:00,/Volumes/Argus/unk/snap/c1/1651102200.c1.snap.jpg,0.9078992
2022-04-28 00:00:00,/Volumes/Argus/unk/snap/c1/1651104000.c1.snap.jpg,0.99664444
2022-04-28 00:30:00,/Volumes/Argus/unk/snap/c1/1651105800.c1.snap.jpg,1.003523
2022-04-28 01:00:00,/Volumes/Argus/unk/snap/c1/1651107600.c1.snap.jpg,1.0322796
2022-04-28 02:00:00,/Volumes/Argus/unk/snap/c1/1651111200.c1.snap.jpg,1.0058208
2022-04-28 02:30:00,/Volumes/Argus/unk/snap/c1/1651113000.c1.snap.jpg,1.0000728
2022-04-28 03:00:00,/Volumes/Argus/unk/snap/c1/1651114800.c1.snap.jpg,0.8991675
2022-04-28 04:00:00,/Volumes/Argus/unk/snap/c1/1651118400.c1.snap.jpg,1.0050821
2022-04-28 04:30:00,/Volumes/Argus/unk/snap/c1/1651120200.c1.snap.jpg,1.0446417
2022-04-28 16:30:00,/Volumes/Argus/unk/snap/c1/1651163400.c1.snap.jpg,0.8412991
2022-04-28 17:00:00,/Volumes/Argus/unk/snap/c1/1651165200.c1.snap.jpg,0.9452268
2022-04-28 17:30:00,/Volumes/Argus/unk/snap/c1/1651167000.c1.snap.jpg,0.77327
2022-04-28 18:00:00,/Volumes/Argus/unk/snap/c1/1651168800.c1.snap.jpg,0.8264887
2022-04-28 18:30:00,/Volumes/Argus/unk/snap/c1/1651170600.c1.snap.jpg,0.80588657
2022-04-28 19:00:00,/Volumes/Argus/unk/snap/c1/1651172400.c1.snap.jpg,0.77420557
2022-04-28 19:30:00,/Volumes/Argus/unk/snap/c1/1651174200.c1.snap.jpg,0.82374823
2022-04-28 20:00:00,/Volumes/Argus/unk/snap/c1/1651176000.c1.snap.jpg,0.82253516
2022-04-28 20:30:00,/Volumes/Argus/unk/snap/c1/1651177800.c1.snap.jpg,0.78418523
2022-04-28 21:00:00,/Volumes/Argus/unk/snap/c1/1651179600.c1.snap.jpg,0.8715372
2022-04-28 21:30:00,/Volumes/Argus/unk/snap/c1/1651181400.c1.snap.jpg,1.0125344
2022-04-28 22:00:00,/Volumes/Argus/unk/snap/c1/1651183200.c1.snap.jpg,1.0553722
2022-04-28 22:30:00,/Volumes/Argus/unk/snap/c1/1651185000.c1.snap.jpg,0.7438105
2022-04-28 23:00:00,/Volumes/Argus/unk/snap/c1/1651186800.c1.snap.jpg,0.7540358
2022-04-28 23:30:00,/Volumes/Argus/unk/snap/c1/1651188600.c1.snap.jpg,0.6886341
2022-04-29 00:00:00,/Volumes/Argus/unk/snap/c1/1651190400.c1.snap.jpg,0.70073825
2022-04-29 00:30:00,/Volumes/Argus/unk/snap/c1/1651192200.c1.snap.jpg,1.0792971
2022-04-29 01:00:00,/Volumes/Argus/unk/snap/c1/1651194000.c1.snap.jpg,0.9753948
2022-04-29 01:30:00,/Volumes/Argus/unk/snap/c1/1651195800.c1.snap.jpg,0.88955915
2022-04-29 02:00:00,/Volumes/Argus/unk/snap/c1/1651197600.c1.snap.jpg,0.74044675
2022-04-29 02:30:00,/Volumes/Argus/unk/snap/c1/1651199400.c1.snap.jpg,0.63665336
2022-04-29 03:00:00,/Volumes/Argus/unk/snap/c1/1651201200.c1.snap.jpg,0.65424186
2022-04-29 03:30:00,/Volumes/Argus/unk/snap/c1/1651203000.c1.snap.jpg,0.4998395
2022-04-29 04:00:00,/Volumes/Argus/unk/snap/c1/1651204800.c1.snap.jpg,0.49981317
2022-04-29 04:30:00,/Volumes/Argus/unk/snap/c1/1651206600.c1.snap.jpg,0.55710864
2022-04-29 16:30:00,/Volumes/Argus/unk/snap/c1/1651249800.c1.snap.jpg,1.0124605
2022-04-29 18:00:00,/Volumes/Argus/unk/snap/c1/1651255200.c1.snap.jpg,1.0506344
2022-04-29 18:30:00,/Volumes/Argus/unk/snap/c1/1651257000.c1.snap.jpg,0.9346581
2022-04-29 20:00:00,/Volumes/Argus/unk/snap/c1/1651262400.c1.snap.jpg,0.8914064
2022-04-29 20:30:00,/Volumes/Argus/unk/snap/c1/1651264200.c1.snap.jpg,0.9162298
2022-04-29 21:00:00,/Volumes/Argus/unk/snap/c1/1651266000.c1.snap.jpg,0.9815724
2022-04-29 21:30:00,/Volumes/Argus/unk/snap/c1/1651267800.c1.snap.jpg,0.9926809
2022-04-29 22:00:00,/Volumes/Argus/unk/snap/c1/1651269600.c1.snap.jpg,1.1359859
2022-04-29 22:30:00,/Volumes/Argus/unk/snap/c1/1651271400.c1.snap.jpg,1.1578315
2022-04-29 23:00:00,/Volumes/Argus/unk/snap/c1/1651273200.c1.snap.jpg,1.0992274
2022-04-29 23:30:00,/Volumes/Argus/unk/snap/c1/1651275000.c1.snap.jpg,0.8190869
2022-04-30 00:00:00,/Volumes/Argus/unk/snap/c1/1651276800.c1.snap.jpg,0.83573914
2022-04-30 00:30:00,/Volumes/Argus/unk/snap/c1/1651278600.c1.snap.jpg,1.0881588
2022-04-30 01:00:00,/Volumes/Argus/unk/snap/c1/1651280400.c1.snap.jpg,0.7037181
2022-04-30 01:30:00,/Volumes/Argus/unk/snap/c1/1651282200.c1.snap.jpg,0.620391
2022-04-30 02:00:00,/Volumes/Argus/unk/snap/c1/1651284000.c1.snap.jpg,0.7030545
2022-04-30 02:30:00,/Volumes/Argus/unk/snap/c1/1651285800.c1.snap.jpg,0.7224858
2022-04-30 03:00:00,/Volumes/Argus/unk/snap/c1/1651287600.c1.snap.jpg,0.70341426
2022-04-30 04:00:00,/Volumes/Argus/unk/snap/c1/1651291200.c1.snap.jpg,0.52793753
2022-04-30 04:30:00,/Volumes/Argus/unk/snap/c1/1651293000.c1.snap.jpg,0.6078948
2022-04-30 16:30:00,/Volumes/Argus/unk/snap/c1/1651336200.c1.snap.jpg,0.6857271
2022-04-30 17:00:00,/Volumes/Argus/unk/snap/c1/1651338000.c1.snap.jpg,0.71956694
2022-04-30 17:30:00,/Volumes/Argus/unk/snap/c1/1651339800.c1.snap.jpg,0.6132451
2022-04-30 18:00:00,/Volumes/Argus/unk/snap/c1/1651341600.c1.snap.jpg,0.63155353
2022-04-30 18:30:00,/Volumes/Argus/unk/snap/c1/1651343400.c1.snap.jpg,0.69015896
2022-04-30 19:00:00,/Volumes/Argus/unk/snap/c1/1651345200.c1.snap.jpg,0.7194266
2022-04-30 20:00:00,/Volumes/Argus/unk/snap/c1/1651348800.c1.snap.jpg,0.71722686
2022-04-30 20:30:00,/Volumes/Argus/unk/snap/c1/1651350600.c1.snap.jpg,0.73351175
2022-04-30 21:00:00,/Volumes/Argus/unk/snap/c1/1651352400.c1.snap.jpg,0.6100212
2022-04-30 21:30:00,/Volumes/Argus/unk/snap/c1/1651354200.c1.snap.jpg,0.68170214
2022-04-30 22:00:00,/Volumes/Argus/unk/snap/c1/1651356000.c1.snap.jpg,0.7890198
2022-04-30 23:00:00,/Volumes/Argus/unk/snap/c1/1651359600.c1.snap.jpg,1.1729432
2022-04-30 23:30:00,/Volumes/Argus/unk/snap/c1/1651361400.c1.snap.jpg,1.2375869
2022-05-01 00:00:00,/Volumes/Argus/unk/snap/c1/1651363200.c1.snap.jpg,1.2734607
2022-05-01 00:30:00,/Volumes/Argus/unk/snap/c1/1651365000.c1.snap.jpg,1.2246811
2022-05-01 01:00:00,/Volumes/Argus/unk/snap/c1/1651366800.c1.snap.jpg,0.80143416
2022-05-01 01:30:00,/Volumes/Argus/unk/snap/c1/1651368600.c1.snap.jpg,0.8823062
2022-05-01 02:00:00,/Volumes/Argus/unk/snap/c1/1651370400.c1.snap.jpg,0.8109274
2022-05-01 02:30:00,/Volumes/Argus/unk/snap/c1/1651372200.c1.snap.jpg,0.81214416
2022-05-01 03:00:00,/Volumes/Argus/unk/snap/c1/1651374000.c1.snap.jpg,0.78860927
2022-05-01 03:30:00,/Volumes/Argus/unk/snap/c1/1651375800.c1.snap.jpg,0.77424365
2022-05-01 04:00:00,/Volumes/Argus/unk/snap/c1/1651377600.c1.snap.jpg,1.1664765
2022-05-01 04:30:00,/Volumes/Argus/unk/snap/c1/1651379400.c1.snap.jpg,1.1212437
2022-05-01 16:30:00,/Volumes/Argus/unk/snap/c1/1651422600.c1.snap.jpg,0.5705806
2022-05-01 17:00:00,/Volumes/Argus/unk/snap/c1/1651424400.c1.snap.jpg,0.5508066
2022-05-01 17:30:00,/Volumes/Argus/unk/snap/c1/1651426200.c1.snap.jpg,0.5672681
2022-05-01 18:00:00,/Volumes/Argus/unk/snap/c1/1651428000.c1.snap.jpg,0.5664028
2022-05-01 19:00:00,/Volumes/Argus/unk/snap/c1/1651431600.c1.snap.jpg,0.56378865
2022-05-01 19:30:00,/Volumes/Argus/unk/snap/c1/1651433400.c1.snap.jpg,0.50790143
2022-05-01 20:00:00,/Volumes/Argus/unk/snap/c1/1651435200.c1.snap.jpg,0.7513845
2022-05-01 20:30:00,/Volumes/Argus/unk/snap/c1/1651437000.c1.snap.jpg,0.6747275
2022-05-01 21:00:00,/Volumes/Argus/unk/snap/c1/1651438800.c1.snap.jpg,0.6110395
2022-05-01 21:30:00,/Volumes/Argus/unk/snap/c1/1651440600.c1.snap.jpg,0.5993808
2022-05-01 22:30:00,/Volumes/Argus/unk/snap/c1/1651444200.c1.snap.jpg,1.1304449
2022-05-01 23:00:00,/Volumes/Argus/unk/snap/c1/1651446000.c1.snap.jpg,1.102185
2022-05-01 23:30:00,/Volumes/Argus/unk/snap/c1/1651447800.c1.snap.jpg,0.8754251
2022-05-02 00:00:00,/Volumes/Argus/unk/snap/c1/1651449600.c1.snap.jpg,0.61856806
2022-05-02 01:00:00,/Volumes/Argus/unk/snap/c1/1651453200.c1.snap.jpg,0.6273247
2022-05-02 01:30:00,/Volumes/Argus/unk/snap/c1/1651455000.c1.snap.jpg,0.67675006
2022-05-02 02:00:00,/Volumes/Argus/unk/snap/c1/1651456800.c1.snap.jpg,0.63614815
2022-05-02 02:30:00,/Volumes/Argus/unk/snap/c1/1651458600.c1.snap.jpg,0.70914173
2022-05-02 03:00:00,/Volumes/Argus/unk/snap/c1/1651460400.c1.snap.jpg,0.5944109
2022-05-02 04:00:00,/Volumes/Argus/unk/snap/c1/1651464000.c1.snap.jpg,0.6201674
2022-05-02 04:30:00,/Volumes/Argus/unk/snap/c1/1651465800.c1.snap.jpg,0.68312293
2022-05-03 16:30:00,/Volumes/Argus/unk/snap/c1/1651595400.c1.snap.jpg,1.18525
2022-05-03 17:00:00,/Volumes/Argus/unk/snap/c1/1651597200.c1.snap.jpg,1.2899666
2022-05-03 17:30:00,/Volumes/Argus/unk/snap/c1/1651599000.c1.snap.jpg,1.2906626
2022-05-03 18:30:00,/Volumes/Argus/unk/snap/c1/1651602600.c1.snap.jpg,1.1162406
2022-05-03 19:30:00,/Volumes/Argus/unk/snap/c1/1651606200.c1.snap.jpg,1.1419141
2022-05-03 20:00:00,/Volumes/Argus/unk/snap/c1/1651608000.c1.snap.jpg,1.1313281
2022-05-03 21:00:00,/Volumes/Argus/unk/snap/c1/1651611600.c1.snap.jpg,0.68758863
2022-05-03 21:30:00,/Volumes/Argus/unk/snap/c1/1651613400.c1.snap.jpg,1.0885643
2022-05-03 22:00:00,/Volumes/Argus/unk/snap/c1/1651615200.c1.snap.jpg,1.0544736
2022-05-03 22:30:00,/Volumes/Argus/unk/snap/c1/1651617000.c1.snap.jpg,1.1397722
2022-05-03 23:00:00,/Volumes/Argus/unk/snap/c1/1651618800.c1.snap.jpg,1.1693635
2022-05-03 23:30:00,/Volumes/Argus/unk/snap/c1/1651620600.c1.snap.jpg,1.1712444
2022-05-04 00:00:00,/Volumes/Argus/unk/snap/c1/1651622400.c1.snap.jpg,1.3028857
2022-05-04 00:30:00,/Volumes/Argus/unk/snap/c1/1651624200.c1.snap.jpg,1.2959162
2022-05-04 01:00:00,/Volumes/Argus/unk/snap/c1/1651626000.c1.snap.jpg,1.2166358
2022-05-04 01:30:00,/Volumes/Argus/unk/snap/c1/1651627800.c1.snap.jpg,1.1379267
2022-05-04 02:00:00,/Volumes/Argus/unk/snap/c1/1651629600.c1.snap.jpg,1.1962177
2022-05-04 02:30:00,/Volumes/Argus/unk/snap/c1/1651631400.c1.snap.jpg,1.1407608
2022-05-04 03:00:00,/Volumes/Argus/unk/snap/c1/1651633200.c1.snap.jpg,1.0849638
2022-05-04 04:30:00,/Volumes/Argus/unk/snap/c1/1651638600.c1.snap.jpg,0.98943913
2022-05-05 16:30:00,/Volumes/Argus/unk/snap/c1/1651768200.c1.snap.jpg,0.50753134
2022-05-05 17:00:00,/Volumes/Argus/unk/snap/c1/1651770000.c1.snap.jpg,0.49235076
2022-05-05 18:00:00,/Volumes/Argus/unk/snap/c1/1651773600.c1.snap.jpg,0.8178561
2022-05-05 18:30:00,/Volumes/Argus/unk/snap/c1/1651775400.c1.snap.jpg,0.60321933
2022-05-05 19:00:00,/Volumes/Argus/unk/snap/c1/1651777200.c1.snap.jpg,0.60398436
2022-05-05 19:30:00,/Volumes/Argus/unk/snap/c1/1651779000.c1.snap.jpg,0.5673162
2022-05-05 20:00:00,/Volumes/Argus/unk/snap/c1/1651780800.c1.snap.jpg,0.5332255
2022-05-05 20:30:00,/Volumes/Argus/unk/snap/c1/1651782600.c1.snap.jpg,0.45139158
2022-05-05 21:00:00,/Volumes/Argus/unk/snap/c1/1651784400.c1.snap.jpg,0.45074886
2022-05-05 21:30:00,/Volumes/Argus/unk/snap/c1/1651786200.c1.snap.jpg,0.44449776
2022-05-05 22:00:00,/Volumes/Argus/unk/snap/c1/1651788000.c1.snap.jpg,0.43611494
2022-05-05 22:30:00,/Volumes/Argus/unk/snap/c1/1651789800.c1.snap.jpg,0.41461825
2022-05-05 23:00:00,/Volumes/Argus/unk/snap/c1/1651791600.c1.snap.jpg,0.48364863
2022-05-05 23:30:00,/Volumes/Argus/unk/snap/c1/1651793400.c1.snap.jpg,0.48414466
2022-05-06 00:00:00,/Volumes/Argus/unk/snap/c1/1651795200.c1.snap.jpg,0.5051049
2022-05-06 00:30:00,/Volumes/Argus/unk/snap/c1/1651797000.c1.snap.jpg,0.5532354
2022-05-06 01:00:00,/Volumes/Argus/unk/snap/c1/1651798800.c1.snap.jpg,0.5902235
2022-05-06 01:30:00,/Volumes/Argus/unk/snap/c1/1651800600.c1.snap.jpg,0.71616817
2022-05-06 02:00:00,/Volumes/Argus/unk/snap/c1/1651802400.c1.snap.jpg,1.1181102
2022-05-06 03:00:00,/Volumes/Argus/unk/snap/c1/1651806000.c1.snap.jpg,0.56174093
2022-05-06 04:00:00,/Volumes/Argus/unk/snap/c1/1651809600.c1.snap.jpg,0.5870631
2022-05-06 16:30:00,/Volumes/Argus/unk/snap/c1/1651854600.c1.snap.jpg,0.88460803
2022-05-06 17:00:00,/Volumes/Argus/unk/snap/c1/1651856400.c1.snap.jpg,0.7559693
2022-05-06 17:30:00,/Volumes/Argus/unk/snap/c1/1651858200.c1.snap.jpg,0.71832037
2022-05-06 18:00:00,/Volumes/Argus/unk/snap/c1/1651860000.c1.snap.jpg,0.621151
2022-05-06 18:30:00,/Volumes/Argus/unk/snap/c1/1651861800.c1.snap.jpg,0.5680759
2022-05-06 19:00:00,/Volumes/Argus/unk/snap/c1/1651863600.c1.snap.jpg,0.6128143
2022-05-06 20:00:00,/Volumes/Argus/unk/snap/c1/1651867200.c1.snap.jpg,0.54491705
2022-05-06 20:30:00,/Volumes/Argus/unk/snap/c1/1651869000.c1.snap.jpg,0.5625787
2022-05-06 21:00:00,/Volumes/Argus/unk/snap/c1/1651870800.c1.snap.jpg,0.5058276
2022-05-06 21:30:00,/Volumes/Argus/unk/snap/c1/1651872600.c1.snap.jpg,0.5462978
2022-05-06 22:00:00,/Volumes/Argus/unk/snap/c1/1651874400.c1.snap.jpg,0.427676
2022-05-06 22:30:00,/Volumes/Argus/unk/snap/c1/1651876200.c1.snap.jpg,0.49404573
2022-05-06 23:00:00,/Volumes/Argus/unk/snap/c1/1651878000.c1.snap.jpg,0.48997632
2022-05-06 23:30:00,/Volumes/Argus/unk/snap/c1/1651879800.c1.snap.jpg,0.53629553
2022-05-07 00:00:00,/Volumes/Argus/unk/snap/c1/1651881600.c1.snap.jpg,0.5631635
2022-05-07 00:30:00,/Volumes/Argus/unk/snap/c1/1651883400.c1.snap.jpg,0.57011575
2022-05-07 01:00:00,/Volumes/Argus/unk/snap/c1/1651885200.c1.snap.jpg,0.5794215
2022-05-07 01:30:00,/Volumes/Argus/unk/snap/c1/1651887000.c1.snap.jpg,0.5165785
2022-05-07 02:00:00,/Volumes/Argus/unk/snap/c1/1651888800.c1.snap.jpg,0.57096094
2022-05-07 02:30:00,/Volumes/Argus/unk/snap/c1/1651890600.c1.snap.jpg,0.597029
2022-05-07 03:00:00,/Volumes/Argus/unk/snap/c1/1651892400.c1.snap.jpg,0.9049036
2022-05-07 04:00:00,/Volumes/Argus/unk/snap/c1/1651896000.c1.snap.jpg,1.0840852
2022-05-07 04:30:00,/Volumes/Argus/unk/snap/c1/1651897800.c1.snap.jpg,0.7216903
2022-05-08 16:30:00,/Volumes/Argus/unk/snap/c1/1652027400.c1.snap.jpg,0.6481672
2022-05-08 17:00:00,/Volumes/Argus/unk/snap/c1/1652029200.c1.snap.jpg,0.64661217
2022-05-08 17:30:00,/Volumes/Argus/unk/snap/c1/1652031000.c1.snap.jpg,0.63962615
2022-05-08 18:30:00,/Volumes/Argus/unk/snap/c1/1652034600.c1.snap.jpg,0.9648374
2022-05-08 19:00:00,/Volumes/Argus/unk/snap/c1/1652036400.c1.snap.jpg,0.68828535
2022-05-08 19:30:00,/Volumes/Argus/unk/snap/c1/1652038200.c1.snap.jpg,0.5417111
2022-05-08 20:00:00,/Volumes/Argus/unk/snap/c1/1652040000.c1.snap.jpg,0.69997716
2022-05-08 21:00:00,/Volumes/Argus/unk/snap/c1/1652043600.c1.snap.jpg,0.609591
2022-05-08 21:30:00,/Volumes/Argus/unk/snap/c1/1652045400.c1.snap.jpg,0.5536659
2022-05-08 22:00:00,/Volumes/Argus/unk/snap/c1/1652047200.c1.snap.jpg,0.5257119
2022-05-08 22:30:00,/Volumes/Argus/unk/snap/c1/1652049000.c1.snap.jpg,0.631812
2022-05-08 23:00:00,/Volumes/Argus/unk/snap/c1/1652050800.c1.snap.jpg,0.65572906
2022-05-09 00:00:00,/Volumes/Argus/unk/snap/c1/1652054400.c1.snap.jpg,0.6108585
2022-05-09 00:30:00,/Volumes/Argus/unk/snap/c1/1652056200.c1.snap.jpg,0.39390692
2022-05-09 01:00:00,/Volumes/Argus/unk/snap/c1/1652058000.c1.snap.jpg,0.9968412
2022-05-09 01:30:00,/Volumes/Argus/unk/snap/c1/1652059800.c1.snap.jpg,0.49440923
2022-05-09 02:00:00,/Volumes/Argus/unk/snap/c1/1652061600.c1.snap.jpg,0.56923527
2022-05-09 02:30:00,/Volumes/Argus/unk/snap/c1/1652063400.c1.snap.jpg,0.5781247
2022-05-09 03:00:00,/Volumes/Argus/unk/snap/c1/1652065200.c1.snap.jpg,0.5791824
2022-05-09 03:30:00,/Volumes/Argus/unk/snap/c1/1652067000.c1.snap.jpg,0.63477635
2022-05-09 04:00:00,/Volumes/Argus/unk/snap/c1/1652068800.c1.snap.jpg,0.42558122
2022-05-09 04:30:00,/Volumes/Argus/unk/snap/c1/1652070600.c1.snap.jpg,0.46361464
2022-05-09 16:30:00,/Volumes/Argus/unk/snap/c1/1652113800.c1.snap.jpg,0.7127006
2022-05-09 17:00:00,/Volumes/Argus/unk/snap/c1/1652115600.c1.snap.jpg,0.6764953
2022-05-09 17:30:00,/Volumes/Argus/unk/snap/c1/1652117400.c1.snap.jpg,0.63043535
2022-05-09 18:00:00,/Volumes/Argus/unk/snap/c1/1652119200.c1.snap.jpg,0.6311723
2022-05-09 18:30:00,/Volumes/Argus/unk/snap/c1/1652121000.c1.snap.jpg,0.65462714
2022-05-09 19:00:00,/Volumes/Argus/unk/snap/c1/1652122800.c1.snap.jpg,0.6265905
2022-05-09 19:30:00,/Volumes/Argus/unk/snap/c1/1652124600.c1.snap.jpg,0.60237926
2022-05-09 20:00:00,/Volumes/Argus/unk/snap/c1/1652126400.c1.snap.jpg,0.68272376
2022-05-09 20:30:00,/Volumes/Argus/unk/snap/c1/1652128200.c1.snap.jpg,0.70026827
2022-05-09 21:00:00,/Volumes/Argus/unk/snap/c1/1652130000.c1.snap.jpg,0.43971685
2022-05-09 21:30:00,/Volumes/Argus/unk/snap/c1/1652131800.c1.snap.jpg,0.54104626
2022-05-09 22:00:00,/Volumes/Argus/unk/snap/c1/1652133600.c1.snap.jpg,0.6133235
2022-05-09 22:30:00,/Volumes/Argus/unk/snap/c1/1652135400.c1.snap.jpg,0.87444925
2022-05-09 23:00:00,/Volumes/Argus/unk/snap/c1/1652137200.c1.snap.jpg,0.7107858
2022-05-09 23:30:00,/Volumes/Argus/unk/snap/c1/1652139000.c1.snap.jpg,0.7184033
2022-05-10 00:00:00,/Volumes/Argus/unk/snap/c1/1652140800.c1.snap.jpg,1.0160099
2022-05-10 00:30:00,/Volumes/Argus/unk/snap/c1/1652142600.c1.snap.jpg,0.8977219
2022-05-10 01:00:00,/Volumes/Argus/unk/snap/c1/1652144400.c1.snap.jpg,1.0843047
2022-05-10 02:00:00,/Volumes/Argus/unk/snap/c1/1652148000.c1.snap.jpg,0.8559848
2022-05-10 03:30:00,/Volumes/Argus/unk/snap/c1/1652153400.c1.snap.jpg,0.81393206
2022-05-10 04:30:00,/Volumes/Argus/unk/snap/c1/1652157000.c1.snap.jpg,0.68916416
2022-05-10 16:30:00,/Volumes/Argus/unk/snap/c1/1652200200.c1.snap.jpg,0.84079975
2022-05-10 17:00:00,/Volumes/Argus/unk/snap/c1/1652202000.c1.snap.jpg,0.7739146
2022-05-10 17:30:00,/Volumes/Argus/unk/snap/c1/1652203800.c1.snap.jpg,0.78504616
2022-05-10 18:00:00,/Volumes/Argus/unk/snap/c1/1652205600.c1.snap.jpg,0.7351539
2022-05-10 18:30:00,/Volumes/Argus/unk/snap/c1/1652207400.c1.snap.jpg,0.72600293
2022-05-10 19:00:00,/Volumes/Argus/unk/snap/c1/1652209200.c1.snap.jpg,0.798767
2022-05-10 19:30:00,/Volumes/Argus/unk/snap/c1/1652211000.c1.snap.jpg,1.047455
2022-05-10 20:00:00,/Volumes/Argus/unk/snap/c1/1652212800.c1.snap.jpg,1.1120431
2022-05-10 20:30:00,/Volumes/Argus/unk/snap/c1/1652214600.c1.snap.jpg,0.853848
2022-05-10 21:00:00,/Volumes/Argus/unk/snap/c1/1652216400.c1.snap.jpg,0.83511925
2022-05-10 21:30:00,/Volumes/Argus/unk/snap/c1/1652218200.c1.snap.jpg,1.1263156
2022-05-10 22:00:00,/Volumes/Argus/unk/snap/c1/1652220000.c1.snap.jpg,1.082104
2022-05-10 22:30:00,/Volumes/Argus/unk/snap/c1/1652221800.c1.snap.jpg,0.76777005
2022-05-10 23:30:00,/Volumes/Argus/unk/snap/c1/1652225400.c1.snap.jpg,1.1008193
2022-05-11 00:00:00,/Volumes/Argus/unk/snap/c1/1652227200.c1.snap.jpg,1.0881095
2022-05-11 00:30:00,/Volumes/Argus/unk/snap/c1/1652229000.c1.snap.jpg,0.8254336
2022-05-11 01:30:00,/Volumes/Argus/unk/snap/c1/1652232600.c1.snap.jpg,0.9503162
2022-05-11 02:00:00,/Volumes/Argus/unk/snap/c1/1652234400.c1.snap.jpg,0.65027213
2022-05-11 02:30:00,/Volumes/Argus/unk/snap/c1/1652236200.c1.snap.jpg,0.6386304
2022-05-11 03:00:00,/Volumes/Argus/unk/snap/c1/1652238000.c1.snap.jpg,0.53842527
2022-05-11 03:30:00,/Volumes/Argus/unk/snap/c1/1652239800.c1.snap.jpg,0.62457657
2022-05-11 04:00:00,/Volumes/Argus/unk/snap/c1/1652241600.c1.snap.jpg,0.6827699
2022-05-11 04:30:00,/Volumes/Argus/unk/snap/c1/1652243400.c1.snap.jpg,0.66392845
2022-05-11 16:30:00,/Volumes/Argus/unk/snap/c1/1652286600.c1.snap.jpg,0.6682668
2022-05-11 17:00:00,/Volumes/Argus/unk/snap/c1/1652288400.c1.snap.jpg,0.6376556
2022-05-11 17:30:00,/Volumes/Argus/unk/snap/c1/1652290200.c1.snap.jpg,0.6708746
2022-05-11 18:00:00,/Volumes/Argus/unk/snap/c1/1652292000.c1.snap.jpg,0.74384296
2022-05-11 19:00:00,/Volumes/Argus/unk/snap/c1/1652295600.c1.snap.jpg,0.32448277
2022-05-11 19:30:00,/Volumes/Argus/unk/snap/c1/1652297400.c1.snap.jpg,0.53722
2022-05-11 20:00:00,/Volumes/Argus/unk/snap/c1/1652299200.c1.snap.jpg,0.5918673
2022-05-11 21:00:00,/Volumes/Argus/unk/snap/c1/1652302800.c1.snap.jpg,0.6458184
2022-05-11 21:30:00,/Volumes/Argus/unk/snap/c1/1652304600.c1.snap.jpg,0.6347946
2022-05-11 22:00:00,/Volumes/Argus/unk/snap/c1/1652306400.c1.snap.jpg,0.75296926
2022-05-11 22:30:00,/Volumes/Argus/unk/snap/c1/1652308200.c1.snap.jpg,0.6909739
2022-05-11 23:00:00,/Volumes/Argus/unk/snap/c1/1652310000.c1.snap.jpg,0.6598118
2022-05-11 23:30:00,/Volumes/Argus/unk/snap/c1/1652311800.c1.snap.jpg,0.5810964
2022-05-12 00:00:00,/Volumes/Argus/unk/snap/c1/1652313600.c1.snap.jpg,0.710243
2022-05-12 00:30:00,/Volumes/Argus/unk/snap/c1/1652315400.c1.snap.jpg,0.7309374
2022-05-12 01:00:00,/Volumes/Argus/unk/snap/c1/1652317200.c1.snap.jpg,0.6998585
2022-05-12 01:30:00,/Volumes/Argus/unk/snap/c1/1652319000.c1.snap.jpg,0.67731726
2022-05-12 02:00:00,/Volumes/Argus/unk/snap/c1/1652320800.c1.snap.jpg,0.74308324
2022-05-12 02:30:00,/Volumes/Argus/unk/snap/c1/1652322600.c1.snap.jpg,0.92109555
2022-05-12 03:30:00,/Volumes/Argus/unk/snap/c1/1652326200.c1.snap.jpg,1.0365644
2022-05-12 04:00:00,/Volumes/Argus/unk/snap/c1/1652328000.c1.snap.jpg,1.0361965
2022-05-12 04:30:00,/Volumes/Argus/unk/snap/c1/1652329800.c1.snap.jpg,0.6934207
2022-05-12 16:30:00,/Volumes/Argus/unk/snap/c1/1652373000.c1.snap.jpg,0.70213103
2022-05-12 17:00:00,/Volumes/Argus/unk/snap/c1/1652374800.c1.snap.jpg,0.7994249
2022-05-12 17:30:00,/Volumes/Argus/unk/snap/c1/1652376600.c1.snap.jpg,1.019273
2022-05-12 18:00:00,/Volumes/Argus/unk/snap/c1/1652378400.c1.snap.jpg,0.57380813
2022-05-12 20:00:00,/Volumes/Argus/unk/snap/c1/1652385600.c1.snap.jpg,0.69970524
2022-05-12 20:30:00,/Volumes/Argus/unk/snap/c1/1652387400.c1.snap.jpg,0.4105457
2022-05-12 21:00:00,/Volumes/Argus/unk/snap/c1/1652389200.c1.snap.jpg,0.556883
2022-05-12 21:30:00,/Volumes/Argus/unk/snap/c1/1652391000.c1.snap.jpg,0.8893083
2022-05-12 22:00:00,/Volumes/Argus/unk/snap/c1/1652392800.c1.snap.jpg,0.89784503
2022-05-12 22:30:00,/Volumes/Argus/unk/snap/c1/1652394600.c1.snap.jpg,0.91283107
2022-05-12 23:00:00,/Volumes/Argus/unk/snap/c1/1652396400.c1.snap.jpg,0.9181884
2022-05-12 23:30:00,/Volumes/Argus/unk/snap/c1/1652398200.c1.snap.jpg,0.84577024
2022-05-13 00:00:00,/Volumes/Argus/unk/snap/c1/1652400000.c1.snap.jpg,0.7988843
2022-05-13 00:30:00,/Volumes/Argus/unk/snap/c1/1652401800.c1.snap.jpg,0.6749281
2022-05-13 01:00:00,/Volumes/Argus/unk/snap/c1/1652403600.c1.snap.jpg,0.67460734
2022-05-13 02:00:00,/Volumes/Argus/unk/snap/c1/1652407200.c1.snap.jpg,0.7007739
2022-05-13 04:00:00,/Volumes/Argus/unk/snap/c1/1652414400.c1.snap.jpg,0.7284468
2022-05-13 16:30:00,/Volumes/Argus/unk/snap/c1/1652459400.c1.snap.jpg,0.8162854
2022-05-13 17:00:00,/Volumes/Argus/unk/snap/c1/1652461200.c1.snap.jpg,0.77219206
2022-05-13 17:30:00,/Volumes/Argus/unk/snap/c1/1652463000.c1.snap.jpg,0.71834314
2022-05-13 18:00:00,/Volumes/Argus/unk/snap/c1/1652464800.c1.snap.jpg,0.7601931
2022-05-13 19:00:00,/Volumes/Argus/unk/snap/c1/1652468400.c1.snap.jpg,0.8417091
2022-05-13 19:30:00,/Volumes/Argus/unk/snap/c1/1652470200.c1.snap.jpg,0.75358236
2022-05-13 20:00:00,/Volumes/Argus/unk/snap/c1/1652472000.c1.snap.jpg,0.7831706
2022-05-13 21:00:00,/Volumes/Argus/unk/snap/c1/1652475600.c1.snap.jpg,0.76417625
2022-05-13 21:30:00,/Volumes/Argus/unk/snap/c1/1652477400.c1.snap.jpg,1.1142396
2022-05-13 22:00:00,/Volumes/Argus/unk/snap/c1/1652479200.c1.snap.jpg,1.0950016
2022-05-13 22:30:00,/Volumes/Argus/unk/snap/c1/1652481000.c1.snap.jpg,1.0824914
2022-05-13 23:00:00,/Volumes/Argus/unk/snap/c1/1652482800.c1.snap.jpg,1.1108948
2022-05-13 23:30:00,/Volumes/Argus/unk/snap/c1/1652484600.c1.snap.jpg,0.74025637
2022-05-14 00:00:00,/Volumes/Argus/unk/snap/c1/1652486400.c1.snap.jpg,1.1484225
2022-05-14 00:30:00,/Volumes/Argus/unk/snap/c1/1652488200.c1.snap.jpg,1.0405726
2022-05-14 01:00:00,/Volumes/Argus/unk/snap/c1/1652490000.c1.snap.jpg,0.843615
2022-05-14 01:30:00,/Volumes/Argus/unk/snap/c1/1652491800.c1.snap.jpg,0.7664864
2022-05-14 02:00:00,/Volumes/Argus/unk/snap/c1/1652493600.c1.snap.jpg,0.75799
2022-05-14 02:30:00,/Volumes/Argus/unk/snap/c1/1652495400.c1.snap.jpg,0.7615789
2022-05-14 03:00:00,/Volumes/Argus/unk/snap/c1/1652497200.c1.snap.jpg,0.72427213
2022-05-14 04:00:00,/Volumes/Argus/unk/snap/c1/1652500800.c1.snap.jpg,0.73294747
2022-05-14 04:30:00,/Volumes/Argus/unk/snap/c1/1652502600.c1.snap.jpg,0.7887669
2022-05-14 16:30:00,/Volumes/Argus/unk/snap/c1/1652545800.c1.snap.jpg,0.65492487
2022-05-14 17:00:00,/Volumes/Argus/unk/snap/c1/1652547600.c1.snap.jpg,0.6785276
2022-05-14 17:30:00,/Volumes/Argus/unk/snap/c1/1652549400.c1.snap.jpg,0.7593955
2022-05-14 18:00:00,/Volumes/Argus/unk/snap/c1/1652551200.c1.snap.jpg,0.8853226
2022-05-14 20:00:00,/Volumes/Argus/unk/snap/c1/1652558400.c1.snap.jpg,1.0891856
2022-05-14 20:30:00,/Volumes/Argus/unk/snap/c1/1652560200.c1.snap.jpg,1.0888066
2022-05-14 21:00:00,/Volumes/Argus/unk/snap/c1/1652562000.c1.snap.jpg,1.1213038
2022-05-14 21:30:00,/Volumes/Argus/unk/snap/c1/1652563800.c1.snap.jpg,1.1333824
2022-05-14 22:00:00,/Volumes/Argus/unk/snap/c1/1652565600.c1.snap.jpg,1.1289101
2022-05-14 23:00:00,/Volumes/Argus/unk/snap/c1/1652569200.c1.snap.jpg,1.1612043
2022-05-14 23:30:00,/Volumes/Argus/unk/snap/c1/1652571000.c1.snap.jpg,1.1589339
2022-05-15 00:00:00,/Volumes/Argus/unk/snap/c1/1652572800.c1.snap.jpg,1.1323135
2022-05-15 00:30:00,/Volumes/Argus/unk/snap/c1/1652574600.c1.snap.jpg,0.92958367
2022-05-15 01:30:00,/Volumes/Argus/unk/snap/c1/1652578200.c1.snap.jpg,0.7187373
2022-05-15 02:00:00,/Volumes/Argus/unk/snap/c1/1652580000.c1.snap.jpg,0.72383136
2022-05-15 03:00:00,/Volumes/Argus/unk/snap/c1/1652583600.c1.snap.jpg,0.7293289
2022-05-15 03:30:00,/Volumes/Argus/unk/snap/c1/1652585400.c1.snap.jpg,0.7109345
2022-05-15 04:00:00,/Volumes/Argus/unk/snap/c1/1652587200.c1.snap.jpg,0.6917675
2022-05-15 04:30:00,/Volumes/Argus/unk/snap/c1/1652589000.c1.snap.jpg,0.6826802
2022-05-15 16:30:00,/Volumes/Argus/unk/snap/c1/1652632200.c1.snap.jpg,0.69683754
2022-05-15 17:00:00,/Volumes/Argus/unk/snap/c1/1652634000.c1.snap.jpg,0.74137235
2022-05-15 17:30:00,/Volumes/Argus/unk/snap/c1/1652635800.c1.snap.jpg,0.79474336
2022-05-15 18:00:00,/Volumes/Argus/unk/snap/c1/1652637600.c1.snap.jpg,0.9508048
2022-05-15 18:30:00,/Volumes/Argus/unk/snap/c1/1652639400.c1.snap.jpg,0.92367864
2022-05-15 19:00:00,/Volumes/Argus/unk/snap/c1/1652641200.c1.snap.jpg,0.8987377
2022-05-15 20:00:00,/Volumes/Argus/unk/snap/c1/1652644800.c1.snap.jpg,0.867679
2022-05-15 21:00:00,/Volumes/Argus/unk/snap/c1/1652648400.c1.snap.jpg,0.7896246
2022-05-15 21:30:00,/Volumes/Argus/unk/snap/c1/1652650200.c1.snap.jpg,0.744625
2022-05-15 22:00:00,/Volumes/Argus/unk/snap/c1/1652652000.c1.snap.jpg,0.8295118
2022-05-15 23:00:00,/Volumes/Argus/unk/snap/c1/1652655600.c1.snap.jpg,0.81769544
2022-05-16 00:00:00,/Volumes/Argus/unk/snap/c1/1652659200.c1.snap.jpg,0.6352896
2022-05-16 00:30:00,/Volumes/Argus/unk/snap/c1/1652661000.c1.snap.jpg,0.62887156
2022-05-16 01:30:00,/Volumes/Argus/unk/snap/c1/1652664600.c1.snap.jpg,0.7579278
2022-05-16 02:00:00,/Volumes/Argus/unk/snap/c1/1652666400.c1.snap.jpg,0.7545352
2022-05-16 03:00:00,/Volumes/Argus/unk/snap/c1/1652670000.c1.snap.jpg,0.8524538
2022-05-16 03:30:00,/Volumes/Argus/unk/snap/c1/1652671800.c1.snap.jpg,0.67441183
2022-05-16 04:00:00,/Volumes/Argus/unk/snap/c1/1652673600.c1.snap.jpg,0.6450627
2022-05-16 04:30:00,/Volumes/Argus/unk/snap/c1/1652675400.c1.snap.jpg,0.5887658
2022-05-16 16:30:00,/Volumes/Argus/unk/snap/c1/1652718600.c1.snap.jpg,0.646525
2022-05-16 17:00:00,/Volumes/Argus/unk/snap/c1/1652720400.c1.snap.jpg,0.60646164
2022-05-16 17:30:00,/Volumes/Argus/unk/snap/c1/1652722200.c1.snap.jpg,0.6953877
2022-05-16 18:00:00,/Volumes/Argus/unk/snap/c1/1652724000.c1.snap.jpg,0.84317666
2022-05-16 19:00:00,/Volumes/Argus/unk/snap/c1/1652727600.c1.snap.jpg,0.6586532
2022-05-16 19:30:00,/Volumes/Argus/unk/snap/c1/1652729400.c1.snap.jpg,0.7321329
2022-05-16 20:00:00,/Volumes/Argus/unk/snap/c1/1652731200.c1.snap.jpg,0.5805483
2022-05-16 20:30:00,/Volumes/Argus/unk/snap/c1/1652733000.c1.snap.jpg,0.54273623
2022-05-16 21:00:00,/Volumes/Argus/unk/snap/c1/1652734800.c1.snap.jpg,0.6168861
2022-05-16 21:30:00,/Volumes/Argus/unk/snap/c1/1652736600.c1.snap.jpg,0.9074312
2022-05-16 22:00:00,/Volumes/Argus/unk/snap/c1/1652738400.c1.snap.jpg,0.6426663
2022-05-16 22:30:00,/Volumes/Argus/unk/snap/c1/1652740200.c1.snap.jpg,0.6188532
2022-05-16 23:00:00,/Volumes/Argus/unk/snap/c1/1652742000.c1.snap.jpg,0.7483659
2022-05-16 23:30:00,/Volumes/Argus/unk/snap/c1/1652743800.c1.snap.jpg,0.5079332
2022-05-17 00:30:00,/Volumes/Argus/unk/snap/c1/1652747400.c1.snap.jpg,0.5955821
2022-05-17 01:00:00,/Volumes/Argus/unk/snap/c1/1652749200.c1.snap.jpg,0.6161132
2022-05-17 01:30:00,/Volumes/Argus/unk/snap/c1/1652751000.c1.snap.jpg,0.633801
2022-05-17 02:00:00,/Volumes/Argus/unk/snap/c1/1652752800.c1.snap.jpg,0.633957
2022-05-17 03:00:00,/Volumes/Argus/unk/snap/c1/1652756400.c1.snap.jpg,0.57717466
2022-05-17 04:00:00,/Volumes/Argus/unk/snap/c1/1652760000.c1.snap.jpg,0.5203727
2022-05-17 04:30:00,/Volumes/Argus/unk/snap/c1/1652761800.c1.snap.jpg,0.6211573
2022-05-18 16:30:00,/Volumes/Argus/unk/snap/c1/1652891400.c1.snap.jpg,0.61728054
2022-05-18 17:00:00,/Volumes/Argus/unk/snap/c1/1652893200.c1.snap.jpg,0.5807278
2022-05-18 17:30:00,/Volumes/Argus/unk/snap/c1/1652895000.c1.snap.jpg,0.6106472
2022-05-18 18:30:00,/Volumes/Argus/unk/snap/c1/1652898600.c1.snap.jpg,0.6820397
2022-05-18 19:00:00,/Volumes/Argus/unk/snap/c1/1652900400.c1.snap.jpg,0.83812475
2022-05-18 19:30:00,/Volumes/Argus/unk/snap/c1/1652902200.c1.snap.jpg,0.8123256
2022-05-18 20:00:00,/Volumes/Argus/unk/snap/c1/1652904000.c1.snap.jpg,0.6229625
2022-05-18 20:30:00,/Volumes/Argus/unk/snap/c1/1652905800.c1.snap.jpg,0.5941411
2022-05-18 21:30:00,/Volumes/Argus/unk/snap/c1/1652909400.c1.snap.jpg,0.62414294
2022-05-18 22:00:00,/Volumes/Argus/unk/snap/c1/1652911200.c1.snap.jpg,0.5488441
2022-05-18 22:30:00,/Volumes/Argus/unk/snap/c1/1652913000.c1.snap.jpg,0.48215368
2022-05-18 23:00:00,/Volumes/Argus/unk/snap/c1/1652914800.c1.snap.jpg,0.5005277
2022-05-18 23:30:00,/Volumes/Argus/unk/snap/c1/1652916600.c1.snap.jpg,0.5106616
2022-05-19 00:00:00,/Volumes/Argus/unk/snap/c1/1652918400.c1.snap.jpg,0.47176945
2022-05-19 00:30:00,/Volumes/Argus/unk/snap/c1/1652920200.c1.snap.jpg,0.4790259
2022-05-19 01:00:00,/Volumes/Argus/unk/snap/c1/1652922000.c1.snap.jpg,0.42841113
2022-05-19 01:30:00,/Volumes/Argus/unk/snap/c1/1652923800.c1.snap.jpg,0.49470755
2022-05-19 03:00:00,/Volumes/Argus/unk/snap/c1/1652929200.c1.snap.jpg,0.4518838
2022-05-19 03:30:00,/Volumes/Argus/unk/snap/c1/1652931000.c1.snap.jpg,0.4956205
2022-05-19 04:00:00,/Volumes/Argus/unk/snap/c1/1652932800.c1.snap.jpg,0.42444897
2022-05-19 04:30:00,/Volumes/Argus/unk/snap/c1/1652934600.c1.snap.jpg,0.47052678
2022-05-19 16:30:00,/Volumes/Argus/unk/snap/c1/1652977800.c1.snap.jpg,0.44586343
2022-05-19 17:00:00,/Volumes/Argus/unk/snap/c1/1652979600.c1.snap.jpg,0.42301902
2022-05-19 17:30:00,/Volumes/Argus/unk/snap/c1/1652981400.c1.snap.jpg,0.48168865
2022-05-19 18:00:00,/Volumes/Argus/unk/snap/c1/1652983200.c1.snap.jpg,0.45340866
2022-05-19 18:30:00,/Volumes/Argus/unk/snap/c1/1652985000.c1.snap.jpg,0.34940904
2022-05-19 19:00:00,/Volumes/Argus/unk/snap/c1/1652986800.c1.snap.jpg,0.40370908
2022-05-19 19:30:00,/Volumes/Argus/unk/snap/c1/1652988600.c1.snap.jpg,0.28517762
2022-05-19 20:00:00,/Volumes/Argus/unk/snap/c1/1652990400.c1.snap.jpg,0.37968317
2022-05-19 20:30:00,/Volumes/Argus/unk/snap/c1/1652992200.c1.snap.jpg,0.38325182
2022-05-19 21:00:00,/Volumes/Argus/unk/snap/c1/1652994000.c1.snap.jpg,0.46706364
2022-05-19 21:30:00,/Volumes/Argus/unk/snap/c1/1652995800.c1.snap.jpg,0.54451525
2022-05-19 22:00:00,/Volumes/Argus/unk/snap/c1/1652997600.c1.snap.jpg,0.4665014
2022-05-19 22:30:00,/Volumes/Argus/unk/snap/c1/1652999400.c1.snap.jpg,0.41605148
2022-05-19 23:00:00,/Volumes/Argus/unk/snap/c1/1653001200.c1.snap.jpg,0.42868614
2022-05-20 00:00:00,/Volumes/Argus/unk/snap/c1/1653004800.c1.snap.jpg,0.32812768
2022-05-20 01:00:00,/Volumes/Argus/unk/snap/c1/1653008400.c1.snap.jpg,0.33764315
2022-05-20 01:30:00,/Volumes/Argus/unk/snap/c1/1653010200.c1.snap.jpg,0.36328048
2022-05-20 02:00:00,/Volumes/Argus/unk/snap/c1/1653012000.c1.snap.jpg,0.30657017
2022-05-20 03:30:00,/Volumes/Argus/unk/snap/c1/1653017400.c1.snap.jpg,0.32072264
2022-05-20 16:30:00,/Volumes/Argus/unk/snap/c1/1653064200.c1.snap.jpg,0.46416822
2022-05-20 17:30:00,/Volumes/Argus/unk/snap/c1/1653067800.c1.snap.jpg,0.5236933
2022-05-20 18:00:00,/Volumes/Argus/unk/snap/c1/1653069600.c1.snap.jpg,0.50972337
2022-05-20 18:30:00,/Volumes/Argus/unk/snap/c1/1653071400.c1.snap.jpg,0.5149564
2022-05-20 19:00:00,/Volumes/Argus/unk/snap/c1/1653073200.c1.snap.jpg,0.50184554
2022-05-20 20:30:00,/Volumes/Argus/unk/snap/c1/1653078600.c1.snap.jpg,0.2850192
2022-05-20 21:00:00,/Volumes/Argus/unk/snap/c1/1653080400.c1.snap.jpg,0.38542584
2022-05-20 21:30:00,/Volumes/Argus/unk/snap/c1/1653082200.c1.snap.jpg,0.2863033
2022-05-20 22:00:00,/Volumes/Argus/unk/snap/c1/1653084000.c1.snap.jpg,0.31502748
2022-05-20 22:30:00,/Volumes/Argus/unk/snap/c1/1653085800.c1.snap.jpg,0.27417487
2022-05-20 23:00:00,/Volumes/Argus/unk/snap/c1/1653087600.c1.snap.jpg,0.32346633
2022-05-20 23:30:00,/Volumes/Argus/unk/snap/c1/1653089400.c1.snap.jpg,0.28068745
2022-05-21 00:00:00,/Volumes/Argus/unk/snap/c1/1653091200.c1.snap.jpg,0.28459322
2022-05-21 00:30:00,/Volumes/Argus/unk/snap/c1/1653093000.c1.snap.jpg,0.31843644
2022-05-21 01:00:00,/Volumes/Argus/unk/snap/c1/1653094800.c1.snap.jpg,0.3441634
2022-05-21 01:30:00,/Volumes/Argus/unk/snap/c1/1653096600.c1.snap.jpg,0.35921928
2022-05-21 02:00:00,/Volumes/Argus/unk/snap/c1/1653098400.c1.snap.jpg,0.29521155
2022-05-21 03:00:00,/Volumes/Argus/unk/snap/c1/1653102000.c1.snap.jpg,0.3001193
2022-05-21 03:30:00,/Volumes/Argus/unk/snap/c1/1653103800.c1.snap.jpg,0.29809248
2022-05-21 04:00:00,/Volumes/Argus/unk/snap/c1/1653105600.c1.snap.jpg,0.27700967
2022-05-21 04:30:00,/Volumes/Argus/unk/snap/c1/1653107400.c1.snap.jpg,0.32584712
2022-05-21 16:30:00,/Volumes/Argus/unk/snap/c1/1653150600.c1.snap.jpg,0.37944624
2022-05-21 17:00:00,/Volumes/Argus/unk/snap/c1/1653152400.c1.snap.jpg,0.3075489
2022-05-21 17:30:00,/Volumes/Argus/unk/snap/c1/1653154200.c1.snap.jpg,0.34899974
2022-05-21 18:00:00,/Volumes/Argus/unk/snap/c1/1653156000.c1.snap.jpg,0.2842431
2022-05-21 18:30:00,/Volumes/Argus/unk/snap/c1/1653157800.c1.snap.jpg,0.29286164
2022-05-21 19:00:00,/Volumes/Argus/unk/snap/c1/1653159600.c1.snap.jpg,0.30844045
2022-05-21 19:30:00,/Volumes/Argus/unk/snap/c1/1653161400.c1.snap.jpg,0.2879603
2022-05-21 20:00:00,/Volumes/Argus/unk/snap/c1/1653163200.c1.snap.jpg,0.3205587
2022-05-21 20:30:00,/Volumes/Argus/unk/snap/c1/1653165000.c1.snap.jpg,0.30176252
2022-05-21 21:00:00,/Volumes/Argus/unk/snap/c1/1653166800.c1.snap.jpg,0.35575783
2022-05-21 21:30:00,/Volumes/Argus/unk/snap/c1/1653168600.c1.snap.jpg,0.3783512
2022-05-21 22:00:00,/Volumes/Argus/unk/snap/c1/1653170400.c1.snap.jpg,0.39986494
2022-05-21 22:30:00,/Volumes/Argus/unk/snap/c1/1653172200.c1.snap.jpg,0.2842142
2022-05-21 23:00:00,/Volumes/Argus/unk/snap/c1/1653174000.c1.snap.jpg,0.30223924
2022-05-21 23:30:00,/Volumes/Argus/unk/snap/c1/1653175800.c1.snap.jpg,0.34243208
2022-05-22 00:00:00,/Volumes/Argus/unk/snap/c1/1653177600.c1.snap.jpg,0.34234256
2022-05-22 00:30:00,/Volumes/Argus/unk/snap/c1/1653179400.c1.snap.jpg,0.28893712
2022-05-22 01:00:00,/Volumes/Argus/unk/snap/c1/1653181200.c1.snap.jpg,0.3357641
2022-05-22 01:30:00,/Volumes/Argus/unk/snap/c1/1653183000.c1.snap.jpg,0.2763424
2022-05-22 02:00:00,/Volumes/Argus/unk/snap/c1/1653184800.c1.snap.jpg,0.29257601
2022-05-22 02:30:00,/Volumes/Argus/unk/snap/c1/1653186600.c1.snap.jpg,0.28921524
2022-05-22 03:00:00,/Volumes/Argus/unk/snap/c1/1653188400.c1.snap.jpg,0.17402038
2022-05-22 03:30:00,/Volumes/Argus/unk/snap/c1/1653190200.c1.snap.jpg,0.20932978
2022-05-22 04:00:00,/Volumes/Argus/unk/snap/c1/1653192000.c1.snap.jpg,0.29412034
2022-05-22 04:30:00,/Volumes/Argus/unk/snap/c1/1653193800.c1.snap.jpg,0.34817663
2022-05-22 16:30:00,/Volumes/Argus/unk/snap/c1/1653237000.c1.snap.jpg,0.29282257
2022-05-22 17:00:00,/Volumes/Argus/unk/snap/c1/1653238800.c1.snap.jpg,0.26965907
2022-05-22 17:30:00,/Volumes/Argus/unk/snap/c1/1653240600.c1.snap.jpg,0.39394444
2022-05-22 18:00:00,/Volumes/Argus/unk/snap/c1/1653242400.c1.snap.jpg,0.37161487
2022-05-22 18:30:00,/Volumes/Argus/unk/snap/c1/1653244200.c1.snap.jpg,0.29372448
2022-05-22 19:00:00,/Volumes/Argus/unk/snap/c1/1653246000.c1.snap.jpg,0.30494422
2022-05-22 19:30:00,/Volumes/Argus/unk/snap/c1/1653247800.c1.snap.jpg,0.3395341
2022-05-22 20:00:00,/Volumes/Argus/unk/snap/c1/1653249600.c1.snap.jpg,0.35695386
2022-05-22 20:30:00,/Volumes/Argus/unk/snap/c1/1653251400.c1.snap.jpg,0.29825348
2022-05-22 21:00:00,/Volumes/Argus/unk/snap/c1/1653253200.c1.snap.jpg,0.24229121
2022-05-22 21:30:00,/Volumes/Argus/unk/snap/c1/1653255000.c1.snap.jpg,0.279198
2022-05-22 22:00:00,/Volumes/Argus/unk/snap/c1/1653256800.c1.snap.jpg,0.29887524
2022-05-22 22:30:00,/Volumes/Argus/unk/snap/c1/1653258600.c1.snap.jpg,0.27835134
2022-05-22 23:00:00,/Volumes/Argus/unk/snap/c1/1653260400.c1.snap.jpg,0.25077477
2022-05-22 23:30:00,/Volumes/Argus/unk/snap/c1/1653262200.c1.snap.jpg,0.30485684
2022-05-23 00:00:00,/Volumes/Argus/unk/snap/c1/1653264000.c1.snap.jpg,0.28754452
2022-05-23 00:30:00,/Volumes/Argus/unk/snap/c1/1653265800.c1.snap.jpg,0.29103988
2022-05-23 01:00:00,/Volumes/Argus/unk/snap/c1/1653267600.c1.snap.jpg,0.30141935
2022-05-23 01:30:00,/Volumes/Argus/unk/snap/c1/1653269400.c1.snap.jpg,0.31443983
2022-05-23 02:00:00,/Volumes/Argus/unk/snap/c1/1653271200.c1.snap.jpg,0.27957317
2022-05-23 02:30:00,/Volumes/Argus/unk/snap/c1/1653273000.c1.snap.jpg,0.28552747
2022-05-23 03:00:00,/Volumes/Argus/unk/snap/c1/1653274800.c1.snap.jpg,0.28208402
2022-05-23 03:30:00,/Volumes/Argus/unk/snap/c1/1653276600.c1.snap.jpg,0.29544005
2022-05-23 04:00:00,/Volumes/Argus/unk/snap/c1/1653278400.c1.snap.jpg,0.25823098
2022-05-23 04:30:00,/Volumes/Argus/unk/snap/c1/1653280200.c1.snap.jpg,0.24708235
2022-05-23 16:30:00,/Volumes/Argus/unk/snap/c1/1653323400.c1.snap.jpg,0.25062838
2022-05-23 17:00:00,/Volumes/Argus/unk/snap/c1/1653325200.c1.snap.jpg,0.25172988
2022-05-23 17:30:00,/Volumes/Argus/unk/snap/c1/1653327000.c1.snap.jpg,0.2676015
2022-05-23 18:00:00,/Volumes/Argus/unk/snap/c1/1653328800.c1.snap.jpg,0.28515816
2022-05-23 18:30:00,/Volumes/Argus/unk/snap/c1/1653330600.c1.snap.jpg,0.29397902
2022-05-23 19:00:00,/Volumes/Argus/unk/snap/c1/1653332400.c1.snap.jpg,0.26682073
2022-05-23 19:30:00,/Volumes/Argus/unk/snap/c1/1653334200.c1.snap.jpg,0.2690283
2022-05-23 20:00:00,/Volumes/Argus/unk/snap/c1/1653336000.c1.snap.jpg,0.26677132
2022-05-23 20:30:00,/Volumes/Argus/unk/snap/c1/1653337800.c1.snap.jpg,0.2866118
2022-05-23 21:00:00,/Volumes/Argus/unk/snap/c1/1653339600.c1.snap.jpg,0.25888568
2022-05-23 21:30:00,/Volumes/Argus/unk/snap/c1/1653341400.c1.snap.jpg,0.26390064
2022-05-23 23:00:00,/Volumes/Argus/unk/snap/c1/1653346800.c1.snap.jpg,0.21947202
2022-05-23 23:30:00,/Volumes/Argus/unk/snap/c1/1653348600.c1.snap.jpg,0.22505185
2022-05-24 00:00:00,/Volumes/Argus/unk/snap/c1/1653350400.c1.snap.jpg,0.23095888
2022-05-24 00:30:00,/Volumes/Argus/unk/snap/c1/1653352200.c1.snap.jpg,0.22280104
2022-05-24 01:00:00,/Volumes/Argus/unk/snap/c1/1653354000.c1.snap.jpg,0.24894693
2022-05-24 01:30:00,/Volumes/Argus/unk/snap/c1/1653355800.c1.snap.jpg,0.24468932
2022-05-24 02:00:00,/Volumes/Argus/unk/snap/c1/1653357600.c1.snap.jpg,0.2669478
2022-05-24 02:30:00,/Volumes/Argus/unk/snap/c1/1653359400.c1.snap.jpg,0.22876465
2022-05-24 03:00:00,/Volumes/Argus/unk/snap/c1/1653361200.c1.snap.jpg,0.23734038
2022-05-24 04:00:00,/Volumes/Argus/unk/snap/c1/1653364800.c1.snap.jpg,0.26904485
2022-05-24 04:30:00,/Volumes/Argus/unk/snap/c1/1653366600.c1.snap.jpg,0.23395646
2022-05-24 16:30:00,/Volumes/Argus/unk/snap/c1/1653409800.c1.snap.jpg,0.2814569
2022-05-24 17:00:00,/Volumes/Argus/unk/snap/c1/1653411600.c1.snap.jpg,0.28145415
2022-05-24 17:30:00,/Volumes/Argus/unk/snap/c1/1653413400.c1.snap.jpg,0.29719782
2022-05-24 18:00:00,/Volumes/Argus/unk/snap/c1/1653415200.c1.snap.jpg,0.3290799
2022-05-24 18:30:00,/Volumes/Argus/unk/snap/c1/1653417000.c1.snap.jpg,0.3383795
2022-05-24 19:00:00,/Volumes/Argus/unk/snap/c1/1653418800.c1.snap.jpg,0.53735715
2022-05-24 20:00:00,/Volumes/Argus/unk/snap/c1/1653422400.c1.snap.jpg,0.31747648
2022-05-24 20:30:00,/Volumes/Argus/unk/snap/c1/1653424200.c1.snap.jpg,0.3475107
2022-05-24 21:00:00,/Volumes/Argus/unk/snap/c1/1653426000.c1.snap.jpg,0.31383654
2022-05-24 21:30:00,/Volumes/Argus/unk/snap/c1/1653427800.c1.snap.jpg,0.30025262
2022-05-24 22:00:00,/Volumes/Argus/unk/snap/c1/1653429600.c1.snap.jpg,0.31758872
2022-05-24 22:30:00,/Volumes/Argus/unk/snap/c1/1653431400.c1.snap.jpg,0.26848412
2022-05-24 23:00:00,/Volumes/Argus/unk/snap/c1/1653433200.c1.snap.jpg,0.2760348
2022-05-24 23:30:00,/Volumes/Argus/unk/snap/c1/1653435000.c1.snap.jpg,0.27783677
2022-05-25 00:00:00,/Volumes/Argus/unk/snap/c1/1653436800.c1.snap.jpg,0.27652764
2022-05-25 00:30:00,/Volumes/Argus/unk/snap/c1/1653438600.c1.snap.jpg,0.28450358
2022-05-25 01:00:00,/Volumes/Argus/unk/snap/c1/1653440400.c1.snap.jpg,0.28723174
2022-05-25 01:30:00,/Volumes/Argus/unk/snap/c1/1653442200.c1.snap.jpg,0.27896532
2022-05-25 02:00:00,/Volumes/Argus/unk/snap/c1/1653444000.c1.snap.jpg,0.24644561
2022-05-25 02:30:00,/Volumes/Argus/unk/snap/c1/1653445800.c1.snap.jpg,0.30300087
2022-05-25 03:00:00,/Volumes/Argus/unk/snap/c1/1653447600.c1.snap.jpg,0.269706
2022-05-25 04:00:00,/Volumes/Argus/unk/snap/c1/1653451200.c1.snap.jpg,0.29672128
2022-05-25 04:30:00,/Volumes/Argus/unk/snap/c1/1653453000.c1.snap.jpg,0.35340622
2022-05-25 16:30:00,/Volumes/Argus/unk/snap/c1/1653496200.c1.snap.jpg,0.36343247
2022-05-25 17:00:00,/Volumes/Argus/unk/snap/c1/1653498000.c1.snap.jpg,0.268359
2022-05-25 17:30:00,/Volumes/Argus/unk/snap/c1/1653499800.c1.snap.jpg,0.25890487
2022-05-25 18:00:00,/Volumes/Argus/unk/snap/c1/1653501600.c1.snap.jpg,0.24957041
2022-05-25 19:00:00,/Volumes/Argus/unk/snap/c1/1653505200.c1.snap.jpg,0.3131668
2022-05-25 20:00:00,/Volumes/Argus/unk/snap/c1/1653508800.c1.snap.jpg,0.30649447
2022-05-25 20:30:00,/Volumes/Argus/unk/snap/c1/1653510600.c1.snap.jpg,0.33730137
2022-05-25 21:30:00,/Volumes/Argus/unk/snap/c1/1653514200.c1.snap.jpg,0.28317034
2022-05-25 22:00:00,/Volumes/Argus/unk/snap/c1/1653516000.c1.snap.jpg,0.27588555
2022-05-25 22:30:00,/Volumes/Argus/unk/snap/c1/1653517800.c1.snap.jpg,0.35641515
2022-05-25 23:00:00,/Volumes/Argus/unk/snap/c1/1653519600.c1.snap.jpg,0.35041243
2022-05-25 23:30:00,/Volumes/Argus/unk/snap/c1/1653521400.c1.snap.jpg,0.3488874
2022-05-26 00:00:00,/Volumes/Argus/unk/snap/c1/1653523200.c1.snap.jpg,0.27888536
2022-05-26 00:30:00,/Volumes/Argus/unk/snap/c1/1653525000.c1.snap.jpg,0.33596033
2022-05-26 01:00:00,/Volumes/Argus/unk/snap/c1/1653526800.c1.snap.jpg,0.27525082
2022-05-26 01:30:00,/Volumes/Argus/unk/snap/c1/1653528600.c1.snap.jpg,0.30323735
2022-05-26 02:00:00,/Volumes/Argus/unk/snap/c1/1653530400.c1.snap.jpg,0.2852648
2022-05-26 03:00:00,/Volumes/Argus/unk/snap/c1/1653534000.c1.snap.jpg,0.24458146
2022-05-26 03:30:00,/Volumes/Argus/unk/snap/c1/1653535800.c1.snap.jpg,0.20607442
2022-05-26 04:00:00,/Volumes/Argus/unk/snap/c1/1653537600.c1.snap.jpg,0.13344783
2022-05-26 04:30:00,/Volumes/Argus/unk/snap/c1/1653539400.c1.snap.jpg,0.15615559
2022-05-26 16:30:00,/Volumes/Argus/unk/snap/c1/1653582600.c1.snap.jpg,0.3123792
2022-05-26 17:00:00,/Volumes/Argus/unk/snap/c1/1653584400.c1.snap.jpg,0.36764684
2022-05-26 17:30:00,/Volumes/Argus/unk/snap/c1/1653586200.c1.snap.jpg,0.36410153
2022-05-26 18:00:00,/Volumes/Argus/unk/snap/c1/1653588000.c1.snap.jpg,0.4313668
2022-05-26 18:30:00,/Volumes/Argus/unk/snap/c1/1653589800.c1.snap.jpg,0.43700707
2022-05-26 19:00:00,/Volumes/Argus/unk/snap/c1/1653591600.c1.snap.jpg,0.38564965
2022-05-26 20:00:00,/Volumes/Argus/unk/snap/c1/1653595200.c1.snap.jpg,0.4350696
2022-05-26 21:00:00,/Volumes/Argus/unk/snap/c1/1653598800.c1.snap.jpg,0.5235517
2022-05-26 21:30:00,/Volumes/Argus/unk/snap/c1/1653600600.c1.snap.jpg,0.4008896
2022-05-26 22:00:00,/Volumes/Argus/unk/snap/c1/1653602400.c1.snap.jpg,0.42011377
2022-05-26 22:30:00,/Volumes/Argus/unk/snap/c1/1653604200.c1.snap.jpg,0.38491485
2022-05-26 23:00:00,/Volumes/Argus/unk/snap/c1/1653606000.c1.snap.jpg,0.45855248
2022-05-26 23:30:00,/Volumes/Argus/unk/snap/c1/1653607800.c1.snap.jpg,0.4095018
2022-05-27 00:00:00,/Volumes/Argus/unk/snap/c1/1653609600.c1.snap.jpg,0.43100804
2022-05-27 01:00:00,/Volumes/Argus/unk/snap/c1/1653613200.c1.snap.jpg,0.44655356
2022-05-27 02:00:00,/Volumes/Argus/unk/snap/c1/1653616800.c1.snap.jpg,0.44779462
2022-05-27 03:00:00,/Volumes/Argus/unk/snap/c1/1653620400.c1.snap.jpg,0.41006124
2022-05-27 03:30:00,/Volumes/Argus/unk/snap/c1/1653622200.c1.snap.jpg,0.42865407
2022-05-27 04:30:00,/Volumes/Argus/unk/snap/c1/1653625800.c1.snap.jpg,0.41803145
2022-05-28 16:30:00,/Volumes/Argus/unk/snap/c1/1653755400.c1.snap.jpg,0.37352023
2022-05-28 17:00:00,/Volumes/Argus/unk/snap/c1/1653757200.c1.snap.jpg,0.40931666
2022-05-28 17:30:00,/Volumes/Argus/unk/snap/c1/1653759000.c1.snap.jpg,0.43362677
2022-05-28 18:00:00,/Volumes/Argus/unk/snap/c1/1653760800.c1.snap.jpg,0.4560752
2022-05-28 18:30:00,/Volumes/Argus/unk/snap/c1/1653762600.c1.snap.jpg,0.29538047
2022-05-28 19:00:00,/Volumes/Argus/unk/snap/c1/1653764400.c1.snap.jpg,0.5195179
2022-05-28 20:00:00,/Volumes/Argus/unk/snap/c1/1653768000.c1.snap.jpg,0.54463303
2022-05-28 20:30:00,/Volumes/Argus/unk/snap/c1/1653769800.c1.snap.jpg,0.62803227
2022-05-28 21:00:00,/Volumes/Argus/unk/snap/c1/1653771600.c1.snap.jpg,0.46951413
2022-05-28 21:30:00,/Volumes/Argus/unk/snap/c1/1653773400.c1.snap.jpg,0.44986925
2022-05-28 22:00:00,/Volumes/Argus/unk/snap/c1/1653775200.c1.snap.jpg,0.51180637
2022-05-28 22:30:00,/Volumes/Argus/unk/snap/c1/1653777000.c1.snap.jpg,0.4546761
2022-05-28 23:00:00,/Volumes/Argus/unk/snap/c1/1653778800.c1.snap.jpg,0.3648352
2022-05-28 23:30:00,/Volumes/Argus/unk/snap/c1/1653780600.c1.snap.jpg,0.3931881
2022-05-29 00:00:00,/Volumes/Argus/unk/snap/c1/1653782400.c1.snap.jpg,0.45888388
2022-05-29 00:30:00,/Volumes/Argus/unk/snap/c1/1653784200.c1.snap.jpg,0.41497952
2022-05-29 01:00:00,/Volumes/Argus/unk/snap/c1/1653786000.c1.snap.jpg,0.3087917
2022-05-29 01:30:00,/Volumes/Argus/unk/snap/c1/1653787800.c1.snap.jpg,0.3109728
2022-05-29 02:00:00,/Volumes/Argus/unk/snap/c1/1653789600.c1.snap.jpg,0.2729954
2022-05-29 03:00:00,/Volumes/Argus/unk/snap/c1/1653793200.c1.snap.jpg,0.3251454
2022-05-29 04:00:00,/Volumes/Argus/unk/snap/c1/1653796800.c1.snap.jpg,0.3000793
2022-05-29 04:30:00,/Volumes/Argus/unk/snap/c1/1653798600.c1.snap.jpg,0.34593034
2022-05-29 16:30:00,/Volumes/Argus/unk/snap/c1/1653841800.c1.snap.jpg,0.3196969
2022-05-29 17:00:00,/Volumes/Argus/unk/snap/c1/1653843600.c1.snap.jpg,0.3052531
2022-05-29 18:00:00,/Volumes/Argus/unk/snap/c1/1653847200.c1.snap.jpg,0.3430084
2022-05-29 18:30:00,/Volumes/Argus/unk/snap/c1/1653849000.c1.snap.jpg,0.41943294
2022-05-29 19:00:00,/Volumes/Argus/unk/snap/c1/1653850800.c1.snap.jpg,0.38708222
2022-05-29 19:30:00,/Volumes/Argus/unk/snap/c1/1653852600.c1.snap.jpg,0.4344558
2022-05-29 20:00:00,/Volumes/Argus/unk/snap/c1/1653854400.c1.snap.jpg,0.3612557
2022-05-29 20:30:00,/Volumes/Argus/unk/snap/c1/1653856200.c1.snap.jpg,0.3143205
2022-05-29 21:00:00,/Volumes/Argus/unk/snap/c1/1653858000.c1.snap.jpg,0.40320626
2022-05-29 21:30:00,/Volumes/Argus/unk/snap/c1/1653859800.c1.snap.jpg,0.39918524
2022-05-29 22:00:00,/Volumes/Argus/unk/snap/c1/1653861600.c1.snap.jpg,0.44345492
2022-05-29 22:30:00,/Volumes/Argus/unk/snap/c1/1653863400.c1.snap.jpg,0.40903986
2022-05-29 23:00:00,/Volumes/Argus/unk/snap/c1/1653865200.c1.snap.jpg,0.31631356
2022-05-29 23:30:00,/Volumes/Argus/unk/snap/c1/1653867000.c1.snap.jpg,0.32487905
2022-05-30 00:00:00,/Volumes/Argus/unk/snap/c1/1653868800.c1.snap.jpg,0.4305168
2022-05-30 00:30:00,/Volumes/Argus/unk/snap/c1/1653870600.c1.snap.jpg,0.40957457
2022-05-30 01:00:00,/Volumes/Argus/unk/snap/c1/1653872400.c1.snap.jpg,0.3978086
2022-05-30 02:00:00,/Volumes/Argus/unk/snap/c1/1653876000.c1.snap.jpg,0.507759
2022-05-30 02:30:00,/Volumes/Argus/unk/snap/c1/1653877800.c1.snap.jpg,0.5049319
2022-05-30 04:00:00,/Volumes/Argus/unk/snap/c1/1653883200.c1.snap.jpg,0.42905378
2022-05-30 04:30:00,/Volumes/Argus/unk/snap/c1/1653885000.c1.snap.jpg,0.45254302
2022-05-30 16:30:00,/Volumes/Argus/unk/snap/c1/1653928200.c1.snap.jpg,0.34028888
2022-05-30 17:00:00,/Volumes/Argus/unk/snap/c1/1653930000.c1.snap.jpg,0.36884326
2022-05-30 17:30:00,/Volumes/Argus/unk/snap/c1/1653931800.c1.snap.jpg,0.31983644
2022-05-30 18:00:00,/Volumes/Argus/unk/snap/c1/1653933600.c1.snap.jpg,0.31683534
2022-05-30 18:30:00,/Volumes/Argus/unk/snap/c1/1653935400.c1.snap.jpg,0.2632879
2022-05-30 19:00:00,/Volumes/Argus/unk/snap/c1/1653937200.c1.snap.jpg,0.28017896
2022-05-30 19:30:00,/Volumes/Argus/unk/snap/c1/1653939000.c1.snap.jpg,0.26527667
2022-05-30 20:00:00,/Volumes/Argus/unk/snap/c1/1653940800.c1.snap.jpg,0.32571092
2022-05-30 20:30:00,/Volumes/Argus/unk/snap/c1/1653942600.c1.snap.jpg,0.34879756
2022-05-30 21:00:00,/Volumes/Argus/unk/snap/c1/1653944400.c1.snap.jpg,0.5148104
2022-05-30 21:30:00,/Volumes/Argus/unk/snap/c1/1653946200.c1.snap.jpg,0.28317747
2022-05-30 22:00:00,/Volumes/Argus/unk/snap/c1/1653948000.c1.snap.jpg,0.3555446
2022-05-30 22:30:00,/Volumes/Argus/unk/snap/c1/1653949800.c1.snap.jpg,0.35273015
2022-05-30 23:00:00,/Volumes/Argus/unk/snap/c1/1653951600.c1.snap.jpg,0.33101654
2022-05-30 23:30:00,/Volumes/Argus/unk/snap/c1/1653953400.c1.snap.jpg,0.37424278
2022-05-31 00:00:00,/Volumes/Argus/unk/snap/c1/1653955200.c1.snap.jpg,0.4634963
2022-05-31 00:30:00,/Volumes/Argus/unk/snap/c1/1653957000.c1.snap.jpg,0.44521415
2022-05-31 01:00:00,/Volumes/Argus/unk/snap/c1/1653958800.c1.snap.jpg,0.3448215
2022-05-31 01:30:00,/Volumes/Argus/unk/snap/c1/1653960600.c1.snap.jpg,0.4415762
2022-05-31 02:00:00,/Volumes/Argus/unk/snap/c1/1653962400.c1.snap.jpg,0.5300342
2022-05-31 02:30:00,/Volumes/Argus/unk/snap/c1/1653964200.c1.snap.jpg,0.33467427
2022-05-31 03:00:00,/Volumes/Argus/unk/snap/c1/1653966000.c1.snap.jpg,0.2647057
2022-05-31 04:00:00,/Volumes/Argus/unk/snap/c1/1653969600.c1.snap.jpg,0.3748627
2022-05-31 04:30:00,/Volumes/Argus/unk/snap/c1/1653971400.c1.snap.jpg,0.32927966
2022-05-31 16:30:00,/Volumes/Argus/unk/snap/c1/1654014600.c1.snap.jpg,0.24683255
2022-05-31 17:00:00,/Volumes/Argus/unk/snap/c1/1654016400.c1.snap.jpg,0.24176607
2022-05-31 17:30:00,/Volumes/Argus/unk/snap/c1/1654018200.c1.snap.jpg,0.34777194
2022-05-31 18:00:00,/Volumes/Argus/unk/snap/c1/1654020000.c1.snap.jpg,0.5735946
2022-05-31 18:30:00,/Volumes/Argus/unk/snap/c1/1654021800.c1.snap.jpg,0.7724236
2022-05-31 19:00:00,/Volumes/Argus/unk/snap/c1/1654023600.c1.snap.jpg,0.35396752
2022-05-31 19:30:00,/Volumes/Argus/unk/snap/c1/1654025400.c1.snap.jpg,0.36154652
2022-05-31 20:00:00,/Volumes/Argus/unk/snap/c1/1654027200.c1.snap.jpg,0.2763202
2022-05-31 20:30:00,/Volumes/Argus/unk/snap/c1/1654029000.c1.snap.jpg,0.36314127
2022-05-31 21:00:00,/Volumes/Argus/unk/snap/c1/1654030800.c1.snap.jpg,0.25724554
2022-05-31 21:30:00,/Volumes/Argus/unk/snap/c1/1654032600.c1.snap.jpg,0.28505057
2022-05-31 22:00:00,/Volumes/Argus/unk/snap/c1/1654034400.c1.snap.jpg,0.27203047
2022-05-31 22:30:00,/Volumes/Argus/unk/snap/c1/1654036200.c1.snap.jpg,0.42010766
2022-05-31 23:00:00,/Volumes/Argus/unk/snap/c1/1654038000.c1.snap.jpg,0.32871532
2022-05-31 23:30:00,/Volumes/Argus/unk/snap/c1/1654039800.c1.snap.jpg,0.27714148
2022-06-01 00:00:00,/Volumes/Argus/unk/snap/c1/1654041600.c1.snap.jpg,0.31272328
2022-06-01 00:30:00,/Volumes/Argus/unk/snap/c1/1654043400.c1.snap.jpg,0.26145244
2022-06-01 01:00:00,/Volumes/Argus/unk/snap/c1/1654045200.c1.snap.jpg,0.25589758
2022-06-01 01:30:00,/Volumes/Argus/unk/snap/c1/1654047000.c1.snap.jpg,0.25119594
2022-06-01 02:00:00,/Volumes/Argus/unk/snap/c1/1654048800.c1.snap.jpg,0.2852988
2022-06-01 02:30:00,/Volumes/Argus/unk/snap/c1/1654050600.c1.snap.jpg,0.20090766
2022-06-01 03:00:00,/Volumes/Argus/unk/snap/c1/1654052400.c1.snap.jpg,0.2063287
2022-06-01 04:00:00,/Volumes/Argus/unk/snap/c1/1654056000.c1.snap.jpg,0.35961074
2022-06-01 04:30:00,/Volumes/Argus/unk/snap/c1/1654057800.c1.snap.jpg,0.19333622
2022-06-02 16:30:00,/Volumes/Argus/unk/snap/c1/1654187400.c1.snap.jpg,0.39200425
2022-06-02 17:00:00,/Volumes/Argus/unk/snap/c1/1654189200.c1.snap.jpg,0.59996426
2022-06-02 17:30:00,/Volumes/Argus/unk/snap/c1/1654191000.c1.snap.jpg,0.46291107
2022-06-02 18:00:00,/Volumes/Argus/unk/snap/c1/1654192800.c1.snap.jpg,0.49320024
2022-06-02 19:00:00,/Volumes/Argus/unk/snap/c1/1654196400.c1.snap.jpg,0.4568863
2022-06-02 19:30:00,/Volumes/Argus/unk/snap/c1/1654198200.c1.snap.jpg,0.47863936
2022-06-02 20:00:00,/Volumes/Argus/unk/snap/c1/1654200000.c1.snap.jpg,0.29145682
2022-06-02 20:30:00,/Volumes/Argus/unk/snap/c1/1654201800.c1.snap.jpg,0.23301166
2022-06-02 21:00:00,/Volumes/Argus/unk/snap/c1/1654203600.c1.snap.jpg,0.3368733
2022-06-02 22:30:00,/Volumes/Argus/unk/snap/c1/1654209000.c1.snap.jpg,0.6006734
2022-06-02 23:00:00,/Volumes/Argus/unk/snap/c1/1654210800.c1.snap.jpg,0.48630533
2022-06-02 23:30:00,/Volumes/Argus/unk/snap/c1/1654212600.c1.snap.jpg,0.593802
2022-06-03 00:00:00,/Volumes/Argus/unk/snap/c1/1654214400.c1.snap.jpg,0.34181696
2022-06-03 00:30:00,/Volumes/Argus/unk/snap/c1/1654216200.c1.snap.jpg,0.36410895
2022-06-03 01:00:00,/Volumes/Argus/unk/snap/c1/1654218000.c1.snap.jpg,0.5850577
2022-06-03 01:30:00,/Volumes/Argus/unk/snap/c1/1654219800.c1.snap.jpg,0.3562898
2022-06-03 02:00:00,/Volumes/Argus/unk/snap/c1/1654221600.c1.snap.jpg,0.34267083
2022-06-03 04:00:00,/Volumes/Argus/unk/snap/c1/1654228800.c1.snap.jpg,0.35647616
2022-06-03 04:30:00,/Volumes/Argus/unk/snap/c1/1654230600.c1.snap.jpg,0.412722
2022-06-03 16:30:00,/Volumes/Argus/unk/snap/c1/1654273800.c1.snap.jpg,0.26911852
2022-06-03 17:00:00,/Volumes/Argus/unk/snap/c1/1654275600.c1.snap.jpg,0.2799971
2022-06-03 17:30:00,/Volumes/Argus/unk/snap/c1/1654277400.c1.snap.jpg,0.34208447
2022-06-03 18:00:00,/Volumes/Argus/unk/snap/c1/1654279200.c1.snap.jpg,0.38122937
2022-06-03 18:30:00,/Volumes/Argus/unk/snap/c1/1654281000.c1.snap.jpg,0.43582553
2022-06-03 19:00:00,/Volumes/Argus/unk/snap/c1/1654282800.c1.snap.jpg,0.35940185
2022-06-03 19:30:00,/Volumes/Argus/unk/snap/c1/1654284600.c1.snap.jpg,0.28300694
2022-06-03 20:00:00,/Volumes/Argus/unk/snap/c1/1654286400.c1.snap.jpg,0.40175688
2022-06-03 20:30:00,/Volumes/Argus/unk/snap/c1/1654288200.c1.snap.jpg,0.38239747
2022-06-03 21:00:00,/Volumes/Argus/unk/snap/c1/1654290000.c1.snap.jpg,0.31684536
2022-06-03 21:30:00,/Volumes/Argus/unk/snap/c1/1654291800.c1.snap.jpg,0.37847173
2022-06-03 22:00:00,/Volumes/Argus/unk/snap/c1/1654293600.c1.snap.jpg,0.35793534
2022-06-03 22:30:00,/Volumes/Argus/unk/snap/c1/1654295400.c1.snap.jpg,0.3698226
2022-06-03 23:00:00,/Volumes/Argus/unk/snap/c1/1654297200.c1.snap.jpg,0.33588824
2022-06-03 23:30:00,/Volumes/Argus/unk/snap/c1/1654299000.c1.snap.jpg,0.3897371
2022-06-04 00:00:00,/Volumes/Argus/unk/snap/c1/1654300800.c1.snap.jpg,0.294469
2022-06-04 01:00:00,/Volumes/Argus/unk/snap/c1/1654304400.c1.snap.jpg,0.2944621
2022-06-04 01:30:00,/Volumes/Argus/unk/snap/c1/1654306200.c1.snap.jpg,0.29565746
2022-06-04 02:00:00,/Volumes/Argus/unk/snap/c1/1654308000.c1.snap.jpg,0.3295128
2022-06-04 03:00:00,/Volumes/Argus/unk/snap/c1/1654311600.c1.snap.jpg,0.32910013
2022-06-04 04:00:00,/Volumes/Argus/unk/snap/c1/1654315200.c1.snap.jpg,0.36801535
2022-06-04 04:30:00,/Volumes/Argus/unk/snap/c1/1654317000.c1.snap.jpg,0.33045888
2022-06-04 16:30:00,/Volumes/Argus/unk/snap/c1/1654360200.c1.snap.jpg,0.3740735
2022-06-04 17:00:00,/Volumes/Argus/unk/snap/c1/1654362000.c1.snap.jpg,0.46784475
2022-06-04 17:30:00,/Volumes/Argus/unk/snap/c1/1654363800.c1.snap.jpg,0.48731345
2022-06-04 18:00:00,/Volumes/Argus/unk/snap/c1/1654365600.c1.snap.jpg,0.55020505
2022-06-04 19:00:00,/Volumes/Argus/unk/snap/c1/1654369200.c1.snap.jpg,0.33408117
2022-06-04 19:30:00,/Volumes/Argus/unk/snap/c1/1654371000.c1.snap.jpg,0.41499496
2022-06-04 20:00:00,/Volumes/Argus/unk/snap/c1/1654372800.c1.snap.jpg,0.48794982
2022-06-04 20:30:00,/Volumes/Argus/unk/snap/c1/1654374600.c1.snap.jpg,0.5226798
2022-06-04 21:00:00,/Volumes/Argus/unk/snap/c1/1654376400.c1.snap.jpg,0.5661025
2022-06-04 21:30:00,/Volumes/Argus/unk/snap/c1/1654378200.c1.snap.jpg,0.56139904
2022-06-04 22:00:00,/Volumes/Argus/unk/snap/c1/1654380000.c1.snap.jpg,0.45137593
2022-06-04 22:30:00,/Volumes/Argus/unk/snap/c1/1654381800.c1.snap.jpg,0.44491833
2022-06-04 23:00:00,/Volumes/Argus/unk/snap/c1/1654383600.c1.snap.jpg,0.41949305
2022-06-04 23:30:00,/Volumes/Argus/unk/snap/c1/1654385400.c1.snap.jpg,0.38340783
2022-06-05 00:30:00,/Volumes/Argus/unk/snap/c1/1654389000.c1.snap.jpg,0.4365899
2022-06-05 01:00:00,/Volumes/Argus/unk/snap/c1/1654390800.c1.snap.jpg,0.6291522
2022-06-05 01:30:00,/Volumes/Argus/unk/snap/c1/1654392600.c1.snap.jpg,0.68146384
2022-06-05 02:00:00,/Volumes/Argus/unk/snap/c1/1654394400.c1.snap.jpg,0.51342523
2022-06-05 02:30:00,/Volumes/Argus/unk/snap/c1/1654396200.c1.snap.jpg,0.5528249
2022-06-05 03:00:00,/Volumes/Argus/unk/snap/c1/1654398000.c1.snap.jpg,0.2754478
2022-06-05 04:00:00,/Volumes/Argus/unk/snap/c1/1654401600.c1.snap.jpg,0.5160202
2022-06-05 04:30:00,/Volumes/Argus/unk/snap/c1/1654403400.c1.snap.jpg,0.5173987
2022-06-05 16:30:00,/Volumes/Argus/unk/snap/c1/1654446600.c1.snap.jpg,0.7722049
2022-06-05 17:00:00,/Volumes/Argus/unk/snap/c1/1654448400.c1.snap.jpg,0.46802497
2022-06-05 17:30:00,/Volumes/Argus/unk/snap/c1/1654450200.c1.snap.jpg,0.510372
2022-06-05 18:00:00,/Volumes/Argus/unk/snap/c1/1654452000.c1.snap.jpg,0.37385517
2022-06-05 18:30:00,/Volumes/Argus/unk/snap/c1/1654453800.c1.snap.jpg,0.59171927
2022-06-05 19:00:00,/Volumes/Argus/unk/snap/c1/1654455600.c1.snap.jpg,0.45197618
2022-06-05 19:30:00,/Volumes/Argus/unk/snap/c1/1654457400.c1.snap.jpg,0.38633156
2022-06-05 20:00:00,/Volumes/Argus/unk/snap/c1/1654459200.c1.snap.jpg,0.45124993
2022-06-05 20:30:00,/Volumes/Argus/unk/snap/c1/1654461000.c1.snap.jpg,0.51980543
2022-06-05 21:00:00,/Volumes/Argus/unk/snap/c1/1654462800.c1.snap.jpg,0.4930331
2022-06-05 21:30:00,/Volumes/Argus/unk/snap/c1/1654464600.c1.snap.jpg,0.5748619
2022-06-05 22:00:00,/Volumes/Argus/unk/snap/c1/1654466400.c1.snap.jpg,0.4683215
2022-06-05 22:30:00,/Volumes/Argus/unk/snap/c1/1654468200.c1.snap.jpg,0.45504907
2022-06-05 23:00:00,/Volumes/Argus/unk/snap/c1/1654470000.c1.snap.jpg,0.5582846
2022-06-05 23:30:00,/Volumes/Argus/unk/snap/c1/1654471800.c1.snap.jpg,0.5761367
2022-06-06 00:00:00,/Volumes/Argus/unk/snap/c1/1654473600.c1.snap.jpg,0.49367246
2022-06-06 00:30:00,/Volumes/Argus/unk/snap/c1/1654475400.c1.snap.jpg,0.52584916
2022-06-06 01:00:00,/Volumes/Argus/unk/snap/c1/1654477200.c1.snap.jpg,0.55290395
2022-06-06 01:30:00,/Volumes/Argus/unk/snap/c1/1654479000.c1.snap.jpg,0.543949
2022-06-06 02:00:00,/Volumes/Argus/unk/snap/c1/1654480800.c1.snap.jpg,0.6899891
2022-06-06 03:00:00,/Volumes/Argus/unk/snap/c1/1654484400.c1.snap.jpg,0.6010217
2022-06-06 04:00:00,/Volumes/Argus/unk/snap/c1/1654488000.c1.snap.jpg,0.25212482
2022-06-06 04:30:00,/Volumes/Argus/unk/snap/c1/1654489800.c1.snap.jpg,0.3690244
2022-06-06 16:30:00,/Volumes/Argus/unk/snap/c1/1654533000.c1.snap.jpg,0.51468134
2022-06-06 17:00:00,/Volumes/Argus/unk/snap/c1/1654534800.c1.snap.jpg,0.36113086
2022-06-06 17:30:00,/Volumes/Argus/unk/snap/c1/1654536600.c1.snap.jpg,0.3222154
2022-06-06 18:00:00,/Volumes/Argus/unk/snap/c1/1654538400.c1.snap.jpg,0.3433829
2022-06-06 18:30:00,/Volumes/Argus/unk/snap/c1/1654540200.c1.snap.jpg,0.46819258
2022-06-06 19:00:00,/Volumes/Argus/unk/snap/c1/1654542000.c1.snap.jpg,0.34354448
2022-06-06 19:30:00,/Volumes/Argus/unk/snap/c1/1654543800.c1.snap.jpg,0.42589417
2022-06-06 20:00:00,/Volumes/Argus/unk/snap/c1/1654545600.c1.snap.jpg,0.5032184
2022-06-06 20:30:00,/Volumes/Argus/unk/snap/c1/1654547400.c1.snap.jpg,0.4692076
2022-06-06 21:00:00,/Volumes/Argus/unk/snap/c1/1654549200.c1.snap.jpg,0.35517627
2022-06-06 22:00:00,/Volumes/Argus/unk/snap/c1/1654552800.c1.snap.jpg,0.3774864
2022-06-06 22:30:00,/Volumes/Argus/unk/snap/c1/1654554600.c1.snap.jpg,0.40766674
2022-06-06 23:30:00,/Volumes/Argus/unk/snap/c1/1654558200.c1.snap.jpg,0.45309937
2022-06-07 00:00:00,/Volumes/Argus/unk/snap/c1/1654560000.c1.snap.jpg,0.60126686
2022-06-07 00:30:00,/Volumes/Argus/unk/snap/c1/1654561800.c1.snap.jpg,0.58558095
2022-06-07 01:00:00,/Volumes/Argus/unk/snap/c1/1654563600.c1.snap.jpg,0.6239469
2022-06-07 01:30:00,/Volumes/Argus/unk/snap/c1/1654565400.c1.snap.jpg,0.6448258
2022-06-07 02:00:00,/Volumes/Argus/unk/snap/c1/1654567200.c1.snap.jpg,0.65371037
2022-06-07 03:30:00,/Volumes/Argus/unk/snap/c1/1654572600.c1.snap.jpg,0.21032679
2022-06-07 04:00:00,/Volumes/Argus/unk/snap/c1/1654574400.c1.snap.jpg,0.37363696
2022-06-07 04:30:00,/Volumes/Argus/unk/snap/c1/1654576200.c1.snap.jpg,0.39699262
2022-06-07 16:30:00,/Volumes/Argus/unk/snap/c1/1654619400.c1.snap.jpg,0.335009
2022-06-07 17:00:00,/Volumes/Argus/unk/snap/c1/1654621200.c1.snap.jpg,0.4391123
2022-06-07 17:30:00,/Volumes/Argus/unk/snap/c1/1654623000.c1.snap.jpg,0.39965665
2022-06-07 18:00:00,/Volumes/Argus/unk/snap/c1/1654624800.c1.snap.jpg,0.33638853
2022-06-07 18:30:00,/Volumes/Argus/unk/snap/c1/1654626600.c1.snap.jpg,0.6029941
2022-06-07 19:00:00,/Volumes/Argus/unk/snap/c1/1654628400.c1.snap.jpg,0.45407286
2022-06-07 19:30:00,/Volumes/Argus/unk/snap/c1/1654630200.c1.snap.jpg,0.38536
2022-06-07 20:00:00,/Volumes/Argus/unk/snap/c1/1654632000.c1.snap.jpg,0.39926755
2022-06-07 20:30:00,/Volumes/Argus/unk/snap/c1/1654633800.c1.snap.jpg,0.39881864
2022-06-07 21:00:00,/Volumes/Argus/unk/snap/c1/1654635600.c1.snap.jpg,0.41535422
2022-06-07 21:30:00,/Volumes/Argus/unk/snap/c1/1654637400.c1.snap.jpg,0.35177487
2022-06-07 22:00:00,/Volumes/Argus/unk/snap/c1/1654639200.c1.snap.jpg,0.36108154
2022-06-07 22:30:00,/Volumes/Argus/unk/snap/c1/1654641000.c1.snap.jpg,0.47221255
2022-06-07 23:00:00,/Volumes/Argus/unk/snap/c1/1654642800.c1.snap.jpg,0.5217528
2022-06-07 23:30:00,/Volumes/Argus/unk/snap/c1/1654644600.c1.snap.jpg,0.46592999
2022-06-08 00:00:00,/Volumes/Argus/unk/snap/c1/1654646400.c1.snap.jpg,0.5508584
2022-06-08 00:30:00,/Volumes/Argus/unk/snap/c1/1654648200.c1.snap.jpg,0.61145574
2022-06-08 01:00:00,/Volumes/Argus/unk/snap/c1/1654650000.c1.snap.jpg,0.6105176
2022-06-08 02:00:00,/Volumes/Argus/unk/snap/c1/1654653600.c1.snap.jpg,0.5099269
2022-06-08 04:00:00,/Volumes/Argus/unk/snap/c1/1654660800.c1.snap.jpg,0.3564201
2022-06-08 04:30:00,/Volumes/Argus/unk/snap/c1/1654662600.c1.snap.jpg,0.36408818
2022-06-08 16:30:00,/Volumes/Argus/unk/snap/c1/1654705800.c1.snap.jpg,0.33011857
2022-06-08 17:00:00,/Volumes/Argus/unk/snap/c1/1654707600.c1.snap.jpg,0.37235796
2022-06-08 17:30:00,/Volumes/Argus/unk/snap/c1/1654709400.c1.snap.jpg,0.38571587
2022-06-08 18:00:00,/Volumes/Argus/unk/snap/c1/1654711200.c1.snap.jpg,0.35515815
2022-06-08 19:00:00,/Volumes/Argus/unk/snap/c1/1654714800.c1.snap.jpg,0.3527414
2022-06-08 19:30:00,/Volumes/Argus/unk/snap/c1/1654716600.c1.snap.jpg,0.28605458
2022-06-08 20:00:00,/Volumes/Argus/unk/snap/c1/1654718400.c1.snap.jpg,0.39226577
2022-06-08 20:30:00,/Volumes/Argus/unk/snap/c1/1654720200.c1.snap.jpg,0.36169827
2022-06-08 21:00:00,/Volumes/Argus/unk/snap/c1/1654722000.c1.snap.jpg,0.36599693
2022-06-08 21:30:00,/Volumes/Argus/unk/snap/c1/1654723800.c1.snap.jpg,0.3066952
2022-06-08 22:00:00,/Volumes/Argus/unk/snap/c1/1654725600.c1.snap.jpg,0.35246238
2022-06-08 23:00:00,/Volumes/Argus/unk/snap/c1/1654729200.c1.snap.jpg,0.38022858
2022-06-08 23:30:00,/Volumes/Argus/unk/snap/c1/1654731000.c1.snap.jpg,0.31523257
2022-06-09 00:00:00,/Volumes/Argus/unk/snap/c1/1654732800.c1.snap.jpg,0.32134014
2022-06-09 00:30:00,/Volumes/Argus/unk/snap/c1/1654734600.c1.snap.jpg,0.46102822
2022-06-09 01:00:00,/Volumes/Argus/unk/snap/c1/1654736400.c1.snap.jpg,0.491993
2022-06-09 01:30:00,/Volumes/Argus/unk/snap/c1/1654738200.c1.snap.jpg,0.46234733
2022-06-09 02:00:00,/Volumes/Argus/unk/snap/c1/1654740000.c1.snap.jpg,0.3598785
2022-06-09 02:30:00,/Volumes/Argus/unk/snap/c1/1654741800.c1.snap.jpg,0.38030612
2022-06-09 03:00:00,/Volumes/Argus/unk/snap/c1/1654743600.c1.snap.jpg,0.31643248
2022-06-09 04:00:00,/Volumes/Argus/unk/snap/c1/1654747200.c1.snap.jpg,0.3681743
2022-06-09 04:30:00,/Volumes/Argus/unk/snap/c1/1654749000.c1.snap.jpg,0.32871884
2022-06-09 16:30:00,/Volumes/Argus/unk/snap/c1/1654792200.c1.snap.jpg,0.33304688
2022-06-09 17:00:00,/Volumes/Argus/unk/snap/c1/1654794000.c1.snap.jpg,0.37667382
2022-06-09 17:30:00,/Volumes/Argus/unk/snap/c1/1654795800.c1.snap.jpg,0.47714186
2022-06-09 18:00:00,/Volumes/Argus/unk/snap/c1/1654797600.c1.snap.jpg,0.3675583
2022-06-09 19:00:00,/Volumes/Argus/unk/snap/c1/1654801200.c1.snap.jpg,0.46598673
2022-06-09 19:30:00,/Volumes/Argus/unk/snap/c1/1654803000.c1.snap.jpg,0.34324396
2022-06-09 20:00:00,/Volumes/Argus/unk/snap/c1/1654804800.c1.snap.jpg,0.4303571
2022-06-09 20:30:00,/Volumes/Argus/unk/snap/c1/1654806600.c1.snap.jpg,0.30807275
2022-06-09 21:00:00,/Volumes/Argus/unk/snap/c1/1654808400.c1.snap.jpg,0.3958363
2022-06-09 21:30:00,/Volumes/Argus/unk/snap/c1/1654810200.c1.snap.jpg,0.4286347
2022-06-09 22:00:00,/Volumes/Argus/unk/snap/c1/1654812000.c1.snap.jpg,0.36366087
2022-06-09 22:30:00,/Volumes/Argus/unk/snap/c1/1654813800.c1.snap.jpg,0.49351993
2022-06-09 23:00:00,/Volumes/Argus/unk/snap/c1/1654815600.c1.snap.jpg,0.3635733
2022-06-09 23:30:00,/Volumes/Argus/unk/snap/c1/1654817400.c1.snap.jpg,0.47429672
2022-06-10 00:00:00,/Volumes/Argus/unk/snap/c1/1654819200.c1.snap.jpg,0.27981117
2022-06-10 00:30:00,/Volumes/Argus/unk/snap/c1/1654821000.c1.snap.jpg,0.29678196
2022-06-10 01:00:00,/Volumes/Argus/unk/snap/c1/1654822800.c1.snap.jpg,0.40173373
2022-06-10 01:30:00,/Volumes/Argus/unk/snap/c1/1654824600.c1.snap.jpg,0.4980864
2022-06-10 02:00:00,/Volumes/Argus/unk/snap/c1/1654826400.c1.snap.jpg,0.3432227
2022-06-10 04:30:00,/Volumes/Argus/unk/snap/c1/1654835400.c1.snap.jpg,0.38680333
2022-06-10 16:30:00,/Volumes/Argus/unk/snap/c1/1654878600.c1.snap.jpg,0.28801978
2022-06-10 17:00:00,/Volumes/Argus/unk/snap/c1/1654880400.c1.snap.jpg,0.27674523
2022-06-10 17:30:00,/Volumes/Argus/unk/snap/c1/1654882200.c1.snap.jpg,0.27323538
2022-06-10 18:00:00,/Volumes/Argus/unk/snap/c1/1654884000.c1.snap.jpg,0.27341413
2022-06-10 18:30:00,/Volumes/Argus/unk/snap/c1/1654885800.c1.snap.jpg,0.32662827
2022-06-10 19:00:00,/Volumes/Argus/unk/snap/c1/1654887600.c1.snap.jpg,0.31408036
2022-06-10 19:30:00,/Volumes/Argus/unk/snap/c1/1654889400.c1.snap.jpg,0.42941177
2022-06-10 20:00:00,/Volumes/Argus/unk/snap/c1/1654891200.c1.snap.jpg,0.38628823
2022-06-10 20:30:00,/Volumes/Argus/unk/snap/c1/1654893000.c1.snap.jpg,0.38391292
2022-06-10 21:00:00,/Volumes/Argus/unk/snap/c1/1654894800.c1.snap.jpg,0.48793018
2022-06-10 21:30:00,/Volumes/Argus/unk/snap/c1/1654896600.c1.snap.jpg,0.4790673
2022-06-10 22:00:00,/Volumes/Argus/unk/snap/c1/1654898400.c1.snap.jpg,0.57367575
2022-06-10 22:30:00,/Volumes/Argus/unk/snap/c1/1654900200.c1.snap.jpg,0.65985066
2022-06-10 23:00:00,/Volumes/Argus/unk/snap/c1/1654902000.c1.snap.jpg,0.75105435
2022-06-10 23:30:00,/Volumes/Argus/unk/snap/c1/1654903800.c1.snap.jpg,0.77058196
2022-06-11 00:00:00,/Volumes/Argus/unk/snap/c1/1654905600.c1.snap.jpg,0.71033627
2022-06-11 00:30:00,/Volumes/Argus/unk/snap/c1/1654907400.c1.snap.jpg,0.6770705
2022-06-11 01:00:00,/Volumes/Argus/unk/snap/c1/1654909200.c1.snap.jpg,0.6199892
2022-06-11 01:30:00,/Volumes/Argus/unk/snap/c1/1654911000.c1.snap.jpg,0.5300548
2022-06-11 02:00:00,/Volumes/Argus/unk/snap/c1/1654912800.c1.snap.jpg,0.34343624
2022-06-11 02:30:00,/Volumes/Argus/unk/snap/c1/1654914600.c1.snap.jpg,0.35338745
2022-06-11 03:00:00,/Volumes/Argus/unk/snap/c1/1654916400.c1.snap.jpg,0.26881897
2022-06-11 03:30:00,/Volumes/Argus/unk/snap/c1/1654918200.c1.snap.jpg,0.22199237
2022-06-11 04:00:00,/Volumes/Argus/unk/snap/c1/1654920000.c1.snap.jpg,0.35328704
2022-06-11 04:30:00,/Volumes/Argus/unk/snap/c1/1654921800.c1.snap.jpg,0.4171828
2022-06-11 16:30:00,/Volumes/Argus/unk/snap/c1/1654965000.c1.snap.jpg,0.29369116
2022-06-11 17:00:00,/Volumes/Argus/unk/snap/c1/1654966800.c1.snap.jpg,0.3222369
2022-06-11 17:30:00,/Volumes/Argus/unk/snap/c1/1654968600.c1.snap.jpg,0.33081424
2022-06-11 18:00:00,/Volumes/Argus/unk/snap/c1/1654970400.c1.snap.jpg,0.36847013
2022-06-11 18:30:00,/Volumes/Argus/unk/snap/c1/1654972200.c1.snap.jpg,0.3680707
2022-06-11 19:00:00,/Volumes/Argus/unk/snap/c1/1654974000.c1.snap.jpg,0.32178771
2022-06-11 19:30:00,/Volumes/Argus/unk/snap/c1/1654975800.c1.snap.jpg,0.3464964
2022-06-11 20:30:00,/Volumes/Argus/unk/snap/c1/1654979400.c1.snap.jpg,0.36651817
2022-06-11 21:00:00,/Volumes/Argus/unk/snap/c1/1654981200.c1.snap.jpg,0.37719142
2022-06-11 22:30:00,/Volumes/Argus/unk/snap/c1/1654986600.c1.snap.jpg,0.5426935
2022-06-11 23:00:00,/Volumes/Argus/unk/snap/c1/1654988400.c1.snap.jpg,0.611946
2022-06-11 23:30:00,/Volumes/Argus/unk/snap/c1/1654990200.c1.snap.jpg,0.6257343
2022-06-12 00:00:00,/Volumes/Argus/unk/snap/c1/1654992000.c1.snap.jpg,0.62102604
2022-06-12 00:30:00,/Volumes/Argus/unk/snap/c1/1654993800.c1.snap.jpg,0.5951339
2022-06-12 01:00:00,/Volumes/Argus/unk/snap/c1/1654995600.c1.snap.jpg,0.6522335
2022-06-12 01:30:00,/Volumes/Argus/unk/snap/c1/1654997400.c1.snap.jpg,0.60956925
2022-06-12 02:00:00,/Volumes/Argus/unk/snap/c1/1654999200.c1.snap.jpg,0.46661177
2022-06-12 02:30:00,/Volumes/Argus/unk/snap/c1/1655001000.c1.snap.jpg,0.39378494
2022-06-12 03:00:00,/Volumes/Argus/unk/snap/c1/1655002800.c1.snap.jpg,0.30553114
2022-06-12 04:00:00,/Volumes/Argus/unk/snap/c1/1655006400.c1.snap.jpg,0.39645022
2022-06-12 04:30:00,/Volumes/Argus/unk/snap/c1/1655008200.c1.snap.jpg,0.30709964
2022-06-12 16:30:00,/Volumes/Argus/unk/snap/c1/1655051400.c1.snap.jpg,0.35524285
2022-06-12 17:00:00,/Volumes/Argus/unk/snap/c1/1655053200.c1.snap.jpg,0.54241866
2022-06-12 17:30:00,/Volumes/Argus/unk/snap/c1/1655055000.c1.snap.jpg,0.3370668
2022-06-12 18:00:00,/Volumes/Argus/unk/snap/c1/1655056800.c1.snap.jpg,0.29037023
2022-06-12 18:30:00,/Volumes/Argus/unk/snap/c1/1655058600.c1.snap.jpg,0.4107499
2022-06-12 19:00:00,/Volumes/Argus/unk/snap/c1/1655060400.c1.snap.jpg,0.46812367
2022-06-12 19:30:00,/Volumes/Argus/unk/snap/c1/1655062200.c1.snap.jpg,0.49223292
2022-06-12 20:00:00,/Volumes/Argus/unk/snap/c1/1655064000.c1.snap.jpg,0.53350854
2022-06-12 20:30:00,/Volumes/Argus/unk/snap/c1/1655065800.c1.snap.jpg,0.51673424
2022-06-12 21:00:00,/Volumes/Argus/unk/snap/c1/1655067600.c1.snap.jpg,0.40694475
2022-06-12 21:30:00,/Volumes/Argus/unk/snap/c1/1655069400.c1.snap.jpg,0.44389385
2022-06-12 22:00:00,/Volumes/Argus/unk/snap/c1/1655071200.c1.snap.jpg,0.3307958
2022-06-12 22:30:00,/Volumes/Argus/unk/snap/c1/1655073000.c1.snap.jpg,0.43406796
2022-06-12 23:00:00,/Volumes/Argus/unk/snap/c1/1655074800.c1.snap.jpg,0.39652833
2022-06-12 23:30:00,/Volumes/Argus/unk/snap/c1/1655076600.c1.snap.jpg,0.39462435
2022-06-13 00:00:00,/Volumes/Argus/unk/snap/c1/1655078400.c1.snap.jpg,0.3304158
2022-06-13 00:30:00,/Volumes/Argus/unk/snap/c1/1655080200.c1.snap.jpg,0.3078829
2022-06-13 01:00:00,/Volumes/Argus/unk/snap/c1/1655082000.c1.snap.jpg,0.36444092
2022-06-13 01:30:00,/Volumes/Argus/unk/snap/c1/1655083800.c1.snap.jpg,0.36427698
2022-06-13 02:00:00,/Volumes/Argus/unk/snap/c1/1655085600.c1.snap.jpg,0.39340746
2022-06-13 03:00:00,/Volumes/Argus/unk/snap/c1/1655089200.c1.snap.jpg,0.38387853
2022-06-13 04:00:00,/Volumes/Argus/unk/snap/c1/1655092800.c1.snap.jpg,0.2807818
2022-06-13 04:30:00,/Volumes/Argus/unk/snap/c1/1655094600.c1.snap.jpg,0.2688927
2022-06-13 16:30:00,/Volumes/Argus/unk/snap/c1/1655137800.c1.snap.jpg,0.27571413
2022-06-13 17:00:00,/Volumes/Argus/unk/snap/c1/1655139600.c1.snap.jpg,0.52026033
2022-06-13 17:30:00,/Volumes/Argus/unk/snap/c1/1655141400.c1.snap.jpg,0.59695625
2022-06-13 18:00:00,/Volumes/Argus/unk/snap/c1/1655143200.c1.snap.jpg,0.52410364
2022-06-13 18:30:00,/Volumes/Argus/unk/snap/c1/1655145000.c1.snap.jpg,0.64410627
2022-06-13 19:00:00,/Volumes/Argus/unk/snap/c1/1655146800.c1.snap.jpg,0.5945111
2022-06-13 20:00:00,/Volumes/Argus/unk/snap/c1/1655150400.c1.snap.jpg,0.61343306
2022-06-13 20:30:00,/Volumes/Argus/unk/snap/c1/1655152200.c1.snap.jpg,0.38073203
2022-06-13 21:00:00,/Volumes/Argus/unk/snap/c1/1655154000.c1.snap.jpg,0.48204565
2022-06-13 21:30:00,/Volumes/Argus/unk/snap/c1/1655155800.c1.snap.jpg,0.48407793
2022-06-13 22:00:00,/Volumes/Argus/unk/snap/c1/1655157600.c1.snap.jpg,0.52734107
2022-06-13 22:30:00,/Volumes/Argus/unk/snap/c1/1655159400.c1.snap.jpg,0.76929396
2022-06-13 23:00:00,/Volumes/Argus/unk/snap/c1/1655161200.c1.snap.jpg,0.7902659
2022-06-13 23:30:00,/Volumes/Argus/unk/snap/c1/1655163000.c1.snap.jpg,0.8914373
2022-06-14 00:00:00,/Volumes/Argus/unk/snap/c1/1655164800.c1.snap.jpg,0.9943811
2022-06-14 00:30:00,/Volumes/Argus/unk/snap/c1/1655166600.c1.snap.jpg,0.8613544
2022-06-14 01:00:00,/Volumes/Argus/unk/snap/c1/1655168400.c1.snap.jpg,1.0774453
2022-06-14 01:30:00,/Volumes/Argus/unk/snap/c1/1655170200.c1.snap.jpg,0.9740704
2022-06-14 02:00:00,/Volumes/Argus/unk/snap/c1/1655172000.c1.snap.jpg,0.516659
2022-06-14 02:30:00,/Volumes/Argus/unk/snap/c1/1655173800.c1.snap.jpg,0.5518798
2022-06-14 03:00:00,/Volumes/Argus/unk/snap/c1/1655175600.c1.snap.jpg,0.40486473
2022-06-14 04:00:00,/Volumes/Argus/unk/snap/c1/1655179200.c1.snap.jpg,0.47746348
2022-06-14 04:30:00,/Volumes/Argus/unk/snap/c1/1655181000.c1.snap.jpg,0.45820343
2022-06-14 16:30:00,/Volumes/Argus/unk/snap/c1/1655224200.c1.snap.jpg,0.35977653
2022-06-14 17:00:00,/Volumes/Argus/unk/snap/c1/1655226000.c1.snap.jpg,0.59711707
2022-06-14 17:30:00,/Volumes/Argus/unk/snap/c1/1655227800.c1.snap.jpg,0.40162367
2022-06-14 18:00:00,/Volumes/Argus/unk/snap/c1/1655229600.c1.snap.jpg,0.4459902
2022-06-14 18:30:00,/Volumes/Argus/unk/snap/c1/1655231400.c1.snap.jpg,0.51423156
2022-06-14 19:00:00,/Volumes/Argus/unk/snap/c1/1655233200.c1.snap.jpg,0.58192664
2022-06-14 19:30:00,/Volumes/Argus/unk/snap/c1/1655235000.c1.snap.jpg,0.5567124
2022-06-14 20:00:00,/Volumes/Argus/unk/snap/c1/1655236800.c1.snap.jpg,0.51694393
2022-06-14 20:30:00,/Volumes/Argus/unk/snap/c1/1655238600.c1.snap.jpg,0.550573
2022-06-14 21:00:00,/Volumes/Argus/unk/snap/c1/1655240400.c1.snap.jpg,0.43542954
2022-06-14 21:30:00,/Volumes/Argus/unk/snap/c1/1655242200.c1.snap.jpg,0.4520686
2022-06-14 22:00:00,/Volumes/Argus/unk/snap/c1/1655244000.c1.snap.jpg,0.4330939
2022-06-14 22:30:00,/Volumes/Argus/unk/snap/c1/1655245800.c1.snap.jpg,0.40257555
2022-06-14 23:30:00,/Volumes/Argus/unk/snap/c1/1655249400.c1.snap.jpg,0.39114612
2022-06-15 00:30:00,/Volumes/Argus/unk/snap/c1/1655253000.c1.snap.jpg,0.35831726
2022-06-15 01:00:00,/Volumes/Argus/unk/snap/c1/1655254800.c1.snap.jpg,0.34306133
2022-06-15 01:30:00,/Volumes/Argus/unk/snap/c1/1655256600.c1.snap.jpg,0.4503312
2022-06-15 02:30:00,/Volumes/Argus/unk/snap/c1/1655260200.c1.snap.jpg,0.35306948
2022-06-15 03:00:00,/Volumes/Argus/unk/snap/c1/1655262000.c1.snap.jpg,0.24316986
2022-06-15 03:30:00,/Volumes/Argus/unk/snap/c1/1655263800.c1.snap.jpg,0.17363232
2022-06-15 16:30:00,/Volumes/Argus/unk/snap/c1/1655310600.c1.snap.jpg,0.31584942
2022-06-15 17:00:00,/Volumes/Argus/unk/snap/c1/1655312400.c1.snap.jpg,0.29595888
2022-06-15 17:30:00,/Volumes/Argus/unk/snap/c1/1655314200.c1.snap.jpg,0.19209933
2022-06-15 18:00:00,/Volumes/Argus/unk/snap/c1/1655316000.c1.snap.jpg,0.26961643
2022-06-15 19:00:00,/Volumes/Argus/unk/snap/c1/1655319600.c1.snap.jpg,0.39879662
2022-06-15 20:00:00,/Volumes/Argus/unk/snap/c1/1655323200.c1.snap.jpg,0.28606564
2022-06-15 20:30:00,/Volumes/Argus/unk/snap/c1/1655325000.c1.snap.jpg,0.24205655
2022-06-15 21:00:00,/Volumes/Argus/unk/snap/c1/1655326800.c1.snap.jpg,0.24949479
2022-06-15 21:30:00,/Volumes/Argus/unk/snap/c1/1655328600.c1.snap.jpg,0.3154719
2022-06-15 22:00:00,/Volumes/Argus/unk/snap/c1/1655330400.c1.snap.jpg,0.48237023
2022-06-15 22:30:00,/Volumes/Argus/unk/snap/c1/1655332200.c1.snap.jpg,0.35678086
2022-06-15 23:00:00,/Volumes/Argus/unk/snap/c1/1655334000.c1.snap.jpg,0.33177832
2022-06-15 23:30:00,/Volumes/Argus/unk/snap/c1/1655335800.c1.snap.jpg,0.34402564
2022-06-16 00:00:00,/Volumes/Argus/unk/snap/c1/1655337600.c1.snap.jpg,0.3333834
2022-06-16 00:30:00,/Volumes/Argus/unk/snap/c1/1655339400.c1.snap.jpg,0.29472685
2022-06-16 01:00:00,/Volumes/Argus/unk/snap/c1/1655341200.c1.snap.jpg,0.39690202
2022-06-16 01:30:00,/Volumes/Argus/unk/snap/c1/1655343000.c1.snap.jpg,0.33058038
2022-06-16 02:00:00,/Volumes/Argus/unk/snap/c1/1655344800.c1.snap.jpg,0.31479287
2022-06-16 02:30:00,/Volumes/Argus/unk/snap/c1/1655346600.c1.snap.jpg,0.27019003
2022-06-16 03:00:00,/Volumes/Argus/unk/snap/c1/1655348400.c1.snap.jpg,0.28575915
2022-06-16 04:00:00,/Volumes/Argus/unk/snap/c1/1655352000.c1.snap.jpg,0.31847015
2022-06-16 04:30:00,/Volumes/Argus/unk/snap/c1/1655353800.c1.snap.jpg,0.30058444
2022-06-16 16:30:00,/Volumes/Argus/unk/snap/c1/1655397000.c1.snap.jpg,0.36786324
2022-06-16 17:00:00,/Volumes/Argus/unk/snap/c1/1655398800.c1.snap.jpg,0.65705645
2022-06-16 17:30:00,/Volumes/Argus/unk/snap/c1/1655400600.c1.snap.jpg,0.24403019
2022-06-16 18:00:00,/Volumes/Argus/unk/snap/c1/1655402400.c1.snap.jpg,0.23558529
2022-06-16 19:00:00,/Volumes/Argus/unk/snap/c1/1655406000.c1.snap.jpg,0.25221658
2022-06-16 20:00:00,/Volumes/Argus/unk/snap/c1/1655409600.c1.snap.jpg,0.33264524
2022-06-16 20:30:00,/Volumes/Argus/unk/snap/c1/1655411400.c1.snap.jpg,0.3060766
2022-06-16 21:00:00,/Volumes/Argus/unk/snap/c1/1655413200.c1.snap.jpg,0.4444957
2022-06-16 21:30:00,/Volumes/Argus/unk/snap/c1/1655415000.c1.snap.jpg,0.37659776
2022-06-16 22:00:00,/Volumes/Argus/unk/snap/c1/1655416800.c1.snap.jpg,0.27545124
2022-06-16 22:30:00,/Volumes/Argus/unk/snap/c1/1655418600.c1.snap.jpg,0.26171875
2022-06-16 23:00:00,/Volumes/Argus/unk/snap/c1/1655420400.c1.snap.jpg,0.29989004
2022-06-16 23:30:00,/Volumes/Argus/unk/snap/c1/1655422200.c1.snap.jpg,0.34320647
2022-06-17 00:00:00,/Volumes/Argus/unk/snap/c1/1655424000.c1.snap.jpg,0.3682192
2022-06-17 00:30:00,/Volumes/Argus/unk/snap/c1/1655425800.c1.snap.jpg,0.27949607
2022-06-17 01:00:00,/Volumes/Argus/unk/snap/c1/1655427600.c1.snap.jpg,0.3139965
2022-06-17 01:30:00,/Volumes/Argus/unk/snap/c1/1655429400.c1.snap.jpg,0.33848614
2022-06-17 02:00:00,/Volumes/Argus/unk/snap/c1/1655431200.c1.snap.jpg,0.26522595
2022-06-17 02:30:00,/Volumes/Argus/unk/snap/c1/1655433000.c1.snap.jpg,0.23860869
2022-06-17 03:30:00,/Volumes/Argus/unk/snap/c1/1655436600.c1.snap.jpg,0.29314172
2022-06-17 04:30:00,/Volumes/Argus/unk/snap/c1/1655440200.c1.snap.jpg,0.33559486
2022-06-17 16:30:00,/Volumes/Argus/unk/snap/c1/1655483400.c1.snap.jpg,0.27527595
2022-06-17 17:00:00,/Volumes/Argus/unk/snap/c1/1655485200.c1.snap.jpg,0.24269335
2022-06-17 17:30:00,/Volumes/Argus/unk/snap/c1/1655487000.c1.snap.jpg,0.30401015
2022-06-17 18:00:00,/Volumes/Argus/unk/snap/c1/1655488800.c1.snap.jpg,0.24424414
2022-06-17 18:30:00,/Volumes/Argus/unk/snap/c1/1655490600.c1.snap.jpg,0.20170763
2022-06-17 19:00:00,/Volumes/Argus/unk/snap/c1/1655492400.c1.snap.jpg,0.30263734
2022-06-17 19:30:00,/Volumes/Argus/unk/snap/c1/1655494200.c1.snap.jpg,0.29871553
2022-06-17 20:00:00,/Volumes/Argus/unk/snap/c1/1655496000.c1.snap.jpg,0.24239802
2022-06-17 20:30:00,/Volumes/Argus/unk/snap/c1/1655497800.c1.snap.jpg,0.27134207
2022-06-17 21:00:00,/Volumes/Argus/unk/snap/c1/1655499600.c1.snap.jpg,0.27731156
2022-06-17 21:30:00,/Volumes/Argus/unk/snap/c1/1655501400.c1.snap.jpg,0.36806208
2022-06-17 22:00:00,/Volumes/Argus/unk/snap/c1/1655503200.c1.snap.jpg,0.27579305
2022-06-17 22:30:00,/Volumes/Argus/unk/snap/c1/1655505000.c1.snap.jpg,0.3073292
2022-06-17 23:00:00,/Volumes/Argus/unk/snap/c1/1655506800.c1.snap.jpg,0.42096764
2022-06-17 23:30:00,/Volumes/Argus/unk/snap/c1/1655508600.c1.snap.jpg,0.3467993
2022-06-18 00:30:00,/Volumes/Argus/unk/snap/c1/1655512200.c1.snap.jpg,0.24654186
2022-06-18 01:00:00,/Volumes/Argus/unk/snap/c1/1655514000.c1.snap.jpg,0.3221037
2022-06-18 01:30:00,/Volumes/Argus/unk/snap/c1/1655515800.c1.snap.jpg,0.25057262
2022-06-18 02:00:00,/Volumes/Argus/unk/snap/c1/1655517600.c1.snap.jpg,0.24141331
2022-06-18 03:00:00,/Volumes/Argus/unk/snap/c1/1655521200.c1.snap.jpg,0.35986266
2022-06-18 03:30:00,/Volumes/Argus/unk/snap/c1/1655523000.c1.snap.jpg,0.22043897
2022-06-18 16:30:00,/Volumes/Argus/unk/snap/c1/1655569800.c1.snap.jpg,0.26335475
2022-06-18 17:30:00,/Volumes/Argus/unk/snap/c1/1655573400.c1.snap.jpg,0.2772119
2022-06-18 18:00:00,/Volumes/Argus/unk/snap/c1/1655575200.c1.snap.jpg,0.2637925
2022-06-18 18:30:00,/Volumes/Argus/unk/snap/c1/1655577000.c1.snap.jpg,0.23275188
2022-06-18 19:00:00,/Volumes/Argus/unk/snap/c1/1655578800.c1.snap.jpg,0.22275075
2022-06-18 19:30:00,/Volumes/Argus/unk/snap/c1/1655580600.c1.snap.jpg,0.184166
2022-06-18 20:00:00,/Volumes/Argus/unk/snap/c1/1655582400.c1.snap.jpg,0.23246963
2022-06-18 20:30:00,/Volumes/Argus/unk/snap/c1/1655584200.c1.snap.jpg,0.19835307
2022-06-18 21:00:00,/Volumes/Argus/unk/snap/c1/1655586000.c1.snap.jpg,0.23613401
2022-06-18 21:30:00,/Volumes/Argus/unk/snap/c1/1655587800.c1.snap.jpg,0.31305242
2022-06-18 22:00:00,/Volumes/Argus/unk/snap/c1/1655589600.c1.snap.jpg,0.26343262
2022-06-18 22:30:00,/Volumes/Argus/unk/snap/c1/1655591400.c1.snap.jpg,0.16441332
2022-06-18 23:00:00,/Volumes/Argus/unk/snap/c1/1655593200.c1.snap.jpg,0.29421285
2022-06-18 23:30:00,/Volumes/Argus/unk/snap/c1/1655595000.c1.snap.jpg,0.45351234
2022-06-19 01:00:00,/Volumes/Argus/unk/snap/c1/1655600400.c1.snap.jpg,0.2899422
2022-06-19 01:30:00,/Volumes/Argus/unk/snap/c1/1655602200.c1.snap.jpg,0.26672286
2022-06-19 02:00:00,/Volumes/Argus/unk/snap/c1/1655604000.c1.snap.jpg,0.3158144
2022-06-19 02:30:00,/Volumes/Argus/unk/snap/c1/1655605800.c1.snap.jpg,0.21918486
2022-06-19 03:00:00,/Volumes/Argus/unk/snap/c1/1655607600.c1.snap.jpg,0.22928122
2022-06-19 03:30:00,/Volumes/Argus/unk/snap/c1/1655609400.c1.snap.jpg,0.17495352
2022-06-19 04:00:00,/Volumes/Argus/unk/snap/c1/1655611200.c1.snap.jpg,0.25947407
2022-06-19 16:30:00,/Volumes/Argus/unk/snap/c1/1655656200.c1.snap.jpg,0.2315724
2022-06-19 17:00:00,/Volumes/Argus/unk/snap/c1/1655658000.c1.snap.jpg,0.22819662
2022-06-19 17:30:00,/Volumes/Argus/unk/snap/c1/1655659800.c1.snap.jpg,0.22738269
2022-06-19 18:00:00,/Volumes/Argus/unk/snap/c1/1655661600.c1.snap.jpg,0.24253
2022-06-19 19:00:00,/Volumes/Argus/unk/snap/c1/1655665200.c1.snap.jpg,0.23734803
2022-06-19 19:30:00,/Volumes/Argus/unk/snap/c1/1655667000.c1.snap.jpg,0.21137163
2022-06-19 20:00:00,/Volumes/Argus/unk/snap/c1/1655668800.c1.snap.jpg,0.22749728
2022-06-19 20:30:00,/Volumes/Argus/unk/snap/c1/1655670600.c1.snap.jpg,0.2897405
2022-06-19 21:00:00,/Volumes/Argus/unk/snap/c1/1655672400.c1.snap.jpg,0.26091847
2022-06-19 21:30:00,/Volumes/Argus/unk/snap/c1/1655674200.c1.snap.jpg,0.48518777
2022-06-19 22:00:00,/Volumes/Argus/unk/snap/c1/1655676000.c1.snap.jpg,0.46437943
2022-06-19 23:00:00,/Volumes/Argus/unk/snap/c1/1655679600.c1.snap.jpg,0.34712663
2022-06-19 23:30:00,/Volumes/Argus/unk/snap/c1/1655681400.c1.snap.jpg,0.29807767
2022-06-20 00:00:00,/Volumes/Argus/unk/snap/c1/1655683200.c1.snap.jpg,0.29201686
2022-06-20 00:30:00,/Volumes/Argus/unk/snap/c1/1655685000.c1.snap.jpg,0.30379957
2022-06-20 01:00:00,/Volumes/Argus/unk/snap/c1/1655686800.c1.snap.jpg,0.34454077
2022-06-20 02:00:00,/Volumes/Argus/unk/snap/c1/1655690400.c1.snap.jpg,0.3950929
2022-06-20 03:30:00,/Volumes/Argus/unk/snap/c1/1655695800.c1.snap.jpg,0.41154757
2022-06-20 04:30:00,/Volumes/Argus/unk/snap/c1/1655699400.c1.snap.jpg,0.20510344
2022-06-20 16:30:00,/Volumes/Argus/unk/snap/c1/1655742600.c1.snap.jpg,0.35922074
2022-06-20 17:00:00,/Volumes/Argus/unk/snap/c1/1655744400.c1.snap.jpg,0.67377734
2022-06-20 17:30:00,/Volumes/Argus/unk/snap/c1/1655746200.c1.snap.jpg,0.6415013
2022-06-20 18:00:00,/Volumes/Argus/unk/snap/c1/1655748000.c1.snap.jpg,0.45156288
2022-06-20 18:30:00,/Volumes/Argus/unk/snap/c1/1655749800.c1.snap.jpg,0.41410178
2022-06-20 19:00:00,/Volumes/Argus/unk/snap/c1/1655751600.c1.snap.jpg,0.42775732
2022-06-20 19:30:00,/Volumes/Argus/unk/snap/c1/1655753400.c1.snap.jpg,0.7467279
2022-06-20 20:00:00,/Volumes/Argus/unk/snap/c1/1655755200.c1.snap.jpg,0.75179964
2022-06-20 20:30:00,/Volumes/Argus/unk/snap/c1/1655757000.c1.snap.jpg,0.51564544
2022-06-20 21:00:00,/Volumes/Argus/unk/snap/c1/1655758800.c1.snap.jpg,0.46231306
2022-06-20 21:30:00,/Volumes/Argus/unk/snap/c1/1655760600.c1.snap.jpg,0.41205245
2022-06-20 22:00:00,/Volumes/Argus/unk/snap/c1/1655762400.c1.snap.jpg,0.35137582
2022-06-20 23:00:00,/Volumes/Argus/unk/snap/c1/1655766000.c1.snap.jpg,0.4233287
2022-06-20 23:30:00,/Volumes/Argus/unk/snap/c1/1655767800.c1.snap.jpg,0.53557706
2022-06-21 00:00:00,/Volumes/Argus/unk/snap/c1/1655769600.c1.snap.jpg,0.5188891
2022-06-21 00:30:00,/Volumes/Argus/unk/snap/c1/1655771400.c1.snap.jpg,0.5146657
2022-06-21 01:00:00,/Volumes/Argus/unk/snap/c1/1655773200.c1.snap.jpg,0.4677721
2022-06-21 01:30:00,/Volumes/Argus/unk/snap/c1/1655775000.c1.snap.jpg,0.5241455
2022-06-21 02:00:00,/Volumes/Argus/unk/snap/c1/1655776800.c1.snap.jpg,0.6180717
2022-06-21 02:30:00,/Volumes/Argus/unk/snap/c1/1655778600.c1.snap.jpg,0.6323521
2022-06-21 03:30:00,/Volumes/Argus/unk/snap/c1/1655782200.c1.snap.jpg,0.42659774
2022-06-21 04:00:00,/Volumes/Argus/unk/snap/c1/1655784000.c1.snap.jpg,0.56123245
2022-06-21 04:30:00,/Volumes/Argus/unk/snap/c1/1655785800.c1.snap.jpg,0.53460515
2022-06-21 16:30:00,/Volumes/Argus/unk/snap/c1/1655829000.c1.snap.jpg,0.5999194
2022-06-21 17:00:00,/Volumes/Argus/unk/snap/c1/1655830800.c1.snap.jpg,0.776667
2022-06-21 17:30:00,/Volumes/Argus/unk/snap/c1/1655832600.c1.snap.jpg,0.59255725
2022-06-21 18:00:00,/Volumes/Argus/unk/snap/c1/1655834400.c1.snap.jpg,0.4992777
2022-06-21 19:00:00,/Volumes/Argus/unk/snap/c1/1655838000.c1.snap.jpg,0.62836236
2022-06-21 19:30:00,/Volumes/Argus/unk/snap/c1/1655839800.c1.snap.jpg,0.50615793
2022-06-21 20:00:00,/Volumes/Argus/unk/snap/c1/1655841600.c1.snap.jpg,0.6537432
2022-06-21 20:30:00,/Volumes/Argus/unk/snap/c1/1655843400.c1.snap.jpg,0.659953
2022-06-21 21:00:00,/Volumes/Argus/unk/snap/c1/1655845200.c1.snap.jpg,0.6061046
2022-06-21 21:30:00,/Volumes/Argus/unk/snap/c1/1655847000.c1.snap.jpg,0.53283966
2022-06-21 22:00:00,/Volumes/Argus/unk/snap/c1/1655848800.c1.snap.jpg,0.5275539
2022-06-21 22:30:00,/Volumes/Argus/unk/snap/c1/1655850600.c1.snap.jpg,0.66034704
2022-06-21 23:00:00,/Volumes/Argus/unk/snap/c1/1655852400.c1.snap.jpg,0.66388685
2022-06-21 23:30:00,/Volumes/Argus/unk/snap/c1/1655854200.c1.snap.jpg,0.60563886
2022-06-22 00:00:00,/Volumes/Argus/unk/snap/c1/1655856000.c1.snap.jpg,0.6500939
2022-06-22 00:30:00,/Volumes/Argus/unk/snap/c1/1655857800.c1.snap.jpg,0.7632873
2022-06-22 01:00:00,/Volumes/Argus/unk/snap/c1/1655859600.c1.snap.jpg,0.82931685
2022-06-22 01:30:00,/Volumes/Argus/unk/snap/c1/1655861400.c1.snap.jpg,0.6549082
2022-06-22 02:00:00,/Volumes/Argus/unk/snap/c1/1655863200.c1.snap.jpg,0.7022071
2022-06-22 02:30:00,/Volumes/Argus/unk/snap/c1/1655865000.c1.snap.jpg,0.77203834
2022-06-22 03:00:00,/Volumes/Argus/unk/snap/c1/1655866800.c1.snap.jpg,0.58979654
2022-06-22 03:30:00,/Volumes/Argus/unk/snap/c1/1655868600.c1.snap.jpg,0.8667955
2022-06-22 04:30:00,/Volumes/Argus/unk/snap/c1/1655872200.c1.snap.jpg,0.849055
2022-06-22 16:30:00,/Volumes/Argus/unk/snap/c1/1655915400.c1.snap.jpg,0.940462
2022-06-22 17:00:00,/Volumes/Argus/unk/snap/c1/1655917200.c1.snap.jpg,0.9692455
2022-06-22 17:30:00,/Volumes/Argus/unk/snap/c1/1655919000.c1.snap.jpg,0.98561704
2022-06-22 18:00:00,/Volumes/Argus/unk/snap/c1/1655920800.c1.snap.jpg,0.9992824
2022-06-22 18:30:00,/Volumes/Argus/unk/snap/c1/1655922600.c1.snap.jpg,0.93534374
2022-06-22 19:00:00,/Volumes/Argus/unk/snap/c1/1655924400.c1.snap.jpg,1.1386211
2022-06-22 20:00:00,/Volumes/Argus/unk/snap/c1/1655928000.c1.snap.jpg,1.1024058
2022-06-22 21:00:00,/Volumes/Argus/unk/snap/c1/1655931600.c1.snap.jpg,1.1263525
2022-06-22 21:30:00,/Volumes/Argus/unk/snap/c1/1655933400.c1.snap.jpg,1.0279261
2022-06-22 22:00:00,/Volumes/Argus/unk/snap/c1/1655935200.c1.snap.jpg,1.0345399
2022-06-22 23:00:00,/Volumes/Argus/unk/snap/c1/1655938800.c1.snap.jpg,0.9697421
2022-06-22 23:30:00,/Volumes/Argus/unk/snap/c1/1655940600.c1.snap.jpg,0.8234769
2022-06-23 00:30:00,/Volumes/Argus/unk/snap/c1/1655944200.c1.snap.jpg,0.75455797
2022-06-23 01:00:00,/Volumes/Argus/unk/snap/c1/1655946000.c1.snap.jpg,0.64294964
2022-06-23 01:30:00,/Volumes/Argus/unk/snap/c1/1655947800.c1.snap.jpg,0.75847113
2022-06-23 02:30:00,/Volumes/Argus/unk/snap/c1/1655951400.c1.snap.jpg,0.60926175
2022-06-23 03:00:00,/Volumes/Argus/unk/snap/c1/1655953200.c1.snap.jpg,0.5018277
2022-06-23 04:30:00,/Volumes/Argus/unk/snap/c1/1655958600.c1.snap.jpg,0.70689976
2022-06-23 16:30:00,/Volumes/Argus/unk/snap/c1/1656001800.c1.snap.jpg,0.8765772
2022-06-23 17:00:00,/Volumes/Argus/unk/snap/c1/1656003600.c1.snap.jpg,0.8929688
2022-06-23 17:30:00,/Volumes/Argus/unk/snap/c1/1656005400.c1.snap.jpg,0.92420995
2022-06-23 18:00:00,/Volumes/Argus/unk/snap/c1/1656007200.c1.snap.jpg,0.92885816
2022-06-23 18:30:00,/Volumes/Argus/unk/snap/c1/1656009000.c1.snap.jpg,0.8708987
2022-06-23 19:00:00,/Volumes/Argus/unk/snap/c1/1656010800.c1.snap.jpg,0.9841662
2022-06-23 19:30:00,/Volumes/Argus/unk/snap/c1/1656012600.c1.snap.jpg,0.8843689
2022-06-23 20:00:00,/Volumes/Argus/unk/snap/c1/1656014400.c1.snap.jpg,0.81430113
2022-06-23 20:30:00,/Volumes/Argus/unk/snap/c1/1656016200.c1.snap.jpg,0.667537
2022-06-23 21:00:00,/Volumes/Argus/unk/snap/c1/1656018000.c1.snap.jpg,0.6289872
2022-06-23 21:30:00,/Volumes/Argus/unk/snap/c1/1656019800.c1.snap.jpg,0.5945905
2022-06-23 22:00:00,/Volumes/Argus/unk/snap/c1/1656021600.c1.snap.jpg,0.5244607
2022-06-23 22:30:00,/Volumes/Argus/unk/snap/c1/1656023400.c1.snap.jpg,0.6553217
2022-06-23 23:00:00,/Volumes/Argus/unk/snap/c1/1656025200.c1.snap.jpg,0.40135542
2022-06-23 23:30:00,/Volumes/Argus/unk/snap/c1/1656027000.c1.snap.jpg,0.52830505
2022-06-24 00:00:00,/Volumes/Argus/unk/snap/c1/1656028800.c1.snap.jpg,0.3729642
2022-06-24 00:30:00,/Volumes/Argus/unk/snap/c1/1656030600.c1.snap.jpg,0.47957313
2022-06-24 01:00:00,/Volumes/Argus/unk/snap/c1/1656032400.c1.snap.jpg,0.4215411
2022-06-24 01:30:00,/Volumes/Argus/unk/snap/c1/1656034200.c1.snap.jpg,0.39842314
2022-06-24 02:00:00,/Volumes/Argus/unk/snap/c1/1656036000.c1.snap.jpg,0.58858895
2022-06-24 02:30:00,/Volumes/Argus/unk/snap/c1/1656037800.c1.snap.jpg,0.44893697
2022-06-24 04:00:00,/Volumes/Argus/unk/snap/c1/1656043200.c1.snap.jpg,0.5050889
2022-06-24 04:30:00,/Volumes/Argus/unk/snap/c1/1656045000.c1.snap.jpg,0.5163826
2022-06-24 16:30:00,/Volumes/Argus/unk/snap/c1/1656088200.c1.snap.jpg,0.23757507
2022-06-24 17:00:00,/Volumes/Argus/unk/snap/c1/1656090000.c1.snap.jpg,0.43113083
2022-06-24 17:30:00,/Volumes/Argus/unk/snap/c1/1656091800.c1.snap.jpg,0.24331367
2022-06-24 18:00:00,/Volumes/Argus/unk/snap/c1/1656093600.c1.snap.jpg,0.2517147
2022-06-24 18:30:00,/Volumes/Argus/unk/snap/c1/1656095400.c1.snap.jpg,0.29487136
2022-06-24 19:00:00,/Volumes/Argus/unk/snap/c1/1656097200.c1.snap.jpg,0.32117558
2022-06-24 19:30:00,/Volumes/Argus/unk/snap/c1/1656099000.c1.snap.jpg,0.40213507
2022-06-24 20:00:00,/Volumes/Argus/unk/snap/c1/1656100800.c1.snap.jpg,0.3414425
2022-06-24 20:30:00,/Volumes/Argus/unk/snap/c1/1656102600.c1.snap.jpg,0.38074598
2022-06-24 21:00:00,/Volumes/Argus/unk/snap/c1/1656104400.c1.snap.jpg,0.3533436
2022-06-24 21:30:00,/Volumes/Argus/unk/snap/c1/1656106200.c1.snap.jpg,0.25818527
2022-06-24 22:00:00,/Volumes/Argus/unk/snap/c1/1656108000.c1.snap.jpg,0.31987154
2022-06-24 22:30:00,/Volumes/Argus/unk/snap/c1/1656109800.c1.snap.jpg,0.40270084
2022-06-24 23:00:00,/Volumes/Argus/unk/snap/c1/1656111600.c1.snap.jpg,0.31400985
2022-06-24 23:30:00,/Volumes/Argus/unk/snap/c1/1656113400.c1.snap.jpg,0.3168436
2022-06-25 00:00:00,/Volumes/Argus/unk/snap/c1/1656115200.c1.snap.jpg,0.37280428
2022-06-25 00:30:00,/Volumes/Argus/unk/snap/c1/1656117000.c1.snap.jpg,0.3880984
2022-06-25 01:00:00,/Volumes/Argus/unk/snap/c1/1656118800.c1.snap.jpg,0.38062686
2022-06-25 01:30:00,/Volumes/Argus/unk/snap/c1/1656120600.c1.snap.jpg,0.41608053
2022-06-25 02:00:00,/Volumes/Argus/unk/snap/c1/1656122400.c1.snap.jpg,0.373741
2022-06-25 02:30:00,/Volumes/Argus/unk/snap/c1/1656124200.c1.snap.jpg,0.20617011
2022-06-25 03:00:00,/Volumes/Argus/unk/snap/c1/1656126000.c1.snap.jpg,0.2168283
2022-06-25 04:00:00,/Volumes/Argus/unk/snap/c1/1656129600.c1.snap.jpg,0.30838495
2022-06-25 04:30:00,/Volumes/Argus/unk/snap/c1/1656131400.c1.snap.jpg,0.35445023
2022-06-25 16:30:00,/Volumes/Argus/unk/snap/c1/1656174600.c1.snap.jpg,0.292121
2022-06-25 17:00:00,/Volumes/Argus/unk/snap/c1/1656176400.c1.snap.jpg,0.2988396
2022-06-25 17:30:00,/Volumes/Argus/unk/snap/c1/1656178200.c1.snap.jpg,0.2594499
2022-06-25 18:00:00,/Volumes/Argus/unk/snap/c1/1656180000.c1.snap.jpg,0.2948556
2022-06-25 18:30:00,/Volumes/Argus/unk/snap/c1/1656181800.c1.snap.jpg,0.23820895
2022-06-25 19:00:00,/Volumes/Argus/unk/snap/c1/1656183600.c1.snap.jpg,0.2734631
2022-06-25 19:30:00,/Volumes/Argus/unk/snap/c1/1656185400.c1.snap.jpg,0.18304926
2022-06-25 20:00:00,/Volumes/Argus/unk/snap/c1/1656187200.c1.snap.jpg,0.2584303
2022-06-25 21:00:00,/Volumes/Argus/unk/snap/c1/1656190800.c1.snap.jpg,0.25628102
2022-06-25 21:30:00,/Volumes/Argus/unk/snap/c1/1656192600.c1.snap.jpg,0.22809267
2022-06-25 22:00:00,/Volumes/Argus/unk/snap/c1/1656194400.c1.snap.jpg,0.23327741
2022-06-25 22:30:00,/Volumes/Argus/unk/snap/c1/1656196200.c1.snap.jpg,0.2657867
2022-06-25 23:00:00,/Volumes/Argus/unk/snap/c1/1656198000.c1.snap.jpg,0.21276745
2022-06-25 23:30:00,/Volumes/Argus/unk/snap/c1/1656199800.c1.snap.jpg,0.3417681
2022-06-26 00:00:00,/Volumes/Argus/unk/snap/c1/1656201600.c1.snap.jpg,0.32422787
2022-06-26 00:30:00,/Volumes/Argus/unk/snap/c1/1656203400.c1.snap.jpg,0.40879422
2022-06-26 01:00:00,/Volumes/Argus/unk/snap/c1/1656205200.c1.snap.jpg,0.38255897
2022-06-26 01:30:00,/Volumes/Argus/unk/snap/c1/1656207000.c1.snap.jpg,0.27413464
2022-06-26 02:00:00,/Volumes/Argus/unk/snap/c1/1656208800.c1.snap.jpg,0.3726521
2022-06-26 02:30:00,/Volumes/Argus/unk/snap/c1/1656210600.c1.snap.jpg,0.30852342
2022-06-26 03:00:00,/Volumes/Argus/unk/snap/c1/1656212400.c1.snap.jpg,0.36475572
2022-06-26 03:30:00,/Volumes/Argus/unk/snap/c1/1656214200.c1.snap.jpg,0.42557418
2022-06-26 04:00:00,/Volumes/Argus/unk/snap/c1/1656216000.c1.snap.jpg,0.41113842
2022-06-26 04:30:00,/Volumes/Argus/unk/snap/c1/1656217800.c1.snap.jpg,0.3393293
2022-06-27 04:30:00,/Volumes/Argus/unk/snap/c1/1656304200.c1.snap.jpg,0.3486757
2022-06-28 16:30:00,/Volumes/Argus/unk/snap/c1/1656433800.c1.snap.jpg,0.26666045
2022-06-28 17:00:00,/Volumes/Argus/unk/snap/c1/1656435600.c1.snap.jpg,0.26658177
2022-06-28 17:30:00,/Volumes/Argus/unk/snap/c1/1656437400.c1.snap.jpg,0.2642268
2022-06-28 18:00:00,/Volumes/Argus/unk/snap/c1/1656439200.c1.snap.jpg,0.22689433
2022-06-28 18:30:00,/Volumes/Argus/unk/snap/c1/1656441000.c1.snap.jpg,0.2674198
2022-06-28 19:00:00,/Volumes/Argus/unk/snap/c1/1656442800.c1.snap.jpg,0.2846017
2022-06-28 19:30:00,/Volumes/Argus/unk/snap/c1/1656444600.c1.snap.jpg,0.43299496
2022-06-28 20:00:00,/Volumes/Argus/unk/snap/c1/1656446400.c1.snap.jpg,0.21372017
2022-06-28 20:30:00,/Volumes/Argus/unk/snap/c1/1656448200.c1.snap.jpg,0.25692937
2022-06-28 21:00:00,/Volumes/Argus/unk/snap/c1/1656450000.c1.snap.jpg,0.24971732
2022-06-28 23:30:00,/Volumes/Argus/unk/snap/c1/1656459000.c1.snap.jpg,0.30019277
2022-06-29 00:00:00,/Volumes/Argus/unk/snap/c1/1656460800.c1.snap.jpg,0.24412835
2022-06-29 00:30:00,/Volumes/Argus/unk/snap/c1/1656462600.c1.snap.jpg,0.332075
2022-06-29 01:00:00,/Volumes/Argus/unk/snap/c1/1656464400.c1.snap.jpg,0.37943035
2022-06-29 01:30:00,/Volumes/Argus/unk/snap/c1/1656466200.c1.snap.jpg,0.38676053
2022-06-29 02:00:00,/Volumes/Argus/unk/snap/c1/1656468000.c1.snap.jpg,0.32616478
2022-06-29 03:00:00,/Volumes/Argus/unk/snap/c1/1656471600.c1.snap.jpg,0.46326226
2022-06-29 04:00:00,/Volumes/Argus/unk/snap/c1/1656475200.c1.snap.jpg,0.29664552
2022-06-29 04:30:00,/Volumes/Argus/unk/snap/c1/1656477000.c1.snap.jpg,0.29827347
2022-06-29 16:30:00,/Volumes/Argus/unk/snap/c1/1656520200.c1.snap.jpg,0.33693856
2022-06-29 17:00:00,/Volumes/Argus/unk/snap/c1/1656522000.c1.snap.jpg,0.23624606
2022-06-29 17:30:00,/Volumes/Argus/unk/snap/c1/1656523800.c1.snap.jpg,0.25320658
2022-06-29 18:00:00,/Volumes/Argus/unk/snap/c1/1656525600.c1.snap.jpg,0.41188762
2022-06-29 18:30:00,/Volumes/Argus/unk/snap/c1/1656527400.c1.snap.jpg,0.45668608
2022-06-29 19:00:00,/Volumes/Argus/unk/snap/c1/1656529200.c1.snap.jpg,0.43239608
2022-06-29 19:30:00,/Volumes/Argus/unk/snap/c1/1656531000.c1.snap.jpg,0.34994268
2022-06-29 20:30:00,/Volumes/Argus/unk/snap/c1/1656534600.c1.snap.jpg,0.3017827
2022-06-29 21:00:00,/Volumes/Argus/unk/snap/c1/1656536400.c1.snap.jpg,0.297511
2022-06-29 21:30:00,/Volumes/Argus/unk/snap/c1/1656538200.c1.snap.jpg,0.39829063
2022-06-29 22:00:00,/Volumes/Argus/unk/snap/c1/1656540000.c1.snap.jpg,0.28898835
2022-06-29 23:30:00,/Volumes/Argus/unk/snap/c1/1656545400.c1.snap.jpg,0.27058414
2022-06-30 00:00:00,/Volumes/Argus/unk/snap/c1/1656547200.c1.snap.jpg,0.2536723
2022-06-30 01:00:00,/Volumes/Argus/unk/snap/c1/1656550800.c1.snap.jpg,0.3206762
2022-06-30 01:30:00,/Volumes/Argus/unk/snap/c1/1656552600.c1.snap.jpg,0.3342387
2022-06-30 02:00:00,/Volumes/Argus/unk/snap/c1/1656554400.c1.snap.jpg,0.25773218
2022-06-30 02:30:00,/Volumes/Argus/unk/snap/c1/1656556200.c1.snap.jpg,0.3657624
2022-06-30 03:00:00,/Volumes/Argus/unk/snap/c1/1656558000.c1.snap.jpg,0.34702468
2022-06-30 04:00:00,/Volumes/Argus/unk/snap/c1/1656561600.c1.snap.jpg,0.29110613
2022-06-30 04:30:00,/Volumes/Argus/unk/snap/c1/1656563400.c1.snap.jpg,0.35061032
2022-06-30 16:30:00,/Volumes/Argus/unk/snap/c1/1656606600.c1.snap.jpg,0.31283072
2022-06-30 17:00:00,/Volumes/Argus/unk/snap/c1/1656608400.c1.snap.jpg,0.31792194
2022-06-30 17:30:00,/Volumes/Argus/unk/snap/c1/1656610200.c1.snap.jpg,0.33035082
2022-06-30 18:00:00,/Volumes/Argus/unk/snap/c1/1656612000.c1.snap.jpg,0.35618678
2022-06-30 18:30:00,/Volumes/Argus/unk/snap/c1/1656613800.c1.snap.jpg,0.302261
2022-06-30 19:00:00,/Volumes/Argus/unk/snap/c1/1656615600.c1.snap.jpg,0.28967756
2022-06-30 19:30:00,/Volumes/Argus/unk/snap/c1/1656617400.c1.snap.jpg,0.4447472
2022-06-30 20:00:00,/Volumes/Argus/unk/snap/c1/1656619200.c1.snap.jpg,0.39719325
2022-06-30 20:30:00,/Volumes/Argus/unk/snap/c1/1656621000.c1.snap.jpg,0.4164676
2022-06-30 21:00:00,/Volumes/Argus/unk/snap/c1/1656622800.c1.snap.jpg,0.26703668
2022-06-30 21:30:00,/Volumes/Argus/unk/snap/c1/1656624600.c1.snap.jpg,0.36956087
2022-06-30 22:00:00,/Volumes/Argus/unk/snap/c1/1656626400.c1.snap.jpg,0.25805438
2022-06-30 22:30:00,/Volumes/Argus/unk/snap/c1/1656628200.c1.snap.jpg,0.36633068
2022-06-30 23:00:00,/Volumes/Argus/unk/snap/c1/1656630000.c1.snap.jpg,0.3427231
2022-06-30 23:30:00,/Volumes/Argus/unk/snap/c1/1656631800.c1.snap.jpg,0.28672457
2022-07-01 00:30:00,/Volumes/Argus/unk/snap/c1/1656635400.c1.snap.jpg,0.40905005
2022-07-01 01:00:00,/Volumes/Argus/unk/snap/c1/1656637200.c1.snap.jpg,0.4091971
2022-07-01 01:30:00,/Volumes/Argus/unk/snap/c1/1656639000.c1.snap.jpg,0.430948
2022-07-01 02:00:00,/Volumes/Argus/unk/snap/c1/1656640800.c1.snap.jpg,0.39732674
2022-07-01 02:30:00,/Volumes/Argus/unk/snap/c1/1656642600.c1.snap.jpg,0.57931334
2022-07-01 03:30:00,/Volumes/Argus/unk/snap/c1/1656646200.c1.snap.jpg,0.28265697
2022-07-01 04:30:00,/Volumes/Argus/unk/snap/c1/1656649800.c1.snap.jpg,0.2368449
2022-07-01 16:30:00,/Volumes/Argus/unk/snap/c1/1656693000.c1.snap.jpg,0.18653704
2022-07-01 17:00:00,/Volumes/Argus/unk/snap/c1/1656694800.c1.snap.jpg,0.22563817
2022-07-01 17:30:00,/Volumes/Argus/unk/snap/c1/1656696600.c1.snap.jpg,0.21599336
2022-07-01 18:00:00,/Volumes/Argus/unk/snap/c1/1656698400.c1.snap.jpg,0.22719114
2022-07-01 19:00:00,/Volumes/Argus/unk/snap/c1/1656702000.c1.snap.jpg,0.24859121
2022-07-01 19:30:00,/Volumes/Argus/unk/snap/c1/1656703800.c1.snap.jpg,0.3903064
2022-07-01 20:30:00,/Volumes/Argus/unk/snap/c1/1656707400.c1.snap.jpg,0.27350724
2022-07-01 21:00:00,/Volumes/Argus/unk/snap/c1/1656709200.c1.snap.jpg,0.31411543
2022-07-01 21:30:00,/Volumes/Argus/unk/snap/c1/1656711000.c1.snap.jpg,0.39487192
2022-07-01 22:00:00,/Volumes/Argus/unk/snap/c1/1656712800.c1.snap.jpg,0.33442146
2022-07-01 22:30:00,/Volumes/Argus/unk/snap/c1/1656714600.c1.snap.jpg,0.34295
2022-07-01 23:00:00,/Volumes/Argus/unk/snap/c1/1656716400.c1.snap.jpg,0.29325783
2022-07-01 23:30:00,/Volumes/Argus/unk/snap/c1/1656718200.c1.snap.jpg,0.39121127
2022-07-02 00:00:00,/Volumes/Argus/unk/snap/c1/1656720000.c1.snap.jpg,0.32331508
2022-07-02 00:30:00,/Volumes/Argus/unk/snap/c1/1656721800.c1.snap.jpg,0.51115847
2022-07-02 01:00:00,/Volumes/Argus/unk/snap/c1/1656723600.c1.snap.jpg,0.34489322
2022-07-02 01:30:00,/Volumes/Argus/unk/snap/c1/1656725400.c1.snap.jpg,0.31957507
2022-07-02 02:00:00,/Volumes/Argus/unk/snap/c1/1656727200.c1.snap.jpg,0.3499188
2022-07-02 03:00:00,/Volumes/Argus/unk/snap/c1/1656730800.c1.snap.jpg,0.3485348
2022-07-02 03:30:00,/Volumes/Argus/unk/snap/c1/1656732600.c1.snap.jpg,0.36131346
2022-07-02 04:30:00,/Volumes/Argus/unk/snap/c1/1656736200.c1.snap.jpg,0.35524178
2022-07-02 16:30:00,/Volumes/Argus/unk/snap/c1/1656779400.c1.snap.jpg,0.24848236
2022-07-02 17:00:00,/Volumes/Argus/unk/snap/c1/1656781200.c1.snap.jpg,0.3220914
2022-07-02 17:30:00,/Volumes/Argus/unk/snap/c1/1656783000.c1.snap.jpg,0.28117353
2022-07-02 18:00:00,/Volumes/Argus/unk/snap/c1/1656784800.c1.snap.jpg,0.28690016
2022-07-02 18:30:00,/Volumes/Argus/unk/snap/c1/1656786600.c1.snap.jpg,0.28391063
2022-07-02 19:00:00,/Volumes/Argus/unk/snap/c1/1656788400.c1.snap.jpg,0.30977327
2022-07-02 19:30:00,/Volumes/Argus/unk/snap/c1/1656790200.c1.snap.jpg,0.31053925
2022-07-02 20:00:00,/Volumes/Argus/unk/snap/c1/1656792000.c1.snap.jpg,0.26281863
2022-07-02 20:30:00,/Volumes/Argus/unk/snap/c1/1656793800.c1.snap.jpg,0.2662191
2022-07-02 21:00:00,/Volumes/Argus/unk/snap/c1/1656795600.c1.snap.jpg,0.27171338
2022-07-02 21:30:00,/Volumes/Argus/unk/snap/c1/1656797400.c1.snap.jpg,0.25963455
2022-07-02 22:00:00,/Volumes/Argus/unk/snap/c1/1656799200.c1.snap.jpg,0.2738245
2022-07-02 22:30:00,/Volumes/Argus/unk/snap/c1/1656801000.c1.snap.jpg,0.31616074
2022-07-02 23:00:00,/Volumes/Argus/unk/snap/c1/1656802800.c1.snap.jpg,0.29794356
2022-07-02 23:30:00,/Volumes/Argus/unk/snap/c1/1656804600.c1.snap.jpg,0.29519093
2022-07-03 00:00:00,/Volumes/Argus/unk/snap/c1/1656806400.c1.snap.jpg,0.2957425
2022-07-03 00:30:00,/Volumes/Argus/unk/snap/c1/1656808200.c1.snap.jpg,0.36072057
2022-07-03 01:00:00,/Volumes/Argus/unk/snap/c1/1656810000.c1.snap.jpg,0.31440413
2022-07-03 01:30:00,/Volumes/Argus/unk/snap/c1/1656811800.c1.snap.jpg,0.3668065
2022-07-03 02:00:00,/Volumes/Argus/unk/snap/c1/1656813600.c1.snap.jpg,0.37834802
2022-07-03 02:30:00,/Volumes/Argus/unk/snap/c1/1656815400.c1.snap.jpg,0.20129694
2022-07-03 04:00:00,/Volumes/Argus/unk/snap/c1/1656820800.c1.snap.jpg,0.29448223
2022-07-03 04:30:00,/Volumes/Argus/unk/snap/c1/1656822600.c1.snap.jpg,0.3456537
2022-07-03 16:30:00,/Volumes/Argus/unk/snap/c1/1656865800.c1.snap.jpg,0.26367605
2022-07-03 17:00:00,/Volumes/Argus/unk/snap/c1/1656867600.c1.snap.jpg,0.20914671
2022-07-03 17:30:00,/Volumes/Argus/unk/snap/c1/1656869400.c1.snap.jpg,0.2057444
2022-07-03 18:00:00,/Volumes/Argus/unk/snap/c1/1656871200.c1.snap.jpg,0.23199219
2022-07-03 19:00:00,/Volumes/Argus/unk/snap/c1/1656874800.c1.snap.jpg,0.19814101
2022-07-03 19:30:00,/Volumes/Argus/unk/snap/c1/1656876600.c1.snap.jpg,0.22016533
2022-07-03 20:00:00,/Volumes/Argus/unk/snap/c1/1656878400.c1.snap.jpg,0.19375145
2022-07-03 20:30:00,/Volumes/Argus/unk/snap/c1/1656880200.c1.snap.jpg,0.2636059
2022-07-03 21:00:00,/Volumes/Argus/unk/snap/c1/1656882000.c1.snap.jpg,0.23015402
2022-07-03 21:30:00,/Volumes/Argus/unk/snap/c1/1656883800.c1.snap.jpg,0.3065173
2022-07-03 22:00:00,/Volumes/Argus/unk/snap/c1/1656885600.c1.snap.jpg,0.28147715
2022-07-03 22:30:00,/Volumes/Argus/unk/snap/c1/1656887400.c1.snap.jpg,0.285437
2022-07-03 23:00:00,/Volumes/Argus/unk/snap/c1/1656889200.c1.snap.jpg,0.32268652
2022-07-03 23:30:00,/Volumes/Argus/unk/snap/c1/1656891000.c1.snap.jpg,0.533857
2022-07-04 00:00:00,/Volumes/Argus/unk/snap/c1/1656892800.c1.snap.jpg,0.38375598
2022-07-04 00:30:00,/Volumes/Argus/unk/snap/c1/1656894600.c1.snap.jpg,0.39288482
2022-07-04 01:00:00,/Volumes/Argus/unk/snap/c1/1656896400.c1.snap.jpg,0.36977845
2022-07-04 01:30:00,/Volumes/Argus/unk/snap/c1/1656898200.c1.snap.jpg,0.3646438
2022-07-04 02:00:00,/Volumes/Argus/unk/snap/c1/1656900000.c1.snap.jpg,0.23928246
2022-07-04 02:30:00,/Volumes/Argus/unk/snap/c1/1656901800.c1.snap.jpg,0.28938895
2022-07-04 03:00:00,/Volumes/Argus/unk/snap/c1/1656903600.c1.snap.jpg,0.47201288
2022-07-04 04:00:00,/Volumes/Argus/unk/snap/c1/1656907200.c1.snap.jpg,0.3008022
2022-07-04 04:30:00,/Volumes/Argus/unk/snap/c1/1656909000.c1.snap.jpg,0.33453864
2022-07-04 16:30:00,/Volumes/Argus/unk/snap/c1/1656952200.c1.snap.jpg,0.2308226
2022-07-04 17:30:00,/Volumes/Argus/unk/snap/c1/1656955800.c1.snap.jpg,0.26529396
2022-07-04 18:00:00,/Volumes/Argus/unk/snap/c1/1656957600.c1.snap.jpg,0.17804496
2022-07-04 18:30:00,/Volumes/Argus/unk/snap/c1/1656959400.c1.snap.jpg,0.28791493
2022-07-04 19:00:00,/Volumes/Argus/unk/snap/c1/1656961200.c1.snap.jpg,0.37546733
2022-07-04 19:30:00,/Volumes/Argus/unk/snap/c1/1656963000.c1.snap.jpg,0.44433728
2022-07-04 20:00:00,/Volumes/Argus/unk/snap/c1/1656964800.c1.snap.jpg,0.47134995
2022-07-04 20:30:00,/Volumes/Argus/unk/snap/c1/1656966600.c1.snap.jpg,0.62304455
2022-07-04 21:00:00,/Volumes/Argus/unk/snap/c1/1656968400.c1.snap.jpg,0.69091916
2022-07-04 21:30:00,/Volumes/Argus/unk/snap/c1/1656970200.c1.snap.jpg,0.66526836
2022-07-04 22:00:00,/Volumes/Argus/unk/snap/c1/1656972000.c1.snap.jpg,0.6479093
2022-07-04 22:30:00,/Volumes/Argus/unk/snap/c1/1656973800.c1.snap.jpg,0.6635587
2022-07-04 23:00:00,/Volumes/Argus/unk/snap/c1/1656975600.c1.snap.jpg,0.5588644
2022-07-04 23:30:00,/Volumes/Argus/unk/snap/c1/1656977400.c1.snap.jpg,0.62539285
2022-07-05 00:30:00,/Volumes/Argus/unk/snap/c1/1656981000.c1.snap.jpg,0.5643815
2022-07-05 01:00:00,/Volumes/Argus/unk/snap/c1/1656982800.c1.snap.jpg,0.61062247
2022-07-05 01:30:00,/Volumes/Argus/unk/snap/c1/1656984600.c1.snap.jpg,0.7041799
2022-07-05 02:30:00,/Volumes/Argus/unk/snap/c1/1656988200.c1.snap.jpg,0.68120086
2022-07-05 03:00:00,/Volumes/Argus/unk/snap/c1/1656990000.c1.snap.jpg,0.6965941
2022-07-05 04:30:00,/Volumes/Argus/unk/snap/c1/1656995400.c1.snap.jpg,0.4403291
2022-07-05 16:30:00,/Volumes/Argus/unk/snap/c1/1657038600.c1.snap.jpg,0.34721664
2022-07-05 17:00:00,/Volumes/Argus/unk/snap/c1/1657040400.c1.snap.jpg,0.32606882
2022-07-05 17:30:00,/Volumes/Argus/unk/snap/c1/1657042200.c1.snap.jpg,0.30338424
2022-07-05 18:30:00,/Volumes/Argus/unk/snap/c1/1657045800.c1.snap.jpg,0.33410338
2022-07-05 19:00:00,/Volumes/Argus/unk/snap/c1/1657047600.c1.snap.jpg,0.35953254
2022-07-05 19:30:00,/Volumes/Argus/unk/snap/c1/1657049400.c1.snap.jpg,0.3091665
2022-07-05 20:00:00,/Volumes/Argus/unk/snap/c1/1657051200.c1.snap.jpg,0.2922629
2022-07-05 20:30:00,/Volumes/Argus/unk/snap/c1/1657053000.c1.snap.jpg,0.29710293
2022-07-05 21:00:00,/Volumes/Argus/unk/snap/c1/1657054800.c1.snap.jpg,0.37323204
2022-07-05 21:30:00,/Volumes/Argus/unk/snap/c1/1657056600.c1.snap.jpg,0.36205715
2022-07-05 22:00:00,/Volumes/Argus/unk/snap/c1/1657058400.c1.snap.jpg,0.5299357
2022-07-05 22:30:00,/Volumes/Argus/unk/snap/c1/1657060200.c1.snap.jpg,0.355257
2022-07-05 23:00:00,/Volumes/Argus/unk/snap/c1/1657062000.c1.snap.jpg,0.39705977
2022-07-05 23:30:00,/Volumes/Argus/unk/snap/c1/1657063800.c1.snap.jpg,0.2777074
2022-07-06 00:00:00,/Volumes/Argus/unk/snap/c1/1657065600.c1.snap.jpg,0.41950226
2022-07-06 00:30:00,/Volumes/Argus/unk/snap/c1/1657067400.c1.snap.jpg,0.376709
2022-07-06 01:00:00,/Volumes/Argus/unk/snap/c1/1657069200.c1.snap.jpg,0.34367526
2022-07-06 01:30:00,/Volumes/Argus/unk/snap/c1/1657071000.c1.snap.jpg,0.29139307
2022-07-06 03:00:00,/Volumes/Argus/unk/snap/c1/1657076400.c1.snap.jpg,0.38859975
2022-07-06 04:00:00,/Volumes/Argus/unk/snap/c1/1657080000.c1.snap.jpg,0.293678
2022-07-06 04:30:00,/Volumes/Argus/unk/snap/c1/1657081800.c1.snap.jpg,0.240379
2022-07-06 16:30:00,/Volumes/Argus/unk/snap/c1/1657125000.c1.snap.jpg,0.24878648
2022-07-06 17:00:00,/Volumes/Argus/unk/snap/c1/1657126800.c1.snap.jpg,0.2808716
2022-07-06 17:30:00,/Volumes/Argus/unk/snap/c1/1657128600.c1.snap.jpg,0.25483587
2022-07-06 18:00:00,/Volumes/Argus/unk/snap/c1/1657130400.c1.snap.jpg,0.33418187
2022-07-06 18:30:00,/Volumes/Argus/unk/snap/c1/1657132200.c1.snap.jpg,0.39489233
2022-07-06 19:00:00,/Volumes/Argus/unk/snap/c1/1657134000.c1.snap.jpg,0.43177536
2022-07-06 19:30:00,/Volumes/Argus/unk/snap/c1/1657135800.c1.snap.jpg,0.28086194
2022-07-06 20:00:00,/Volumes/Argus/unk/snap/c1/1657137600.c1.snap.jpg,0.36270192
2022-07-06 20:30:00,/Volumes/Argus/unk/snap/c1/1657139400.c1.snap.jpg,0.32776326
2022-07-06 21:00:00,/Volumes/Argus/unk/snap/c1/1657141200.c1.snap.jpg,0.33999938
2022-07-06 21:30:00,/Volumes/Argus/unk/snap/c1/1657143000.c1.snap.jpg,0.19664101
2022-07-06 22:00:00,/Volumes/Argus/unk/snap/c1/1657144800.c1.snap.jpg,0.2349251
2022-07-06 22:30:00,/Volumes/Argus/unk/snap/c1/1657146600.c1.snap.jpg,0.23525259
2022-07-06 23:00:00,/Volumes/Argus/unk/snap/c1/1657148400.c1.snap.jpg,0.21777086
2022-07-07 00:00:00,/Volumes/Argus/unk/snap/c1/1657152000.c1.snap.jpg,0.7076839
2022-07-07 00:30:00,/Volumes/Argus/unk/snap/c1/1657153800.c1.snap.jpg,0.609079
2022-07-07 01:00:00,/Volumes/Argus/unk/snap/c1/1657155600.c1.snap.jpg,0.4725155
2022-07-07 01:30:00,/Volumes/Argus/unk/snap/c1/1657157400.c1.snap.jpg,0.2212301
2022-07-07 02:00:00,/Volumes/Argus/unk/snap/c1/1657159200.c1.snap.jpg,0.20113899
2022-07-07 03:30:00,/Volumes/Argus/unk/snap/c1/1657164600.c1.snap.jpg,0.3092941
2022-07-07 04:30:00,/Volumes/Argus/unk/snap/c1/1657168200.c1.snap.jpg,0.31182534
2022-07-07 16:30:00,/Volumes/Argus/unk/snap/c1/1657211400.c1.snap.jpg,0.24437341
2022-07-07 17:00:00,/Volumes/Argus/unk/snap/c1/1657213200.c1.snap.jpg,0.20207366
2022-07-07 17:30:00,/Volumes/Argus/unk/snap/c1/1657215000.c1.snap.jpg,0.2114756
2022-07-07 18:00:00,/Volumes/Argus/unk/snap/c1/1657216800.c1.snap.jpg,0.25525713
2022-07-07 18:30:00,/Volumes/Argus/unk/snap/c1/1657218600.c1.snap.jpg,0.43859363
2022-07-07 19:00:00,/Volumes/Argus/unk/snap/c1/1657220400.c1.snap.jpg,0.34516728
2022-07-07 19:30:00,/Volumes/Argus/unk/snap/c1/1657222200.c1.snap.jpg,0.37234086
2022-07-07 20:00:00,/Volumes/Argus/unk/snap/c1/1657224000.c1.snap.jpg,0.32410333
2022-07-07 20:30:00,/Volumes/Argus/unk/snap/c1/1657225800.c1.snap.jpg,0.27570313
2022-07-07 21:00:00,/Volumes/Argus/unk/snap/c1/1657227600.c1.snap.jpg,0.28737283
2022-07-07 21:30:00,/Volumes/Argus/unk/snap/c1/1657229400.c1.snap.jpg,0.27248025
2022-07-07 22:00:00,/Volumes/Argus/unk/snap/c1/1657231200.c1.snap.jpg,0.2724931
2022-07-07 22:30:00,/Volumes/Argus/unk/snap/c1/1657233000.c1.snap.jpg,0.26439267
2022-07-07 23:00:00,/Volumes/Argus/unk/snap/c1/1657234800.c1.snap.jpg,0.54043204
2022-07-07 23:30:00,/Volumes/Argus/unk/snap/c1/1657236600.c1.snap.jpg,0.47928423
2022-07-08 00:00:00,/Volumes/Argus/unk/snap/c1/1657238400.c1.snap.jpg,0.26906323
2022-07-08 00:30:00,/Volumes/Argus/unk/snap/c1/1657240200.c1.snap.jpg,0.40854967
2022-07-08 01:00:00,/Volumes/Argus/unk/snap/c1/1657242000.c1.snap.jpg,0.42727292
2022-07-08 01:30:00,/Volumes/Argus/unk/snap/c1/1657243800.c1.snap.jpg,0.2535684
2022-07-08 02:00:00,/Volumes/Argus/unk/snap/c1/1657245600.c1.snap.jpg,0.51809657
2022-07-08 03:30:00,/Volumes/Argus/unk/snap/c1/1657251000.c1.snap.jpg,0.323811
2022-07-08 04:30:00,/Volumes/Argus/unk/snap/c1/1657254600.c1.snap.jpg,0.31572694
2022-07-08 16:30:00,/Volumes/Argus/unk/snap/c1/1657297800.c1.snap.jpg,0.36347678
2022-07-08 17:00:00,/Volumes/Argus/unk/snap/c1/1657299600.c1.snap.jpg,0.3340081
2022-07-08 17:30:00,/Volumes/Argus/unk/snap/c1/1657301400.c1.snap.jpg,0.508968
2022-07-08 18:00:00,/Volumes/Argus/unk/snap/c1/1657303200.c1.snap.jpg,0.32044023
2022-07-08 18:30:00,/Volumes/Argus/unk/snap/c1/1657305000.c1.snap.jpg,0.3344109
2022-07-08 19:00:00,/Volumes/Argus/unk/snap/c1/1657306800.c1.snap.jpg,0.31211737
2022-07-08 19:30:00,/Volumes/Argus/unk/snap/c1/1657308600.c1.snap.jpg,0.4314707
2022-07-08 20:00:00,/Volumes/Argus/unk/snap/c1/1657310400.c1.snap.jpg,0.3316946
2022-07-08 20:30:00,/Volumes/Argus/unk/snap/c1/1657312200.c1.snap.jpg,0.46642172
2022-07-08 21:00:00,/Volumes/Argus/unk/snap/c1/1657314000.c1.snap.jpg,0.4208392
2022-07-08 21:30:00,/Volumes/Argus/unk/snap/c1/1657315800.c1.snap.jpg,0.40338987
2022-07-08 22:00:00,/Volumes/Argus/unk/snap/c1/1657317600.c1.snap.jpg,0.38661584
2022-07-08 22:30:00,/Volumes/Argus/unk/snap/c1/1657319400.c1.snap.jpg,0.35773695
2022-07-08 23:00:00,/Volumes/Argus/unk/snap/c1/1657321200.c1.snap.jpg,0.30608702
2022-07-08 23:30:00,/Volumes/Argus/unk/snap/c1/1657323000.c1.snap.jpg,0.29079744
2022-07-09 00:00:00,/Volumes/Argus/unk/snap/c1/1657324800.c1.snap.jpg,0.32978937
2022-07-09 00:30:00,/Volumes/Argus/unk/snap/c1/1657326600.c1.snap.jpg,0.32556236
2022-07-09 01:00:00,/Volumes/Argus/unk/snap/c1/1657328400.c1.snap.jpg,0.37146
2022-07-09 01:30:00,/Volumes/Argus/unk/snap/c1/1657330200.c1.snap.jpg,0.27829224
2022-07-09 02:00:00,/Volumes/Argus/unk/snap/c1/1657332000.c1.snap.jpg,0.3137072
2022-07-09 03:00:00,/Volumes/Argus/unk/snap/c1/1657335600.c1.snap.jpg,0.3740104
2022-07-09 04:00:00,/Volumes/Argus/unk/snap/c1/1657339200.c1.snap.jpg,0.34444612
2022-07-09 04:30:00,/Volumes/Argus/unk/snap/c1/1657341000.c1.snap.jpg,0.32339102
2022-07-09 16:30:00,/Volumes/Argus/unk/snap/c1/1657384200.c1.snap.jpg,0.37570703
2022-07-09 17:00:00,/Volumes/Argus/unk/snap/c1/1657386000.c1.snap.jpg,0.49074838
2022-07-09 17:30:00,/Volumes/Argus/unk/snap/c1/1657387800.c1.snap.jpg,0.4574553
2022-07-09 18:00:00,/Volumes/Argus/unk/snap/c1/1657389600.c1.snap.jpg,0.492549
2022-07-09 18:30:00,/Volumes/Argus/unk/snap/c1/1657391400.c1.snap.jpg,0.31714952
2022-07-09 19:00:00,/Volumes/Argus/unk/snap/c1/1657393200.c1.snap.jpg,0.56921
2022-07-09 19:30:00,/Volumes/Argus/unk/snap/c1/1657395000.c1.snap.jpg,0.48292238
2022-07-09 20:00:00,/Volumes/Argus/unk/snap/c1/1657396800.c1.snap.jpg,0.42718852
2022-07-09 20:30:00,/Volumes/Argus/unk/snap/c1/1657398600.c1.snap.jpg,0.45916256
2022-07-09 21:00:00,/Volumes/Argus/unk/snap/c1/1657400400.c1.snap.jpg,0.45386195
2022-07-09 21:30:00,/Volumes/Argus/unk/snap/c1/1657402200.c1.snap.jpg,0.5205054
2022-07-09 22:00:00,/Volumes/Argus/unk/snap/c1/1657404000.c1.snap.jpg,0.43963107
2022-07-09 22:30:00,/Volumes/Argus/unk/snap/c1/1657405800.c1.snap.jpg,0.50960046
2022-07-09 23:00:00,/Volumes/Argus/unk/snap/c1/1657407600.c1.snap.jpg,0.3822688
2022-07-09 23:30:00,/Volumes/Argus/unk/snap/c1/1657409400.c1.snap.jpg,0.39054698
2022-07-10 00:00:00,/Volumes/Argus/unk/snap/c1/1657411200.c1.snap.jpg,0.39329314
2022-07-10 00:30:00,/Volumes/Argus/unk/snap/c1/1657413000.c1.snap.jpg,0.2968791
2022-07-10 01:00:00,/Volumes/Argus/unk/snap/c1/1657414800.c1.snap.jpg,0.29853135
2022-07-10 01:30:00,/Volumes/Argus/unk/snap/c1/1657416600.c1.snap.jpg,0.343697
2022-07-10 02:00:00,/Volumes/Argus/unk/snap/c1/1657418400.c1.snap.jpg,0.3042498
2022-07-10 03:00:00,/Volumes/Argus/unk/snap/c1/1657422000.c1.snap.jpg,0.3631726
2022-07-10 04:00:00,/Volumes/Argus/unk/snap/c1/1657425600.c1.snap.jpg,0.4394436
2022-07-10 04:30:00,/Volumes/Argus/unk/snap/c1/1657427400.c1.snap.jpg,0.49365938
2022-07-10 16:30:00,/Volumes/Argus/unk/snap/c1/1657470600.c1.snap.jpg,0.8581413
2022-07-10 17:00:00,/Volumes/Argus/unk/snap/c1/1657472400.c1.snap.jpg,0.6521723
2022-07-10 17:30:00,/Volumes/Argus/unk/snap/c1/1657474200.c1.snap.jpg,0.76835227
2022-07-10 18:00:00,/Volumes/Argus/unk/snap/c1/1657476000.c1.snap.jpg,0.6195312
2022-07-10 18:30:00,/Volumes/Argus/unk/snap/c1/1657477800.c1.snap.jpg,0.52879936
2022-07-10 19:00:00,/Volumes/Argus/unk/snap/c1/1657479600.c1.snap.jpg,0.42516991
2022-07-10 19:30:00,/Volumes/Argus/unk/snap/c1/1657481400.c1.snap.jpg,0.76898396
2022-07-10 20:00:00,/Volumes/Argus/unk/snap/c1/1657483200.c1.snap.jpg,0.5941784
2022-07-10 20:30:00,/Volumes/Argus/unk/snap/c1/1657485000.c1.snap.jpg,0.75746274
2022-07-10 21:00:00,/Volumes/Argus/unk/snap/c1/1657486800.c1.snap.jpg,0.5942683
2022-07-10 21:30:00,/Volumes/Argus/unk/snap/c1/1657488600.c1.snap.jpg,0.6401591
2022-07-10 22:00:00,/Volumes/Argus/unk/snap/c1/1657490400.c1.snap.jpg,0.7219763
2022-07-10 22:30:00,/Volumes/Argus/unk/snap/c1/1657492200.c1.snap.jpg,0.49128145
2022-07-10 23:00:00,/Volumes/Argus/unk/snap/c1/1657494000.c1.snap.jpg,0.47700807
2022-07-10 23:30:00,/Volumes/Argus/unk/snap/c1/1657495800.c1.snap.jpg,0.32082036
2022-07-11 00:30:00,/Volumes/Argus/unk/snap/c1/1657499400.c1.snap.jpg,0.3920834
2022-07-11 01:00:00,/Volumes/Argus/unk/snap/c1/1657501200.c1.snap.jpg,0.35315883
2022-07-11 01:30:00,/Volumes/Argus/unk/snap/c1/1657503000.c1.snap.jpg,0.34281933
2022-07-11 02:00:00,/Volumes/Argus/unk/snap/c1/1657504800.c1.snap.jpg,0.40151542
2022-07-11 02:30:00,/Volumes/Argus/unk/snap/c1/1657506600.c1.snap.jpg,0.36518532
2022-07-11 04:00:00,/Volumes/Argus/unk/snap/c1/1657512000.c1.snap.jpg,0.3857653
2022-07-11 04:30:00,/Volumes/Argus/unk/snap/c1/1657513800.c1.snap.jpg,0.53912455
2022-07-11 16:30:00,/Volumes/Argus/unk/snap/c1/1657557000.c1.snap.jpg,0.44627103
2022-07-11 17:00:00,/Volumes/Argus/unk/snap/c1/1657558800.c1.snap.jpg,0.37203556
2022-07-11 17:30:00,/Volumes/Argus/unk/snap/c1/1657560600.c1.snap.jpg,0.4408638
2022-07-11 18:00:00,/Volumes/Argus/unk/snap/c1/1657562400.c1.snap.jpg,0.4691354
2022-07-11 18:30:00,/Volumes/Argus/unk/snap/c1/1657564200.c1.snap.jpg,0.39662576
2022-07-11 19:00:00,/Volumes/Argus/unk/snap/c1/1657566000.c1.snap.jpg,0.38741034
2022-07-11 19:30:00,/Volumes/Argus/unk/snap/c1/1657567800.c1.snap.jpg,0.34191993
2022-07-11 20:00:00,/Volumes/Argus/unk/snap/c1/1657569600.c1.snap.jpg,0.2627914
2022-07-11 20:30:00,/Volumes/Argus/unk/snap/c1/1657571400.c1.snap.jpg,0.36210403
2022-07-11 21:00:00,/Volumes/Argus/unk/snap/c1/1657573200.c1.snap.jpg,0.2780385
2022-07-11 21:30:00,/Volumes/Argus/unk/snap/c1/1657575000.c1.snap.jpg,0.2597291
2022-07-11 22:00:00,/Volumes/Argus/unk/snap/c1/1657576800.c1.snap.jpg,0.30926275
2022-07-11 22:30:00,/Volumes/Argus/unk/snap/c1/1657578600.c1.snap.jpg,0.36504164
2022-07-11 23:00:00,/Volumes/Argus/unk/snap/c1/1657580400.c1.snap.jpg,0.33479846
2022-07-11 23:30:00,/Volumes/Argus/unk/snap/c1/1657582200.c1.snap.jpg,0.40371203
2022-07-12 00:00:00,/Volumes/Argus/unk/snap/c1/1657584000.c1.snap.jpg,0.33591145
2022-07-12 00:30:00,/Volumes/Argus/unk/snap/c1/1657585800.c1.snap.jpg,0.39062905
2022-07-12 01:00:00,/Volumes/Argus/unk/snap/c1/1657587600.c1.snap.jpg,0.4785828
2022-07-12 01:30:00,/Volumes/Argus/unk/snap/c1/1657589400.c1.snap.jpg,0.49050117
2022-07-12 02:00:00,/Volumes/Argus/unk/snap/c1/1657591200.c1.snap.jpg,0.3506056
2022-07-12 02:30:00,/Volumes/Argus/unk/snap/c1/1657593000.c1.snap.jpg,0.28015614
2022-07-12 03:00:00,/Volumes/Argus/unk/snap/c1/1657594800.c1.snap.jpg,0.33195966
2022-07-12 04:00:00,/Volumes/Argus/unk/snap/c1/1657598400.c1.snap.jpg,0.26811057
2022-07-12 04:30:00,/Volumes/Argus/unk/snap/c1/1657600200.c1.snap.jpg,0.3678302
2022-07-12 16:30:00,/Volumes/Argus/unk/snap/c1/1657643400.c1.snap.jpg,0.37540364
2022-07-12 17:00:00,/Volumes/Argus/unk/snap/c1/1657645200.c1.snap.jpg,0.6942963
2022-07-12 18:00:00,/Volumes/Argus/unk/snap/c1/1657648800.c1.snap.jpg,0.35477453
2022-07-12 18:30:00,/Volumes/Argus/unk/snap/c1/1657650600.c1.snap.jpg,0.34200814
2022-07-12 19:00:00,/Volumes/Argus/unk/snap/c1/1657652400.c1.snap.jpg,0.41251
2022-07-12 19:30:00,/Volumes/Argus/unk/snap/c1/1657654200.c1.snap.jpg,0.3112071
2022-07-12 20:00:00,/Volumes/Argus/unk/snap/c1/1657656000.c1.snap.jpg,0.4348754
2022-07-12 20:30:00,/Volumes/Argus/unk/snap/c1/1657657800.c1.snap.jpg,0.38813135
2022-07-12 21:00:00,/Volumes/Argus/unk/snap/c1/1657659600.c1.snap.jpg,0.4198575
2022-07-12 21:30:00,/Volumes/Argus/unk/snap/c1/1657661400.c1.snap.jpg,0.4460404
2022-07-12 22:00:00,/Volumes/Argus/unk/snap/c1/1657663200.c1.snap.jpg,0.3669404
2022-07-12 22:30:00,/Volumes/Argus/unk/snap/c1/1657665000.c1.snap.jpg,0.41567117
2022-07-12 23:00:00,/Volumes/Argus/unk/snap/c1/1657666800.c1.snap.jpg,0.41069296
2022-07-12 23:30:00,/Volumes/Argus/unk/snap/c1/1657668600.c1.snap.jpg,0.36871228
2022-07-13 00:00:00,/Volumes/Argus/unk/snap/c1/1657670400.c1.snap.jpg,0.29650968
2022-07-13 00:30:00,/Volumes/Argus/unk/snap/c1/1657672200.c1.snap.jpg,0.39543664
2022-07-13 01:00:00,/Volumes/Argus/unk/snap/c1/1657674000.c1.snap.jpg,0.60220885
2022-07-13 01:30:00,/Volumes/Argus/unk/snap/c1/1657675800.c1.snap.jpg,0.46633226
2022-07-13 02:00:00,/Volumes/Argus/unk/snap/c1/1657677600.c1.snap.jpg,0.34794798
2022-07-13 02:30:00,/Volumes/Argus/unk/snap/c1/1657679400.c1.snap.jpg,0.36823726
2022-07-13 03:00:00,/Volumes/Argus/unk/snap/c1/1657681200.c1.snap.jpg,0.37705085
2022-07-13 03:30:00,/Volumes/Argus/unk/snap/c1/1657683000.c1.snap.jpg,0.33877984
2022-07-13 04:00:00,/Volumes/Argus/unk/snap/c1/1657684800.c1.snap.jpg,0.3608936
2022-07-13 04:30:00,/Volumes/Argus/unk/snap/c1/1657686600.c1.snap.jpg,0.5376998
2022-07-13 16:30:00,/Volumes/Argus/unk/snap/c1/1657729800.c1.snap.jpg,0.8012793
2022-07-13 17:00:00,/Volumes/Argus/unk/snap/c1/1657731600.c1.snap.jpg,0.8462881
2022-07-13 17:30:00,/Volumes/Argus/unk/snap/c1/1657733400.c1.snap.jpg,0.67986023
2022-07-13 18:00:00,/Volumes/Argus/unk/snap/c1/1657735200.c1.snap.jpg,0.71883947
2022-07-13 18:30:00,/Volumes/Argus/unk/snap/c1/1657737000.c1.snap.jpg,0.8015169
2022-07-13 19:00:00,/Volumes/Argus/unk/snap/c1/1657738800.c1.snap.jpg,0.7902293
2022-07-13 19:30:00,/Volumes/Argus/unk/snap/c1/1657740600.c1.snap.jpg,0.7757344
2022-07-13 20:00:00,/Volumes/Argus/unk/snap/c1/1657742400.c1.snap.jpg,0.82681394
2022-07-13 20:30:00,/Volumes/Argus/unk/snap/c1/1657744200.c1.snap.jpg,0.8898092
2022-07-13 21:00:00,/Volumes/Argus/unk/snap/c1/1657746000.c1.snap.jpg,0.7428203
2022-07-13 21:30:00,/Volumes/Argus/unk/snap/c1/1657747800.c1.snap.jpg,0.7545747
2022-07-13 22:00:00,/Volumes/Argus/unk/snap/c1/1657749600.c1.snap.jpg,0.6956819
2022-07-13 22:30:00,/Volumes/Argus/unk/snap/c1/1657751400.c1.snap.jpg,0.5461404
2022-07-13 23:00:00,/Volumes/Argus/unk/snap/c1/1657753200.c1.snap.jpg,0.58608675
2022-07-13 23:30:00,/Volumes/Argus/unk/snap/c1/1657755000.c1.snap.jpg,0.5911374
2022-07-14 00:00:00,/Volumes/Argus/unk/snap/c1/1657756800.c1.snap.jpg,0.6259291
2022-07-14 00:30:00,/Volumes/Argus/unk/snap/c1/1657758600.c1.snap.jpg,0.59939027
2022-07-14 01:00:00,/Volumes/Argus/unk/snap/c1/1657760400.c1.snap.jpg,0.68069744
2022-07-14 01:30:00,/Volumes/Argus/unk/snap/c1/1657762200.c1.snap.jpg,0.71554524
2022-07-14 02:00:00,/Volumes/Argus/unk/snap/c1/1657764000.c1.snap.jpg,0.6778795
2022-07-14 03:00:00,/Volumes/Argus/unk/snap/c1/1657767600.c1.snap.jpg,0.46583697
2022-07-14 03:30:00,/Volumes/Argus/unk/snap/c1/1657769400.c1.snap.jpg,0.43533793
2022-07-14 04:00:00,/Volumes/Argus/unk/snap/c1/1657771200.c1.snap.jpg,0.39230907
2022-07-14 04:30:00,/Volumes/Argus/unk/snap/c1/1657773000.c1.snap.jpg,0.47678328
2022-07-14 16:30:00,/Volumes/Argus/unk/snap/c1/1657816200.c1.snap.jpg,0.42079765
2022-07-14 17:00:00,/Volumes/Argus/unk/snap/c1/1657818000.c1.snap.jpg,0.5965868
2022-07-14 17:30:00,/Volumes/Argus/unk/snap/c1/1657819800.c1.snap.jpg,0.3362733
2022-07-14 18:00:00,/Volumes/Argus/unk/snap/c1/1657821600.c1.snap.jpg,0.5353393
2022-07-14 18:30:00,/Volumes/Argus/unk/snap/c1/1657823400.c1.snap.jpg,0.7326608
2022-07-14 19:30:00,/Volumes/Argus/unk/snap/c1/1657827000.c1.snap.jpg,0.7435445
2022-07-14 20:00:00,/Volumes/Argus/unk/snap/c1/1657828800.c1.snap.jpg,0.46259126
2022-07-14 20:30:00,/Volumes/Argus/unk/snap/c1/1657830600.c1.snap.jpg,0.5440881
2022-07-14 21:00:00,/Volumes/Argus/unk/snap/c1/1657832400.c1.snap.jpg,0.5335213
2022-07-14 21:30:00,/Volumes/Argus/unk/snap/c1/1657834200.c1.snap.jpg,0.4242169
2022-07-14 22:00:00,/Volumes/Argus/unk/snap/c1/1657836000.c1.snap.jpg,0.47414902
2022-07-14 22:30:00,/Volumes/Argus/unk/snap/c1/1657837800.c1.snap.jpg,0.41483793
2022-07-14 23:00:00,/Volumes/Argus/unk/snap/c1/1657839600.c1.snap.jpg,0.37068516
2022-07-14 23:30:00,/Volumes/Argus/unk/snap/c1/1657841400.c1.snap.jpg,0.43025678
2022-07-15 00:00:00,/Volumes/Argus/unk/snap/c1/1657843200.c1.snap.jpg,0.32728258
2022-07-15 00:30:00,/Volumes/Argus/unk/snap/c1/1657845000.c1.snap.jpg,0.322596
2022-07-15 01:00:00,/Volumes/Argus/unk/snap/c1/1657846800.c1.snap.jpg,0.33996236
2022-07-15 01:30:00,/Volumes/Argus/unk/snap/c1/1657848600.c1.snap.jpg,0.40136477
2022-07-15 02:00:00,/Volumes/Argus/unk/snap/c1/1657850400.c1.snap.jpg,0.48206308
2022-07-15 02:30:00,/Volumes/Argus/unk/snap/c1/1657852200.c1.snap.jpg,0.3772025
2022-07-15 03:30:00,/Volumes/Argus/unk/snap/c1/1657855800.c1.snap.jpg,0.43278265
2022-07-15 04:00:00,/Volumes/Argus/unk/snap/c1/1657857600.c1.snap.jpg,0.30131713
2022-07-15 04:30:00,/Volumes/Argus/unk/snap/c1/1657859400.c1.snap.jpg,0.3360204
2022-07-15 16:30:00,/Volumes/Argus/unk/snap/c1/1657902600.c1.snap.jpg,0.45595333
2022-07-15 17:00:00,/Volumes/Argus/unk/snap/c1/1657904400.c1.snap.jpg,0.6016543
2022-07-15 17:30:00,/Volumes/Argus/unk/snap/c1/1657906200.c1.snap.jpg,0.42364547
2022-07-15 18:00:00,/Volumes/Argus/unk/snap/c1/1657908000.c1.snap.jpg,0.32613176
2022-07-15 18:30:00,/Volumes/Argus/unk/snap/c1/1657909800.c1.snap.jpg,0.56127775
2022-07-15 19:00:00,/Volumes/Argus/unk/snap/c1/1657911600.c1.snap.jpg,0.58738315
2022-07-15 19:30:00,/Volumes/Argus/unk/snap/c1/1657913400.c1.snap.jpg,0.43711936
2022-07-15 20:00:00,/Volumes/Argus/unk/snap/c1/1657915200.c1.snap.jpg,0.4448219
2022-07-15 21:00:00,/Volumes/Argus/unk/snap/c1/1657918800.c1.snap.jpg,0.85635525
2022-07-15 21:30:00,/Volumes/Argus/unk/snap/c1/1657920600.c1.snap.jpg,0.9185607
2022-07-15 22:30:00,/Volumes/Argus/unk/snap/c1/1657924200.c1.snap.jpg,1.2114857
2022-07-15 23:00:00,/Volumes/Argus/unk/snap/c1/1657926000.c1.snap.jpg,0.95306647
2022-07-15 23:30:00,/Volumes/Argus/unk/snap/c1/1657927800.c1.snap.jpg,0.8331219
2022-07-16 03:00:00,/Volumes/Argus/unk/snap/c1/1657940400.c1.snap.jpg,0.56151503
2022-07-16 03:30:00,/Volumes/Argus/unk/snap/c1/1657942200.c1.snap.jpg,0.6368467
2022-07-16 04:00:00,/Volumes/Argus/unk/snap/c1/1657944000.c1.snap.jpg,0.38525972
2022-07-16 04:30:00,/Volumes/Argus/unk/snap/c1/1657945800.c1.snap.jpg,1.495175
2022-07-16 16:30:00,/Volumes/Argus/unk/snap/c1/1657989000.c1.snap.jpg,0.36783808
2022-07-16 17:00:00,/Volumes/Argus/unk/snap/c1/1657990800.c1.snap.jpg,0.6036891
2022-07-16 17:30:00,/Volumes/Argus/unk/snap/c1/1657992600.c1.snap.jpg,0.69509035
2022-07-16 18:00:00,/Volumes/Argus/unk/snap/c1/1657994400.c1.snap.jpg,0.349902
2022-07-16 18:30:00,/Volumes/Argus/unk/snap/c1/1657996200.c1.snap.jpg,0.6281955
2022-07-16 19:00:00,/Volumes/Argus/unk/snap/c1/1657998000.c1.snap.jpg,0.7217366
2022-07-16 19:30:00,/Volumes/Argus/unk/snap/c1/1657999800.c1.snap.jpg,0.8329848
2022-07-16 20:00:00,/Volumes/Argus/unk/snap/c1/1658001600.c1.snap.jpg,0.6710273
2022-07-16 20:30:00,/Volumes/Argus/unk/snap/c1/1658003400.c1.snap.jpg,0.5674806
2022-07-16 21:00:00,/Volumes/Argus/unk/snap/c1/1658005200.c1.snap.jpg,0.589355
2022-07-16 21:30:00,/Volumes/Argus/unk/snap/c1/1658007000.c1.snap.jpg,0.6663642
2022-07-16 22:00:00,/Volumes/Argus/unk/snap/c1/1658008800.c1.snap.jpg,0.5058305
2022-07-16 22:30:00,/Volumes/Argus/unk/snap/c1/1658010600.c1.snap.jpg,0.55467284
2022-07-16 23:00:00,/Volumes/Argus/unk/snap/c1/1658012400.c1.snap.jpg,0.5792135
2022-07-16 23:30:00,/Volumes/Argus/unk/snap/c1/1658014200.c1.snap.jpg,0.49733508
2022-07-17 00:00:00,/Volumes/Argus/unk/snap/c1/1658016000.c1.snap.jpg,0.5265796
2022-07-17 00:30:00,/Volumes/Argus/unk/snap/c1/1658017800.c1.snap.jpg,0.36565083
2022-07-17 01:30:00,/Volumes/Argus/unk/snap/c1/1658021400.c1.snap.jpg,0.4214169
2022-07-17 02:00:00,/Volumes/Argus/unk/snap/c1/1658023200.c1.snap.jpg,0.36145374
2022-07-17 02:30:00,/Volumes/Argus/unk/snap/c1/1658025000.c1.snap.jpg,0.30145878
2022-07-17 03:00:00,/Volumes/Argus/unk/snap/c1/1658026800.c1.snap.jpg,0.3936577
2022-07-17 03:30:00,/Volumes/Argus/unk/snap/c1/1658028600.c1.snap.jpg,0.30510086
2022-07-17 04:00:00,/Volumes/Argus/unk/snap/c1/1658030400.c1.snap.jpg,0.31481516
2022-07-17 04:30:00,/Volumes/Argus/unk/snap/c1/1658032200.c1.snap.jpg,0.4162467
2022-07-17 16:30:00,/Volumes/Argus/unk/snap/c1/1658075400.c1.snap.jpg,0.30193907
2022-07-17 17:00:00,/Volumes/Argus/unk/snap/c1/1658077200.c1.snap.jpg,0.5161803
2022-07-17 17:30:00,/Volumes/Argus/unk/snap/c1/1658079000.c1.snap.jpg,0.5252445
2022-07-17 18:00:00,/Volumes/Argus/unk/snap/c1/1658080800.c1.snap.jpg,0.6509167
2022-07-17 18:30:00,/Volumes/Argus/unk/snap/c1/1658082600.c1.snap.jpg,0.63940394
2022-07-17 19:00:00,/Volumes/Argus/unk/snap/c1/1658084400.c1.snap.jpg,0.36704504
2022-07-17 19:30:00,/Volumes/Argus/unk/snap/c1/1658086200.c1.snap.jpg,0.4757579
2022-07-17 20:00:00,/Volumes/Argus/unk/snap/c1/1658088000.c1.snap.jpg,0.43087256
2022-07-17 20:30:00,/Volumes/Argus/unk/snap/c1/1658089800.c1.snap.jpg,0.5268525
2022-07-17 21:00:00,/Volumes/Argus/unk/snap/c1/1658091600.c1.snap.jpg,0.6158978
2022-07-17 21:30:00,/Volumes/Argus/unk/snap/c1/1658093400.c1.snap.jpg,0.5866554
2022-07-17 22:00:00,/Volumes/Argus/unk/snap/c1/1658095200.c1.snap.jpg,0.47567147
2022-07-17 22:30:00,/Volumes/Argus/unk/snap/c1/1658097000.c1.snap.jpg,0.6022662
2022-07-17 23:00:00,/Volumes/Argus/unk/snap/c1/1658098800.c1.snap.jpg,0.5442821
2022-07-17 23:30:00,/Volumes/Argus/unk/snap/c1/1658100600.c1.snap.jpg,0.6171193
2022-07-18 00:30:00,/Volumes/Argus/unk/snap/c1/1658104200.c1.snap.jpg,0.64775634
2022-07-18 01:00:00,/Volumes/Argus/unk/snap/c1/1658106000.c1.snap.jpg,0.6206976
2022-07-18 01:30:00,/Volumes/Argus/unk/snap/c1/1658107800.c1.snap.jpg,0.6773616
2022-07-18 02:00:00,/Volumes/Argus/unk/snap/c1/1658109600.c1.snap.jpg,0.7155299
2022-07-18 02:30:00,/Volumes/Argus/unk/snap/c1/1658111400.c1.snap.jpg,0.9991139
2022-07-18 03:30:00,/Volumes/Argus/unk/snap/c1/1658115000.c1.snap.jpg,0.5690023
2022-07-18 04:00:00,/Volumes/Argus/unk/snap/c1/1658116800.c1.snap.jpg,0.3076946
2022-07-18 04:30:00,/Volumes/Argus/unk/snap/c1/1658118600.c1.snap.jpg,0.57089335
2022-07-18 17:00:00,/Volumes/Argus/unk/snap/c1/1658163600.c1.snap.jpg,1.1333935
2022-07-18 17:30:00,/Volumes/Argus/unk/snap/c1/1658165400.c1.snap.jpg,1.2206069
2022-07-18 18:00:00,/Volumes/Argus/unk/snap/c1/1658167200.c1.snap.jpg,0.81590897
2022-07-18 18:30:00,/Volumes/Argus/unk/snap/c1/1658169000.c1.snap.jpg,0.83002585
2022-07-18 19:00:00,/Volumes/Argus/unk/snap/c1/1658170800.c1.snap.jpg,0.8491442
2022-07-18 19:30:00,/Volumes/Argus/unk/snap/c1/1658172600.c1.snap.jpg,1.043268
2022-07-18 20:00:00,/Volumes/Argus/unk/snap/c1/1658174400.c1.snap.jpg,1.0201168
2022-07-18 20:30:00,/Volumes/Argus/unk/snap/c1/1658176200.c1.snap.jpg,1.0012745
2022-07-18 21:00:00,/Volumes/Argus/unk/snap/c1/1658178000.c1.snap.jpg,0.9512298
2022-07-18 21:30:00,/Volumes/Argus/unk/snap/c1/1658179800.c1.snap.jpg,0.7937644
2022-07-18 22:00:00,/Volumes/Argus/unk/snap/c1/1658181600.c1.snap.jpg,1.0528916
2022-07-18 22:30:00,/Volumes/Argus/unk/snap/c1/1658183400.c1.snap.jpg,0.895018
2022-07-18 23:00:00,/Volumes/Argus/unk/snap/c1/1658185200.c1.snap.jpg,1.0278457
2022-07-18 23:30:00,/Volumes/Argus/unk/snap/c1/1658187000.c1.snap.jpg,1.1152585
2022-07-19 00:00:00,/Volumes/Argus/unk/snap/c1/1658188800.c1.snap.jpg,1.1215564
2022-07-19 01:00:00,/Volumes/Argus/unk/snap/c1/1658192400.c1.snap.jpg,1.3519272
2022-07-19 01:30:00,/Volumes/Argus/unk/snap/c1/1658194200.c1.snap.jpg,1.1530879
2022-07-19 02:00:00,/Volumes/Argus/unk/snap/c1/1658196000.c1.snap.jpg,1.1525391
2022-07-19 03:00:00,/Volumes/Argus/unk/snap/c1/1658199600.c1.snap.jpg,0.8769824
2022-07-19 04:00:00,/Volumes/Argus/unk/snap/c1/1658203200.c1.snap.jpg,0.71329284
2022-07-19 04:30:00,/Volumes/Argus/unk/snap/c1/1658205000.c1.snap.jpg,1.0536963
2022-07-20 16:30:00,/Volumes/Argus/unk/snap/c1/1658334600.c1.snap.jpg,0.56693715
2022-07-20 17:00:00,/Volumes/Argus/unk/snap/c1/1658336400.c1.snap.jpg,0.46921325
2022-07-20 17:30:00,/Volumes/Argus/unk/snap/c1/1658338200.c1.snap.jpg,0.47621304
2022-07-20 18:00:00,/Volumes/Argus/unk/snap/c1/1658340000.c1.snap.jpg,0.58946073
2022-07-20 18:30:00,/Volumes/Argus/unk/snap/c1/1658341800.c1.snap.jpg,0.45938522
2022-07-20 19:30:00,/Volumes/Argus/unk/snap/c1/1658345400.c1.snap.jpg,0.24426171
2022-07-20 20:00:00,/Volumes/Argus/unk/snap/c1/1658347200.c1.snap.jpg,0.5422762
2022-07-20 20:30:00,/Volumes/Argus/unk/snap/c1/1658349000.c1.snap.jpg,0.35824388
2022-07-20 21:00:00,/Volumes/Argus/unk/snap/c1/1658350800.c1.snap.jpg,0.28029734
2022-07-20 21:30:00,/Volumes/Argus/unk/snap/c1/1658352600.c1.snap.jpg,0.41100037
2022-07-20 22:00:00,/Volumes/Argus/unk/snap/c1/1658354400.c1.snap.jpg,0.34715044
2022-07-20 23:00:00,/Volumes/Argus/unk/snap/c1/1658358000.c1.snap.jpg,0.24621001
2022-07-20 23:30:00,/Volumes/Argus/unk/snap/c1/1658359800.c1.snap.jpg,0.272143
2022-07-21 00:00:00,/Volumes/Argus/unk/snap/c1/1658361600.c1.snap.jpg,0.31666145
2022-07-21 00:30:00,/Volumes/Argus/unk/snap/c1/1658363400.c1.snap.jpg,0.30319867
2022-07-21 01:00:00,/Volumes/Argus/unk/snap/c1/1658365200.c1.snap.jpg,0.27764523
2022-07-21 01:30:00,/Volumes/Argus/unk/snap/c1/1658367000.c1.snap.jpg,0.51224995
2022-07-21 02:00:00,/Volumes/Argus/unk/snap/c1/1658368800.c1.snap.jpg,0.39204127
2022-07-21 04:00:00,/Volumes/Argus/unk/snap/c1/1658376000.c1.snap.jpg,0.33098572
2022-07-21 04:30:00,/Volumes/Argus/unk/snap/c1/1658377800.c1.snap.jpg,0.5669021
2022-07-21 16:30:00,/Volumes/Argus/unk/snap/c1/1658421000.c1.snap.jpg,1.2422866
2022-07-21 17:00:00,/Volumes/Argus/unk/snap/c1/1658422800.c1.snap.jpg,1.3786939
2022-07-21 17:30:00,/Volumes/Argus/unk/snap/c1/1658424600.c1.snap.jpg,1.3323253
2022-07-21 18:00:00,/Volumes/Argus/unk/snap/c1/1658426400.c1.snap.jpg,1.2670087
2022-07-21 18:30:00,/Volumes/Argus/unk/snap/c1/1658428200.c1.snap.jpg,1.3318684
2022-07-21 19:00:00,/Volumes/Argus/unk/snap/c1/1658430000.c1.snap.jpg,1.31604
2022-07-21 19:30:00,/Volumes/Argus/unk/snap/c1/1658431800.c1.snap.jpg,1.2137176
2022-07-21 20:00:00,/Volumes/Argus/unk/snap/c1/1658433600.c1.snap.jpg,1.4370227
2022-07-21 21:00:00,/Volumes/Argus/unk/snap/c1/1658437200.c1.snap.jpg,1.3213948
2022-07-21 21:30:00,/Volumes/Argus/unk/snap/c1/1658439000.c1.snap.jpg,1.3390802
2022-07-21 22:00:00,/Volumes/Argus/unk/snap/c1/1658440800.c1.snap.jpg,1.2428035
2022-07-21 22:30:00,/Volumes/Argus/unk/snap/c1/1658442600.c1.snap.jpg,1.598987
2022-07-21 23:00:00,/Volumes/Argus/unk/snap/c1/1658444400.c1.snap.jpg,1.1762772
2022-07-21 23:30:00,/Volumes/Argus/unk/snap/c1/1658446200.c1.snap.jpg,1.1967133
2022-07-22 00:00:00,/Volumes/Argus/unk/snap/c1/1658448000.c1.snap.jpg,1.3841133
2022-07-22 00:30:00,/Volumes/Argus/unk/snap/c1/1658449800.c1.snap.jpg,1.4906652
2022-07-22 01:00:00,/Volumes/Argus/unk/snap/c1/1658451600.c1.snap.jpg,1.1482255
2022-07-22 01:30:00,/Volumes/Argus/unk/snap/c1/1658453400.c1.snap.jpg,1.3332939
2022-07-22 03:00:00,/Volumes/Argus/unk/snap/c1/1658458800.c1.snap.jpg,1.2557615
2022-07-22 04:00:00,/Volumes/Argus/unk/snap/c1/1658462400.c1.snap.jpg,1.0760125
2022-07-22 04:30:00,/Volumes/Argus/unk/snap/c1/1658464200.c1.snap.jpg,0.6679229
2022-07-23 16:30:00,/Volumes/Argus/unk/snap/c1/1658593800.c1.snap.jpg,0.6116735
2022-07-23 17:00:00,/Volumes/Argus/unk/snap/c1/1658595600.c1.snap.jpg,0.67174894
2022-07-23 17:30:00,/Volumes/Argus/unk/snap/c1/1658597400.c1.snap.jpg,0.4686693
2022-07-23 18:00:00,/Volumes/Argus/unk/snap/c1/1658599200.c1.snap.jpg,0.6055232
2022-07-23 19:00:00,/Volumes/Argus/unk/snap/c1/1658602800.c1.snap.jpg,0.58669823
2022-07-23 19:30:00,/Volumes/Argus/unk/snap/c1/1658604600.c1.snap.jpg,0.62382317
2022-07-23 20:30:00,/Volumes/Argus/unk/snap/c1/1658608200.c1.snap.jpg,0.43532225
2022-07-23 21:00:00,/Volumes/Argus/unk/snap/c1/1658610000.c1.snap.jpg,0.5347841
2022-07-23 21:30:00,/Volumes/Argus/unk/snap/c1/1658611800.c1.snap.jpg,0.649584
2022-07-23 22:00:00,/Volumes/Argus/unk/snap/c1/1658613600.c1.snap.jpg,0.48624244
2022-07-23 22:30:00,/Volumes/Argus/unk/snap/c1/1658615400.c1.snap.jpg,0.4132081
2022-07-23 23:00:00,/Volumes/Argus/unk/snap/c1/1658617200.c1.snap.jpg,0.35872847
2022-07-23 23:30:00,/Volumes/Argus/unk/snap/c1/1658619000.c1.snap.jpg,0.3545913
2022-07-24 00:00:00,/Volumes/Argus/unk/snap/c1/1658620800.c1.snap.jpg,0.5278843
2022-07-24 00:30:00,/Volumes/Argus/unk/snap/c1/1658622600.c1.snap.jpg,0.4491582
2022-07-24 01:00:00,/Volumes/Argus/unk/snap/c1/1658624400.c1.snap.jpg,0.43496788
2022-07-24 01:30:00,/Volumes/Argus/unk/snap/c1/1658626200.c1.snap.jpg,0.7298037
2022-07-24 02:00:00,/Volumes/Argus/unk/snap/c1/1658628000.c1.snap.jpg,0.36603388
2022-07-24 02:30:00,/Volumes/Argus/unk/snap/c1/1658629800.c1.snap.jpg,0.34330642
2022-07-24 03:00:00,/Volumes/Argus/unk/snap/c1/1658631600.c1.snap.jpg,0.30376092
2022-07-24 04:00:00,/Volumes/Argus/unk/snap/c1/1658635200.c1.snap.jpg,0.47214442
2022-07-24 04:30:00,/Volumes/Argus/unk/snap/c1/1658637000.c1.snap.jpg,0.4791519
2022-07-24 16:30:00,/Volumes/Argus/unk/snap/c1/1658680200.c1.snap.jpg,0.24462096
2022-07-24 17:00:00,/Volumes/Argus/unk/snap/c1/1658682000.c1.snap.jpg,0.23988137
2022-07-24 17:30:00,/Volumes/Argus/unk/snap/c1/1658683800.c1.snap.jpg,0.2927199
2022-07-24 18:00:00,/Volumes/Argus/unk/snap/c1/1658685600.c1.snap.jpg,0.2782502
2022-07-24 18:30:00,/Volumes/Argus/unk/snap/c1/1658687400.c1.snap.jpg,0.29777232
2022-07-24 19:00:00,/Volumes/Argus/unk/snap/c1/1658689200.c1.snap.jpg,0.4991115
2022-07-24 19:30:00,/Volumes/Argus/unk/snap/c1/1658691000.c1.snap.jpg,0.2354968
2022-07-24 20:00:00,/Volumes/Argus/unk/snap/c1/1658692800.c1.snap.jpg,0.30512938
2022-07-24 20:30:00,/Volumes/Argus/unk/snap/c1/1658694600.c1.snap.jpg,0.38943657
2022-07-24 21:00:00,/Volumes/Argus/unk/snap/c1/1658696400.c1.snap.jpg,0.33228827
2022-07-24 22:00:00,/Volumes/Argus/unk/snap/c1/1658700000.c1.snap.jpg,0.29870254
2022-07-24 22:30:00,/Volumes/Argus/unk/snap/c1/1658701800.c1.snap.jpg,0.28519118
2022-07-24 23:00:00,/Volumes/Argus/unk/snap/c1/1658703600.c1.snap.jpg,0.34782803
2022-07-24 23:30:00,/Volumes/Argus/unk/snap/c1/1658705400.c1.snap.jpg,0.3515287
2022-07-25 00:00:00,/Volumes/Argus/unk/snap/c1/1658707200.c1.snap.jpg,0.27401295
2022-07-25 00:30:00,/Volumes/Argus/unk/snap/c1/1658709000.c1.snap.jpg,0.34190285
2022-07-25 01:00:00,/Volumes/Argus/unk/snap/c1/1658710800.c1.snap.jpg,0.41052395
2022-07-25 01:30:00,/Volumes/Argus/unk/snap/c1/1658712600.c1.snap.jpg,0.35359162
2022-07-25 02:00:00,/Volumes/Argus/unk/snap/c1/1658714400.c1.snap.jpg,0.6282617
2022-07-25 03:00:00,/Volumes/Argus/unk/snap/c1/1658718000.c1.snap.jpg,0.44046193
2022-07-25 04:00:00,/Volumes/Argus/unk/snap/c1/1658721600.c1.snap.jpg,0.302445
2022-07-25 04:30:00,/Volumes/Argus/unk/snap/c1/1658723400.c1.snap.jpg,0.37758988
2022-07-25 16:30:00,/Volumes/Argus/unk/snap/c1/1658766600.c1.snap.jpg,0.28020412
2022-07-25 17:00:00,/Volumes/Argus/unk/snap/c1/1658768400.c1.snap.jpg,0.33596578
2022-07-25 17:30:00,/Volumes/Argus/unk/snap/c1/1658770200.c1.snap.jpg,0.28254226
2022-07-25 18:00:00,/Volumes/Argus/unk/snap/c1/1658772000.c1.snap.jpg,0.39072672
2022-07-25 18:30:00,/Volumes/Argus/unk/snap/c1/1658773800.c1.snap.jpg,0.42935514
2022-07-25 19:00:00,/Volumes/Argus/unk/snap/c1/1658775600.c1.snap.jpg,0.49078566
2022-07-25 19:30:00,/Volumes/Argus/unk/snap/c1/1658777400.c1.snap.jpg,0.449909
2022-07-25 20:00:00,/Volumes/Argus/unk/snap/c1/1658779200.c1.snap.jpg,0.48917317
2022-07-25 21:00:00,/Volumes/Argus/unk/snap/c1/1658782800.c1.snap.jpg,0.37792948
2022-07-25 21:30:00,/Volumes/Argus/unk/snap/c1/1658784600.c1.snap.jpg,0.30752048
2022-07-25 22:00:00,/Volumes/Argus/unk/snap/c1/1658786400.c1.snap.jpg,0.5106713
2022-07-25 22:30:00,/Volumes/Argus/unk/snap/c1/1658788200.c1.snap.jpg,0.41152447
2022-07-25 23:00:00,/Volumes/Argus/unk/snap/c1/1658790000.c1.snap.jpg,0.63149387
2022-07-25 23:30:00,/Volumes/Argus/unk/snap/c1/1658791800.c1.snap.jpg,0.32480103
2022-07-26 00:00:00,/Volumes/Argus/unk/snap/c1/1658793600.c1.snap.jpg,0.5651674
2022-07-26 00:30:00,/Volumes/Argus/unk/snap/c1/1658795400.c1.snap.jpg,0.72200453
2022-07-26 01:00:00,/Volumes/Argus/unk/snap/c1/1658797200.c1.snap.jpg,1.6654428
2022-07-26 01:30:00,/Volumes/Argus/unk/snap/c1/1658799000.c1.snap.jpg,0.91060305
2022-07-26 02:00:00,/Volumes/Argus/unk/snap/c1/1658800800.c1.snap.jpg,0.77608186
2022-07-26 03:00:00,/Volumes/Argus/unk/snap/c1/1658804400.c1.snap.jpg,1.2116065
2022-07-26 04:00:00,/Volumes/Argus/unk/snap/c1/1658808000.c1.snap.jpg,1.1331882
2022-07-26 04:30:00,/Volumes/Argus/unk/snap/c1/1658809800.c1.snap.jpg,0.9440206
2022-07-26 16:30:00,/Volumes/Argus/unk/snap/c1/1658853000.c1.snap.jpg,1.4695522
2022-07-26 17:00:00,/Volumes/Argus/unk/snap/c1/1658854800.c1.snap.jpg,1.461806
2022-07-26 17:30:00,/Volumes/Argus/unk/snap/c1/1658856600.c1.snap.jpg,1.4769598
2022-07-26 18:00:00,/Volumes/Argus/unk/snap/c1/1658858400.c1.snap.jpg,1.5515859
2022-07-26 18:30:00,/Volumes/Argus/unk/snap/c1/1658860200.c1.snap.jpg,1.504078
2022-07-26 19:00:00,/Volumes/Argus/unk/snap/c1/1658862000.c1.snap.jpg,1.494125
2022-07-26 19:30:00,/Volumes/Argus/unk/snap/c1/1658863800.c1.snap.jpg,1.9623972
2022-07-26 20:00:00,/Volumes/Argus/unk/snap/c1/1658865600.c1.snap.jpg,1.5843724
2022-07-26 20:30:00,/Volumes/Argus/unk/snap/c1/1658867400.c1.snap.jpg,1.5713515
2022-07-26 21:00:00,/Volumes/Argus/unk/snap/c1/1658869200.c1.snap.jpg,1.4850477
2022-07-26 21:30:00,/Volumes/Argus/unk/snap/c1/1658871000.c1.snap.jpg,1.452202
2022-07-26 22:00:00,/Volumes/Argus/unk/snap/c1/1658872800.c1.snap.jpg,1.5305675
2022-07-26 22:30:00,/Volumes/Argus/unk/snap/c1/1658874600.c1.snap.jpg,1.6209835
2022-07-26 23:00:00,/Volumes/Argus/unk/snap/c1/1658876400.c1.snap.jpg,1.6062126
2022-07-26 23:30:00,/Volumes/Argus/unk/snap/c1/1658878200.c1.snap.jpg,1.2602414
2022-07-27 00:00:00,/Volumes/Argus/unk/snap/c1/1658880000.c1.snap.jpg,1.2846886
2022-07-27 00:30:00,/Volumes/Argus/unk/snap/c1/1658881800.c1.snap.jpg,1.1655197
2022-07-27 01:00:00,/Volumes/Argus/unk/snap/c1/1658883600.c1.snap.jpg,1.1730163
2022-07-27 01:30:00,/Volumes/Argus/unk/snap/c1/1658885400.c1.snap.jpg,1.430885
2022-07-27 02:00:00,/Volumes/Argus/unk/snap/c1/1658887200.c1.snap.jpg,0.83426225
2022-07-27 02:30:00,/Volumes/Argus/unk/snap/c1/1658889000.c1.snap.jpg,0.7223472
2022-07-27 04:00:00,/Volumes/Argus/unk/snap/c1/1658894400.c1.snap.jpg,0.6058007
2022-07-27 04:30:00,/Volumes/Argus/unk/snap/c1/1658896200.c1.snap.jpg,1.094115
2022-07-27 16:30:00,/Volumes/Argus/unk/snap/c1/1658939400.c1.snap.jpg,0.82766014
2022-07-27 17:00:00,/Volumes/Argus/unk/snap/c1/1658941200.c1.snap.jpg,0.93161726
2022-07-27 17:30:00,/Volumes/Argus/unk/snap/c1/1658943000.c1.snap.jpg,0.7642946
2022-07-27 18:00:00,/Volumes/Argus/unk/snap/c1/1658944800.c1.snap.jpg,0.728514
2022-07-27 18:30:00,/Volumes/Argus/unk/snap/c1/1658946600.c1.snap.jpg,0.83257234
2022-07-27 19:00:00,/Volumes/Argus/unk/snap/c1/1658948400.c1.snap.jpg,0.9891945
2022-07-27 19:30:00,/Volumes/Argus/unk/snap/c1/1658950200.c1.snap.jpg,0.820535
2022-07-27 20:00:00,/Volumes/Argus/unk/snap/c1/1658952000.c1.snap.jpg,0.9421854
2022-07-27 20:30:00,/Volumes/Argus/unk/snap/c1/1658953800.c1.snap.jpg,0.87329817
2022-07-27 21:00:00,/Volumes/Argus/unk/snap/c1/1658955600.c1.snap.jpg,0.8706081
2022-07-27 21:30:00,/Volumes/Argus/unk/snap/c1/1658957400.c1.snap.jpg,0.90344477
2022-07-27 22:00:00,/Volumes/Argus/unk/snap/c1/1658959200.c1.snap.jpg,0.9519663
2022-07-27 22:30:00,/Volumes/Argus/unk/snap/c1/1658961000.c1.snap.jpg,1.0115848
2022-07-27 23:00:00,/Volumes/Argus/unk/snap/c1/1658962800.c1.snap.jpg,0.9276716
2022-07-27 23:30:00,/Volumes/Argus/unk/snap/c1/1658964600.c1.snap.jpg,0.9326525
2022-07-28 00:00:00,/Volumes/Argus/unk/snap/c1/1658966400.c1.snap.jpg,0.8898841
2022-07-28 00:30:00,/Volumes/Argus/unk/snap/c1/1658968200.c1.snap.jpg,0.8766363
2022-07-28 01:00:00,/Volumes/Argus/unk/snap/c1/1658970000.c1.snap.jpg,0.77974325
2022-07-28 01:30:00,/Volumes/Argus/unk/snap/c1/1658971800.c1.snap.jpg,0.8096899
2022-07-28 02:00:00,/Volumes/Argus/unk/snap/c1/1658973600.c1.snap.jpg,0.92702883
2022-07-28 02:30:00,/Volumes/Argus/unk/snap/c1/1658975400.c1.snap.jpg,0.7260188
2022-07-28 03:00:00,/Volumes/Argus/unk/snap/c1/1658977200.c1.snap.jpg,0.84253365
2022-07-28 04:00:00,/Volumes/Argus/unk/snap/c1/1658980800.c1.snap.jpg,0.44393834
2022-07-28 04:30:00,/Volumes/Argus/unk/snap/c1/1658982600.c1.snap.jpg,0.42781967
2022-07-28 16:30:00,/Volumes/Argus/unk/snap/c1/1659025800.c1.snap.jpg,0.26586252
2022-07-28 17:00:00,/Volumes/Argus/unk/snap/c1/1659027600.c1.snap.jpg,0.31386212
2022-07-28 17:30:00,/Volumes/Argus/unk/snap/c1/1659029400.c1.snap.jpg,0.34994346
2022-07-28 18:00:00,/Volumes/Argus/unk/snap/c1/1659031200.c1.snap.jpg,0.44568923
2022-07-28 18:30:00,/Volumes/Argus/unk/snap/c1/1659033000.c1.snap.jpg,0.5000665
2022-07-28 19:00:00,/Volumes/Argus/unk/snap/c1/1659034800.c1.snap.jpg,0.43799084
2022-07-28 19:30:00,/Volumes/Argus/unk/snap/c1/1659036600.c1.snap.jpg,0.5007826
2022-07-28 20:00:00,/Volumes/Argus/unk/snap/c1/1659038400.c1.snap.jpg,0.49293104
2022-07-28 20:30:00,/Volumes/Argus/unk/snap/c1/1659040200.c1.snap.jpg,0.55664533
2022-07-28 21:00:00,/Volumes/Argus/unk/snap/c1/1659042000.c1.snap.jpg,0.44836923
2022-07-28 21:30:00,/Volumes/Argus/unk/snap/c1/1659043800.c1.snap.jpg,0.40696034
2022-07-28 22:00:00,/Volumes/Argus/unk/snap/c1/1659045600.c1.snap.jpg,0.657202
2022-07-28 22:30:00,/Volumes/Argus/unk/snap/c1/1659047400.c1.snap.jpg,0.4173683
2022-07-28 23:00:00,/Volumes/Argus/unk/snap/c1/1659049200.c1.snap.jpg,0.3506293
2022-07-28 23:30:00,/Volumes/Argus/unk/snap/c1/1659051000.c1.snap.jpg,0.69422054
2022-07-29 00:00:00,/Volumes/Argus/unk/snap/c1/1659052800.c1.snap.jpg,0.5680469
2022-07-29 00:30:00,/Volumes/Argus/unk/snap/c1/1659054600.c1.snap.jpg,0.41505042
2022-07-29 01:00:00,/Volumes/Argus/unk/snap/c1/1659056400.c1.snap.jpg,0.43815705
2022-07-29 01:30:00,/Volumes/Argus/unk/snap/c1/1659058200.c1.snap.jpg,0.4656612
2022-07-29 02:00:00,/Volumes/Argus/unk/snap/c1/1659060000.c1.snap.jpg,0.41360956
2022-07-29 02:30:00,/Volumes/Argus/unk/snap/c1/1659061800.c1.snap.jpg,0.451383
2022-07-29 03:00:00,/Volumes/Argus/unk/snap/c1/1659063600.c1.snap.jpg,0.5102632
2022-07-29 03:30:00,/Volumes/Argus/unk/snap/c1/1659065400.c1.snap.jpg,0.26089835
2022-07-29 04:00:00,/Volumes/Argus/unk/snap/c1/1659067200.c1.snap.jpg,0.34737012
2022-07-29 04:30:00,/Volumes/Argus/unk/snap/c1/1659069000.c1.snap.jpg,0.56343055
2022-07-29 16:30:00,/Volumes/Argus/unk/snap/c1/1659112200.c1.snap.jpg,0.5087908
2022-07-29 17:00:00,/Volumes/Argus/unk/snap/c1/1659114000.c1.snap.jpg,0.39426497
2022-07-29 17:30:00,/Volumes/Argus/unk/snap/c1/1659115800.c1.snap.jpg,
2022-07-31 16:30:00,/Volumes/Argus/unk/snap/c1/1659285000.c1.snap.jpg,
