time,path,H
2022-08-12 16:30:00,/Volumes/Argus/unk/snap/c1/1660321800.c1.snap.jpg,
2022-08-14 16:30:00,/Volumes/Argus/unk/snap/c1/1660494600.c1.snap.jpg,
2022-09-11 19:00:00,/Volumes/Argus/unk/snap/c1/1662922800.c1.snap.jpg,0.2834023
2022-09-11 19:30:00,/Volumes/Argus/unk/snap/c1/1662924600.c1.snap.jpg,0.23660183
2022-09-11 20:00:00,/Volumes/Argus/unk/snap/c1/1662926400.c1.snap.jpg,0.4696178
2022-09-11 20:30:00,/Volumes/Argus/unk/snap/c1/1662928200.c1.snap.jpg,0.25180656
2022-09-11 21:00:00,/Volumes/Argus/unk/snap/c1/1662930000.c1.snap.jpg,0.24095418
2022-09-11 21:30:00,/Volumes/Argus/unk/snap/c1/1662931800.c1.snap.jpg,0.25374642
2022-09-11 22:00:00,/Volumes/Argus/unk/snap/c1/1662933600.c1.snap.jpg,0.31038833
2022-09-11 22:30:00,/Volumes/Argus/unk/snap/c1/1662935400.c1.snap.jpg,0.29444093
2022-09-11 23:00:00,/Volumes/Argus/unk/snap/c1/1662937200.c1.snap.jpg,0.33554155
2022-09-11 23:30:00,/Volumes/Argus/unk/snap/c1/1662939000.c1.snap.jpg,0.27796167
2022-09-12 00:00:00,/Volumes/Argus/unk/snap/c1/1662940800.c1.snap.jpg,0.28511542
2022-09-12 00:30:00,/Volumes/Argus/unk/snap/c1/1662942600.c1.snap.jpg,0.26870137
2022-09-12 01:00:00,/Volumes/Argus/unk/snap/c1/1662944400.c1.snap.jpg,0.31725627
2022-09-12 01:30:00,/Volumes/Argus/unk/snap/c1/1662946200.c1.snap.jpg,0.33738428
2022-09-12 02:00:00,/Volumes/Argus/unk/snap/c1/1662948000.c1.snap.jpg,0.3214625
2022-09-12 02:30:00,/Volumes/Argus/unk/snap/c1/1662949800.c1.snap.jpg,0.29877457
2022-09-12 03:00:00,/Volumes/Argus/unk/snap/c1/1662951600.c1.snap.jpg,0.2749889
2022-09-12 03:30:00,/Volumes/Argus/unk/snap/c1/1662953400.c1.snap.jpg,0.25272685
2022-09-12 04:30:00,/Volumes/Argus/unk/snap/c1/1662957000.c1.snap.jpg,0.48042715
2022-09-12 16:30:00,/Volumes/Argus/unk/snap/c1/1663000200.c1.snap.jpg,0.5067475
2022-09-12 17:00:00,/Volumes/Argus/unk/snap/c1/1663002000.c1.snap.jpg,0.31732833
2022-09-12 17:30:00,/Volumes/Argus/unk/snap/c1/1663003800.c1.snap.jpg,0.5209017
2022-09-12 18:00:00,/Volumes/Argus/unk/snap/c1/1663005600.c1.snap.jpg,0.38354418
2022-09-12 18:30:00,/Volumes/Argus/unk/snap/c1/1663007400.c1.snap.jpg,0.33907902
2022-09-12 19:00:00,/Volumes/Argus/unk/snap/c1/1663009200.c1.snap.jpg,0.37287968
2022-09-12 19:30:00,/Volumes/Argus/unk/snap/c1/1663011000.c1.snap.jpg,0.32259983
2022-09-12 20:00:00,/Volumes/Argus/unk/snap/c1/1663012800.c1.snap.jpg,0.26525575
2022-09-12 21:00:00,/Volumes/Argus/unk/snap/c1/1663016400.c1.snap.jpg,0.37323263
2022-09-12 21:30:00,/Volumes/Argus/unk/snap/c1/1663018200.c1.snap.jpg,0.2808055
2022-09-12 22:00:00,/Volumes/Argus/unk/snap/c1/1663020000.c1.snap.jpg,0.35424137
2022-09-13 00:30:00,/Volumes/Argus/unk/snap/c1/1663029000.c1.snap.jpg,0.35803756
2022-09-13 01:00:00,/Volumes/Argus/unk/snap/c1/1663030800.c1.snap.jpg,0.3322171
2022-09-13 01:30:00,/Volumes/Argus/unk/snap/c1/1663032600.c1.snap.jpg,0.27144265
2022-09-13 02:00:00,/Volumes/Argus/unk/snap/c1/1663034400.c1.snap.jpg,0.31189775
2022-09-13 03:00:00,/Volumes/Argus/unk/snap/c1/1663038000.c1.snap.jpg,0.2915991
2022-09-13 03:30:00,/Volumes/Argus/unk/snap/c1/1663039800.c1.snap.jpg,0.37445015
2022-09-13 04:30:00,/Volumes/Argus/unk/snap/c1/1663043400.c1.snap.jpg,0.3520761
2022-09-14 16:30:00,/Volumes/Argus/unk/snap/c1/1663173000.c1.snap.jpg,0.26606125
2022-09-14 17:00:00,/Volumes/Argus/unk/snap/c1/1663174800.c1.snap.jpg,0.28537714
2022-09-14 17:30:00,/Volumes/Argus/unk/snap/c1/1663176600.c1.snap.jpg,0.195273
2022-09-14 18:00:00,/Volumes/Argus/unk/snap/c1/1663178400.c1.snap.jpg,0.39673135
2022-09-14 18:30:00,/Volumes/Argus/unk/snap/c1/1663180200.c1.snap.jpg,0.21985748
2022-09-14 19:00:00,/Volumes/Argus/unk/snap/c1/1663182000.c1.snap.jpg,0.25416404
2022-09-14 19:30:00,/Volumes/Argus/unk/snap/c1/1663183800.c1.snap.jpg,0.3370942
2022-09-14 20:00:00,/Volumes/Argus/unk/snap/c1/1663185600.c1.snap.jpg,0.3610382
2022-09-14 20:30:00,/Volumes/Argus/unk/snap/c1/1663187400.c1.snap.jpg,0.30976072
2022-09-14 21:00:00,/Volumes/Argus/unk/snap/c1/1663189200.c1.snap.jpg,0.32159367
2022-09-14 21:30:00,/Volumes/Argus/unk/snap/c1/1663191000.c1.snap.jpg,0.27644342
2022-09-14 22:30:00,/Volumes/Argus/unk/snap/c1/1663194600.c1.snap.jpg,0.49181762
2022-09-14 23:00:00,/Volumes/Argus/unk/snap/c1/1663196400.c1.snap.jpg,0.28384566
2022-09-14 23:30:00,/Volumes/Argus/unk/snap/c1/1663198200.c1.snap.jpg,0.35492635
2022-09-15 00:00:00,/Volumes/Argus/unk/snap/c1/1663200000.c1.snap.jpg,0.29132414
2022-09-15 00:30:00,/Volumes/Argus/unk/snap/c1/1663201800.c1.snap.jpg,0.30454105
2022-09-15 01:00:00,/Volumes/Argus/unk/snap/c1/1663203600.c1.snap.jpg,0.32932884
2022-09-15 01:30:00,/Volumes/Argus/unk/snap/c1/1663205400.c1.snap.jpg,0.31569633
2022-09-15 02:00:00,/Volumes/Argus/unk/snap/c1/1663207200.c1.snap.jpg,0.45809045
2022-09-15 03:00:00,/Volumes/Argus/unk/snap/c1/1663210800.c1.snap.jpg,0.3743477
2022-09-15 03:30:00,/Volumes/Argus/unk/snap/c1/1663212600.c1.snap.jpg,0.3583151
2022-09-15 04:00:00,/Volumes/Argus/unk/snap/c1/1663214400.c1.snap.jpg,0.7515518
2022-09-15 04:30:00,/Volumes/Argus/unk/snap/c1/1663216200.c1.snap.jpg,0.35511237
2022-09-15 16:30:00,/Volumes/Argus/unk/snap/c1/1663259400.c1.snap.jpg,0.3339296
2022-09-15 17:00:00,/Volumes/Argus/unk/snap/c1/1663261200.c1.snap.jpg,0.28934383
2022-09-15 17:30:00,/Volumes/Argus/unk/snap/c1/1663263000.c1.snap.jpg,0.31635788
2022-09-15 18:00:00,/Volumes/Argus/unk/snap/c1/1663264800.c1.snap.jpg,0.3998722
2022-09-15 18:30:00,/Volumes/Argus/unk/snap/c1/1663266600.c1.snap.jpg,0.33078915
2022-09-15 19:30:00,/Volumes/Argus/unk/snap/c1/1663270200.c1.snap.jpg,0.31003255
2022-09-15 20:00:00,/Volumes/Argus/unk/snap/c1/1663272000.c1.snap.jpg,0.3922019
2022-09-15 20:30:00,/Volumes/Argus/unk/snap/c1/1663273800.c1.snap.jpg,0.30766946
2022-09-15 21:00:00,/Volumes/Argus/unk/snap/c1/1663275600.c1.snap.jpg,0.26848173
2022-09-15 21:30:00,/Volumes/Argus/unk/snap/c1/1663277400.c1.snap.jpg,0.33329365
2022-09-15 22:00:00,/Volumes/Argus/unk/snap/c1/1663279200.c1.snap.jpg,0.3784354
2022-09-15 22:30:00,/Volumes/Argus/unk/snap/c1/1663281000.c1.snap.jpg,0.33943716
2022-09-15 23:00:00,/Volumes/Argus/unk/snap/c1/1663282800.c1.snap.jpg,0.4585217
2022-09-15 23:30:00,/Volumes/Argus/unk/snap/c1/1663284600.c1.snap.jpg,0.3517125
2022-09-16 00:00:00,/Volumes/Argus/unk/snap/c1/1663286400.c1.snap.jpg,0.30855379
2022-09-16 00:30:00,/Volumes/Argus/unk/snap/c1/1663288200.c1.snap.jpg,0.42189354
2022-09-16 01:00:00,/Volumes/Argus/unk/snap/c1/1663290000.c1.snap.jpg,0.26934195
2022-09-16 01:30:00,/Volumes/Argus/unk/snap/c1/1663291800.c1.snap.jpg,0.40711325
2022-09-16 03:00:00,/Volumes/Argus/unk/snap/c1/1663297200.c1.snap.jpg,0.3570438
2022-09-16 03:30:00,/Volumes/Argus/unk/snap/c1/1663299000.c1.snap.jpg,0.7568654
2022-09-16 04:00:00,/Volumes/Argus/unk/snap/c1/1663300800.c1.snap.jpg,0.46700197
2022-09-16 04:30:00,/Volumes/Argus/unk/snap/c1/1663302600.c1.snap.jpg,0.5475451
2022-09-16 05:00:00,/Volumes/Argus/unk/snap/c1/1663304400.c1.snap.jpg,0.5699415
2022-09-16 05:30:00,/Volumes/Argus/unk/snap/c1/1663306200.c1.snap.jpg,0.51991355
2022-09-16 15:30:00,/Volumes/Argus/unk/snap/c1/1663342200.c1.snap.jpg,0.47893134
2022-09-16 16:00:00,/Volumes/Argus/unk/snap/c1/1663344000.c1.snap.jpg,0.44147122
2022-09-16 16:30:00,/Volumes/Argus/unk/snap/c1/1663345800.c1.snap.jpg,0.39556992
2022-09-16 17:00:00,/Volumes/Argus/unk/snap/c1/1663347600.c1.snap.jpg,0.33181822
2022-09-16 17:30:00,/Volumes/Argus/unk/snap/c1/1663349400.c1.snap.jpg,0.27904373
2022-09-16 18:00:00,/Volumes/Argus/unk/snap/c1/1663351200.c1.snap.jpg,0.32617837
2022-09-16 18:30:00,/Volumes/Argus/unk/snap/c1/1663353000.c1.snap.jpg,0.4219344
2022-09-16 19:00:00,/Volumes/Argus/unk/snap/c1/1663354800.c1.snap.jpg,0.3147123
2022-09-16 19:30:00,/Volumes/Argus/unk/snap/c1/1663356600.c1.snap.jpg,0.2775486
2022-09-16 20:00:00,/Volumes/Argus/unk/snap/c1/1663358400.c1.snap.jpg,0.42915002
2022-09-16 20:30:00,/Volumes/Argus/unk/snap/c1/1663360200.c1.snap.jpg,0.36201134
2022-09-16 21:00:00,/Volumes/Argus/unk/snap/c1/1663362000.c1.snap.jpg,0.3479563
2022-09-16 21:30:00,/Volumes/Argus/unk/snap/c1/1663363800.c1.snap.jpg,0.4603966
2022-09-16 22:30:00,/Volumes/Argus/unk/snap/c1/1663367400.c1.snap.jpg,0.6386078
2022-09-16 23:30:00,/Volumes/Argus/unk/snap/c1/1663371000.c1.snap.jpg,0.47741088
2022-09-17 00:00:00,/Volumes/Argus/unk/snap/c1/1663372800.c1.snap.jpg,0.6085189
2022-09-17 00:30:00,/Volumes/Argus/unk/snap/c1/1663374600.c1.snap.jpg,0.61044204
2022-09-17 01:00:00,/Volumes/Argus/unk/snap/c1/1663376400.c1.snap.jpg,0.72851956
2022-09-17 02:30:00,/Volumes/Argus/unk/snap/c1/1663381800.c1.snap.jpg,0.9509675
2022-09-17 03:00:00,/Volumes/Argus/unk/snap/c1/1663383600.c1.snap.jpg,0.8606719
2022-09-17 03:30:00,/Volumes/Argus/unk/snap/c1/1663385400.c1.snap.jpg,1.2871125
2022-09-17 04:00:00,/Volumes/Argus/unk/snap/c1/1663387200.c1.snap.jpg,1.2704428
2022-09-17 04:30:00,/Volumes/Argus/unk/snap/c1/1663389000.c1.snap.jpg,1.0920893
2022-09-17 05:00:00,/Volumes/Argus/unk/snap/c1/1663390800.c1.snap.jpg,1.1261305
2022-09-17 05:30:00,/Volumes/Argus/unk/snap/c1/1663392600.c1.snap.jpg,1.2092865
2022-09-17 15:30:00,/Volumes/Argus/unk/snap/c1/1663428600.c1.snap.jpg,1.9408159
2022-09-17 16:00:00,/Volumes/Argus/unk/snap/c1/1663430400.c1.snap.jpg,1.4715209
2022-09-17 16:30:00,/Volumes/Argus/unk/snap/c1/1663432200.c1.snap.jpg,1.5303142
2022-09-17 17:00:00,/Volumes/Argus/unk/snap/c1/1663434000.c1.snap.jpg,1.478005
2022-09-17 17:30:00,/Volumes/Argus/unk/snap/c1/1663435800.c1.snap.jpg,1.5048186
2022-09-17 18:00:00,/Volumes/Argus/unk/snap/c1/1663437600.c1.snap.jpg,1.0175428
2022-09-17 18:30:00,/Volumes/Argus/unk/snap/c1/1663439400.c1.snap.jpg,1.1021032
2022-09-17 19:00:00,/Volumes/Argus/unk/snap/c1/1663441200.c1.snap.jpg,1.3876671
2022-09-17 19:30:00,/Volumes/Argus/unk/snap/c1/1663443000.c1.snap.jpg,1.5186564
2022-09-17 20:00:00,/Volumes/Argus/unk/snap/c1/1663444800.c1.snap.jpg,1.3898047
2022-09-17 21:00:00,/Volumes/Argus/unk/snap/c1/1663448400.c1.snap.jpg,1.5492338
2022-09-17 21:30:00,/Volumes/Argus/unk/snap/c1/1663450200.c1.snap.jpg,1.5457453
2022-09-17 22:00:00,/Volumes/Argus/unk/snap/c1/1663452000.c1.snap.jpg,1.4697183
2022-09-17 22:30:00,/Volumes/Argus/unk/snap/c1/1663453800.c1.snap.jpg,1.4978764
2022-09-17 23:00:00,/Volumes/Argus/unk/snap/c1/1663455600.c1.snap.jpg,1.641072
2022-09-17 23:30:00,/Volumes/Argus/unk/snap/c1/1663457400.c1.snap.jpg,1.4600974
2022-09-18 00:00:00,/Volumes/Argus/unk/snap/c1/1663459200.c1.snap.jpg,1.5757027
2022-09-18 00:30:00,/Volumes/Argus/unk/snap/c1/1663461000.c1.snap.jpg,1.472592
2022-09-18 01:30:00,/Volumes/Argus/unk/snap/c1/1663464600.c1.snap.jpg,1.5391467
2022-09-18 02:00:00,/Volumes/Argus/unk/snap/c1/1663466400.c1.snap.jpg,1.680434
2022-09-18 02:30:00,/Volumes/Argus/unk/snap/c1/1663468200.c1.snap.jpg,1.4175411
2022-09-18 03:00:00,/Volumes/Argus/unk/snap/c1/1663470000.c1.snap.jpg,1.4746219
2022-09-18 03:30:00,/Volumes/Argus/unk/snap/c1/1663471800.c1.snap.jpg,1.478691
2022-09-18 04:00:00,/Volumes/Argus/unk/snap/c1/1663473600.c1.snap.jpg,1.4588779
2022-09-18 04:30:00,/Volumes/Argus/unk/snap/c1/1663475400.c1.snap.jpg,1.4921083
2022-09-18 05:00:00,/Volumes/Argus/unk/snap/c1/1663477200.c1.snap.jpg,1.8462085
2022-09-18 05:30:00,/Volumes/Argus/unk/snap/c1/1663479000.c1.snap.jpg,1.6047899
2022-09-19 16:00:00,/Volumes/Argus/unk/snap/c1/1663603200.c1.snap.jpg,0.2087093
2022-09-19 16:30:00,/Volumes/Argus/unk/snap/c1/1663605000.c1.snap.jpg,0.5212784
2022-09-19 17:00:00,/Volumes/Argus/unk/snap/c1/1663606800.c1.snap.jpg,0.39156067
2022-09-19 17:30:00,/Volumes/Argus/unk/snap/c1/1663608600.c1.snap.jpg,0.3162498
2022-09-19 18:30:00,/Volumes/Argus/unk/snap/c1/1663612200.c1.snap.jpg,0.47621232
2022-09-19 19:00:00,/Volumes/Argus/unk/snap/c1/1663614000.c1.snap.jpg,0.541144
2022-09-19 19:30:00,/Volumes/Argus/unk/snap/c1/1663615800.c1.snap.jpg,0.5422396
2022-09-19 20:00:00,/Volumes/Argus/unk/snap/c1/1663617600.c1.snap.jpg,0.56146103
2022-09-19 20:30:00,/Volumes/Argus/unk/snap/c1/1663619400.c1.snap.jpg,0.435123
2022-09-19 21:00:00,/Volumes/Argus/unk/snap/c1/1663621200.c1.snap.jpg,0.47473168
2022-09-19 21:30:00,/Volumes/Argus/unk/snap/c1/1663623000.c1.snap.jpg,0.38806677
2022-09-19 22:00:00,/Volumes/Argus/unk/snap/c1/1663624800.c1.snap.jpg,0.39085197
2022-09-19 23:00:00,/Volumes/Argus/unk/snap/c1/1663628400.c1.snap.jpg,0.45151004
2022-09-19 23:30:00,/Volumes/Argus/unk/snap/c1/1663630200.c1.snap.jpg,0.5124263
2022-09-20 00:00:00,/Volumes/Argus/unk/snap/c1/1663632000.c1.snap.jpg,0.5316133
2022-09-20 00:30:00,/Volumes/Argus/unk/snap/c1/1663633800.c1.snap.jpg,0.45234266
2022-09-20 01:30:00,/Volumes/Argus/unk/snap/c1/1663637400.c1.snap.jpg,0.43899792
2022-09-20 02:00:00,/Volumes/Argus/unk/snap/c1/1663639200.c1.snap.jpg,0.5817723
2022-09-20 02:30:00,/Volumes/Argus/unk/snap/c1/1663641000.c1.snap.jpg,0.6272031
2022-09-20 03:30:00,/Volumes/Argus/unk/snap/c1/1663644600.c1.snap.jpg,0.64434916
2022-09-20 04:00:00,/Volumes/Argus/unk/snap/c1/1663646400.c1.snap.jpg,0.7058682
2022-09-20 04:30:00,/Volumes/Argus/unk/snap/c1/1663648200.c1.snap.jpg,0.56499684
2022-09-20 05:00:00,/Volumes/Argus/unk/snap/c1/1663650000.c1.snap.jpg,0.7418189
2022-09-20 05:30:00,/Volumes/Argus/unk/snap/c1/1663651800.c1.snap.jpg,0.74390507
2022-09-20 15:30:00,/Volumes/Argus/unk/snap/c1/1663687800.c1.snap.jpg,0.82406604
2022-09-20 16:00:00,/Volumes/Argus/unk/snap/c1/1663689600.c1.snap.jpg,0.816804
2022-09-20 16:30:00,/Volumes/Argus/unk/snap/c1/1663691400.c1.snap.jpg,0.92313564
2022-09-20 17:00:00,/Volumes/Argus/unk/snap/c1/1663693200.c1.snap.jpg,0.8486093
2022-09-20 17:30:00,/Volumes/Argus/unk/snap/c1/1663695000.c1.snap.jpg,0.8152095
2022-09-20 18:00:00,/Volumes/Argus/unk/snap/c1/1663696800.c1.snap.jpg,0.7609519
2022-09-20 19:00:00,/Volumes/Argus/unk/snap/c1/1663700400.c1.snap.jpg,0.80227923
2022-09-20 19:30:00,/Volumes/Argus/unk/snap/c1/1663702200.c1.snap.jpg,0.71854424
2022-09-20 20:00:00,/Volumes/Argus/unk/snap/c1/1663704000.c1.snap.jpg,0.9137186
2022-09-20 20:30:00,/Volumes/Argus/unk/snap/c1/1663705800.c1.snap.jpg,0.80862504
2022-09-20 21:00:00,/Volumes/Argus/unk/snap/c1/1663707600.c1.snap.jpg,0.6955233
2022-09-20 21:30:00,/Volumes/Argus/unk/snap/c1/1663709400.c1.snap.jpg,0.6690537
2022-09-20 22:30:00,/Volumes/Argus/unk/snap/c1/1663713000.c1.snap.jpg,0.7723117
2022-09-20 23:00:00,/Volumes/Argus/unk/snap/c1/1663714800.c1.snap.jpg,0.7987229
2022-09-20 23:30:00,/Volumes/Argus/unk/snap/c1/1663716600.c1.snap.jpg,0.73305035
2022-09-21 00:00:00,/Volumes/Argus/unk/snap/c1/1663718400.c1.snap.jpg,0.8701501
2022-09-21 00:30:00,/Volumes/Argus/unk/snap/c1/1663720200.c1.snap.jpg,0.85650206
2022-09-21 01:00:00,/Volumes/Argus/unk/snap/c1/1663722000.c1.snap.jpg,0.85449755
2022-09-21 01:30:00,/Volumes/Argus/unk/snap/c1/1663723800.c1.snap.jpg,0.6317029
2022-09-21 02:00:00,/Volumes/Argus/unk/snap/c1/1663725600.c1.snap.jpg,0.7291509
2022-09-21 02:30:00,/Volumes/Argus/unk/snap/c1/1663727400.c1.snap.jpg,0.63693047
2022-09-21 03:00:00,/Volumes/Argus/unk/snap/c1/1663729200.c1.snap.jpg,0.5825788
2022-09-21 03:30:00,/Volumes/Argus/unk/snap/c1/1663731000.c1.snap.jpg,0.69886124
2022-09-21 04:00:00,/Volumes/Argus/unk/snap/c1/1663732800.c1.snap.jpg,0.49839684
2022-09-21 04:30:00,/Volumes/Argus/unk/snap/c1/1663734600.c1.snap.jpg,0.63435745
2022-09-21 05:00:00,/Volumes/Argus/unk/snap/c1/1663736400.c1.snap.jpg,0.5382639
2022-09-21 05:30:00,/Volumes/Argus/unk/snap/c1/1663738200.c1.snap.jpg,0.77344745
2022-09-21 15:30:00,/Volumes/Argus/unk/snap/c1/1663774200.c1.snap.jpg,0.62691593
2022-09-21 16:00:00,/Volumes/Argus/unk/snap/c1/1663776000.c1.snap.jpg,0.4211455
2022-09-21 16:30:00,/Volumes/Argus/unk/snap/c1/1663777800.c1.snap.jpg,0.51549506
2022-09-21 17:00:00,/Volumes/Argus/unk/snap/c1/1663779600.c1.snap.jpg,0.66235256
2022-09-21 17:30:00,/Volumes/Argus/unk/snap/c1/1663781400.c1.snap.jpg,0.36935925
2022-09-21 18:00:00,/Volumes/Argus/unk/snap/c1/1663783200.c1.snap.jpg,0.34300044
2022-09-21 18:30:00,/Volumes/Argus/unk/snap/c1/1663785000.c1.snap.jpg,0.59770334
2022-09-21 19:00:00,/Volumes/Argus/unk/snap/c1/1663786800.c1.snap.jpg,0.50864273
2022-09-21 19:30:00,/Volumes/Argus/unk/snap/c1/1663788600.c1.snap.jpg,0.4798824
2022-09-21 20:30:00,/Volumes/Argus/unk/snap/c1/1663792200.c1.snap.jpg,0.31234217
2022-09-21 21:00:00,/Volumes/Argus/unk/snap/c1/1663794000.c1.snap.jpg,0.2487492
2022-09-21 21:30:00,/Volumes/Argus/unk/snap/c1/1663795800.c1.snap.jpg,0.26302546
2022-09-21 22:00:00,/Volumes/Argus/unk/snap/c1/1663797600.c1.snap.jpg,0.30293494
2022-09-21 22:30:00,/Volumes/Argus/unk/snap/c1/1663799400.c1.snap.jpg,0.28589243
2022-09-21 23:00:00,/Volumes/Argus/unk/snap/c1/1663801200.c1.snap.jpg,0.36614943
2022-09-21 23:30:00,/Volumes/Argus/unk/snap/c1/1663803000.c1.snap.jpg,0.3197645
2022-09-22 00:00:00,/Volumes/Argus/unk/snap/c1/1663804800.c1.snap.jpg,0.44659406
2022-09-22 00:30:00,/Volumes/Argus/unk/snap/c1/1663806600.c1.snap.jpg,0.4257769
2022-09-22 01:00:00,/Volumes/Argus/unk/snap/c1/1663808400.c1.snap.jpg,0.31459713
2022-09-22 01:30:00,/Volumes/Argus/unk/snap/c1/1663810200.c1.snap.jpg,0.40156704
2022-09-22 02:00:00,/Volumes/Argus/unk/snap/c1/1663812000.c1.snap.jpg,0.33547872
2022-09-22 03:00:00,/Volumes/Argus/unk/snap/c1/1663815600.c1.snap.jpg,0.43570927
2022-09-22 03:30:00,/Volumes/Argus/unk/snap/c1/1663817400.c1.snap.jpg,0.41647783
2022-09-22 04:00:00,/Volumes/Argus/unk/snap/c1/1663819200.c1.snap.jpg,0.42179292
2022-09-22 04:30:00,/Volumes/Argus/unk/snap/c1/1663821000.c1.snap.jpg,0.449712
2022-09-22 05:00:00,/Volumes/Argus/unk/snap/c1/1663822800.c1.snap.jpg,0.32412556
2022-09-22 05:30:00,/Volumes/Argus/unk/snap/c1/1663824600.c1.snap.jpg,0.5529744
2022-09-22 15:30:00,/Volumes/Argus/unk/snap/c1/1663860600.c1.snap.jpg,0.74028283
2022-09-22 16:00:00,/Volumes/Argus/unk/snap/c1/1663862400.c1.snap.jpg,0.5763295
2022-09-22 16:30:00,/Volumes/Argus/unk/snap/c1/1663864200.c1.snap.jpg,0.45001647
2022-09-22 17:00:00,/Volumes/Argus/unk/snap/c1/1663866000.c1.snap.jpg,0.4903687
2022-09-22 17:30:00,/Volumes/Argus/unk/snap/c1/1663867800.c1.snap.jpg,0.5854167
2022-09-22 18:00:00,/Volumes/Argus/unk/snap/c1/1663869600.c1.snap.jpg,0.35396415
2022-09-22 18:30:00,/Volumes/Argus/unk/snap/c1/1663871400.c1.snap.jpg,0.5002749
2022-09-22 19:00:00,/Volumes/Argus/unk/snap/c1/1663873200.c1.snap.jpg,0.25614244
2022-09-22 19:30:00,/Volumes/Argus/unk/snap/c1/1663875000.c1.snap.jpg,0.30640742
2022-09-22 20:30:00,/Volumes/Argus/unk/snap/c1/1663878600.c1.snap.jpg,0.28958297
2022-09-22 21:00:00,/Volumes/Argus/unk/snap/c1/1663880400.c1.snap.jpg,0.2803874
2022-09-22 21:30:00,/Volumes/Argus/unk/snap/c1/1663882200.c1.snap.jpg,0.31063628
2022-09-22 22:00:00,/Volumes/Argus/unk/snap/c1/1663884000.c1.snap.jpg,0.2832304
2022-09-22 22:30:00,/Volumes/Argus/unk/snap/c1/1663885800.c1.snap.jpg,0.31912345
2022-09-22 23:00:00,/Volumes/Argus/unk/snap/c1/1663887600.c1.snap.jpg,0.39144486
2022-09-22 23:30:00,/Volumes/Argus/unk/snap/c1/1663889400.c1.snap.jpg,0.33929354
2022-09-23 00:00:00,/Volumes/Argus/unk/snap/c1/1663891200.c1.snap.jpg,0.3102832
2022-09-23 00:30:00,/Volumes/Argus/unk/snap/c1/1663893000.c1.snap.jpg,0.4573345
2022-09-23 01:00:00,/Volumes/Argus/unk/snap/c1/1663894800.c1.snap.jpg,0.41664195
2022-09-23 01:30:00,/Volumes/Argus/unk/snap/c1/1663896600.c1.snap.jpg,0.6781518
2022-09-23 02:00:00,/Volumes/Argus/unk/snap/c1/1663898400.c1.snap.jpg,0.40353432
2022-09-23 02:30:00,/Volumes/Argus/unk/snap/c1/1663900200.c1.snap.jpg,0.43566322
2022-09-23 03:00:00,/Volumes/Argus/unk/snap/c1/1663902000.c1.snap.jpg,0.38623112
2022-09-23 03:30:00,/Volumes/Argus/unk/snap/c1/1663903800.c1.snap.jpg,0.41798124
2022-09-23 04:00:00,/Volumes/Argus/unk/snap/c1/1663905600.c1.snap.jpg,0.40468132
2022-09-23 04:30:00,/Volumes/Argus/unk/snap/c1/1663907400.c1.snap.jpg,0.61468726
2022-09-23 05:00:00,/Volumes/Argus/unk/snap/c1/1663909200.c1.snap.jpg,0.44711965
2022-09-23 05:30:00,/Volumes/Argus/unk/snap/c1/1663911000.c1.snap.jpg,0.75980127
2022-09-23 15:30:00,/Volumes/Argus/unk/snap/c1/1663947000.c1.snap.jpg,0.8331784
2022-09-23 16:00:00,/Volumes/Argus/unk/snap/c1/1663948800.c1.snap.jpg,0.29215926
2022-09-23 17:00:00,/Volumes/Argus/unk/snap/c1/1663952400.c1.snap.jpg,0.3216769
2022-09-23 17:30:00,/Volumes/Argus/unk/snap/c1/1663954200.c1.snap.jpg,0.33567476
2022-09-23 18:00:00,/Volumes/Argus/unk/snap/c1/1663956000.c1.snap.jpg,0.4004828
2022-09-23 18:30:00,/Volumes/Argus/unk/snap/c1/1663957800.c1.snap.jpg,0.38033414
2022-09-23 19:30:00,/Volumes/Argus/unk/snap/c1/1663961400.c1.snap.jpg,0.33596256
2022-09-23 20:00:00,/Volumes/Argus/unk/snap/c1/1663963200.c1.snap.jpg,0.50959206
2022-09-23 20:30:00,/Volumes/Argus/unk/snap/c1/1663965000.c1.snap.jpg,0.41803506
2022-09-23 21:00:00,/Volumes/Argus/unk/snap/c1/1663966800.c1.snap.jpg,0.42234507
2022-09-23 21:30:00,/Volumes/Argus/unk/snap/c1/1663968600.c1.snap.jpg,0.34992325
2022-09-23 22:00:00,/Volumes/Argus/unk/snap/c1/1663970400.c1.snap.jpg,0.3690482
2022-09-23 23:00:00,/Volumes/Argus/unk/snap/c1/1663974000.c1.snap.jpg,0.26761335
2022-09-23 23:30:00,/Volumes/Argus/unk/snap/c1/1663975800.c1.snap.jpg,0.48997676
2022-09-24 00:00:00,/Volumes/Argus/unk/snap/c1/1663977600.c1.snap.jpg,0.3246865
2022-09-24 00:30:00,/Volumes/Argus/unk/snap/c1/1663979400.c1.snap.jpg,0.42418453
2022-09-24 01:00:00,/Volumes/Argus/unk/snap/c1/1663981200.c1.snap.jpg,0.6788384
2022-09-24 01:30:00,/Volumes/Argus/unk/snap/c1/1663983000.c1.snap.jpg,0.32756677
2022-09-24 02:00:00,/Volumes/Argus/unk/snap/c1/1663984800.c1.snap.jpg,0.69767684
2022-09-24 02:30:00,/Volumes/Argus/unk/snap/c1/1663986600.c1.snap.jpg,0.29486477
2022-09-24 03:30:00,/Volumes/Argus/unk/snap/c1/1663990200.c1.snap.jpg,0.3457228
2022-09-24 04:00:00,/Volumes/Argus/unk/snap/c1/1663992000.c1.snap.jpg,0.63362277
2022-09-24 04:30:00,/Volumes/Argus/unk/snap/c1/1663993800.c1.snap.jpg,0.3027708
2022-09-24 05:00:00,/Volumes/Argus/unk/snap/c1/1663995600.c1.snap.jpg,0.34338903
2022-09-24 05:30:00,/Volumes/Argus/unk/snap/c1/1663997400.c1.snap.jpg,0.652326
2022-09-24 15:30:00,/Volumes/Argus/unk/snap/c1/1664033400.c1.snap.jpg,0.7592822
2022-09-24 16:00:00,/Volumes/Argus/unk/snap/c1/1664035200.c1.snap.jpg,0.25074127
2022-09-24 16:30:00,/Volumes/Argus/unk/snap/c1/1664037000.c1.snap.jpg,0.299137
2022-09-24 17:30:00,/Volumes/Argus/unk/snap/c1/1664040600.c1.snap.jpg,0.5984498
2022-09-24 18:00:00,/Volumes/Argus/unk/snap/c1/1664042400.c1.snap.jpg,0.40171003
2022-09-24 18:30:00,/Volumes/Argus/unk/snap/c1/1664044200.c1.snap.jpg,0.49895835
2022-09-24 19:00:00,/Volumes/Argus/unk/snap/c1/1664046000.c1.snap.jpg,0.60907507
2022-09-24 20:00:00,/Volumes/Argus/unk/snap/c1/1664049600.c1.snap.jpg,0.6610641
2022-09-24 20:30:00,/Volumes/Argus/unk/snap/c1/1664051400.c1.snap.jpg,0.5443251
2022-09-24 21:00:00,/Volumes/Argus/unk/snap/c1/1664053200.c1.snap.jpg,0.40198678
2022-09-24 21:30:00,/Volumes/Argus/unk/snap/c1/1664055000.c1.snap.jpg,0.3990567
2022-09-24 22:00:00,/Volumes/Argus/unk/snap/c1/1664056800.c1.snap.jpg,0.40288964
2022-09-24 22:30:00,/Volumes/Argus/unk/snap/c1/1664058600.c1.snap.jpg,0.37395108
2022-09-24 23:00:00,/Volumes/Argus/unk/snap/c1/1664060400.c1.snap.jpg,0.3847759
2022-09-24 23:30:00,/Volumes/Argus/unk/snap/c1/1664062200.c1.snap.jpg,0.4488534
2022-09-25 00:00:00,/Volumes/Argus/unk/snap/c1/1664064000.c1.snap.jpg,0.40684444
2022-09-25 00:30:00,/Volumes/Argus/unk/snap/c1/1664065800.c1.snap.jpg,0.51094854
2022-09-25 01:00:00,/Volumes/Argus/unk/snap/c1/1664067600.c1.snap.jpg,0.42532605
2022-09-25 01:30:00,/Volumes/Argus/unk/snap/c1/1664069400.c1.snap.jpg,0.34503973
2022-09-25 02:00:00,/Volumes/Argus/unk/snap/c1/1664071200.c1.snap.jpg,0.39339322
2022-09-25 02:30:00,/Volumes/Argus/unk/snap/c1/1664073000.c1.snap.jpg,0.38418525
2022-09-25 03:00:00,/Volumes/Argus/unk/snap/c1/1664074800.c1.snap.jpg,0.5135727
2022-09-25 03:30:00,/Volumes/Argus/unk/snap/c1/1664076600.c1.snap.jpg,0.4456797
2022-09-25 04:00:00,/Volumes/Argus/unk/snap/c1/1664078400.c1.snap.jpg,0.337977
2022-09-25 04:30:00,/Volumes/Argus/unk/snap/c1/1664080200.c1.snap.jpg,0.37153634
2022-09-25 05:00:00,/Volumes/Argus/unk/snap/c1/1664082000.c1.snap.jpg,0.37580103
2022-09-25 05:30:00,/Volumes/Argus/unk/snap/c1/1664083800.c1.snap.jpg,0.54113877
2022-09-26 15:30:00,/Volumes/Argus/unk/snap/c1/1664206200.c1.snap.jpg,0.8348602
2022-09-26 16:00:00,/Volumes/Argus/unk/snap/c1/1664208000.c1.snap.jpg,0.40527245
2022-09-26 17:00:00,/Volumes/Argus/unk/snap/c1/1664211600.c1.snap.jpg,0.3210048
2022-09-26 17:30:00,/Volumes/Argus/unk/snap/c1/1664213400.c1.snap.jpg,0.31053376
2022-09-26 18:00:00,/Volumes/Argus/unk/snap/c1/1664215200.c1.snap.jpg,0.28021935
2022-09-26 18:30:00,/Volumes/Argus/unk/snap/c1/1664217000.c1.snap.jpg,0.4491853
2022-09-26 19:00:00,/Volumes/Argus/unk/snap/c1/1664218800.c1.snap.jpg,0.33438784
2022-09-26 19:30:00,/Volumes/Argus/unk/snap/c1/1664220600.c1.snap.jpg,0.259959
2022-09-26 20:00:00,/Volumes/Argus/unk/snap/c1/1664222400.c1.snap.jpg,0.28664893
2022-09-26 20:30:00,/Volumes/Argus/unk/snap/c1/1664224200.c1.snap.jpg,0.20807062
2022-09-26 21:00:00,/Volumes/Argus/unk/snap/c1/1664226000.c1.snap.jpg,0.2454055
2022-09-26 21:30:00,/Volumes/Argus/unk/snap/c1/1664227800.c1.snap.jpg,0.3500639
2022-09-26 22:00:00,/Volumes/Argus/unk/snap/c1/1664229600.c1.snap.jpg,0.30432716
2022-09-26 22:30:00,/Volumes/Argus/unk/snap/c1/1664231400.c1.snap.jpg,0.42026564
2022-09-26 23:00:00,/Volumes/Argus/unk/snap/c1/1664233200.c1.snap.jpg,0.39698613
2022-09-27 00:00:00,/Volumes/Argus/unk/snap/c1/1664236800.c1.snap.jpg,0.23846433
2022-09-27 00:30:00,/Volumes/Argus/unk/snap/c1/1664238600.c1.snap.jpg,0.2386032
2022-09-27 01:00:00,/Volumes/Argus/unk/snap/c1/1664240400.c1.snap.jpg,0.34654096
2022-09-27 01:30:00,/Volumes/Argus/unk/snap/c1/1664242200.c1.snap.jpg,0.25897503
2022-09-27 02:00:00,/Volumes/Argus/unk/snap/c1/1664244000.c1.snap.jpg,0.2762888
2022-09-27 02:30:00,/Volumes/Argus/unk/snap/c1/1664245800.c1.snap.jpg,0.32620537
2022-09-27 03:30:00,/Volumes/Argus/unk/snap/c1/1664249400.c1.snap.jpg,0.34556687
2022-09-27 04:00:00,/Volumes/Argus/unk/snap/c1/1664251200.c1.snap.jpg,0.28417078
2022-09-27 05:00:00,/Volumes/Argus/unk/snap/c1/1664254800.c1.snap.jpg,0.42243248
2022-09-27 05:30:00,/Volumes/Argus/unk/snap/c1/1664256600.c1.snap.jpg,0.79746675
2022-09-27 15:30:00,/Volumes/Argus/unk/snap/c1/1664292600.c1.snap.jpg,0.622803
2022-09-27 16:00:00,/Volumes/Argus/unk/snap/c1/1664294400.c1.snap.jpg,0.61803967
2022-09-27 16:30:00,/Volumes/Argus/unk/snap/c1/1664296200.c1.snap.jpg,0.3400135
2022-09-27 17:00:00,/Volumes/Argus/unk/snap/c1/1664298000.c1.snap.jpg,0.2871197
2022-09-27 17:30:00,/Volumes/Argus/unk/snap/c1/1664299800.c1.snap.jpg,0.25314638
2022-09-27 18:00:00,/Volumes/Argus/unk/snap/c1/1664301600.c1.snap.jpg,0.34826487
2022-09-27 18:30:00,/Volumes/Argus/unk/snap/c1/1664303400.c1.snap.jpg,0.2793944
2022-09-27 19:00:00,/Volumes/Argus/unk/snap/c1/1664305200.c1.snap.jpg,0.31560305
2022-09-27 20:00:00,/Volumes/Argus/unk/snap/c1/1664308800.c1.snap.jpg,0.2592907
2022-09-27 21:00:00,/Volumes/Argus/unk/snap/c1/1664312400.c1.snap.jpg,0.24207018
2022-09-27 21:30:00,/Volumes/Argus/unk/snap/c1/1664314200.c1.snap.jpg,0.2389777
2022-09-27 22:00:00,/Volumes/Argus/unk/snap/c1/1664316000.c1.snap.jpg,0.27951318
2022-09-27 22:30:00,/Volumes/Argus/unk/snap/c1/1664317800.c1.snap.jpg,0.2418716
2022-09-27 23:00:00,/Volumes/Argus/unk/snap/c1/1664319600.c1.snap.jpg,0.2878933
2022-09-27 23:30:00,/Volumes/Argus/unk/snap/c1/1664321400.c1.snap.jpg,0.35777628
2022-09-28 00:00:00,/Volumes/Argus/unk/snap/c1/1664323200.c1.snap.jpg,0.32627833
2022-09-28 00:30:00,/Volumes/Argus/unk/snap/c1/1664325000.c1.snap.jpg,0.38581738
2022-09-28 01:00:00,/Volumes/Argus/unk/snap/c1/1664326800.c1.snap.jpg,0.31983337
2022-09-28 01:30:00,/Volumes/Argus/unk/snap/c1/1664328600.c1.snap.jpg,0.45793712
2022-09-28 02:00:00,/Volumes/Argus/unk/snap/c1/1664330400.c1.snap.jpg,0.32187343
2022-09-28 02:30:00,/Volumes/Argus/unk/snap/c1/1664332200.c1.snap.jpg,0.50651556
2022-09-28 03:00:00,/Volumes/Argus/unk/snap/c1/1664334000.c1.snap.jpg,0.6328391
2022-09-28 03:30:00,/Volumes/Argus/unk/snap/c1/1664335800.c1.snap.jpg,0.55404
2022-09-28 04:00:00,/Volumes/Argus/unk/snap/c1/1664337600.c1.snap.jpg,0.3604284
2022-09-28 04:30:00,/Volumes/Argus/unk/snap/c1/1664339400.c1.snap.jpg,0.3297911
2022-09-28 05:00:00,/Volumes/Argus/unk/snap/c1/1664341200.c1.snap.jpg,0.34619993
2022-09-28 05:30:00,/Volumes/Argus/unk/snap/c1/1664343000.c1.snap.jpg,0.6247791
2022-09-29 15:30:00,/Volumes/Argus/unk/snap/c1/1664465400.c1.snap.jpg,1.7832748
2022-09-29 16:30:00,/Volumes/Argus/unk/snap/c1/1664469000.c1.snap.jpg,1.0131152
2022-09-29 17:00:00,/Volumes/Argus/unk/snap/c1/1664470800.c1.snap.jpg,0.6438451
2022-09-29 17:30:00,/Volumes/Argus/unk/snap/c1/1664472600.c1.snap.jpg,0.6064819
2022-09-29 18:00:00,/Volumes/Argus/unk/snap/c1/1664474400.c1.snap.jpg,0.6980267
2022-09-29 19:00:00,/Volumes/Argus/unk/snap/c1/1664478000.c1.snap.jpg,0.76262385
2022-09-29 19:30:00,/Volumes/Argus/unk/snap/c1/1664479800.c1.snap.jpg,1.098825
2022-09-29 20:00:00,/Volumes/Argus/unk/snap/c1/1664481600.c1.snap.jpg,1.0521913
2022-09-29 20:30:00,/Volumes/Argus/unk/snap/c1/1664483400.c1.snap.jpg,0.4973474
2022-09-29 21:00:00,/Volumes/Argus/unk/snap/c1/1664485200.c1.snap.jpg,0.25767744
2022-09-29 21:30:00,/Volumes/Argus/unk/snap/c1/1664487000.c1.snap.jpg,0.22738573
2022-09-29 22:00:00,/Volumes/Argus/unk/snap/c1/1664488800.c1.snap.jpg,0.22825493
2022-09-29 22:30:00,/Volumes/Argus/unk/snap/c1/1664490600.c1.snap.jpg,0.39988846
2022-09-29 23:30:00,/Volumes/Argus/unk/snap/c1/1664494200.c1.snap.jpg,0.3766989
2022-09-30 00:00:00,/Volumes/Argus/unk/snap/c1/1664496000.c1.snap.jpg,0.57792246
2022-09-30 00:30:00,/Volumes/Argus/unk/snap/c1/1664497800.c1.snap.jpg,0.5251975
2022-09-30 01:30:00,/Volumes/Argus/unk/snap/c1/1664501400.c1.snap.jpg,0.5950662
2022-09-30 02:00:00,/Volumes/Argus/unk/snap/c1/1664503200.c1.snap.jpg,0.61633694
2022-09-30 02:30:00,/Volumes/Argus/unk/snap/c1/1664505000.c1.snap.jpg,0.64139897
2022-09-30 04:00:00,/Volumes/Argus/unk/snap/c1/1664510400.c1.snap.jpg,0.78424406
2022-09-30 04:30:00,/Volumes/Argus/unk/snap/c1/1664512200.c1.snap.jpg,0.79533607
2022-09-30 05:00:00,/Volumes/Argus/unk/snap/c1/1664514000.c1.snap.jpg,0.81816214
2022-09-30 16:30:00,/Volumes/Argus/unk/snap/c1/1664555400.c1.snap.jpg,0.6468257
2022-09-30 17:00:00,/Volumes/Argus/unk/snap/c1/1664557200.c1.snap.jpg,0.75932217
2022-09-30 17:30:00,/Volumes/Argus/unk/snap/c1/1664559000.c1.snap.jpg,0.5987806
2022-09-30 18:00:00,/Volumes/Argus/unk/snap/c1/1664560800.c1.snap.jpg,0.7230612
2022-09-30 18:30:00,/Volumes/Argus/unk/snap/c1/1664562600.c1.snap.jpg,0.68912643
2022-09-30 19:00:00,/Volumes/Argus/unk/snap/c1/1664564400.c1.snap.jpg,0.8157463
2022-09-30 19:30:00,/Volumes/Argus/unk/snap/c1/1664566200.c1.snap.jpg,0.6279764
2022-09-30 20:00:00,/Volumes/Argus/unk/snap/c1/1664568000.c1.snap.jpg,0.7471322
2022-09-30 20:30:00,/Volumes/Argus/unk/snap/c1/1664569800.c1.snap.jpg,0.59293324
2022-09-30 21:00:00,/Volumes/Argus/unk/snap/c1/1664571600.c1.snap.jpg,0.6014793
2022-09-30 21:30:00,/Volumes/Argus/unk/snap/c1/1664573400.c1.snap.jpg,0.5703226
2022-09-30 22:00:00,/Volumes/Argus/unk/snap/c1/1664575200.c1.snap.jpg,0.4396927
2022-09-30 22:30:00,/Volumes/Argus/unk/snap/c1/1664577000.c1.snap.jpg,0.3940774
2022-09-30 23:00:00,/Volumes/Argus/unk/snap/c1/1664578800.c1.snap.jpg,0.31765598
2022-09-30 23:30:00,/Volumes/Argus/unk/snap/c1/1664580600.c1.snap.jpg,0.45969903
2022-10-01 00:00:00,/Volumes/Argus/unk/snap/c1/1664582400.c1.snap.jpg,0.30004093
2022-10-01 00:30:00,/Volumes/Argus/unk/snap/c1/1664584200.c1.snap.jpg,0.3844766
2022-10-01 01:30:00,/Volumes/Argus/unk/snap/c1/1664587800.c1.snap.jpg,0.3956223
2022-10-01 02:00:00,/Volumes/Argus/unk/snap/c1/1664589600.c1.snap.jpg,0.47996175
2022-10-01 02:30:00,/Volumes/Argus/unk/snap/c1/1664591400.c1.snap.jpg,0.36709505
2022-10-01 03:00:00,/Volumes/Argus/unk/snap/c1/1664593200.c1.snap.jpg,0.30559248
2022-10-01 03:30:00,/Volumes/Argus/unk/snap/c1/1664595000.c1.snap.jpg,0.31652117
2022-10-01 04:00:00,/Volumes/Argus/unk/snap/c1/1664596800.c1.snap.jpg,0.39437413
2022-10-01 04:30:00,/Volumes/Argus/unk/snap/c1/1664598600.c1.snap.jpg,0.282539
2022-10-01 05:00:00,/Volumes/Argus/unk/snap/c1/1664600400.c1.snap.jpg,0.50367314
2022-10-02 16:30:00,/Volumes/Argus/unk/snap/c1/1664728200.c1.snap.jpg,0.25300646
2022-10-02 17:00:00,/Volumes/Argus/unk/snap/c1/1664730000.c1.snap.jpg,0.45327026
2022-10-02 17:30:00,/Volumes/Argus/unk/snap/c1/1664731800.c1.snap.jpg,0.38734668
2022-10-02 18:00:00,/Volumes/Argus/unk/snap/c1/1664733600.c1.snap.jpg,0.2377169
2022-10-02 18:30:00,/Volumes/Argus/unk/snap/c1/1664735400.c1.snap.jpg,0.3442711
2022-10-02 19:00:00,/Volumes/Argus/unk/snap/c1/1664737200.c1.snap.jpg,0.39534092
2022-10-02 19:30:00,/Volumes/Argus/unk/snap/c1/1664739000.c1.snap.jpg,0.28461653
2022-10-02 20:00:00,/Volumes/Argus/unk/snap/c1/1664740800.c1.snap.jpg,0.34271282
2022-10-02 20:30:00,/Volumes/Argus/unk/snap/c1/1664742600.c1.snap.jpg,0.4547441
2022-10-02 21:00:00,/Volumes/Argus/unk/snap/c1/1664744400.c1.snap.jpg,0.29121396
2022-10-02 21:30:00,/Volumes/Argus/unk/snap/c1/1664746200.c1.snap.jpg,0.37485826
2022-10-02 23:00:00,/Volumes/Argus/unk/snap/c1/1664751600.c1.snap.jpg,0.4913455
2022-10-02 23:30:00,/Volumes/Argus/unk/snap/c1/1664753400.c1.snap.jpg,0.7546353
2022-10-03 00:00:00,/Volumes/Argus/unk/snap/c1/1664755200.c1.snap.jpg,0.5177371
2022-10-03 00:30:00,/Volumes/Argus/unk/snap/c1/1664757000.c1.snap.jpg,0.44831365
2022-10-03 01:30:00,/Volumes/Argus/unk/snap/c1/1664760600.c1.snap.jpg,0.5563252
2022-10-03 02:00:00,/Volumes/Argus/unk/snap/c1/1664762400.c1.snap.jpg,0.43557554
2022-10-03 02:30:00,/Volumes/Argus/unk/snap/c1/1664764200.c1.snap.jpg,0.70572615
2022-10-03 03:30:00,/Volumes/Argus/unk/snap/c1/1664767800.c1.snap.jpg,0.6742277
2022-10-03 04:00:00,/Volumes/Argus/unk/snap/c1/1664769600.c1.snap.jpg,0.7201313
2022-10-03 04:30:00,/Volumes/Argus/unk/snap/c1/1664771400.c1.snap.jpg,0.7708637
2022-10-03 05:00:00,/Volumes/Argus/unk/snap/c1/1664773200.c1.snap.jpg,0.68467903
2022-10-03 05:30:00,/Volumes/Argus/unk/snap/c1/1664775000.c1.snap.jpg,0.6569708
2022-10-03 16:30:00,/Volumes/Argus/unk/snap/c1/1664814600.c1.snap.jpg,0.23606956
2022-10-03 17:00:00,/Volumes/Argus/unk/snap/c1/1664816400.c1.snap.jpg,0.34821582
2022-10-03 17:30:00,/Volumes/Argus/unk/snap/c1/1664818200.c1.snap.jpg,0.5580141
2022-10-03 18:00:00,/Volumes/Argus/unk/snap/c1/1664820000.c1.snap.jpg,0.4709986
2022-10-03 18:30:00,/Volumes/Argus/unk/snap/c1/1664821800.c1.snap.jpg,0.41968137
2022-10-03 19:00:00,/Volumes/Argus/unk/snap/c1/1664823600.c1.snap.jpg,0.3865919
2022-10-03 19:30:00,/Volumes/Argus/unk/snap/c1/1664825400.c1.snap.jpg,0.3367027
2022-10-03 20:00:00,/Volumes/Argus/unk/snap/c1/1664827200.c1.snap.jpg,0.419154
2022-10-03 20:30:00,/Volumes/Argus/unk/snap/c1/1664829000.c1.snap.jpg,0.44833314
2022-10-03 21:00:00,/Volumes/Argus/unk/snap/c1/1664830800.c1.snap.jpg,0.51733214
2022-10-03 22:00:00,/Volumes/Argus/unk/snap/c1/1664834400.c1.snap.jpg,0.69611526
2022-10-03 22:30:00,/Volumes/Argus/unk/snap/c1/1664836200.c1.snap.jpg,0.5085683
2022-10-03 23:00:00,/Volumes/Argus/unk/snap/c1/1664838000.c1.snap.jpg,0.6492287
2022-10-03 23:30:00,/Volumes/Argus/unk/snap/c1/1664839800.c1.snap.jpg,0.55117583
2022-10-04 00:00:00,/Volumes/Argus/unk/snap/c1/1664841600.c1.snap.jpg,0.7110322
2022-10-04 00:30:00,/Volumes/Argus/unk/snap/c1/1664843400.c1.snap.jpg,0.42658323
2022-10-04 01:00:00,/Volumes/Argus/unk/snap/c1/1664845200.c1.snap.jpg,0.58782077
2022-10-04 01:30:00,/Volumes/Argus/unk/snap/c1/1664847000.c1.snap.jpg,0.72205675
2022-10-04 02:00:00,/Volumes/Argus/unk/snap/c1/1664848800.c1.snap.jpg,0.4250087
2022-10-04 02:30:00,/Volumes/Argus/unk/snap/c1/1664850600.c1.snap.jpg,0.28704062
2022-10-04 03:00:00,/Volumes/Argus/unk/snap/c1/1664852400.c1.snap.jpg,0.54979515
2022-10-04 03:30:00,/Volumes/Argus/unk/snap/c1/1664854200.c1.snap.jpg,0.76128733
2022-10-04 04:00:00,/Volumes/Argus/unk/snap/c1/1664856000.c1.snap.jpg,0.4169771
2022-10-04 04:30:00,/Volumes/Argus/unk/snap/c1/1664857800.c1.snap.jpg,0.54107153
2022-10-04 05:00:00,/Volumes/Argus/unk/snap/c1/1664859600.c1.snap.jpg,0.7982465
2022-10-04 05:30:00,/Volumes/Argus/unk/snap/c1/1664861400.c1.snap.jpg,1.7529627
2022-10-05 16:30:00,/Volumes/Argus/unk/snap/c1/1664987400.c1.snap.jpg,0.88858616
2022-10-05 17:00:00,/Volumes/Argus/unk/snap/c1/1664989200.c1.snap.jpg,0.81294924
2022-10-05 17:30:00,/Volumes/Argus/unk/snap/c1/1664991000.c1.snap.jpg,0.8961639
2022-10-05 18:00:00,/Volumes/Argus/unk/snap/c1/1664992800.c1.snap.jpg,0.7843704
2022-10-05 18:30:00,/Volumes/Argus/unk/snap/c1/1664994600.c1.snap.jpg,0.74825877
2022-10-05 19:00:00,/Volumes/Argus/unk/snap/c1/1664996400.c1.snap.jpg,0.74868476
2022-10-05 19:30:00,/Volumes/Argus/unk/snap/c1/1664998200.c1.snap.jpg,0.91627777
2022-10-05 20:00:00,/Volumes/Argus/unk/snap/c1/1665000000.c1.snap.jpg,0.82458675
2022-10-05 20:30:00,/Volumes/Argus/unk/snap/c1/1665001800.c1.snap.jpg,0.8185629
2022-10-05 21:30:00,/Volumes/Argus/unk/snap/c1/1665005400.c1.snap.jpg,0.8998307
2022-10-05 22:00:00,/Volumes/Argus/unk/snap/c1/1665007200.c1.snap.jpg,0.927601
2022-10-05 22:30:00,/Volumes/Argus/unk/snap/c1/1665009000.c1.snap.jpg,1.074087
2022-10-05 23:00:00,/Volumes/Argus/unk/snap/c1/1665010800.c1.snap.jpg,1.1805258
2022-10-05 23:30:00,/Volumes/Argus/unk/snap/c1/1665012600.c1.snap.jpg,0.9284751
2022-10-06 00:00:00,/Volumes/Argus/unk/snap/c1/1665014400.c1.snap.jpg,0.46156457
2022-10-06 00:30:00,/Volumes/Argus/unk/snap/c1/1665016200.c1.snap.jpg,0.44456425
2022-10-06 01:00:00,/Volumes/Argus/unk/snap/c1/1665018000.c1.snap.jpg,0.4209516
2022-10-06 01:30:00,/Volumes/Argus/unk/snap/c1/1665019800.c1.snap.jpg,0.38316035
2022-10-06 02:00:00,/Volumes/Argus/unk/snap/c1/1665021600.c1.snap.jpg,0.52454054
2022-10-06 02:30:00,/Volumes/Argus/unk/snap/c1/1665023400.c1.snap.jpg,0.729078
2022-10-06 03:00:00,/Volumes/Argus/unk/snap/c1/1665025200.c1.snap.jpg,0.4459663
2022-10-06 04:00:00,/Volumes/Argus/unk/snap/c1/1665028800.c1.snap.jpg,0.5474966
2022-10-06 04:30:00,/Volumes/Argus/unk/snap/c1/1665030600.c1.snap.jpg,0.51015407
2022-10-06 05:00:00,/Volumes/Argus/unk/snap/c1/1665032400.c1.snap.jpg,0.93853974
2022-10-06 16:30:00,/Volumes/Argus/unk/snap/c1/1665073800.c1.snap.jpg,1.9263557
2022-10-06 17:00:00,/Volumes/Argus/unk/snap/c1/1665075600.c1.snap.jpg,1.4906393
2022-10-06 17:30:00,/Volumes/Argus/unk/snap/c1/1665077400.c1.snap.jpg,1.493045
2022-10-06 18:00:00,/Volumes/Argus/unk/snap/c1/1665079200.c1.snap.jpg,1.4524105
2022-10-06 18:30:00,/Volumes/Argus/unk/snap/c1/1665081000.c1.snap.jpg,1.4427499
2022-10-06 19:00:00,/Volumes/Argus/unk/snap/c1/1665082800.c1.snap.jpg,1.3401679
2022-10-06 20:00:00,/Volumes/Argus/unk/snap/c1/1665086400.c1.snap.jpg,1.2421467
2022-10-06 20:30:00,/Volumes/Argus/unk/snap/c1/1665088200.c1.snap.jpg,1.2745539
2022-10-06 21:00:00,/Volumes/Argus/unk/snap/c1/1665090000.c1.snap.jpg,1.1875727
2022-10-06 21:30:00,/Volumes/Argus/unk/snap/c1/1665091800.c1.snap.jpg,1.3018337
2022-10-06 22:00:00,/Volumes/Argus/unk/snap/c1/1665093600.c1.snap.jpg,1.2247303
2022-10-06 22:30:00,/Volumes/Argus/unk/snap/c1/1665095400.c1.snap.jpg,0.98225844
2022-10-06 23:00:00,/Volumes/Argus/unk/snap/c1/1665097200.c1.snap.jpg,0.8403093
2022-10-06 23:30:00,/Volumes/Argus/unk/snap/c1/1665099000.c1.snap.jpg,1.0899988
2022-10-07 00:00:00,/Volumes/Argus/unk/snap/c1/1665100800.c1.snap.jpg,0.83548343
2022-10-07 00:30:00,/Volumes/Argus/unk/snap/c1/1665102600.c1.snap.jpg,0.86884737
2022-10-07 01:00:00,/Volumes/Argus/unk/snap/c1/1665104400.c1.snap.jpg,0.89095193
2022-10-07 01:30:00,/Volumes/Argus/unk/snap/c1/1665106200.c1.snap.jpg,0.91699326
2022-10-07 02:00:00,/Volumes/Argus/unk/snap/c1/1665108000.c1.snap.jpg,0.82870847
2022-10-07 02:30:00,/Volumes/Argus/unk/snap/c1/1665109800.c1.snap.jpg,0.7635126
2022-10-07 03:00:00,/Volumes/Argus/unk/snap/c1/1665111600.c1.snap.jpg,1.2887185
2022-10-07 03:30:00,/Volumes/Argus/unk/snap/c1/1665113400.c1.snap.jpg,1.3012707
2022-10-07 04:00:00,/Volumes/Argus/unk/snap/c1/1665115200.c1.snap.jpg,0.8197834
2022-10-07 04:30:00,/Volumes/Argus/unk/snap/c1/1665117000.c1.snap.jpg,0.91096735
2022-10-07 19:00:00,/Volumes/Argus/unk/snap/c1/1665169200.c1.snap.jpg,2.1556478
2022-10-07 20:00:00,/Volumes/Argus/unk/snap/c1/1665172800.c1.snap.jpg,0.96611196
2022-10-07 20:30:00,/Volumes/Argus/unk/snap/c1/1665174600.c1.snap.jpg,1.9836864
2022-10-07 21:00:00,/Volumes/Argus/unk/snap/c1/1665176400.c1.snap.jpg,1.1626904
2022-10-07 21:30:00,/Volumes/Argus/unk/snap/c1/1665178200.c1.snap.jpg,1.069962
2022-10-07 22:00:00,/Volumes/Argus/unk/snap/c1/1665180000.c1.snap.jpg,0.8990142
2022-10-07 22:30:00,/Volumes/Argus/unk/snap/c1/1665181800.c1.snap.jpg,1.2282227
2022-10-07 23:00:00,/Volumes/Argus/unk/snap/c1/1665183600.c1.snap.jpg,0.898379
2022-10-07 23:30:00,/Volumes/Argus/unk/snap/c1/1665185400.c1.snap.jpg,0.96240973
2022-10-08 00:00:00,/Volumes/Argus/unk/snap/c1/1665187200.c1.snap.jpg,0.88569933
2022-10-08 00:30:00,/Volumes/Argus/unk/snap/c1/1665189000.c1.snap.jpg,0.9318279
2022-10-08 01:00:00,/Volumes/Argus/unk/snap/c1/1665190800.c1.snap.jpg,1.1516818
2022-10-08 01:30:00,/Volumes/Argus/unk/snap/c1/1665192600.c1.snap.jpg,1.0070436
2022-10-08 02:00:00,/Volumes/Argus/unk/snap/c1/1665194400.c1.snap.jpg,1.0006318
2022-10-08 02:30:00,/Volumes/Argus/unk/snap/c1/1665196200.c1.snap.jpg,1.0250027
2022-10-08 04:00:00,/Volumes/Argus/unk/snap/c1/1665201600.c1.snap.jpg,0.79004514
2022-10-08 04:30:00,/Volumes/Argus/unk/snap/c1/1665203400.c1.snap.jpg,0.88338244
2022-10-08 05:00:00,/Volumes/Argus/unk/snap/c1/1665205200.c1.snap.jpg,0.8163337
2022-10-08 16:30:00,/Volumes/Argus/unk/snap/c1/1665246600.c1.snap.jpg,1.3996853
2022-10-08 17:00:00,/Volumes/Argus/unk/snap/c1/1665248400.c1.snap.jpg,0.49594563
2022-10-08 17:30:00,/Volumes/Argus/unk/snap/c1/1665250200.c1.snap.jpg,0.4743429
2022-10-08 18:00:00,/Volumes/Argus/unk/snap/c1/1665252000.c1.snap.jpg,0.41752332
2022-10-08 19:00:00,/Volumes/Argus/unk/snap/c1/1665255600.c1.snap.jpg,0.6023616
2022-10-08 19:30:00,/Volumes/Argus/unk/snap/c1/1665257400.c1.snap.jpg,0.49866354
2022-10-08 20:00:00,/Volumes/Argus/unk/snap/c1/1665259200.c1.snap.jpg,0.56353295
2022-10-08 20:30:00,/Volumes/Argus/unk/snap/c1/1665261000.c1.snap.jpg,0.5161027
2022-10-08 21:30:00,/Volumes/Argus/unk/snap/c1/1665264600.c1.snap.jpg,0.41220737
2022-10-08 22:00:00,/Volumes/Argus/unk/snap/c1/1665266400.c1.snap.jpg,0.40056422
2022-10-08 22:30:00,/Volumes/Argus/unk/snap/c1/1665268200.c1.snap.jpg,0.4443974
2022-10-08 23:30:00,/Volumes/Argus/unk/snap/c1/1665271800.c1.snap.jpg,0.39483124
2022-10-09 00:00:00,/Volumes/Argus/unk/snap/c1/1665273600.c1.snap.jpg,0.4279988
2022-10-09 00:30:00,/Volumes/Argus/unk/snap/c1/1665275400.c1.snap.jpg,0.34334773
2022-10-09 01:00:00,/Volumes/Argus/unk/snap/c1/1665277200.c1.snap.jpg,0.4371123
2022-10-09 01:30:00,/Volumes/Argus/unk/snap/c1/1665279000.c1.snap.jpg,0.5013194
2022-10-09 02:00:00,/Volumes/Argus/unk/snap/c1/1665280800.c1.snap.jpg,0.5655321
2022-10-09 02:30:00,/Volumes/Argus/unk/snap/c1/1665282600.c1.snap.jpg,0.63394165
2022-10-09 03:30:00,/Volumes/Argus/unk/snap/c1/1665286200.c1.snap.jpg,0.85744363
2022-10-09 04:00:00,/Volumes/Argus/unk/snap/c1/1665288000.c1.snap.jpg,0.8286507
2022-10-09 04:30:00,/Volumes/Argus/unk/snap/c1/1665289800.c1.snap.jpg,0.4469819
2022-10-09 05:00:00,/Volumes/Argus/unk/snap/c1/1665291600.c1.snap.jpg,1.884024
2022-10-10 19:30:00,/Volumes/Argus/unk/snap/c1/1665430200.c1.snap.jpg,0.63207656
2022-10-10 20:00:00,/Volumes/Argus/unk/snap/c1/1665432000.c1.snap.jpg,0.54931927
2022-10-10 20:30:00,/Volumes/Argus/unk/snap/c1/1665433800.c1.snap.jpg,0.68955463
2022-10-10 21:00:00,/Volumes/Argus/unk/snap/c1/1665435600.c1.snap.jpg,0.5646478
2022-10-10 21:30:00,/Volumes/Argus/unk/snap/c1/1665437400.c1.snap.jpg,0.49674982
2022-10-10 22:00:00,/Volumes/Argus/unk/snap/c1/1665439200.c1.snap.jpg,0.62473756
2022-10-10 22:30:00,/Volumes/Argus/unk/snap/c1/1665441000.c1.snap.jpg,0.40134615
2022-10-10 23:00:00,/Volumes/Argus/unk/snap/c1/1665442800.c1.snap.jpg,0.48059362
2022-10-10 23:30:00,/Volumes/Argus/unk/snap/c1/1665444600.c1.snap.jpg,0.48548353
2022-10-11 00:00:00,/Volumes/Argus/unk/snap/c1/1665446400.c1.snap.jpg,0.39406684
2022-10-11 00:30:00,/Volumes/Argus/unk/snap/c1/1665448200.c1.snap.jpg,0.47213295
2022-10-11 01:00:00,/Volumes/Argus/unk/snap/c1/1665450000.c1.snap.jpg,0.52502424
2022-10-11 01:30:00,/Volumes/Argus/unk/snap/c1/1665451800.c1.snap.jpg,0.3279007
2022-10-11 02:00:00,/Volumes/Argus/unk/snap/c1/1665453600.c1.snap.jpg,0.50031507
2022-10-11 02:30:00,/Volumes/Argus/unk/snap/c1/1665455400.c1.snap.jpg,0.3783325
2022-10-11 03:00:00,/Volumes/Argus/unk/snap/c1/1665457200.c1.snap.jpg,0.67964673
2022-10-11 03:30:00,/Volumes/Argus/unk/snap/c1/1665459000.c1.snap.jpg,0.47370002
2022-10-11 04:00:00,/Volumes/Argus/unk/snap/c1/1665460800.c1.snap.jpg,0.46196732
2022-10-11 04:30:00,/Volumes/Argus/unk/snap/c1/1665462600.c1.snap.jpg,0.58253944
2022-10-11 05:00:00,/Volumes/Argus/unk/snap/c1/1665464400.c1.snap.jpg,0.66824186
2022-10-11 16:30:00,/Volumes/Argus/unk/snap/c1/1665505800.c1.snap.jpg,0.38365698
2022-10-11 17:00:00,/Volumes/Argus/unk/snap/c1/1665507600.c1.snap.jpg,1.0898525
2022-10-11 17:30:00,/Volumes/Argus/unk/snap/c1/1665509400.c1.snap.jpg,0.43002027
2022-10-11 18:00:00,/Volumes/Argus/unk/snap/c1/1665511200.c1.snap.jpg,0.42086542
2022-10-11 18:30:00,/Volumes/Argus/unk/snap/c1/1665513000.c1.snap.jpg,0.85084414
2022-10-11 19:00:00,/Volumes/Argus/unk/snap/c1/1665514800.c1.snap.jpg,0.7092204
2022-10-11 19:30:00,/Volumes/Argus/unk/snap/c1/1665516600.c1.snap.jpg,0.6051512
2022-10-11 20:00:00,/Volumes/Argus/unk/snap/c1/1665518400.c1.snap.jpg,0.77616
2022-10-11 20:30:00,/Volumes/Argus/unk/snap/c1/1665520200.c1.snap.jpg,0.9480703
2022-10-11 21:00:00,/Volumes/Argus/unk/snap/c1/1665522000.c1.snap.jpg,0.80438757
2022-10-11 21:30:00,/Volumes/Argus/unk/snap/c1/1665523800.c1.snap.jpg,0.7914601
2022-10-11 22:00:00,/Volumes/Argus/unk/snap/c1/1665525600.c1.snap.jpg,0.79722416
2022-10-11 22:30:00,/Volumes/Argus/unk/snap/c1/1665527400.c1.snap.jpg,0.6060708
2022-10-11 23:00:00,/Volumes/Argus/unk/snap/c1/1665529200.c1.snap.jpg,1.06678
2022-10-11 23:30:00,/Volumes/Argus/unk/snap/c1/1665531000.c1.snap.jpg,0.6556063
2022-10-12 00:00:00,/Volumes/Argus/unk/snap/c1/1665532800.c1.snap.jpg,0.7791112
2022-10-12 00:30:00,/Volumes/Argus/unk/snap/c1/1665534600.c1.snap.jpg,0.88748586
2022-10-12 01:00:00,/Volumes/Argus/unk/snap/c1/1665536400.c1.snap.jpg,0.7538556
2022-10-12 02:30:00,/Volumes/Argus/unk/snap/c1/1665541800.c1.snap.jpg,0.6561589
2022-10-12 03:00:00,/Volumes/Argus/unk/snap/c1/1665543600.c1.snap.jpg,0.62185687
2022-10-12 03:30:00,/Volumes/Argus/unk/snap/c1/1665545400.c1.snap.jpg,0.6682515
2022-10-12 04:00:00,/Volumes/Argus/unk/snap/c1/1665547200.c1.snap.jpg,0.6783911
2022-10-12 04:30:00,/Volumes/Argus/unk/snap/c1/1665549000.c1.snap.jpg,0.6291106
2022-10-12 05:00:00,/Volumes/Argus/unk/snap/c1/1665550800.c1.snap.jpg,0.9027412
2022-10-13 16:30:00,/Volumes/Argus/unk/snap/c1/1665678600.c1.snap.jpg,0.43729597
2022-10-13 17:00:00,/Volumes/Argus/unk/snap/c1/1665680400.c1.snap.jpg,0.38264817
2022-10-13 17:30:00,/Volumes/Argus/unk/snap/c1/1665682200.c1.snap.jpg,0.6742464
2022-10-13 18:00:00,/Volumes/Argus/unk/snap/c1/1665684000.c1.snap.jpg,0.3967004
2022-10-13 18:30:00,/Volumes/Argus/unk/snap/c1/1665685800.c1.snap.jpg,0.35996458
2022-10-13 19:00:00,/Volumes/Argus/unk/snap/c1/1665687600.c1.snap.jpg,0.40047503
2022-10-13 20:00:00,/Volumes/Argus/unk/snap/c1/1665691200.c1.snap.jpg,0.3804433
2022-10-13 20:30:00,/Volumes/Argus/unk/snap/c1/1665693000.c1.snap.jpg,0.48670527
2022-10-13 21:00:00,/Volumes/Argus/unk/snap/c1/1665694800.c1.snap.jpg,0.60989815
2022-10-13 21:30:00,/Volumes/Argus/unk/snap/c1/1665696600.c1.snap.jpg,0.52486986
2022-10-13 22:00:00,/Volumes/Argus/unk/snap/c1/1665698400.c1.snap.jpg,0.56697905
2022-10-13 22:30:00,/Volumes/Argus/unk/snap/c1/1665700200.c1.snap.jpg,0.4017769
2022-10-13 23:00:00,/Volumes/Argus/unk/snap/c1/1665702000.c1.snap.jpg,0.39394104
2022-10-13 23:30:00,/Volumes/Argus/unk/snap/c1/1665703800.c1.snap.jpg,0.439139
2022-10-14 00:30:00,/Volumes/Argus/unk/snap/c1/1665707400.c1.snap.jpg,0.44739884
2022-10-14 01:00:00,/Volumes/Argus/unk/snap/c1/1665709200.c1.snap.jpg,0.44246185
2022-10-14 01:30:00,/Volumes/Argus/unk/snap/c1/1665711000.c1.snap.jpg,0.5070082
2022-10-14 02:00:00,/Volumes/Argus/unk/snap/c1/1665712800.c1.snap.jpg,0.47024834
2022-10-14 03:00:00,/Volumes/Argus/unk/snap/c1/1665716400.c1.snap.jpg,0.58866155
2022-10-14 04:00:00,/Volumes/Argus/unk/snap/c1/1665720000.c1.snap.jpg,0.7090284
2022-10-14 04:30:00,/Volumes/Argus/unk/snap/c1/1665721800.c1.snap.jpg,0.690578
2022-10-14 18:30:00,/Volumes/Argus/unk/snap/c1/1665772200.c1.snap.jpg,0.45729366
2022-10-14 19:00:00,/Volumes/Argus/unk/snap/c1/1665774000.c1.snap.jpg,0.6603867
2022-10-14 19:30:00,/Volumes/Argus/unk/snap/c1/1665775800.c1.snap.jpg,0.40348268
2022-10-14 20:00:00,/Volumes/Argus/unk/snap/c1/1665777600.c1.snap.jpg,0.3894389
2022-10-14 20:30:00,/Volumes/Argus/unk/snap/c1/1665779400.c1.snap.jpg,0.40422294
2022-10-14 21:00:00,/Volumes/Argus/unk/snap/c1/1665781200.c1.snap.jpg,0.42348608
2022-10-14 21:30:00,/Volumes/Argus/unk/snap/c1/1665783000.c1.snap.jpg,0.46716285
2022-10-14 22:00:00,/Volumes/Argus/unk/snap/c1/1665784800.c1.snap.jpg,0.42890194
2022-10-14 22:30:00,/Volumes/Argus/unk/snap/c1/1665786600.c1.snap.jpg,0.579218
2022-10-14 23:00:00,/Volumes/Argus/unk/snap/c1/1665788400.c1.snap.jpg,0.4822785
2022-10-14 23:30:00,/Volumes/Argus/unk/snap/c1/1665790200.c1.snap.jpg,0.5532702
2022-10-15 00:00:00,/Volumes/Argus/unk/snap/c1/1665792000.c1.snap.jpg,0.4674707
2022-10-15 00:30:00,/Volumes/Argus/unk/snap/c1/1665793800.c1.snap.jpg,0.5503837
2022-10-15 01:00:00,/Volumes/Argus/unk/snap/c1/1665795600.c1.snap.jpg,0.5199195
2022-10-15 01:30:00,/Volumes/Argus/unk/snap/c1/1665797400.c1.snap.jpg,0.56581855
2022-10-15 02:00:00,/Volumes/Argus/unk/snap/c1/1665799200.c1.snap.jpg,0.57124966
2022-10-15 02:30:00,/Volumes/Argus/unk/snap/c1/1665801000.c1.snap.jpg,0.62435865
2022-10-15 03:00:00,/Volumes/Argus/unk/snap/c1/1665802800.c1.snap.jpg,0.6022333
2022-10-15 03:30:00,/Volumes/Argus/unk/snap/c1/1665804600.c1.snap.jpg,0.44063288
2022-10-15 04:00:00,/Volumes/Argus/unk/snap/c1/1665806400.c1.snap.jpg,0.6789893
2022-10-15 04:30:00,/Volumes/Argus/unk/snap/c1/1665808200.c1.snap.jpg,1.1588693
2022-10-15 16:30:00,/Volumes/Argus/unk/snap/c1/1665851400.c1.snap.jpg,0.6878196
2022-10-15 17:30:00,/Volumes/Argus/unk/snap/c1/1665855000.c1.snap.jpg,0.8229943
2022-10-15 18:00:00,/Volumes/Argus/unk/snap/c1/1665856800.c1.snap.jpg,0.83662426
2022-10-15 18:30:00,/Volumes/Argus/unk/snap/c1/1665858600.c1.snap.jpg,0.8120583
2022-10-15 19:00:00,/Volumes/Argus/unk/snap/c1/1665860400.c1.snap.jpg,0.80658674
2022-10-15 19:30:00,/Volumes/Argus/unk/snap/c1/1665862200.c1.snap.jpg,0.7234688
2022-10-15 20:00:00,/Volumes/Argus/unk/snap/c1/1665864000.c1.snap.jpg,0.6860401
2022-10-15 21:00:00,/Volumes/Argus/unk/snap/c1/1665867600.c1.snap.jpg,0.65800095
2022-10-15 21:30:00,/Volumes/Argus/unk/snap/c1/1665869400.c1.snap.jpg,0.65644526
2022-10-15 22:30:00,/Volumes/Argus/unk/snap/c1/1665873000.c1.snap.jpg,0.7959364
2022-10-15 23:00:00,/Volumes/Argus/unk/snap/c1/1665874800.c1.snap.jpg,0.6809404
2022-10-15 23:30:00,/Volumes/Argus/unk/snap/c1/1665876600.c1.snap.jpg,0.7351252
2022-10-16 00:00:00,/Volumes/Argus/unk/snap/c1/1665878400.c1.snap.jpg,0.6403617
2022-10-16 00:30:00,/Volumes/Argus/unk/snap/c1/1665880200.c1.snap.jpg,0.6241033
2022-10-16 01:00:00,/Volumes/Argus/unk/snap/c1/1665882000.c1.snap.jpg,0.6796373
2022-10-16 01:30:00,/Volumes/Argus/unk/snap/c1/1665883800.c1.snap.jpg,0.5770561
2022-10-16 02:00:00,/Volumes/Argus/unk/snap/c1/1665885600.c1.snap.jpg,0.60033107
2022-10-16 03:00:00,/Volumes/Argus/unk/snap/c1/1665889200.c1.snap.jpg,0.6274352
2022-10-16 03:30:00,/Volumes/Argus/unk/snap/c1/1665891000.c1.snap.jpg,0.7210021
2022-10-16 04:00:00,/Volumes/Argus/unk/snap/c1/1665892800.c1.snap.jpg,0.57131076
2022-10-16 04:30:00,/Volumes/Argus/unk/snap/c1/1665894600.c1.snap.jpg,0.659668
2022-10-16 05:00:00,/Volumes/Argus/unk/snap/c1/1665896400.c1.snap.jpg,1.8295668
2022-10-16 16:30:00,/Volumes/Argus/unk/snap/c1/1665937800.c1.snap.jpg,0.66695476
2022-10-16 17:00:00,/Volumes/Argus/unk/snap/c1/1665939600.c1.snap.jpg,0.7262496
2022-10-16 17:30:00,/Volumes/Argus/unk/snap/c1/1665941400.c1.snap.jpg,0.7148378
2022-10-16 18:00:00,/Volumes/Argus/unk/snap/c1/1665943200.c1.snap.jpg,0.6118102
2022-10-16 18:30:00,/Volumes/Argus/unk/snap/c1/1665945000.c1.snap.jpg,0.62728167
2022-10-16 19:30:00,/Volumes/Argus/unk/snap/c1/1665948600.c1.snap.jpg,0.6315483
2022-10-16 20:00:00,/Volumes/Argus/unk/snap/c1/1665950400.c1.snap.jpg,0.7979289
2022-10-16 20:30:00,/Volumes/Argus/unk/snap/c1/1665952200.c1.snap.jpg,0.6240503
2022-10-16 21:00:00,/Volumes/Argus/unk/snap/c1/1665954000.c1.snap.jpg,0.5707041
2022-10-16 21:30:00,/Volumes/Argus/unk/snap/c1/1665955800.c1.snap.jpg,0.77146864
2022-10-16 22:00:00,/Volumes/Argus/unk/snap/c1/1665957600.c1.snap.jpg,0.73558056
2022-10-16 22:30:00,/Volumes/Argus/unk/snap/c1/1665959400.c1.snap.jpg,0.7881458
2022-10-16 23:00:00,/Volumes/Argus/unk/snap/c1/1665961200.c1.snap.jpg,0.7287893
2022-10-16 23:30:00,/Volumes/Argus/unk/snap/c1/1665963000.c1.snap.jpg,0.70999825
2022-10-17 00:00:00,/Volumes/Argus/unk/snap/c1/1665964800.c1.snap.jpg,0.716017
2022-10-17 00:30:00,/Volumes/Argus/unk/snap/c1/1665966600.c1.snap.jpg,0.45849293
2022-10-17 01:00:00,/Volumes/Argus/unk/snap/c1/1665968400.c1.snap.jpg,0.46286198
2022-10-17 01:30:00,/Volumes/Argus/unk/snap/c1/1665970200.c1.snap.jpg,0.7508082
2022-10-17 02:00:00,/Volumes/Argus/unk/snap/c1/1665972000.c1.snap.jpg,0.7784265
2022-10-17 03:00:00,/Volumes/Argus/unk/snap/c1/1665975600.c1.snap.jpg,0.85611475
2022-10-17 03:30:00,/Volumes/Argus/unk/snap/c1/1665977400.c1.snap.jpg,0.69327587
2022-10-17 04:00:00,/Volumes/Argus/unk/snap/c1/1665979200.c1.snap.jpg,0.89802015
2022-10-17 04:30:00,/Volumes/Argus/unk/snap/c1/1665981000.c1.snap.jpg,0.80206716
2022-10-17 05:00:00,/Volumes/Argus/unk/snap/c1/1665982800.c1.snap.jpg,1.8208038
2022-10-17 18:30:00,/Volumes/Argus/unk/snap/c1/1666031400.c1.snap.jpg,0.5063084
2022-10-17 19:00:00,/Volumes/Argus/unk/snap/c1/1666033200.c1.snap.jpg,0.53354204
2022-10-17 20:00:00,/Volumes/Argus/unk/snap/c1/1666036800.c1.snap.jpg,0.64171576
2022-10-17 20:30:00,/Volumes/Argus/unk/snap/c1/1666038600.c1.snap.jpg,0.54610807
2022-10-17 21:00:00,/Volumes/Argus/unk/snap/c1/1666040400.c1.snap.jpg,0.53008795
2022-10-17 21:30:00,/Volumes/Argus/unk/snap/c1/1666042200.c1.snap.jpg,0.61610425
2022-10-17 22:00:00,/Volumes/Argus/unk/snap/c1/1666044000.c1.snap.jpg,0.51934785
2022-10-17 22:30:00,/Volumes/Argus/unk/snap/c1/1666045800.c1.snap.jpg,0.75342953
2022-10-17 23:00:00,/Volumes/Argus/unk/snap/c1/1666047600.c1.snap.jpg,0.430557
2022-10-17 23:30:00,/Volumes/Argus/unk/snap/c1/1666049400.c1.snap.jpg,0.48783642
2022-10-18 00:00:00,/Volumes/Argus/unk/snap/c1/1666051200.c1.snap.jpg,0.45420164
2022-10-18 00:30:00,/Volumes/Argus/unk/snap/c1/1666053000.c1.snap.jpg,0.43142754
2022-10-18 01:00:00,/Volumes/Argus/unk/snap/c1/1666054800.c1.snap.jpg,0.4665062
2022-10-18 01:30:00,/Volumes/Argus/unk/snap/c1/1666056600.c1.snap.jpg,0.46503258
2022-10-18 02:00:00,/Volumes/Argus/unk/snap/c1/1666058400.c1.snap.jpg,0.5180423
2022-10-18 03:00:00,/Volumes/Argus/unk/snap/c1/1666062000.c1.snap.jpg,0.52973866
2022-10-18 03:30:00,/Volumes/Argus/unk/snap/c1/1666063800.c1.snap.jpg,0.52478945
2022-10-18 04:00:00,/Volumes/Argus/unk/snap/c1/1666065600.c1.snap.jpg,0.8918265
2022-10-18 17:00:00,/Volumes/Argus/unk/snap/c1/1666112400.c1.snap.jpg,0.6920755
2022-10-18 17:30:00,/Volumes/Argus/unk/snap/c1/1666114200.c1.snap.jpg,0.5401367
2022-10-18 18:00:00,/Volumes/Argus/unk/snap/c1/1666116000.c1.snap.jpg,0.46953136
2022-10-18 19:00:00,/Volumes/Argus/unk/snap/c1/1666119600.c1.snap.jpg,0.4347914
2022-10-18 19:30:00,/Volumes/Argus/unk/snap/c1/1666121400.c1.snap.jpg,0.42439938
2022-10-18 20:00:00,/Volumes/Argus/unk/snap/c1/1666123200.c1.snap.jpg,0.3886627
2022-10-18 20:30:00,/Volumes/Argus/unk/snap/c1/1666125000.c1.snap.jpg,0.4290467
2022-10-18 21:00:00,/Volumes/Argus/unk/snap/c1/1666126800.c1.snap.jpg,0.6435308
2022-10-18 21:30:00,/Volumes/Argus/unk/snap/c1/1666128600.c1.snap.jpg,0.7779586
2022-10-18 22:00:00,/Volumes/Argus/unk/snap/c1/1666130400.c1.snap.jpg,0.8407142
2022-10-18 22:30:00,/Volumes/Argus/unk/snap/c1/1666132200.c1.snap.jpg,0.7916527
2022-10-18 23:00:00,/Volumes/Argus/unk/snap/c1/1666134000.c1.snap.jpg,0.5815708
2022-10-18 23:30:00,/Volumes/Argus/unk/snap/c1/1666135800.c1.snap.jpg,0.42812786
2022-10-19 00:00:00,/Volumes/Argus/unk/snap/c1/1666137600.c1.snap.jpg,0.46702665
2022-10-19 00:30:00,/Volumes/Argus/unk/snap/c1/1666139400.c1.snap.jpg,0.45416707
2022-10-19 01:00:00,/Volumes/Argus/unk/snap/c1/1666141200.c1.snap.jpg,0.3795351
2022-10-19 01:30:00,/Volumes/Argus/unk/snap/c1/1666143000.c1.snap.jpg,0.48092353
2022-10-19 02:00:00,/Volumes/Argus/unk/snap/c1/1666144800.c1.snap.jpg,0.35937572
2022-10-19 02:30:00,/Volumes/Argus/unk/snap/c1/1666146600.c1.snap.jpg,0.37558776
2022-10-19 03:00:00,/Volumes/Argus/unk/snap/c1/1666148400.c1.snap.jpg,0.41244522
2022-10-19 03:30:00,/Volumes/Argus/unk/snap/c1/1666150200.c1.snap.jpg,0.40065348
2022-10-19 04:00:00,/Volumes/Argus/unk/snap/c1/1666152000.c1.snap.jpg,0.55982995
2022-10-19 16:30:00,/Volumes/Argus/unk/snap/c1/1666197000.c1.snap.jpg,0.84773076
2022-10-19 17:00:00,/Volumes/Argus/unk/snap/c1/1666198800.c1.snap.jpg,0.65769166
2022-10-19 17:30:00,/Volumes/Argus/unk/snap/c1/1666200600.c1.snap.jpg,0.65907395
2022-10-19 18:00:00,/Volumes/Argus/unk/snap/c1/1666202400.c1.snap.jpg,0.74716324
2022-10-19 18:30:00,/Volumes/Argus/unk/snap/c1/1666204200.c1.snap.jpg,0.7366354
2022-10-19 19:00:00,/Volumes/Argus/unk/snap/c1/1666206000.c1.snap.jpg,0.40739417
2022-10-19 19:30:00,/Volumes/Argus/unk/snap/c1/1666207800.c1.snap.jpg,0.36684427
2022-10-19 20:30:00,/Volumes/Argus/unk/snap/c1/1666211400.c1.snap.jpg,0.66169375
2022-10-19 21:00:00,/Volumes/Argus/unk/snap/c1/1666213200.c1.snap.jpg,0.73417354
2022-10-19 21:30:00,/Volumes/Argus/unk/snap/c1/1666215000.c1.snap.jpg,0.8412273
2022-10-19 22:00:00,/Volumes/Argus/unk/snap/c1/1666216800.c1.snap.jpg,0.815598
2022-10-19 22:30:00,/Volumes/Argus/unk/snap/c1/1666218600.c1.snap.jpg,0.78276753
2022-10-19 23:00:00,/Volumes/Argus/unk/snap/c1/1666220400.c1.snap.jpg,0.8122316
2022-10-19 23:30:00,/Volumes/Argus/unk/snap/c1/1666222200.c1.snap.jpg,0.7755117
2022-10-20 00:00:00,/Volumes/Argus/unk/snap/c1/1666224000.c1.snap.jpg,0.7352451
2022-10-20 01:00:00,/Volumes/Argus/unk/snap/c1/1666227600.c1.snap.jpg,0.6164013
2022-10-20 01:30:00,/Volumes/Argus/unk/snap/c1/1666229400.c1.snap.jpg,0.77854365
2022-10-20 02:00:00,/Volumes/Argus/unk/snap/c1/1666231200.c1.snap.jpg,0.7033782
2022-10-20 03:00:00,/Volumes/Argus/unk/snap/c1/1666234800.c1.snap.jpg,0.9724412
2022-10-20 03:30:00,/Volumes/Argus/unk/snap/c1/1666236600.c1.snap.jpg,0.7500061
2022-10-20 04:00:00,/Volumes/Argus/unk/snap/c1/1666238400.c1.snap.jpg,0.77286947
2022-10-20 17:30:00,/Volumes/Argus/unk/snap/c1/1666287000.c1.snap.jpg,0.9159844
2022-10-20 18:00:00,/Volumes/Argus/unk/snap/c1/1666288800.c1.snap.jpg,0.75355685
2022-10-20 18:30:00,/Volumes/Argus/unk/snap/c1/1666290600.c1.snap.jpg,0.9220222
2022-10-20 19:00:00,/Volumes/Argus/unk/snap/c1/1666292400.c1.snap.jpg,0.8273127
2022-10-20 19:30:00,/Volumes/Argus/unk/snap/c1/1666294200.c1.snap.jpg,0.8524871
2022-10-20 20:00:00,/Volumes/Argus/unk/snap/c1/1666296000.c1.snap.jpg,0.67191887
2022-10-20 20:30:00,/Volumes/Argus/unk/snap/c1/1666297800.c1.snap.jpg,0.82636213
2022-10-20 21:00:00,/Volumes/Argus/unk/snap/c1/1666299600.c1.snap.jpg,0.83264303
2022-10-20 21:30:00,/Volumes/Argus/unk/snap/c1/1666301400.c1.snap.jpg,0.7486366
2022-10-20 22:00:00,/Volumes/Argus/unk/snap/c1/1666303200.c1.snap.jpg,0.719793
2022-10-20 22:30:00,/Volumes/Argus/unk/snap/c1/1666305000.c1.snap.jpg,0.64860976
2022-10-20 23:00:00,/Volumes/Argus/unk/snap/c1/1666306800.c1.snap.jpg,0.6486185
2022-10-20 23:30:00,/Volumes/Argus/unk/snap/c1/1666308600.c1.snap.jpg,0.38673815
2022-10-21 00:00:00,/Volumes/Argus/unk/snap/c1/1666310400.c1.snap.jpg,0.49032193
2022-10-21 00:30:00,/Volumes/Argus/unk/snap/c1/1666312200.c1.snap.jpg,0.48133165
2022-10-21 01:30:00,/Volumes/Argus/unk/snap/c1/1666315800.c1.snap.jpg,0.43269652
2022-10-21 02:00:00,/Volumes/Argus/unk/snap/c1/1666317600.c1.snap.jpg,0.35406747
2022-10-21 02:30:00,/Volumes/Argus/unk/snap/c1/1666319400.c1.snap.jpg,0.58495724
2022-10-21 03:00:00,/Volumes/Argus/unk/snap/c1/1666321200.c1.snap.jpg,0.52914214
2022-10-21 03:30:00,/Volumes/Argus/unk/snap/c1/1666323000.c1.snap.jpg,0.39192903
2022-10-21 04:00:00,/Volumes/Argus/unk/snap/c1/1666324800.c1.snap.jpg,0.68006885
2022-10-21 16:30:00,/Volumes/Argus/unk/snap/c1/1666369800.c1.snap.jpg,1.8291773
2022-10-21 17:00:00,/Volumes/Argus/unk/snap/c1/1666371600.c1.snap.jpg,0.76065606
2022-10-21 17:30:00,/Volumes/Argus/unk/snap/c1/1666373400.c1.snap.jpg,0.42973623
2022-10-21 18:00:00,/Volumes/Argus/unk/snap/c1/1666375200.c1.snap.jpg,0.60552824
2022-10-21 18:30:00,/Volumes/Argus/unk/snap/c1/1666377000.c1.snap.jpg,0.56891036
2022-10-21 19:00:00,/Volumes/Argus/unk/snap/c1/1666378800.c1.snap.jpg,0.5487587
2022-10-21 19:30:00,/Volumes/Argus/unk/snap/c1/1666380600.c1.snap.jpg,0.5179099
2022-10-21 20:00:00,/Volumes/Argus/unk/snap/c1/1666382400.c1.snap.jpg,0.5528401
2022-10-21 20:30:00,/Volumes/Argus/unk/snap/c1/1666384200.c1.snap.jpg,0.549623
2022-10-21 21:00:00,/Volumes/Argus/unk/snap/c1/1666386000.c1.snap.jpg,0.69185704
2022-10-21 21:30:00,/Volumes/Argus/unk/snap/c1/1666387800.c1.snap.jpg,0.54562706
2022-10-21 22:00:00,/Volumes/Argus/unk/snap/c1/1666389600.c1.snap.jpg,0.8270333
2022-10-21 22:30:00,/Volumes/Argus/unk/snap/c1/1666391400.c1.snap.jpg,0.6672238
2022-10-21 23:00:00,/Volumes/Argus/unk/snap/c1/1666393200.c1.snap.jpg,0.6502692
2022-10-21 23:30:00,/Volumes/Argus/unk/snap/c1/1666395000.c1.snap.jpg,0.7170604
2022-10-22 00:30:00,/Volumes/Argus/unk/snap/c1/1666398600.c1.snap.jpg,0.72847223
2022-10-22 01:00:00,/Volumes/Argus/unk/snap/c1/1666400400.c1.snap.jpg,0.7985506
2022-10-22 02:00:00,/Volumes/Argus/unk/snap/c1/1666404000.c1.snap.jpg,0.88047534
2022-10-22 02:30:00,/Volumes/Argus/unk/snap/c1/1666405800.c1.snap.jpg,0.84664804
2022-10-22 03:00:00,/Volumes/Argus/unk/snap/c1/1666407600.c1.snap.jpg,1.1224532
2022-10-22 03:30:00,/Volumes/Argus/unk/snap/c1/1666409400.c1.snap.jpg,0.5691724
2022-10-22 04:00:00,/Volumes/Argus/unk/snap/c1/1666411200.c1.snap.jpg,0.9099946
2022-10-22 16:30:00,/Volumes/Argus/unk/snap/c1/1666456200.c1.snap.jpg,0.5279104
2022-10-22 17:00:00,/Volumes/Argus/unk/snap/c1/1666458000.c1.snap.jpg,0.8880529
2022-10-22 17:30:00,/Volumes/Argus/unk/snap/c1/1666459800.c1.snap.jpg,0.56572044
2022-10-22 18:00:00,/Volumes/Argus/unk/snap/c1/1666461600.c1.snap.jpg,0.5879946
2022-10-22 18:30:00,/Volumes/Argus/unk/snap/c1/1666463400.c1.snap.jpg,0.63687587
2022-10-22 19:30:00,/Volumes/Argus/unk/snap/c1/1666467000.c1.snap.jpg,0.58995205
2022-10-22 20:00:00,/Volumes/Argus/unk/snap/c1/1666468800.c1.snap.jpg,0.4425512
2022-10-22 20:30:00,/Volumes/Argus/unk/snap/c1/1666470600.c1.snap.jpg,0.6515344
2022-10-22 21:00:00,/Volumes/Argus/unk/snap/c1/1666472400.c1.snap.jpg,0.64518726
2022-10-22 21:30:00,/Volumes/Argus/unk/snap/c1/1666474200.c1.snap.jpg,0.31444058
2022-10-22 22:00:00,/Volumes/Argus/unk/snap/c1/1666476000.c1.snap.jpg,0.61883086
2022-10-22 22:30:00,/Volumes/Argus/unk/snap/c1/1666477800.c1.snap.jpg,0.5890538
2022-10-22 23:00:00,/Volumes/Argus/unk/snap/c1/1666479600.c1.snap.jpg,0.6011208
2022-10-22 23:30:00,/Volumes/Argus/unk/snap/c1/1666481400.c1.snap.jpg,0.62422043
2022-10-23 00:00:00,/Volumes/Argus/unk/snap/c1/1666483200.c1.snap.jpg,0.66605014
2022-10-23 01:30:00,/Volumes/Argus/unk/snap/c1/1666488600.c1.snap.jpg,0.52465147
2022-10-23 03:00:00,/Volumes/Argus/unk/snap/c1/1666494000.c1.snap.jpg,0.71417636
2022-10-23 03:30:00,/Volumes/Argus/unk/snap/c1/1666495800.c1.snap.jpg,0.7445739
2022-10-23 04:00:00,/Volumes/Argus/unk/snap/c1/1666497600.c1.snap.jpg,0.8528879
2022-10-24 16:30:00,/Volumes/Argus/unk/snap/c1/1666629000.c1.snap.jpg,0.5876313
2022-10-24 17:00:00,/Volumes/Argus/unk/snap/c1/1666630800.c1.snap.jpg,0.5310191
2022-10-24 17:30:00,/Volumes/Argus/unk/snap/c1/1666632600.c1.snap.jpg,0.50789744
2022-10-24 18:00:00,/Volumes/Argus/unk/snap/c1/1666634400.c1.snap.jpg,0.4493341
2022-10-24 18:30:00,/Volumes/Argus/unk/snap/c1/1666636200.c1.snap.jpg,0.6205485
2022-10-24 19:00:00,/Volumes/Argus/unk/snap/c1/1666638000.c1.snap.jpg,0.71719235
2022-10-24 19:30:00,/Volumes/Argus/unk/snap/c1/1666639800.c1.snap.jpg,0.702852
2022-10-24 20:30:00,/Volumes/Argus/unk/snap/c1/1666643400.c1.snap.jpg,0.5588819
2022-10-24 21:00:00,/Volumes/Argus/unk/snap/c1/1666645200.c1.snap.jpg,0.5455863
2022-10-24 22:00:00,/Volumes/Argus/unk/snap/c1/1666648800.c1.snap.jpg,0.8416189
2022-10-24 22:30:00,/Volumes/Argus/unk/snap/c1/1666650600.c1.snap.jpg,0.78306097
2022-10-24 23:00:00,/Volumes/Argus/unk/snap/c1/1666652400.c1.snap.jpg,0.60436153
2022-10-24 23:30:00,/Volumes/Argus/unk/snap/c1/1666654200.c1.snap.jpg,0.8865603
2022-10-25 00:00:00,/Volumes/Argus/unk/snap/c1/1666656000.c1.snap.jpg,0.40544277
2022-10-25 00:30:00,/Volumes/Argus/unk/snap/c1/1666657800.c1.snap.jpg,0.42781714
2022-10-25 01:00:00,/Volumes/Argus/unk/snap/c1/1666659600.c1.snap.jpg,0.73751265
2022-10-25 01:30:00,/Volumes/Argus/unk/snap/c1/1666661400.c1.snap.jpg,0.69456
2022-10-25 02:00:00,/Volumes/Argus/unk/snap/c1/1666663200.c1.snap.jpg,0.49336115
2022-10-25 03:00:00,/Volumes/Argus/unk/snap/c1/1666666800.c1.snap.jpg,0.4334882
2022-10-25 03:30:00,/Volumes/Argus/unk/snap/c1/1666668600.c1.snap.jpg,0.724031
2022-10-25 04:00:00,/Volumes/Argus/unk/snap/c1/1666670400.c1.snap.jpg,0.9186631
2022-10-25 20:00:00,/Volumes/Argus/unk/snap/c1/1666728000.c1.snap.jpg,0.7395764
2022-10-25 20:30:00,/Volumes/Argus/unk/snap/c1/1666729800.c1.snap.jpg,0.76311517
2022-10-25 21:00:00,/Volumes/Argus/unk/snap/c1/1666731600.c1.snap.jpg,0.62643516
2022-10-25 21:30:00,/Volumes/Argus/unk/snap/c1/1666733400.c1.snap.jpg,0.71949714
2022-10-25 22:00:00,/Volumes/Argus/unk/snap/c1/1666735200.c1.snap.jpg,0.7516079
2022-10-25 22:30:00,/Volumes/Argus/unk/snap/c1/1666737000.c1.snap.jpg,0.7856135
2022-10-25 23:00:00,/Volumes/Argus/unk/snap/c1/1666738800.c1.snap.jpg,0.75148153
2022-10-25 23:30:00,/Volumes/Argus/unk/snap/c1/1666740600.c1.snap.jpg,0.7226167
2022-10-26 00:00:00,/Volumes/Argus/unk/snap/c1/1666742400.c1.snap.jpg,0.7722205
2022-10-26 00:30:00,/Volumes/Argus/unk/snap/c1/1666744200.c1.snap.jpg,0.7380353
2022-10-26 01:00:00,/Volumes/Argus/unk/snap/c1/1666746000.c1.snap.jpg,0.6673468
2022-10-26 01:30:00,/Volumes/Argus/unk/snap/c1/1666747800.c1.snap.jpg,0.63904095
2022-10-26 02:00:00,/Volumes/Argus/unk/snap/c1/1666749600.c1.snap.jpg,0.6538987
2022-10-26 02:30:00,/Volumes/Argus/unk/snap/c1/1666751400.c1.snap.jpg,0.7018199
2022-10-26 03:00:00,/Volumes/Argus/unk/snap/c1/1666753200.c1.snap.jpg,0.79438657
2022-10-26 03:30:00,/Volumes/Argus/unk/snap/c1/1666755000.c1.snap.jpg,0.7148232
2022-10-26 04:00:00,/Volumes/Argus/unk/snap/c1/1666756800.c1.snap.jpg,1.099983
2022-10-28 16:30:00,/Volumes/Argus/unk/snap/c1/1666974600.c1.snap.jpg,1.4897548
2022-10-28 17:00:00,/Volumes/Argus/unk/snap/c1/1666976400.c1.snap.jpg,0.49271718
2022-10-28 18:00:00,/Volumes/Argus/unk/snap/c1/1666980000.c1.snap.jpg,0.6753595
2022-10-28 18:30:00,/Volumes/Argus/unk/snap/c1/1666981800.c1.snap.jpg,0.65911186
2022-10-28 19:30:00,/Volumes/Argus/unk/snap/c1/1666985400.c1.snap.jpg,0.6008737
2022-10-28 20:00:00,/Volumes/Argus/unk/snap/c1/1666987200.c1.snap.jpg,0.7092003
2022-10-28 21:00:00,/Volumes/Argus/unk/snap/c1/1666990800.c1.snap.jpg,0.7549075
2022-10-28 21:30:00,/Volumes/Argus/unk/snap/c1/1666992600.c1.snap.jpg,0.83199024
2022-10-28 22:00:00,/Volumes/Argus/unk/snap/c1/1666994400.c1.snap.jpg,0.89343524
2022-10-28 22:30:00,/Volumes/Argus/unk/snap/c1/1666996200.c1.snap.jpg,0.49570817
2022-10-28 23:00:00,/Volumes/Argus/unk/snap/c1/1666998000.c1.snap.jpg,0.5645913
2022-10-28 23:30:00,/Volumes/Argus/unk/snap/c1/1666999800.c1.snap.jpg,0.7391554
2022-10-29 00:00:00,/Volumes/Argus/unk/snap/c1/1667001600.c1.snap.jpg,0.69420743
2022-10-29 00:30:00,/Volumes/Argus/unk/snap/c1/1667003400.c1.snap.jpg,0.49232614
2022-10-29 01:00:00,/Volumes/Argus/unk/snap/c1/1667005200.c1.snap.jpg,0.53536624
2022-10-29 01:30:00,/Volumes/Argus/unk/snap/c1/1667007000.c1.snap.jpg,0.3742933
2022-10-29 02:00:00,/Volumes/Argus/unk/snap/c1/1667008800.c1.snap.jpg,0.56861097
2022-10-29 02:30:00,/Volumes/Argus/unk/snap/c1/1667010600.c1.snap.jpg,0.5669006
2022-10-29 03:00:00,/Volumes/Argus/unk/snap/c1/1667012400.c1.snap.jpg,0.6167561
2022-10-29 03:30:00,/Volumes/Argus/unk/snap/c1/1667014200.c1.snap.jpg,0.757671
2022-10-29 04:00:00,/Volumes/Argus/unk/snap/c1/1667016000.c1.snap.jpg,0.843711
2022-10-29 16:30:00,/Volumes/Argus/unk/snap/c1/1667061000.c1.snap.jpg,1.8191885
2022-10-29 17:00:00,/Volumes/Argus/unk/snap/c1/1667062800.c1.snap.jpg,0.68466884
2022-10-29 17:30:00,/Volumes/Argus/unk/snap/c1/1667064600.c1.snap.jpg,0.51863205
2022-10-29 18:00:00,/Volumes/Argus/unk/snap/c1/1667066400.c1.snap.jpg,0.45754468
2022-10-29 19:00:00,/Volumes/Argus/unk/snap/c1/1667070000.c1.snap.jpg,0.4385175
2022-10-29 19:30:00,/Volumes/Argus/unk/snap/c1/1667071800.c1.snap.jpg,0.5443268
2022-10-29 20:00:00,/Volumes/Argus/unk/snap/c1/1667073600.c1.snap.jpg,0.6311631
2022-10-29 20:30:00,/Volumes/Argus/unk/snap/c1/1667075400.c1.snap.jpg,0.6657203
2022-10-29 21:00:00,/Volumes/Argus/unk/snap/c1/1667077200.c1.snap.jpg,0.4443209
2022-10-29 22:00:00,/Volumes/Argus/unk/snap/c1/1667080800.c1.snap.jpg,0.768908
2022-10-29 22:30:00,/Volumes/Argus/unk/snap/c1/1667082600.c1.snap.jpg,0.612755
2022-10-30 00:00:00,/Volumes/Argus/unk/snap/c1/1667088000.c1.snap.jpg,0.50127935
2022-10-30 00:30:00,/Volumes/Argus/unk/snap/c1/1667089800.c1.snap.jpg,0.5290473
2022-10-30 01:00:00,/Volumes/Argus/unk/snap/c1/1667091600.c1.snap.jpg,0.5301777
2022-10-30 01:30:00,/Volumes/Argus/unk/snap/c1/1667093400.c1.snap.jpg,0.52266526
2022-10-30 02:00:00,/Volumes/Argus/unk/snap/c1/1667095200.c1.snap.jpg,0.62318766
2022-10-30 02:30:00,/Volumes/Argus/unk/snap/c1/1667097000.c1.snap.jpg,0.6218083
2022-10-30 03:00:00,/Volumes/Argus/unk/snap/c1/1667098800.c1.snap.jpg,0.6396075
2022-10-30 03:30:00,/Volumes/Argus/unk/snap/c1/1667100600.c1.snap.jpg,0.42501667
2022-10-30 16:30:00,/Volumes/Argus/unk/snap/c1/1667147400.c1.snap.jpg,1.859276
2022-10-30 17:00:00,/Volumes/Argus/unk/snap/c1/1667149200.c1.snap.jpg,0.7679373
2022-10-30 17:30:00,/Volumes/Argus/unk/snap/c1/1667151000.c1.snap.jpg,0.511564
2022-10-30 18:00:00,/Volumes/Argus/unk/snap/c1/1667152800.c1.snap.jpg,0.48600525
2022-10-30 18:30:00,/Volumes/Argus/unk/snap/c1/1667154600.c1.snap.jpg,0.5221985
2022-10-30 19:00:00,/Volumes/Argus/unk/snap/c1/1667156400.c1.snap.jpg,0.5609004
2022-10-30 19:30:00,/Volumes/Argus/unk/snap/c1/1667158200.c1.snap.jpg,0.4676553
2022-10-30 20:00:00,/Volumes/Argus/unk/snap/c1/1667160000.c1.snap.jpg,0.36850518
2022-10-30 20:30:00,/Volumes/Argus/unk/snap/c1/1667161800.c1.snap.jpg,0.45680478
2022-10-30 21:00:00,/Volumes/Argus/unk/snap/c1/1667163600.c1.snap.jpg,0.5722497
2022-10-30 21:30:00,/Volumes/Argus/unk/snap/c1/1667165400.c1.snap.jpg,0.6035373
2022-10-30 22:00:00,/Volumes/Argus/unk/snap/c1/1667167200.c1.snap.jpg,0.7351401
2022-10-30 22:30:00,/Volumes/Argus/unk/snap/c1/1667169000.c1.snap.jpg,0.5094693
2022-10-31 00:00:00,/Volumes/Argus/unk/snap/c1/1667174400.c1.snap.jpg,0.62394595
2022-10-31 00:30:00,/Volumes/Argus/unk/snap/c1/1667176200.c1.snap.jpg,0.8897387
2022-10-31 01:00:00,/Volumes/Argus/unk/snap/c1/1667178000.c1.snap.jpg,0.59752333
2022-10-31 02:00:00,/Volumes/Argus/unk/snap/c1/1667181600.c1.snap.jpg,0.5251739
2022-10-31 03:00:00,/Volumes/Argus/unk/snap/c1/1667185200.c1.snap.jpg,0.5023376
2022-10-31 03:30:00,/Volumes/Argus/unk/snap/c1/1667187000.c1.snap.jpg,0.57191336
2022-10-31 04:00:00,/Volumes/Argus/unk/snap/c1/1667188800.c1.snap.jpg,0.7310783
2022-11-01 19:30:00,/Volumes/Argus/unk/snap/c1/1667331000.c1.snap.jpg,0.73547137
2022-11-01 20:00:00,/Volumes/Argus/unk/snap/c1/1667332800.c1.snap.jpg,0.506778
2022-11-01 20:30:00,/Volumes/Argus/unk/snap/c1/1667334600.c1.snap.jpg,0.59885335
2022-11-01 21:00:00,/Volumes/Argus/unk/snap/c1/1667336400.c1.snap.jpg,0.6552564
2022-11-01 21:30:00,/Volumes/Argus/unk/snap/c1/1667338200.c1.snap.jpg,0.52506924
2022-11-01 22:00:00,/Volumes/Argus/unk/snap/c1/1667340000.c1.snap.jpg,0.5042457
2022-11-01 22:30:00,/Volumes/Argus/unk/snap/c1/1667341800.c1.snap.jpg,0.5217893
2022-11-01 23:00:00,/Volumes/Argus/unk/snap/c1/1667343600.c1.snap.jpg,0.46939367
2022-11-01 23:30:00,/Volumes/Argus/unk/snap/c1/1667345400.c1.snap.jpg,0.54646355
2022-11-02 00:00:00,/Volumes/Argus/unk/snap/c1/1667347200.c1.snap.jpg,0.5035907
2022-11-02 00:30:00,/Volumes/Argus/unk/snap/c1/1667349000.c1.snap.jpg,0.5151879
2022-11-02 01:00:00,/Volumes/Argus/unk/snap/c1/1667350800.c1.snap.jpg,0.48724216
2022-11-02 01:30:00,/Volumes/Argus/unk/snap/c1/1667352600.c1.snap.jpg,0.46464434
2022-11-02 02:00:00,/Volumes/Argus/unk/snap/c1/1667354400.c1.snap.jpg,0.50581324
2022-11-02 02:30:00,/Volumes/Argus/unk/snap/c1/1667356200.c1.snap.jpg,0.47938868
2022-11-02 03:00:00,/Volumes/Argus/unk/snap/c1/1667358000.c1.snap.jpg,0.5358405
2022-11-02 03:30:00,/Volumes/Argus/unk/snap/c1/1667359800.c1.snap.jpg,0.6399611
2022-11-02 04:00:00,/Volumes/Argus/unk/snap/c1/1667361600.c1.snap.jpg,0.9326537
2022-11-02 16:30:00,/Volumes/Argus/unk/snap/c1/1667406600.c1.snap.jpg,0.9465066
2022-11-02 17:00:00,/Volumes/Argus/unk/snap/c1/1667408400.c1.snap.jpg,1.2515756
2022-11-02 17:30:00,/Volumes/Argus/unk/snap/c1/1667410200.c1.snap.jpg,0.9003222
2022-11-02 18:00:00,/Volumes/Argus/unk/snap/c1/1667412000.c1.snap.jpg,0.62521625
2022-11-02 18:30:00,/Volumes/Argus/unk/snap/c1/1667413800.c1.snap.jpg,0.46588013
2022-11-02 19:00:00,/Volumes/Argus/unk/snap/c1/1667415600.c1.snap.jpg,0.54155374
2022-11-02 19:30:00,/Volumes/Argus/unk/snap/c1/1667417400.c1.snap.jpg,0.57684267
2022-11-02 20:00:00,/Volumes/Argus/unk/snap/c1/1667419200.c1.snap.jpg,0.57855433
2022-11-02 20:30:00,/Volumes/Argus/unk/snap/c1/1667421000.c1.snap.jpg,0.5486153
2022-11-02 21:00:00,/Volumes/Argus/unk/snap/c1/1667422800.c1.snap.jpg,0.5485071
2022-11-02 21:30:00,/Volumes/Argus/unk/snap/c1/1667424600.c1.snap.jpg,0.5741856
2022-11-02 22:00:00,/Volumes/Argus/unk/snap/c1/1667426400.c1.snap.jpg,0.51270527
2022-11-02 22:30:00,/Volumes/Argus/unk/snap/c1/1667428200.c1.snap.jpg,0.57314587
2022-11-02 23:00:00,/Volumes/Argus/unk/snap/c1/1667430000.c1.snap.jpg,0.626951
2022-11-02 23:30:00,/Volumes/Argus/unk/snap/c1/1667431800.c1.snap.jpg,0.6910972
2022-11-03 00:00:00,/Volumes/Argus/unk/snap/c1/1667433600.c1.snap.jpg,0.6537229
2022-11-03 00:30:00,/Volumes/Argus/unk/snap/c1/1667435400.c1.snap.jpg,0.6786747
2022-11-03 01:00:00,/Volumes/Argus/unk/snap/c1/1667437200.c1.snap.jpg,0.73626095
2022-11-03 01:30:00,/Volumes/Argus/unk/snap/c1/1667439000.c1.snap.jpg,0.6583616
2022-11-03 02:00:00,/Volumes/Argus/unk/snap/c1/1667440800.c1.snap.jpg,0.66842496
2022-11-03 02:30:00,/Volumes/Argus/unk/snap/c1/1667442600.c1.snap.jpg,0.71041113
2022-11-03 03:00:00,/Volumes/Argus/unk/snap/c1/1667444400.c1.snap.jpg,0.680622
2022-11-03 03:30:00,/Volumes/Argus/unk/snap/c1/1667446200.c1.snap.jpg,0.64582044
2022-11-03 04:00:00,/Volumes/Argus/unk/snap/c1/1667448000.c1.snap.jpg,0.6676565
2022-11-03 16:30:00,/Volumes/Argus/unk/snap/c1/1667493000.c1.snap.jpg,1.3792688
2022-11-03 17:00:00,/Volumes/Argus/unk/snap/c1/1667494800.c1.snap.jpg,0.52569073
2022-11-03 17:30:00,/Volumes/Argus/unk/snap/c1/1667496600.c1.snap.jpg,0.6615883
2022-11-03 18:00:00,/Volumes/Argus/unk/snap/c1/1667498400.c1.snap.jpg,0.75310296
2022-11-03 18:30:00,/Volumes/Argus/unk/snap/c1/1667500200.c1.snap.jpg,0.4747754
2022-11-03 19:00:00,/Volumes/Argus/unk/snap/c1/1667502000.c1.snap.jpg,0.5474299
2022-11-03 19:30:00,/Volumes/Argus/unk/snap/c1/1667503800.c1.snap.jpg,0.6175876
2022-11-03 20:00:00,/Volumes/Argus/unk/snap/c1/1667505600.c1.snap.jpg,0.56533575
2022-11-03 20:30:00,/Volumes/Argus/unk/snap/c1/1667507400.c1.snap.jpg,0.74044704
2022-11-03 21:00:00,/Volumes/Argus/unk/snap/c1/1667509200.c1.snap.jpg,0.5690405
2022-11-03 21:30:00,/Volumes/Argus/unk/snap/c1/1667511000.c1.snap.jpg,0.5962684
2022-11-03 22:00:00,/Volumes/Argus/unk/snap/c1/1667512800.c1.snap.jpg,0.57859504
2022-11-03 22:30:00,/Volumes/Argus/unk/snap/c1/1667514600.c1.snap.jpg,0.62876487
2022-11-03 23:00:00,/Volumes/Argus/unk/snap/c1/1667516400.c1.snap.jpg,0.5088093
2022-11-03 23:30:00,/Volumes/Argus/unk/snap/c1/1667518200.c1.snap.jpg,0.47345835
2022-11-04 00:00:00,/Volumes/Argus/unk/snap/c1/1667520000.c1.snap.jpg,0.68405026
2022-11-04 00:30:00,/Volumes/Argus/unk/snap/c1/1667521800.c1.snap.jpg,0.6958452
2022-11-04 01:00:00,/Volumes/Argus/unk/snap/c1/1667523600.c1.snap.jpg,0.5453513
2022-11-04 01:30:00,/Volumes/Argus/unk/snap/c1/1667525400.c1.snap.jpg,0.7899412
2022-11-04 02:00:00,/Volumes/Argus/unk/snap/c1/1667527200.c1.snap.jpg,0.83769035
2022-11-04 02:30:00,/Volumes/Argus/unk/snap/c1/1667529000.c1.snap.jpg,0.670864
2022-11-04 03:00:00,/Volumes/Argus/unk/snap/c1/1667530800.c1.snap.jpg,0.74705136
2022-11-04 03:30:00,/Volumes/Argus/unk/snap/c1/1667532600.c1.snap.jpg,0.9833422
2022-11-04 04:00:00,/Volumes/Argus/unk/snap/c1/1667534400.c1.snap.jpg,1.9194727
2022-11-04 16:30:00,/Volumes/Argus/unk/snap/c1/1667579400.c1.snap.jpg,0.7176167
2022-11-04 17:00:00,/Volumes/Argus/unk/snap/c1/1667581200.c1.snap.jpg,0.6666272
2022-11-04 17:30:00,/Volumes/Argus/unk/snap/c1/1667583000.c1.snap.jpg,0.85177493
2022-11-04 18:00:00,/Volumes/Argus/unk/snap/c1/1667584800.c1.snap.jpg,0.70335555
2022-11-04 18:30:00,/Volumes/Argus/unk/snap/c1/1667586600.c1.snap.jpg,0.4252846
2022-11-04 19:00:00,/Volumes/Argus/unk/snap/c1/1667588400.c1.snap.jpg,0.39575827
2022-11-04 19:30:00,/Volumes/Argus/unk/snap/c1/1667590200.c1.snap.jpg,0.44863522
2022-11-04 20:00:00,/Volumes/Argus/unk/snap/c1/1667592000.c1.snap.jpg,0.4293626
2022-11-04 20:30:00,/Volumes/Argus/unk/snap/c1/1667593800.c1.snap.jpg,0.46462744
2022-11-04 21:00:00,/Volumes/Argus/unk/snap/c1/1667595600.c1.snap.jpg,0.56673586
2022-11-04 21:30:00,/Volumes/Argus/unk/snap/c1/1667597400.c1.snap.jpg,0.4932245
2022-11-04 22:00:00,/Volumes/Argus/unk/snap/c1/1667599200.c1.snap.jpg,0.54692835
2022-11-04 22:30:00,/Volumes/Argus/unk/snap/c1/1667601000.c1.snap.jpg,0.5686143
2022-11-04 23:00:00,/Volumes/Argus/unk/snap/c1/1667602800.c1.snap.jpg,0.5984206
2022-11-04 23:30:00,/Volumes/Argus/unk/snap/c1/1667604600.c1.snap.jpg,0.5559792
2022-11-05 00:00:00,/Volumes/Argus/unk/snap/c1/1667606400.c1.snap.jpg,0.78934216
2022-11-05 00:30:00,/Volumes/Argus/unk/snap/c1/1667608200.c1.snap.jpg,0.6842142
2022-11-05 01:00:00,/Volumes/Argus/unk/snap/c1/1667610000.c1.snap.jpg,0.5990376
2022-11-05 02:00:00,/Volumes/Argus/unk/snap/c1/1667613600.c1.snap.jpg,0.5715066
2022-11-05 02:30:00,/Volumes/Argus/unk/snap/c1/1667615400.c1.snap.jpg,1.0437728
2022-11-05 03:00:00,/Volumes/Argus/unk/snap/c1/1667617200.c1.snap.jpg,0.6034639
2022-11-05 03:30:00,/Volumes/Argus/unk/snap/c1/1667619000.c1.snap.jpg,0.7045298
2022-11-05 04:00:00,/Volumes/Argus/unk/snap/c1/1667620800.c1.snap.jpg,1.5368658
2022-11-05 18:00:00,/Volumes/Argus/unk/snap/c1/1667671200.c1.snap.jpg,0.44212022
2022-11-05 18:30:00,/Volumes/Argus/unk/snap/c1/1667673000.c1.snap.jpg,0.34835792
2022-11-05 19:00:00,/Volumes/Argus/unk/snap/c1/1667674800.c1.snap.jpg,0.39726698
2022-11-05 19:30:00,/Volumes/Argus/unk/snap/c1/1667676600.c1.snap.jpg,0.48465687
2022-11-05 20:00:00,/Volumes/Argus/unk/snap/c1/1667678400.c1.snap.jpg,0.45579076
2022-11-05 21:00:00,/Volumes/Argus/unk/snap/c1/1667682000.c1.snap.jpg,0.5241393
2022-11-05 21:30:00,/Volumes/Argus/unk/snap/c1/1667683800.c1.snap.jpg,0.4396312
2022-11-05 22:00:00,/Volumes/Argus/unk/snap/c1/1667685600.c1.snap.jpg,0.56727004
2022-11-05 22:30:00,/Volumes/Argus/unk/snap/c1/1667687400.c1.snap.jpg,0.72348595
2022-11-05 23:00:00,/Volumes/Argus/unk/snap/c1/1667689200.c1.snap.jpg,0.78878593
2022-11-05 23:30:00,/Volumes/Argus/unk/snap/c1/1667691000.c1.snap.jpg,0.6378778
2022-11-06 00:00:00,/Volumes/Argus/unk/snap/c1/1667692800.c1.snap.jpg,0.5749775
2022-11-06 00:30:00,/Volumes/Argus/unk/snap/c1/1667694600.c1.snap.jpg,0.5118401
2022-11-06 01:00:00,/Volumes/Argus/unk/snap/c1/1667696400.c1.snap.jpg,0.52405083
2022-11-06 01:30:00,/Volumes/Argus/unk/snap/c1/1667698200.c1.snap.jpg,0.49429533
2022-11-06 02:00:00,/Volumes/Argus/unk/snap/c1/1667700000.c1.snap.jpg,0.4337644
2022-11-06 02:30:00,/Volumes/Argus/unk/snap/c1/1667701800.c1.snap.jpg,0.6203544
2022-11-06 03:00:00,/Volumes/Argus/unk/snap/c1/1667703600.c1.snap.jpg,0.7580677
2022-11-06 03:30:00,/Volumes/Argus/unk/snap/c1/1667705400.c1.snap.jpg,0.5664923
2022-11-06 04:00:00,/Volumes/Argus/unk/snap/c1/1667707200.c1.snap.jpg,1.8363792
2022-11-06 21:00:00,/Volumes/Argus/unk/snap/c1/1667768400.c1.snap.jpg,0.6984855
2022-11-06 21:30:00,/Volumes/Argus/unk/snap/c1/1667770200.c1.snap.jpg,0.77182513
2022-11-06 22:00:00,/Volumes/Argus/unk/snap/c1/1667772000.c1.snap.jpg,0.7406826
2022-11-06 22:30:00,/Volumes/Argus/unk/snap/c1/1667773800.c1.snap.jpg,0.71674997
2022-11-06 23:00:00,/Volumes/Argus/unk/snap/c1/1667775600.c1.snap.jpg,0.7629918
2022-11-06 23:30:00,/Volumes/Argus/unk/snap/c1/1667777400.c1.snap.jpg,0.6301178
2022-11-07 00:00:00,/Volumes/Argus/unk/snap/c1/1667779200.c1.snap.jpg,0.76655173
2022-11-07 00:30:00,/Volumes/Argus/unk/snap/c1/1667781000.c1.snap.jpg,0.7751764
2022-11-07 01:00:00,/Volumes/Argus/unk/snap/c1/1667782800.c1.snap.jpg,0.6923248
2022-11-07 01:30:00,/Volumes/Argus/unk/snap/c1/1667784600.c1.snap.jpg,0.71363544
2022-11-07 02:00:00,/Volumes/Argus/unk/snap/c1/1667786400.c1.snap.jpg,0.7212619
2022-11-07 02:30:00,/Volumes/Argus/unk/snap/c1/1667788200.c1.snap.jpg,0.5573622
2022-11-07 03:00:00,/Volumes/Argus/unk/snap/c1/1667790000.c1.snap.jpg,0.6187767
2022-11-07 03:30:00,/Volumes/Argus/unk/snap/c1/1667791800.c1.snap.jpg,1.6949371
2022-11-07 04:00:00,/Volumes/Argus/unk/snap/c1/1667793600.c1.snap.jpg,1.6061577
2022-11-07 16:30:00,/Volumes/Argus/unk/snap/c1/1667838600.c1.snap.jpg,1.7032048
2022-11-07 17:00:00,/Volumes/Argus/unk/snap/c1/1667840400.c1.snap.jpg,1.6617113
2022-11-07 17:30:00,/Volumes/Argus/unk/snap/c1/1667842200.c1.snap.jpg,1.5883123
2022-11-07 18:00:00,/Volumes/Argus/unk/snap/c1/1667844000.c1.snap.jpg,1.7233158
2022-11-07 18:30:00,/Volumes/Argus/unk/snap/c1/1667845800.c1.snap.jpg,0.8808892
2022-11-07 19:00:00,/Volumes/Argus/unk/snap/c1/1667847600.c1.snap.jpg,1.0290331
2022-11-07 19:30:00,/Volumes/Argus/unk/snap/c1/1667849400.c1.snap.jpg,0.8003705
2022-11-07 20:00:00,/Volumes/Argus/unk/snap/c1/1667851200.c1.snap.jpg,0.7430748
2022-11-07 20:30:00,/Volumes/Argus/unk/snap/c1/1667853000.c1.snap.jpg,0.7112421
2022-11-07 21:00:00,/Volumes/Argus/unk/snap/c1/1667854800.c1.snap.jpg,0.7295336
2022-11-07 21:30:00,/Volumes/Argus/unk/snap/c1/1667856600.c1.snap.jpg,0.64008963
2022-11-07 22:00:00,/Volumes/Argus/unk/snap/c1/1667858400.c1.snap.jpg,0.75598824
2022-11-07 22:30:00,/Volumes/Argus/unk/snap/c1/1667860200.c1.snap.jpg,0.69575214
2022-11-07 23:00:00,/Volumes/Argus/unk/snap/c1/1667862000.c1.snap.jpg,0.777719
2022-11-07 23:30:00,/Volumes/Argus/unk/snap/c1/1667863800.c1.snap.jpg,0.76418406
2022-11-08 00:30:00,/Volumes/Argus/unk/snap/c1/1667867400.c1.snap.jpg,0.6723323
2022-11-08 01:00:00,/Volumes/Argus/unk/snap/c1/1667869200.c1.snap.jpg,0.712324
2022-11-08 01:30:00,/Volumes/Argus/unk/snap/c1/1667871000.c1.snap.jpg,0.85551023
2022-11-08 02:00:00,/Volumes/Argus/unk/snap/c1/1667872800.c1.snap.jpg,0.92032385
2022-11-08 02:30:00,/Volumes/Argus/unk/snap/c1/1667874600.c1.snap.jpg,0.82160014
2022-11-08 03:00:00,/Volumes/Argus/unk/snap/c1/1667876400.c1.snap.jpg,0.7654952
2022-11-08 03:30:00,/Volumes/Argus/unk/snap/c1/1667878200.c1.snap.jpg,1.3030089
2022-11-08 16:30:00,/Volumes/Argus/unk/snap/c1/1667925000.c1.snap.jpg,1.7110671
2022-11-08 17:00:00,/Volumes/Argus/unk/snap/c1/1667926800.c1.snap.jpg,1.3700104
2022-11-08 17:30:00,/Volumes/Argus/unk/snap/c1/1667928600.c1.snap.jpg,1.3548663
2022-11-08 18:00:00,/Volumes/Argus/unk/snap/c1/1667930400.c1.snap.jpg,1.1896088
2022-11-08 18:30:00,/Volumes/Argus/unk/snap/c1/1667932200.c1.snap.jpg,0.8363089
2022-11-08 19:00:00,/Volumes/Argus/unk/snap/c1/1667934000.c1.snap.jpg,0.71800315
2022-11-08 19:30:00,/Volumes/Argus/unk/snap/c1/1667935800.c1.snap.jpg,0.7126952
2022-11-08 20:00:00,/Volumes/Argus/unk/snap/c1/1667937600.c1.snap.jpg,0.82162523
2022-11-08 20:30:00,/Volumes/Argus/unk/snap/c1/1667939400.c1.snap.jpg,0.56913966
2022-11-08 21:00:00,/Volumes/Argus/unk/snap/c1/1667941200.c1.snap.jpg,0.73413265
2022-11-08 21:30:00,/Volumes/Argus/unk/snap/c1/1667943000.c1.snap.jpg,0.78616935
2022-11-08 22:00:00,/Volumes/Argus/unk/snap/c1/1667944800.c1.snap.jpg,0.65566415
2022-11-08 22:30:00,/Volumes/Argus/unk/snap/c1/1667946600.c1.snap.jpg,0.67989665
2022-11-08 23:00:00,/Volumes/Argus/unk/snap/c1/1667948400.c1.snap.jpg,0.5505832
2022-11-08 23:30:00,/Volumes/Argus/unk/snap/c1/1667950200.c1.snap.jpg,0.44026744
2022-11-09 01:00:00,/Volumes/Argus/unk/snap/c1/1667955600.c1.snap.jpg,0.5452455
2022-11-09 01:30:00,/Volumes/Argus/unk/snap/c1/1667957400.c1.snap.jpg,0.5379574
2022-11-09 02:00:00,/Volumes/Argus/unk/snap/c1/1667959200.c1.snap.jpg,0.70937574
2022-11-09 02:30:00,/Volumes/Argus/unk/snap/c1/1667961000.c1.snap.jpg,0.38288003
2022-11-09 03:30:00,/Volumes/Argus/unk/snap/c1/1667964600.c1.snap.jpg,1.7778498
2022-11-09 04:00:00,/Volumes/Argus/unk/snap/c1/1667966400.c1.snap.jpg,1.8229132
2022-11-09 17:00:00,/Volumes/Argus/unk/snap/c1/1668013200.c1.snap.jpg,0.84565395
2022-11-09 17:30:00,/Volumes/Argus/unk/snap/c1/1668015000.c1.snap.jpg,1.8775312
2022-11-09 18:00:00,/Volumes/Argus/unk/snap/c1/1668016800.c1.snap.jpg,0.8184266
2022-11-09 18:30:00,/Volumes/Argus/unk/snap/c1/1668018600.c1.snap.jpg,0.54670715
2022-11-09 19:00:00,/Volumes/Argus/unk/snap/c1/1668020400.c1.snap.jpg,0.3101536
2022-11-09 19:30:00,/Volumes/Argus/unk/snap/c1/1668022200.c1.snap.jpg,0.39529294
2022-11-09 20:00:00,/Volumes/Argus/unk/snap/c1/1668024000.c1.snap.jpg,0.3567103
2022-11-09 20:30:00,/Volumes/Argus/unk/snap/c1/1668025800.c1.snap.jpg,0.33845052
2022-11-09 21:00:00,/Volumes/Argus/unk/snap/c1/1668027600.c1.snap.jpg,0.4295658
2022-11-09 22:00:00,/Volumes/Argus/unk/snap/c1/1668031200.c1.snap.jpg,0.51660764
2022-11-09 22:30:00,/Volumes/Argus/unk/snap/c1/1668033000.c1.snap.jpg,0.6666111
2022-11-09 23:00:00,/Volumes/Argus/unk/snap/c1/1668034800.c1.snap.jpg,0.39044225
2022-11-09 23:30:00,/Volumes/Argus/unk/snap/c1/1668036600.c1.snap.jpg,0.45106784
2022-11-10 01:00:00,/Volumes/Argus/unk/snap/c1/1668042000.c1.snap.jpg,0.383748
2022-11-10 01:30:00,/Volumes/Argus/unk/snap/c1/1668043800.c1.snap.jpg,0.31868833
2022-11-10 02:00:00,/Volumes/Argus/unk/snap/c1/1668045600.c1.snap.jpg,0.4478435
2022-11-10 02:30:00,/Volumes/Argus/unk/snap/c1/1668047400.c1.snap.jpg,0.4733007
2022-11-10 03:00:00,/Volumes/Argus/unk/snap/c1/1668049200.c1.snap.jpg,0.5684246
2022-11-10 04:00:00,/Volumes/Argus/unk/snap/c1/1668052800.c1.snap.jpg,1.782315
2022-11-10 16:30:00,/Volumes/Argus/unk/snap/c1/1668097800.c1.snap.jpg,0.6050839
2022-11-10 17:00:00,/Volumes/Argus/unk/snap/c1/1668099600.c1.snap.jpg,0.53788906
2022-11-10 17:30:00,/Volumes/Argus/unk/snap/c1/1668101400.c1.snap.jpg,1.1674604
2022-11-10 18:00:00,/Volumes/Argus/unk/snap/c1/1668103200.c1.snap.jpg,0.52517664
2022-11-10 18:30:00,/Volumes/Argus/unk/snap/c1/1668105000.c1.snap.jpg,0.8062743
2022-11-10 19:00:00,/Volumes/Argus/unk/snap/c1/1668106800.c1.snap.jpg,0.65066767
2022-11-10 20:00:00,/Volumes/Argus/unk/snap/c1/1668110400.c1.snap.jpg,0.47663522
2022-11-10 20:30:00,/Volumes/Argus/unk/snap/c1/1668112200.c1.snap.jpg,0.76752263
2022-11-10 21:00:00,/Volumes/Argus/unk/snap/c1/1668114000.c1.snap.jpg,0.7480713
2022-11-10 21:30:00,/Volumes/Argus/unk/snap/c1/1668115800.c1.snap.jpg,0.80244887
2022-11-10 22:00:00,/Volumes/Argus/unk/snap/c1/1668117600.c1.snap.jpg,0.7656717
2022-11-10 22:30:00,/Volumes/Argus/unk/snap/c1/1668119400.c1.snap.jpg,0.6970092
2022-11-10 23:00:00,/Volumes/Argus/unk/snap/c1/1668121200.c1.snap.jpg,0.4923299
2022-11-10 23:30:00,/Volumes/Argus/unk/snap/c1/1668123000.c1.snap.jpg,0.49317127
2022-11-11 00:00:00,/Volumes/Argus/unk/snap/c1/1668124800.c1.snap.jpg,0.5583985
2022-11-11 00:30:00,/Volumes/Argus/unk/snap/c1/1668126600.c1.snap.jpg,0.52135736
2022-11-11 01:00:00,/Volumes/Argus/unk/snap/c1/1668128400.c1.snap.jpg,0.5879069
2022-11-11 02:00:00,/Volumes/Argus/unk/snap/c1/1668132000.c1.snap.jpg,0.6563642
2022-11-11 02:30:00,/Volumes/Argus/unk/snap/c1/1668133800.c1.snap.jpg,0.6871165
2022-11-11 03:00:00,/Volumes/Argus/unk/snap/c1/1668135600.c1.snap.jpg,0.55000484
2022-11-11 03:30:00,/Volumes/Argus/unk/snap/c1/1668137400.c1.snap.jpg,0.6853885
2022-11-11 04:00:00,/Volumes/Argus/unk/snap/c1/1668139200.c1.snap.jpg,1.068815
2022-11-11 16:30:00,/Volumes/Argus/unk/snap/c1/1668184200.c1.snap.jpg,1.4280467
2022-11-11 17:00:00,/Volumes/Argus/unk/snap/c1/1668186000.c1.snap.jpg,1.2725455
2022-11-11 17:30:00,/Volumes/Argus/unk/snap/c1/1668187800.c1.snap.jpg,1.3484029
2022-11-11 18:00:00,/Volumes/Argus/unk/snap/c1/1668189600.c1.snap.jpg,0.58465445
2022-11-11 18:30:00,/Volumes/Argus/unk/snap/c1/1668191400.c1.snap.jpg,0.41422948
2022-11-11 19:00:00,/Volumes/Argus/unk/snap/c1/1668193200.c1.snap.jpg,0.4258328
2022-11-11 19:30:00,/Volumes/Argus/unk/snap/c1/1668195000.c1.snap.jpg,0.37150198
2022-11-11 20:00:00,/Volumes/Argus/unk/snap/c1/1668196800.c1.snap.jpg,0.41808894
2022-11-11 20:30:00,/Volumes/Argus/unk/snap/c1/1668198600.c1.snap.jpg,0.5162908
2022-11-11 21:00:00,/Volumes/Argus/unk/snap/c1/1668200400.c1.snap.jpg,0.8255291
2022-11-11 23:00:00,/Volumes/Argus/unk/snap/c1/1668207600.c1.snap.jpg,0.5997072
2022-11-11 23:30:00,/Volumes/Argus/unk/snap/c1/1668209400.c1.snap.jpg,0.52704847
2022-11-12 00:00:00,/Volumes/Argus/unk/snap/c1/1668211200.c1.snap.jpg,0.49810377
2022-11-12 00:30:00,/Volumes/Argus/unk/snap/c1/1668213000.c1.snap.jpg,0.49895802
2022-11-12 01:30:00,/Volumes/Argus/unk/snap/c1/1668216600.c1.snap.jpg,0.525764
2022-11-12 02:00:00,/Volumes/Argus/unk/snap/c1/1668218400.c1.snap.jpg,0.52906626
2022-11-12 02:30:00,/Volumes/Argus/unk/snap/c1/1668220200.c1.snap.jpg,0.47997308
2022-11-12 03:00:00,/Volumes/Argus/unk/snap/c1/1668222000.c1.snap.jpg,0.49176115
2022-11-12 04:00:00,/Volumes/Argus/unk/snap/c1/1668225600.c1.snap.jpg,1.6067713
2022-11-12 16:30:00,/Volumes/Argus/unk/snap/c1/1668270600.c1.snap.jpg,0.676284
2022-11-12 17:00:00,/Volumes/Argus/unk/snap/c1/1668272400.c1.snap.jpg,1.1701274
2022-11-12 17:30:00,/Volumes/Argus/unk/snap/c1/1668274200.c1.snap.jpg,1.2700652
2022-11-12 18:00:00,/Volumes/Argus/unk/snap/c1/1668276000.c1.snap.jpg,0.65977925
2022-11-12 18:30:00,/Volumes/Argus/unk/snap/c1/1668277800.c1.snap.jpg,0.73679626
2022-11-12 19:00:00,/Volumes/Argus/unk/snap/c1/1668279600.c1.snap.jpg,0.62796587
2022-11-12 19:30:00,/Volumes/Argus/unk/snap/c1/1668281400.c1.snap.jpg,0.67098373
2022-11-12 20:00:00,/Volumes/Argus/unk/snap/c1/1668283200.c1.snap.jpg,0.5729654
2022-11-12 20:30:00,/Volumes/Argus/unk/snap/c1/1668285000.c1.snap.jpg,0.56105614
2022-11-12 21:30:00,/Volumes/Argus/unk/snap/c1/1668288600.c1.snap.jpg,0.5540544
2022-11-12 22:00:00,/Volumes/Argus/unk/snap/c1/1668290400.c1.snap.jpg,0.5903745
2022-11-12 22:30:00,/Volumes/Argus/unk/snap/c1/1668292200.c1.snap.jpg,0.61282676
2022-11-12 23:00:00,/Volumes/Argus/unk/snap/c1/1668294000.c1.snap.jpg,0.50814927
2022-11-12 23:30:00,/Volumes/Argus/unk/snap/c1/1668295800.c1.snap.jpg,0.5314859
2022-11-13 00:00:00,/Volumes/Argus/unk/snap/c1/1668297600.c1.snap.jpg,0.565382
2022-11-13 01:00:00,/Volumes/Argus/unk/snap/c1/1668301200.c1.snap.jpg,0.61187387
2022-11-13 02:00:00,/Volumes/Argus/unk/snap/c1/1668304800.c1.snap.jpg,0.5852424
2022-11-13 02:30:00,/Volumes/Argus/unk/snap/c1/1668306600.c1.snap.jpg,0.69160336
2022-11-13 03:00:00,/Volumes/Argus/unk/snap/c1/1668308400.c1.snap.jpg,0.7797297
2022-11-13 03:30:00,/Volumes/Argus/unk/snap/c1/1668310200.c1.snap.jpg,0.71459556
2022-11-13 04:00:00,/Volumes/Argus/unk/snap/c1/1668312000.c1.snap.jpg,1.2802902
2022-11-14 18:30:00,/Volumes/Argus/unk/snap/c1/1668450600.c1.snap.jpg,0.48628807
2022-11-14 19:00:00,/Volumes/Argus/unk/snap/c1/1668452400.c1.snap.jpg,0.5091983
2022-11-14 19:30:00,/Volumes/Argus/unk/snap/c1/1668454200.c1.snap.jpg,0.56531686
2022-11-14 20:00:00,/Volumes/Argus/unk/snap/c1/1668456000.c1.snap.jpg,0.53031045
2022-11-14 20:30:00,/Volumes/Argus/unk/snap/c1/1668457800.c1.snap.jpg,0.57614833
2022-11-14 21:00:00,/Volumes/Argus/unk/snap/c1/1668459600.c1.snap.jpg,0.62926453
2022-11-14 21:30:00,/Volumes/Argus/unk/snap/c1/1668461400.c1.snap.jpg,0.5889406
2022-11-14 22:00:00,/Volumes/Argus/unk/snap/c1/1668463200.c1.snap.jpg,0.5711582
2022-11-14 22:30:00,/Volumes/Argus/unk/snap/c1/1668465000.c1.snap.jpg,0.56780136
2022-11-14 23:00:00,/Volumes/Argus/unk/snap/c1/1668466800.c1.snap.jpg,0.5623107
2022-11-15 00:30:00,/Volumes/Argus/unk/snap/c1/1668472200.c1.snap.jpg,0.5369072
2022-11-15 01:00:00,/Volumes/Argus/unk/snap/c1/1668474000.c1.snap.jpg,0.5439824
2022-11-15 01:30:00,/Volumes/Argus/unk/snap/c1/1668475800.c1.snap.jpg,0.63316756
2022-11-15 02:00:00,/Volumes/Argus/unk/snap/c1/1668477600.c1.snap.jpg,0.6449937
2022-11-15 02:30:00,/Volumes/Argus/unk/snap/c1/1668479400.c1.snap.jpg,0.61079514
2022-11-15 03:00:00,/Volumes/Argus/unk/snap/c1/1668481200.c1.snap.jpg,0.693933
2022-11-15 03:30:00,/Volumes/Argus/unk/snap/c1/1668483000.c1.snap.jpg,0.5337393
2022-11-15 04:00:00,/Volumes/Argus/unk/snap/c1/1668484800.c1.snap.jpg,1.8972566
2022-11-15 16:30:00,/Volumes/Argus/unk/snap/c1/1668529800.c1.snap.jpg,0.69213384
2022-11-15 17:00:00,/Volumes/Argus/unk/snap/c1/1668531600.c1.snap.jpg,1.5607747
2022-11-15 17:30:00,/Volumes/Argus/unk/snap/c1/1668533400.c1.snap.jpg,1.4277811
2022-11-15 18:00:00,/Volumes/Argus/unk/snap/c1/1668535200.c1.snap.jpg,0.81022114
2022-11-15 18:30:00,/Volumes/Argus/unk/snap/c1/1668537000.c1.snap.jpg,0.7421359
2022-11-15 19:00:00,/Volumes/Argus/unk/snap/c1/1668538800.c1.snap.jpg,0.8477998
2022-11-15 19:30:00,/Volumes/Argus/unk/snap/c1/1668540600.c1.snap.jpg,0.70316744
2022-11-15 20:00:00,/Volumes/Argus/unk/snap/c1/1668542400.c1.snap.jpg,0.7479663
2022-11-15 20:30:00,/Volumes/Argus/unk/snap/c1/1668544200.c1.snap.jpg,0.6330073
2022-11-15 21:00:00,/Volumes/Argus/unk/snap/c1/1668546000.c1.snap.jpg,0.70714444
2022-11-15 21:30:00,/Volumes/Argus/unk/snap/c1/1668547800.c1.snap.jpg,0.71462744
2022-11-15 22:00:00,/Volumes/Argus/unk/snap/c1/1668549600.c1.snap.jpg,0.743984
2022-11-15 22:30:00,/Volumes/Argus/unk/snap/c1/1668551400.c1.snap.jpg,0.78044736
2022-11-15 23:30:00,/Volumes/Argus/unk/snap/c1/1668555000.c1.snap.jpg,0.67500114
2022-11-16 00:00:00,/Volumes/Argus/unk/snap/c1/1668556800.c1.snap.jpg,0.74917746
2022-11-16 00:30:00,/Volumes/Argus/unk/snap/c1/1668558600.c1.snap.jpg,0.69658446
2022-11-16 01:00:00,/Volumes/Argus/unk/snap/c1/1668560400.c1.snap.jpg,0.68390584
2022-11-16 01:30:00,/Volumes/Argus/unk/snap/c1/1668562200.c1.snap.jpg,0.6274627
2022-11-16 02:00:00,/Volumes/Argus/unk/snap/c1/1668564000.c1.snap.jpg,0.68252766
2022-11-16 02:30:00,/Volumes/Argus/unk/snap/c1/1668565800.c1.snap.jpg,0.62542087
2022-11-16 03:00:00,/Volumes/Argus/unk/snap/c1/1668567600.c1.snap.jpg,0.78505284
2022-11-16 03:30:00,/Volumes/Argus/unk/snap/c1/1668569400.c1.snap.jpg,1.3398901
2022-11-16 16:30:00,/Volumes/Argus/unk/snap/c1/1668616200.c1.snap.jpg,1.840396
2022-11-16 17:00:00,/Volumes/Argus/unk/snap/c1/1668618000.c1.snap.jpg,1.6131223
2022-11-16 17:30:00,/Volumes/Argus/unk/snap/c1/1668619800.c1.snap.jpg,1.8094614
2022-11-16 18:00:00,/Volumes/Argus/unk/snap/c1/1668621600.c1.snap.jpg,0.8297897
2022-11-16 18:30:00,/Volumes/Argus/unk/snap/c1/1668623400.c1.snap.jpg,0.6489081
2022-11-16 19:00:00,/Volumes/Argus/unk/snap/c1/1668625200.c1.snap.jpg,0.7802046
2022-11-16 19:30:00,/Volumes/Argus/unk/snap/c1/1668627000.c1.snap.jpg,0.76946104
2022-11-16 20:00:00,/Volumes/Argus/unk/snap/c1/1668628800.c1.snap.jpg,0.8348292
2022-11-16 20:30:00,/Volumes/Argus/unk/snap/c1/1668630600.c1.snap.jpg,0.7582952
2022-11-16 21:00:00,/Volumes/Argus/unk/snap/c1/1668632400.c1.snap.jpg,0.6900969
2022-11-16 21:30:00,/Volumes/Argus/unk/snap/c1/1668634200.c1.snap.jpg,0.64490277
2022-11-16 23:00:00,/Volumes/Argus/unk/snap/c1/1668639600.c1.snap.jpg,0.5172002
2022-11-16 23:30:00,/Volumes/Argus/unk/snap/c1/1668641400.c1.snap.jpg,0.535127
2022-11-17 00:00:00,/Volumes/Argus/unk/snap/c1/1668643200.c1.snap.jpg,0.5196569
2022-11-17 00:30:00,/Volumes/Argus/unk/snap/c1/1668645000.c1.snap.jpg,0.51627135
2022-11-17 01:00:00,/Volumes/Argus/unk/snap/c1/1668646800.c1.snap.jpg,0.6734274
2022-11-17 01:30:00,/Volumes/Argus/unk/snap/c1/1668648600.c1.snap.jpg,0.656342
2022-11-17 02:00:00,/Volumes/Argus/unk/snap/c1/1668650400.c1.snap.jpg,0.78482354
2022-11-17 02:30:00,/Volumes/Argus/unk/snap/c1/1668652200.c1.snap.jpg,0.8078791
2022-11-17 03:00:00,/Volumes/Argus/unk/snap/c1/1668654000.c1.snap.jpg,0.7369044
2022-11-17 03:30:00,/Volumes/Argus/unk/snap/c1/1668655800.c1.snap.jpg,1.3957473
2022-11-17 04:00:00,/Volumes/Argus/unk/snap/c1/1668657600.c1.snap.jpg,1.9249859
2022-11-18 03:30:00,/Volumes/Argus/unk/snap/c1/1668742200.c1.snap.jpg,1.7742107
2022-11-18 04:00:00,/Volumes/Argus/unk/snap/c1/1668744000.c1.snap.jpg,1.3812841
2022-11-18 17:00:00,/Volumes/Argus/unk/snap/c1/1668790800.c1.snap.jpg,1.8429654
2022-11-18 17:30:00,/Volumes/Argus/unk/snap/c1/1668792600.c1.snap.jpg,1.8687892
2022-11-18 18:30:00,/Volumes/Argus/unk/snap/c1/1668796200.c1.snap.jpg,0.6003658
2022-11-18 19:00:00,/Volumes/Argus/unk/snap/c1/1668798000.c1.snap.jpg,0.40533477
2022-11-18 19:30:00,/Volumes/Argus/unk/snap/c1/1668799800.c1.snap.jpg,0.3955673
2022-11-18 20:00:00,/Volumes/Argus/unk/snap/c1/1668801600.c1.snap.jpg,0.4130964
2022-11-18 20:30:00,/Volumes/Argus/unk/snap/c1/1668803400.c1.snap.jpg,0.52047545
2022-11-18 21:00:00,/Volumes/Argus/unk/snap/c1/1668805200.c1.snap.jpg,0.4338779
2022-11-18 21:30:00,/Volumes/Argus/unk/snap/c1/1668807000.c1.snap.jpg,0.46024156
2022-11-18 22:00:00,/Volumes/Argus/unk/snap/c1/1668808800.c1.snap.jpg,0.44973788
2022-11-18 22:30:00,/Volumes/Argus/unk/snap/c1/1668810600.c1.snap.jpg,0.48996705
2022-11-18 23:00:00,/Volumes/Argus/unk/snap/c1/1668812400.c1.snap.jpg,0.5056626
2022-11-18 23:30:00,/Volumes/Argus/unk/snap/c1/1668814200.c1.snap.jpg,0.46297053
2022-11-19 00:00:00,/Volumes/Argus/unk/snap/c1/1668816000.c1.snap.jpg,0.5987037
2022-11-19 00:30:00,/Volumes/Argus/unk/snap/c1/1668817800.c1.snap.jpg,0.45960745
2022-11-19 01:00:00,/Volumes/Argus/unk/snap/c1/1668819600.c1.snap.jpg,0.35600215
2022-11-19 01:30:00,/Volumes/Argus/unk/snap/c1/1668821400.c1.snap.jpg,0.4053753
2022-11-19 02:00:00,/Volumes/Argus/unk/snap/c1/1668823200.c1.snap.jpg,0.5396757
2022-11-19 02:30:00,/Volumes/Argus/unk/snap/c1/1668825000.c1.snap.jpg,0.356277
2022-11-19 03:00:00,/Volumes/Argus/unk/snap/c1/1668826800.c1.snap.jpg,1.4471183
2022-11-19 03:30:00,/Volumes/Argus/unk/snap/c1/1668828600.c1.snap.jpg,1.3502086
2022-11-19 04:00:00,/Volumes/Argus/unk/snap/c1/1668830400.c1.snap.jpg,0.9998486
2022-11-19 16:30:00,/Volumes/Argus/unk/snap/c1/1668875400.c1.snap.jpg,1.6392485
2022-11-19 17:30:00,/Volumes/Argus/unk/snap/c1/1668879000.c1.snap.jpg,1.0411521
2022-11-19 18:00:00,/Volumes/Argus/unk/snap/c1/1668880800.c1.snap.jpg,1.582314
2022-11-19 18:30:00,/Volumes/Argus/unk/snap/c1/1668882600.c1.snap.jpg,0.78178847
2022-11-19 19:30:00,/Volumes/Argus/unk/snap/c1/1668886200.c1.snap.jpg,0.63614124
2022-11-19 20:00:00,/Volumes/Argus/unk/snap/c1/1668888000.c1.snap.jpg,0.6500517
2022-11-19 20:30:00,/Volumes/Argus/unk/snap/c1/1668889800.c1.snap.jpg,0.53519416
2022-11-19 21:00:00,/Volumes/Argus/unk/snap/c1/1668891600.c1.snap.jpg,0.68681383
2022-11-19 21:30:00,/Volumes/Argus/unk/snap/c1/1668893400.c1.snap.jpg,0.71148455
2022-11-19 22:00:00,/Volumes/Argus/unk/snap/c1/1668895200.c1.snap.jpg,0.5694996
2022-11-19 22:30:00,/Volumes/Argus/unk/snap/c1/1668897000.c1.snap.jpg,0.6846647
2022-11-19 23:00:00,/Volumes/Argus/unk/snap/c1/1668898800.c1.snap.jpg,0.55099195
2022-11-19 23:30:00,/Volumes/Argus/unk/snap/c1/1668900600.c1.snap.jpg,0.54884803
2022-11-20 00:00:00,/Volumes/Argus/unk/snap/c1/1668902400.c1.snap.jpg,0.5560099
2022-11-20 00:30:00,/Volumes/Argus/unk/snap/c1/1668904200.c1.snap.jpg,0.5509948
2022-11-20 01:00:00,/Volumes/Argus/unk/snap/c1/1668906000.c1.snap.jpg,0.45617282
2022-11-20 01:30:00,/Volumes/Argus/unk/snap/c1/1668907800.c1.snap.jpg,0.35028785
2022-11-20 02:00:00,/Volumes/Argus/unk/snap/c1/1668909600.c1.snap.jpg,0.31145328
2022-11-20 02:30:00,/Volumes/Argus/unk/snap/c1/1668911400.c1.snap.jpg,0.4456772
2022-11-20 03:00:00,/Volumes/Argus/unk/snap/c1/1668913200.c1.snap.jpg,0.8522626
2022-11-20 03:30:00,/Volumes/Argus/unk/snap/c1/1668915000.c1.snap.jpg,1.0281913
2022-11-20 04:00:00,/Volumes/Argus/unk/snap/c1/1668916800.c1.snap.jpg,1.690312
2022-11-20 16:30:00,/Volumes/Argus/unk/snap/c1/1668961800.c1.snap.jpg,1.6857591
2022-11-20 17:00:00,/Volumes/Argus/unk/snap/c1/1668963600.c1.snap.jpg,1.8004779
2022-11-20 17:30:00,/Volumes/Argus/unk/snap/c1/1668965400.c1.snap.jpg,1.4721402
2022-11-20 18:00:00,/Volumes/Argus/unk/snap/c1/1668967200.c1.snap.jpg,1.7216032
2022-11-20 18:30:00,/Volumes/Argus/unk/snap/c1/1668969000.c1.snap.jpg,0.8439924
2022-11-20 19:00:00,/Volumes/Argus/unk/snap/c1/1668970800.c1.snap.jpg,0.72582495
2022-11-20 19:30:00,/Volumes/Argus/unk/snap/c1/1668972600.c1.snap.jpg,0.90188146
2022-11-20 20:30:00,/Volumes/Argus/unk/snap/c1/1668976200.c1.snap.jpg,0.73889196
2022-11-20 21:00:00,/Volumes/Argus/unk/snap/c1/1668978000.c1.snap.jpg,0.7061748
2022-11-20 21:30:00,/Volumes/Argus/unk/snap/c1/1668979800.c1.snap.jpg,0.44111526
2022-11-20 22:00:00,/Volumes/Argus/unk/snap/c1/1668981600.c1.snap.jpg,0.5801997
2022-11-20 22:30:00,/Volumes/Argus/unk/snap/c1/1668983400.c1.snap.jpg,0.66665924
2022-11-20 23:00:00,/Volumes/Argus/unk/snap/c1/1668985200.c1.snap.jpg,0.7739836
2022-11-20 23:30:00,/Volumes/Argus/unk/snap/c1/1668987000.c1.snap.jpg,0.5785424
2022-11-21 00:00:00,/Volumes/Argus/unk/snap/c1/1668988800.c1.snap.jpg,0.5473968
2022-11-21 00:30:00,/Volumes/Argus/unk/snap/c1/1668990600.c1.snap.jpg,0.528339
2022-11-21 01:00:00,/Volumes/Argus/unk/snap/c1/1668992400.c1.snap.jpg,0.483098
2022-11-21 01:30:00,/Volumes/Argus/unk/snap/c1/1668994200.c1.snap.jpg,0.55514765
2022-11-21 02:00:00,/Volumes/Argus/unk/snap/c1/1668996000.c1.snap.jpg,0.4766678
2022-11-21 03:00:00,/Volumes/Argus/unk/snap/c1/1668999600.c1.snap.jpg,1.8515986
2022-11-21 16:30:00,/Volumes/Argus/unk/snap/c1/1669048200.c1.snap.jpg,1.769915
2022-11-21 17:00:00,/Volumes/Argus/unk/snap/c1/1669050000.c1.snap.jpg,1.7711257
2022-11-21 17:30:00,/Volumes/Argus/unk/snap/c1/1669051800.c1.snap.jpg,1.5005459
2022-11-21 18:00:00,/Volumes/Argus/unk/snap/c1/1669053600.c1.snap.jpg,1.7074953
2022-11-21 18:30:00,/Volumes/Argus/unk/snap/c1/1669055400.c1.snap.jpg,0.5985716
2022-11-21 19:00:00,/Volumes/Argus/unk/snap/c1/1669057200.c1.snap.jpg,0.5463995
2022-11-21 19:30:00,/Volumes/Argus/unk/snap/c1/1669059000.c1.snap.jpg,0.4306322
2022-11-21 20:00:00,/Volumes/Argus/unk/snap/c1/1669060800.c1.snap.jpg,0.6693896
2022-11-21 20:30:00,/Volumes/Argus/unk/snap/c1/1669062600.c1.snap.jpg,0.6698085
2022-11-21 21:00:00,/Volumes/Argus/unk/snap/c1/1669064400.c1.snap.jpg,0.601128
2022-11-21 21:30:00,/Volumes/Argus/unk/snap/c1/1669066200.c1.snap.jpg,0.6646586
2022-11-21 22:00:00,/Volumes/Argus/unk/snap/c1/1669068000.c1.snap.jpg,0.46733195
2022-11-21 22:30:00,/Volumes/Argus/unk/snap/c1/1669069800.c1.snap.jpg,0.52372503
2022-11-21 23:00:00,/Volumes/Argus/unk/snap/c1/1669071600.c1.snap.jpg,0.55754197
2022-11-21 23:30:00,/Volumes/Argus/unk/snap/c1/1669073400.c1.snap.jpg,0.5596682
2022-11-22 00:00:00,/Volumes/Argus/unk/snap/c1/1669075200.c1.snap.jpg,0.51465964
2022-11-22 00:30:00,/Volumes/Argus/unk/snap/c1/1669077000.c1.snap.jpg,0.4941434
2022-11-22 01:00:00,/Volumes/Argus/unk/snap/c1/1669078800.c1.snap.jpg,0.5172213
2022-11-22 02:30:00,/Volumes/Argus/unk/snap/c1/1669084200.c1.snap.jpg,0.6437153
2022-11-22 03:00:00,/Volumes/Argus/unk/snap/c1/1669086000.c1.snap.jpg,1.1772878
2022-11-22 03:30:00,/Volumes/Argus/unk/snap/c1/1669087800.c1.snap.jpg,0.63447845
2022-11-22 04:00:00,/Volumes/Argus/unk/snap/c1/1669089600.c1.snap.jpg,0.521497
2022-11-22 16:30:00,/Volumes/Argus/unk/snap/c1/1669134600.c1.snap.jpg,0.649182
2022-11-22 17:00:00,/Volumes/Argus/unk/snap/c1/1669136400.c1.snap.jpg,0.5999609
2022-11-22 17:30:00,/Volumes/Argus/unk/snap/c1/1669138200.c1.snap.jpg,0.6503345
2022-11-22 18:00:00,/Volumes/Argus/unk/snap/c1/1669140000.c1.snap.jpg,0.63260615
2022-11-22 18:30:00,/Volumes/Argus/unk/snap/c1/1669141800.c1.snap.jpg,0.5814194
2022-11-22 19:00:00,/Volumes/Argus/unk/snap/c1/1669143600.c1.snap.jpg,0.7082809
2022-11-22 19:30:00,/Volumes/Argus/unk/snap/c1/1669145400.c1.snap.jpg,0.78050137
2022-11-22 20:00:00,/Volumes/Argus/unk/snap/c1/1669147200.c1.snap.jpg,0.82836485
2022-11-22 20:30:00,/Volumes/Argus/unk/snap/c1/1669149000.c1.snap.jpg,0.7021964
2022-11-22 21:00:00,/Volumes/Argus/unk/snap/c1/1669150800.c1.snap.jpg,0.80491155
2022-11-22 21:30:00,/Volumes/Argus/unk/snap/c1/1669152600.c1.snap.jpg,0.7032051
2022-11-22 22:00:00,/Volumes/Argus/unk/snap/c1/1669154400.c1.snap.jpg,0.795246
2022-11-22 22:30:00,/Volumes/Argus/unk/snap/c1/1669156200.c1.snap.jpg,0.8269334
2022-11-22 23:00:00,/Volumes/Argus/unk/snap/c1/1669158000.c1.snap.jpg,0.7691524
2022-11-22 23:30:00,/Volumes/Argus/unk/snap/c1/1669159800.c1.snap.jpg,0.87616175
2022-11-23 00:00:00,/Volumes/Argus/unk/snap/c1/1669161600.c1.snap.jpg,0.63150907
2022-11-23 00:30:00,/Volumes/Argus/unk/snap/c1/1669163400.c1.snap.jpg,0.5670469
2022-11-23 01:00:00,/Volumes/Argus/unk/snap/c1/1669165200.c1.snap.jpg,0.6074217
2022-11-23 02:00:00,/Volumes/Argus/unk/snap/c1/1669168800.c1.snap.jpg,0.54093313
2022-11-23 02:30:00,/Volumes/Argus/unk/snap/c1/1669170600.c1.snap.jpg,0.5815094
2022-11-23 03:00:00,/Volumes/Argus/unk/snap/c1/1669172400.c1.snap.jpg,1.0438349
2022-11-23 04:00:00,/Volumes/Argus/unk/snap/c1/1669176000.c1.snap.jpg,0.6860007
2022-11-23 19:00:00,/Volumes/Argus/unk/snap/c1/1669230000.c1.snap.jpg,0.6262339
2022-11-23 19:30:00,/Volumes/Argus/unk/snap/c1/1669231800.c1.snap.jpg,0.68050593
2022-11-23 20:00:00,/Volumes/Argus/unk/snap/c1/1669233600.c1.snap.jpg,0.64557016
2022-11-23 20:30:00,/Volumes/Argus/unk/snap/c1/1669235400.c1.snap.jpg,0.7184941
2022-11-23 21:00:00,/Volumes/Argus/unk/snap/c1/1669237200.c1.snap.jpg,0.6611979
2022-11-23 22:00:00,/Volumes/Argus/unk/snap/c1/1669240800.c1.snap.jpg,0.5421026
2022-11-23 22:30:00,/Volumes/Argus/unk/snap/c1/1669242600.c1.snap.jpg,0.5010739
2022-11-23 23:00:00,/Volumes/Argus/unk/snap/c1/1669244400.c1.snap.jpg,0.43264258
2022-11-23 23:30:00,/Volumes/Argus/unk/snap/c1/1669246200.c1.snap.jpg,0.45500636
2022-11-24 00:00:00,/Volumes/Argus/unk/snap/c1/1669248000.c1.snap.jpg,0.7334006
2022-11-24 00:30:00,/Volumes/Argus/unk/snap/c1/1669249800.c1.snap.jpg,0.72957945
2022-11-24 01:00:00,/Volumes/Argus/unk/snap/c1/1669251600.c1.snap.jpg,0.5827079
2022-11-24 01:30:00,/Volumes/Argus/unk/snap/c1/1669253400.c1.snap.jpg,0.5197089
2022-11-24 02:00:00,/Volumes/Argus/unk/snap/c1/1669255200.c1.snap.jpg,0.48775846
2022-11-24 02:30:00,/Volumes/Argus/unk/snap/c1/1669257000.c1.snap.jpg,0.53043693
2022-11-24 03:00:00,/Volumes/Argus/unk/snap/c1/1669258800.c1.snap.jpg,0.71570677
2022-11-24 03:30:00,/Volumes/Argus/unk/snap/c1/1669260600.c1.snap.jpg,1.0123959
2022-11-24 04:00:00,/Volumes/Argus/unk/snap/c1/1669262400.c1.snap.jpg,0.74885666
2022-11-25 16:30:00,/Volumes/Argus/unk/snap/c1/1669393800.c1.snap.jpg,0.6038751
2022-11-25 17:00:00,/Volumes/Argus/unk/snap/c1/1669395600.c1.snap.jpg,0.56480503
2022-11-25 17:30:00,/Volumes/Argus/unk/snap/c1/1669397400.c1.snap.jpg,0.5644342
2022-11-25 18:00:00,/Volumes/Argus/unk/snap/c1/1669399200.c1.snap.jpg,0.58181494
2022-11-25 18:30:00,/Volumes/Argus/unk/snap/c1/1669401000.c1.snap.jpg,0.5888779
2022-11-25 19:00:00,/Volumes/Argus/unk/snap/c1/1669402800.c1.snap.jpg,0.63336265
2022-11-25 19:30:00,/Volumes/Argus/unk/snap/c1/1669404600.c1.snap.jpg,0.44681394
2022-11-25 20:00:00,/Volumes/Argus/unk/snap/c1/1669406400.c1.snap.jpg,0.45985317
2022-11-25 20:30:00,/Volumes/Argus/unk/snap/c1/1669408200.c1.snap.jpg,0.5308996
2022-11-25 21:00:00,/Volumes/Argus/unk/snap/c1/1669410000.c1.snap.jpg,0.58093196
2022-11-25 21:30:00,/Volumes/Argus/unk/snap/c1/1669411800.c1.snap.jpg,0.63407874
2022-11-25 22:00:00,/Volumes/Argus/unk/snap/c1/1669413600.c1.snap.jpg,0.53373146
2022-11-25 22:30:00,/Volumes/Argus/unk/snap/c1/1669415400.c1.snap.jpg,0.5291774
2022-11-25 23:00:00,/Volumes/Argus/unk/snap/c1/1669417200.c1.snap.jpg,0.46415642
2022-11-25 23:30:00,/Volumes/Argus/unk/snap/c1/1669419000.c1.snap.jpg,0.50591403
2022-11-26 00:00:00,/Volumes/Argus/unk/snap/c1/1669420800.c1.snap.jpg,0.43871242
2022-11-26 01:00:00,/Volumes/Argus/unk/snap/c1/1669424400.c1.snap.jpg,0.65096384
2022-11-26 01:30:00,/Volumes/Argus/unk/snap/c1/1669426200.c1.snap.jpg,0.53678083
2022-11-26 02:00:00,/Volumes/Argus/unk/snap/c1/1669428000.c1.snap.jpg,0.5134452
2022-11-26 02:30:00,/Volumes/Argus/unk/snap/c1/1669429800.c1.snap.jpg,0.62151164
2022-11-26 03:00:00,/Volumes/Argus/unk/snap/c1/1669431600.c1.snap.jpg,1.7399777
2022-11-26 03:30:00,/Volumes/Argus/unk/snap/c1/1669433400.c1.snap.jpg,1.871696
2022-11-26 04:00:00,/Volumes/Argus/unk/snap/c1/1669435200.c1.snap.jpg,1.4815228
2022-11-26 16:30:00,/Volumes/Argus/unk/snap/c1/1669480200.c1.snap.jpg,1.8762282
2022-11-26 17:00:00,/Volumes/Argus/unk/snap/c1/1669482000.c1.snap.jpg,1.4225069
2022-11-26 17:30:00,/Volumes/Argus/unk/snap/c1/1669483800.c1.snap.jpg,1.2481154
2022-11-26 18:00:00,/Volumes/Argus/unk/snap/c1/1669485600.c1.snap.jpg,1.662498
2022-11-26 18:30:00,/Volumes/Argus/unk/snap/c1/1669487400.c1.snap.jpg,0.7150681
2022-11-26 19:00:00,/Volumes/Argus/unk/snap/c1/1669489200.c1.snap.jpg,0.6692059
2022-11-26 19:30:00,/Volumes/Argus/unk/snap/c1/1669491000.c1.snap.jpg,0.7750899
2022-11-26 20:00:00,/Volumes/Argus/unk/snap/c1/1669492800.c1.snap.jpg,0.8280005
2022-11-26 20:30:00,/Volumes/Argus/unk/snap/c1/1669494600.c1.snap.jpg,0.8356599
2022-11-26 21:00:00,/Volumes/Argus/unk/snap/c1/1669496400.c1.snap.jpg,0.8509109
2022-11-26 21:30:00,/Volumes/Argus/unk/snap/c1/1669498200.c1.snap.jpg,0.7669426
2022-11-26 22:00:00,/Volumes/Argus/unk/snap/c1/1669500000.c1.snap.jpg,0.8039171
2022-11-26 22:30:00,/Volumes/Argus/unk/snap/c1/1669501800.c1.snap.jpg,0.7418554
2022-11-26 23:00:00,/Volumes/Argus/unk/snap/c1/1669503600.c1.snap.jpg,0.75827694
2022-11-26 23:30:00,/Volumes/Argus/unk/snap/c1/1669505400.c1.snap.jpg,0.76635057
2022-11-27 00:00:00,/Volumes/Argus/unk/snap/c1/1669507200.c1.snap.jpg,0.6170359
2022-11-27 00:30:00,/Volumes/Argus/unk/snap/c1/1669509000.c1.snap.jpg,0.61283916
2022-11-27 01:00:00,/Volumes/Argus/unk/snap/c1/1669510800.c1.snap.jpg,0.6282911
2022-11-27 01:30:00,/Volumes/Argus/unk/snap/c1/1669512600.c1.snap.jpg,0.8245964
2022-11-27 02:00:00,/Volumes/Argus/unk/snap/c1/1669514400.c1.snap.jpg,0.7177556
2022-11-27 02:30:00,/Volumes/Argus/unk/snap/c1/1669516200.c1.snap.jpg,0.8512505
2022-11-27 03:00:00,/Volumes/Argus/unk/snap/c1/1669518000.c1.snap.jpg,1.4049574
2022-11-27 04:00:00,/Volumes/Argus/unk/snap/c1/1669521600.c1.snap.jpg,1.8112625
2022-11-27 17:30:00,/Volumes/Argus/unk/snap/c1/1669570200.c1.snap.jpg,1.8244466
2022-11-27 18:00:00,/Volumes/Argus/unk/snap/c1/1669572000.c1.snap.jpg,1.0695913
2022-11-27 18:30:00,/Volumes/Argus/unk/snap/c1/1669573800.c1.snap.jpg,0.9894674
2022-11-27 19:30:00,/Volumes/Argus/unk/snap/c1/1669577400.c1.snap.jpg,0.7790051
2022-11-27 20:00:00,/Volumes/Argus/unk/snap/c1/1669579200.c1.snap.jpg,0.8230425
2022-11-27 20:30:00,/Volumes/Argus/unk/snap/c1/1669581000.c1.snap.jpg,0.7566397
2022-11-27 21:00:00,/Volumes/Argus/unk/snap/c1/1669582800.c1.snap.jpg,0.7091053
2022-11-27 21:30:00,/Volumes/Argus/unk/snap/c1/1669584600.c1.snap.jpg,0.7628033
2022-11-27 22:00:00,/Volumes/Argus/unk/snap/c1/1669586400.c1.snap.jpg,0.6785591
2022-11-27 22:30:00,/Volumes/Argus/unk/snap/c1/1669588200.c1.snap.jpg,0.7103241
2022-11-27 23:00:00,/Volumes/Argus/unk/snap/c1/1669590000.c1.snap.jpg,0.7181045
2022-11-27 23:30:00,/Volumes/Argus/unk/snap/c1/1669591800.c1.snap.jpg,0.72938585
2022-11-28 03:00:00,/Volumes/Argus/unk/snap/c1/1669604400.c1.snap.jpg,1.8011814
2022-11-28 03:30:00,/Volumes/Argus/unk/snap/c1/1669606200.c1.snap.jpg,1.8899802
2022-11-28 16:30:00,/Volumes/Argus/unk/snap/c1/1669653000.c1.snap.jpg,1.896216
2022-11-28 17:00:00,/Volumes/Argus/unk/snap/c1/1669654800.c1.snap.jpg,1.8768883
2022-11-28 17:30:00,/Volumes/Argus/unk/snap/c1/1669656600.c1.snap.jpg,1.1939532
2022-11-28 18:00:00,/Volumes/Argus/unk/snap/c1/1669658400.c1.snap.jpg,1.440823
2022-11-28 18:30:00,/Volumes/Argus/unk/snap/c1/1669660200.c1.snap.jpg,0.7610082
2022-11-28 19:00:00,/Volumes/Argus/unk/snap/c1/1669662000.c1.snap.jpg,0.694105
2022-11-28 19:30:00,/Volumes/Argus/unk/snap/c1/1669663800.c1.snap.jpg,0.8412877
2022-11-28 20:00:00,/Volumes/Argus/unk/snap/c1/1669665600.c1.snap.jpg,0.7281475
2022-11-28 20:30:00,/Volumes/Argus/unk/snap/c1/1669667400.c1.snap.jpg,0.62130773
2022-11-28 21:00:00,/Volumes/Argus/unk/snap/c1/1669669200.c1.snap.jpg,0.5760712
2022-11-28 21:30:00,/Volumes/Argus/unk/snap/c1/1669671000.c1.snap.jpg,0.58766055
2022-11-28 22:00:00,/Volumes/Argus/unk/snap/c1/1669672800.c1.snap.jpg,0.5536499
2022-11-28 22:30:00,/Volumes/Argus/unk/snap/c1/1669674600.c1.snap.jpg,0.6090733
2022-11-28 23:00:00,/Volumes/Argus/unk/snap/c1/1669676400.c1.snap.jpg,0.65643245
2022-11-28 23:30:00,/Volumes/Argus/unk/snap/c1/1669678200.c1.snap.jpg,0.59919953
2022-11-29 00:00:00,/Volumes/Argus/unk/snap/c1/1669680000.c1.snap.jpg,0.6208577
2022-11-29 00:30:00,/Volumes/Argus/unk/snap/c1/1669681800.c1.snap.jpg,0.68858314
2022-11-29 01:00:00,/Volumes/Argus/unk/snap/c1/1669683600.c1.snap.jpg,0.74936444
2022-11-29 01:30:00,/Volumes/Argus/unk/snap/c1/1669685400.c1.snap.jpg,0.7423022
2022-11-29 02:00:00,/Volumes/Argus/unk/snap/c1/1669687200.c1.snap.jpg,0.6388124
2022-11-29 02:30:00,/Volumes/Argus/unk/snap/c1/1669689000.c1.snap.jpg,0.5874386
2022-11-29 03:00:00,/Volumes/Argus/unk/snap/c1/1669690800.c1.snap.jpg,0.72228765
2022-11-29 03:30:00,/Volumes/Argus/unk/snap/c1/1669692600.c1.snap.jpg,1.906631
2022-11-29 04:00:00,/Volumes/Argus/unk/snap/c1/1669694400.c1.snap.jpg,1.8565105
2022-11-29 16:30:00,/Volumes/Argus/unk/snap/c1/1669739400.c1.snap.jpg,1.770573
2022-11-29 17:00:00,/Volumes/Argus/unk/snap/c1/1669741200.c1.snap.jpg,1.7491286
2022-11-29 17:30:00,/Volumes/Argus/unk/snap/c1/1669743000.c1.snap.jpg,1.7025706
2022-11-29 18:00:00,/Volumes/Argus/unk/snap/c1/1669744800.c1.snap.jpg,1.5576001
2022-11-29 19:00:00,/Volumes/Argus/unk/snap/c1/1669748400.c1.snap.jpg,0.76465905
2022-11-29 19:30:00,/Volumes/Argus/unk/snap/c1/1669750200.c1.snap.jpg,0.7776362
2022-11-29 20:00:00,/Volumes/Argus/unk/snap/c1/1669752000.c1.snap.jpg,0.7960491
2022-11-29 20:30:00,/Volumes/Argus/unk/snap/c1/1669753800.c1.snap.jpg,0.7468604
2022-11-29 21:00:00,/Volumes/Argus/unk/snap/c1/1669755600.c1.snap.jpg,0.77047235
2022-11-29 21:30:00,/Volumes/Argus/unk/snap/c1/1669757400.c1.snap.jpg,0.7503376
2022-11-29 22:00:00,/Volumes/Argus/unk/snap/c1/1669759200.c1.snap.jpg,0.69465816
2022-11-29 22:30:00,/Volumes/Argus/unk/snap/c1/1669761000.c1.snap.jpg,0.7562728
2022-11-29 23:00:00,/Volumes/Argus/unk/snap/c1/1669762800.c1.snap.jpg,0.6792104
2022-11-29 23:30:00,/Volumes/Argus/unk/snap/c1/1669764600.c1.snap.jpg,0.67164874
2022-11-30 00:00:00,/Volumes/Argus/unk/snap/c1/1669766400.c1.snap.jpg,0.708375
2022-11-30 00:30:00,/Volumes/Argus/unk/snap/c1/1669768200.c1.snap.jpg,0.61799634
2022-11-30 01:00:00,/Volumes/Argus/unk/snap/c1/1669770000.c1.snap.jpg,0.6896483
2022-11-30 01:30:00,/Volumes/Argus/unk/snap/c1/1669771800.c1.snap.jpg,0.63157684
2022-11-30 02:00:00,/Volumes/Argus/unk/snap/c1/1669773600.c1.snap.jpg,0.49861455
2022-11-30 02:30:00,/Volumes/Argus/unk/snap/c1/1669775400.c1.snap.jpg,0.7072995
2022-11-30 03:00:00,/Volumes/Argus/unk/snap/c1/1669777200.c1.snap.jpg,1.1462908
2022-11-30 03:30:00,/Volumes/Argus/unk/snap/c1/1669779000.c1.snap.jpg,1.7624015
2022-11-30 04:00:00,/Volumes/Argus/unk/snap/c1/1669780800.c1.snap.jpg,1.8139638
2022-11-30 16:30:00,/Volumes/Argus/unk/snap/c1/1669825800.c1.snap.jpg,1.5287724
2022-11-30 17:00:00,/Volumes/Argus/unk/snap/c1/1669827600.c1.snap.jpg,1.770917
2022-11-30 17:30:00,/Volumes/Argus/unk/snap/c1/1669829400.c1.snap.jpg,1.1769661
2022-11-30 18:00:00,/Volumes/Argus/unk/snap/c1/1669831200.c1.snap.jpg,1.5105505
2022-11-30 18:30:00,/Volumes/Argus/unk/snap/c1/1669833000.c1.snap.jpg,0.8611534
2022-11-30 19:00:00,/Volumes/Argus/unk/snap/c1/1669834800.c1.snap.jpg,0.8897504
2022-11-30 19:30:00,/Volumes/Argus/unk/snap/c1/1669836600.c1.snap.jpg,0.7236937
2022-11-30 20:00:00,/Volumes/Argus/unk/snap/c1/1669838400.c1.snap.jpg,0.7201227
2022-11-30 20:30:00,/Volumes/Argus/unk/snap/c1/1669840200.c1.snap.jpg,0.686034
2022-11-30 21:00:00,/Volumes/Argus/unk/snap/c1/1669842000.c1.snap.jpg,0.708584
2022-11-30 21:30:00,/Volumes/Argus/unk/snap/c1/1669843800.c1.snap.jpg,0.4864617
2022-11-30 22:00:00,/Volumes/Argus/unk/snap/c1/1669845600.c1.snap.jpg,0.56383973
2022-11-30 22:30:00,/Volumes/Argus/unk/snap/c1/1669847400.c1.snap.jpg,0.71976423
2022-11-30 23:00:00,/Volumes/Argus/unk/snap/c1/1669849200.c1.snap.jpg,0.75785863
2022-11-30 23:30:00,/Volumes/Argus/unk/snap/c1/1669851000.c1.snap.jpg,0.7629103
2022-12-01 00:30:00,/Volumes/Argus/unk/snap/c1/1669854600.c1.snap.jpg,0.509353
2022-12-01 01:00:00,/Volumes/Argus/unk/snap/c1/1669856400.c1.snap.jpg,0.8517648
2022-12-01 01:30:00,/Volumes/Argus/unk/snap/c1/1669858200.c1.snap.jpg,0.84816444
2022-12-01 02:00:00,/Volumes/Argus/unk/snap/c1/1669860000.c1.snap.jpg,0.8854855
2022-12-01 16:30:00,/Volumes/Argus/unk/snap/c1/1669912200.c1.snap.jpg,1.8184506
2022-12-01 17:00:00,/Volumes/Argus/unk/snap/c1/1669914000.c1.snap.jpg,1.7162923
2022-12-01 17:30:00,/Volumes/Argus/unk/snap/c1/1669915800.c1.snap.jpg,1.1266999
2022-12-01 18:00:00,/Volumes/Argus/unk/snap/c1/1669917600.c1.snap.jpg,1.7357229
2022-12-01 18:30:00,/Volumes/Argus/unk/snap/c1/1669919400.c1.snap.jpg,0.814401
2022-12-01 19:00:00,/Volumes/Argus/unk/snap/c1/1669921200.c1.snap.jpg,0.792041
2022-12-01 19:30:00,/Volumes/Argus/unk/snap/c1/1669923000.c1.snap.jpg,0.79475677
2022-12-01 20:00:00,/Volumes/Argus/unk/snap/c1/1669924800.c1.snap.jpg,0.65258884
2022-12-01 20:30:00,/Volumes/Argus/unk/snap/c1/1669926600.c1.snap.jpg,0.61863196
2022-12-01 21:00:00,/Volumes/Argus/unk/snap/c1/1669928400.c1.snap.jpg,0.5278525
2022-12-01 22:00:00,/Volumes/Argus/unk/snap/c1/1669932000.c1.snap.jpg,0.53608257
2022-12-01 22:30:00,/Volumes/Argus/unk/snap/c1/1669933800.c1.snap.jpg,0.5095386
2022-12-01 23:30:00,/Volumes/Argus/unk/snap/c1/1669937400.c1.snap.jpg,0.6203098
2022-12-02 00:00:00,/Volumes/Argus/unk/snap/c1/1669939200.c1.snap.jpg,0.6997913
2022-12-02 00:30:00,/Volumes/Argus/unk/snap/c1/1669941000.c1.snap.jpg,0.73340946
2022-12-02 01:00:00,/Volumes/Argus/unk/snap/c1/1669942800.c1.snap.jpg,0.72849476
2022-12-02 01:30:00,/Volumes/Argus/unk/snap/c1/1669944600.c1.snap.jpg,0.81944597
2022-12-02 02:00:00,/Volumes/Argus/unk/snap/c1/1669946400.c1.snap.jpg,0.6453998
2022-12-02 02:30:00,/Volumes/Argus/unk/snap/c1/1669948200.c1.snap.jpg,0.9939232
2022-12-02 03:00:00,/Volumes/Argus/unk/snap/c1/1669950000.c1.snap.jpg,1.8394163
2022-12-02 03:30:00,/Volumes/Argus/unk/snap/c1/1669951800.c1.snap.jpg,1.7752782
