time,path,H
2022-12-02 19:00:00,/Volumes/Argus/unk/snap/c1/1670007600.c1.snap.jpg,0.8208864
2022-12-02 19:30:00,/Volumes/Argus/unk/snap/c1/1670009400.c1.snap.jpg,0.66141915
2022-12-02 20:00:00,/Volumes/Argus/unk/snap/c1/1670011200.c1.snap.jpg,0.7485615
2022-12-02 20:30:00,/Volumes/Argus/unk/snap/c1/1670013000.c1.snap.jpg,0.5767401
2022-12-02 21:00:00,/Volumes/Argus/unk/snap/c1/1670014800.c1.snap.jpg,0.6768427
2022-12-02 21:30:00,/Volumes/Argus/unk/snap/c1/1670016600.c1.snap.jpg,0.53522974
2022-12-02 23:00:00,/Volumes/Argus/unk/snap/c1/1670022000.c1.snap.jpg,0.6566783
2022-12-02 23:30:00,/Volumes/Argus/unk/snap/c1/1670023800.c1.snap.jpg,0.55396795
2022-12-03 00:00:00,/Volumes/Argus/unk/snap/c1/1670025600.c1.snap.jpg,0.5781977
2022-12-03 00:30:00,/Volumes/Argus/unk/snap/c1/1670027400.c1.snap.jpg,0.6371527
2022-12-03 01:00:00,/Volumes/Argus/unk/snap/c1/1670029200.c1.snap.jpg,0.8071058
2022-12-03 01:30:00,/Volumes/Argus/unk/snap/c1/1670031000.c1.snap.jpg,0.73052794
2022-12-03 02:00:00,/Volumes/Argus/unk/snap/c1/1670032800.c1.snap.jpg,0.8820741
2022-12-03 02:30:00,/Volumes/Argus/unk/snap/c1/1670034600.c1.snap.jpg,0.75033224
2022-12-03 03:00:00,/Volumes/Argus/unk/snap/c1/1670036400.c1.snap.jpg,0.8912869
2022-12-03 03:30:00,/Volumes/Argus/unk/snap/c1/1670038200.c1.snap.jpg,0.575866
2022-12-03 16:30:00,/Volumes/Argus/unk/snap/c1/1670085000.c1.snap.jpg,0.62287354
2022-12-03 17:00:00,/Volumes/Argus/unk/snap/c1/1670086800.c1.snap.jpg,0.6788243
2022-12-03 17:30:00,/Volumes/Argus/unk/snap/c1/1670088600.c1.snap.jpg,0.60091853
2022-12-03 18:00:00,/Volumes/Argus/unk/snap/c1/1670090400.c1.snap.jpg,0.61332226
2022-12-03 18:30:00,/Volumes/Argus/unk/snap/c1/1670092200.c1.snap.jpg,0.69178426
2022-12-03 19:00:00,/Volumes/Argus/unk/snap/c1/1670094000.c1.snap.jpg,0.7548414
2022-12-03 19:30:00,/Volumes/Argus/unk/snap/c1/1670095800.c1.snap.jpg,0.7519069
2022-12-03 20:00:00,/Volumes/Argus/unk/snap/c1/1670097600.c1.snap.jpg,0.7190988
2022-12-03 20:30:00,/Volumes/Argus/unk/snap/c1/1670099400.c1.snap.jpg,0.7228974
2022-12-03 21:00:00,/Volumes/Argus/unk/snap/c1/1670101200.c1.snap.jpg,0.7722668
2022-12-03 21:30:00,/Volumes/Argus/unk/snap/c1/1670103000.c1.snap.jpg,0.8386624
2022-12-03 22:00:00,/Volumes/Argus/unk/snap/c1/1670104800.c1.snap.jpg,0.80016893
2022-12-03 22:30:00,/Volumes/Argus/unk/snap/c1/1670106600.c1.snap.jpg,0.7135195
2022-12-03 23:00:00,/Volumes/Argus/unk/snap/c1/1670108400.c1.snap.jpg,0.57610345
2022-12-03 23:30:00,/Volumes/Argus/unk/snap/c1/1670110200.c1.snap.jpg,0.71721905
2022-12-04 00:00:00,/Volumes/Argus/unk/snap/c1/1670112000.c1.snap.jpg,0.8090234
2022-12-04 00:30:00,/Volumes/Argus/unk/snap/c1/1670113800.c1.snap.jpg,0.7798127
2022-12-04 01:00:00,/Volumes/Argus/unk/snap/c1/1670115600.c1.snap.jpg,0.5025066
2022-12-04 01:30:00,/Volumes/Argus/unk/snap/c1/1670117400.c1.snap.jpg,0.70949495
2022-12-04 02:00:00,/Volumes/Argus/unk/snap/c1/1670119200.c1.snap.jpg,0.573214
2022-12-04 02:30:00,/Volumes/Argus/unk/snap/c1/1670121000.c1.snap.jpg,0.68106616
2022-12-04 03:30:00,/Volumes/Argus/unk/snap/c1/1670124600.c1.snap.jpg,1.7323518
2022-12-04 04:00:00,/Volumes/Argus/unk/snap/c1/1670126400.c1.snap.jpg,1.5097989
2022-12-04 16:30:00,/Volumes/Argus/unk/snap/c1/1670171400.c1.snap.jpg,1.5600688
2022-12-04 17:00:00,/Volumes/Argus/unk/snap/c1/1670173200.c1.snap.jpg,1.8490727
2022-12-04 17:30:00,/Volumes/Argus/unk/snap/c1/1670175000.c1.snap.jpg,1.8852111
2022-12-04 18:00:00,/Volumes/Argus/unk/snap/c1/1670176800.c1.snap.jpg,1.8239529
2022-12-04 18:30:00,/Volumes/Argus/unk/snap/c1/1670178600.c1.snap.jpg,0.78879434
2022-12-04 19:30:00,/Volumes/Argus/unk/snap/c1/1670182200.c1.snap.jpg,0.78899014
2022-12-04 20:00:00,/Volumes/Argus/unk/snap/c1/1670184000.c1.snap.jpg,0.8455955
2022-12-04 20:30:00,/Volumes/Argus/unk/snap/c1/1670185800.c1.snap.jpg,1.0001227
2022-12-04 21:00:00,/Volumes/Argus/unk/snap/c1/1670187600.c1.snap.jpg,0.81371784
2022-12-04 21:30:00,/Volumes/Argus/unk/snap/c1/1670189400.c1.snap.jpg,0.77520823
2022-12-04 22:00:00,/Volumes/Argus/unk/snap/c1/1670191200.c1.snap.jpg,0.6193456
2022-12-04 22:30:00,/Volumes/Argus/unk/snap/c1/1670193000.c1.snap.jpg,0.9176425
2022-12-04 23:00:00,/Volumes/Argus/unk/snap/c1/1670194800.c1.snap.jpg,0.8360644
2022-12-04 23:30:00,/Volumes/Argus/unk/snap/c1/1670196600.c1.snap.jpg,0.8885662
2022-12-05 00:00:00,/Volumes/Argus/unk/snap/c1/1670198400.c1.snap.jpg,0.79611003
2022-12-05 00:30:00,/Volumes/Argus/unk/snap/c1/1670200200.c1.snap.jpg,0.82923424
2022-12-05 01:00:00,/Volumes/Argus/unk/snap/c1/1670202000.c1.snap.jpg,0.7801056
2022-12-05 01:30:00,/Volumes/Argus/unk/snap/c1/1670203800.c1.snap.jpg,0.75433815
2022-12-05 02:00:00,/Volumes/Argus/unk/snap/c1/1670205600.c1.snap.jpg,0.7277481
2022-12-05 02:30:00,/Volumes/Argus/unk/snap/c1/1670207400.c1.snap.jpg,0.75477713
2022-12-05 03:00:00,/Volumes/Argus/unk/snap/c1/1670209200.c1.snap.jpg,1.7747837
2022-12-05 03:30:00,/Volumes/Argus/unk/snap/c1/1670211000.c1.snap.jpg,1.8214157
2022-12-05 04:00:00,/Volumes/Argus/unk/snap/c1/1670212800.c1.snap.jpg,1.8471854
2022-12-05 16:30:00,/Volumes/Argus/unk/snap/c1/1670257800.c1.snap.jpg,1.7994229
2022-12-05 17:00:00,/Volumes/Argus/unk/snap/c1/1670259600.c1.snap.jpg,1.8635958
2022-12-05 17:30:00,/Volumes/Argus/unk/snap/c1/1670261400.c1.snap.jpg,1.4168636
2022-12-05 18:00:00,/Volumes/Argus/unk/snap/c1/1670263200.c1.snap.jpg,1.7908193
2022-12-05 18:30:00,/Volumes/Argus/unk/snap/c1/1670265000.c1.snap.jpg,1.5376755
2022-12-05 19:00:00,/Volumes/Argus/unk/snap/c1/1670266800.c1.snap.jpg,0.52869725
2022-12-05 19:30:00,/Volumes/Argus/unk/snap/c1/1670268600.c1.snap.jpg,0.6589773
2022-12-05 20:00:00,/Volumes/Argus/unk/snap/c1/1670270400.c1.snap.jpg,0.87383056
2022-12-05 20:30:00,/Volumes/Argus/unk/snap/c1/1670272200.c1.snap.jpg,0.67273843
2022-12-05 21:00:00,/Volumes/Argus/unk/snap/c1/1670274000.c1.snap.jpg,0.56145096
2022-12-05 21:30:00,/Volumes/Argus/unk/snap/c1/1670275800.c1.snap.jpg,0.6943569
2022-12-05 22:00:00,/Volumes/Argus/unk/snap/c1/1670277600.c1.snap.jpg,0.7131369
2022-12-05 22:30:00,/Volumes/Argus/unk/snap/c1/1670279400.c1.snap.jpg,0.7298281
2022-12-05 23:00:00,/Volumes/Argus/unk/snap/c1/1670281200.c1.snap.jpg,0.79311085
2022-12-05 23:30:00,/Volumes/Argus/unk/snap/c1/1670283000.c1.snap.jpg,0.83574855
2022-12-06 00:00:00,/Volumes/Argus/unk/snap/c1/1670284800.c1.snap.jpg,0.6996773
2022-12-06 00:30:00,/Volumes/Argus/unk/snap/c1/1670286600.c1.snap.jpg,0.803466
2022-12-06 01:00:00,/Volumes/Argus/unk/snap/c1/1670288400.c1.snap.jpg,0.7989968
2022-12-06 01:30:00,/Volumes/Argus/unk/snap/c1/1670290200.c1.snap.jpg,0.7411989
2022-12-06 02:30:00,/Volumes/Argus/unk/snap/c1/1670293800.c1.snap.jpg,1.4120873
2022-12-06 03:00:00,/Volumes/Argus/unk/snap/c1/1670295600.c1.snap.jpg,1.6099269
2022-12-06 03:30:00,/Volumes/Argus/unk/snap/c1/1670297400.c1.snap.jpg,1.8155441
2022-12-06 18:00:00,/Volumes/Argus/unk/snap/c1/1670349600.c1.snap.jpg,1.4564201
2022-12-06 19:00:00,/Volumes/Argus/unk/snap/c1/1670353200.c1.snap.jpg,0.75885546
2022-12-06 19:30:00,/Volumes/Argus/unk/snap/c1/1670355000.c1.snap.jpg,0.7284007
2022-12-06 20:00:00,/Volumes/Argus/unk/snap/c1/1670356800.c1.snap.jpg,0.5772325
2022-12-06 20:30:00,/Volumes/Argus/unk/snap/c1/1670358600.c1.snap.jpg,0.6139121
2022-12-06 21:00:00,/Volumes/Argus/unk/snap/c1/1670360400.c1.snap.jpg,0.584512
2022-12-06 21:30:00,/Volumes/Argus/unk/snap/c1/1670362200.c1.snap.jpg,0.7822583
2022-12-06 22:00:00,/Volumes/Argus/unk/snap/c1/1670364000.c1.snap.jpg,0.57317775
2022-12-06 22:30:00,/Volumes/Argus/unk/snap/c1/1670365800.c1.snap.jpg,0.604088
2022-12-06 23:00:00,/Volumes/Argus/unk/snap/c1/1670367600.c1.snap.jpg,0.4934461
2022-12-06 23:30:00,/Volumes/Argus/unk/snap/c1/1670369400.c1.snap.jpg,0.5600518
2022-12-07 00:00:00,/Volumes/Argus/unk/snap/c1/1670371200.c1.snap.jpg,0.51301634
2022-12-07 00:30:00,/Volumes/Argus/unk/snap/c1/1670373000.c1.snap.jpg,0.94222933
2022-12-07 01:00:00,/Volumes/Argus/unk/snap/c1/1670374800.c1.snap.jpg,1.0304085
2022-12-07 01:30:00,/Volumes/Argus/unk/snap/c1/1670376600.c1.snap.jpg,0.8098204
2022-12-07 02:00:00,/Volumes/Argus/unk/snap/c1/1670378400.c1.snap.jpg,0.70471597
2022-12-07 02:30:00,/Volumes/Argus/unk/snap/c1/1670380200.c1.snap.jpg,0.60543203
2022-12-07 03:00:00,/Volumes/Argus/unk/snap/c1/1670382000.c1.snap.jpg,1.0939072
2022-12-07 03:30:00,/Volumes/Argus/unk/snap/c1/1670383800.c1.snap.jpg,0.6796117
2022-12-07 16:30:00,/Volumes/Argus/unk/snap/c1/1670430600.c1.snap.jpg,1.8355166
2022-12-07 17:00:00,/Volumes/Argus/unk/snap/c1/1670432400.c1.snap.jpg,1.7546277
2022-12-07 17:30:00,/Volumes/Argus/unk/snap/c1/1670434200.c1.snap.jpg,1.779784
2022-12-07 18:00:00,/Volumes/Argus/unk/snap/c1/1670436000.c1.snap.jpg,1.7874081
2022-12-07 18:30:00,/Volumes/Argus/unk/snap/c1/1670437800.c1.snap.jpg,1.7792666
2022-12-07 19:00:00,/Volumes/Argus/unk/snap/c1/1670439600.c1.snap.jpg,1.6111774
2022-12-07 19:30:00,/Volumes/Argus/unk/snap/c1/1670441400.c1.snap.jpg,1.0045321
2022-12-07 20:00:00,/Volumes/Argus/unk/snap/c1/1670443200.c1.snap.jpg,0.65485686
2022-12-07 21:00:00,/Volumes/Argus/unk/snap/c1/1670446800.c1.snap.jpg,0.563393
2022-12-07 21:30:00,/Volumes/Argus/unk/snap/c1/1670448600.c1.snap.jpg,0.520453
2022-12-07 22:00:00,/Volumes/Argus/unk/snap/c1/1670450400.c1.snap.jpg,0.6042645
2022-12-07 22:30:00,/Volumes/Argus/unk/snap/c1/1670452200.c1.snap.jpg,0.4547857
2022-12-07 23:00:00,/Volumes/Argus/unk/snap/c1/1670454000.c1.snap.jpg,0.5431098
2022-12-07 23:30:00,/Volumes/Argus/unk/snap/c1/1670455800.c1.snap.jpg,0.6011617
2022-12-08 00:00:00,/Volumes/Argus/unk/snap/c1/1670457600.c1.snap.jpg,1.2247901
2022-12-08 00:30:00,/Volumes/Argus/unk/snap/c1/1670459400.c1.snap.jpg,0.43212813
2022-12-08 01:00:00,/Volumes/Argus/unk/snap/c1/1670461200.c1.snap.jpg,0.64806175
2022-12-08 01:30:00,/Volumes/Argus/unk/snap/c1/1670463000.c1.snap.jpg,0.6863667
2022-12-08 02:00:00,/Volumes/Argus/unk/snap/c1/1670464800.c1.snap.jpg,1.4821173
2022-12-08 02:30:00,/Volumes/Argus/unk/snap/c1/1670466600.c1.snap.jpg,1.816588
2022-12-08 03:00:00,/Volumes/Argus/unk/snap/c1/1670468400.c1.snap.jpg,1.7839243
2022-12-08 03:30:00,/Volumes/Argus/unk/snap/c1/1670470200.c1.snap.jpg,1.8156132
2022-12-08 04:00:00,/Volumes/Argus/unk/snap/c1/1670472000.c1.snap.jpg,1.8257953
2022-12-08 16:30:00,/Volumes/Argus/unk/snap/c1/1670517000.c1.snap.jpg,1.1983103
2022-12-08 17:00:00,/Volumes/Argus/unk/snap/c1/1670518800.c1.snap.jpg,1.1470582
2022-12-08 18:00:00,/Volumes/Argus/unk/snap/c1/1670522400.c1.snap.jpg,1.5783105
2022-12-08 18:30:00,/Volumes/Argus/unk/snap/c1/1670524200.c1.snap.jpg,0.99689
2022-12-08 19:00:00,/Volumes/Argus/unk/snap/c1/1670526000.c1.snap.jpg,0.78098345
2022-12-08 19:30:00,/Volumes/Argus/unk/snap/c1/1670527800.c1.snap.jpg,0.9715267
2022-12-08 20:00:00,/Volumes/Argus/unk/snap/c1/1670529600.c1.snap.jpg,0.9182598
2022-12-08 20:30:00,/Volumes/Argus/unk/snap/c1/1670531400.c1.snap.jpg,0.9208958
2022-12-08 21:00:00,/Volumes/Argus/unk/snap/c1/1670533200.c1.snap.jpg,0.8695402
2022-12-08 22:00:00,/Volumes/Argus/unk/snap/c1/1670536800.c1.snap.jpg,0.91261613
2022-12-08 22:30:00,/Volumes/Argus/unk/snap/c1/1670538600.c1.snap.jpg,0.8339819
2022-12-08 23:00:00,/Volumes/Argus/unk/snap/c1/1670540400.c1.snap.jpg,0.8910315
2022-12-09 00:00:00,/Volumes/Argus/unk/snap/c1/1670544000.c1.snap.jpg,0.7520965
2022-12-09 00:30:00,/Volumes/Argus/unk/snap/c1/1670545800.c1.snap.jpg,0.7960064
2022-12-09 01:00:00,/Volumes/Argus/unk/snap/c1/1670547600.c1.snap.jpg,0.6629816
2022-12-09 01:30:00,/Volumes/Argus/unk/snap/c1/1670549400.c1.snap.jpg,0.8473315
2022-12-09 02:00:00,/Volumes/Argus/unk/snap/c1/1670551200.c1.snap.jpg,0.80706245
2022-12-09 02:30:00,/Volumes/Argus/unk/snap/c1/1670553000.c1.snap.jpg,0.8427479
2022-12-09 03:00:00,/Volumes/Argus/unk/snap/c1/1670554800.c1.snap.jpg,0.9376714
2022-12-09 03:30:00,/Volumes/Argus/unk/snap/c1/1670556600.c1.snap.jpg,1.8411528
2022-12-09 16:30:00,/Volumes/Argus/unk/snap/c1/1670603400.c1.snap.jpg,1.8589123
2022-12-09 17:00:00,/Volumes/Argus/unk/snap/c1/1670605200.c1.snap.jpg,1.7779275
2022-12-09 17:30:00,/Volumes/Argus/unk/snap/c1/1670607000.c1.snap.jpg,1.8972954
2022-12-09 18:00:00,/Volumes/Argus/unk/snap/c1/1670608800.c1.snap.jpg,1.7934822
2022-12-09 18:30:00,/Volumes/Argus/unk/snap/c1/1670610600.c1.snap.jpg,1.598168
2022-12-09 19:00:00,/Volumes/Argus/unk/snap/c1/1670612400.c1.snap.jpg,0.695065
2022-12-09 19:30:00,/Volumes/Argus/unk/snap/c1/1670614200.c1.snap.jpg,0.739261
2022-12-09 20:00:00,/Volumes/Argus/unk/snap/c1/1670616000.c1.snap.jpg,0.84523463
2022-12-09 20:30:00,/Volumes/Argus/unk/snap/c1/1670617800.c1.snap.jpg,0.78483593
2022-12-09 21:00:00,/Volumes/Argus/unk/snap/c1/1670619600.c1.snap.jpg,0.87807167
2022-12-09 21:30:00,/Volumes/Argus/unk/snap/c1/1670621400.c1.snap.jpg,0.8635493
2022-12-09 22:00:00,/Volumes/Argus/unk/snap/c1/1670623200.c1.snap.jpg,0.76542515
2022-12-09 22:30:00,/Volumes/Argus/unk/snap/c1/1670625000.c1.snap.jpg,0.80071366
2022-12-09 23:00:00,/Volumes/Argus/unk/snap/c1/1670626800.c1.snap.jpg,0.77480114
2022-12-09 23:30:00,/Volumes/Argus/unk/snap/c1/1670628600.c1.snap.jpg,0.59771824
2022-12-10 00:00:00,/Volumes/Argus/unk/snap/c1/1670630400.c1.snap.jpg,0.7845366
2022-12-10 00:30:00,/Volumes/Argus/unk/snap/c1/1670632200.c1.snap.jpg,0.6878997
2022-12-10 01:00:00,/Volumes/Argus/unk/snap/c1/1670634000.c1.snap.jpg,0.65685093
2022-12-10 01:30:00,/Volumes/Argus/unk/snap/c1/1670635800.c1.snap.jpg,1.0716795
2022-12-10 02:00:00,/Volumes/Argus/unk/snap/c1/1670637600.c1.snap.jpg,0.90834236
2022-12-10 03:00:00,/Volumes/Argus/unk/snap/c1/1670641200.c1.snap.jpg,1.6335703
2022-12-10 03:30:00,/Volumes/Argus/unk/snap/c1/1670643000.c1.snap.jpg,1.8068147
2022-12-10 04:00:00,/Volumes/Argus/unk/snap/c1/1670644800.c1.snap.jpg,1.759423
2022-12-10 16:30:00,/Volumes/Argus/unk/snap/c1/1670689800.c1.snap.jpg,1.7802147
2022-12-10 17:00:00,/Volumes/Argus/unk/snap/c1/1670691600.c1.snap.jpg,1.071684
2022-12-10 17:30:00,/Volumes/Argus/unk/snap/c1/1670693400.c1.snap.jpg,1.370572
2022-12-10 18:00:00,/Volumes/Argus/unk/snap/c1/1670695200.c1.snap.jpg,1.5652863
2022-12-10 18:30:00,/Volumes/Argus/unk/snap/c1/1670697000.c1.snap.jpg,1.7954996
2022-12-10 19:00:00,/Volumes/Argus/unk/snap/c1/1670698800.c1.snap.jpg,0.8402388
2022-12-10 19:30:00,/Volumes/Argus/unk/snap/c1/1670700600.c1.snap.jpg,0.8755125
2022-12-10 20:00:00,/Volumes/Argus/unk/snap/c1/1670702400.c1.snap.jpg,0.9327935
2022-12-10 20:30:00,/Volumes/Argus/unk/snap/c1/1670704200.c1.snap.jpg,0.87577945
2022-12-10 21:00:00,/Volumes/Argus/unk/snap/c1/1670706000.c1.snap.jpg,0.9604231
2022-12-10 21:30:00,/Volumes/Argus/unk/snap/c1/1670707800.c1.snap.jpg,1.0533898
2022-12-10 22:00:00,/Volumes/Argus/unk/snap/c1/1670709600.c1.snap.jpg,0.9282414
2022-12-10 22:30:00,/Volumes/Argus/unk/snap/c1/1670711400.c1.snap.jpg,0.87821484
2022-12-10 23:00:00,/Volumes/Argus/unk/snap/c1/1670713200.c1.snap.jpg,0.84641796
2022-12-10 23:30:00,/Volumes/Argus/unk/snap/c1/1670715000.c1.snap.jpg,0.84847105
2022-12-11 00:00:00,/Volumes/Argus/unk/snap/c1/1670716800.c1.snap.jpg,0.7038419
2022-12-11 00:30:00,/Volumes/Argus/unk/snap/c1/1670718600.c1.snap.jpg,0.79859525
2022-12-11 01:30:00,/Volumes/Argus/unk/snap/c1/1670722200.c1.snap.jpg,0.8634484
2022-12-11 02:00:00,/Volumes/Argus/unk/snap/c1/1670724000.c1.snap.jpg,0.8274868
2022-12-11 02:30:00,/Volumes/Argus/unk/snap/c1/1670725800.c1.snap.jpg,1.431609
2022-12-11 03:00:00,/Volumes/Argus/unk/snap/c1/1670727600.c1.snap.jpg,1.8464822
2022-12-11 03:30:00,/Volumes/Argus/unk/snap/c1/1670729400.c1.snap.jpg,1.835142
2022-12-11 04:00:00,/Volumes/Argus/unk/snap/c1/1670731200.c1.snap.jpg,1.8124669
2022-12-11 19:30:00,/Volumes/Argus/unk/snap/c1/1670787000.c1.snap.jpg,0.6902081
2022-12-11 20:00:00,/Volumes/Argus/unk/snap/c1/1670788800.c1.snap.jpg,0.51459366
2022-12-11 20:30:00,/Volumes/Argus/unk/snap/c1/1670790600.c1.snap.jpg,0.672912
2022-12-11 21:00:00,/Volumes/Argus/unk/snap/c1/1670792400.c1.snap.jpg,0.8618814
2022-12-11 21:30:00,/Volumes/Argus/unk/snap/c1/1670794200.c1.snap.jpg,0.7303765
2022-12-11 22:00:00,/Volumes/Argus/unk/snap/c1/1670796000.c1.snap.jpg,0.7571044
2022-12-11 22:30:00,/Volumes/Argus/unk/snap/c1/1670797800.c1.snap.jpg,0.66748697
2022-12-11 23:00:00,/Volumes/Argus/unk/snap/c1/1670799600.c1.snap.jpg,0.7342714
2022-12-11 23:30:00,/Volumes/Argus/unk/snap/c1/1670801400.c1.snap.jpg,0.7761356
2022-12-12 00:00:00,/Volumes/Argus/unk/snap/c1/1670803200.c1.snap.jpg,1.0617573
2022-12-12 00:30:00,/Volumes/Argus/unk/snap/c1/1670805000.c1.snap.jpg,0.56826186
2022-12-12 01:00:00,/Volumes/Argus/unk/snap/c1/1670806800.c1.snap.jpg,0.48279965
2022-12-12 02:30:00,/Volumes/Argus/unk/snap/c1/1670812200.c1.snap.jpg,0.72800696
2022-12-12 03:00:00,/Volumes/Argus/unk/snap/c1/1670814000.c1.snap.jpg,0.6253047
2022-12-12 16:30:00,/Volumes/Argus/unk/snap/c1/1670862600.c1.snap.jpg,1.7515345
2022-12-12 17:00:00,/Volumes/Argus/unk/snap/c1/1670864400.c1.snap.jpg,1.7215925
2022-12-12 17:30:00,/Volumes/Argus/unk/snap/c1/1670866200.c1.snap.jpg,1.7559916
2022-12-12 18:00:00,/Volumes/Argus/unk/snap/c1/1670868000.c1.snap.jpg,1.3733908
2022-12-12 18:30:00,/Volumes/Argus/unk/snap/c1/1670869800.c1.snap.jpg,1.6938957
2022-12-12 19:00:00,/Volumes/Argus/unk/snap/c1/1670871600.c1.snap.jpg,0.7190259
2022-12-12 20:30:00,/Volumes/Argus/unk/snap/c1/1670877000.c1.snap.jpg,0.7401343
2022-12-12 21:00:00,/Volumes/Argus/unk/snap/c1/1670878800.c1.snap.jpg,0.7829161
2022-12-12 21:30:00,/Volumes/Argus/unk/snap/c1/1670880600.c1.snap.jpg,0.80254245
2022-12-12 22:30:00,/Volumes/Argus/unk/snap/c1/1670884200.c1.snap.jpg,0.8038304
2022-12-12 23:00:00,/Volumes/Argus/unk/snap/c1/1670886000.c1.snap.jpg,0.8158631
2022-12-12 23:30:00,/Volumes/Argus/unk/snap/c1/1670887800.c1.snap.jpg,0.8536499
2022-12-13 00:00:00,/Volumes/Argus/unk/snap/c1/1670889600.c1.snap.jpg,0.83626604
2022-12-13 00:30:00,/Volumes/Argus/unk/snap/c1/1670891400.c1.snap.jpg,0.8479934
2022-12-13 01:00:00,/Volumes/Argus/unk/snap/c1/1670893200.c1.snap.jpg,0.84335333
2022-12-13 01:30:00,/Volumes/Argus/unk/snap/c1/1670895000.c1.snap.jpg,0.8288356
2022-12-13 02:00:00,/Volumes/Argus/unk/snap/c1/1670896800.c1.snap.jpg,0.73261666
2022-12-13 02:30:00,/Volumes/Argus/unk/snap/c1/1670898600.c1.snap.jpg,0.78351825
2022-12-13 03:30:00,/Volumes/Argus/unk/snap/c1/1670902200.c1.snap.jpg,1.6236699
2022-12-13 04:00:00,/Volumes/Argus/unk/snap/c1/1670904000.c1.snap.jpg,1.8135219
2022-12-13 17:00:00,/Volumes/Argus/unk/snap/c1/1670950800.c1.snap.jpg,1.6673137
2022-12-13 17:30:00,/Volumes/Argus/unk/snap/c1/1670952600.c1.snap.jpg,1.3623434
2022-12-13 19:30:00,/Volumes/Argus/unk/snap/c1/1670959800.c1.snap.jpg,0.4540806
2022-12-13 20:00:00,/Volumes/Argus/unk/snap/c1/1670961600.c1.snap.jpg,0.6004038
2022-12-13 22:00:00,/Volumes/Argus/unk/snap/c1/1670968800.c1.snap.jpg,0.66901577
2022-12-13 22:30:00,/Volumes/Argus/unk/snap/c1/1670970600.c1.snap.jpg,0.5223985
2022-12-13 23:00:00,/Volumes/Argus/unk/snap/c1/1670972400.c1.snap.jpg,0.48899215
2022-12-13 23:30:00,/Volumes/Argus/unk/snap/c1/1670974200.c1.snap.jpg,0.6241737
2022-12-14 00:00:00,/Volumes/Argus/unk/snap/c1/1670976000.c1.snap.jpg,0.56650406
2022-12-14 00:30:00,/Volumes/Argus/unk/snap/c1/1670977800.c1.snap.jpg,0.62983847
2022-12-14 01:00:00,/Volumes/Argus/unk/snap/c1/1670979600.c1.snap.jpg,0.52132344
2022-12-14 01:30:00,/Volumes/Argus/unk/snap/c1/1670981400.c1.snap.jpg,0.6246655
2022-12-14 02:00:00,/Volumes/Argus/unk/snap/c1/1670983200.c1.snap.jpg,0.53560424
2022-12-14 02:30:00,/Volumes/Argus/unk/snap/c1/1670985000.c1.snap.jpg,0.56008065
2022-12-14 03:30:00,/Volumes/Argus/unk/snap/c1/1670988600.c1.snap.jpg,1.4656115
2022-12-14 04:00:00,/Volumes/Argus/unk/snap/c1/1670990400.c1.snap.jpg,0.43083686
2022-12-14 16:30:00,/Volumes/Argus/unk/snap/c1/1671035400.c1.snap.jpg,1.6247185
2022-12-14 17:00:00,/Volumes/Argus/unk/snap/c1/1671037200.c1.snap.jpg,1.0466611
2022-12-14 17:30:00,/Volumes/Argus/unk/snap/c1/1671039000.c1.snap.jpg,1.1265138
2022-12-14 18:00:00,/Volumes/Argus/unk/snap/c1/1671040800.c1.snap.jpg,0.583831
2022-12-14 18:30:00,/Volumes/Argus/unk/snap/c1/1671042600.c1.snap.jpg,0.6632372
2022-12-14 19:00:00,/Volumes/Argus/unk/snap/c1/1671044400.c1.snap.jpg,0.7878555
2022-12-14 19:30:00,/Volumes/Argus/unk/snap/c1/1671046200.c1.snap.jpg,0.51376593
2022-12-14 20:00:00,/Volumes/Argus/unk/snap/c1/1671048000.c1.snap.jpg,0.4499662
2022-12-14 20:30:00,/Volumes/Argus/unk/snap/c1/1671049800.c1.snap.jpg,0.47398508
2022-12-14 21:00:00,/Volumes/Argus/unk/snap/c1/1671051600.c1.snap.jpg,0.4757077
2022-12-14 21:30:00,/Volumes/Argus/unk/snap/c1/1671053400.c1.snap.jpg,0.47553468
2022-12-14 22:00:00,/Volumes/Argus/unk/snap/c1/1671055200.c1.snap.jpg,0.45842093
2022-12-14 22:30:00,/Volumes/Argus/unk/snap/c1/1671057000.c1.snap.jpg,0.4428983
2022-12-14 23:00:00,/Volumes/Argus/unk/snap/c1/1671058800.c1.snap.jpg,0.45209238
2022-12-14 23:30:00,/Volumes/Argus/unk/snap/c1/1671060600.c1.snap.jpg,0.47187993
2022-12-15 00:00:00,/Volumes/Argus/unk/snap/c1/1671062400.c1.snap.jpg,0.5476823
2022-12-15 00:30:00,/Volumes/Argus/unk/snap/c1/1671064200.c1.snap.jpg,0.889351
2022-12-15 01:00:00,/Volumes/Argus/unk/snap/c1/1671066000.c1.snap.jpg,0.77275157
2022-12-15 01:30:00,/Volumes/Argus/unk/snap/c1/1671067800.c1.snap.jpg,0.90667486
2022-12-15 02:00:00,/Volumes/Argus/unk/snap/c1/1671069600.c1.snap.jpg,0.7219954
2022-12-15 02:30:00,/Volumes/Argus/unk/snap/c1/1671071400.c1.snap.jpg,1.2846414
2022-12-15 18:00:00,/Volumes/Argus/unk/snap/c1/1671127200.c1.snap.jpg,1.3181139
2022-12-15 18:30:00,/Volumes/Argus/unk/snap/c1/1671129000.c1.snap.jpg,1.0696381
2022-12-15 19:00:00,/Volumes/Argus/unk/snap/c1/1671130800.c1.snap.jpg,0.8407669
2022-12-15 19:30:00,/Volumes/Argus/unk/snap/c1/1671132600.c1.snap.jpg,0.58656716
2022-12-15 20:00:00,/Volumes/Argus/unk/snap/c1/1671134400.c1.snap.jpg,0.49731153
2022-12-15 20:30:00,/Volumes/Argus/unk/snap/c1/1671136200.c1.snap.jpg,0.49061382
2022-12-15 21:00:00,/Volumes/Argus/unk/snap/c1/1671138000.c1.snap.jpg,0.5094385
2022-12-15 21:30:00,/Volumes/Argus/unk/snap/c1/1671139800.c1.snap.jpg,0.5255661
2022-12-15 22:00:00,/Volumes/Argus/unk/snap/c1/1671141600.c1.snap.jpg,0.5284543
2022-12-15 22:30:00,/Volumes/Argus/unk/snap/c1/1671143400.c1.snap.jpg,0.76342744
2022-12-15 23:00:00,/Volumes/Argus/unk/snap/c1/1671145200.c1.snap.jpg,0.5662183
2022-12-15 23:30:00,/Volumes/Argus/unk/snap/c1/1671147000.c1.snap.jpg,0.5791944
2022-12-16 00:00:00,/Volumes/Argus/unk/snap/c1/1671148800.c1.snap.jpg,0.79821634
2022-12-16 00:30:00,/Volumes/Argus/unk/snap/c1/1671150600.c1.snap.jpg,0.8215648
2022-12-16 01:00:00,/Volumes/Argus/unk/snap/c1/1671152400.c1.snap.jpg,0.85678434
2022-12-16 01:30:00,/Volumes/Argus/unk/snap/c1/1671154200.c1.snap.jpg,0.6715346
2022-12-16 02:00:00,/Volumes/Argus/unk/snap/c1/1671156000.c1.snap.jpg,0.72706294
2022-12-16 03:00:00,/Volumes/Argus/unk/snap/c1/1671159600.c1.snap.jpg,1.922967
2022-12-16 03:30:00,/Volumes/Argus/unk/snap/c1/1671161400.c1.snap.jpg,1.8459169
2022-12-16 04:00:00,/Volumes/Argus/unk/snap/c1/1671163200.c1.snap.jpg,0.9772188
2022-12-16 16:30:00,/Volumes/Argus/unk/snap/c1/1671208200.c1.snap.jpg,1.7720362
2022-12-16 17:00:00,/Volumes/Argus/unk/snap/c1/1671210000.c1.snap.jpg,1.7692345
2022-12-16 17:30:00,/Volumes/Argus/unk/snap/c1/1671211800.c1.snap.jpg,1.0469282
2022-12-16 18:00:00,/Volumes/Argus/unk/snap/c1/1671213600.c1.snap.jpg,0.48015746
2022-12-16 18:30:00,/Volumes/Argus/unk/snap/c1/1671215400.c1.snap.jpg,0.3529951
2022-12-16 19:00:00,/Volumes/Argus/unk/snap/c1/1671217200.c1.snap.jpg,0.78790647
2022-12-16 19:30:00,/Volumes/Argus/unk/snap/c1/1671219000.c1.snap.jpg,0.7802049
2022-12-16 20:00:00,/Volumes/Argus/unk/snap/c1/1671220800.c1.snap.jpg,0.51467526
2022-12-16 20:30:00,/Volumes/Argus/unk/snap/c1/1671222600.c1.snap.jpg,0.5162179
2022-12-16 21:00:00,/Volumes/Argus/unk/snap/c1/1671224400.c1.snap.jpg,0.50760436
2022-12-16 21:30:00,/Volumes/Argus/unk/snap/c1/1671226200.c1.snap.jpg,0.5122972
2022-12-16 22:00:00,/Volumes/Argus/unk/snap/c1/1671228000.c1.snap.jpg,0.52860236
2022-12-16 22:30:00,/Volumes/Argus/unk/snap/c1/1671229800.c1.snap.jpg,0.5431826
2022-12-16 23:00:00,/Volumes/Argus/unk/snap/c1/1671231600.c1.snap.jpg,0.5428156
2022-12-16 23:30:00,/Volumes/Argus/unk/snap/c1/1671233400.c1.snap.jpg,0.4675186
2022-12-17 00:00:00,/Volumes/Argus/unk/snap/c1/1671235200.c1.snap.jpg,0.5583639
2022-12-17 00:30:00,/Volumes/Argus/unk/snap/c1/1671237000.c1.snap.jpg,0.54837304
2022-12-17 01:00:00,/Volumes/Argus/unk/snap/c1/1671238800.c1.snap.jpg,0.50588405
2022-12-17 01:30:00,/Volumes/Argus/unk/snap/c1/1671240600.c1.snap.jpg,1.0025158
2022-12-17 02:00:00,/Volumes/Argus/unk/snap/c1/1671242400.c1.snap.jpg,0.8673799
2022-12-17 02:30:00,/Volumes/Argus/unk/snap/c1/1671244200.c1.snap.jpg,0.87701315
2022-12-17 03:00:00,/Volumes/Argus/unk/snap/c1/1671246000.c1.snap.jpg,1.6462215
2022-12-17 03:30:00,/Volumes/Argus/unk/snap/c1/1671247800.c1.snap.jpg,1.6980368
2022-12-17 04:00:00,/Volumes/Argus/unk/snap/c1/1671249600.c1.snap.jpg,1.4846168
2022-12-17 16:30:00,/Volumes/Argus/unk/snap/c1/1671294600.c1.snap.jpg,1.8753589
2022-12-17 17:00:00,/Volumes/Argus/unk/snap/c1/1671296400.c1.snap.jpg,1.8246747
2022-12-17 17:30:00,/Volumes/Argus/unk/snap/c1/1671298200.c1.snap.jpg,1.8265246
2022-12-17 18:00:00,/Volumes/Argus/unk/snap/c1/1671300000.c1.snap.jpg,1.7952759
2022-12-17 18:30:00,/Volumes/Argus/unk/snap/c1/1671301800.c1.snap.jpg,1.8177276
2022-12-17 19:00:00,/Volumes/Argus/unk/snap/c1/1671303600.c1.snap.jpg,0.86030537
2022-12-17 19:30:00,/Volumes/Argus/unk/snap/c1/1671305400.c1.snap.jpg,0.6573812
2022-12-17 20:00:00,/Volumes/Argus/unk/snap/c1/1671307200.c1.snap.jpg,0.65609354
2022-12-17 20:30:00,/Volumes/Argus/unk/snap/c1/1671309000.c1.snap.jpg,0.67465
2022-12-17 21:00:00,/Volumes/Argus/unk/snap/c1/1671310800.c1.snap.jpg,0.698716
2022-12-17 21:30:00,/Volumes/Argus/unk/snap/c1/1671312600.c1.snap.jpg,0.72342217
2022-12-17 22:00:00,/Volumes/Argus/unk/snap/c1/1671314400.c1.snap.jpg,0.69643754
2022-12-17 22:30:00,/Volumes/Argus/unk/snap/c1/1671316200.c1.snap.jpg,0.67867756
2022-12-17 23:00:00,/Volumes/Argus/unk/snap/c1/1671318000.c1.snap.jpg,0.59528
2022-12-17 23:30:00,/Volumes/Argus/unk/snap/c1/1671319800.c1.snap.jpg,0.61390316
2022-12-18 00:00:00,/Volumes/Argus/unk/snap/c1/1671321600.c1.snap.jpg,0.6735167
2022-12-18 00:30:00,/Volumes/Argus/unk/snap/c1/1671323400.c1.snap.jpg,0.6150204
2022-12-18 01:00:00,/Volumes/Argus/unk/snap/c1/1671325200.c1.snap.jpg,0.5321938
2022-12-18 01:30:00,/Volumes/Argus/unk/snap/c1/1671327000.c1.snap.jpg,0.59050137
2022-12-18 02:00:00,/Volumes/Argus/unk/snap/c1/1671328800.c1.snap.jpg,0.60366744
2022-12-18 02:30:00,/Volumes/Argus/unk/snap/c1/1671330600.c1.snap.jpg,0.52940434
2022-12-18 03:00:00,/Volumes/Argus/unk/snap/c1/1671332400.c1.snap.jpg,1.3153708
2022-12-18 03:30:00,/Volumes/Argus/unk/snap/c1/1671334200.c1.snap.jpg,1.5996891
2022-12-18 04:00:00,/Volumes/Argus/unk/snap/c1/1671336000.c1.snap.jpg,1.7645079
2022-12-18 16:30:00,/Volumes/Argus/unk/snap/c1/1671381000.c1.snap.jpg,1.3679931
2022-12-18 17:00:00,/Volumes/Argus/unk/snap/c1/1671382800.c1.snap.jpg,1.3074939
2022-12-18 17:30:00,/Volumes/Argus/unk/snap/c1/1671384600.c1.snap.jpg,1.816365
2022-12-18 18:00:00,/Volumes/Argus/unk/snap/c1/1671386400.c1.snap.jpg,1.2805712
2022-12-18 18:30:00,/Volumes/Argus/unk/snap/c1/1671388200.c1.snap.jpg,1.8234948
2022-12-18 19:00:00,/Volumes/Argus/unk/snap/c1/1671390000.c1.snap.jpg,0.7346318
2022-12-18 19:30:00,/Volumes/Argus/unk/snap/c1/1671391800.c1.snap.jpg,0.6502955
2022-12-18 20:00:00,/Volumes/Argus/unk/snap/c1/1671393600.c1.snap.jpg,0.68667847
2022-12-18 20:30:00,/Volumes/Argus/unk/snap/c1/1671395400.c1.snap.jpg,0.76696056
2022-12-18 21:00:00,/Volumes/Argus/unk/snap/c1/1671397200.c1.snap.jpg,0.70011425
2022-12-18 21:30:00,/Volumes/Argus/unk/snap/c1/1671399000.c1.snap.jpg,0.59797895
2022-12-18 22:00:00,/Volumes/Argus/unk/snap/c1/1671400800.c1.snap.jpg,0.5625581
2022-12-18 22:30:00,/Volumes/Argus/unk/snap/c1/1671402600.c1.snap.jpg,0.5667001
2022-12-18 23:00:00,/Volumes/Argus/unk/snap/c1/1671404400.c1.snap.jpg,0.5508193
2022-12-18 23:30:00,/Volumes/Argus/unk/snap/c1/1671406200.c1.snap.jpg,0.5819888
2022-12-19 00:00:00,/Volumes/Argus/unk/snap/c1/1671408000.c1.snap.jpg,0.5958724
2022-12-19 01:00:00,/Volumes/Argus/unk/snap/c1/1671411600.c1.snap.jpg,0.6093851
2022-12-19 02:00:00,/Volumes/Argus/unk/snap/c1/1671415200.c1.snap.jpg,0.54804605
2022-12-19 02:30:00,/Volumes/Argus/unk/snap/c1/1671417000.c1.snap.jpg,0.5291996
2022-12-19 03:00:00,/Volumes/Argus/unk/snap/c1/1671418800.c1.snap.jpg,0.7698326
2022-12-19 03:30:00,/Volumes/Argus/unk/snap/c1/1671420600.c1.snap.jpg,1.8166872
2022-12-19 04:00:00,/Volumes/Argus/unk/snap/c1/1671422400.c1.snap.jpg,1.7428342
2022-12-19 16:30:00,/Volumes/Argus/unk/snap/c1/1671467400.c1.snap.jpg,1.8313897
2022-12-19 17:00:00,/Volumes/Argus/unk/snap/c1/1671469200.c1.snap.jpg,1.7321867
2022-12-19 17:30:00,/Volumes/Argus/unk/snap/c1/1671471000.c1.snap.jpg,1.4135187
2022-12-19 18:00:00,/Volumes/Argus/unk/snap/c1/1671472800.c1.snap.jpg,1.7185758
2022-12-19 18:30:00,/Volumes/Argus/unk/snap/c1/1671474600.c1.snap.jpg,1.8347816
2022-12-19 19:00:00,/Volumes/Argus/unk/snap/c1/1671476400.c1.snap.jpg,0.68686545
2022-12-19 19:30:00,/Volumes/Argus/unk/snap/c1/1671478200.c1.snap.jpg,0.7195799
2022-12-19 20:00:00,/Volumes/Argus/unk/snap/c1/1671480000.c1.snap.jpg,0.60367554
2022-12-19 21:00:00,/Volumes/Argus/unk/snap/c1/1671483600.c1.snap.jpg,0.72050256
2022-12-19 21:30:00,/Volumes/Argus/unk/snap/c1/1671485400.c1.snap.jpg,0.6920512
2022-12-19 22:00:00,/Volumes/Argus/unk/snap/c1/1671487200.c1.snap.jpg,0.6783458
2022-12-19 22:30:00,/Volumes/Argus/unk/snap/c1/1671489000.c1.snap.jpg,0.66543424
2022-12-19 23:00:00,/Volumes/Argus/unk/snap/c1/1671490800.c1.snap.jpg,0.6813161
2022-12-19 23:30:00,/Volumes/Argus/unk/snap/c1/1671492600.c1.snap.jpg,0.65768915
2022-12-20 00:00:00,/Volumes/Argus/unk/snap/c1/1671494400.c1.snap.jpg,0.65251714
2022-12-20 00:30:00,/Volumes/Argus/unk/snap/c1/1671496200.c1.snap.jpg,0.63661796
2022-12-20 01:00:00,/Volumes/Argus/unk/snap/c1/1671498000.c1.snap.jpg,0.677084
2022-12-20 01:30:00,/Volumes/Argus/unk/snap/c1/1671499800.c1.snap.jpg,0.60403264
2022-12-20 02:00:00,/Volumes/Argus/unk/snap/c1/1671501600.c1.snap.jpg,0.53144145
2022-12-20 02:30:00,/Volumes/Argus/unk/snap/c1/1671503400.c1.snap.jpg,0.5498766
2022-12-20 03:00:00,/Volumes/Argus/unk/snap/c1/1671505200.c1.snap.jpg,0.63504493
2022-12-20 03:30:00,/Volumes/Argus/unk/snap/c1/1671507000.c1.snap.jpg,1.2214144
2022-12-20 04:00:00,/Volumes/Argus/unk/snap/c1/1671508800.c1.snap.jpg,1.8423418
2022-12-20 16:30:00,/Volumes/Argus/unk/snap/c1/1671553800.c1.snap.jpg,1.8408105
2022-12-20 17:00:00,/Volumes/Argus/unk/snap/c1/1671555600.c1.snap.jpg,1.8100959
2022-12-20 17:30:00,/Volumes/Argus/unk/snap/c1/1671557400.c1.snap.jpg,1.8103255
2022-12-20 18:00:00,/Volumes/Argus/unk/snap/c1/1671559200.c1.snap.jpg,0.7120037
2022-12-20 18:30:00,/Volumes/Argus/unk/snap/c1/1671561000.c1.snap.jpg,1.4141198
2022-12-20 19:00:00,/Volumes/Argus/unk/snap/c1/1671562800.c1.snap.jpg,0.89932543
2022-12-20 20:00:00,/Volumes/Argus/unk/snap/c1/1671566400.c1.snap.jpg,0.6338319
2022-12-20 20:30:00,/Volumes/Argus/unk/snap/c1/1671568200.c1.snap.jpg,0.6896229
2022-12-20 21:00:00,/Volumes/Argus/unk/snap/c1/1671570000.c1.snap.jpg,0.6956669
2022-12-20 21:30:00,/Volumes/Argus/unk/snap/c1/1671571800.c1.snap.jpg,0.69333243
2022-12-20 22:00:00,/Volumes/Argus/unk/snap/c1/1671573600.c1.snap.jpg,0.6556056
2022-12-20 22:30:00,/Volumes/Argus/unk/snap/c1/1671575400.c1.snap.jpg,
2022-12-23 02:00:00,/Volumes/Argus/unk/snap/c1/1671760800.c1.snap.jpg,
2022-12-24 19:00:00,/Volumes/Argus/unk/snap/c1/1671908400.c1.snap.jpg,
2022-12-26 16:30:00,/Volumes/Argus/unk/snap/c1/1672072200.c1.snap.jpg,1.2687942
2022-12-26 17:00:00,/Volumes/Argus/unk/snap/c1/1672074000.c1.snap.jpg,
2023-01-05 01:00:00,/Volumes/Argus/unk/snap/c1/1672880400.c1.snap.jpg,
2023-01-09 16:30:00,/Volumes/Argus/unk/snap/c1/1673281800.c1.snap.jpg,
2023-01-15 04:00:00,/Volumes/Argus/unk/snap/c1/1673755200.c1.snap.jpg,
2023-01-16 21:00:00,/Volumes/Argus/unk/snap/c1/1673902800.c1.snap.jpg,
2023-01-18 20:30:00,/Volumes/Argus/unk/snap/c1/1674073800.c1.snap.jpg,0.4528712
2023-01-18 21:00:00,/Volumes/Argus/unk/snap/c1/1674075600.c1.snap.jpg,0.5245322
2023-01-18 23:00:00,/Volumes/Argus/unk/snap/c1/1674082800.c1.snap.jpg,0.6439676
2023-01-19 03:30:00,/Volumes/Argus/unk/snap/c1/1674099000.c1.snap.jpg,1.8330213
2023-01-19 04:00:00,/Volumes/Argus/unk/snap/c1/1674100800.c1.snap.jpg,1.2596649
2023-01-19 16:30:00,/Volumes/Argus/unk/snap/c1/1674145800.c1.snap.jpg,1.7999382
2023-01-19 17:00:00,/Volumes/Argus/unk/snap/c1/1674147600.c1.snap.jpg,1.2571409
2023-01-19 17:30:00,/Volumes/Argus/unk/snap/c1/1674149400.c1.snap.jpg,1.6955692
2023-01-19 18:00:00,/Volumes/Argus/unk/snap/c1/1674151200.c1.snap.jpg,1.7645576
2023-01-19 18:30:00,/Volumes/Argus/unk/snap/c1/1674153000.c1.snap.jpg,1.821541
2023-01-19 19:00:00,/Volumes/Argus/unk/snap/c1/1674154800.c1.snap.jpg,0.7515104
2023-01-19 23:30:00,/Volumes/Argus/unk/snap/c1/1674171000.c1.snap.jpg,0.5621069
2023-01-20 16:30:00,/Volumes/Argus/unk/snap/c1/1674232200.c1.snap.jpg,1.8075165
2023-01-20 17:00:00,/Volumes/Argus/unk/snap/c1/1674234000.c1.snap.jpg,1.8883911
2023-01-20 17:30:00,/Volumes/Argus/unk/snap/c1/1674235800.c1.snap.jpg,1.8698429
2023-01-20 18:00:00,/Volumes/Argus/unk/snap/c1/1674237600.c1.snap.jpg,1.8273777
2023-01-20 18:30:00,/Volumes/Argus/unk/snap/c1/1674239400.c1.snap.jpg,1.1640267
2023-01-20 19:00:00,/Volumes/Argus/unk/snap/c1/1674241200.c1.snap.jpg,0.65834934
2023-01-20 19:30:00,/Volumes/Argus/unk/snap/c1/1674243000.c1.snap.jpg,0.47332472
2023-01-20 20:00:00,/Volumes/Argus/unk/snap/c1/1674244800.c1.snap.jpg,0.5898985
2023-01-20 20:30:00,/Volumes/Argus/unk/snap/c1/1674246600.c1.snap.jpg,0.5507554
2023-01-20 21:30:00,/Volumes/Argus/unk/snap/c1/1674250200.c1.snap.jpg,0.5189781
2023-01-20 22:00:00,/Volumes/Argus/unk/snap/c1/1674252000.c1.snap.jpg,0.755172
2023-01-20 22:30:00,/Volumes/Argus/unk/snap/c1/1674253800.c1.snap.jpg,0.5818033
2023-01-20 23:00:00,/Volumes/Argus/unk/snap/c1/1674255600.c1.snap.jpg,0.6388905
2023-01-20 23:30:00,/Volumes/Argus/unk/snap/c1/1674257400.c1.snap.jpg,0.7697856
2023-01-21 00:00:00,/Volumes/Argus/unk/snap/c1/1674259200.c1.snap.jpg,0.5915065
2023-01-21 00:30:00,/Volumes/Argus/unk/snap/c1/1674261000.c1.snap.jpg,0.58425736
2023-01-21 01:00:00,/Volumes/Argus/unk/snap/c1/1674262800.c1.snap.jpg,0.6557396
2023-01-21 01:30:00,/Volumes/Argus/unk/snap/c1/1674264600.c1.snap.jpg,0.8567681
2023-01-21 02:00:00,/Volumes/Argus/unk/snap/c1/1674266400.c1.snap.jpg,0.679272
2023-01-21 03:00:00,/Volumes/Argus/unk/snap/c1/1674270000.c1.snap.jpg,0.71445715
2023-01-21 03:30:00,/Volumes/Argus/unk/snap/c1/1674271800.c1.snap.jpg,0.96185577
2023-01-21 04:00:00,/Volumes/Argus/unk/snap/c1/1674273600.c1.snap.jpg,1.1741885
2023-01-22 16:30:00,/Volumes/Argus/unk/snap/c1/1674405000.c1.snap.jpg,1.8050854
2023-01-22 17:00:00,/Volumes/Argus/unk/snap/c1/1674406800.c1.snap.jpg,1.756268
2023-01-22 17:30:00,/Volumes/Argus/unk/snap/c1/1674408600.c1.snap.jpg,1.6343429
2023-01-22 18:00:00,/Volumes/Argus/unk/snap/c1/1674410400.c1.snap.jpg,1.859399
2023-01-22 18:30:00,/Volumes/Argus/unk/snap/c1/1674412200.c1.snap.jpg,1.041144
2023-01-22 19:00:00,/Volumes/Argus/unk/snap/c1/1674414000.c1.snap.jpg,0.5365672
2023-01-22 19:30:00,/Volumes/Argus/unk/snap/c1/1674415800.c1.snap.jpg,0.4011253
2023-01-22 20:00:00,/Volumes/Argus/unk/snap/c1/1674417600.c1.snap.jpg,0.47048473
2023-01-22 20:30:00,/Volumes/Argus/unk/snap/c1/1674419400.c1.snap.jpg,0.56876564
2023-01-22 21:00:00,/Volumes/Argus/unk/snap/c1/1674421200.c1.snap.jpg,0.51038265
2023-01-22 21:30:00,/Volumes/Argus/unk/snap/c1/1674423000.c1.snap.jpg,0.3606037
2023-01-22 22:00:00,/Volumes/Argus/unk/snap/c1/1674424800.c1.snap.jpg,0.3884147
2023-01-22 22:30:00,/Volumes/Argus/unk/snap/c1/1674426600.c1.snap.jpg,0.36048928
2023-01-22 23:00:00,/Volumes/Argus/unk/snap/c1/1674428400.c1.snap.jpg,0.42540956
2023-01-22 23:30:00,/Volumes/Argus/unk/snap/c1/1674430200.c1.snap.jpg,0.49498427
2023-01-23 00:00:00,/Volumes/Argus/unk/snap/c1/1674432000.c1.snap.jpg,0.55804694
2023-01-23 00:30:00,/Volumes/Argus/unk/snap/c1/1674433800.c1.snap.jpg,0.56411827
2023-01-23 01:00:00,/Volumes/Argus/unk/snap/c1/1674435600.c1.snap.jpg,0.6389443
2023-01-23 01:30:00,/Volumes/Argus/unk/snap/c1/1674437400.c1.snap.jpg,0.63442785
2023-01-23 02:00:00,/Volumes/Argus/unk/snap/c1/1674439200.c1.snap.jpg,0.69725263
2023-01-23 02:30:00,/Volumes/Argus/unk/snap/c1/1674441000.c1.snap.jpg,0.6921107
2023-01-23 03:00:00,/Volumes/Argus/unk/snap/c1/1674442800.c1.snap.jpg,0.6752696
2023-01-23 03:30:00,/Volumes/Argus/unk/snap/c1/1674444600.c1.snap.jpg,0.8895264
2023-01-23 04:00:00,/Volumes/Argus/unk/snap/c1/1674446400.c1.snap.jpg,1.8804616
2023-01-23 16:30:00,/Volumes/Argus/unk/snap/c1/1674491400.c1.snap.jpg,1.8803505
2023-01-23 17:00:00,/Volumes/Argus/unk/snap/c1/1674493200.c1.snap.jpg,1.8415564
2023-01-23 17:30:00,/Volumes/Argus/unk/snap/c1/1674495000.c1.snap.jpg,1.8512822
2023-01-23 18:00:00,/Volumes/Argus/unk/snap/c1/1674496800.c1.snap.jpg,1.4089947
2023-01-23 18:30:00,/Volumes/Argus/unk/snap/c1/1674498600.c1.snap.jpg,0.7681855
2023-01-23 19:00:00,/Volumes/Argus/unk/snap/c1/1674500400.c1.snap.jpg,0.38520223
2023-01-23 19:30:00,/Volumes/Argus/unk/snap/c1/1674502200.c1.snap.jpg,0.4162767
2023-01-23 20:00:00,/Volumes/Argus/unk/snap/c1/1674504000.c1.snap.jpg,0.607195
2023-01-23 20:30:00,/Volumes/Argus/unk/snap/c1/1674505800.c1.snap.jpg,0.5268176
2023-01-23 21:00:00,/Volumes/Argus/unk/snap/c1/1674507600.c1.snap.jpg,0.42162824
2023-01-23 21:30:00,/Volumes/Argus/unk/snap/c1/1674509400.c1.snap.jpg,0.397891
2023-01-23 22:00:00,/Volumes/Argus/unk/snap/c1/1674511200.c1.snap.jpg,0.3567592
2023-01-23 22:30:00,/Volumes/Argus/unk/snap/c1/1674513000.c1.snap.jpg,0.35876006
2023-01-23 23:00:00,/Volumes/Argus/unk/snap/c1/1674514800.c1.snap.jpg,0.38825974
2023-01-23 23:30:00,/Volumes/Argus/unk/snap/c1/1674516600.c1.snap.jpg,0.4040015
2023-01-24 00:00:00,/Volumes/Argus/unk/snap/c1/1674518400.c1.snap.jpg,0.44500723
2023-01-24 00:30:00,/Volumes/Argus/unk/snap/c1/1674520200.c1.snap.jpg,0.49418432
2023-01-24 01:00:00,/Volumes/Argus/unk/snap/c1/1674522000.c1.snap.jpg,0.5295751
2023-01-24 01:30:00,/Volumes/Argus/unk/snap/c1/1674523800.c1.snap.jpg,0.58111113
2023-01-24 02:00:00,/Volumes/Argus/unk/snap/c1/1674525600.c1.snap.jpg,0.5563703
2023-01-24 03:00:00,/Volumes/Argus/unk/snap/c1/1674529200.c1.snap.jpg,0.54915714
2023-01-24 03:30:00,/Volumes/Argus/unk/snap/c1/1674531000.c1.snap.jpg,0.820206
2023-01-24 04:00:00,/Volumes/Argus/unk/snap/c1/1674532800.c1.snap.jpg,1.8852786
2023-01-24 16:30:00,/Volumes/Argus/unk/snap/c1/1674577800.c1.snap.jpg,1.8505825
2023-01-24 17:00:00,/Volumes/Argus/unk/snap/c1/1674579600.c1.snap.jpg,1.5305712
2023-01-24 17:30:00,/Volumes/Argus/unk/snap/c1/1674581400.c1.snap.jpg,1.5416842
2023-01-24 20:30:00,/Volumes/Argus/unk/snap/c1/1674592200.c1.snap.jpg,0.53576386
2023-01-24 22:00:00,/Volumes/Argus/unk/snap/c1/1674597600.c1.snap.jpg,0.41473064
2023-01-25 02:00:00,/Volumes/Argus/unk/snap/c1/1674612000.c1.snap.jpg,0.5991718
2023-01-25 03:00:00,/Volumes/Argus/unk/snap/c1/1674615600.c1.snap.jpg,0.5722175
2023-01-25 03:30:00,/Volumes/Argus/unk/snap/c1/1674617400.c1.snap.jpg,0.8535696
2023-01-25 04:00:00,/Volumes/Argus/unk/snap/c1/1674619200.c1.snap.jpg,1.6726252
2023-01-25 16:30:00,/Volumes/Argus/unk/snap/c1/1674664200.c1.snap.jpg,1.3204612
2023-01-25 17:00:00,/Volumes/Argus/unk/snap/c1/1674666000.c1.snap.jpg,1.5845581
2023-01-25 17:30:00,/Volumes/Argus/unk/snap/c1/1674667800.c1.snap.jpg,1.6293675
2023-01-25 18:00:00,/Volumes/Argus/unk/snap/c1/1674669600.c1.snap.jpg,1.7877102
2023-01-25 22:00:00,/Volumes/Argus/unk/snap/c1/1674684000.c1.snap.jpg,0.54105234
2023-01-26 01:00:00,/Volumes/Argus/unk/snap/c1/1674694800.c1.snap.jpg,0.45879224
2023-01-26 01:30:00,/Volumes/Argus/unk/snap/c1/1674696600.c1.snap.jpg,0.46756327
2023-01-26 02:00:00,/Volumes/Argus/unk/snap/c1/1674698400.c1.snap.jpg,0.43043202
2023-01-26 02:30:00,/Volumes/Argus/unk/snap/c1/1674700200.c1.snap.jpg,0.4962113
2023-01-26 03:00:00,/Volumes/Argus/unk/snap/c1/1674702000.c1.snap.jpg,0.603998
2023-01-26 03:30:00,/Volumes/Argus/unk/snap/c1/1674703800.c1.snap.jpg,0.80756766
2023-01-26 04:00:00,/Volumes/Argus/unk/snap/c1/1674705600.c1.snap.jpg,1.813797
2023-01-26 16:30:00,/Volumes/Argus/unk/snap/c1/1674750600.c1.snap.jpg,1.3923613
2023-01-26 17:00:00,/Volumes/Argus/unk/snap/c1/1674752400.c1.snap.jpg,1.8497589
2023-01-26 17:30:00,/Volumes/Argus/unk/snap/c1/1674754200.c1.snap.jpg,1.2560142
2023-01-26 18:00:00,/Volumes/Argus/unk/snap/c1/1674756000.c1.snap.jpg,1.7615345
2023-01-26 18:30:00,/Volumes/Argus/unk/snap/c1/1674757800.c1.snap.jpg,0.71946967
2023-01-26 19:00:00,/Volumes/Argus/unk/snap/c1/1674759600.c1.snap.jpg,0.6024662
2023-01-26 19:30:00,/Volumes/Argus/unk/snap/c1/1674761400.c1.snap.jpg,0.51965725
2023-01-26 20:00:00,/Volumes/Argus/unk/snap/c1/1674763200.c1.snap.jpg,0.56413734
2023-01-26 20:30:00,/Volumes/Argus/unk/snap/c1/1674765000.c1.snap.jpg,0.529082
2023-01-26 21:00:00,/Volumes/Argus/unk/snap/c1/1674766800.c1.snap.jpg,0.57057256
2023-01-26 21:30:00,/Volumes/Argus/unk/snap/c1/1674768600.c1.snap.jpg,0.61280763
2023-01-26 22:00:00,/Volumes/Argus/unk/snap/c1/1674770400.c1.snap.jpg,0.561501
2023-01-26 22:30:00,/Volumes/Argus/unk/snap/c1/1674772200.c1.snap.jpg,0.4955625
2023-01-26 23:30:00,/Volumes/Argus/unk/snap/c1/1674775800.c1.snap.jpg,0.49916053
2023-01-27 00:00:00,/Volumes/Argus/unk/snap/c1/1674777600.c1.snap.jpg,0.51432854
2023-01-27 00:30:00,/Volumes/Argus/unk/snap/c1/1674779400.c1.snap.jpg,0.67738825
2023-01-27 01:30:00,/Volumes/Argus/unk/snap/c1/1674783000.c1.snap.jpg,0.53548163
2023-01-27 02:00:00,/Volumes/Argus/unk/snap/c1/1674784800.c1.snap.jpg,0.56796485
2023-01-27 03:00:00,/Volumes/Argus/unk/snap/c1/1674788400.c1.snap.jpg,0.59799623
2023-01-27 03:30:00,/Volumes/Argus/unk/snap/c1/1674790200.c1.snap.jpg,0.72384804
2023-01-27 04:00:00,/Volumes/Argus/unk/snap/c1/1674792000.c1.snap.jpg,1.8792553
2023-01-27 16:30:00,/Volumes/Argus/unk/snap/c1/1674837000.c1.snap.jpg,1.2058136
2023-01-27 17:00:00,/Volumes/Argus/unk/snap/c1/1674838800.c1.snap.jpg,1.7108586
2023-01-27 17:30:00,/Volumes/Argus/unk/snap/c1/1674840600.c1.snap.jpg,1.6725467
2023-01-27 18:00:00,/Volumes/Argus/unk/snap/c1/1674842400.c1.snap.jpg,1.2927772
2023-01-27 18:30:00,/Volumes/Argus/unk/snap/c1/1674844200.c1.snap.jpg,0.84784424
2023-01-27 19:00:00,/Volumes/Argus/unk/snap/c1/1674846000.c1.snap.jpg,0.6239014
2023-01-27 20:00:00,/Volumes/Argus/unk/snap/c1/1674849600.c1.snap.jpg,0.601828
2023-01-27 20:30:00,/Volumes/Argus/unk/snap/c1/1674851400.c1.snap.jpg,0.5976014
2023-01-27 21:00:00,/Volumes/Argus/unk/snap/c1/1674853200.c1.snap.jpg,0.6462656
2023-01-27 21:30:00,/Volumes/Argus/unk/snap/c1/1674855000.c1.snap.jpg,0.5053829
2023-01-27 22:00:00,/Volumes/Argus/unk/snap/c1/1674856800.c1.snap.jpg,0.4730466
2023-01-27 22:30:00,/Volumes/Argus/unk/snap/c1/1674858600.c1.snap.jpg,0.6375605
2023-01-27 23:00:00,/Volumes/Argus/unk/snap/c1/1674860400.c1.snap.jpg,0.6287221
2023-01-27 23:30:00,/Volumes/Argus/unk/snap/c1/1674862200.c1.snap.jpg,0.59845316
2023-01-28 00:00:00,/Volumes/Argus/unk/snap/c1/1674864000.c1.snap.jpg,0.6590175
2023-01-28 01:00:00,/Volumes/Argus/unk/snap/c1/1674867600.c1.snap.jpg,0.62625575
2023-01-28 01:30:00,/Volumes/Argus/unk/snap/c1/1674869400.c1.snap.jpg,0.63163036
2023-01-28 02:00:00,/Volumes/Argus/unk/snap/c1/1674871200.c1.snap.jpg,0.6688047
2023-01-28 03:30:00,/Volumes/Argus/unk/snap/c1/1674876600.c1.snap.jpg,1.4310688
2023-01-28 04:00:00,/Volumes/Argus/unk/snap/c1/1674878400.c1.snap.jpg,1.5047201
2023-01-29 16:30:00,/Volumes/Argus/unk/snap/c1/1675009800.c1.snap.jpg,1.6292485
2023-01-29 17:00:00,/Volumes/Argus/unk/snap/c1/1675011600.c1.snap.jpg,1.8419753
2023-01-29 17:30:00,/Volumes/Argus/unk/snap/c1/1675013400.c1.snap.jpg,1.8196207
2023-01-29 18:00:00,/Volumes/Argus/unk/snap/c1/1675015200.c1.snap.jpg,1.4536294
2023-01-29 18:30:00,/Volumes/Argus/unk/snap/c1/1675017000.c1.snap.jpg,0.79997253
2023-01-29 19:00:00,/Volumes/Argus/unk/snap/c1/1675018800.c1.snap.jpg,0.68271875
2023-01-29 19:30:00,/Volumes/Argus/unk/snap/c1/1675020600.c1.snap.jpg,0.79967666
2023-01-29 20:00:00,/Volumes/Argus/unk/snap/c1/1675022400.c1.snap.jpg,0.7654327
2023-01-29 20:30:00,/Volumes/Argus/unk/snap/c1/1675024200.c1.snap.jpg,0.7122304
2023-01-29 21:00:00,/Volumes/Argus/unk/snap/c1/1675026000.c1.snap.jpg,0.69264823
2023-01-29 21:30:00,/Volumes/Argus/unk/snap/c1/1675027800.c1.snap.jpg,0.70155865
2023-01-29 22:00:00,/Volumes/Argus/unk/snap/c1/1675029600.c1.snap.jpg,0.57997096
2023-01-29 22:30:00,/Volumes/Argus/unk/snap/c1/1675031400.c1.snap.jpg,0.5390724
2023-01-29 23:00:00,/Volumes/Argus/unk/snap/c1/1675033200.c1.snap.jpg,0.5629811
2023-01-29 23:30:00,/Volumes/Argus/unk/snap/c1/1675035000.c1.snap.jpg,0.6385191
2023-01-30 00:00:00,/Volumes/Argus/unk/snap/c1/1675036800.c1.snap.jpg,0.721399
2023-01-30 00:30:00,/Volumes/Argus/unk/snap/c1/1675038600.c1.snap.jpg,0.67496663
2023-01-30 01:00:00,/Volumes/Argus/unk/snap/c1/1675040400.c1.snap.jpg,0.80160266
2023-01-30 01:30:00,/Volumes/Argus/unk/snap/c1/1675042200.c1.snap.jpg,0.65452087
2023-01-30 03:00:00,/Volumes/Argus/unk/snap/c1/1675047600.c1.snap.jpg,0.59628546
2023-01-30 03:30:00,/Volumes/Argus/unk/snap/c1/1675049400.c1.snap.jpg,1.5299089
2023-01-30 04:00:00,/Volumes/Argus/unk/snap/c1/1675051200.c1.snap.jpg,1.6837717
2023-01-30 16:30:00,/Volumes/Argus/unk/snap/c1/1675096200.c1.snap.jpg,1.2397718
2023-01-30 17:00:00,/Volumes/Argus/unk/snap/c1/1675098000.c1.snap.jpg,1.6374239
2023-01-30 17:30:00,/Volumes/Argus/unk/snap/c1/1675099800.c1.snap.jpg,1.2305428
2023-01-30 18:00:00,/Volumes/Argus/unk/snap/c1/1675101600.c1.snap.jpg,1.3296158
2023-01-30 18:30:00,/Volumes/Argus/unk/snap/c1/1675103400.c1.snap.jpg,0.8142774
2023-01-30 19:00:00,/Volumes/Argus/unk/snap/c1/1675105200.c1.snap.jpg,0.6963875
2023-01-30 19:30:00,/Volumes/Argus/unk/snap/c1/1675107000.c1.snap.jpg,0.65873724
2023-01-30 20:00:00,/Volumes/Argus/unk/snap/c1/1675108800.c1.snap.jpg,0.64359343
2023-01-30 20:30:00,/Volumes/Argus/unk/snap/c1/1675110600.c1.snap.jpg,0.66097707
2023-01-30 21:00:00,/Volumes/Argus/unk/snap/c1/1675112400.c1.snap.jpg,0.6646321
2023-01-30 21:30:00,/Volumes/Argus/unk/snap/c1/1675114200.c1.snap.jpg,0.5998038
2023-01-30 22:00:00,/Volumes/Argus/unk/snap/c1/1675116000.c1.snap.jpg,0.6095691
2023-01-30 22:30:00,/Volumes/Argus/unk/snap/c1/1675117800.c1.snap.jpg,0.6829095
2023-01-30 23:00:00,/Volumes/Argus/unk/snap/c1/1675119600.c1.snap.jpg,0.69498825
2023-01-30 23:30:00,/Volumes/Argus/unk/snap/c1/1675121400.c1.snap.jpg,0.7237935
2023-01-31 00:00:00,/Volumes/Argus/unk/snap/c1/1675123200.c1.snap.jpg,0.7278504
2023-01-31 01:00:00,/Volumes/Argus/unk/snap/c1/1675126800.c1.snap.jpg,0.6777108
2023-01-31 01:30:00,/Volumes/Argus/unk/snap/c1/1675128600.c1.snap.jpg,0.6589919
2023-01-31 02:00:00,/Volumes/Argus/unk/snap/c1/1675130400.c1.snap.jpg,0.67438984
2023-01-31 03:00:00,/Volumes/Argus/unk/snap/c1/1675134000.c1.snap.jpg,0.6630192
2023-01-31 03:30:00,/Volumes/Argus/unk/snap/c1/1675135800.c1.snap.jpg,0.7991647
2023-01-31 04:00:00,/Volumes/Argus/unk/snap/c1/1675137600.c1.snap.jpg,1.3721994
2023-01-31 16:30:00,/Volumes/Argus/unk/snap/c1/1675182600.c1.snap.jpg,1.4493004
2023-01-31 17:00:00,/Volumes/Argus/unk/snap/c1/1675184400.c1.snap.jpg,1.0627251
2023-01-31 17:30:00,/Volumes/Argus/unk/snap/c1/1675186200.c1.snap.jpg,0.90235853
2023-01-31 18:00:00,/Volumes/Argus/unk/snap/c1/1675188000.c1.snap.jpg,1.274936
2023-01-31 18:30:00,/Volumes/Argus/unk/snap/c1/1675189800.c1.snap.jpg,1.5575768
2023-01-31 19:00:00,/Volumes/Argus/unk/snap/c1/1675191600.c1.snap.jpg,0.84460884
2023-01-31 19:30:00,/Volumes/Argus/unk/snap/c1/1675193400.c1.snap.jpg,0.805104
2023-01-31 20:00:00,/Volumes/Argus/unk/snap/c1/1675195200.c1.snap.jpg,0.87022656
2023-01-31 21:00:00,/Volumes/Argus/unk/snap/c1/1675198800.c1.snap.jpg,0.87877834
2023-01-31 21:30:00,/Volumes/Argus/unk/snap/c1/1675200600.c1.snap.jpg,0.83865714
2023-01-31 22:00:00,/Volumes/Argus/unk/snap/c1/1675202400.c1.snap.jpg,0.8462088
2023-01-31 22:30:00,/Volumes/Argus/unk/snap/c1/1675204200.c1.snap.jpg,0.87636197
2023-01-31 23:00:00,/Volumes/Argus/unk/snap/c1/1675206000.c1.snap.jpg,0.84168625
2023-02-01 00:00:00,/Volumes/Argus/unk/snap/c1/1675209600.c1.snap.jpg,0.88043165
2023-02-01 00:30:00,/Volumes/Argus/unk/snap/c1/1675211400.c1.snap.jpg,0.9942271
2023-02-01 01:00:00,/Volumes/Argus/unk/snap/c1/1675213200.c1.snap.jpg,0.7920669
2023-02-01 01:30:00,/Volumes/Argus/unk/snap/c1/1675215000.c1.snap.jpg,0.83698934
2023-02-01 02:00:00,/Volumes/Argus/unk/snap/c1/1675216800.c1.snap.jpg,0.7988268
2023-02-01 03:00:00,/Volumes/Argus/unk/snap/c1/1675220400.c1.snap.jpg,1.1106551
2023-02-01 04:00:00,/Volumes/Argus/unk/snap/c1/1675224000.c1.snap.jpg,1.1849107
2023-02-01 16:30:00,/Volumes/Argus/unk/snap/c1/1675269000.c1.snap.jpg,1.0106382
2023-02-01 17:00:00,/Volumes/Argus/unk/snap/c1/1675270800.c1.snap.jpg,0.889223
2023-02-01 17:30:00,/Volumes/Argus/unk/snap/c1/1675272600.c1.snap.jpg,1.1929296
2023-02-01 18:30:00,/Volumes/Argus/unk/snap/c1/1675276200.c1.snap.jpg,1.060286
2023-02-01 19:00:00,/Volumes/Argus/unk/snap/c1/1675278000.c1.snap.jpg,1.0376289
2023-02-01 20:00:00,/Volumes/Argus/unk/snap/c1/1675281600.c1.snap.jpg,0.8014021
2023-02-01 20:30:00,/Volumes/Argus/unk/snap/c1/1675283400.c1.snap.jpg,0.8763092
2023-02-01 21:00:00,/Volumes/Argus/unk/snap/c1/1675285200.c1.snap.jpg,0.86614066
2023-02-01 21:30:00,/Volumes/Argus/unk/snap/c1/1675287000.c1.snap.jpg,0.8031323
2023-02-01 22:00:00,/Volumes/Argus/unk/snap/c1/1675288800.c1.snap.jpg,0.6539577
2023-02-01 23:00:00,/Volumes/Argus/unk/snap/c1/1675292400.c1.snap.jpg,0.67517906
2023-02-01 23:30:00,/Volumes/Argus/unk/snap/c1/1675294200.c1.snap.jpg,0.56091416
2023-02-02 00:00:00,/Volumes/Argus/unk/snap/c1/1675296000.c1.snap.jpg,0.67290103
2023-02-02 00:30:00,/Volumes/Argus/unk/snap/c1/1675297800.c1.snap.jpg,0.5404552
2023-02-02 01:00:00,/Volumes/Argus/unk/snap/c1/1675299600.c1.snap.jpg,0.5484202
2023-02-02 01:30:00,/Volumes/Argus/unk/snap/c1/1675301400.c1.snap.jpg,0.42816958
2023-02-02 02:00:00,/Volumes/Argus/unk/snap/c1/1675303200.c1.snap.jpg,0.5948219
2023-02-02 03:00:00,/Volumes/Argus/unk/snap/c1/1675306800.c1.snap.jpg,0.82118237
2023-02-02 03:30:00,/Volumes/Argus/unk/snap/c1/1675308600.c1.snap.jpg,0.9987073
2023-02-02 16:30:00,/Volumes/Argus/unk/snap/c1/1675355400.c1.snap.jpg,1.0803127
2023-02-02 17:00:00,/Volumes/Argus/unk/snap/c1/1675357200.c1.snap.jpg,1.4423642
2023-02-02 17:30:00,/Volumes/Argus/unk/snap/c1/1675359000.c1.snap.jpg,1.2110132
2023-02-02 18:00:00,/Volumes/Argus/unk/snap/c1/1675360800.c1.snap.jpg,1.4921068
2023-02-02 18:30:00,/Volumes/Argus/unk/snap/c1/1675362600.c1.snap.jpg,0.6637721
2023-02-02 19:00:00,/Volumes/Argus/unk/snap/c1/1675364400.c1.snap.jpg,0.47301644
2023-02-02 19:30:00,/Volumes/Argus/unk/snap/c1/1675366200.c1.snap.jpg,0.57559156
2023-02-02 20:00:00,/Volumes/Argus/unk/snap/c1/1675368000.c1.snap.jpg,0.39740908
2023-02-02 20:30:00,/Volumes/Argus/unk/snap/c1/1675369800.c1.snap.jpg,0.36845207
2023-02-02 21:00:00,/Volumes/Argus/unk/snap/c1/1675371600.c1.snap.jpg,0.29226828
2023-02-02 21:30:00,/Volumes/Argus/unk/snap/c1/1675373400.c1.snap.jpg,0.38396487
2023-02-02 22:00:00,/Volumes/Argus/unk/snap/c1/1675375200.c1.snap.jpg,0.48693267
2023-02-02 22:30:00,/Volumes/Argus/unk/snap/c1/1675377000.c1.snap.jpg,0.5657641
2023-02-02 23:00:00,/Volumes/Argus/unk/snap/c1/1675378800.c1.snap.jpg,0.5838305
2023-02-03 00:00:00,/Volumes/Argus/unk/snap/c1/1675382400.c1.snap.jpg,0.528767
2023-02-03 00:30:00,/Volumes/Argus/unk/snap/c1/1675384200.c1.snap.jpg,0.85236305
2023-02-03 01:00:00,/Volumes/Argus/unk/snap/c1/1675386000.c1.snap.jpg,0.83136237
2023-02-03 01:30:00,/Volumes/Argus/unk/snap/c1/1675387800.c1.snap.jpg,0.9879699
2023-02-03 02:00:00,/Volumes/Argus/unk/snap/c1/1675389600.c1.snap.jpg,1.0895005
2023-02-03 03:00:00,/Volumes/Argus/unk/snap/c1/1675393200.c1.snap.jpg,0.85796964
2023-02-03 03:30:00,/Volumes/Argus/unk/snap/c1/1675395000.c1.snap.jpg,0.77542186
2023-02-03 04:00:00,/Volumes/Argus/unk/snap/c1/1675396800.c1.snap.jpg,0.78494394
2023-02-03 16:30:00,/Volumes/Argus/unk/snap/c1/1675441800.c1.snap.jpg,1.0811806
2023-02-03 17:00:00,/Volumes/Argus/unk/snap/c1/1675443600.c1.snap.jpg,1.1347857
2023-02-03 17:30:00,/Volumes/Argus/unk/snap/c1/1675445400.c1.snap.jpg,1.1049248
2023-02-03 18:00:00,/Volumes/Argus/unk/snap/c1/1675447200.c1.snap.jpg,0.9374955
2023-02-03 18:30:00,/Volumes/Argus/unk/snap/c1/1675449000.c1.snap.jpg,0.65137506
2023-02-03 19:00:00,/Volumes/Argus/unk/snap/c1/1675450800.c1.snap.jpg,0.5600736
2023-02-03 19:30:00,/Volumes/Argus/unk/snap/c1/1675452600.c1.snap.jpg,0.66469765
2023-02-03 20:00:00,/Volumes/Argus/unk/snap/c1/1675454400.c1.snap.jpg,0.73953843
2023-02-03 20:30:00,/Volumes/Argus/unk/snap/c1/1675456200.c1.snap.jpg,0.41468015
2023-02-03 21:00:00,/Volumes/Argus/unk/snap/c1/1675458000.c1.snap.jpg,0.5674019
2023-02-03 21:30:00,/Volumes/Argus/unk/snap/c1/1675459800.c1.snap.jpg,0.44640723
2023-02-03 22:00:00,/Volumes/Argus/unk/snap/c1/1675461600.c1.snap.jpg,0.43024364
2023-02-03 22:30:00,/Volumes/Argus/unk/snap/c1/1675463400.c1.snap.jpg,0.6483787
2023-02-03 23:00:00,/Volumes/Argus/unk/snap/c1/1675465200.c1.snap.jpg,0.7328216
2023-02-03 23:30:00,/Volumes/Argus/unk/snap/c1/1675467000.c1.snap.jpg,0.4294372
2023-02-04 00:00:00,/Volumes/Argus/unk/snap/c1/1675468800.c1.snap.jpg,0.5693784
2023-02-04 00:30:00,/Volumes/Argus/unk/snap/c1/1675470600.c1.snap.jpg,0.51587456
2023-02-04 01:00:00,/Volumes/Argus/unk/snap/c1/1675472400.c1.snap.jpg,0.73885703
2023-02-04 01:30:00,/Volumes/Argus/unk/snap/c1/1675474200.c1.snap.jpg,1.0875719
2023-02-04 02:00:00,/Volumes/Argus/unk/snap/c1/1675476000.c1.snap.jpg,0.6814536
2023-02-04 03:00:00,/Volumes/Argus/unk/snap/c1/1675479600.c1.snap.jpg,0.61713374
2023-02-04 03:30:00,/Volumes/Argus/unk/snap/c1/1675481400.c1.snap.jpg,0.6116325
2023-02-04 16:30:00,/Volumes/Argus/unk/snap/c1/1675528200.c1.snap.jpg,1.027208
2023-02-04 17:00:00,/Volumes/Argus/unk/snap/c1/1675530000.c1.snap.jpg,0.76790917
2023-02-04 17:30:00,/Volumes/Argus/unk/snap/c1/1675531800.c1.snap.jpg,1.3741239
2023-02-04 18:00:00,/Volumes/Argus/unk/snap/c1/1675533600.c1.snap.jpg,1.1116959
2023-02-04 18:30:00,/Volumes/Argus/unk/snap/c1/1675535400.c1.snap.jpg,0.6742701
2023-02-04 19:00:00,/Volumes/Argus/unk/snap/c1/1675537200.c1.snap.jpg,0.8168422
2023-02-04 19:30:00,/Volumes/Argus/unk/snap/c1/1675539000.c1.snap.jpg,0.8776036
2023-02-04 20:00:00,/Volumes/Argus/unk/snap/c1/1675540800.c1.snap.jpg,0.8683407
2023-02-04 20:30:00,/Volumes/Argus/unk/snap/c1/1675542600.c1.snap.jpg,0.87159705
2023-02-04 21:00:00,/Volumes/Argus/unk/snap/c1/1675544400.c1.snap.jpg,0.855427
2023-02-04 21:30:00,/Volumes/Argus/unk/snap/c1/1675546200.c1.snap.jpg,0.9239607
2023-02-04 22:30:00,/Volumes/Argus/unk/snap/c1/1675549800.c1.snap.jpg,0.72564745
2023-02-04 23:00:00,/Volumes/Argus/unk/snap/c1/1675551600.c1.snap.jpg,0.80456847
2023-02-04 23:30:00,/Volumes/Argus/unk/snap/c1/1675553400.c1.snap.jpg,0.94104487
2023-02-05 00:00:00,/Volumes/Argus/unk/snap/c1/1675555200.c1.snap.jpg,0.73093796
2023-02-05 00:30:00,/Volumes/Argus/unk/snap/c1/1675557000.c1.snap.jpg,0.7484464
2023-02-05 01:00:00,/Volumes/Argus/unk/snap/c1/1675558800.c1.snap.jpg,0.81820756
2023-02-05 01:30:00,/Volumes/Argus/unk/snap/c1/1675560600.c1.snap.jpg,0.8145517
2023-02-05 02:00:00,/Volumes/Argus/unk/snap/c1/1675562400.c1.snap.jpg,0.8625271
2023-02-05 02:30:00,/Volumes/Argus/unk/snap/c1/1675564200.c1.snap.jpg,0.81326914
2023-02-05 04:00:00,/Volumes/Argus/unk/snap/c1/1675569600.c1.snap.jpg,1.1493001
2023-02-05 16:30:00,/Volumes/Argus/unk/snap/c1/1675614600.c1.snap.jpg,0.80135655
2023-02-05 17:30:00,/Volumes/Argus/unk/snap/c1/1675618200.c1.snap.jpg,0.86800253
2023-02-05 18:30:00,/Volumes/Argus/unk/snap/c1/1675621800.c1.snap.jpg,0.65831363
2023-02-05 19:00:00,/Volumes/Argus/unk/snap/c1/1675623600.c1.snap.jpg,0.7402539
2023-02-05 19:30:00,/Volumes/Argus/unk/snap/c1/1675625400.c1.snap.jpg,0.4889025
2023-02-05 20:00:00,/Volumes/Argus/unk/snap/c1/1675627200.c1.snap.jpg,0.43386525
2023-02-05 20:30:00,/Volumes/Argus/unk/snap/c1/1675629000.c1.snap.jpg,0.5962282
2023-02-05 21:00:00,/Volumes/Argus/unk/snap/c1/1675630800.c1.snap.jpg,0.65663457
2023-02-05 21:30:00,/Volumes/Argus/unk/snap/c1/1675632600.c1.snap.jpg,0.76932585
2023-02-05 22:00:00,/Volumes/Argus/unk/snap/c1/1675634400.c1.snap.jpg,0.75431836
2023-02-05 22:30:00,/Volumes/Argus/unk/snap/c1/1675636200.c1.snap.jpg,0.68729436
2023-02-05 23:00:00,/Volumes/Argus/unk/snap/c1/1675638000.c1.snap.jpg,0.75429535
2023-02-05 23:30:00,/Volumes/Argus/unk/snap/c1/1675639800.c1.snap.jpg,0.5605501
2023-02-06 00:00:00,/Volumes/Argus/unk/snap/c1/1675641600.c1.snap.jpg,0.66714406
2023-02-06 00:30:00,/Volumes/Argus/unk/snap/c1/1675643400.c1.snap.jpg,0.80212325
2023-02-06 01:00:00,/Volumes/Argus/unk/snap/c1/1675645200.c1.snap.jpg,0.62706864
2023-02-06 01:30:00,/Volumes/Argus/unk/snap/c1/1675647000.c1.snap.jpg,1.262473
2023-02-06 02:00:00,/Volumes/Argus/unk/snap/c1/1675648800.c1.snap.jpg,0.5707873
2023-02-06 03:00:00,/Volumes/Argus/unk/snap/c1/1675652400.c1.snap.jpg,0.56788206
2023-02-06 03:30:00,/Volumes/Argus/unk/snap/c1/1675654200.c1.snap.jpg,0.7805674
2023-02-06 04:00:00,/Volumes/Argus/unk/snap/c1/1675656000.c1.snap.jpg,0.8015842
2023-02-06 16:30:00,/Volumes/Argus/unk/snap/c1/1675701000.c1.snap.jpg,0.69904816
2023-02-06 17:00:00,/Volumes/Argus/unk/snap/c1/1675702800.c1.snap.jpg,0.7532733
2023-02-06 17:30:00,/Volumes/Argus/unk/snap/c1/1675704600.c1.snap.jpg,0.8215225
2023-02-06 18:00:00,/Volumes/Argus/unk/snap/c1/1675706400.c1.snap.jpg,0.9766779
2023-02-06 18:30:00,/Volumes/Argus/unk/snap/c1/1675708200.c1.snap.jpg,0.5986912
2023-02-06 19:00:00,/Volumes/Argus/unk/snap/c1/1675710000.c1.snap.jpg,0.53922176
2023-02-06 19:30:00,/Volumes/Argus/unk/snap/c1/1675711800.c1.snap.jpg,0.6428618
2023-02-06 20:00:00,/Volumes/Argus/unk/snap/c1/1675713600.c1.snap.jpg,0.6066237
2023-02-06 20:30:00,/Volumes/Argus/unk/snap/c1/1675715400.c1.snap.jpg,0.6484003
2023-02-06 21:00:00,/Volumes/Argus/unk/snap/c1/1675717200.c1.snap.jpg,0.5097704
2023-02-06 21:30:00,/Volumes/Argus/unk/snap/c1/1675719000.c1.snap.jpg,0.4414249
2023-02-06 22:00:00,/Volumes/Argus/unk/snap/c1/1675720800.c1.snap.jpg,0.59201586
2023-02-06 22:30:00,/Volumes/Argus/unk/snap/c1/1675722600.c1.snap.jpg,0.76072043
2023-02-06 23:00:00,/Volumes/Argus/unk/snap/c1/1675724400.c1.snap.jpg,0.7563073
2023-02-06 23:30:00,/Volumes/Argus/unk/snap/c1/1675726200.c1.snap.jpg,0.66763276
2023-02-07 00:00:00,/Volumes/Argus/unk/snap/c1/1675728000.c1.snap.jpg,0.79469407
2023-02-07 01:00:00,/Volumes/Argus/unk/snap/c1/1675731600.c1.snap.jpg,0.79299885
2023-02-07 02:00:00,/Volumes/Argus/unk/snap/c1/1675735200.c1.snap.jpg,0.44723207
2023-02-07 02:30:00,/Volumes/Argus/unk/snap/c1/1675737000.c1.snap.jpg,0.37228465
2023-02-07 03:00:00,/Volumes/Argus/unk/snap/c1/1675738800.c1.snap.jpg,0.45664078
2023-02-07 04:00:00,/Volumes/Argus/unk/snap/c1/1675742400.c1.snap.jpg,1.5314094
2023-02-07 16:30:00,/Volumes/Argus/unk/snap/c1/1675787400.c1.snap.jpg,1.8659279
2023-02-07 17:00:00,/Volumes/Argus/unk/snap/c1/1675789200.c1.snap.jpg,1.5407771
2023-02-07 17:30:00,/Volumes/Argus/unk/snap/c1/1675791000.c1.snap.jpg,1.3251594
2023-02-07 18:00:00,/Volumes/Argus/unk/snap/c1/1675792800.c1.snap.jpg,1.5130363
2023-02-07 18:30:00,/Volumes/Argus/unk/snap/c1/1675794600.c1.snap.jpg,0.70332915
2023-02-07 19:00:00,/Volumes/Argus/unk/snap/c1/1675796400.c1.snap.jpg,0.53724366
2023-02-07 19:30:00,/Volumes/Argus/unk/snap/c1/1675798200.c1.snap.jpg,0.5400163
2023-02-07 20:30:00,/Volumes/Argus/unk/snap/c1/1675801800.c1.snap.jpg,0.4942306
2023-02-07 21:00:00,/Volumes/Argus/unk/snap/c1/1675803600.c1.snap.jpg,0.60163075
2023-02-07 21:30:00,/Volumes/Argus/unk/snap/c1/1675805400.c1.snap.jpg,0.6157963
2023-02-07 22:00:00,/Volumes/Argus/unk/snap/c1/1675807200.c1.snap.jpg,0.5643476
2023-02-07 22:30:00,/Volumes/Argus/unk/snap/c1/1675809000.c1.snap.jpg,0.55924684
2023-02-07 23:00:00,/Volumes/Argus/unk/snap/c1/1675810800.c1.snap.jpg,0.58041096
2023-02-07 23:30:00,/Volumes/Argus/unk/snap/c1/1675812600.c1.snap.jpg,0.5222674
2023-02-08 00:00:00,/Volumes/Argus/unk/snap/c1/1675814400.c1.snap.jpg,0.5658822
2023-02-08 01:00:00,/Volumes/Argus/unk/snap/c1/1675818000.c1.snap.jpg,0.48468366
2023-02-08 01:30:00,/Volumes/Argus/unk/snap/c1/1675819800.c1.snap.jpg,0.48047608
2023-02-08 02:00:00,/Volumes/Argus/unk/snap/c1/1675821600.c1.snap.jpg,0.49301654
2023-02-08 02:30:00,/Volumes/Argus/unk/snap/c1/1675823400.c1.snap.jpg,0.48187667
2023-02-08 03:00:00,/Volumes/Argus/unk/snap/c1/1675825200.c1.snap.jpg,0.49424696
2023-02-08 03:30:00,/Volumes/Argus/unk/snap/c1/1675827000.c1.snap.jpg,0.5531665
2023-02-08 04:00:00,/Volumes/Argus/unk/snap/c1/1675828800.c1.snap.jpg,1.5166936
2023-02-08 17:00:00,/Volumes/Argus/unk/snap/c1/1675875600.c1.snap.jpg,1.1777428
2023-02-08 17:30:00,/Volumes/Argus/unk/snap/c1/1675877400.c1.snap.jpg,1.6248091
2023-02-08 18:00:00,/Volumes/Argus/unk/snap/c1/1675879200.c1.snap.jpg,0.97367626
2023-02-08 18:30:00,/Volumes/Argus/unk/snap/c1/1675881000.c1.snap.jpg,0.612671
2023-02-08 19:30:00,/Volumes/Argus/unk/snap/c1/1675884600.c1.snap.jpg,0.79468286
2023-02-08 20:00:00,/Volumes/Argus/unk/snap/c1/1675886400.c1.snap.jpg,0.7599214
2023-02-08 20:30:00,/Volumes/Argus/unk/snap/c1/1675888200.c1.snap.jpg,0.7479869
2023-02-08 21:00:00,/Volumes/Argus/unk/snap/c1/1675890000.c1.snap.jpg,0.704461
2023-02-08 21:30:00,/Volumes/Argus/unk/snap/c1/1675891800.c1.snap.jpg,0.7637214
2023-02-08 22:00:00,/Volumes/Argus/unk/snap/c1/1675893600.c1.snap.jpg,0.737171
2023-02-08 22:30:00,/Volumes/Argus/unk/snap/c1/1675895400.c1.snap.jpg,0.74987364
2023-02-08 23:00:00,/Volumes/Argus/unk/snap/c1/1675897200.c1.snap.jpg,0.6811
2023-02-08 23:30:00,/Volumes/Argus/unk/snap/c1/1675899000.c1.snap.jpg,0.73255205
2023-02-09 00:00:00,/Volumes/Argus/unk/snap/c1/1675900800.c1.snap.jpg,0.80521965
2023-02-09 02:00:00,/Volumes/Argus/unk/snap/c1/1675908000.c1.snap.jpg,0.66168386
2023-02-09 02:30:00,/Volumes/Argus/unk/snap/c1/1675909800.c1.snap.jpg,0.6154597
2023-02-09 16:30:00,/Volumes/Argus/unk/snap/c1/1675960200.c1.snap.jpg,0.66168666
2023-02-09 17:00:00,/Volumes/Argus/unk/snap/c1/1675962000.c1.snap.jpg,1.577633
2023-02-09 17:30:00,/Volumes/Argus/unk/snap/c1/1675963800.c1.snap.jpg,1.3590387
2023-02-09 18:00:00,/Volumes/Argus/unk/snap/c1/1675965600.c1.snap.jpg,1.053337
2023-02-09 18:30:00,/Volumes/Argus/unk/snap/c1/1675967400.c1.snap.jpg,0.643798
2023-02-09 19:00:00,/Volumes/Argus/unk/snap/c1/1675969200.c1.snap.jpg,0.67219883
2023-02-09 19:30:00,/Volumes/Argus/unk/snap/c1/1675971000.c1.snap.jpg,0.676038
2023-02-09 20:00:00,/Volumes/Argus/unk/snap/c1/1675972800.c1.snap.jpg,0.6690041
2023-02-09 20:30:00,/Volumes/Argus/unk/snap/c1/1675974600.c1.snap.jpg,0.64756465
2023-02-09 21:00:00,/Volumes/Argus/unk/snap/c1/1675976400.c1.snap.jpg,0.62863743
2023-02-09 21:30:00,/Volumes/Argus/unk/snap/c1/1675978200.c1.snap.jpg,0.6311554
2023-02-09 22:00:00,/Volumes/Argus/unk/snap/c1/1675980000.c1.snap.jpg,0.6162131
2023-02-09 22:30:00,/Volumes/Argus/unk/snap/c1/1675981800.c1.snap.jpg,0.67816067
2023-02-09 23:00:00,/Volumes/Argus/unk/snap/c1/1675983600.c1.snap.jpg,0.71367013
2023-02-10 00:00:00,/Volumes/Argus/unk/snap/c1/1675987200.c1.snap.jpg,0.5198173
2023-02-10 00:30:00,/Volumes/Argus/unk/snap/c1/1675989000.c1.snap.jpg,0.49483532
2023-02-10 01:00:00,/Volumes/Argus/unk/snap/c1/1675990800.c1.snap.jpg,0.8589626
2023-02-10 01:30:00,/Volumes/Argus/unk/snap/c1/1675992600.c1.snap.jpg,1.0399972
2023-02-10 02:00:00,/Volumes/Argus/unk/snap/c1/1675994400.c1.snap.jpg,1.4403298
2023-02-10 02:30:00,/Volumes/Argus/unk/snap/c1/1675996200.c1.snap.jpg,1.2644731
2023-02-10 03:00:00,/Volumes/Argus/unk/snap/c1/1675998000.c1.snap.jpg,1.4164985
2023-02-10 03:30:00,/Volumes/Argus/unk/snap/c1/1675999800.c1.snap.jpg,0.9625948
2023-02-10 04:00:00,/Volumes/Argus/unk/snap/c1/1676001600.c1.snap.jpg,0.91468626
2023-02-10 16:30:00,/Volumes/Argus/unk/snap/c1/1676046600.c1.snap.jpg,1.5289085
2023-02-10 17:00:00,/Volumes/Argus/unk/snap/c1/1676048400.c1.snap.jpg,0.5246955
2023-02-10 17:30:00,/Volumes/Argus/unk/snap/c1/1676050200.c1.snap.jpg,1.7595396
2023-02-10 18:00:00,/Volumes/Argus/unk/snap/c1/1676052000.c1.snap.jpg,0.9523107
2023-02-10 18:30:00,/Volumes/Argus/unk/snap/c1/1676053800.c1.snap.jpg,0.49646485
2023-02-10 19:00:00,/Volumes/Argus/unk/snap/c1/1676055600.c1.snap.jpg,0.50562423
2023-02-10 19:30:00,/Volumes/Argus/unk/snap/c1/1676057400.c1.snap.jpg,0.7949654
2023-02-10 20:00:00,/Volumes/Argus/unk/snap/c1/1676059200.c1.snap.jpg,0.5129092
2023-02-10 20:30:00,/Volumes/Argus/unk/snap/c1/1676061000.c1.snap.jpg,0.9315374
2023-02-10 21:00:00,/Volumes/Argus/unk/snap/c1/1676062800.c1.snap.jpg,0.3853978
2023-02-10 21:30:00,/Volumes/Argus/unk/snap/c1/1676064600.c1.snap.jpg,0.7086722
2023-02-10 22:00:00,/Volumes/Argus/unk/snap/c1/1676066400.c1.snap.jpg,0.7148266
2023-02-10 22:30:00,/Volumes/Argus/unk/snap/c1/1676068200.c1.snap.jpg,0.7040786
2023-02-10 23:00:00,/Volumes/Argus/unk/snap/c1/1676070000.c1.snap.jpg,0.5319295
2023-02-10 23:30:00,/Volumes/Argus/unk/snap/c1/1676071800.c1.snap.jpg,0.54068846
2023-02-11 00:00:00,/Volumes/Argus/unk/snap/c1/1676073600.c1.snap.jpg,0.75108856
2023-02-11 00:30:00,/Volumes/Argus/unk/snap/c1/1676075400.c1.snap.jpg,0.85223734
2023-02-11 01:00:00,/Volumes/Argus/unk/snap/c1/1676077200.c1.snap.jpg,0.56505674
2023-02-11 01:30:00,/Volumes/Argus/unk/snap/c1/1676079000.c1.snap.jpg,0.4992481
2023-02-11 02:00:00,/Volumes/Argus/unk/snap/c1/1676080800.c1.snap.jpg,0.5491189
2023-02-11 02:30:00,/Volumes/Argus/unk/snap/c1/1676082600.c1.snap.jpg,0.49297708
2023-02-11 03:00:00,/Volumes/Argus/unk/snap/c1/1676084400.c1.snap.jpg,0.7298789
2023-02-11 03:30:00,/Volumes/Argus/unk/snap/c1/1676086200.c1.snap.jpg,0.7507591
2023-02-11 04:00:00,/Volumes/Argus/unk/snap/c1/1676088000.c1.snap.jpg,1.8658959
2023-02-11 22:30:00,/Volumes/Argus/unk/snap/c1/1676154600.c1.snap.jpg,0.52680975
2023-02-11 23:00:00,/Volumes/Argus/unk/snap/c1/1676156400.c1.snap.jpg,0.5237176
2023-02-12 00:00:00,/Volumes/Argus/unk/snap/c1/1676160000.c1.snap.jpg,0.50392187
2023-02-12 00:30:00,/Volumes/Argus/unk/snap/c1/1676161800.c1.snap.jpg,0.49497002
2023-02-12 01:00:00,/Volumes/Argus/unk/snap/c1/1676163600.c1.snap.jpg,0.5118808
2023-02-12 01:30:00,/Volumes/Argus/unk/snap/c1/1676165400.c1.snap.jpg,0.49526054
2023-02-12 02:00:00,/Volumes/Argus/unk/snap/c1/1676167200.c1.snap.jpg,0.44187808
2023-02-12 03:00:00,/Volumes/Argus/unk/snap/c1/1676170800.c1.snap.jpg,0.470842
2023-02-12 03:30:00,/Volumes/Argus/unk/snap/c1/1676172600.c1.snap.jpg,0.52135193
2023-02-12 04:00:00,/Volumes/Argus/unk/snap/c1/1676174400.c1.snap.jpg,0.9222156
2023-02-12 16:30:00,/Volumes/Argus/unk/snap/c1/1676219400.c1.snap.jpg,1.1079183
2023-02-12 17:00:00,/Volumes/Argus/unk/snap/c1/1676221200.c1.snap.jpg,0.88574684
2023-02-12 17:30:00,/Volumes/Argus/unk/snap/c1/1676223000.c1.snap.jpg,1.4680947
2023-02-12 18:00:00,/Volumes/Argus/unk/snap/c1/1676224800.c1.snap.jpg,0.8088161
2023-02-12 18:30:00,/Volumes/Argus/unk/snap/c1/1676226600.c1.snap.jpg,0.58163035
2023-02-12 19:00:00,/Volumes/Argus/unk/snap/c1/1676228400.c1.snap.jpg,0.7325325
2023-02-12 19:30:00,/Volumes/Argus/unk/snap/c1/1676230200.c1.snap.jpg,0.5669527
2023-02-12 20:00:00,/Volumes/Argus/unk/snap/c1/1676232000.c1.snap.jpg,0.6279436
2023-02-12 20:30:00,/Volumes/Argus/unk/snap/c1/1676233800.c1.snap.jpg,0.7679571
2023-02-12 21:00:00,/Volumes/Argus/unk/snap/c1/1676235600.c1.snap.jpg,0.9377765
2023-02-12 21:30:00,/Volumes/Argus/unk/snap/c1/1676237400.c1.snap.jpg,0.8562371
2023-02-12 22:00:00,/Volumes/Argus/unk/snap/c1/1676239200.c1.snap.jpg,0.78833807
2023-02-12 22:30:00,/Volumes/Argus/unk/snap/c1/1676241000.c1.snap.jpg,0.81176835
2023-02-12 23:00:00,/Volumes/Argus/unk/snap/c1/1676242800.c1.snap.jpg,0.5806074
2023-02-12 23:30:00,/Volumes/Argus/unk/snap/c1/1676244600.c1.snap.jpg,0.50286
2023-02-13 00:00:00,/Volumes/Argus/unk/snap/c1/1676246400.c1.snap.jpg,0.5874988
2023-02-13 00:30:00,/Volumes/Argus/unk/snap/c1/1676248200.c1.snap.jpg,0.494722
2023-02-13 01:00:00,/Volumes/Argus/unk/snap/c1/1676250000.c1.snap.jpg,0.99389505
2023-02-13 01:30:00,/Volumes/Argus/unk/snap/c1/1676251800.c1.snap.jpg,0.5012214
2023-02-13 02:00:00,/Volumes/Argus/unk/snap/c1/1676253600.c1.snap.jpg,0.63552576
2023-02-13 03:00:00,/Volumes/Argus/unk/snap/c1/1676257200.c1.snap.jpg,1.003648
2023-02-13 03:30:00,/Volumes/Argus/unk/snap/c1/1676259000.c1.snap.jpg,0.78478694
2023-02-13 04:00:00,/Volumes/Argus/unk/snap/c1/1676260800.c1.snap.jpg,0.7584487
2023-02-13 16:30:00,/Volumes/Argus/unk/snap/c1/1676305800.c1.snap.jpg,1.1266395
2023-02-13 17:00:00,/Volumes/Argus/unk/snap/c1/1676307600.c1.snap.jpg,1.0906262
2023-02-13 17:30:00,/Volumes/Argus/unk/snap/c1/1676309400.c1.snap.jpg,1.8281027
2023-02-13 18:00:00,/Volumes/Argus/unk/snap/c1/1676311200.c1.snap.jpg,0.7754593
2023-02-13 18:30:00,/Volumes/Argus/unk/snap/c1/1676313000.c1.snap.jpg,0.42741787
2023-02-13 19:00:00,/Volumes/Argus/unk/snap/c1/1676314800.c1.snap.jpg,0.64243007
2023-02-13 19:30:00,/Volumes/Argus/unk/snap/c1/1676316600.c1.snap.jpg,0.4575895
2023-02-13 20:00:00,/Volumes/Argus/unk/snap/c1/1676318400.c1.snap.jpg,0.2906761
2023-02-13 20:30:00,/Volumes/Argus/unk/snap/c1/1676320200.c1.snap.jpg,0.33851513
2023-02-13 21:00:00,/Volumes/Argus/unk/snap/c1/1676322000.c1.snap.jpg,0.5984719
2023-02-13 21:30:00,/Volumes/Argus/unk/snap/c1/1676323800.c1.snap.jpg,0.49060243
2023-02-13 22:00:00,/Volumes/Argus/unk/snap/c1/1676325600.c1.snap.jpg,0.53147143
2023-02-13 22:30:00,/Volumes/Argus/unk/snap/c1/1676327400.c1.snap.jpg,0.5356131
2023-02-13 23:00:00,/Volumes/Argus/unk/snap/c1/1676329200.c1.snap.jpg,0.5301518
2023-02-13 23:30:00,/Volumes/Argus/unk/snap/c1/1676331000.c1.snap.jpg,0.5419841
2023-02-14 00:00:00,/Volumes/Argus/unk/snap/c1/1676332800.c1.snap.jpg,0.60999227
2023-02-14 00:30:00,/Volumes/Argus/unk/snap/c1/1676334600.c1.snap.jpg,0.51891565
2023-02-14 01:00:00,/Volumes/Argus/unk/snap/c1/1676336400.c1.snap.jpg,0.60617167
2023-02-14 01:30:00,/Volumes/Argus/unk/snap/c1/1676338200.c1.snap.jpg,0.6303777
2023-02-14 02:00:00,/Volumes/Argus/unk/snap/c1/1676340000.c1.snap.jpg,1.0956659
2023-02-14 03:00:00,/Volumes/Argus/unk/snap/c1/1676343600.c1.snap.jpg,1.1163517
2023-02-14 03:30:00,/Volumes/Argus/unk/snap/c1/1676345400.c1.snap.jpg,1.3694966
2023-02-14 16:30:00,/Volumes/Argus/unk/snap/c1/1676392200.c1.snap.jpg,1.1074784
2023-02-14 17:00:00,/Volumes/Argus/unk/snap/c1/1676394000.c1.snap.jpg,1.1000938
2023-02-14 17:30:00,/Volumes/Argus/unk/snap/c1/1676395800.c1.snap.jpg,1.1022911
2023-02-14 18:30:00,/Volumes/Argus/unk/snap/c1/1676399400.c1.snap.jpg,0.59290636
2023-02-14 19:00:00,/Volumes/Argus/unk/snap/c1/1676401200.c1.snap.jpg,0.47815317
2023-02-14 19:30:00,/Volumes/Argus/unk/snap/c1/1676403000.c1.snap.jpg,0.43677852
2023-02-14 20:00:00,/Volumes/Argus/unk/snap/c1/1676404800.c1.snap.jpg,0.80182856
2023-02-14 20:30:00,/Volumes/Argus/unk/snap/c1/1676406600.c1.snap.jpg,0.8113025
2023-02-14 21:00:00,/Volumes/Argus/unk/snap/c1/1676408400.c1.snap.jpg,0.9274317
2023-02-14 21:30:00,/Volumes/Argus/unk/snap/c1/1676410200.c1.snap.jpg,0.5282644
2023-02-14 22:30:00,/Volumes/Argus/unk/snap/c1/1676413800.c1.snap.jpg,0.48261184
2023-02-14 23:00:00,/Volumes/Argus/unk/snap/c1/1676415600.c1.snap.jpg,0.53459203
2023-02-14 23:30:00,/Volumes/Argus/unk/snap/c1/1676417400.c1.snap.jpg,0.5511233
2023-02-15 00:00:00,/Volumes/Argus/unk/snap/c1/1676419200.c1.snap.jpg,0.55741656
2023-02-15 00:30:00,/Volumes/Argus/unk/snap/c1/1676421000.c1.snap.jpg,0.60768944
2023-02-15 01:00:00,/Volumes/Argus/unk/snap/c1/1676422800.c1.snap.jpg,0.7852417
2023-02-15 02:00:00,/Volumes/Argus/unk/snap/c1/1676426400.c1.snap.jpg,0.8088877
2023-02-15 02:30:00,/Volumes/Argus/unk/snap/c1/1676428200.c1.snap.jpg,1.0134041
2023-02-15 03:00:00,/Volumes/Argus/unk/snap/c1/1676430000.c1.snap.jpg,1.8804449
2023-02-15 03:30:00,/Volumes/Argus/unk/snap/c1/1676431800.c1.snap.jpg,0.8012457
2023-02-15 04:00:00,/Volumes/Argus/unk/snap/c1/1676433600.c1.snap.jpg,1.152403
2023-02-15 16:30:00,/Volumes/Argus/unk/snap/c1/1676478600.c1.snap.jpg,1.179644
2023-02-15 17:00:00,/Volumes/Argus/unk/snap/c1/1676480400.c1.snap.jpg,0.5258186
2023-02-15 17:30:00,/Volumes/Argus/unk/snap/c1/1676482200.c1.snap.jpg,1.238922
2023-02-15 18:00:00,/Volumes/Argus/unk/snap/c1/1676484000.c1.snap.jpg,0.47475445
2023-02-15 18:30:00,/Volumes/Argus/unk/snap/c1/1676485800.c1.snap.jpg,0.48471472
2023-02-15 19:00:00,/Volumes/Argus/unk/snap/c1/1676487600.c1.snap.jpg,0.8080213
2023-02-15 19:30:00,/Volumes/Argus/unk/snap/c1/1676489400.c1.snap.jpg,0.66332877
2023-02-15 20:00:00,/Volumes/Argus/unk/snap/c1/1676491200.c1.snap.jpg,0.28212005
2023-02-15 20:30:00,/Volumes/Argus/unk/snap/c1/1676493000.c1.snap.jpg,0.38601074
2023-02-15 21:00:00,/Volumes/Argus/unk/snap/c1/1676494800.c1.snap.jpg,0.43293098
2023-02-15 21:30:00,/Volumes/Argus/unk/snap/c1/1676496600.c1.snap.jpg,0.48482746
2023-02-15 22:00:00,/Volumes/Argus/unk/snap/c1/1676498400.c1.snap.jpg,0.56938684
2023-02-15 22:30:00,/Volumes/Argus/unk/snap/c1/1676500200.c1.snap.jpg,0.55611897
2023-02-15 23:00:00,/Volumes/Argus/unk/snap/c1/1676502000.c1.snap.jpg,0.53203994
2023-02-15 23:30:00,/Volumes/Argus/unk/snap/c1/1676503800.c1.snap.jpg,0.5504731
2023-02-16 00:00:00,/Volumes/Argus/unk/snap/c1/1676505600.c1.snap.jpg,0.6127672
2023-02-16 00:30:00,/Volumes/Argus/unk/snap/c1/1676507400.c1.snap.jpg,0.59556293
2023-02-16 01:00:00,/Volumes/Argus/unk/snap/c1/1676509200.c1.snap.jpg,0.61754405
2023-02-16 01:30:00,/Volumes/Argus/unk/snap/c1/1676511000.c1.snap.jpg,0.6747258
2023-02-16 02:00:00,/Volumes/Argus/unk/snap/c1/1676512800.c1.snap.jpg,1.325076
2023-02-16 03:00:00,/Volumes/Argus/unk/snap/c1/1676516400.c1.snap.jpg,1.6018395
2023-02-16 03:30:00,/Volumes/Argus/unk/snap/c1/1676518200.c1.snap.jpg,1.5559047
2023-02-16 16:30:00,/Volumes/Argus/unk/snap/c1/1676565000.c1.snap.jpg,1.3129056
2023-02-16 17:30:00,/Volumes/Argus/unk/snap/c1/1676568600.c1.snap.jpg,1.1095426
2023-02-16 18:00:00,/Volumes/Argus/unk/snap/c1/1676570400.c1.snap.jpg,0.6027656
2023-02-16 18:30:00,/Volumes/Argus/unk/snap/c1/1676572200.c1.snap.jpg,0.62739015
2023-02-16 19:00:00,/Volumes/Argus/unk/snap/c1/1676574000.c1.snap.jpg,0.74352646
2023-02-16 19:30:00,/Volumes/Argus/unk/snap/c1/1676575800.c1.snap.jpg,0.99937254
2023-02-16 20:00:00,/Volumes/Argus/unk/snap/c1/1676577600.c1.snap.jpg,0.7191341
2023-02-16 20:30:00,/Volumes/Argus/unk/snap/c1/1676579400.c1.snap.jpg,0.5125755
2023-02-16 21:00:00,/Volumes/Argus/unk/snap/c1/1676581200.c1.snap.jpg,0.52348447
2023-02-16 21:30:00,/Volumes/Argus/unk/snap/c1/1676583000.c1.snap.jpg,0.59546983
2023-02-16 22:00:00,/Volumes/Argus/unk/snap/c1/1676584800.c1.snap.jpg,0.61746335
2023-02-16 23:00:00,/Volumes/Argus/unk/snap/c1/1676588400.c1.snap.jpg,0.678252
2023-02-16 23:30:00,/Volumes/Argus/unk/snap/c1/1676590200.c1.snap.jpg,0.63501585
2023-02-17 00:30:00,/Volumes/Argus/unk/snap/c1/1676593800.c1.snap.jpg,0.68958133
2023-02-17 01:00:00,/Volumes/Argus/unk/snap/c1/1676595600.c1.snap.jpg,0.64298093
2023-02-17 01:30:00,/Volumes/Argus/unk/snap/c1/1676597400.c1.snap.jpg,0.6663892
2023-02-17 03:00:00,/Volumes/Argus/unk/snap/c1/1676602800.c1.snap.jpg,0.69325644
2023-02-17 03:30:00,/Volumes/Argus/unk/snap/c1/1676604600.c1.snap.jpg,1.1191332
2023-02-17 04:00:00,/Volumes/Argus/unk/snap/c1/1676606400.c1.snap.jpg,0.98747146
2023-02-17 16:30:00,/Volumes/Argus/unk/snap/c1/1676651400.c1.snap.jpg,1.6229292
2023-02-17 17:00:00,/Volumes/Argus/unk/snap/c1/1676653200.c1.snap.jpg,1.2194599
2023-02-17 17:30:00,/Volumes/Argus/unk/snap/c1/1676655000.c1.snap.jpg,0.74427176
2023-02-17 18:00:00,/Volumes/Argus/unk/snap/c1/1676656800.c1.snap.jpg,0.94770294
2023-02-17 18:30:00,/Volumes/Argus/unk/snap/c1/1676658600.c1.snap.jpg,0.7386037
2023-02-17 19:00:00,/Volumes/Argus/unk/snap/c1/1676660400.c1.snap.jpg,0.7231045
2023-02-17 19:30:00,/Volumes/Argus/unk/snap/c1/1676662200.c1.snap.jpg,0.6275462
2023-02-17 20:00:00,/Volumes/Argus/unk/snap/c1/1676664000.c1.snap.jpg,0.43412566
2023-02-17 20:30:00,/Volumes/Argus/unk/snap/c1/1676665800.c1.snap.jpg,0.48763755
2023-02-17 21:00:00,/Volumes/Argus/unk/snap/c1/1676667600.c1.snap.jpg,0.63379395
2023-02-17 21:30:00,/Volumes/Argus/unk/snap/c1/1676669400.c1.snap.jpg,0.47316158
2023-02-17 22:00:00,/Volumes/Argus/unk/snap/c1/1676671200.c1.snap.jpg,0.61201197
2023-02-17 22:30:00,/Volumes/Argus/unk/snap/c1/1676673000.c1.snap.jpg,0.612951
2023-02-17 23:00:00,/Volumes/Argus/unk/snap/c1/1676674800.c1.snap.jpg,0.53903735
2023-02-17 23:30:00,/Volumes/Argus/unk/snap/c1/1676676600.c1.snap.jpg,0.5820805
2023-02-18 00:00:00,/Volumes/Argus/unk/snap/c1/1676678400.c1.snap.jpg,0.60048497
2023-02-18 00:30:00,/Volumes/Argus/unk/snap/c1/1676680200.c1.snap.jpg,0.6599209
2023-02-18 01:00:00,/Volumes/Argus/unk/snap/c1/1676682000.c1.snap.jpg,0.5977117
2023-02-18 01:30:00,/Volumes/Argus/unk/snap/c1/1676683800.c1.snap.jpg,0.66681623
2023-02-18 02:00:00,/Volumes/Argus/unk/snap/c1/1676685600.c1.snap.jpg,0.5685427
2023-02-18 03:00:00,/Volumes/Argus/unk/snap/c1/1676689200.c1.snap.jpg,0.5564048
2023-02-18 03:30:00,/Volumes/Argus/unk/snap/c1/1676691000.c1.snap.jpg,0.55264443
2023-02-18 04:00:00,/Volumes/Argus/unk/snap/c1/1676692800.c1.snap.jpg,0.7469381
2023-02-18 16:30:00,/Volumes/Argus/unk/snap/c1/1676737800.c1.snap.jpg,1.7859353
2023-02-18 17:00:00,/Volumes/Argus/unk/snap/c1/1676739600.c1.snap.jpg,1.6814982
2023-02-18 17:30:00,/Volumes/Argus/unk/snap/c1/1676741400.c1.snap.jpg,0.7781888
2023-02-18 18:00:00,/Volumes/Argus/unk/snap/c1/1676743200.c1.snap.jpg,0.64984155
2023-02-18 18:30:00,/Volumes/Argus/unk/snap/c1/1676745000.c1.snap.jpg,0.6985795
2023-02-18 19:00:00,/Volumes/Argus/unk/snap/c1/1676746800.c1.snap.jpg,0.80065817
2023-02-18 19:30:00,/Volumes/Argus/unk/snap/c1/1676748600.c1.snap.jpg,0.7705109
2023-02-18 20:00:00,/Volumes/Argus/unk/snap/c1/1676750400.c1.snap.jpg,0.7287697
2023-02-18 20:30:00,/Volumes/Argus/unk/snap/c1/1676752200.c1.snap.jpg,0.78265387
2023-02-18 21:00:00,/Volumes/Argus/unk/snap/c1/1676754000.c1.snap.jpg,0.793361
2023-02-18 21:30:00,/Volumes/Argus/unk/snap/c1/1676755800.c1.snap.jpg,0.58906704
2023-02-18 22:00:00,/Volumes/Argus/unk/snap/c1/1676757600.c1.snap.jpg,0.586146
2023-02-18 22:30:00,/Volumes/Argus/unk/snap/c1/1676759400.c1.snap.jpg,0.5360974
2023-02-18 23:00:00,/Volumes/Argus/unk/snap/c1/1676761200.c1.snap.jpg,0.61506164
2023-02-18 23:30:00,/Volumes/Argus/unk/snap/c1/1676763000.c1.snap.jpg,0.8001524
2023-02-19 00:00:00,/Volumes/Argus/unk/snap/c1/1676764800.c1.snap.jpg,0.88063014
2023-02-19 00:30:00,/Volumes/Argus/unk/snap/c1/1676766600.c1.snap.jpg,0.5832894
2023-02-19 01:00:00,/Volumes/Argus/unk/snap/c1/1676768400.c1.snap.jpg,0.65414613
2023-02-19 01:30:00,/Volumes/Argus/unk/snap/c1/1676770200.c1.snap.jpg,0.61799186
2023-02-19 02:00:00,/Volumes/Argus/unk/snap/c1/1676772000.c1.snap.jpg,0.7873292
2023-02-19 02:30:00,/Volumes/Argus/unk/snap/c1/1676773800.c1.snap.jpg,0.75479645
2023-02-19 03:00:00,/Volumes/Argus/unk/snap/c1/1676775600.c1.snap.jpg,1.0087713
2023-02-19 03:30:00,/Volumes/Argus/unk/snap/c1/1676777400.c1.snap.jpg,0.9140017
2023-02-19 04:00:00,/Volumes/Argus/unk/snap/c1/1676779200.c1.snap.jpg,0.74643624
2023-02-19 16:30:00,/Volumes/Argus/unk/snap/c1/1676824200.c1.snap.jpg,1.491608
2023-02-19 17:00:00,/Volumes/Argus/unk/snap/c1/1676826000.c1.snap.jpg,0.885596
2023-02-19 17:30:00,/Volumes/Argus/unk/snap/c1/1676827800.c1.snap.jpg,0.72863114
2023-02-19 18:00:00,/Volumes/Argus/unk/snap/c1/1676829600.c1.snap.jpg,0.6382822
2023-02-19 18:30:00,/Volumes/Argus/unk/snap/c1/1676831400.c1.snap.jpg,0.60548276
2023-02-19 19:00:00,/Volumes/Argus/unk/snap/c1/1676833200.c1.snap.jpg,0.5826238
2023-02-19 19:30:00,/Volumes/Argus/unk/snap/c1/1676835000.c1.snap.jpg,0.83847165
2023-02-19 20:00:00,/Volumes/Argus/unk/snap/c1/1676836800.c1.snap.jpg,0.55271494
2023-02-19 20:30:00,/Volumes/Argus/unk/snap/c1/1676838600.c1.snap.jpg,0.61326796
2023-02-19 21:00:00,/Volumes/Argus/unk/snap/c1/1676840400.c1.snap.jpg,0.56115896
2023-02-19 21:30:00,/Volumes/Argus/unk/snap/c1/1676842200.c1.snap.jpg,0.60593635
2023-02-19 22:00:00,/Volumes/Argus/unk/snap/c1/1676844000.c1.snap.jpg,0.5724881
2023-02-19 22:30:00,/Volumes/Argus/unk/snap/c1/1676845800.c1.snap.jpg,0.5902134
2023-02-19 23:00:00,/Volumes/Argus/unk/snap/c1/1676847600.c1.snap.jpg,0.7253082
2023-02-19 23:30:00,/Volumes/Argus/unk/snap/c1/1676849400.c1.snap.jpg,0.90134597
2023-02-20 00:00:00,/Volumes/Argus/unk/snap/c1/1676851200.c1.snap.jpg,0.6214792
2023-02-20 00:30:00,/Volumes/Argus/unk/snap/c1/1676853000.c1.snap.jpg,0.6767577
2023-02-20 01:00:00,/Volumes/Argus/unk/snap/c1/1676854800.c1.snap.jpg,0.63411754
2023-02-20 01:30:00,/Volumes/Argus/unk/snap/c1/1676856600.c1.snap.jpg,0.6631833
2023-02-20 02:00:00,/Volumes/Argus/unk/snap/c1/1676858400.c1.snap.jpg,0.71976614
2023-02-20 03:00:00,/Volumes/Argus/unk/snap/c1/1676862000.c1.snap.jpg,0.74317706
2023-02-20 03:30:00,/Volumes/Argus/unk/snap/c1/1676863800.c1.snap.jpg,0.66538405
2023-02-21 16:30:00,/Volumes/Argus/unk/snap/c1/1676997000.c1.snap.jpg,1.426247
2023-02-21 17:30:00,/Volumes/Argus/unk/snap/c1/1677000600.c1.snap.jpg,0.6866828
2023-02-21 18:00:00,/Volumes/Argus/unk/snap/c1/1677002400.c1.snap.jpg,0.6605652
2023-02-21 18:30:00,/Volumes/Argus/unk/snap/c1/1677004200.c1.snap.jpg,0.69744235
2023-02-21 19:30:00,/Volumes/Argus/unk/snap/c1/1677007800.c1.snap.jpg,0.61315286
2023-02-21 20:00:00,/Volumes/Argus/unk/snap/c1/1677009600.c1.snap.jpg,0.71199554
2023-02-21 20:30:00,/Volumes/Argus/unk/snap/c1/1677011400.c1.snap.jpg,0.68928266
2023-02-21 21:30:00,/Volumes/Argus/unk/snap/c1/1677015000.c1.snap.jpg,0.66454875
2023-02-21 22:30:00,/Volumes/Argus/unk/snap/c1/1677018600.c1.snap.jpg,0.6371082
2023-02-21 23:00:00,/Volumes/Argus/unk/snap/c1/1677020400.c1.snap.jpg,0.6994294
2023-02-21 23:30:00,/Volumes/Argus/unk/snap/c1/1677022200.c1.snap.jpg,0.5950464
2023-02-22 00:00:00,/Volumes/Argus/unk/snap/c1/1677024000.c1.snap.jpg,0.65773475
2023-02-22 00:30:00,/Volumes/Argus/unk/snap/c1/1677025800.c1.snap.jpg,0.71391624
2023-02-22 01:00:00,/Volumes/Argus/unk/snap/c1/1677027600.c1.snap.jpg,0.72536075
2023-02-22 01:30:00,/Volumes/Argus/unk/snap/c1/1677029400.c1.snap.jpg,0.7168452
2023-02-22 02:00:00,/Volumes/Argus/unk/snap/c1/1677031200.c1.snap.jpg,0.6748373
2023-02-22 02:30:00,/Volumes/Argus/unk/snap/c1/1677033000.c1.snap.jpg,0.795115
2023-02-22 03:00:00,/Volumes/Argus/unk/snap/c1/1677034800.c1.snap.jpg,0.89743596
2023-02-22 03:30:00,/Volumes/Argus/unk/snap/c1/1677036600.c1.snap.jpg,0.7372741
2023-02-22 16:30:00,/Volumes/Argus/unk/snap/c1/1677083400.c1.snap.jpg,1.8326687
2023-02-22 17:00:00,/Volumes/Argus/unk/snap/c1/1677085200.c1.snap.jpg,1.2891649
2023-02-22 17:30:00,/Volumes/Argus/unk/snap/c1/1677087000.c1.snap.jpg,0.7962898
2023-02-22 18:00:00,/Volumes/Argus/unk/snap/c1/1677088800.c1.snap.jpg,0.744914
2023-02-22 18:30:00,/Volumes/Argus/unk/snap/c1/1677090600.c1.snap.jpg,0.7661436
2023-02-22 19:00:00,/Volumes/Argus/unk/snap/c1/1677092400.c1.snap.jpg,0.67454946
2023-02-22 19:30:00,/Volumes/Argus/unk/snap/c1/1677094200.c1.snap.jpg,0.6723018
2023-02-22 20:00:00,/Volumes/Argus/unk/snap/c1/1677096000.c1.snap.jpg,0.69569016
2023-02-22 20:30:00,/Volumes/Argus/unk/snap/c1/1677097800.c1.snap.jpg,0.7538626
2023-02-22 21:00:00,/Volumes/Argus/unk/snap/c1/1677099600.c1.snap.jpg,0.7375252
2023-02-22 21:30:00,/Volumes/Argus/unk/snap/c1/1677101400.c1.snap.jpg,0.62462515
2023-02-22 22:00:00,/Volumes/Argus/unk/snap/c1/1677103200.c1.snap.jpg,0.6274758
2023-02-22 22:30:00,/Volumes/Argus/unk/snap/c1/1677105000.c1.snap.jpg,0.6802095
2023-02-22 23:00:00,/Volumes/Argus/unk/snap/c1/1677106800.c1.snap.jpg,0.84463954
2023-02-22 23:30:00,/Volumes/Argus/unk/snap/c1/1677108600.c1.snap.jpg,0.87050515
2023-02-23 00:00:00,/Volumes/Argus/unk/snap/c1/1677110400.c1.snap.jpg,0.9893671
2023-02-23 00:30:00,/Volumes/Argus/unk/snap/c1/1677112200.c1.snap.jpg,0.8871244
2023-02-23 01:00:00,/Volumes/Argus/unk/snap/c1/1677114000.c1.snap.jpg,0.8338433
2023-02-23 01:30:00,/Volumes/Argus/unk/snap/c1/1677115800.c1.snap.jpg,0.84088075
2023-02-23 02:00:00,/Volumes/Argus/unk/snap/c1/1677117600.c1.snap.jpg,0.831826
2023-02-23 03:00:00,/Volumes/Argus/unk/snap/c1/1677121200.c1.snap.jpg,0.8655216
2023-02-23 03:30:00,/Volumes/Argus/unk/snap/c1/1677123000.c1.snap.jpg,0.8846297
2023-02-23 04:00:00,/Volumes/Argus/unk/snap/c1/1677124800.c1.snap.jpg,0.85822576
2023-02-23 16:30:00,/Volumes/Argus/unk/snap/c1/1677169800.c1.snap.jpg,1.7606049
2023-02-23 17:00:00,/Volumes/Argus/unk/snap/c1/1677171600.c1.snap.jpg,0.8733773
2023-02-23 17:30:00,/Volumes/Argus/unk/snap/c1/1677173400.c1.snap.jpg,0.8675125
2023-02-23 18:00:00,/Volumes/Argus/unk/snap/c1/1677175200.c1.snap.jpg,0.7293881
2023-02-23 18:30:00,/Volumes/Argus/unk/snap/c1/1677177000.c1.snap.jpg,0.7146462
2023-02-23 20:00:00,/Volumes/Argus/unk/snap/c1/1677182400.c1.snap.jpg,0.8094448
2023-02-23 20:30:00,/Volumes/Argus/unk/snap/c1/1677184200.c1.snap.jpg,0.84393907
2023-02-23 21:00:00,/Volumes/Argus/unk/snap/c1/1677186000.c1.snap.jpg,0.7387463
2023-02-23 21:30:00,/Volumes/Argus/unk/snap/c1/1677187800.c1.snap.jpg,1.3581496
2023-02-23 22:00:00,/Volumes/Argus/unk/snap/c1/1677189600.c1.snap.jpg,0.85259765
2023-02-23 22:30:00,/Volumes/Argus/unk/snap/c1/1677191400.c1.snap.jpg,0.89437777
2023-02-23 23:00:00,/Volumes/Argus/unk/snap/c1/1677193200.c1.snap.jpg,0.9360652
2023-02-24 00:00:00,/Volumes/Argus/unk/snap/c1/1677196800.c1.snap.jpg,0.87759215
2023-02-24 00:30:00,/Volumes/Argus/unk/snap/c1/1677198600.c1.snap.jpg,0.7804216
2023-02-24 01:00:00,/Volumes/Argus/unk/snap/c1/1677200400.c1.snap.jpg,0.6512593
2023-02-24 01:30:00,/Volumes/Argus/unk/snap/c1/1677202200.c1.snap.jpg,0.8977401
2023-02-24 02:30:00,/Volumes/Argus/unk/snap/c1/1677205800.c1.snap.jpg,0.7782153
2023-02-24 03:00:00,/Volumes/Argus/unk/snap/c1/1677207600.c1.snap.jpg,0.86294925
2023-02-24 03:30:00,/Volumes/Argus/unk/snap/c1/1677209400.c1.snap.jpg,0.8588475
2023-02-24 04:00:00,/Volumes/Argus/unk/snap/c1/1677211200.c1.snap.jpg,0.89937305
2023-02-24 16:30:00,/Volumes/Argus/unk/snap/c1/1677256200.c1.snap.jpg,1.5035578
2023-02-24 17:00:00,/Volumes/Argus/unk/snap/c1/1677258000.c1.snap.jpg,0.8608122
2023-02-24 17:30:00,/Volumes/Argus/unk/snap/c1/1677259800.c1.snap.jpg,1.0337621
2023-02-24 18:00:00,/Volumes/Argus/unk/snap/c1/1677261600.c1.snap.jpg,0.9402875
2023-02-24 18:30:00,/Volumes/Argus/unk/snap/c1/1677263400.c1.snap.jpg,0.867581
2023-02-24 19:00:00,/Volumes/Argus/unk/snap/c1/1677265200.c1.snap.jpg,0.8532258
2023-02-24 19:30:00,/Volumes/Argus/unk/snap/c1/1677267000.c1.snap.jpg,0.81661403
2023-02-24 20:30:00,/Volumes/Argus/unk/snap/c1/1677270600.c1.snap.jpg,0.83048856
2023-02-24 21:00:00,/Volumes/Argus/unk/snap/c1/1677272400.c1.snap.jpg,0.8497632
2023-02-24 21:30:00,/Volumes/Argus/unk/snap/c1/1677274200.c1.snap.jpg,0.87582815
2023-02-24 22:00:00,/Volumes/Argus/unk/snap/c1/1677276000.c1.snap.jpg,0.86389244
2023-02-24 22:30:00,/Volumes/Argus/unk/snap/c1/1677277800.c1.snap.jpg,0.8849086
2023-02-24 23:00:00,/Volumes/Argus/unk/snap/c1/1677279600.c1.snap.jpg,0.86872953
2023-02-24 23:30:00,/Volumes/Argus/unk/snap/c1/1677281400.c1.snap.jpg,0.82049114
2023-02-25 00:00:00,/Volumes/Argus/unk/snap/c1/1677283200.c1.snap.jpg,0.9126665
2023-02-25 01:00:00,/Volumes/Argus/unk/snap/c1/1677286800.c1.snap.jpg,0.7881502
2023-02-25 01:30:00,/Volumes/Argus/unk/snap/c1/1677288600.c1.snap.jpg,0.8093356
2023-02-25 02:00:00,/Volumes/Argus/unk/snap/c1/1677290400.c1.snap.jpg,0.79365146
2023-02-25 02:30:00,/Volumes/Argus/unk/snap/c1/1677292200.c1.snap.jpg,0.8625533
2023-02-25 03:00:00,/Volumes/Argus/unk/snap/c1/1677294000.c1.snap.jpg,1.0230073
2023-02-25 03:30:00,/Volumes/Argus/unk/snap/c1/1677295800.c1.snap.jpg,1.0138037
2023-02-25 04:00:00,/Volumes/Argus/unk/snap/c1/1677297600.c1.snap.jpg,1.083766
2023-02-25 16:30:00,/Volumes/Argus/unk/snap/c1/1677342600.c1.snap.jpg,1.8050762
2023-02-25 17:30:00,/Volumes/Argus/unk/snap/c1/1677346200.c1.snap.jpg,1.0185204
2023-02-25 18:00:00,/Volumes/Argus/unk/snap/c1/1677348000.c1.snap.jpg,0.7465166
2023-02-25 18:30:00,/Volumes/Argus/unk/snap/c1/1677349800.c1.snap.jpg,0.8489436
2023-02-25 19:00:00,/Volumes/Argus/unk/snap/c1/1677351600.c1.snap.jpg,0.82299006
2023-02-25 19:30:00,/Volumes/Argus/unk/snap/c1/1677353400.c1.snap.jpg,0.82580495
2023-02-25 20:30:00,/Volumes/Argus/unk/snap/c1/1677357000.c1.snap.jpg,0.7773454
2023-02-25 21:30:00,/Volumes/Argus/unk/snap/c1/1677360600.c1.snap.jpg,0.86847943
2023-02-25 22:00:00,/Volumes/Argus/unk/snap/c1/1677362400.c1.snap.jpg,0.759783
2023-02-25 22:30:00,/Volumes/Argus/unk/snap/c1/1677364200.c1.snap.jpg,0.5187136
2023-02-25 23:00:00,/Volumes/Argus/unk/snap/c1/1677366000.c1.snap.jpg,0.54973936
2023-02-25 23:30:00,/Volumes/Argus/unk/snap/c1/1677367800.c1.snap.jpg,0.48154843
2023-02-26 00:00:00,/Volumes/Argus/unk/snap/c1/1677369600.c1.snap.jpg,0.5072379
2023-02-26 00:30:00,/Volumes/Argus/unk/snap/c1/1677371400.c1.snap.jpg,0.6139509
2023-02-26 01:00:00,/Volumes/Argus/unk/snap/c1/1677373200.c1.snap.jpg,0.7088949
2023-02-26 01:30:00,/Volumes/Argus/unk/snap/c1/1677375000.c1.snap.jpg,0.595312
2023-02-26 02:00:00,/Volumes/Argus/unk/snap/c1/1677376800.c1.snap.jpg,0.55881083
2023-02-26 02:30:00,/Volumes/Argus/unk/snap/c1/1677378600.c1.snap.jpg,0.59709346
2023-02-26 04:00:00,/Volumes/Argus/unk/snap/c1/1677384000.c1.snap.jpg,0.69307107
2023-02-26 16:30:00,/Volumes/Argus/unk/snap/c1/1677429000.c1.snap.jpg,1.8213438
2023-02-26 17:00:00,/Volumes/Argus/unk/snap/c1/1677430800.c1.snap.jpg,0.89745474
2023-02-26 17:30:00,/Volumes/Argus/unk/snap/c1/1677432600.c1.snap.jpg,0.508736
2023-02-26 18:00:00,/Volumes/Argus/unk/snap/c1/1677434400.c1.snap.jpg,0.6283134
2023-02-26 18:30:00,/Volumes/Argus/unk/snap/c1/1677436200.c1.snap.jpg,0.56562513
2023-02-26 19:00:00,/Volumes/Argus/unk/snap/c1/1677438000.c1.snap.jpg,0.6680709
2023-02-26 19:30:00,/Volumes/Argus/unk/snap/c1/1677439800.c1.snap.jpg,0.6464431
2023-02-26 20:00:00,/Volumes/Argus/unk/snap/c1/1677441600.c1.snap.jpg,0.6892592
2023-02-26 20:30:00,/Volumes/Argus/unk/snap/c1/1677443400.c1.snap.jpg,0.6903557
2023-02-26 21:00:00,/Volumes/Argus/unk/snap/c1/1677445200.c1.snap.jpg,0.69070303
2023-02-26 22:00:00,/Volumes/Argus/unk/snap/c1/1677448800.c1.snap.jpg,0.5619701
2023-02-26 22:30:00,/Volumes/Argus/unk/snap/c1/1677450600.c1.snap.jpg,0.48413458
2023-02-26 23:00:00,/Volumes/Argus/unk/snap/c1/1677452400.c1.snap.jpg,0.49784046
2023-02-26 23:30:00,/Volumes/Argus/unk/snap/c1/1677454200.c1.snap.jpg,0.4720608
2023-02-27 00:00:00,/Volumes/Argus/unk/snap/c1/1677456000.c1.snap.jpg,0.53284055
2023-02-27 00:30:00,/Volumes/Argus/unk/snap/c1/1677457800.c1.snap.jpg,0.5794244
2023-02-27 01:00:00,/Volumes/Argus/unk/snap/c1/1677459600.c1.snap.jpg,0.625884
2023-02-27 01:30:00,/Volumes/Argus/unk/snap/c1/1677461400.c1.snap.jpg,0.60402614
2023-02-27 02:00:00,/Volumes/Argus/unk/snap/c1/1677463200.c1.snap.jpg,0.5968873
2023-02-27 02:30:00,/Volumes/Argus/unk/snap/c1/1677465000.c1.snap.jpg,0.6394968
2023-02-27 03:00:00,/Volumes/Argus/unk/snap/c1/1677466800.c1.snap.jpg,0.64905286
2023-02-27 03:30:00,/Volumes/Argus/unk/snap/c1/1677468600.c1.snap.jpg,0.62624073
2023-02-27 04:00:00,/Volumes/Argus/unk/snap/c1/1677470400.c1.snap.jpg,0.65655166
2023-02-27 16:30:00,/Volumes/Argus/unk/snap/c1/1677515400.c1.snap.jpg,0.5856633
2023-02-27 17:00:00,/Volumes/Argus/unk/snap/c1/1677517200.c1.snap.jpg,0.75789434
2023-02-27 17:30:00,/Volumes/Argus/unk/snap/c1/1677519000.c1.snap.jpg,0.54715943
2023-02-27 18:00:00,/Volumes/Argus/unk/snap/c1/1677520800.c1.snap.jpg,0.67235994
2023-02-27 18:30:00,/Volumes/Argus/unk/snap/c1/1677522600.c1.snap.jpg,0.5327872
2023-02-27 19:00:00,/Volumes/Argus/unk/snap/c1/1677524400.c1.snap.jpg,0.66986674
2023-02-27 19:30:00,/Volumes/Argus/unk/snap/c1/1677526200.c1.snap.jpg,0.5419526
2023-02-27 20:00:00,/Volumes/Argus/unk/snap/c1/1677528000.c1.snap.jpg,0.58182
2023-02-27 20:30:00,/Volumes/Argus/unk/snap/c1/1677529800.c1.snap.jpg,0.5396717
2023-02-27 21:00:00,/Volumes/Argus/unk/snap/c1/1677531600.c1.snap.jpg,0.4974866
2023-02-27 21:30:00,/Volumes/Argus/unk/snap/c1/1677533400.c1.snap.jpg,0.49476635
2023-02-27 22:00:00,/Volumes/Argus/unk/snap/c1/1677535200.c1.snap.jpg,0.48600933
2023-02-27 22:30:00,/Volumes/Argus/unk/snap/c1/1677537000.c1.snap.jpg,0.44975096
2023-02-27 23:00:00,/Volumes/Argus/unk/snap/c1/1677538800.c1.snap.jpg,0.46502966
2023-02-27 23:30:00,/Volumes/Argus/unk/snap/c1/1677540600.c1.snap.jpg,0.4628654
2023-02-28 00:00:00,/Volumes/Argus/unk/snap/c1/1677542400.c1.snap.jpg,0.46940506
2023-02-28 00:30:00,/Volumes/Argus/unk/snap/c1/1677544200.c1.snap.jpg,0.53174007
2023-02-28 01:00:00,/Volumes/Argus/unk/snap/c1/1677546000.c1.snap.jpg,0.57500905
2023-02-28 01:30:00,/Volumes/Argus/unk/snap/c1/1677547800.c1.snap.jpg,0.6364567
2023-02-28 02:00:00,/Volumes/Argus/unk/snap/c1/1677549600.c1.snap.jpg,0.6564114
2023-02-28 02:30:00,/Volumes/Argus/unk/snap/c1/1677551400.c1.snap.jpg,0.7102089
2023-02-28 03:00:00,/Volumes/Argus/unk/snap/c1/1677553200.c1.snap.jpg,0.85108334
2023-02-28 04:00:00,/Volumes/Argus/unk/snap/c1/1677556800.c1.snap.jpg,0.5806358
2023-02-28 19:00:00,/Volumes/Argus/unk/snap/c1/1677610800.c1.snap.jpg,0.68831354
2023-02-28 19:30:00,/Volumes/Argus/unk/snap/c1/1677612600.c1.snap.jpg,0.63546944
2023-02-28 20:00:00,/Volumes/Argus/unk/snap/c1/1677614400.c1.snap.jpg,0.51148593
2023-02-28 20:30:00,/Volumes/Argus/unk/snap/c1/1677616200.c1.snap.jpg,0.517915
2023-02-28 21:00:00,/Volumes/Argus/unk/snap/c1/1677618000.c1.snap.jpg,0.8653964
2023-02-28 21:30:00,/Volumes/Argus/unk/snap/c1/1677619800.c1.snap.jpg,0.861693
2023-02-28 22:00:00,/Volumes/Argus/unk/snap/c1/1677621600.c1.snap.jpg,0.7345407
2023-02-28 22:30:00,/Volumes/Argus/unk/snap/c1/1677623400.c1.snap.jpg,0.85477495
2023-02-28 23:30:00,/Volumes/Argus/unk/snap/c1/1677627000.c1.snap.jpg,0.8654059
2023-03-01 00:30:00,/Volumes/Argus/unk/snap/c1/1677630600.c1.snap.jpg,0.74930674
2023-03-01 01:30:00,/Volumes/Argus/unk/snap/c1/1677634200.c1.snap.jpg,0.91559744
2023-03-01 02:00:00,/Volumes/Argus/unk/snap/c1/1677636000.c1.snap.jpg,0.74785674
2023-03-01 03:00:00,/Volumes/Argus/unk/snap/c1/1677639600.c1.snap.jpg,0.835907
2023-03-01 03:30:00,/Volumes/Argus/unk/snap/c1/1677641400.c1.snap.jpg,0.8444626
2023-03-01 04:00:00,/Volumes/Argus/unk/snap/c1/1677643200.c1.snap.jpg,0.90755475
2023-03-01 16:30:00,/Volumes/Argus/unk/snap/c1/1677688200.c1.snap.jpg,1.0278323
2023-03-01 17:00:00,/Volumes/Argus/unk/snap/c1/1677690000.c1.snap.jpg,0.9246677
2023-03-01 17:30:00,/Volumes/Argus/unk/snap/c1/1677691800.c1.snap.jpg,0.830256
2023-03-01 18:00:00,/Volumes/Argus/unk/snap/c1/1677693600.c1.snap.jpg,0.7432555
2023-03-01 18:30:00,/Volumes/Argus/unk/snap/c1/1677695400.c1.snap.jpg,0.8937526
2023-03-01 19:30:00,/Volumes/Argus/unk/snap/c1/1677699000.c1.snap.jpg,0.7849155
2023-03-01 20:00:00,/Volumes/Argus/unk/snap/c1/1677700800.c1.snap.jpg,0.79072785
2023-03-01 20:30:00,/Volumes/Argus/unk/snap/c1/1677702600.c1.snap.jpg,0.70726794
2023-03-01 21:00:00,/Volumes/Argus/unk/snap/c1/1677704400.c1.snap.jpg,0.9607362
2023-03-01 21:30:00,/Volumes/Argus/unk/snap/c1/1677706200.c1.snap.jpg,0.74675554
2023-03-01 22:00:00,/Volumes/Argus/unk/snap/c1/1677708000.c1.snap.jpg,0.6683158
2023-03-01 22:30:00,/Volumes/Argus/unk/snap/c1/1677709800.c1.snap.jpg,0.56961995
2023-03-01 23:00:00,/Volumes/Argus/unk/snap/c1/1677711600.c1.snap.jpg,0.5342245
2023-03-01 23:30:00,/Volumes/Argus/unk/snap/c1/1677713400.c1.snap.jpg,0.69044894
2023-03-02 00:00:00,/Volumes/Argus/unk/snap/c1/1677715200.c1.snap.jpg,0.577839
2023-03-02 00:30:00,/Volumes/Argus/unk/snap/c1/1677717000.c1.snap.jpg,0.7002048
2023-03-02 01:00:00,/Volumes/Argus/unk/snap/c1/1677718800.c1.snap.jpg,0.70954657
2023-03-02 01:30:00,/Volumes/Argus/unk/snap/c1/1677720600.c1.snap.jpg,0.6782605
2023-03-02 02:00:00,/Volumes/Argus/unk/snap/c1/1677722400.c1.snap.jpg,0.6917241
2023-03-02 03:30:00,/Volumes/Argus/unk/snap/c1/1677727800.c1.snap.jpg,0.5907435
2023-03-02 04:00:00,/Volumes/Argus/unk/snap/c1/1677729600.c1.snap.jpg,0.5708168
2023-03-02 16:30:00,/Volumes/Argus/unk/snap/c1/1677774600.c1.snap.jpg,0.5418794
2023-03-02 17:00:00,/Volumes/Argus/unk/snap/c1/1677776400.c1.snap.jpg,0.72906935
2023-03-02 17:30:00,/Volumes/Argus/unk/snap/c1/1677778200.c1.snap.jpg,0.5773571
2023-03-02 18:00:00,/Volumes/Argus/unk/snap/c1/1677780000.c1.snap.jpg,0.58852434
2023-03-02 18:30:00,/Volumes/Argus/unk/snap/c1/1677781800.c1.snap.jpg,0.32012844
2023-03-02 19:00:00,/Volumes/Argus/unk/snap/c1/1677783600.c1.snap.jpg,0.3840568
2023-03-02 19:30:00,/Volumes/Argus/unk/snap/c1/1677785400.c1.snap.jpg,0.5121125
2023-03-02 20:00:00,/Volumes/Argus/unk/snap/c1/1677787200.c1.snap.jpg,0.60409105
2023-03-02 20:30:00,/Volumes/Argus/unk/snap/c1/1677789000.c1.snap.jpg,0.657001
2023-03-02 21:00:00,/Volumes/Argus/unk/snap/c1/1677790800.c1.snap.jpg,0.63719946
2023-03-02 21:30:00,/Volumes/Argus/unk/snap/c1/1677792600.c1.snap.jpg,0.6933274
2023-03-02 22:00:00,/Volumes/Argus/unk/snap/c1/1677794400.c1.snap.jpg,0.6867402
2023-03-02 22:30:00,/Volumes/Argus/unk/snap/c1/1677796200.c1.snap.jpg,0.6879597
2023-03-02 23:30:00,/Volumes/Argus/unk/snap/c1/1677799800.c1.snap.jpg,0.56148994
2023-03-03 00:00:00,/Volumes/Argus/unk/snap/c1/1677801600.c1.snap.jpg,0.60244924
2023-03-03 00:30:00,/Volumes/Argus/unk/snap/c1/1677803400.c1.snap.jpg,0.68130124
2023-03-03 01:00:00,/Volumes/Argus/unk/snap/c1/1677805200.c1.snap.jpg,0.6298344
2023-03-03 01:30:00,/Volumes/Argus/unk/snap/c1/1677807000.c1.snap.jpg,0.7725201
2023-03-03 02:00:00,/Volumes/Argus/unk/snap/c1/1677808800.c1.snap.jpg,0.74059165
2023-03-03 03:00:00,/Volumes/Argus/unk/snap/c1/1677812400.c1.snap.jpg,0.6268071
2023-03-03 03:30:00,/Volumes/Argus/unk/snap/c1/1677814200.c1.snap.jpg,0.63475657
2023-03-03 04:00:00,/Volumes/Argus/unk/snap/c1/1677816000.c1.snap.jpg,0.6493108
2023-03-03 16:30:00,/Volumes/Argus/unk/snap/c1/1677861000.c1.snap.jpg,1.0130216
2023-03-03 17:00:00,/Volumes/Argus/unk/snap/c1/1677862800.c1.snap.jpg,0.71318966
2023-03-03 17:30:00,/Volumes/Argus/unk/snap/c1/1677864600.c1.snap.jpg,0.6756299
2023-03-03 18:00:00,/Volumes/Argus/unk/snap/c1/1677866400.c1.snap.jpg,0.6869937
2023-03-03 18:30:00,/Volumes/Argus/unk/snap/c1/1677868200.c1.snap.jpg,0.5789921
2023-03-03 19:00:00,/Volumes/Argus/unk/snap/c1/1677870000.c1.snap.jpg,0.63603336
2023-03-03 19:30:00,/Volumes/Argus/unk/snap/c1/1677871800.c1.snap.jpg,0.46903688
2023-03-03 20:00:00,/Volumes/Argus/unk/snap/c1/1677873600.c1.snap.jpg,0.5937553
2023-03-03 20:30:00,/Volumes/Argus/unk/snap/c1/1677875400.c1.snap.jpg,0.64461815
2023-03-03 21:00:00,/Volumes/Argus/unk/snap/c1/1677877200.c1.snap.jpg,0.6323612
2023-03-03 21:30:00,/Volumes/Argus/unk/snap/c1/1677879000.c1.snap.jpg,0.6484241
2023-03-03 22:00:00,/Volumes/Argus/unk/snap/c1/1677880800.c1.snap.jpg,0.66472304
2023-03-03 22:30:00,/Volumes/Argus/unk/snap/c1/1677882600.c1.snap.jpg,0.6428691
2023-03-03 23:00:00,/Volumes/Argus/unk/snap/c1/1677884400.c1.snap.jpg,0.57046485
2023-03-03 23:30:00,/Volumes/Argus/unk/snap/c1/1677886200.c1.snap.jpg,0.57592
2023-03-04 00:00:00,/Volumes/Argus/unk/snap/c1/1677888000.c1.snap.jpg,0.5625136
2023-03-04 00:30:00,/Volumes/Argus/unk/snap/c1/1677889800.c1.snap.jpg,0.6248975
2023-03-04 01:00:00,/Volumes/Argus/unk/snap/c1/1677891600.c1.snap.jpg,0.6742356
2023-03-04 01:30:00,/Volumes/Argus/unk/snap/c1/1677893400.c1.snap.jpg,0.6818702
2023-03-04 02:00:00,/Volumes/Argus/unk/snap/c1/1677895200.c1.snap.jpg,0.6134929
2023-03-04 02:30:00,/Volumes/Argus/unk/snap/c1/1677897000.c1.snap.jpg,0.7456255
2023-03-04 03:00:00,/Volumes/Argus/unk/snap/c1/1677898800.c1.snap.jpg,0.8229976
2023-03-04 16:30:00,/Volumes/Argus/unk/snap/c1/1677947400.c1.snap.jpg,0.9053968
2023-03-04 17:00:00,/Volumes/Argus/unk/snap/c1/1677949200.c1.snap.jpg,1.2146448
2023-03-04 17:30:00,/Volumes/Argus/unk/snap/c1/1677951000.c1.snap.jpg,0.6897912
2023-03-04 18:00:00,/Volumes/Argus/unk/snap/c1/1677952800.c1.snap.jpg,0.47756255
2023-03-04 18:30:00,/Volumes/Argus/unk/snap/c1/1677954600.c1.snap.jpg,0.8866049
2023-03-04 19:00:00,/Volumes/Argus/unk/snap/c1/1677956400.c1.snap.jpg,0.4973997
2023-03-04 19:30:00,/Volumes/Argus/unk/snap/c1/1677958200.c1.snap.jpg,0.5734446
2023-03-04 20:00:00,/Volumes/Argus/unk/snap/c1/1677960000.c1.snap.jpg,0.6545515
2023-03-04 20:30:00,/Volumes/Argus/unk/snap/c1/1677961800.c1.snap.jpg,0.697495
2023-03-04 21:00:00,/Volumes/Argus/unk/snap/c1/1677963600.c1.snap.jpg,0.64502496
2023-03-04 21:30:00,/Volumes/Argus/unk/snap/c1/1677965400.c1.snap.jpg,0.63853824
2023-03-04 22:00:00,/Volumes/Argus/unk/snap/c1/1677967200.c1.snap.jpg,0.5403035
2023-03-04 22:30:00,/Volumes/Argus/unk/snap/c1/1677969000.c1.snap.jpg,0.5420194
2023-03-04 23:00:00,/Volumes/Argus/unk/snap/c1/1677970800.c1.snap.jpg,0.703523
2023-03-04 23:30:00,/Volumes/Argus/unk/snap/c1/1677972600.c1.snap.jpg,0.6160054
2023-03-05 00:00:00,/Volumes/Argus/unk/snap/c1/1677974400.c1.snap.jpg,0.6265841
2023-03-05 00:30:00,/Volumes/Argus/unk/snap/c1/1677976200.c1.snap.jpg,0.65868294
2023-03-05 01:30:00,/Volumes/Argus/unk/snap/c1/1677979800.c1.snap.jpg,0.61665475
2023-03-05 02:00:00,/Volumes/Argus/unk/snap/c1/1677981600.c1.snap.jpg,0.6275167
2023-03-05 02:30:00,/Volumes/Argus/unk/snap/c1/1677983400.c1.snap.jpg,0.8551882
2023-03-05 03:00:00,/Volumes/Argus/unk/snap/c1/1677985200.c1.snap.jpg,0.6517026
2023-03-05 03:30:00,/Volumes/Argus/unk/snap/c1/1677987000.c1.snap.jpg,0.6804892
2023-03-05 04:00:00,/Volumes/Argus/unk/snap/c1/1677988800.c1.snap.jpg,0.7641228
2023-03-05 18:00:00,/Volumes/Argus/unk/snap/c1/1678039200.c1.snap.jpg,0.96316195
2023-03-05 18:30:00,/Volumes/Argus/unk/snap/c1/1678041000.c1.snap.jpg,0.9284576
2023-03-05 19:00:00,/Volumes/Argus/unk/snap/c1/1678042800.c1.snap.jpg,0.89284396
2023-03-05 19:30:00,/Volumes/Argus/unk/snap/c1/1678044600.c1.snap.jpg,0.7299199
2023-03-05 20:00:00,/Volumes/Argus/unk/snap/c1/1678046400.c1.snap.jpg,0.7982341
2023-03-05 20:30:00,/Volumes/Argus/unk/snap/c1/1678048200.c1.snap.jpg,0.9211939
2023-03-05 21:00:00,/Volumes/Argus/unk/snap/c1/1678050000.c1.snap.jpg,0.8724951
2023-03-05 21:30:00,/Volumes/Argus/unk/snap/c1/1678051800.c1.snap.jpg,0.9462893
2023-03-05 22:00:00,/Volumes/Argus/unk/snap/c1/1678053600.c1.snap.jpg,0.9632161
2023-03-05 22:30:00,/Volumes/Argus/unk/snap/c1/1678055400.c1.snap.jpg,0.8171938
2023-03-05 23:00:00,/Volumes/Argus/unk/snap/c1/1678057200.c1.snap.jpg,0.97999865
2023-03-05 23:30:00,/Volumes/Argus/unk/snap/c1/1678059000.c1.snap.jpg,0.8444039
2023-03-06 00:00:00,/Volumes/Argus/unk/snap/c1/1678060800.c1.snap.jpg,0.88923645
2023-03-06 00:30:00,/Volumes/Argus/unk/snap/c1/1678062600.c1.snap.jpg,0.96127504
2023-03-06 01:00:00,/Volumes/Argus/unk/snap/c1/1678064400.c1.snap.jpg,0.91705894
2023-03-06 01:30:00,/Volumes/Argus/unk/snap/c1/1678066200.c1.snap.jpg,0.89737904
2023-03-06 02:00:00,/Volumes/Argus/unk/snap/c1/1678068000.c1.snap.jpg,0.80045336
2023-03-06 02:30:00,/Volumes/Argus/unk/snap/c1/1678069800.c1.snap.jpg,0.7815838
2023-03-06 04:00:00,/Volumes/Argus/unk/snap/c1/1678075200.c1.snap.jpg,0.78241503
2023-03-06 16:30:00,/Volumes/Argus/unk/snap/c1/1678120200.c1.snap.jpg,0.831084
2023-03-06 17:00:00,/Volumes/Argus/unk/snap/c1/1678122000.c1.snap.jpg,0.8890307
2023-03-06 17:30:00,/Volumes/Argus/unk/snap/c1/1678123800.c1.snap.jpg,0.84717786
2023-03-06 18:30:00,/Volumes/Argus/unk/snap/c1/1678127400.c1.snap.jpg,0.8141898
2023-03-06 19:00:00,/Volumes/Argus/unk/snap/c1/1678129200.c1.snap.jpg,0.87962425
2023-03-06 19:30:00,/Volumes/Argus/unk/snap/c1/1678131000.c1.snap.jpg,0.8585828
2023-03-06 20:00:00,/Volumes/Argus/unk/snap/c1/1678132800.c1.snap.jpg,0.8598722
2023-03-06 20:30:00,/Volumes/Argus/unk/snap/c1/1678134600.c1.snap.jpg,0.88446194
2023-03-06 21:00:00,/Volumes/Argus/unk/snap/c1/1678136400.c1.snap.jpg,0.9571217
2023-03-06 21:30:00,/Volumes/Argus/unk/snap/c1/1678138200.c1.snap.jpg,0.94782186
2023-03-06 22:00:00,/Volumes/Argus/unk/snap/c1/1678140000.c1.snap.jpg,0.9444528
2023-03-06 22:30:00,/Volumes/Argus/unk/snap/c1/1678141800.c1.snap.jpg,0.94467986
2023-03-06 23:00:00,/Volumes/Argus/unk/snap/c1/1678143600.c1.snap.jpg,0.88281035
2023-03-06 23:30:00,/Volumes/Argus/unk/snap/c1/1678145400.c1.snap.jpg,0.7946942
2023-03-07 00:00:00,/Volumes/Argus/unk/snap/c1/1678147200.c1.snap.jpg,0.85577065
2023-03-07 00:30:00,/Volumes/Argus/unk/snap/c1/1678149000.c1.snap.jpg,0.85589355
2023-03-07 01:00:00,/Volumes/Argus/unk/snap/c1/1678150800.c1.snap.jpg,0.8544395
2023-03-07 01:30:00,/Volumes/Argus/unk/snap/c1/1678152600.c1.snap.jpg,0.89789784
2023-03-07 02:00:00,/Volumes/Argus/unk/snap/c1/1678154400.c1.snap.jpg,0.82486904
2023-03-07 03:00:00,/Volumes/Argus/unk/snap/c1/1678158000.c1.snap.jpg,0.85280275
2023-03-07 03:30:00,/Volumes/Argus/unk/snap/c1/1678159800.c1.snap.jpg,0.8245368
2023-03-07 04:00:00,/Volumes/Argus/unk/snap/c1/1678161600.c1.snap.jpg,0.7461816
2023-03-07 16:30:00,/Volumes/Argus/unk/snap/c1/1678206600.c1.snap.jpg,0.95452094
2023-03-07 17:00:00,/Volumes/Argus/unk/snap/c1/1678208400.c1.snap.jpg,0.8615726
2023-03-07 17:30:00,/Volumes/Argus/unk/snap/c1/1678210200.c1.snap.jpg,0.71388507
2023-03-07 18:00:00,/Volumes/Argus/unk/snap/c1/1678212000.c1.snap.jpg,0.90631664
2023-03-07 18:30:00,/Volumes/Argus/unk/snap/c1/1678213800.c1.snap.jpg,0.8298297
2023-03-07 19:00:00,/Volumes/Argus/unk/snap/c1/1678215600.c1.snap.jpg,0.7991508
2023-03-07 19:30:00,/Volumes/Argus/unk/snap/c1/1678217400.c1.snap.jpg,0.8336291
2023-03-07 20:00:00,/Volumes/Argus/unk/snap/c1/1678219200.c1.snap.jpg,0.8813026
2023-03-07 20:30:00,/Volumes/Argus/unk/snap/c1/1678221000.c1.snap.jpg,0.817168
2023-03-07 21:00:00,/Volumes/Argus/unk/snap/c1/1678222800.c1.snap.jpg,0.8681754
2023-03-07 21:30:00,/Volumes/Argus/unk/snap/c1/1678224600.c1.snap.jpg,0.8019097
2023-03-07 22:00:00,/Volumes/Argus/unk/snap/c1/1678226400.c1.snap.jpg,0.80679035
2023-03-07 23:00:00,/Volumes/Argus/unk/snap/c1/1678230000.c1.snap.jpg,0.686468
2023-03-07 23:30:00,/Volumes/Argus/unk/snap/c1/1678231800.c1.snap.jpg,0.77938795
2023-03-08 00:00:00,/Volumes/Argus/unk/snap/c1/1678233600.c1.snap.jpg,0.8448852
2023-03-08 00:30:00,/Volumes/Argus/unk/snap/c1/1678235400.c1.snap.jpg,0.707633
2023-03-08 01:00:00,/Volumes/Argus/unk/snap/c1/1678237200.c1.snap.jpg,0.6490809
2023-03-08 01:30:00,/Volumes/Argus/unk/snap/c1/1678239000.c1.snap.jpg,0.62346125
2023-03-08 02:00:00,/Volumes/Argus/unk/snap/c1/1678240800.c1.snap.jpg,0.61252934
2023-03-08 03:00:00,/Volumes/Argus/unk/snap/c1/1678244400.c1.snap.jpg,0.6539796
2023-03-08 03:30:00,/Volumes/Argus/unk/snap/c1/1678246200.c1.snap.jpg,0.60778797
2023-03-08 04:00:00,/Volumes/Argus/unk/snap/c1/1678248000.c1.snap.jpg,0.5583124
2023-03-08 16:30:00,/Volumes/Argus/unk/snap/c1/1678293000.c1.snap.jpg,1.0166163
2023-03-08 17:30:00,/Volumes/Argus/unk/snap/c1/1678296600.c1.snap.jpg,0.8688921
2023-03-08 18:00:00,/Volumes/Argus/unk/snap/c1/1678298400.c1.snap.jpg,0.9311079
2023-03-08 18:30:00,/Volumes/Argus/unk/snap/c1/1678300200.c1.snap.jpg,0.69685656
2023-03-08 19:00:00,/Volumes/Argus/unk/snap/c1/1678302000.c1.snap.jpg,0.7302121
2023-03-08 19:30:00,/Volumes/Argus/unk/snap/c1/1678303800.c1.snap.jpg,1.0855565
2023-03-08 20:00:00,/Volumes/Argus/unk/snap/c1/1678305600.c1.snap.jpg,1.0991492
2023-03-08 20:30:00,/Volumes/Argus/unk/snap/c1/1678307400.c1.snap.jpg,1.0683126
2023-03-08 21:00:00,/Volumes/Argus/unk/snap/c1/1678309200.c1.snap.jpg,1.0727142
2023-03-08 21:30:00,/Volumes/Argus/unk/snap/c1/1678311000.c1.snap.jpg,1.0275143
2023-03-08 22:00:00,/Volumes/Argus/unk/snap/c1/1678312800.c1.snap.jpg,1.082701
2023-03-08 22:30:00,/Volumes/Argus/unk/snap/c1/1678314600.c1.snap.jpg,1.0721537
2023-03-08 23:00:00,/Volumes/Argus/unk/snap/c1/1678316400.c1.snap.jpg,1.0520236
2023-03-09 00:00:00,/Volumes/Argus/unk/snap/c1/1678320000.c1.snap.jpg,1.1954335
2023-03-09 00:30:00,/Volumes/Argus/unk/snap/c1/1678321800.c1.snap.jpg,1.1659372
2023-03-09 01:00:00,/Volumes/Argus/unk/snap/c1/1678323600.c1.snap.jpg,1.162237
2023-03-09 01:30:00,/Volumes/Argus/unk/snap/c1/1678325400.c1.snap.jpg,1.0839615
2023-03-09 02:00:00,/Volumes/Argus/unk/snap/c1/1678327200.c1.snap.jpg,1.0912216
2023-03-09 03:30:00,/Volumes/Argus/unk/snap/c1/1678332600.c1.snap.jpg,1.0405357
2023-03-09 04:00:00,/Volumes/Argus/unk/snap/c1/1678334400.c1.snap.jpg,1.022739
2023-03-09 16:30:00,/Volumes/Argus/unk/snap/c1/1678379400.c1.snap.jpg,1.0399091
2023-03-09 17:00:00,/Volumes/Argus/unk/snap/c1/1678381200.c1.snap.jpg,0.9561169
2023-03-09 17:30:00,/Volumes/Argus/unk/snap/c1/1678383000.c1.snap.jpg,0.8730435
2023-03-09 18:00:00,/Volumes/Argus/unk/snap/c1/1678384800.c1.snap.jpg,0.91656697
2023-03-09 18:30:00,/Volumes/Argus/unk/snap/c1/1678386600.c1.snap.jpg,0.801265
2023-03-09 19:00:00,/Volumes/Argus/unk/snap/c1/1678388400.c1.snap.jpg,0.9044302
2023-03-09 19:30:00,/Volumes/Argus/unk/snap/c1/1678390200.c1.snap.jpg,0.9100427
2023-03-09 21:30:00,/Volumes/Argus/unk/snap/c1/1678397400.c1.snap.jpg,0.8923684
2023-03-09 22:00:00,/Volumes/Argus/unk/snap/c1/1678399200.c1.snap.jpg,0.91659653
2023-03-09 22:30:00,/Volumes/Argus/unk/snap/c1/1678401000.c1.snap.jpg,0.9022845
2023-03-09 23:00:00,/Volumes/Argus/unk/snap/c1/1678402800.c1.snap.jpg,0.89935315
2023-03-09 23:30:00,/Volumes/Argus/unk/snap/c1/1678404600.c1.snap.jpg,0.8950772
2023-03-10 01:00:00,/Volumes/Argus/unk/snap/c1/1678410000.c1.snap.jpg,0.8202255
2023-03-10 01:30:00,/Volumes/Argus/unk/snap/c1/1678411800.c1.snap.jpg,0.8239924
2023-03-10 02:00:00,/Volumes/Argus/unk/snap/c1/1678413600.c1.snap.jpg,0.7280096
2023-03-10 03:00:00,/Volumes/Argus/unk/snap/c1/1678417200.c1.snap.jpg,0.6598158
2023-03-10 03:30:00,/Volumes/Argus/unk/snap/c1/1678419000.c1.snap.jpg,0.66489697
2023-03-10 04:00:00,/Volumes/Argus/unk/snap/c1/1678420800.c1.snap.jpg,0.5840679
2023-03-10 16:30:00,/Volumes/Argus/unk/snap/c1/1678465800.c1.snap.jpg,0.91862726
2023-03-10 17:00:00,/Volumes/Argus/unk/snap/c1/1678467600.c1.snap.jpg,0.9664583
2023-03-10 17:30:00,/Volumes/Argus/unk/snap/c1/1678469400.c1.snap.jpg,0.8318901
2023-03-10 18:30:00,/Volumes/Argus/unk/snap/c1/1678473000.c1.snap.jpg,0.7564092
2023-03-10 19:00:00,/Volumes/Argus/unk/snap/c1/1678474800.c1.snap.jpg,0.63884205
2023-03-10 19:30:00,/Volumes/Argus/unk/snap/c1/1678476600.c1.snap.jpg,0.7325609
2023-03-10 20:00:00,/Volumes/Argus/unk/snap/c1/1678478400.c1.snap.jpg,0.7045317
2023-03-10 20:30:00,/Volumes/Argus/unk/snap/c1/1678480200.c1.snap.jpg,0.9199417
2023-03-10 21:00:00,/Volumes/Argus/unk/snap/c1/1678482000.c1.snap.jpg,0.8909366
2023-03-10 21:30:00,/Volumes/Argus/unk/snap/c1/1678483800.c1.snap.jpg,0.8105752
2023-03-10 22:00:00,/Volumes/Argus/unk/snap/c1/1678485600.c1.snap.jpg,1.0037591
2023-03-10 22:30:00,/Volumes/Argus/unk/snap/c1/1678487400.c1.snap.jpg,0.8936628
2023-03-10 23:00:00,/Volumes/Argus/unk/snap/c1/1678489200.c1.snap.jpg,0.8663255
2023-03-10 23:30:00,/Volumes/Argus/unk/snap/c1/1678491000.c1.snap.jpg,0.8551583
2023-03-11 00:00:00,/Volumes/Argus/unk/snap/c1/1678492800.c1.snap.jpg,0.978516
2023-03-11 00:30:00,/Volumes/Argus/unk/snap/c1/1678494600.c1.snap.jpg,0.76855385
2023-03-11 01:00:00,/Volumes/Argus/unk/snap/c1/1678496400.c1.snap.jpg,0.79577065
2023-03-11 01:30:00,/Volumes/Argus/unk/snap/c1/1678498200.c1.snap.jpg,0.99218833
2023-03-11 02:00:00,/Volumes/Argus/unk/snap/c1/1678500000.c1.snap.jpg,0.72161674
2023-03-11 02:30:00,/Volumes/Argus/unk/snap/c1/1678501800.c1.snap.jpg,0.70150334
2023-03-11 03:30:00,/Volumes/Argus/unk/snap/c1/1678505400.c1.snap.jpg,0.65351295
2023-03-11 04:30:00,/Volumes/Argus/unk/snap/c1/1678509000.c1.snap.jpg,0.82221574
2023-03-11 05:00:00,/Volumes/Argus/unk/snap/c1/1678510800.c1.snap.jpg,0.84278244
2023-03-11 16:30:00,/Volumes/Argus/unk/snap/c1/1678552200.c1.snap.jpg,0.72055846
2023-03-11 17:00:00,/Volumes/Argus/unk/snap/c1/1678554000.c1.snap.jpg,0.8273482
2023-03-11 17:30:00,/Volumes/Argus/unk/snap/c1/1678555800.c1.snap.jpg,0.8014787
2023-03-11 18:00:00,/Volumes/Argus/unk/snap/c1/1678557600.c1.snap.jpg,0.60949326
2023-03-11 18:30:00,/Volumes/Argus/unk/snap/c1/1678559400.c1.snap.jpg,0.45604146
2023-03-11 19:30:00,/Volumes/Argus/unk/snap/c1/1678563000.c1.snap.jpg,0.5719812
2023-03-11 20:00:00,/Volumes/Argus/unk/snap/c1/1678564800.c1.snap.jpg,0.55600804
2023-03-11 20:30:00,/Volumes/Argus/unk/snap/c1/1678566600.c1.snap.jpg,0.5976418
2023-03-11 21:00:00,/Volumes/Argus/unk/snap/c1/1678568400.c1.snap.jpg,0.65897876
2023-03-11 21:30:00,/Volumes/Argus/unk/snap/c1/1678570200.c1.snap.jpg,0.7167314
2023-03-11 22:00:00,/Volumes/Argus/unk/snap/c1/1678572000.c1.snap.jpg,0.78502524
2023-03-11 22:30:00,/Volumes/Argus/unk/snap/c1/1678573800.c1.snap.jpg,0.74514383
2023-03-11 23:00:00,/Volumes/Argus/unk/snap/c1/1678575600.c1.snap.jpg,0.720861
2023-03-11 23:30:00,/Volumes/Argus/unk/snap/c1/1678577400.c1.snap.jpg,0.6531037
2023-03-12 00:00:00,/Volumes/Argus/unk/snap/c1/1678579200.c1.snap.jpg,0.5853421
2023-03-12 00:30:00,/Volumes/Argus/unk/snap/c1/1678581000.c1.snap.jpg,0.5615595
2023-03-12 01:00:00,/Volumes/Argus/unk/snap/c1/1678582800.c1.snap.jpg,0.86975396
2023-03-12 01:30:00,/Volumes/Argus/unk/snap/c1/1678584600.c1.snap.jpg,0.6642676
2023-03-12 02:00:00,/Volumes/Argus/unk/snap/c1/1678586400.c1.snap.jpg,0.72619724
2023-03-12 03:00:00,/Volumes/Argus/unk/snap/c1/1678590000.c1.snap.jpg,0.7482838
2023-03-12 03:30:00,/Volumes/Argus/unk/snap/c1/1678591800.c1.snap.jpg,0.856689
2023-03-12 04:00:00,/Volumes/Argus/unk/snap/c1/1678593600.c1.snap.jpg,0.9388002
2023-03-12 04:30:00,/Volumes/Argus/unk/snap/c1/1678595400.c1.snap.jpg,0.6241109
2023-03-12 05:00:00,/Volumes/Argus/unk/snap/c1/1678597200.c1.snap.jpg,0.6793506
2023-03-12 16:30:00,/Volumes/Argus/unk/snap/c1/1678638600.c1.snap.jpg,0.7194188
2023-03-12 17:00:00,/Volumes/Argus/unk/snap/c1/1678640400.c1.snap.jpg,0.6981437
2023-03-12 17:30:00,/Volumes/Argus/unk/snap/c1/1678642200.c1.snap.jpg,0.8553395
2023-03-12 18:00:00,/Volumes/Argus/unk/snap/c1/1678644000.c1.snap.jpg,0.5831232
2023-03-12 18:30:00,/Volumes/Argus/unk/snap/c1/1678645800.c1.snap.jpg,0.560438
2023-03-12 19:00:00,/Volumes/Argus/unk/snap/c1/1678647600.c1.snap.jpg,0.5350834
2023-03-12 19:30:00,/Volumes/Argus/unk/snap/c1/1678649400.c1.snap.jpg,0.604069
2023-03-12 20:30:00,/Volumes/Argus/unk/snap/c1/1678653000.c1.snap.jpg,0.6047424
2023-03-12 21:00:00,/Volumes/Argus/unk/snap/c1/1678654800.c1.snap.jpg,0.65045273
2023-03-12 21:30:00,/Volumes/Argus/unk/snap/c1/1678656600.c1.snap.jpg,0.7054731
2023-03-12 22:00:00,/Volumes/Argus/unk/snap/c1/1678658400.c1.snap.jpg,0.7600228
2023-03-12 22:30:00,/Volumes/Argus/unk/snap/c1/1678660200.c1.snap.jpg,0.79620814
2023-03-12 23:00:00,/Volumes/Argus/unk/snap/c1/1678662000.c1.snap.jpg,0.72541666
2023-03-12 23:30:00,/Volumes/Argus/unk/snap/c1/1678663800.c1.snap.jpg,0.69072133
2023-03-13 00:00:00,/Volumes/Argus/unk/snap/c1/1678665600.c1.snap.jpg,0.6312236
2023-03-13 00:30:00,/Volumes/Argus/unk/snap/c1/1678667400.c1.snap.jpg,0.58237016
2023-03-13 01:00:00,/Volumes/Argus/unk/snap/c1/1678669200.c1.snap.jpg,0.6262481
2023-03-13 01:30:00,/Volumes/Argus/unk/snap/c1/1678671000.c1.snap.jpg,0.63523245
2023-03-13 02:00:00,/Volumes/Argus/unk/snap/c1/1678672800.c1.snap.jpg,0.67636377
2023-03-13 03:00:00,/Volumes/Argus/unk/snap/c1/1678676400.c1.snap.jpg,0.8483639
2023-03-13 03:30:00,/Volumes/Argus/unk/snap/c1/1678678200.c1.snap.jpg,0.91301227
2023-03-13 04:00:00,/Volumes/Argus/unk/snap/c1/1678680000.c1.snap.jpg,0.8768797
2023-03-13 04:30:00,/Volumes/Argus/unk/snap/c1/1678681800.c1.snap.jpg,1.1409256
2023-03-13 05:00:00,/Volumes/Argus/unk/snap/c1/1678683600.c1.snap.jpg,1.1362685
2023-03-14 16:30:00,/Volumes/Argus/unk/snap/c1/1678811400.c1.snap.jpg,0.71991354
2023-03-14 17:00:00,/Volumes/Argus/unk/snap/c1/1678813200.c1.snap.jpg,0.71074176
2023-03-14 17:30:00,/Volumes/Argus/unk/snap/c1/1678815000.c1.snap.jpg,0.6591615
2023-03-14 18:00:00,/Volumes/Argus/unk/snap/c1/1678816800.c1.snap.jpg,0.54120237
2023-03-14 18:30:00,/Volumes/Argus/unk/snap/c1/1678818600.c1.snap.jpg,0.49900845
2023-03-14 19:00:00,/Volumes/Argus/unk/snap/c1/1678820400.c1.snap.jpg,0.5213601
2023-03-14 19:30:00,/Volumes/Argus/unk/snap/c1/1678822200.c1.snap.jpg,0.5881877
2023-03-14 20:00:00,/Volumes/Argus/unk/snap/c1/1678824000.c1.snap.jpg,0.617463
2023-03-14 20:30:00,/Volumes/Argus/unk/snap/c1/1678825800.c1.snap.jpg,0.63360065
2023-03-14 21:00:00,/Volumes/Argus/unk/snap/c1/1678827600.c1.snap.jpg,0.6697742
2023-03-14 21:30:00,/Volumes/Argus/unk/snap/c1/1678829400.c1.snap.jpg,0.7103612
2023-03-14 22:00:00,/Volumes/Argus/unk/snap/c1/1678831200.c1.snap.jpg,0.7048594
2023-03-14 22:30:00,/Volumes/Argus/unk/snap/c1/1678833000.c1.snap.jpg,0.7491826
2023-03-14 23:00:00,/Volumes/Argus/unk/snap/c1/1678834800.c1.snap.jpg,0.68053997
2023-03-14 23:30:00,/Volumes/Argus/unk/snap/c1/1678836600.c1.snap.jpg,0.7491654
2023-03-15 00:00:00,/Volumes/Argus/unk/snap/c1/1678838400.c1.snap.jpg,0.7322207
2023-03-15 00:30:00,/Volumes/Argus/unk/snap/c1/1678840200.c1.snap.jpg,0.7429916
2023-03-15 01:00:00,/Volumes/Argus/unk/snap/c1/1678842000.c1.snap.jpg,0.7513015
2023-03-15 01:30:00,/Volumes/Argus/unk/snap/c1/1678843800.c1.snap.jpg,0.70834005
2023-03-15 02:00:00,/Volumes/Argus/unk/snap/c1/1678845600.c1.snap.jpg,0.68495095
2023-03-15 03:00:00,/Volumes/Argus/unk/snap/c1/1678849200.c1.snap.jpg,0.8463347
2023-03-15 03:30:00,/Volumes/Argus/unk/snap/c1/1678851000.c1.snap.jpg,0.8617516
2023-03-15 04:00:00,/Volumes/Argus/unk/snap/c1/1678852800.c1.snap.jpg,0.9817835
2023-03-15 04:30:00,/Volumes/Argus/unk/snap/c1/1678854600.c1.snap.jpg,1.0868531
2023-03-15 05:00:00,/Volumes/Argus/unk/snap/c1/1678856400.c1.snap.jpg,1.033164
2023-03-16 16:30:00,/Volumes/Argus/unk/snap/c1/1678984200.c1.snap.jpg,0.58174205
2023-03-16 17:00:00,/Volumes/Argus/unk/snap/c1/1678986000.c1.snap.jpg,0.7227651
2023-03-16 17:30:00,/Volumes/Argus/unk/snap/c1/1678987800.c1.snap.jpg,0.86310756
2023-03-16 18:00:00,/Volumes/Argus/unk/snap/c1/1678989600.c1.snap.jpg,0.6951319
2023-03-16 18:30:00,/Volumes/Argus/unk/snap/c1/1678991400.c1.snap.jpg,0.68196267
2023-03-16 19:00:00,/Volumes/Argus/unk/snap/c1/1678993200.c1.snap.jpg,0.60658103
2023-03-16 19:30:00,/Volumes/Argus/unk/snap/c1/1678995000.c1.snap.jpg,0.5510328
2023-03-16 20:00:00,/Volumes/Argus/unk/snap/c1/1678996800.c1.snap.jpg,0.5319601
2023-03-16 20:30:00,/Volumes/Argus/unk/snap/c1/1678998600.c1.snap.jpg,0.52164173
2023-03-16 21:30:00,/Volumes/Argus/unk/snap/c1/1679002200.c1.snap.jpg,0.5665948
2023-03-16 22:00:00,/Volumes/Argus/unk/snap/c1/1679004000.c1.snap.jpg,0.6284081
2023-03-16 23:00:00,/Volumes/Argus/unk/snap/c1/1679007600.c1.snap.jpg,0.5600356
2023-03-16 23:30:00,/Volumes/Argus/unk/snap/c1/1679009400.c1.snap.jpg,0.5150289
2023-03-17 00:00:00,/Volumes/Argus/unk/snap/c1/1679011200.c1.snap.jpg,0.499857
2023-03-17 00:30:00,/Volumes/Argus/unk/snap/c1/1679013000.c1.snap.jpg,0.5249221
2023-03-17 01:00:00,/Volumes/Argus/unk/snap/c1/1679014800.c1.snap.jpg,0.5758084
2023-03-17 01:30:00,/Volumes/Argus/unk/snap/c1/1679016600.c1.snap.jpg,0.61138046
2023-03-17 02:00:00,/Volumes/Argus/unk/snap/c1/1679018400.c1.snap.jpg,0.648693
2023-03-17 02:30:00,/Volumes/Argus/unk/snap/c1/1679020200.c1.snap.jpg,0.68425506
2023-03-17 03:00:00,/Volumes/Argus/unk/snap/c1/1679022000.c1.snap.jpg,0.76194876
2023-03-17 03:30:00,/Volumes/Argus/unk/snap/c1/1679023800.c1.snap.jpg,0.8335816
2023-03-17 04:00:00,/Volumes/Argus/unk/snap/c1/1679025600.c1.snap.jpg,0.95278996
2023-03-17 04:30:00,/Volumes/Argus/unk/snap/c1/1679027400.c1.snap.jpg,1.243625
2023-03-17 05:00:00,/Volumes/Argus/unk/snap/c1/1679029200.c1.snap.jpg,0.961633
2023-03-17 16:30:00,/Volumes/Argus/unk/snap/c1/1679070600.c1.snap.jpg,0.6319861
2023-03-17 18:30:00,/Volumes/Argus/unk/snap/c1/1679077800.c1.snap.jpg,0.61474204
2023-03-17 19:00:00,/Volumes/Argus/unk/snap/c1/1679079600.c1.snap.jpg,0.5605693
2023-03-17 19:30:00,/Volumes/Argus/unk/snap/c1/1679081400.c1.snap.jpg,0.5413868
2023-03-17 20:00:00,/Volumes/Argus/unk/snap/c1/1679083200.c1.snap.jpg,0.5264319
2023-03-17 20:30:00,/Volumes/Argus/unk/snap/c1/1679085000.c1.snap.jpg,0.50577116
2023-03-17 21:00:00,/Volumes/Argus/unk/snap/c1/1679086800.c1.snap.jpg,0.50235933
2023-03-17 21:30:00,/Volumes/Argus/unk/snap/c1/1679088600.c1.snap.jpg,0.5241688
2023-03-17 22:00:00,/Volumes/Argus/unk/snap/c1/1679090400.c1.snap.jpg,0.5632974
2023-03-17 22:30:00,/Volumes/Argus/unk/snap/c1/1679092200.c1.snap.jpg,0.57727176
2023-03-17 23:00:00,/Volumes/Argus/unk/snap/c1/1679094000.c1.snap.jpg,0.5667165
2023-03-17 23:30:00,/Volumes/Argus/unk/snap/c1/1679095800.c1.snap.jpg,0.5599469
2023-03-18 00:00:00,/Volumes/Argus/unk/snap/c1/1679097600.c1.snap.jpg,0.5200584
2023-03-18 00:30:00,/Volumes/Argus/unk/snap/c1/1679099400.c1.snap.jpg,0.5571374
2023-03-18 01:00:00,/Volumes/Argus/unk/snap/c1/1679101200.c1.snap.jpg,0.59129786
2023-03-18 01:30:00,/Volumes/Argus/unk/snap/c1/1679103000.c1.snap.jpg,0.5911331
2023-03-18 02:00:00,/Volumes/Argus/unk/snap/c1/1679104800.c1.snap.jpg,0.599514
2023-03-18 02:30:00,/Volumes/Argus/unk/snap/c1/1679106600.c1.snap.jpg,0.6204319
2023-03-18 03:30:00,/Volumes/Argus/unk/snap/c1/1679110200.c1.snap.jpg,0.8111175
2023-03-18 04:00:00,/Volumes/Argus/unk/snap/c1/1679112000.c1.snap.jpg,0.93349826
2023-03-18 04:30:00,/Volumes/Argus/unk/snap/c1/1679113800.c1.snap.jpg,0.9698312
2023-03-18 05:00:00,/Volumes/Argus/unk/snap/c1/1679115600.c1.snap.jpg,0.99783194
2023-03-18 16:30:00,/Volumes/Argus/unk/snap/c1/1679157000.c1.snap.jpg,0.68617624
2023-03-18 17:00:00,/Volumes/Argus/unk/snap/c1/1679158800.c1.snap.jpg,0.5816105
2023-03-18 17:30:00,/Volumes/Argus/unk/snap/c1/1679160600.c1.snap.jpg,0.6910607
2023-03-18 18:00:00,/Volumes/Argus/unk/snap/c1/1679162400.c1.snap.jpg,0.6313973
2023-03-18 19:00:00,/Volumes/Argus/unk/snap/c1/1679166000.c1.snap.jpg,0.58555585
2023-03-18 19:30:00,/Volumes/Argus/unk/snap/c1/1679167800.c1.snap.jpg,0.6115384
2023-03-18 20:00:00,/Volumes/Argus/unk/snap/c1/1679169600.c1.snap.jpg,0.55232644
2023-03-18 20:30:00,/Volumes/Argus/unk/snap/c1/1679171400.c1.snap.jpg,0.5808599
2023-03-18 21:00:00,/Volumes/Argus/unk/snap/c1/1679173200.c1.snap.jpg,0.6411171
2023-03-18 21:30:00,/Volumes/Argus/unk/snap/c1/1679175000.c1.snap.jpg,0.58213484
2023-03-18 22:00:00,/Volumes/Argus/unk/snap/c1/1679176800.c1.snap.jpg,0.6618382
2023-03-18 22:30:00,/Volumes/Argus/unk/snap/c1/1679178600.c1.snap.jpg,0.6168868
2023-03-18 23:00:00,/Volumes/Argus/unk/snap/c1/1679180400.c1.snap.jpg,0.6463906
2023-03-18 23:30:00,/Volumes/Argus/unk/snap/c1/1679182200.c1.snap.jpg,0.6388644
2023-03-19 00:00:00,/Volumes/Argus/unk/snap/c1/1679184000.c1.snap.jpg,0.64539975
2023-03-19 00:30:00,/Volumes/Argus/unk/snap/c1/1679185800.c1.snap.jpg,0.6079916
2023-03-19 01:00:00,/Volumes/Argus/unk/snap/c1/1679187600.c1.snap.jpg,0.6207795
2023-03-19 01:30:00,/Volumes/Argus/unk/snap/c1/1679189400.c1.snap.jpg,0.5948209
2023-03-19 02:00:00,/Volumes/Argus/unk/snap/c1/1679191200.c1.snap.jpg,0.64064085
2023-03-19 03:00:00,/Volumes/Argus/unk/snap/c1/1679194800.c1.snap.jpg,0.80413103
2023-03-19 03:30:00,/Volumes/Argus/unk/snap/c1/1679196600.c1.snap.jpg,0.7620984
2023-03-19 04:00:00,/Volumes/Argus/unk/snap/c1/1679198400.c1.snap.jpg,0.8460403
2023-03-19 04:30:00,/Volumes/Argus/unk/snap/c1/1679200200.c1.snap.jpg,0.94593763
2023-03-19 21:00:00,/Volumes/Argus/unk/snap/c1/1679259600.c1.snap.jpg,0.52829003
2023-03-19 21:30:00,/Volumes/Argus/unk/snap/c1/1679261400.c1.snap.jpg,0.56848514
2023-03-19 22:00:00,/Volumes/Argus/unk/snap/c1/1679263200.c1.snap.jpg,0.61113966
2023-03-19 22:30:00,/Volumes/Argus/unk/snap/c1/1679265000.c1.snap.jpg,0.60988253
2023-03-19 23:00:00,/Volumes/Argus/unk/snap/c1/1679266800.c1.snap.jpg,0.5807735
2023-03-19 23:30:00,/Volumes/Argus/unk/snap/c1/1679268600.c1.snap.jpg,0.5678406
2023-03-20 00:00:00,/Volumes/Argus/unk/snap/c1/1679270400.c1.snap.jpg,0.58884776
2023-03-20 00:30:00,/Volumes/Argus/unk/snap/c1/1679272200.c1.snap.jpg,0.5967234
2023-03-20 01:00:00,/Volumes/Argus/unk/snap/c1/1679274000.c1.snap.jpg,0.62724715
2023-03-20 01:30:00,/Volumes/Argus/unk/snap/c1/1679275800.c1.snap.jpg,0.6872519
2023-03-20 02:00:00,/Volumes/Argus/unk/snap/c1/1679277600.c1.snap.jpg,0.71571004
2023-03-20 02:30:00,/Volumes/Argus/unk/snap/c1/1679279400.c1.snap.jpg,0.75060755
2023-03-20 03:00:00,/Volumes/Argus/unk/snap/c1/1679281200.c1.snap.jpg,0.78759825
2023-03-20 03:30:00,/Volumes/Argus/unk/snap/c1/1679283000.c1.snap.jpg,0.7826941
2023-03-20 04:00:00,/Volumes/Argus/unk/snap/c1/1679284800.c1.snap.jpg,0.77807426
2023-03-20 04:30:00,/Volumes/Argus/unk/snap/c1/1679286600.c1.snap.jpg,0.7519678
2023-03-20 05:00:00,/Volumes/Argus/unk/snap/c1/1679288400.c1.snap.jpg,0.7512216
2023-03-20 16:30:00,/Volumes/Argus/unk/snap/c1/1679329800.c1.snap.jpg,0.8414613
2023-03-20 17:00:00,/Volumes/Argus/unk/snap/c1/1679331600.c1.snap.jpg,0.73401874
2023-03-20 17:30:00,/Volumes/Argus/unk/snap/c1/1679333400.c1.snap.jpg,0.697306
2023-03-20 18:00:00,/Volumes/Argus/unk/snap/c1/1679335200.c1.snap.jpg,0.758169
2023-03-20 18:30:00,/Volumes/Argus/unk/snap/c1/1679337000.c1.snap.jpg,0.80998755
2023-03-20 19:00:00,/Volumes/Argus/unk/snap/c1/1679338800.c1.snap.jpg,0.7000028
2023-03-20 19:30:00,/Volumes/Argus/unk/snap/c1/1679340600.c1.snap.jpg,0.76275355
2023-03-20 20:00:00,/Volumes/Argus/unk/snap/c1/1679342400.c1.snap.jpg,0.74175704
2023-03-20 20:30:00,/Volumes/Argus/unk/snap/c1/1679344200.c1.snap.jpg,0.6994792
2023-03-20 21:00:00,/Volumes/Argus/unk/snap/c1/1679346000.c1.snap.jpg,0.75864196
2023-03-20 21:30:00,/Volumes/Argus/unk/snap/c1/1679347800.c1.snap.jpg,0.74117655
2023-03-20 22:00:00,/Volumes/Argus/unk/snap/c1/1679349600.c1.snap.jpg,0.71178764
2023-03-20 22:30:00,/Volumes/Argus/unk/snap/c1/1679351400.c1.snap.jpg,0.76029474
2023-03-20 23:00:00,/Volumes/Argus/unk/snap/c1/1679353200.c1.snap.jpg,0.71127284
2023-03-20 23:30:00,/Volumes/Argus/unk/snap/c1/1679355000.c1.snap.jpg,0.7439403
2023-03-21 00:00:00,/Volumes/Argus/unk/snap/c1/1679356800.c1.snap.jpg,0.71045613
2023-03-21 00:30:00,/Volumes/Argus/unk/snap/c1/1679358600.c1.snap.jpg,0.7051215
2023-03-21 01:00:00,/Volumes/Argus/unk/snap/c1/1679360400.c1.snap.jpg,0.6951973
2023-03-21 01:30:00,/Volumes/Argus/unk/snap/c1/1679362200.c1.snap.jpg,0.7928299
2023-03-21 02:00:00,/Volumes/Argus/unk/snap/c1/1679364000.c1.snap.jpg,0.75215495
2023-03-21 02:30:00,/Volumes/Argus/unk/snap/c1/1679365800.c1.snap.jpg,0.7993728
2023-03-21 03:00:00,/Volumes/Argus/unk/snap/c1/1679367600.c1.snap.jpg,0.75742984
2023-03-21 03:30:00,/Volumes/Argus/unk/snap/c1/1679369400.c1.snap.jpg,0.65474814
2023-03-21 04:00:00,/Volumes/Argus/unk/snap/c1/1679371200.c1.snap.jpg,0.60764545
2023-03-21 04:30:00,/Volumes/Argus/unk/snap/c1/1679373000.c1.snap.jpg,0.6239668
2023-03-21 05:00:00,/Volumes/Argus/unk/snap/c1/1679374800.c1.snap.jpg,0.61047643
2023-03-21 16:30:00,/Volumes/Argus/unk/snap/c1/1679416200.c1.snap.jpg,0.85570776
2023-03-21 17:00:00,/Volumes/Argus/unk/snap/c1/1679418000.c1.snap.jpg,0.79107517
2023-03-21 17:30:00,/Volumes/Argus/unk/snap/c1/1679419800.c1.snap.jpg,0.7690183
2023-03-21 18:00:00,/Volumes/Argus/unk/snap/c1/1679421600.c1.snap.jpg,0.79381603
2023-03-21 18:30:00,/Volumes/Argus/unk/snap/c1/1679423400.c1.snap.jpg,0.73447126
2023-03-21 19:00:00,/Volumes/Argus/unk/snap/c1/1679425200.c1.snap.jpg,0.76167196
2023-03-21 19:30:00,/Volumes/Argus/unk/snap/c1/1679427000.c1.snap.jpg,0.81786644
2023-03-21 20:00:00,/Volumes/Argus/unk/snap/c1/1679428800.c1.snap.jpg,0.80525947
2023-03-21 20:30:00,/Volumes/Argus/unk/snap/c1/1679430600.c1.snap.jpg,0.806062
2023-03-21 21:00:00,/Volumes/Argus/unk/snap/c1/1679432400.c1.snap.jpg,0.8085331
2023-03-21 21:30:00,/Volumes/Argus/unk/snap/c1/1679434200.c1.snap.jpg,0.7648232
2023-03-21 22:00:00,/Volumes/Argus/unk/snap/c1/1679436000.c1.snap.jpg,0.77408785
2023-03-21 22:30:00,/Volumes/Argus/unk/snap/c1/1679437800.c1.snap.jpg,0.78608334
2023-03-21 23:00:00,/Volumes/Argus/unk/snap/c1/1679439600.c1.snap.jpg,0.7694484
2023-03-21 23:30:00,/Volumes/Argus/unk/snap/c1/1679441400.c1.snap.jpg,0.71683085
2023-03-22 00:00:00,/Volumes/Argus/unk/snap/c1/1679443200.c1.snap.jpg,0.7056384
2023-03-22 00:30:00,/Volumes/Argus/unk/snap/c1/1679445000.c1.snap.jpg,0.57487
2023-03-22 01:00:00,/Volumes/Argus/unk/snap/c1/1679446800.c1.snap.jpg,0.5974167
2023-03-22 01:30:00,/Volumes/Argus/unk/snap/c1/1679448600.c1.snap.jpg,0.5029167
2023-03-22 02:00:00,/Volumes/Argus/unk/snap/c1/1679450400.c1.snap.jpg,0.6373896
2023-03-22 02:30:00,/Volumes/Argus/unk/snap/c1/1679452200.c1.snap.jpg,0.53135824
2023-03-22 03:00:00,/Volumes/Argus/unk/snap/c1/1679454000.c1.snap.jpg,0.672349
2023-03-22 03:30:00,/Volumes/Argus/unk/snap/c1/1679455800.c1.snap.jpg,0.6415123
2023-03-22 04:00:00,/Volumes/Argus/unk/snap/c1/1679457600.c1.snap.jpg,0.5954377
2023-03-22 04:30:00,/Volumes/Argus/unk/snap/c1/1679459400.c1.snap.jpg,0.5577103
2023-03-22 05:00:00,/Volumes/Argus/unk/snap/c1/1679461200.c1.snap.jpg,0.72646797
2023-03-22 16:30:00,/Volumes/Argus/unk/snap/c1/1679502600.c1.snap.jpg,0.50338846
2023-03-22 17:00:00,/Volumes/Argus/unk/snap/c1/1679504400.c1.snap.jpg,0.5311141
2023-03-22 17:30:00,/Volumes/Argus/unk/snap/c1/1679506200.c1.snap.jpg,0.6538843
2023-03-22 18:00:00,/Volumes/Argus/unk/snap/c1/1679508000.c1.snap.jpg,0.61183256
2023-03-22 18:30:00,/Volumes/Argus/unk/snap/c1/1679509800.c1.snap.jpg,0.6793966
2023-03-22 19:00:00,/Volumes/Argus/unk/snap/c1/1679511600.c1.snap.jpg,0.74767566
2023-03-22 19:30:00,/Volumes/Argus/unk/snap/c1/1679513400.c1.snap.jpg,0.77456677
2023-03-22 20:00:00,/Volumes/Argus/unk/snap/c1/1679515200.c1.snap.jpg,0.55806553
2023-03-22 20:30:00,/Volumes/Argus/unk/snap/c1/1679517000.c1.snap.jpg,0.7413839
2023-03-22 21:00:00,/Volumes/Argus/unk/snap/c1/1679518800.c1.snap.jpg,0.7371367
2023-03-22 21:30:00,/Volumes/Argus/unk/snap/c1/1679520600.c1.snap.jpg,0.8029419
2023-03-22 22:00:00,/Volumes/Argus/unk/snap/c1/1679522400.c1.snap.jpg,0.72578204
2023-03-22 22:30:00,/Volumes/Argus/unk/snap/c1/1679524200.c1.snap.jpg,0.73167586
2023-03-22 23:00:00,/Volumes/Argus/unk/snap/c1/1679526000.c1.snap.jpg,0.6594286
2023-03-22 23:30:00,/Volumes/Argus/unk/snap/c1/1679527800.c1.snap.jpg,0.710845
2023-03-23 00:00:00,/Volumes/Argus/unk/snap/c1/1679529600.c1.snap.jpg,0.7024015
2023-03-23 00:30:00,/Volumes/Argus/unk/snap/c1/1679531400.c1.snap.jpg,0.7207398
2023-03-23 01:00:00,/Volumes/Argus/unk/snap/c1/1679533200.c1.snap.jpg,0.7862307
2023-03-23 01:30:00,/Volumes/Argus/unk/snap/c1/1679535000.c1.snap.jpg,0.8457538
2023-03-23 02:00:00,/Volumes/Argus/unk/snap/c1/1679536800.c1.snap.jpg,0.7303916
2023-03-23 02:30:00,/Volumes/Argus/unk/snap/c1/1679538600.c1.snap.jpg,0.7454764
2023-03-23 03:00:00,/Volumes/Argus/unk/snap/c1/1679540400.c1.snap.jpg,0.7273858
2023-03-23 03:30:00,/Volumes/Argus/unk/snap/c1/1679542200.c1.snap.jpg,0.73690104
2023-03-23 04:00:00,/Volumes/Argus/unk/snap/c1/1679544000.c1.snap.jpg,0.6091229
2023-03-23 04:30:00,/Volumes/Argus/unk/snap/c1/1679545800.c1.snap.jpg,0.64553046
2023-03-23 05:00:00,/Volumes/Argus/unk/snap/c1/1679547600.c1.snap.jpg,0.6333746
2023-03-23 05:30:00,/Volumes/Argus/unk/snap/c1/1679549400.c1.snap.jpg,0.65232956
2023-03-23 06:00:00,/Volumes/Argus/unk/snap/c1/1679551200.c1.snap.jpg,0.7547872
2023-03-23 16:30:00,/Volumes/Argus/unk/snap/c1/1679589000.c1.snap.jpg,0.87347084
2023-03-23 18:00:00,/Volumes/Argus/unk/snap/c1/1679594400.c1.snap.jpg,1.0125216
2023-03-23 18:30:00,/Volumes/Argus/unk/snap/c1/1679596200.c1.snap.jpg,0.7987416
2023-03-23 19:30:00,/Volumes/Argus/unk/snap/c1/1679599800.c1.snap.jpg,0.8338282
2023-03-23 20:00:00,/Volumes/Argus/unk/snap/c1/1679601600.c1.snap.jpg,0.82340896
2023-03-23 20:30:00,/Volumes/Argus/unk/snap/c1/1679603400.c1.snap.jpg,0.91975087
2023-03-23 21:00:00,/Volumes/Argus/unk/snap/c1/1679605200.c1.snap.jpg,0.9059103
2023-03-23 21:30:00,/Volumes/Argus/unk/snap/c1/1679607000.c1.snap.jpg,0.9032939
2023-03-23 22:00:00,/Volumes/Argus/unk/snap/c1/1679608800.c1.snap.jpg,0.84170276
2023-03-23 22:30:00,/Volumes/Argus/unk/snap/c1/1679610600.c1.snap.jpg,0.841598
2023-03-23 23:00:00,/Volumes/Argus/unk/snap/c1/1679612400.c1.snap.jpg,0.79606557
2023-03-23 23:30:00,/Volumes/Argus/unk/snap/c1/1679614200.c1.snap.jpg,0.8254174
2023-03-24 00:00:00,/Volumes/Argus/unk/snap/c1/1679616000.c1.snap.jpg,0.8334789
2023-03-24 00:30:00,/Volumes/Argus/unk/snap/c1/1679617800.c1.snap.jpg,0.7650024
2023-03-24 01:00:00,/Volumes/Argus/unk/snap/c1/1679619600.c1.snap.jpg,0.72417843
2023-03-24 01:30:00,/Volumes/Argus/unk/snap/c1/1679621400.c1.snap.jpg,0.7893108
2023-03-24 02:00:00,/Volumes/Argus/unk/snap/c1/1679623200.c1.snap.jpg,0.9346203
2023-03-24 03:00:00,/Volumes/Argus/unk/snap/c1/1679626800.c1.snap.jpg,0.7242272
2023-03-24 03:30:00,/Volumes/Argus/unk/snap/c1/1679628600.c1.snap.jpg,0.8255502
2023-03-24 04:00:00,/Volumes/Argus/unk/snap/c1/1679630400.c1.snap.jpg,0.61188966
2023-03-24 04:30:00,/Volumes/Argus/unk/snap/c1/1679632200.c1.snap.jpg,0.71519244
2023-03-24 05:00:00,/Volumes/Argus/unk/snap/c1/1679634000.c1.snap.jpg,0.80708593
2023-03-24 05:30:00,/Volumes/Argus/unk/snap/c1/1679635800.c1.snap.jpg,0.82343405
2023-03-24 06:00:00,/Volumes/Argus/unk/snap/c1/1679637600.c1.snap.jpg,0.76105803
2023-03-24 16:30:00,/Volumes/Argus/unk/snap/c1/1679675400.c1.snap.jpg,0.85186666
2023-03-24 17:00:00,/Volumes/Argus/unk/snap/c1/1679677200.c1.snap.jpg,0.9249108
2023-03-24 17:30:00,/Volumes/Argus/unk/snap/c1/1679679000.c1.snap.jpg,0.786625
2023-03-24 18:00:00,/Volumes/Argus/unk/snap/c1/1679680800.c1.snap.jpg,0.8736197
2023-03-24 18:30:00,/Volumes/Argus/unk/snap/c1/1679682600.c1.snap.jpg,0.7425331
2023-03-24 19:00:00,/Volumes/Argus/unk/snap/c1/1679684400.c1.snap.jpg,0.8220812
2023-03-24 19:30:00,/Volumes/Argus/unk/snap/c1/1679686200.c1.snap.jpg,0.5483345
2023-03-24 20:30:00,/Volumes/Argus/unk/snap/c1/1679689800.c1.snap.jpg,0.632756
2023-03-24 21:00:00,/Volumes/Argus/unk/snap/c1/1679691600.c1.snap.jpg,0.6225023
2023-03-24 21:30:00,/Volumes/Argus/unk/snap/c1/1679693400.c1.snap.jpg,0.7517581
2023-03-24 22:00:00,/Volumes/Argus/unk/snap/c1/1679695200.c1.snap.jpg,0.7397068
2023-03-24 22:30:00,/Volumes/Argus/unk/snap/c1/1679697000.c1.snap.jpg,0.677374
2023-03-24 23:00:00,/Volumes/Argus/unk/snap/c1/1679698800.c1.snap.jpg,0.6640215
2023-03-24 23:30:00,/Volumes/Argus/unk/snap/c1/1679700600.c1.snap.jpg,0.634816
2023-03-25 00:00:00,/Volumes/Argus/unk/snap/c1/1679702400.c1.snap.jpg,0.8563005
2023-03-25 00:30:00,/Volumes/Argus/unk/snap/c1/1679704200.c1.snap.jpg,0.65213054
2023-03-25 01:00:00,/Volumes/Argus/unk/snap/c1/1679706000.c1.snap.jpg,0.64256805
2023-03-25 01:30:00,/Volumes/Argus/unk/snap/c1/1679707800.c1.snap.jpg,0.63120043
2023-03-25 03:00:00,/Volumes/Argus/unk/snap/c1/1679713200.c1.snap.jpg,0.6047045
2023-03-25 03:30:00,/Volumes/Argus/unk/snap/c1/1679715000.c1.snap.jpg,0.70834374
2023-03-25 04:00:00,/Volumes/Argus/unk/snap/c1/1679716800.c1.snap.jpg,0.801708
2023-03-25 04:30:00,/Volumes/Argus/unk/snap/c1/1679718600.c1.snap.jpg,0.69307584
2023-03-25 05:00:00,/Volumes/Argus/unk/snap/c1/1679720400.c1.snap.jpg,0.7816752
2023-03-25 06:00:00,/Volumes/Argus/unk/snap/c1/1679724000.c1.snap.jpg,0.86505044
2023-03-25 16:30:00,/Volumes/Argus/unk/snap/c1/1679761800.c1.snap.jpg,0.6727842
2023-03-25 17:00:00,/Volumes/Argus/unk/snap/c1/1679763600.c1.snap.jpg,0.6039526
2023-03-25 17:30:00,/Volumes/Argus/unk/snap/c1/1679765400.c1.snap.jpg,0.5945778
2023-03-25 18:00:00,/Volumes/Argus/unk/snap/c1/1679767200.c1.snap.jpg,0.5802491
2023-03-25 18:30:00,/Volumes/Argus/unk/snap/c1/1679769000.c1.snap.jpg,0.5598667
2023-03-25 19:00:00,/Volumes/Argus/unk/snap/c1/1679770800.c1.snap.jpg,0.4960571
2023-03-25 19:30:00,/Volumes/Argus/unk/snap/c1/1679772600.c1.snap.jpg,0.51699317
2023-03-25 20:00:00,/Volumes/Argus/unk/snap/c1/1679774400.c1.snap.jpg,0.47865942
2023-03-25 20:30:00,/Volumes/Argus/unk/snap/c1/1679776200.c1.snap.jpg,0.509715
2023-03-25 21:00:00,/Volumes/Argus/unk/snap/c1/1679778000.c1.snap.jpg,0.5811334
2023-03-25 21:30:00,/Volumes/Argus/unk/snap/c1/1679779800.c1.snap.jpg,0.58310735
2023-03-25 22:00:00,/Volumes/Argus/unk/snap/c1/1679781600.c1.snap.jpg,0.6322482
2023-03-25 22:30:00,/Volumes/Argus/unk/snap/c1/1679783400.c1.snap.jpg,0.6426267
2023-03-25 23:00:00,/Volumes/Argus/unk/snap/c1/1679785200.c1.snap.jpg,0.683045
2023-03-25 23:30:00,/Volumes/Argus/unk/snap/c1/1679787000.c1.snap.jpg,0.71368456
2023-03-26 00:00:00,/Volumes/Argus/unk/snap/c1/1679788800.c1.snap.jpg,0.65963906
2023-03-26 00:30:00,/Volumes/Argus/unk/snap/c1/1679790600.c1.snap.jpg,0.65930235
2023-03-26 01:00:00,/Volumes/Argus/unk/snap/c1/1679792400.c1.snap.jpg,0.72040987
2023-03-26 01:30:00,/Volumes/Argus/unk/snap/c1/1679794200.c1.snap.jpg,0.6885319
2023-03-26 02:00:00,/Volumes/Argus/unk/snap/c1/1679796000.c1.snap.jpg,0.69251466
2023-03-26 02:30:00,/Volumes/Argus/unk/snap/c1/1679797800.c1.snap.jpg,0.80346745
2023-03-26 03:00:00,/Volumes/Argus/unk/snap/c1/1679799600.c1.snap.jpg,0.682161
2023-03-26 03:30:00,/Volumes/Argus/unk/snap/c1/1679801400.c1.snap.jpg,0.7020285
2023-03-26 04:00:00,/Volumes/Argus/unk/snap/c1/1679803200.c1.snap.jpg,0.74405044
2023-03-26 04:30:00,/Volumes/Argus/unk/snap/c1/1679805000.c1.snap.jpg,0.70773464
2023-03-26 05:00:00,/Volumes/Argus/unk/snap/c1/1679806800.c1.snap.jpg,0.65698147
2023-03-26 05:30:00,/Volumes/Argus/unk/snap/c1/1679808600.c1.snap.jpg,0.6151874
2023-03-26 06:00:00,/Volumes/Argus/unk/snap/c1/1679810400.c1.snap.jpg,0.78406215
2023-03-26 16:30:00,/Volumes/Argus/unk/snap/c1/1679848200.c1.snap.jpg,0.6641729
2023-03-26 17:00:00,/Volumes/Argus/unk/snap/c1/1679850000.c1.snap.jpg,0.6802268
2023-03-26 17:30:00,/Volumes/Argus/unk/snap/c1/1679851800.c1.snap.jpg,0.6714821
2023-03-26 18:00:00,/Volumes/Argus/unk/snap/c1/1679853600.c1.snap.jpg,0.68314207
2023-03-26 18:30:00,/Volumes/Argus/unk/snap/c1/1679855400.c1.snap.jpg,0.6810857
2023-03-26 19:00:00,/Volumes/Argus/unk/snap/c1/1679857200.c1.snap.jpg,0.6318766
2023-03-26 19:30:00,/Volumes/Argus/unk/snap/c1/1679859000.c1.snap.jpg,0.73545945
2023-03-26 20:00:00,/Volumes/Argus/unk/snap/c1/1679860800.c1.snap.jpg,0.7084554
2023-03-26 20:30:00,/Volumes/Argus/unk/snap/c1/1679862600.c1.snap.jpg,0.67698956
2023-03-26 21:00:00,/Volumes/Argus/unk/snap/c1/1679864400.c1.snap.jpg,0.67242116
2023-03-26 21:30:00,/Volumes/Argus/unk/snap/c1/1679866200.c1.snap.jpg,0.6798012
2023-03-26 22:00:00,/Volumes/Argus/unk/snap/c1/1679868000.c1.snap.jpg,0.5845887
2023-03-26 22:30:00,/Volumes/Argus/unk/snap/c1/1679869800.c1.snap.jpg,0.5683359
2023-03-26 23:00:00,/Volumes/Argus/unk/snap/c1/1679871600.c1.snap.jpg,0.67766696
2023-03-26 23:30:00,/Volumes/Argus/unk/snap/c1/1679873400.c1.snap.jpg,0.68123305
2023-03-27 00:00:00,/Volumes/Argus/unk/snap/c1/1679875200.c1.snap.jpg,0.68030965
2023-03-27 00:30:00,/Volumes/Argus/unk/snap/c1/1679877000.c1.snap.jpg,0.64027953
2023-03-27 01:00:00,/Volumes/Argus/unk/snap/c1/1679878800.c1.snap.jpg,0.647509
2023-03-27 01:30:00,/Volumes/Argus/unk/snap/c1/1679880600.c1.snap.jpg,0.6675307
2023-03-27 02:00:00,/Volumes/Argus/unk/snap/c1/1679882400.c1.snap.jpg,0.83348787
2023-03-27 03:00:00,/Volumes/Argus/unk/snap/c1/1679886000.c1.snap.jpg,0.71615046
2023-03-27 03:30:00,/Volumes/Argus/unk/snap/c1/1679887800.c1.snap.jpg,0.64629793
2023-03-27 04:00:00,/Volumes/Argus/unk/snap/c1/1679889600.c1.snap.jpg,0.6015543
2023-03-27 04:30:00,/Volumes/Argus/unk/snap/c1/1679891400.c1.snap.jpg,0.5646464
2023-03-27 05:00:00,/Volumes/Argus/unk/snap/c1/1679893200.c1.snap.jpg,0.5264679
2023-03-27 05:30:00,/Volumes/Argus/unk/snap/c1/1679895000.c1.snap.jpg,0.58172584
2023-03-27 06:00:00,/Volumes/Argus/unk/snap/c1/1679896800.c1.snap.jpg,1.0992335
2023-03-27 16:30:00,/Volumes/Argus/unk/snap/c1/1679934600.c1.snap.jpg,0.8239944
2023-03-27 17:00:00,/Volumes/Argus/unk/snap/c1/1679936400.c1.snap.jpg,0.8322572
2023-03-27 17:30:00,/Volumes/Argus/unk/snap/c1/1679938200.c1.snap.jpg,0.8411852
2023-03-27 18:00:00,/Volumes/Argus/unk/snap/c1/1679940000.c1.snap.jpg,0.8836413
2023-03-27 18:30:00,/Volumes/Argus/unk/snap/c1/1679941800.c1.snap.jpg,0.8860181
2023-03-27 19:00:00,/Volumes/Argus/unk/snap/c1/1679943600.c1.snap.jpg,0.92761695
2023-03-27 19:30:00,/Volumes/Argus/unk/snap/c1/1679945400.c1.snap.jpg,0.8275133
2023-03-27 20:00:00,/Volumes/Argus/unk/snap/c1/1679947200.c1.snap.jpg,0.9501343
2023-03-27 20:30:00,/Volumes/Argus/unk/snap/c1/1679949000.c1.snap.jpg,0.92325926
2023-03-27 21:00:00,/Volumes/Argus/unk/snap/c1/1679950800.c1.snap.jpg,0.9676012
2023-03-27 21:30:00,/Volumes/Argus/unk/snap/c1/1679952600.c1.snap.jpg,0.9717339
2023-03-27 22:00:00,/Volumes/Argus/unk/snap/c1/1679954400.c1.snap.jpg,0.95143473
2023-03-27 22:30:00,/Volumes/Argus/unk/snap/c1/1679956200.c1.snap.jpg,0.9574789
2023-03-27 23:00:00,/Volumes/Argus/unk/snap/c1/1679958000.c1.snap.jpg,0.96322
2023-03-27 23:30:00,/Volumes/Argus/unk/snap/c1/1679959800.c1.snap.jpg,0.9799455
2023-03-28 00:00:00,/Volumes/Argus/unk/snap/c1/1679961600.c1.snap.jpg,0.9993026
2023-03-28 00:30:00,/Volumes/Argus/unk/snap/c1/1679963400.c1.snap.jpg,1.0434893
2023-03-28 01:00:00,/Volumes/Argus/unk/snap/c1/1679965200.c1.snap.jpg,0.82294023
2023-03-28 01:30:00,/Volumes/Argus/unk/snap/c1/1679967000.c1.snap.jpg,0.6941273
2023-03-28 02:00:00,/Volumes/Argus/unk/snap/c1/1679968800.c1.snap.jpg,0.8005743
2023-03-28 02:30:00,/Volumes/Argus/unk/snap/c1/1679970600.c1.snap.jpg,0.6752051
2023-03-28 03:00:00,/Volumes/Argus/unk/snap/c1/1679972400.c1.snap.jpg,0.8432809
2023-03-28 04:00:00,/Volumes/Argus/unk/snap/c1/1679976000.c1.snap.jpg,0.7801682
2023-03-28 04:30:00,/Volumes/Argus/unk/snap/c1/1679977800.c1.snap.jpg,0.8621465
2023-03-28 05:00:00,/Volumes/Argus/unk/snap/c1/1679979600.c1.snap.jpg,0.79271173
2023-03-28 05:30:00,/Volumes/Argus/unk/snap/c1/1679981400.c1.snap.jpg,0.8519075
2023-03-28 06:00:00,/Volumes/Argus/unk/snap/c1/1679983200.c1.snap.jpg,0.6798872
