time,path,H
2023-03-28 16:30:00,/Volumes/Argus/unk/snap/c1/1680021000.c1.snap.jpg,0.7951716
2023-03-28 17:00:00,/Volumes/Argus/unk/snap/c1/1680022800.c1.snap.jpg,0.8820907
2023-03-28 17:30:00,/Volumes/Argus/unk/snap/c1/1680024600.c1.snap.jpg,0.860138
2023-03-28 18:00:00,/Volumes/Argus/unk/snap/c1/1680026400.c1.snap.jpg,0.56716603
2023-03-28 18:30:00,/Volumes/Argus/unk/snap/c1/1680028200.c1.snap.jpg,0.4969248
2023-03-28 19:00:00,/Volumes/Argus/unk/snap/c1/1680030000.c1.snap.jpg,0.47397786
2023-03-28 19:30:00,/Volumes/Argus/unk/snap/c1/1680031800.c1.snap.jpg,0.46838605
2023-03-28 20:00:00,/Volumes/Argus/unk/snap/c1/1680033600.c1.snap.jpg,0.45604715
2023-03-28 20:30:00,/Volumes/Argus/unk/snap/c1/1680035400.c1.snap.jpg,0.444319
2023-03-28 21:00:00,/Volumes/Argus/unk/snap/c1/1680037200.c1.snap.jpg,0.49963555
2023-03-28 21:30:00,/Volumes/Argus/unk/snap/c1/1680039000.c1.snap.jpg,0.5812322
2023-03-28 22:00:00,/Volumes/Argus/unk/snap/c1/1680040800.c1.snap.jpg,0.5408162
2023-03-28 22:30:00,/Volumes/Argus/unk/snap/c1/1680042600.c1.snap.jpg,0.59354705
2023-03-28 23:00:00,/Volumes/Argus/unk/snap/c1/1680044400.c1.snap.jpg,0.6154919
2023-03-28 23:30:00,/Volumes/Argus/unk/snap/c1/1680046200.c1.snap.jpg,0.6482613
2023-03-29 00:00:00,/Volumes/Argus/unk/snap/c1/1680048000.c1.snap.jpg,0.72245526
2023-03-29 00:30:00,/Volumes/Argus/unk/snap/c1/1680049800.c1.snap.jpg,0.7182641
2023-03-29 01:00:00,/Volumes/Argus/unk/snap/c1/1680051600.c1.snap.jpg,0.64665306
2023-03-29 02:00:00,/Volumes/Argus/unk/snap/c1/1680055200.c1.snap.jpg,0.7374716
2023-03-29 02:30:00,/Volumes/Argus/unk/snap/c1/1680057000.c1.snap.jpg,0.7046996
2023-03-29 03:00:00,/Volumes/Argus/unk/snap/c1/1680058800.c1.snap.jpg,0.72374916
2023-03-29 03:30:00,/Volumes/Argus/unk/snap/c1/1680060600.c1.snap.jpg,0.80179465
2023-03-29 04:00:00,/Volumes/Argus/unk/snap/c1/1680062400.c1.snap.jpg,0.7544248
2023-03-29 04:30:00,/Volumes/Argus/unk/snap/c1/1680064200.c1.snap.jpg,0.7707416
2023-03-29 05:00:00,/Volumes/Argus/unk/snap/c1/1680066000.c1.snap.jpg,0.77498895
2023-03-29 05:30:00,/Volumes/Argus/unk/snap/c1/1680067800.c1.snap.jpg,0.7564739
2023-03-29 06:00:00,/Volumes/Argus/unk/snap/c1/1680069600.c1.snap.jpg,0.73450965
2023-03-29 16:30:00,/Volumes/Argus/unk/snap/c1/1680107400.c1.snap.jpg,0.61746424
2023-03-29 17:00:00,/Volumes/Argus/unk/snap/c1/1680109200.c1.snap.jpg,0.7932794
2023-03-29 17:30:00,/Volumes/Argus/unk/snap/c1/1680111000.c1.snap.jpg,0.6858443
2023-03-29 18:30:00,/Volumes/Argus/unk/snap/c1/1680114600.c1.snap.jpg,0.5802851
2023-03-29 19:30:00,/Volumes/Argus/unk/snap/c1/1680118200.c1.snap.jpg,0.69675386
2023-03-29 20:00:00,/Volumes/Argus/unk/snap/c1/1680120000.c1.snap.jpg,0.79606056
2023-03-29 20:30:00,/Volumes/Argus/unk/snap/c1/1680121800.c1.snap.jpg,0.70899284
2023-03-29 21:00:00,/Volumes/Argus/unk/snap/c1/1680123600.c1.snap.jpg,0.73615795
2023-03-29 21:30:00,/Volumes/Argus/unk/snap/c1/1680125400.c1.snap.jpg,0.7724376
2023-03-29 22:00:00,/Volumes/Argus/unk/snap/c1/1680127200.c1.snap.jpg,0.6970964
2023-03-29 22:30:00,/Volumes/Argus/unk/snap/c1/1680129000.c1.snap.jpg,0.68506736
2023-03-29 23:00:00,/Volumes/Argus/unk/snap/c1/1680130800.c1.snap.jpg,0.7069182
2023-03-29 23:30:00,/Volumes/Argus/unk/snap/c1/1680132600.c1.snap.jpg,0.69469196
2023-03-30 00:00:00,/Volumes/Argus/unk/snap/c1/1680134400.c1.snap.jpg,0.81940275
2023-03-30 00:30:00,/Volumes/Argus/unk/snap/c1/1680136200.c1.snap.jpg,0.707911
2023-03-30 01:00:00,/Volumes/Argus/unk/snap/c1/1680138000.c1.snap.jpg,0.7276232
2023-03-30 01:30:00,/Volumes/Argus/unk/snap/c1/1680139800.c1.snap.jpg,0.7242217
2023-03-30 02:00:00,/Volumes/Argus/unk/snap/c1/1680141600.c1.snap.jpg,0.7266139
2023-03-30 03:00:00,/Volumes/Argus/unk/snap/c1/1680145200.c1.snap.jpg,0.74678063
2023-03-30 03:30:00,/Volumes/Argus/unk/snap/c1/1680147000.c1.snap.jpg,0.64694357
2023-03-30 04:00:00,/Volumes/Argus/unk/snap/c1/1680148800.c1.snap.jpg,0.7248384
2023-03-30 04:30:00,/Volumes/Argus/unk/snap/c1/1680150600.c1.snap.jpg,0.75279486
2023-03-30 05:00:00,/Volumes/Argus/unk/snap/c1/1680152400.c1.snap.jpg,0.677991
2023-03-30 05:30:00,/Volumes/Argus/unk/snap/c1/1680154200.c1.snap.jpg,0.6362285
2023-03-30 06:00:00,/Volumes/Argus/unk/snap/c1/1680156000.c1.snap.jpg,0.6851635
2023-03-30 16:30:00,/Volumes/Argus/unk/snap/c1/1680193800.c1.snap.jpg,0.73329425
2023-03-30 17:00:00,/Volumes/Argus/unk/snap/c1/1680195600.c1.snap.jpg,0.70291567
2023-03-30 17:30:00,/Volumes/Argus/unk/snap/c1/1680197400.c1.snap.jpg,0.71782637
2023-03-30 18:30:00,/Volumes/Argus/unk/snap/c1/1680201000.c1.snap.jpg,0.6516219
2023-03-30 19:00:00,/Volumes/Argus/unk/snap/c1/1680202800.c1.snap.jpg,0.67943543
2023-03-30 19:30:00,/Volumes/Argus/unk/snap/c1/1680204600.c1.snap.jpg,0.60392994
2023-03-30 20:00:00,/Volumes/Argus/unk/snap/c1/1680206400.c1.snap.jpg,0.6390346
2023-03-30 20:30:00,/Volumes/Argus/unk/snap/c1/1680208200.c1.snap.jpg,0.6939519
2023-03-30 21:00:00,/Volumes/Argus/unk/snap/c1/1680210000.c1.snap.jpg,0.67042226
2023-03-30 21:30:00,/Volumes/Argus/unk/snap/c1/1680211800.c1.snap.jpg,0.6309147
2023-03-30 22:00:00,/Volumes/Argus/unk/snap/c1/1680213600.c1.snap.jpg,0.65034866
2023-03-30 23:00:00,/Volumes/Argus/unk/snap/c1/1680217200.c1.snap.jpg,0.58602303
2023-03-30 23:30:00,/Volumes/Argus/unk/snap/c1/1680219000.c1.snap.jpg,0.577939
2023-03-31 00:00:00,/Volumes/Argus/unk/snap/c1/1680220800.c1.snap.jpg,0.6722209
2023-03-31 00:30:00,/Volumes/Argus/unk/snap/c1/1680222600.c1.snap.jpg,0.6457374
2023-03-31 01:00:00,/Volumes/Argus/unk/snap/c1/1680224400.c1.snap.jpg,0.6401138
2023-03-31 01:30:00,/Volumes/Argus/unk/snap/c1/1680226200.c1.snap.jpg,0.7135743
2023-03-31 02:00:00,/Volumes/Argus/unk/snap/c1/1680228000.c1.snap.jpg,0.6639941
2023-03-31 02:30:00,/Volumes/Argus/unk/snap/c1/1680229800.c1.snap.jpg,0.55938864
2023-03-31 03:00:00,/Volumes/Argus/unk/snap/c1/1680231600.c1.snap.jpg,0.6349579
2023-03-31 03:30:00,/Volumes/Argus/unk/snap/c1/1680233400.c1.snap.jpg,0.58138704
2023-03-31 04:00:00,/Volumes/Argus/unk/snap/c1/1680235200.c1.snap.jpg,0.64890015
2023-03-31 04:30:00,/Volumes/Argus/unk/snap/c1/1680237000.c1.snap.jpg,0.618773
2023-03-31 05:00:00,/Volumes/Argus/unk/snap/c1/1680238800.c1.snap.jpg,0.52369744
2023-03-31 05:30:00,/Volumes/Argus/unk/snap/c1/1680240600.c1.snap.jpg,0.75363773
2023-03-31 06:00:00,/Volumes/Argus/unk/snap/c1/1680242400.c1.snap.jpg,0.68443257
2023-03-31 16:30:00,/Volumes/Argus/unk/snap/c1/1680280200.c1.snap.jpg,0.62736875
2023-03-31 17:00:00,/Volumes/Argus/unk/snap/c1/1680282000.c1.snap.jpg,0.63114274
2023-03-31 17:30:00,/Volumes/Argus/unk/snap/c1/1680283800.c1.snap.jpg,0.6682663
2023-03-31 18:00:00,/Volumes/Argus/unk/snap/c1/1680285600.c1.snap.jpg,0.5656102
2023-03-31 18:30:00,/Volumes/Argus/unk/snap/c1/1680287400.c1.snap.jpg,0.7778448
2023-03-31 19:00:00,/Volumes/Argus/unk/snap/c1/1680289200.c1.snap.jpg,0.60890585
2023-03-31 19:30:00,/Volumes/Argus/unk/snap/c1/1680291000.c1.snap.jpg,0.53937936
2023-03-31 20:00:00,/Volumes/Argus/unk/snap/c1/1680292800.c1.snap.jpg,0.56065714
2023-03-31 20:30:00,/Volumes/Argus/unk/snap/c1/1680294600.c1.snap.jpg,0.5617521
2023-03-31 21:00:00,/Volumes/Argus/unk/snap/c1/1680296400.c1.snap.jpg,0.61834294
2023-03-31 21:30:00,/Volumes/Argus/unk/snap/c1/1680298200.c1.snap.jpg,0.59113604
2023-03-31 22:00:00,/Volumes/Argus/unk/snap/c1/1680300000.c1.snap.jpg,0.6815669
2023-03-31 22:30:00,/Volumes/Argus/unk/snap/c1/1680301800.c1.snap.jpg,0.8119124
2023-03-31 23:30:00,/Volumes/Argus/unk/snap/c1/1680305400.c1.snap.jpg,0.74385
2023-04-01 00:00:00,/Volumes/Argus/unk/snap/c1/1680307200.c1.snap.jpg,0.77559257
2023-04-01 00:30:00,/Volumes/Argus/unk/snap/c1/1680309000.c1.snap.jpg,0.7719368
2023-04-01 01:00:00,/Volumes/Argus/unk/snap/c1/1680310800.c1.snap.jpg,0.7071754
2023-04-01 01:30:00,/Volumes/Argus/unk/snap/c1/1680312600.c1.snap.jpg,0.6862968
2023-04-01 02:00:00,/Volumes/Argus/unk/snap/c1/1680314400.c1.snap.jpg,0.6710054
2023-04-01 02:30:00,/Volumes/Argus/unk/snap/c1/1680316200.c1.snap.jpg,0.72794145
2023-04-01 03:00:00,/Volumes/Argus/unk/snap/c1/1680318000.c1.snap.jpg,0.6660202
2023-04-01 03:30:00,/Volumes/Argus/unk/snap/c1/1680319800.c1.snap.jpg,0.6732113
2023-04-01 04:00:00,/Volumes/Argus/unk/snap/c1/1680321600.c1.snap.jpg,0.6228981
2023-04-01 04:30:00,/Volumes/Argus/unk/snap/c1/1680323400.c1.snap.jpg,0.6626232
2023-04-01 05:00:00,/Volumes/Argus/unk/snap/c1/1680325200.c1.snap.jpg,0.80214214
2023-04-01 05:30:00,/Volumes/Argus/unk/snap/c1/1680327000.c1.snap.jpg,0.8737
2023-04-01 06:00:00,/Volumes/Argus/unk/snap/c1/1680328800.c1.snap.jpg,0.8626545
2023-04-01 16:30:00,/Volumes/Argus/unk/snap/c1/1680366600.c1.snap.jpg,0.75674105
2023-04-01 17:00:00,/Volumes/Argus/unk/snap/c1/1680368400.c1.snap.jpg,0.7417604
2023-04-01 17:30:00,/Volumes/Argus/unk/snap/c1/1680370200.c1.snap.jpg,0.7091049
2023-04-01 18:00:00,/Volumes/Argus/unk/snap/c1/1680372000.c1.snap.jpg,0.83102053
2023-04-01 18:30:00,/Volumes/Argus/unk/snap/c1/1680373800.c1.snap.jpg,0.5086213
2023-04-01 19:00:00,/Volumes/Argus/unk/snap/c1/1680375600.c1.snap.jpg,0.5483414
2023-04-01 19:30:00,/Volumes/Argus/unk/snap/c1/1680377400.c1.snap.jpg,0.74261063
2023-04-01 20:00:00,/Volumes/Argus/unk/snap/c1/1680379200.c1.snap.jpg,0.5892979
2023-04-01 20:30:00,/Volumes/Argus/unk/snap/c1/1680381000.c1.snap.jpg,0.50434136
2023-04-01 21:00:00,/Volumes/Argus/unk/snap/c1/1680382800.c1.snap.jpg,0.81812227
2023-04-01 21:30:00,/Volumes/Argus/unk/snap/c1/1680384600.c1.snap.jpg,0.760147
2023-04-01 22:00:00,/Volumes/Argus/unk/snap/c1/1680386400.c1.snap.jpg,0.77390206
2023-04-01 22:30:00,/Volumes/Argus/unk/snap/c1/1680388200.c1.snap.jpg,0.8270237
2023-04-01 23:00:00,/Volumes/Argus/unk/snap/c1/1680390000.c1.snap.jpg,0.8823375
2023-04-01 23:30:00,/Volumes/Argus/unk/snap/c1/1680391800.c1.snap.jpg,0.77880156
2023-04-02 00:00:00,/Volumes/Argus/unk/snap/c1/1680393600.c1.snap.jpg,0.7969295
2023-04-02 00:30:00,/Volumes/Argus/unk/snap/c1/1680395400.c1.snap.jpg,0.87732726
2023-04-02 01:00:00,/Volumes/Argus/unk/snap/c1/1680397200.c1.snap.jpg,0.8878742
2023-04-02 01:30:00,/Volumes/Argus/unk/snap/c1/1680399000.c1.snap.jpg,0.91450167
2023-04-02 02:00:00,/Volumes/Argus/unk/snap/c1/1680400800.c1.snap.jpg,0.8752475
2023-04-02 03:00:00,/Volumes/Argus/unk/snap/c1/1680404400.c1.snap.jpg,0.91184354
2023-04-02 04:00:00,/Volumes/Argus/unk/snap/c1/1680408000.c1.snap.jpg,0.7482356
2023-04-02 04:30:00,/Volumes/Argus/unk/snap/c1/1680409800.c1.snap.jpg,0.79516286
2023-04-02 05:00:00,/Volumes/Argus/unk/snap/c1/1680411600.c1.snap.jpg,0.92319286
2023-04-02 05:30:00,/Volumes/Argus/unk/snap/c1/1680413400.c1.snap.jpg,0.85985506
2023-04-02 06:00:00,/Volumes/Argus/unk/snap/c1/1680415200.c1.snap.jpg,0.8525902
2023-04-02 16:30:00,/Volumes/Argus/unk/snap/c1/1680453000.c1.snap.jpg,0.41613117
2023-04-02 17:00:00,/Volumes/Argus/unk/snap/c1/1680454800.c1.snap.jpg,0.5721656
2023-04-02 17:30:00,/Volumes/Argus/unk/snap/c1/1680456600.c1.snap.jpg,0.8070835
2023-04-02 18:00:00,/Volumes/Argus/unk/snap/c1/1680458400.c1.snap.jpg,0.59860563
2023-04-02 18:30:00,/Volumes/Argus/unk/snap/c1/1680460200.c1.snap.jpg,0.60645974
2023-04-02 19:00:00,/Volumes/Argus/unk/snap/c1/1680462000.c1.snap.jpg,0.67212474
2023-04-02 19:30:00,/Volumes/Argus/unk/snap/c1/1680463800.c1.snap.jpg,0.58961946
2023-04-02 20:00:00,/Volumes/Argus/unk/snap/c1/1680465600.c1.snap.jpg,0.6439841
2023-04-02 20:30:00,/Volumes/Argus/unk/snap/c1/1680467400.c1.snap.jpg,0.73071396
2023-04-02 21:00:00,/Volumes/Argus/unk/snap/c1/1680469200.c1.snap.jpg,0.63577497
2023-04-02 21:30:00,/Volumes/Argus/unk/snap/c1/1680471000.c1.snap.jpg,0.6616898
2023-04-02 22:00:00,/Volumes/Argus/unk/snap/c1/1680472800.c1.snap.jpg,0.70551395
2023-04-02 22:30:00,/Volumes/Argus/unk/snap/c1/1680474600.c1.snap.jpg,0.74227536
2023-04-02 23:00:00,/Volumes/Argus/unk/snap/c1/1680476400.c1.snap.jpg,0.7418069
2023-04-02 23:30:00,/Volumes/Argus/unk/snap/c1/1680478200.c1.snap.jpg,0.7593585
2023-04-03 00:00:00,/Volumes/Argus/unk/snap/c1/1680480000.c1.snap.jpg,0.8144209
2023-04-03 00:30:00,/Volumes/Argus/unk/snap/c1/1680481800.c1.snap.jpg,0.75084615
2023-04-03 01:00:00,/Volumes/Argus/unk/snap/c1/1680483600.c1.snap.jpg,0.7193401
2023-04-03 01:30:00,/Volumes/Argus/unk/snap/c1/1680485400.c1.snap.jpg,0.7663914
2023-04-03 02:00:00,/Volumes/Argus/unk/snap/c1/1680487200.c1.snap.jpg,0.8109938
2023-04-03 02:30:00,/Volumes/Argus/unk/snap/c1/1680489000.c1.snap.jpg,0.7838781
2023-04-03 03:30:00,/Volumes/Argus/unk/snap/c1/1680492600.c1.snap.jpg,1.1537935
2023-04-03 04:30:00,/Volumes/Argus/unk/snap/c1/1680496200.c1.snap.jpg,0.73626685
2023-04-03 05:30:00,/Volumes/Argus/unk/snap/c1/1680499800.c1.snap.jpg,0.9892082
2023-04-03 16:30:00,/Volumes/Argus/unk/snap/c1/1680539400.c1.snap.jpg,0.875928
2023-04-03 17:00:00,/Volumes/Argus/unk/snap/c1/1680541200.c1.snap.jpg,0.781646
2023-04-03 17:30:00,/Volumes/Argus/unk/snap/c1/1680543000.c1.snap.jpg,0.7496509
2023-04-03 18:00:00,/Volumes/Argus/unk/snap/c1/1680544800.c1.snap.jpg,0.82801074
2023-04-03 18:30:00,/Volumes/Argus/unk/snap/c1/1680546600.c1.snap.jpg,0.8716407
2023-04-03 19:00:00,/Volumes/Argus/unk/snap/c1/1680548400.c1.snap.jpg,0.74255455
2023-04-03 19:30:00,/Volumes/Argus/unk/snap/c1/1680550200.c1.snap.jpg,0.7247584
2023-04-03 20:00:00,/Volumes/Argus/unk/snap/c1/1680552000.c1.snap.jpg,0.65554804
2023-04-03 20:30:00,/Volumes/Argus/unk/snap/c1/1680553800.c1.snap.jpg,0.7993195
2023-04-03 21:00:00,/Volumes/Argus/unk/snap/c1/1680555600.c1.snap.jpg,0.8160074
2023-04-03 21:30:00,/Volumes/Argus/unk/snap/c1/1680557400.c1.snap.jpg,0.77038324
2023-04-03 22:00:00,/Volumes/Argus/unk/snap/c1/1680559200.c1.snap.jpg,0.7519736
2023-04-03 22:30:00,/Volumes/Argus/unk/snap/c1/1680561000.c1.snap.jpg,0.80104256
2023-04-03 23:00:00,/Volumes/Argus/unk/snap/c1/1680562800.c1.snap.jpg,0.7372927
2023-04-03 23:30:00,/Volumes/Argus/unk/snap/c1/1680564600.c1.snap.jpg,0.7727196
2023-04-04 00:00:00,/Volumes/Argus/unk/snap/c1/1680566400.c1.snap.jpg,0.78829575
2023-04-04 00:30:00,/Volumes/Argus/unk/snap/c1/1680568200.c1.snap.jpg,0.7658358
2023-04-04 01:00:00,/Volumes/Argus/unk/snap/c1/1680570000.c1.snap.jpg,0.76313245
2023-04-04 01:30:00,/Volumes/Argus/unk/snap/c1/1680571800.c1.snap.jpg,0.7461015
2023-04-04 02:00:00,/Volumes/Argus/unk/snap/c1/1680573600.c1.snap.jpg,0.78282636
2023-04-04 02:30:00,/Volumes/Argus/unk/snap/c1/1680575400.c1.snap.jpg,0.89597964
2023-04-04 03:00:00,/Volumes/Argus/unk/snap/c1/1680577200.c1.snap.jpg,0.66291624
2023-04-04 03:30:00,/Volumes/Argus/unk/snap/c1/1680579000.c1.snap.jpg,0.6989736
2023-04-04 04:00:00,/Volumes/Argus/unk/snap/c1/1680580800.c1.snap.jpg,0.62670696
2023-04-04 04:30:00,/Volumes/Argus/unk/snap/c1/1680582600.c1.snap.jpg,0.69275445
2023-04-04 05:00:00,/Volumes/Argus/unk/snap/c1/1680584400.c1.snap.jpg,0.7096266
2023-04-04 05:30:00,/Volumes/Argus/unk/snap/c1/1680586200.c1.snap.jpg,0.72532594
2023-04-04 06:00:00,/Volumes/Argus/unk/snap/c1/1680588000.c1.snap.jpg,0.7624021
2023-04-04 16:30:00,/Volumes/Argus/unk/snap/c1/1680625800.c1.snap.jpg,0.7891927
2023-04-04 17:00:00,/Volumes/Argus/unk/snap/c1/1680627600.c1.snap.jpg,0.676011
2023-04-04 17:30:00,/Volumes/Argus/unk/snap/c1/1680629400.c1.snap.jpg,0.72986424
2023-04-04 18:00:00,/Volumes/Argus/unk/snap/c1/1680631200.c1.snap.jpg,0.75607395
2023-04-04 18:30:00,/Volumes/Argus/unk/snap/c1/1680633000.c1.snap.jpg,0.71802014
2023-04-04 19:00:00,/Volumes/Argus/unk/snap/c1/1680634800.c1.snap.jpg,0.6642742
2023-04-04 19:30:00,/Volumes/Argus/unk/snap/c1/1680636600.c1.snap.jpg,0.7043086
2023-04-04 20:00:00,/Volumes/Argus/unk/snap/c1/1680638400.c1.snap.jpg,0.6328727
2023-04-04 20:30:00,/Volumes/Argus/unk/snap/c1/1680640200.c1.snap.jpg,0.56952107
2023-04-04 21:00:00,/Volumes/Argus/unk/snap/c1/1680642000.c1.snap.jpg,0.71128786
2023-04-04 21:30:00,/Volumes/Argus/unk/snap/c1/1680643800.c1.snap.jpg,0.68826175
2023-04-04 22:00:00,/Volumes/Argus/unk/snap/c1/1680645600.c1.snap.jpg,0.6600444
2023-04-04 22:30:00,/Volumes/Argus/unk/snap/c1/1680647400.c1.snap.jpg,0.72310185
2023-04-04 23:00:00,/Volumes/Argus/unk/snap/c1/1680649200.c1.snap.jpg,0.8007745
2023-04-04 23:30:00,/Volumes/Argus/unk/snap/c1/1680651000.c1.snap.jpg,0.8689621
2023-04-05 00:00:00,/Volumes/Argus/unk/snap/c1/1680652800.c1.snap.jpg,0.9222169
2023-04-05 00:30:00,/Volumes/Argus/unk/snap/c1/1680654600.c1.snap.jpg,0.8163306
2023-04-05 01:00:00,/Volumes/Argus/unk/snap/c1/1680656400.c1.snap.jpg,0.7367465
2023-04-05 01:30:00,/Volumes/Argus/unk/snap/c1/1680658200.c1.snap.jpg,0.7016758
2023-04-05 02:00:00,/Volumes/Argus/unk/snap/c1/1680660000.c1.snap.jpg,0.6835811
2023-04-05 02:30:00,/Volumes/Argus/unk/snap/c1/1680661800.c1.snap.jpg,0.64882755
2023-04-05 03:00:00,/Volumes/Argus/unk/snap/c1/1680663600.c1.snap.jpg,0.65987194
2023-04-05 03:30:00,/Volumes/Argus/unk/snap/c1/1680665400.c1.snap.jpg,0.70514625
2023-04-05 04:00:00,/Volumes/Argus/unk/snap/c1/1680667200.c1.snap.jpg,0.6733992
2023-04-05 04:30:00,/Volumes/Argus/unk/snap/c1/1680669000.c1.snap.jpg,0.6235597
2023-04-05 05:00:00,/Volumes/Argus/unk/snap/c1/1680670800.c1.snap.jpg,0.7360183
2023-04-05 05:30:00,/Volumes/Argus/unk/snap/c1/1680672600.c1.snap.jpg,0.6719413
2023-04-05 06:00:00,/Volumes/Argus/unk/snap/c1/1680674400.c1.snap.jpg,0.9368276
2023-04-05 16:30:00,/Volumes/Argus/unk/snap/c1/1680712200.c1.snap.jpg,0.49575174
2023-04-05 17:00:00,/Volumes/Argus/unk/snap/c1/1680714000.c1.snap.jpg,0.67991525
2023-04-05 17:30:00,/Volumes/Argus/unk/snap/c1/1680715800.c1.snap.jpg,0.6583864
2023-04-05 18:00:00,/Volumes/Argus/unk/snap/c1/1680717600.c1.snap.jpg,0.6388512
2023-04-05 18:30:00,/Volumes/Argus/unk/snap/c1/1680719400.c1.snap.jpg,0.6064176
2023-04-05 19:00:00,/Volumes/Argus/unk/snap/c1/1680721200.c1.snap.jpg,0.58799875
2023-04-05 20:00:00,/Volumes/Argus/unk/snap/c1/1680724800.c1.snap.jpg,0.5877621
2023-04-05 21:00:00,/Volumes/Argus/unk/snap/c1/1680728400.c1.snap.jpg,0.7022698
2023-04-05 21:30:00,/Volumes/Argus/unk/snap/c1/1680730200.c1.snap.jpg,0.76353025
2023-04-05 22:30:00,/Volumes/Argus/unk/snap/c1/1680733800.c1.snap.jpg,0.8041575
2023-04-05 23:00:00,/Volumes/Argus/unk/snap/c1/1680735600.c1.snap.jpg,0.7596936
2023-04-05 23:30:00,/Volumes/Argus/unk/snap/c1/1680737400.c1.snap.jpg,0.8410113
2023-04-06 00:00:00,/Volumes/Argus/unk/snap/c1/1680739200.c1.snap.jpg,0.87770665
2023-04-06 01:30:00,/Volumes/Argus/unk/snap/c1/1680744600.c1.snap.jpg,0.69172776
2023-04-06 02:00:00,/Volumes/Argus/unk/snap/c1/1680746400.c1.snap.jpg,0.6634278
2023-04-06 04:00:00,/Volumes/Argus/unk/snap/c1/1680753600.c1.snap.jpg,0.7707716
2023-04-06 04:30:00,/Volumes/Argus/unk/snap/c1/1680755400.c1.snap.jpg,0.64321375
2023-04-06 05:00:00,/Volumes/Argus/unk/snap/c1/1680757200.c1.snap.jpg,0.6603803
2023-04-06 05:30:00,/Volumes/Argus/unk/snap/c1/1680759000.c1.snap.jpg,0.7261102
2023-04-06 06:00:00,/Volumes/Argus/unk/snap/c1/1680760800.c1.snap.jpg,0.9604756
2023-04-06 16:30:00,/Volumes/Argus/unk/snap/c1/1680798600.c1.snap.jpg,0.51428246
2023-04-06 17:00:00,/Volumes/Argus/unk/snap/c1/1680800400.c1.snap.jpg,0.67137533
2023-04-06 17:30:00,/Volumes/Argus/unk/snap/c1/1680802200.c1.snap.jpg,0.70734304
2023-04-06 18:00:00,/Volumes/Argus/unk/snap/c1/1680804000.c1.snap.jpg,0.67857987
2023-04-06 18:30:00,/Volumes/Argus/unk/snap/c1/1680805800.c1.snap.jpg,0.62592405
2023-04-06 19:00:00,/Volumes/Argus/unk/snap/c1/1680807600.c1.snap.jpg,0.6077486
2023-04-06 19:30:00,/Volumes/Argus/unk/snap/c1/1680809400.c1.snap.jpg,0.6420394
2023-04-06 20:00:00,/Volumes/Argus/unk/snap/c1/1680811200.c1.snap.jpg,0.64468646
2023-04-06 21:00:00,/Volumes/Argus/unk/snap/c1/1680814800.c1.snap.jpg,0.67872846
2023-04-06 21:30:00,/Volumes/Argus/unk/snap/c1/1680816600.c1.snap.jpg,0.69914
2023-04-06 22:00:00,/Volumes/Argus/unk/snap/c1/1680818400.c1.snap.jpg,0.70150316
2023-04-06 22:30:00,/Volumes/Argus/unk/snap/c1/1680820200.c1.snap.jpg,0.7048707
2023-04-06 23:00:00,/Volumes/Argus/unk/snap/c1/1680822000.c1.snap.jpg,0.7672914
2023-04-06 23:30:00,/Volumes/Argus/unk/snap/c1/1680823800.c1.snap.jpg,0.78270155
2023-04-07 00:00:00,/Volumes/Argus/unk/snap/c1/1680825600.c1.snap.jpg,0.8141906
2023-04-07 00:30:00,/Volumes/Argus/unk/snap/c1/1680827400.c1.snap.jpg,0.7359445
2023-04-07 01:00:00,/Volumes/Argus/unk/snap/c1/1680829200.c1.snap.jpg,0.65771836
2023-04-07 01:30:00,/Volumes/Argus/unk/snap/c1/1680831000.c1.snap.jpg,0.63820803
2023-04-07 02:00:00,/Volumes/Argus/unk/snap/c1/1680832800.c1.snap.jpg,0.62778014
2023-04-07 02:30:00,/Volumes/Argus/unk/snap/c1/1680834600.c1.snap.jpg,0.62259203
2023-04-07 03:00:00,/Volumes/Argus/unk/snap/c1/1680836400.c1.snap.jpg,0.6276523
2023-04-07 03:30:00,/Volumes/Argus/unk/snap/c1/1680838200.c1.snap.jpg,0.6789167
2023-04-07 04:00:00,/Volumes/Argus/unk/snap/c1/1680840000.c1.snap.jpg,0.75196415
2023-04-07 04:30:00,/Volumes/Argus/unk/snap/c1/1680841800.c1.snap.jpg,0.71067
2023-04-07 05:00:00,/Volumes/Argus/unk/snap/c1/1680843600.c1.snap.jpg,0.7288057
2023-04-07 05:30:00,/Volumes/Argus/unk/snap/c1/1680845400.c1.snap.jpg,0.65068614
2023-04-07 06:00:00,/Volumes/Argus/unk/snap/c1/1680847200.c1.snap.jpg,0.8966868
2023-04-07 16:30:00,/Volumes/Argus/unk/snap/c1/1680885000.c1.snap.jpg,0.5350104
2023-04-07 17:00:00,/Volumes/Argus/unk/snap/c1/1680886800.c1.snap.jpg,0.6317796
2023-04-07 17:30:00,/Volumes/Argus/unk/snap/c1/1680888600.c1.snap.jpg,0.6644907
2023-04-07 18:00:00,/Volumes/Argus/unk/snap/c1/1680890400.c1.snap.jpg,0.6084376
2023-04-07 18:30:00,/Volumes/Argus/unk/snap/c1/1680892200.c1.snap.jpg,0.57540846
2023-04-07 19:00:00,/Volumes/Argus/unk/snap/c1/1680894000.c1.snap.jpg,0.60667104
2023-04-07 19:30:00,/Volumes/Argus/unk/snap/c1/1680895800.c1.snap.jpg,0.60990655
2023-04-07 20:00:00,/Volumes/Argus/unk/snap/c1/1680897600.c1.snap.jpg,0.63031846
2023-04-07 20:30:00,/Volumes/Argus/unk/snap/c1/1680899400.c1.snap.jpg,0.65924007
2023-04-07 21:00:00,/Volumes/Argus/unk/snap/c1/1680901200.c1.snap.jpg,0.6806438
2023-04-07 21:30:00,/Volumes/Argus/unk/snap/c1/1680903000.c1.snap.jpg,0.6854892
2023-04-07 22:00:00,/Volumes/Argus/unk/snap/c1/1680904800.c1.snap.jpg,0.7239126
2023-04-07 22:30:00,/Volumes/Argus/unk/snap/c1/1680906600.c1.snap.jpg,0.78525794
2023-04-07 23:00:00,/Volumes/Argus/unk/snap/c1/1680908400.c1.snap.jpg,0.7813597
2023-04-07 23:30:00,/Volumes/Argus/unk/snap/c1/1680910200.c1.snap.jpg,0.7311974
2023-04-08 00:00:00,/Volumes/Argus/unk/snap/c1/1680912000.c1.snap.jpg,0.77308
2023-04-08 00:30:00,/Volumes/Argus/unk/snap/c1/1680913800.c1.snap.jpg,0.4149581
2023-04-08 01:00:00,/Volumes/Argus/unk/snap/c1/1680915600.c1.snap.jpg,0.73752356
2023-04-08 01:30:00,/Volumes/Argus/unk/snap/c1/1680917400.c1.snap.jpg,0.805509
2023-04-08 02:00:00,/Volumes/Argus/unk/snap/c1/1680919200.c1.snap.jpg,0.85320425
2023-04-08 03:00:00,/Volumes/Argus/unk/snap/c1/1680922800.c1.snap.jpg,0.6967688
2023-04-08 03:30:00,/Volumes/Argus/unk/snap/c1/1680924600.c1.snap.jpg,0.93746746
2023-04-08 04:00:00,/Volumes/Argus/unk/snap/c1/1680926400.c1.snap.jpg,0.7459965
2023-04-08 04:30:00,/Volumes/Argus/unk/snap/c1/1680928200.c1.snap.jpg,0.6999377
2023-04-08 05:00:00,/Volumes/Argus/unk/snap/c1/1680930000.c1.snap.jpg,0.56526214
2023-04-08 05:30:00,/Volumes/Argus/unk/snap/c1/1680931800.c1.snap.jpg,0.7428789
2023-04-08 06:00:00,/Volumes/Argus/unk/snap/c1/1680933600.c1.snap.jpg,0.71364117
2023-04-08 16:30:00,/Volumes/Argus/unk/snap/c1/1680971400.c1.snap.jpg,0.39404568
2023-04-08 17:00:00,/Volumes/Argus/unk/snap/c1/1680973200.c1.snap.jpg,0.5265577
2023-04-08 17:30:00,/Volumes/Argus/unk/snap/c1/1680975000.c1.snap.jpg,0.5529144
2023-04-08 18:00:00,/Volumes/Argus/unk/snap/c1/1680976800.c1.snap.jpg,0.538625
2023-04-08 18:30:00,/Volumes/Argus/unk/snap/c1/1680978600.c1.snap.jpg,0.5363269
2023-04-08 19:00:00,/Volumes/Argus/unk/snap/c1/1680980400.c1.snap.jpg,0.60224193
2023-04-08 19:30:00,/Volumes/Argus/unk/snap/c1/1680982200.c1.snap.jpg,0.5904187
2023-04-08 20:00:00,/Volumes/Argus/unk/snap/c1/1680984000.c1.snap.jpg,0.6924598
2023-04-08 20:30:00,/Volumes/Argus/unk/snap/c1/1680985800.c1.snap.jpg,0.6427952
2023-04-08 21:00:00,/Volumes/Argus/unk/snap/c1/1680987600.c1.snap.jpg,0.8149164
2023-04-08 21:30:00,/Volumes/Argus/unk/snap/c1/1680989400.c1.snap.jpg,0.62337244
2023-04-08 22:00:00,/Volumes/Argus/unk/snap/c1/1680991200.c1.snap.jpg,0.6722001
2023-04-08 22:30:00,/Volumes/Argus/unk/snap/c1/1680993000.c1.snap.jpg,0.6335143
2023-04-08 23:00:00,/Volumes/Argus/unk/snap/c1/1680994800.c1.snap.jpg,0.7118084
2023-04-08 23:30:00,/Volumes/Argus/unk/snap/c1/1680996600.c1.snap.jpg,0.82316124
2023-04-09 00:00:00,/Volumes/Argus/unk/snap/c1/1680998400.c1.snap.jpg,0.65688294
2023-04-09 01:00:00,/Volumes/Argus/unk/snap/c1/1681002000.c1.snap.jpg,0.70694625
2023-04-09 01:30:00,/Volumes/Argus/unk/snap/c1/1681003800.c1.snap.jpg,0.68037933
2023-04-09 02:00:00,/Volumes/Argus/unk/snap/c1/1681005600.c1.snap.jpg,0.9460652
2023-04-09 03:00:00,/Volumes/Argus/unk/snap/c1/1681009200.c1.snap.jpg,0.8354532
2023-04-09 04:00:00,/Volumes/Argus/unk/snap/c1/1681012800.c1.snap.jpg,0.75812113
2023-04-09 04:30:00,/Volumes/Argus/unk/snap/c1/1681014600.c1.snap.jpg,0.6480152
2023-04-09 05:00:00,/Volumes/Argus/unk/snap/c1/1681016400.c1.snap.jpg,0.5644437
2023-04-09 06:00:00,/Volumes/Argus/unk/snap/c1/1681020000.c1.snap.jpg,0.8777625
2023-04-09 16:30:00,/Volumes/Argus/unk/snap/c1/1681057800.c1.snap.jpg,0.48108894
2023-04-09 17:00:00,/Volumes/Argus/unk/snap/c1/1681059600.c1.snap.jpg,0.5640625
2023-04-09 17:30:00,/Volumes/Argus/unk/snap/c1/1681061400.c1.snap.jpg,0.5610066
2023-04-09 18:00:00,/Volumes/Argus/unk/snap/c1/1681063200.c1.snap.jpg,0.555021
2023-04-09 18:30:00,/Volumes/Argus/unk/snap/c1/1681065000.c1.snap.jpg,0.5461378
2023-04-09 19:00:00,/Volumes/Argus/unk/snap/c1/1681066800.c1.snap.jpg,0.57593226
2023-04-09 19:30:00,/Volumes/Argus/unk/snap/c1/1681068600.c1.snap.jpg,0.62227786
2023-04-09 20:00:00,/Volumes/Argus/unk/snap/c1/1681070400.c1.snap.jpg,0.61130595
2023-04-09 20:30:00,/Volumes/Argus/unk/snap/c1/1681072200.c1.snap.jpg,0.62315774
2023-04-09 21:00:00,/Volumes/Argus/unk/snap/c1/1681074000.c1.snap.jpg,0.6921625
2023-04-09 21:30:00,/Volumes/Argus/unk/snap/c1/1681075800.c1.snap.jpg,0.6630229
2023-04-09 22:00:00,/Volumes/Argus/unk/snap/c1/1681077600.c1.snap.jpg,0.7131926
2023-04-09 22:30:00,/Volumes/Argus/unk/snap/c1/1681079400.c1.snap.jpg,0.8035054
2023-04-09 23:00:00,/Volumes/Argus/unk/snap/c1/1681081200.c1.snap.jpg,0.7008691
2023-04-09 23:30:00,/Volumes/Argus/unk/snap/c1/1681083000.c1.snap.jpg,0.93902034
2023-04-10 00:00:00,/Volumes/Argus/unk/snap/c1/1681084800.c1.snap.jpg,0.6384648
2023-04-10 00:30:00,/Volumes/Argus/unk/snap/c1/1681086600.c1.snap.jpg,0.822724
2023-04-10 01:00:00,/Volumes/Argus/unk/snap/c1/1681088400.c1.snap.jpg,0.770058
2023-04-10 02:00:00,/Volumes/Argus/unk/snap/c1/1681092000.c1.snap.jpg,0.68865246
2023-04-10 02:30:00,/Volumes/Argus/unk/snap/c1/1681093800.c1.snap.jpg,0.7288965
2023-04-10 03:00:00,/Volumes/Argus/unk/snap/c1/1681095600.c1.snap.jpg,0.6917158
2023-04-10 03:30:00,/Volumes/Argus/unk/snap/c1/1681097400.c1.snap.jpg,0.74446386
2023-04-10 04:00:00,/Volumes/Argus/unk/snap/c1/1681099200.c1.snap.jpg,0.67175937
2023-04-10 04:30:00,/Volumes/Argus/unk/snap/c1/1681101000.c1.snap.jpg,0.727795
2023-04-10 05:30:00,/Volumes/Argus/unk/snap/c1/1681104600.c1.snap.jpg,0.68804634
2023-04-10 06:00:00,/Volumes/Argus/unk/snap/c1/1681106400.c1.snap.jpg,0.795915
2023-04-11 18:00:00,/Volumes/Argus/unk/snap/c1/1681236000.c1.snap.jpg,0.6333735
2023-04-11 18:30:00,/Volumes/Argus/unk/snap/c1/1681237800.c1.snap.jpg,0.6593069
2023-04-11 19:00:00,/Volumes/Argus/unk/snap/c1/1681239600.c1.snap.jpg,0.75174296
2023-04-11 19:30:00,/Volumes/Argus/unk/snap/c1/1681241400.c1.snap.jpg,0.7657805
2023-04-11 20:00:00,/Volumes/Argus/unk/snap/c1/1681243200.c1.snap.jpg,0.7817728
2023-04-11 20:30:00,/Volumes/Argus/unk/snap/c1/1681245000.c1.snap.jpg,0.810088
2023-04-11 21:00:00,/Volumes/Argus/unk/snap/c1/1681246800.c1.snap.jpg,0.7375519
2023-04-11 21:30:00,/Volumes/Argus/unk/snap/c1/1681248600.c1.snap.jpg,0.81802094
2023-04-11 22:00:00,/Volumes/Argus/unk/snap/c1/1681250400.c1.snap.jpg,0.77810633
2023-04-11 22:30:00,/Volumes/Argus/unk/snap/c1/1681252200.c1.snap.jpg,0.7217813
2023-04-11 23:00:00,/Volumes/Argus/unk/snap/c1/1681254000.c1.snap.jpg,0.70323867
2023-04-11 23:30:00,/Volumes/Argus/unk/snap/c1/1681255800.c1.snap.jpg,0.79933167
2023-04-12 00:00:00,/Volumes/Argus/unk/snap/c1/1681257600.c1.snap.jpg,0.70951295
2023-04-12 00:30:00,/Volumes/Argus/unk/snap/c1/1681259400.c1.snap.jpg,0.7740835
2023-04-12 01:00:00,/Volumes/Argus/unk/snap/c1/1681261200.c1.snap.jpg,0.9608557
2023-04-12 01:30:00,/Volumes/Argus/unk/snap/c1/1681263000.c1.snap.jpg,0.8917358
2023-04-12 02:00:00,/Volumes/Argus/unk/snap/c1/1681264800.c1.snap.jpg,0.83545655
2023-04-12 02:30:00,/Volumes/Argus/unk/snap/c1/1681266600.c1.snap.jpg,0.86603355
2023-04-12 03:30:00,/Volumes/Argus/unk/snap/c1/1681270200.c1.snap.jpg,0.8808594
2023-04-12 04:00:00,/Volumes/Argus/unk/snap/c1/1681272000.c1.snap.jpg,0.692043
2023-04-12 04:30:00,/Volumes/Argus/unk/snap/c1/1681273800.c1.snap.jpg,0.872118
2023-04-12 05:00:00,/Volumes/Argus/unk/snap/c1/1681275600.c1.snap.jpg,0.8880562
2023-04-12 05:30:00,/Volumes/Argus/unk/snap/c1/1681277400.c1.snap.jpg,0.7897604
2023-04-12 06:00:00,/Volumes/Argus/unk/snap/c1/1681279200.c1.snap.jpg,0.7592367
2023-04-12 18:30:00,/Volumes/Argus/unk/snap/c1/1681324200.c1.snap.jpg,0.48351887
2023-04-12 19:00:00,/Volumes/Argus/unk/snap/c1/1681326000.c1.snap.jpg,0.5079509
2023-04-12 20:00:00,/Volumes/Argus/unk/snap/c1/1681329600.c1.snap.jpg,0.49328163
2023-04-12 20:30:00,/Volumes/Argus/unk/snap/c1/1681331400.c1.snap.jpg,0.7454086
2023-04-12 21:00:00,/Volumes/Argus/unk/snap/c1/1681333200.c1.snap.jpg,0.73880756
2023-04-12 21:30:00,/Volumes/Argus/unk/snap/c1/1681335000.c1.snap.jpg,0.75328636
2023-04-12 22:00:00,/Volumes/Argus/unk/snap/c1/1681336800.c1.snap.jpg,0.8343954
2023-04-12 22:30:00,/Volumes/Argus/unk/snap/c1/1681338600.c1.snap.jpg,0.81430984
2023-04-12 23:00:00,/Volumes/Argus/unk/snap/c1/1681340400.c1.snap.jpg,0.81525856
2023-04-12 23:30:00,/Volumes/Argus/unk/snap/c1/1681342200.c1.snap.jpg,0.8483237
2023-04-13 00:30:00,/Volumes/Argus/unk/snap/c1/1681345800.c1.snap.jpg,0.6992038
2023-04-13 01:00:00,/Volumes/Argus/unk/snap/c1/1681347600.c1.snap.jpg,0.6315907
2023-04-13 01:30:00,/Volumes/Argus/unk/snap/c1/1681349400.c1.snap.jpg,0.5898826
2023-04-13 02:00:00,/Volumes/Argus/unk/snap/c1/1681351200.c1.snap.jpg,0.5655737
2023-04-13 03:00:00,/Volumes/Argus/unk/snap/c1/1681354800.c1.snap.jpg,0.6444267
2023-04-13 03:30:00,/Volumes/Argus/unk/snap/c1/1681356600.c1.snap.jpg,0.6516918
2023-04-13 04:30:00,/Volumes/Argus/unk/snap/c1/1681360200.c1.snap.jpg,0.70469457
2023-04-13 05:00:00,/Volumes/Argus/unk/snap/c1/1681362000.c1.snap.jpg,0.7394633
2023-04-13 05:30:00,/Volumes/Argus/unk/snap/c1/1681363800.c1.snap.jpg,0.7631768
2023-04-13 06:00:00,/Volumes/Argus/unk/snap/c1/1681365600.c1.snap.jpg,0.9025043
2023-04-13 16:30:00,/Volumes/Argus/unk/snap/c1/1681403400.c1.snap.jpg,0.64518595
2023-04-13 17:00:00,/Volumes/Argus/unk/snap/c1/1681405200.c1.snap.jpg,0.6753695
2023-04-13 17:30:00,/Volumes/Argus/unk/snap/c1/1681407000.c1.snap.jpg,0.78410506
2023-04-13 18:00:00,/Volumes/Argus/unk/snap/c1/1681408800.c1.snap.jpg,0.63965446
2023-04-13 18:30:00,/Volumes/Argus/unk/snap/c1/1681410600.c1.snap.jpg,0.6401531
2023-04-13 19:00:00,/Volumes/Argus/unk/snap/c1/1681412400.c1.snap.jpg,0.6315148
2023-04-13 19:30:00,/Volumes/Argus/unk/snap/c1/1681414200.c1.snap.jpg,0.6367512
2023-04-13 20:00:00,/Volumes/Argus/unk/snap/c1/1681416000.c1.snap.jpg,0.61355114
2023-04-13 20:30:00,/Volumes/Argus/unk/snap/c1/1681417800.c1.snap.jpg,0.6572721
2023-04-13 21:00:00,/Volumes/Argus/unk/snap/c1/1681419600.c1.snap.jpg,0.6894057
2023-04-13 21:30:00,/Volumes/Argus/unk/snap/c1/1681421400.c1.snap.jpg,0.7142132
2023-04-13 22:00:00,/Volumes/Argus/unk/snap/c1/1681423200.c1.snap.jpg,0.74570036
2023-04-13 22:30:00,/Volumes/Argus/unk/snap/c1/1681425000.c1.snap.jpg,0.76144123
2023-04-13 23:00:00,/Volumes/Argus/unk/snap/c1/1681426800.c1.snap.jpg,0.791847
2023-04-13 23:30:00,/Volumes/Argus/unk/snap/c1/1681428600.c1.snap.jpg,0.79217553
2023-04-14 00:00:00,/Volumes/Argus/unk/snap/c1/1681430400.c1.snap.jpg,0.7619897
2023-04-14 00:30:00,/Volumes/Argus/unk/snap/c1/1681432200.c1.snap.jpg,0.69100815
2023-04-14 01:00:00,/Volumes/Argus/unk/snap/c1/1681434000.c1.snap.jpg,0.6393832
2023-04-14 01:30:00,/Volumes/Argus/unk/snap/c1/1681435800.c1.snap.jpg,0.6104052
2023-04-14 02:00:00,/Volumes/Argus/unk/snap/c1/1681437600.c1.snap.jpg,0.591534
2023-04-14 02:30:00,/Volumes/Argus/unk/snap/c1/1681439400.c1.snap.jpg,0.6004203
2023-04-14 03:00:00,/Volumes/Argus/unk/snap/c1/1681441200.c1.snap.jpg,0.616512
2023-04-14 03:30:00,/Volumes/Argus/unk/snap/c1/1681443000.c1.snap.jpg,0.62617373
2023-04-14 04:00:00,/Volumes/Argus/unk/snap/c1/1681444800.c1.snap.jpg,0.5994903
2023-04-14 04:30:00,/Volumes/Argus/unk/snap/c1/1681446600.c1.snap.jpg,0.558075
2023-04-14 05:00:00,/Volumes/Argus/unk/snap/c1/1681448400.c1.snap.jpg,0.6839057
2023-04-14 05:30:00,/Volumes/Argus/unk/snap/c1/1681450200.c1.snap.jpg,0.7854413
2023-04-14 06:00:00,/Volumes/Argus/unk/snap/c1/1681452000.c1.snap.jpg,0.80705523
2023-04-14 16:30:00,/Volumes/Argus/unk/snap/c1/1681489800.c1.snap.jpg,0.6251569
2023-04-14 17:00:00,/Volumes/Argus/unk/snap/c1/1681491600.c1.snap.jpg,0.5980303
2023-04-14 17:30:00,/Volumes/Argus/unk/snap/c1/1681493400.c1.snap.jpg,0.58454597
2023-04-14 18:00:00,/Volumes/Argus/unk/snap/c1/1681495200.c1.snap.jpg,0.5819977
2023-04-14 18:30:00,/Volumes/Argus/unk/snap/c1/1681497000.c1.snap.jpg,0.6107403
2023-04-14 19:00:00,/Volumes/Argus/unk/snap/c1/1681498800.c1.snap.jpg,0.6315969
2023-04-14 19:30:00,/Volumes/Argus/unk/snap/c1/1681500600.c1.snap.jpg,0.6140117
2023-04-14 20:00:00,/Volumes/Argus/unk/snap/c1/1681502400.c1.snap.jpg,0.67540216
2023-04-14 20:30:00,/Volumes/Argus/unk/snap/c1/1681504200.c1.snap.jpg,0.684041
2023-04-14 21:00:00,/Volumes/Argus/unk/snap/c1/1681506000.c1.snap.jpg,0.7270022
2023-04-14 21:30:00,/Volumes/Argus/unk/snap/c1/1681507800.c1.snap.jpg,0.72590756
2023-04-14 22:00:00,/Volumes/Argus/unk/snap/c1/1681509600.c1.snap.jpg,0.7813394
2023-04-14 22:30:00,/Volumes/Argus/unk/snap/c1/1681511400.c1.snap.jpg,0.8007098
2023-04-14 23:00:00,/Volumes/Argus/unk/snap/c1/1681513200.c1.snap.jpg,0.8145712
2023-04-14 23:30:00,/Volumes/Argus/unk/snap/c1/1681515000.c1.snap.jpg,0.856183
2023-04-15 00:00:00,/Volumes/Argus/unk/snap/c1/1681516800.c1.snap.jpg,0.81037986
2023-04-15 00:30:00,/Volumes/Argus/unk/snap/c1/1681518600.c1.snap.jpg,0.69319123
2023-04-15 01:00:00,/Volumes/Argus/unk/snap/c1/1681520400.c1.snap.jpg,0.6890042
2023-04-15 01:30:00,/Volumes/Argus/unk/snap/c1/1681522200.c1.snap.jpg,0.6387987
2023-04-15 02:00:00,/Volumes/Argus/unk/snap/c1/1681524000.c1.snap.jpg,0.66979146
2023-04-15 03:30:00,/Volumes/Argus/unk/snap/c1/1681529400.c1.snap.jpg,0.6692905
2023-04-15 04:00:00,/Volumes/Argus/unk/snap/c1/1681531200.c1.snap.jpg,0.6909888
2023-04-15 04:30:00,/Volumes/Argus/unk/snap/c1/1681533000.c1.snap.jpg,0.70358807
2023-04-15 05:00:00,/Volumes/Argus/unk/snap/c1/1681534800.c1.snap.jpg,0.71530163
2023-04-15 05:30:00,/Volumes/Argus/unk/snap/c1/1681536600.c1.snap.jpg,0.67625904
2023-04-15 06:00:00,/Volumes/Argus/unk/snap/c1/1681538400.c1.snap.jpg,0.67267597
2023-04-15 16:30:00,/Volumes/Argus/unk/snap/c1/1681576200.c1.snap.jpg,0.62755096
2023-04-15 17:00:00,/Volumes/Argus/unk/snap/c1/1681578000.c1.snap.jpg,0.6410164
2023-04-15 17:30:00,/Volumes/Argus/unk/snap/c1/1681579800.c1.snap.jpg,0.6465889
2023-04-15 18:00:00,/Volumes/Argus/unk/snap/c1/1681581600.c1.snap.jpg,0.5940238
2023-04-15 19:30:00,/Volumes/Argus/unk/snap/c1/1681587000.c1.snap.jpg,0.6745175
2023-04-15 20:00:00,/Volumes/Argus/unk/snap/c1/1681588800.c1.snap.jpg,0.67595947
2023-04-15 20:30:00,/Volumes/Argus/unk/snap/c1/1681590600.c1.snap.jpg,0.68758
2023-04-15 21:00:00,/Volumes/Argus/unk/snap/c1/1681592400.c1.snap.jpg,0.7063918
2023-04-15 21:30:00,/Volumes/Argus/unk/snap/c1/1681594200.c1.snap.jpg,0.7036467
2023-04-15 22:30:00,/Volumes/Argus/unk/snap/c1/1681597800.c1.snap.jpg,0.8612039
2023-04-15 23:00:00,/Volumes/Argus/unk/snap/c1/1681599600.c1.snap.jpg,0.8825189
2023-04-15 23:30:00,/Volumes/Argus/unk/snap/c1/1681601400.c1.snap.jpg,0.84754574
2023-04-16 00:00:00,/Volumes/Argus/unk/snap/c1/1681603200.c1.snap.jpg,0.80352354
2023-04-16 00:30:00,/Volumes/Argus/unk/snap/c1/1681605000.c1.snap.jpg,0.75245225
2023-04-16 01:00:00,/Volumes/Argus/unk/snap/c1/1681606800.c1.snap.jpg,0.71273077
2023-04-16 01:30:00,/Volumes/Argus/unk/snap/c1/1681608600.c1.snap.jpg,0.63083637
2023-04-16 02:00:00,/Volumes/Argus/unk/snap/c1/1681610400.c1.snap.jpg,0.6364573
2023-04-16 02:30:00,/Volumes/Argus/unk/snap/c1/1681612200.c1.snap.jpg,0.73385584
2023-04-16 03:00:00,/Volumes/Argus/unk/snap/c1/1681614000.c1.snap.jpg,0.69978297
2023-04-16 03:30:00,/Volumes/Argus/unk/snap/c1/1681615800.c1.snap.jpg,0.72004056
2023-04-16 04:00:00,/Volumes/Argus/unk/snap/c1/1681617600.c1.snap.jpg,0.65441227
2023-04-16 04:30:00,/Volumes/Argus/unk/snap/c1/1681619400.c1.snap.jpg,0.5862415
2023-04-16 05:00:00,/Volumes/Argus/unk/snap/c1/1681621200.c1.snap.jpg,0.74768704
2023-04-16 05:30:00,/Volumes/Argus/unk/snap/c1/1681623000.c1.snap.jpg,0.75642496
2023-04-16 06:00:00,/Volumes/Argus/unk/snap/c1/1681624800.c1.snap.jpg,0.741436
2023-04-16 16:30:00,/Volumes/Argus/unk/snap/c1/1681662600.c1.snap.jpg,0.61212
2023-04-16 17:00:00,/Volumes/Argus/unk/snap/c1/1681664400.c1.snap.jpg,0.6432538
2023-04-16 17:30:00,/Volumes/Argus/unk/snap/c1/1681666200.c1.snap.jpg,0.62800914
2023-04-16 18:00:00,/Volumes/Argus/unk/snap/c1/1681668000.c1.snap.jpg,0.57585514
2023-04-16 18:30:00,/Volumes/Argus/unk/snap/c1/1681669800.c1.snap.jpg,0.5693058
2023-04-16 19:30:00,/Volumes/Argus/unk/snap/c1/1681673400.c1.snap.jpg,0.601885
2023-04-16 20:30:00,/Volumes/Argus/unk/snap/c1/1681677000.c1.snap.jpg,0.7139069
2023-04-16 21:00:00,/Volumes/Argus/unk/snap/c1/1681678800.c1.snap.jpg,0.7554394
2023-04-16 21:30:00,/Volumes/Argus/unk/snap/c1/1681680600.c1.snap.jpg,0.90994716
2023-04-16 22:00:00,/Volumes/Argus/unk/snap/c1/1681682400.c1.snap.jpg,0.80301285
2023-04-16 22:30:00,/Volumes/Argus/unk/snap/c1/1681684200.c1.snap.jpg,0.65824056
2023-04-16 23:00:00,/Volumes/Argus/unk/snap/c1/1681686000.c1.snap.jpg,0.90699995
2023-04-16 23:30:00,/Volumes/Argus/unk/snap/c1/1681687800.c1.snap.jpg,0.8541999
2023-04-17 00:00:00,/Volumes/Argus/unk/snap/c1/1681689600.c1.snap.jpg,0.68379885
2023-04-17 00:30:00,/Volumes/Argus/unk/snap/c1/1681691400.c1.snap.jpg,0.9045572
2023-04-17 01:30:00,/Volumes/Argus/unk/snap/c1/1681695000.c1.snap.jpg,0.5537125
2023-04-17 03:00:00,/Volumes/Argus/unk/snap/c1/1681700400.c1.snap.jpg,0.6287648
2023-04-17 03:30:00,/Volumes/Argus/unk/snap/c1/1681702200.c1.snap.jpg,0.712591
2023-04-17 04:00:00,/Volumes/Argus/unk/snap/c1/1681704000.c1.snap.jpg,0.6847091
2023-04-17 04:30:00,/Volumes/Argus/unk/snap/c1/1681705800.c1.snap.jpg,0.71065146
2023-04-17 05:30:00,/Volumes/Argus/unk/snap/c1/1681709400.c1.snap.jpg,0.78932464
2023-04-17 06:00:00,/Volumes/Argus/unk/snap/c1/1681711200.c1.snap.jpg,0.5945211
2023-04-17 16:30:00,/Volumes/Argus/unk/snap/c1/1681749000.c1.snap.jpg,0.6621993
2023-04-17 17:00:00,/Volumes/Argus/unk/snap/c1/1681750800.c1.snap.jpg,0.6424995
2023-04-17 17:30:00,/Volumes/Argus/unk/snap/c1/1681752600.c1.snap.jpg,0.5354033
2023-04-17 18:00:00,/Volumes/Argus/unk/snap/c1/1681754400.c1.snap.jpg,0.57491606
2023-04-17 18:30:00,/Volumes/Argus/unk/snap/c1/1681756200.c1.snap.jpg,0.52990913
2023-04-17 19:00:00,/Volumes/Argus/unk/snap/c1/1681758000.c1.snap.jpg,0.6520826
2023-04-17 19:30:00,/Volumes/Argus/unk/snap/c1/1681759800.c1.snap.jpg,0.63102597
2023-04-17 20:00:00,/Volumes/Argus/unk/snap/c1/1681761600.c1.snap.jpg,0.6839634
2023-04-17 20:30:00,/Volumes/Argus/unk/snap/c1/1681763400.c1.snap.jpg,0.7268963
2023-04-17 21:00:00,/Volumes/Argus/unk/snap/c1/1681765200.c1.snap.jpg,0.73368776
2023-04-17 21:30:00,/Volumes/Argus/unk/snap/c1/1681767000.c1.snap.jpg,0.7934697
2023-04-17 22:00:00,/Volumes/Argus/unk/snap/c1/1681768800.c1.snap.jpg,0.8407619
2023-04-17 22:30:00,/Volumes/Argus/unk/snap/c1/1681770600.c1.snap.jpg,0.8706557
2023-04-17 23:00:00,/Volumes/Argus/unk/snap/c1/1681772400.c1.snap.jpg,0.8642702
2023-04-18 00:00:00,/Volumes/Argus/unk/snap/c1/1681776000.c1.snap.jpg,0.7821187
2023-04-18 01:00:00,/Volumes/Argus/unk/snap/c1/1681779600.c1.snap.jpg,0.7100855
2023-04-18 01:30:00,/Volumes/Argus/unk/snap/c1/1681781400.c1.snap.jpg,0.620466
2023-04-18 02:00:00,/Volumes/Argus/unk/snap/c1/1681783200.c1.snap.jpg,0.68869483
2023-04-18 02:30:00,/Volumes/Argus/unk/snap/c1/1681785000.c1.snap.jpg,0.74634624
2023-04-18 03:00:00,/Volumes/Argus/unk/snap/c1/1681786800.c1.snap.jpg,0.75168073
2023-04-18 03:30:00,/Volumes/Argus/unk/snap/c1/1681788600.c1.snap.jpg,0.78549623
2023-04-18 04:00:00,/Volumes/Argus/unk/snap/c1/1681790400.c1.snap.jpg,0.8179174
2023-04-18 04:30:00,/Volumes/Argus/unk/snap/c1/1681792200.c1.snap.jpg,0.7278648
2023-04-18 05:00:00,/Volumes/Argus/unk/snap/c1/1681794000.c1.snap.jpg,0.79028475
2023-04-18 05:30:00,/Volumes/Argus/unk/snap/c1/1681795800.c1.snap.jpg,0.82561636
2023-04-18 06:00:00,/Volumes/Argus/unk/snap/c1/1681797600.c1.snap.jpg,0.76895833
2023-04-18 16:30:00,/Volumes/Argus/unk/snap/c1/1681835400.c1.snap.jpg,0.6529919
2023-04-18 17:00:00,/Volumes/Argus/unk/snap/c1/1681837200.c1.snap.jpg,0.7175419
2023-04-18 17:30:00,/Volumes/Argus/unk/snap/c1/1681839000.c1.snap.jpg,0.62976885
2023-04-18 18:00:00,/Volumes/Argus/unk/snap/c1/1681840800.c1.snap.jpg,0.54979444
2023-04-18 18:30:00,/Volumes/Argus/unk/snap/c1/1681842600.c1.snap.jpg,0.5383782
2023-04-18 19:00:00,/Volumes/Argus/unk/snap/c1/1681844400.c1.snap.jpg,0.6059475
2023-04-18 19:30:00,/Volumes/Argus/unk/snap/c1/1681846200.c1.snap.jpg,0.651736
2023-04-18 20:00:00,/Volumes/Argus/unk/snap/c1/1681848000.c1.snap.jpg,0.654914
2023-04-18 20:30:00,/Volumes/Argus/unk/snap/c1/1681849800.c1.snap.jpg,0.66736805
2023-04-18 21:00:00,/Volumes/Argus/unk/snap/c1/1681851600.c1.snap.jpg,0.7008857
2023-04-18 21:30:00,/Volumes/Argus/unk/snap/c1/1681853400.c1.snap.jpg,0.7276976
2023-04-18 22:00:00,/Volumes/Argus/unk/snap/c1/1681855200.c1.snap.jpg,0.7858335
2023-04-18 22:30:00,/Volumes/Argus/unk/snap/c1/1681857000.c1.snap.jpg,0.8410871
2023-04-18 23:00:00,/Volumes/Argus/unk/snap/c1/1681858800.c1.snap.jpg,0.8590815
2023-04-18 23:30:00,/Volumes/Argus/unk/snap/c1/1681860600.c1.snap.jpg,0.83141685
2023-04-19 00:00:00,/Volumes/Argus/unk/snap/c1/1681862400.c1.snap.jpg,0.79191875
2023-04-19 00:30:00,/Volumes/Argus/unk/snap/c1/1681864200.c1.snap.jpg,0.72763216
2023-04-19 01:00:00,/Volumes/Argus/unk/snap/c1/1681866000.c1.snap.jpg,0.67824423
2023-04-19 01:30:00,/Volumes/Argus/unk/snap/c1/1681867800.c1.snap.jpg,0.64346945
2023-04-19 02:00:00,/Volumes/Argus/unk/snap/c1/1681869600.c1.snap.jpg,0.6644188
2023-04-19 02:30:00,/Volumes/Argus/unk/snap/c1/1681871400.c1.snap.jpg,0.6785008
2023-04-19 03:30:00,/Volumes/Argus/unk/snap/c1/1681875000.c1.snap.jpg,0.6852292
2023-04-19 04:00:00,/Volumes/Argus/unk/snap/c1/1681876800.c1.snap.jpg,0.65011436
2023-04-19 04:30:00,/Volumes/Argus/unk/snap/c1/1681878600.c1.snap.jpg,0.6973906
2023-04-19 05:00:00,/Volumes/Argus/unk/snap/c1/1681880400.c1.snap.jpg,0.750528
2023-04-19 05:30:00,/Volumes/Argus/unk/snap/c1/1681882200.c1.snap.jpg,0.8157161
2023-04-19 06:00:00,/Volumes/Argus/unk/snap/c1/1681884000.c1.snap.jpg,0.6414649
2023-04-19 16:30:00,/Volumes/Argus/unk/snap/c1/1681921800.c1.snap.jpg,0.6170828
2023-04-19 17:00:00,/Volumes/Argus/unk/snap/c1/1681923600.c1.snap.jpg,0.6402829
2023-04-19 17:30:00,/Volumes/Argus/unk/snap/c1/1681925400.c1.snap.jpg,0.5859635
2023-04-19 18:00:00,/Volumes/Argus/unk/snap/c1/1681927200.c1.snap.jpg,0.53719246
2023-04-19 18:30:00,/Volumes/Argus/unk/snap/c1/1681929000.c1.snap.jpg,0.52652717
2023-04-19 19:00:00,/Volumes/Argus/unk/snap/c1/1681930800.c1.snap.jpg,0.57352185
2023-04-19 19:30:00,/Volumes/Argus/unk/snap/c1/1681932600.c1.snap.jpg,0.6352628
2023-04-19 20:00:00,/Volumes/Argus/unk/snap/c1/1681934400.c1.snap.jpg,0.6074387
2023-04-19 20:30:00,/Volumes/Argus/unk/snap/c1/1681936200.c1.snap.jpg,0.64877903
2023-04-19 21:00:00,/Volumes/Argus/unk/snap/c1/1681938000.c1.snap.jpg,0.6748984
2023-04-19 21:30:00,/Volumes/Argus/unk/snap/c1/1681939800.c1.snap.jpg,0.7203528
2023-04-19 22:00:00,/Volumes/Argus/unk/snap/c1/1681941600.c1.snap.jpg,0.74829495
2023-04-19 22:30:00,/Volumes/Argus/unk/snap/c1/1681943400.c1.snap.jpg,0.7739446
2023-04-19 23:00:00,/Volumes/Argus/unk/snap/c1/1681945200.c1.snap.jpg,0.7465382
2023-04-19 23:30:00,/Volumes/Argus/unk/snap/c1/1681947000.c1.snap.jpg,0.75278413
2023-04-20 00:00:00,/Volumes/Argus/unk/snap/c1/1681948800.c1.snap.jpg,0.7181024
2023-04-20 00:30:00,/Volumes/Argus/unk/snap/c1/1681950600.c1.snap.jpg,0.69107056
2023-04-20 01:00:00,/Volumes/Argus/unk/snap/c1/1681952400.c1.snap.jpg,0.67184067
2023-04-20 01:30:00,/Volumes/Argus/unk/snap/c1/1681954200.c1.snap.jpg,0.6423476
2023-04-20 02:00:00,/Volumes/Argus/unk/snap/c1/1681956000.c1.snap.jpg,0.65064496
2023-04-20 02:30:00,/Volumes/Argus/unk/snap/c1/1681957800.c1.snap.jpg,0.6452044
2023-04-20 03:00:00,/Volumes/Argus/unk/snap/c1/1681959600.c1.snap.jpg,0.6865533
2023-04-20 03:30:00,/Volumes/Argus/unk/snap/c1/1681961400.c1.snap.jpg,0.66481024
2023-04-20 04:00:00,/Volumes/Argus/unk/snap/c1/1681963200.c1.snap.jpg,0.6597749
2023-04-20 04:30:00,/Volumes/Argus/unk/snap/c1/1681965000.c1.snap.jpg,0.6941645
2023-04-20 05:00:00,/Volumes/Argus/unk/snap/c1/1681966800.c1.snap.jpg,0.7361388
2023-04-20 05:30:00,/Volumes/Argus/unk/snap/c1/1681968600.c1.snap.jpg,0.8592676
2023-04-20 06:00:00,/Volumes/Argus/unk/snap/c1/1681970400.c1.snap.jpg,0.7391078
2023-04-20 16:30:00,/Volumes/Argus/unk/snap/c1/1682008200.c1.snap.jpg,0.6404114
2023-04-20 17:30:00,/Volumes/Argus/unk/snap/c1/1682011800.c1.snap.jpg,0.55435586
2023-04-20 18:00:00,/Volumes/Argus/unk/snap/c1/1682013600.c1.snap.jpg,0.51289165
2023-04-20 18:30:00,/Volumes/Argus/unk/snap/c1/1682015400.c1.snap.jpg,0.49231482
2023-04-20 19:00:00,/Volumes/Argus/unk/snap/c1/1682017200.c1.snap.jpg,0.5226762
2023-04-20 19:30:00,/Volumes/Argus/unk/snap/c1/1682019000.c1.snap.jpg,0.5291271
2023-04-20 20:00:00,/Volumes/Argus/unk/snap/c1/1682020800.c1.snap.jpg,0.55981886
2023-04-20 20:30:00,/Volumes/Argus/unk/snap/c1/1682022600.c1.snap.jpg,0.5646174
2023-04-20 21:00:00,/Volumes/Argus/unk/snap/c1/1682024400.c1.snap.jpg,0.59604764
2023-04-20 21:30:00,/Volumes/Argus/unk/snap/c1/1682026200.c1.snap.jpg,0.6627072
2023-04-20 22:30:00,/Volumes/Argus/unk/snap/c1/1682029800.c1.snap.jpg,0.6542521
2023-04-20 23:00:00,/Volumes/Argus/unk/snap/c1/1682031600.c1.snap.jpg,0.65477693
2023-04-20 23:30:00,/Volumes/Argus/unk/snap/c1/1682033400.c1.snap.jpg,0.64331055
2023-04-21 00:00:00,/Volumes/Argus/unk/snap/c1/1682035200.c1.snap.jpg,0.6402519
2023-04-21 00:30:00,/Volumes/Argus/unk/snap/c1/1682037000.c1.snap.jpg,0.6292559
2023-04-21 01:00:00,/Volumes/Argus/unk/snap/c1/1682038800.c1.snap.jpg,0.6504398
2023-04-21 01:30:00,/Volumes/Argus/unk/snap/c1/1682040600.c1.snap.jpg,0.67619824
2023-04-21 02:00:00,/Volumes/Argus/unk/snap/c1/1682042400.c1.snap.jpg,0.68212795
2023-04-21 03:00:00,/Volumes/Argus/unk/snap/c1/1682046000.c1.snap.jpg,0.6961513
2023-04-21 03:30:00,/Volumes/Argus/unk/snap/c1/1682047800.c1.snap.jpg,0.6544072
2023-04-21 04:00:00,/Volumes/Argus/unk/snap/c1/1682049600.c1.snap.jpg,0.6965388
2023-04-21 04:30:00,/Volumes/Argus/unk/snap/c1/1682051400.c1.snap.jpg,0.7226766
2023-04-21 05:00:00,/Volumes/Argus/unk/snap/c1/1682053200.c1.snap.jpg,0.78145313
2023-04-21 05:30:00,/Volumes/Argus/unk/snap/c1/1682055000.c1.snap.jpg,0.941201
2023-04-21 06:00:00,/Volumes/Argus/unk/snap/c1/1682056800.c1.snap.jpg,0.83045805
2023-04-21 16:30:00,/Volumes/Argus/unk/snap/c1/1682094600.c1.snap.jpg,0.59559065
2023-04-21 17:00:00,/Volumes/Argus/unk/snap/c1/1682096400.c1.snap.jpg,0.6653271
2023-04-21 17:30:00,/Volumes/Argus/unk/snap/c1/1682098200.c1.snap.jpg,0.58948374
2023-04-21 18:00:00,/Volumes/Argus/unk/snap/c1/1682100000.c1.snap.jpg,0.5324878
2023-04-21 18:30:00,/Volumes/Argus/unk/snap/c1/1682101800.c1.snap.jpg,0.52084696
2023-04-21 19:00:00,/Volumes/Argus/unk/snap/c1/1682103600.c1.snap.jpg,0.5254053
2023-04-21 19:30:00,/Volumes/Argus/unk/snap/c1/1682105400.c1.snap.jpg,0.5593145
2023-04-21 20:00:00,/Volumes/Argus/unk/snap/c1/1682107200.c1.snap.jpg,0.5808127
2023-04-21 20:30:00,/Volumes/Argus/unk/snap/c1/1682109000.c1.snap.jpg,0.56143034
2023-04-21 21:00:00,/Volumes/Argus/unk/snap/c1/1682110800.c1.snap.jpg,0.60548633
2023-04-21 21:30:00,/Volumes/Argus/unk/snap/c1/1682112600.c1.snap.jpg,0.63467777
2023-04-21 22:00:00,/Volumes/Argus/unk/snap/c1/1682114400.c1.snap.jpg,0.6284292
2023-04-21 22:30:00,/Volumes/Argus/unk/snap/c1/1682116200.c1.snap.jpg,0.62074643
2023-04-21 23:00:00,/Volumes/Argus/unk/snap/c1/1682118000.c1.snap.jpg,0.59643686
2023-04-21 23:30:00,/Volumes/Argus/unk/snap/c1/1682119800.c1.snap.jpg,0.57562584
2023-04-22 00:00:00,/Volumes/Argus/unk/snap/c1/1682121600.c1.snap.jpg,0.5934454
2023-04-22 00:30:00,/Volumes/Argus/unk/snap/c1/1682123400.c1.snap.jpg,0.611876
2023-04-22 01:30:00,/Volumes/Argus/unk/snap/c1/1682127000.c1.snap.jpg,0.6210932
2023-04-22 02:00:00,/Volumes/Argus/unk/snap/c1/1682128800.c1.snap.jpg,0.61129534
2023-04-22 03:00:00,/Volumes/Argus/unk/snap/c1/1682132400.c1.snap.jpg,0.6623982
2023-04-22 03:30:00,/Volumes/Argus/unk/snap/c1/1682134200.c1.snap.jpg,0.5898019
2023-04-22 04:00:00,/Volumes/Argus/unk/snap/c1/1682136000.c1.snap.jpg,0.68836033
2023-04-22 04:30:00,/Volumes/Argus/unk/snap/c1/1682137800.c1.snap.jpg,0.71814966
2023-04-22 06:00:00,/Volumes/Argus/unk/snap/c1/1682143200.c1.snap.jpg,0.7798509
2023-04-22 16:30:00,/Volumes/Argus/unk/snap/c1/1682181000.c1.snap.jpg,0.62073696
2023-04-22 17:30:00,/Volumes/Argus/unk/snap/c1/1682184600.c1.snap.jpg,0.5882842
2023-04-22 18:00:00,/Volumes/Argus/unk/snap/c1/1682186400.c1.snap.jpg,0.5355525
2023-04-22 18:30:00,/Volumes/Argus/unk/snap/c1/1682188200.c1.snap.jpg,0.5509745
2023-04-22 19:00:00,/Volumes/Argus/unk/snap/c1/1682190000.c1.snap.jpg,0.5140439
2023-04-22 19:30:00,/Volumes/Argus/unk/snap/c1/1682191800.c1.snap.jpg,0.5218448
2023-04-22 20:00:00,/Volumes/Argus/unk/snap/c1/1682193600.c1.snap.jpg,0.5341912
2023-04-22 20:30:00,/Volumes/Argus/unk/snap/c1/1682195400.c1.snap.jpg,0.5550486
2023-04-22 21:00:00,/Volumes/Argus/unk/snap/c1/1682197200.c1.snap.jpg,0.57903266
2023-04-22 21:30:00,/Volumes/Argus/unk/snap/c1/1682199000.c1.snap.jpg,0.6039648
2023-04-22 22:00:00,/Volumes/Argus/unk/snap/c1/1682200800.c1.snap.jpg,0.6071447
2023-04-22 22:30:00,/Volumes/Argus/unk/snap/c1/1682202600.c1.snap.jpg,0.6075612
2023-04-22 23:00:00,/Volumes/Argus/unk/snap/c1/1682204400.c1.snap.jpg,0.58321375
2023-04-22 23:30:00,/Volumes/Argus/unk/snap/c1/1682206200.c1.snap.jpg,0.5865351
2023-04-23 00:00:00,/Volumes/Argus/unk/snap/c1/1682208000.c1.snap.jpg,0.59239465
2023-04-23 00:30:00,/Volumes/Argus/unk/snap/c1/1682209800.c1.snap.jpg,0.5991038
2023-04-23 01:00:00,/Volumes/Argus/unk/snap/c1/1682211600.c1.snap.jpg,0.6222627
2023-04-23 01:30:00,/Volumes/Argus/unk/snap/c1/1682213400.c1.snap.jpg,0.6317199
2023-04-23 02:00:00,/Volumes/Argus/unk/snap/c1/1682215200.c1.snap.jpg,0.67183805
2023-04-23 02:30:00,/Volumes/Argus/unk/snap/c1/1682217000.c1.snap.jpg,0.7293619
2023-04-23 03:00:00,/Volumes/Argus/unk/snap/c1/1682218800.c1.snap.jpg,0.6591641
2023-04-23 03:30:00,/Volumes/Argus/unk/snap/c1/1682220600.c1.snap.jpg,0.57197535
2023-04-23 04:00:00,/Volumes/Argus/unk/snap/c1/1682222400.c1.snap.jpg,0.61956096
2023-04-23 04:30:00,/Volumes/Argus/unk/snap/c1/1682224200.c1.snap.jpg,0.6466684
2023-04-23 05:00:00,/Volumes/Argus/unk/snap/c1/1682226000.c1.snap.jpg,0.7024245
2023-04-23 05:30:00,/Volumes/Argus/unk/snap/c1/1682227800.c1.snap.jpg,0.85524887
2023-04-23 06:00:00,/Volumes/Argus/unk/snap/c1/1682229600.c1.snap.jpg,0.8059862
2023-04-23 15:00:00,/Volumes/Argus/unk/snap/c1/1682262000.c1.snap.jpg,0.63715374
2023-04-23 15:30:00,/Volumes/Argus/unk/snap/c1/1682263800.c1.snap.jpg,0.6216803
2023-04-23 16:00:00,/Volumes/Argus/unk/snap/c1/1682265600.c1.snap.jpg,0.57128346
2023-04-23 16:30:00,/Volumes/Argus/unk/snap/c1/1682267400.c1.snap.jpg,0.6783644
2023-04-23 17:00:00,/Volumes/Argus/unk/snap/c1/1682269200.c1.snap.jpg,0.69730633
2023-04-23 17:30:00,/Volumes/Argus/unk/snap/c1/1682271000.c1.snap.jpg,0.6506623
2023-04-23 18:00:00,/Volumes/Argus/unk/snap/c1/1682272800.c1.snap.jpg,0.60409015
2023-04-23 18:30:00,/Volumes/Argus/unk/snap/c1/1682274600.c1.snap.jpg,0.55874753
2023-04-23 19:00:00,/Volumes/Argus/unk/snap/c1/1682276400.c1.snap.jpg,0.5254216
2023-04-23 19:30:00,/Volumes/Argus/unk/snap/c1/1682278200.c1.snap.jpg,0.52736264
2023-04-23 20:00:00,/Volumes/Argus/unk/snap/c1/1682280000.c1.snap.jpg,0.5492339
2023-04-23 20:30:00,/Volumes/Argus/unk/snap/c1/1682281800.c1.snap.jpg,0.54930234
2023-04-23 21:00:00,/Volumes/Argus/unk/snap/c1/1682283600.c1.snap.jpg,0.5393026
2023-04-23 21:30:00,/Volumes/Argus/unk/snap/c1/1682285400.c1.snap.jpg,0.53779703
2023-04-23 22:00:00,/Volumes/Argus/unk/snap/c1/1682287200.c1.snap.jpg,0.5610548
2023-04-23 22:30:00,/Volumes/Argus/unk/snap/c1/1682289000.c1.snap.jpg,0.5727556
2023-04-23 23:00:00,/Volumes/Argus/unk/snap/c1/1682290800.c1.snap.jpg,0.55217755
2023-04-23 23:30:00,/Volumes/Argus/unk/snap/c1/1682292600.c1.snap.jpg,0.5501938
2023-04-24 00:00:00,/Volumes/Argus/unk/snap/c1/1682294400.c1.snap.jpg,0.5684177
2023-04-24 00:30:00,/Volumes/Argus/unk/snap/c1/1682296200.c1.snap.jpg,0.5979919
2023-04-24 01:00:00,/Volumes/Argus/unk/snap/c1/1682298000.c1.snap.jpg,0.63596404
2023-04-24 01:30:00,/Volumes/Argus/unk/snap/c1/1682299800.c1.snap.jpg,0.64678544
2023-04-24 02:00:00,/Volumes/Argus/unk/snap/c1/1682301600.c1.snap.jpg,0.6454606
2023-04-24 02:30:00,/Volumes/Argus/unk/snap/c1/1682303400.c1.snap.jpg,0.7062467
2023-04-24 03:00:00,/Volumes/Argus/unk/snap/c1/1682305200.c1.snap.jpg,0.68206805
2023-04-24 03:30:00,/Volumes/Argus/unk/snap/c1/1682307000.c1.snap.jpg,0.58967185
2023-04-24 04:00:00,/Volumes/Argus/unk/snap/c1/1682308800.c1.snap.jpg,0.619864
2023-04-24 04:30:00,/Volumes/Argus/unk/snap/c1/1682310600.c1.snap.jpg,0.6636055
2023-04-24 05:00:00,/Volumes/Argus/unk/snap/c1/1682312400.c1.snap.jpg,0.662221
2023-04-24 05:30:00,/Volumes/Argus/unk/snap/c1/1682314200.c1.snap.jpg,0.77577764
2023-04-24 06:00:00,/Volumes/Argus/unk/snap/c1/1682316000.c1.snap.jpg,0.65108
2023-04-24 15:00:00,/Volumes/Argus/unk/snap/c1/1682348400.c1.snap.jpg,0.6816058
2023-04-24 15:30:00,/Volumes/Argus/unk/snap/c1/1682350200.c1.snap.jpg,0.5608597
2023-04-24 16:00:00,/Volumes/Argus/unk/snap/c1/1682352000.c1.snap.jpg,0.54229105
2023-04-24 16:30:00,/Volumes/Argus/unk/snap/c1/1682353800.c1.snap.jpg,0.6391603
2023-04-24 17:00:00,/Volumes/Argus/unk/snap/c1/1682355600.c1.snap.jpg,0.6345567
2023-04-24 17:30:00,/Volumes/Argus/unk/snap/c1/1682357400.c1.snap.jpg,0.58447087
2023-04-24 18:00:00,/Volumes/Argus/unk/snap/c1/1682359200.c1.snap.jpg,0.5879797
2023-04-24 18:30:00,/Volumes/Argus/unk/snap/c1/1682361000.c1.snap.jpg,0.5839975
2023-04-24 19:00:00,/Volumes/Argus/unk/snap/c1/1682362800.c1.snap.jpg,0.5681679
2023-04-24 20:00:00,/Volumes/Argus/unk/snap/c1/1682366400.c1.snap.jpg,0.63902384
2023-04-24 20:30:00,/Volumes/Argus/unk/snap/c1/1682368200.c1.snap.jpg,0.67203856
2023-04-24 21:00:00,/Volumes/Argus/unk/snap/c1/1682370000.c1.snap.jpg,0.60486627
2023-04-24 21:30:00,/Volumes/Argus/unk/snap/c1/1682371800.c1.snap.jpg,0.686087
2023-04-24 22:00:00,/Volumes/Argus/unk/snap/c1/1682373600.c1.snap.jpg,0.6788999
2023-04-24 22:30:00,/Volumes/Argus/unk/snap/c1/1682375400.c1.snap.jpg,0.6682264
2023-04-24 23:00:00,/Volumes/Argus/unk/snap/c1/1682377200.c1.snap.jpg,0.65984166
2023-04-24 23:30:00,/Volumes/Argus/unk/snap/c1/1682379000.c1.snap.jpg,0.60119057
2023-04-25 00:00:00,/Volumes/Argus/unk/snap/c1/1682380800.c1.snap.jpg,0.5775657
2023-04-25 00:30:00,/Volumes/Argus/unk/snap/c1/1682382600.c1.snap.jpg,0.60999644
2023-04-25 01:00:00,/Volumes/Argus/unk/snap/c1/1682384400.c1.snap.jpg,0.6126259
2023-04-25 01:30:00,/Volumes/Argus/unk/snap/c1/1682386200.c1.snap.jpg,0.62370354
2023-04-25 02:00:00,/Volumes/Argus/unk/snap/c1/1682388000.c1.snap.jpg,0.61740494
2023-04-25 03:00:00,/Volumes/Argus/unk/snap/c1/1682391600.c1.snap.jpg,0.62892854
2023-04-25 03:30:00,/Volumes/Argus/unk/snap/c1/1682393400.c1.snap.jpg,0.5748626
2023-04-25 04:00:00,/Volumes/Argus/unk/snap/c1/1682395200.c1.snap.jpg,0.6020438
2023-04-25 04:30:00,/Volumes/Argus/unk/snap/c1/1682397000.c1.snap.jpg,0.6019833
2023-04-25 05:00:00,/Volumes/Argus/unk/snap/c1/1682398800.c1.snap.jpg,0.6449288
2023-04-25 06:00:00,/Volumes/Argus/unk/snap/c1/1682402400.c1.snap.jpg,0.70736676
2023-04-25 17:30:00,/Volumes/Argus/unk/snap/c1/1682443800.c1.snap.jpg,0.5827681
2023-04-25 18:00:00,/Volumes/Argus/unk/snap/c1/1682445600.c1.snap.jpg,0.5536499
2023-04-25 18:30:00,/Volumes/Argus/unk/snap/c1/1682447400.c1.snap.jpg,0.5542227
2023-04-25 19:00:00,/Volumes/Argus/unk/snap/c1/1682449200.c1.snap.jpg,0.5661384
2023-04-25 19:30:00,/Volumes/Argus/unk/snap/c1/1682451000.c1.snap.jpg,0.53858656
2023-04-25 20:00:00,/Volumes/Argus/unk/snap/c1/1682452800.c1.snap.jpg,0.6112209
2023-04-25 21:00:00,/Volumes/Argus/unk/snap/c1/1682456400.c1.snap.jpg,0.6362066
2023-04-25 21:30:00,/Volumes/Argus/unk/snap/c1/1682458200.c1.snap.jpg,0.64386785
2023-04-25 22:00:00,/Volumes/Argus/unk/snap/c1/1682460000.c1.snap.jpg,0.6447369
2023-04-25 22:30:00,/Volumes/Argus/unk/snap/c1/1682461800.c1.snap.jpg,0.60064054
2023-04-25 23:30:00,/Volumes/Argus/unk/snap/c1/1682465400.c1.snap.jpg,0.70160115
2023-04-26 00:30:00,/Volumes/Argus/unk/snap/c1/1682469000.c1.snap.jpg,0.62579644
2023-04-26 01:00:00,/Volumes/Argus/unk/snap/c1/1682470800.c1.snap.jpg,0.5824209
2023-04-26 02:00:00,/Volumes/Argus/unk/snap/c1/1682474400.c1.snap.jpg,0.6278754
2023-04-26 02:30:00,/Volumes/Argus/unk/snap/c1/1682476200.c1.snap.jpg,0.5698374
2023-04-26 03:00:00,/Volumes/Argus/unk/snap/c1/1682478000.c1.snap.jpg,0.6168446
2023-04-26 03:30:00,/Volumes/Argus/unk/snap/c1/1682479800.c1.snap.jpg,0.60709214
2023-04-26 05:00:00,/Volumes/Argus/unk/snap/c1/1682485200.c1.snap.jpg,0.6654103
2023-04-26 05:30:00,/Volumes/Argus/unk/snap/c1/1682487000.c1.snap.jpg,0.622978
2023-04-26 06:00:00,/Volumes/Argus/unk/snap/c1/1682488800.c1.snap.jpg,0.63892126
2023-04-26 15:00:00,/Volumes/Argus/unk/snap/c1/1682521200.c1.snap.jpg,0.70438033
2023-04-26 15:30:00,/Volumes/Argus/unk/snap/c1/1682523000.c1.snap.jpg,0.66081387
2023-04-26 16:00:00,/Volumes/Argus/unk/snap/c1/1682524800.c1.snap.jpg,0.6216489
2023-04-26 16:30:00,/Volumes/Argus/unk/snap/c1/1682526600.c1.snap.jpg,0.63505006
2023-04-26 17:30:00,/Volumes/Argus/unk/snap/c1/1682530200.c1.snap.jpg,0.6225327
2023-04-26 18:00:00,/Volumes/Argus/unk/snap/c1/1682532000.c1.snap.jpg,0.58211505
2023-04-26 18:30:00,/Volumes/Argus/unk/snap/c1/1682533800.c1.snap.jpg,0.571668
2023-04-26 19:00:00,/Volumes/Argus/unk/snap/c1/1682535600.c1.snap.jpg,0.55765116
2023-04-26 19:30:00,/Volumes/Argus/unk/snap/c1/1682537400.c1.snap.jpg,0.57897526
2023-04-26 20:00:00,/Volumes/Argus/unk/snap/c1/1682539200.c1.snap.jpg,0.5799123
2023-04-26 20:30:00,/Volumes/Argus/unk/snap/c1/1682541000.c1.snap.jpg,0.603014
2023-04-26 21:00:00,/Volumes/Argus/unk/snap/c1/1682542800.c1.snap.jpg,0.63050413
2023-04-26 22:00:00,/Volumes/Argus/unk/snap/c1/1682546400.c1.snap.jpg,0.66786647
2023-04-26 22:30:00,/Volumes/Argus/unk/snap/c1/1682548200.c1.snap.jpg,0.6792071
2023-04-26 23:00:00,/Volumes/Argus/unk/snap/c1/1682550000.c1.snap.jpg,0.67733854
2023-04-26 23:30:00,/Volumes/Argus/unk/snap/c1/1682551800.c1.snap.jpg,0.65614593
2023-04-27 00:00:00,/Volumes/Argus/unk/snap/c1/1682553600.c1.snap.jpg,0.6440763
2023-04-27 00:30:00,/Volumes/Argus/unk/snap/c1/1682555400.c1.snap.jpg,0.6186509
2023-04-27 01:00:00,/Volumes/Argus/unk/snap/c1/1682557200.c1.snap.jpg,0.5832726
2023-04-27 01:30:00,/Volumes/Argus/unk/snap/c1/1682559000.c1.snap.jpg,0.5689055
2023-04-27 02:00:00,/Volumes/Argus/unk/snap/c1/1682560800.c1.snap.jpg,0.5800785
2023-04-27 02:30:00,/Volumes/Argus/unk/snap/c1/1682562600.c1.snap.jpg,0.6569986
2023-04-27 03:30:00,/Volumes/Argus/unk/snap/c1/1682566200.c1.snap.jpg,0.58906627
2023-04-27 05:00:00,/Volumes/Argus/unk/snap/c1/1682571600.c1.snap.jpg,0.6320346
2023-04-27 05:30:00,/Volumes/Argus/unk/snap/c1/1682573400.c1.snap.jpg,0.7347902
2023-04-27 06:00:00,/Volumes/Argus/unk/snap/c1/1682575200.c1.snap.jpg,0.7479915
2023-04-27 15:00:00,/Volumes/Argus/unk/snap/c1/1682607600.c1.snap.jpg,0.71090674
2023-04-27 15:30:00,/Volumes/Argus/unk/snap/c1/1682609400.c1.snap.jpg,0.722129
2023-04-27 16:00:00,/Volumes/Argus/unk/snap/c1/1682611200.c1.snap.jpg,0.55184305
2023-04-27 16:30:00,/Volumes/Argus/unk/snap/c1/1682613000.c1.snap.jpg,0.6361654
2023-04-27 17:00:00,/Volumes/Argus/unk/snap/c1/1682614800.c1.snap.jpg,0.6533069
2023-04-27 17:30:00,/Volumes/Argus/unk/snap/c1/1682616600.c1.snap.jpg,0.6536755
2023-04-27 18:00:00,/Volumes/Argus/unk/snap/c1/1682618400.c1.snap.jpg,0.63561076
2023-04-27 18:30:00,/Volumes/Argus/unk/snap/c1/1682620200.c1.snap.jpg,0.63191307
2023-04-27 19:00:00,/Volumes/Argus/unk/snap/c1/1682622000.c1.snap.jpg,0.65624225
2023-04-27 19:30:00,/Volumes/Argus/unk/snap/c1/1682623800.c1.snap.jpg,0.68321973
2023-04-27 20:00:00,/Volumes/Argus/unk/snap/c1/1682625600.c1.snap.jpg,0.7536809
2023-04-27 20:30:00,/Volumes/Argus/unk/snap/c1/1682627400.c1.snap.jpg,0.7219801
2023-04-27 21:00:00,/Volumes/Argus/unk/snap/c1/1682629200.c1.snap.jpg,0.6965641
2023-04-27 21:30:00,/Volumes/Argus/unk/snap/c1/1682631000.c1.snap.jpg,0.6910106
2023-04-27 22:00:00,/Volumes/Argus/unk/snap/c1/1682632800.c1.snap.jpg,0.69500417
2023-04-27 23:00:00,/Volumes/Argus/unk/snap/c1/1682636400.c1.snap.jpg,0.71057296
2023-04-27 23:30:00,/Volumes/Argus/unk/snap/c1/1682638200.c1.snap.jpg,0.5972806
2023-04-28 00:00:00,/Volumes/Argus/unk/snap/c1/1682640000.c1.snap.jpg,0.6898433
2023-04-28 01:00:00,/Volumes/Argus/unk/snap/c1/1682643600.c1.snap.jpg,0.56863415
2023-04-28 01:30:00,/Volumes/Argus/unk/snap/c1/1682645400.c1.snap.jpg,0.642004
2023-04-28 02:00:00,/Volumes/Argus/unk/snap/c1/1682647200.c1.snap.jpg,0.61989975
2023-04-28 03:00:00,/Volumes/Argus/unk/snap/c1/1682650800.c1.snap.jpg,0.6329057
2023-04-28 03:30:00,/Volumes/Argus/unk/snap/c1/1682652600.c1.snap.jpg,0.59113276
2023-04-28 04:00:00,/Volumes/Argus/unk/snap/c1/1682654400.c1.snap.jpg,0.531735
2023-04-28 04:30:00,/Volumes/Argus/unk/snap/c1/1682656200.c1.snap.jpg,0.61693853
2023-04-28 05:00:00,/Volumes/Argus/unk/snap/c1/1682658000.c1.snap.jpg,0.71028936
2023-04-28 05:30:00,/Volumes/Argus/unk/snap/c1/1682659800.c1.snap.jpg,0.62435395
2023-04-28 06:00:00,/Volumes/Argus/unk/snap/c1/1682661600.c1.snap.jpg,0.6770621
2023-04-28 15:00:00,/Volumes/Argus/unk/snap/c1/1682694000.c1.snap.jpg,0.6513971
2023-04-28 15:30:00,/Volumes/Argus/unk/snap/c1/1682695800.c1.snap.jpg,0.6824379
2023-04-28 16:00:00,/Volumes/Argus/unk/snap/c1/1682697600.c1.snap.jpg,0.66932386
2023-04-28 16:30:00,/Volumes/Argus/unk/snap/c1/1682699400.c1.snap.jpg,0.6655868
2023-04-28 17:00:00,/Volumes/Argus/unk/snap/c1/1682701200.c1.snap.jpg,0.6973522
2023-04-28 17:30:00,/Volumes/Argus/unk/snap/c1/1682703000.c1.snap.jpg,0.70104766
2023-04-28 18:00:00,/Volumes/Argus/unk/snap/c1/1682704800.c1.snap.jpg,0.7284367
2023-04-28 18:30:00,/Volumes/Argus/unk/snap/c1/1682706600.c1.snap.jpg,0.68176556
2023-04-28 19:00:00,/Volumes/Argus/unk/snap/c1/1682708400.c1.snap.jpg,0.68812233
2023-04-28 19:30:00,/Volumes/Argus/unk/snap/c1/1682710200.c1.snap.jpg,0.69095886
2023-04-28 20:00:00,/Volumes/Argus/unk/snap/c1/1682712000.c1.snap.jpg,0.65141654
2023-04-28 20:30:00,/Volumes/Argus/unk/snap/c1/1682713800.c1.snap.jpg,0.656322
2023-04-28 21:00:00,/Volumes/Argus/unk/snap/c1/1682715600.c1.snap.jpg,0.6758813
2023-04-28 21:30:00,/Volumes/Argus/unk/snap/c1/1682717400.c1.snap.jpg,0.65488017
2023-04-28 22:00:00,/Volumes/Argus/unk/snap/c1/1682719200.c1.snap.jpg,0.73544234
2023-04-28 22:30:00,/Volumes/Argus/unk/snap/c1/1682721000.c1.snap.jpg,0.67106414
2023-04-28 23:00:00,/Volumes/Argus/unk/snap/c1/1682722800.c1.snap.jpg,0.7043115
2023-04-28 23:30:00,/Volumes/Argus/unk/snap/c1/1682724600.c1.snap.jpg,0.72273916
2023-04-29 00:00:00,/Volumes/Argus/unk/snap/c1/1682726400.c1.snap.jpg,0.65876997
2023-04-29 00:30:00,/Volumes/Argus/unk/snap/c1/1682728200.c1.snap.jpg,0.6742246
2023-04-29 01:00:00,/Volumes/Argus/unk/snap/c1/1682730000.c1.snap.jpg,0.6640922
2023-04-29 01:30:00,/Volumes/Argus/unk/snap/c1/1682731800.c1.snap.jpg,0.64949524
2023-04-29 02:00:00,/Volumes/Argus/unk/snap/c1/1682733600.c1.snap.jpg,0.6775859
2023-04-29 03:00:00,/Volumes/Argus/unk/snap/c1/1682737200.c1.snap.jpg,0.6478383
2023-04-29 03:30:00,/Volumes/Argus/unk/snap/c1/1682739000.c1.snap.jpg,0.6158086
2023-04-29 05:00:00,/Volumes/Argus/unk/snap/c1/1682744400.c1.snap.jpg,0.64842296
2023-04-29 05:30:00,/Volumes/Argus/unk/snap/c1/1682746200.c1.snap.jpg,0.6557511
2023-04-29 06:00:00,/Volumes/Argus/unk/snap/c1/1682748000.c1.snap.jpg,0.6675326
2023-04-29 15:00:00,/Volumes/Argus/unk/snap/c1/1682780400.c1.snap.jpg,0.6905731
2023-04-29 15:30:00,/Volumes/Argus/unk/snap/c1/1682782200.c1.snap.jpg,0.7792145
2023-04-29 16:00:00,/Volumes/Argus/unk/snap/c1/1682784000.c1.snap.jpg,0.7151396
2023-04-29 16:30:00,/Volumes/Argus/unk/snap/c1/1682785800.c1.snap.jpg,0.6996449
2023-04-29 17:00:00,/Volumes/Argus/unk/snap/c1/1682787600.c1.snap.jpg,0.7704749
2023-04-29 17:30:00,/Volumes/Argus/unk/snap/c1/1682789400.c1.snap.jpg,0.73698246
2023-04-29 18:00:00,/Volumes/Argus/unk/snap/c1/1682791200.c1.snap.jpg,0.7635092
2023-04-29 18:30:00,/Volumes/Argus/unk/snap/c1/1682793000.c1.snap.jpg,0.7106021
2023-04-29 19:00:00,/Volumes/Argus/unk/snap/c1/1682794800.c1.snap.jpg,0.72463226
2023-04-29 19:30:00,/Volumes/Argus/unk/snap/c1/1682796600.c1.snap.jpg,0.6916087
2023-04-29 20:00:00,/Volumes/Argus/unk/snap/c1/1682798400.c1.snap.jpg,0.6714037
2023-04-29 21:00:00,/Volumes/Argus/unk/snap/c1/1682802000.c1.snap.jpg,0.6785834
2023-04-29 21:30:00,/Volumes/Argus/unk/snap/c1/1682803800.c1.snap.jpg,0.74760145
2023-04-29 22:00:00,/Volumes/Argus/unk/snap/c1/1682805600.c1.snap.jpg,0.70575476
2023-04-29 22:30:00,/Volumes/Argus/unk/snap/c1/1682807400.c1.snap.jpg,0.6736997
2023-04-29 23:00:00,/Volumes/Argus/unk/snap/c1/1682809200.c1.snap.jpg,0.5903143
2023-04-29 23:30:00,/Volumes/Argus/unk/snap/c1/1682811000.c1.snap.jpg,0.6253923
2023-04-30 00:00:00,/Volumes/Argus/unk/snap/c1/1682812800.c1.snap.jpg,0.7012893
2023-04-30 00:30:00,/Volumes/Argus/unk/snap/c1/1682814600.c1.snap.jpg,0.6315205
2023-04-30 01:00:00,/Volumes/Argus/unk/snap/c1/1682816400.c1.snap.jpg,0.65288323
2023-04-30 01:30:00,/Volumes/Argus/unk/snap/c1/1682818200.c1.snap.jpg,0.5683336
2023-04-30 02:00:00,/Volumes/Argus/unk/snap/c1/1682820000.c1.snap.jpg,0.6680218
2023-04-30 03:00:00,/Volumes/Argus/unk/snap/c1/1682823600.c1.snap.jpg,0.5828233
2023-04-30 03:30:00,/Volumes/Argus/unk/snap/c1/1682825400.c1.snap.jpg,0.58385265
2023-04-30 04:00:00,/Volumes/Argus/unk/snap/c1/1682827200.c1.snap.jpg,0.5800553
2023-04-30 04:30:00,/Volumes/Argus/unk/snap/c1/1682829000.c1.snap.jpg,0.6522822
2023-04-30 05:00:00,/Volumes/Argus/unk/snap/c1/1682830800.c1.snap.jpg,0.61290944
2023-04-30 05:30:00,/Volumes/Argus/unk/snap/c1/1682832600.c1.snap.jpg,0.5906475
2023-04-30 06:00:00,/Volumes/Argus/unk/snap/c1/1682834400.c1.snap.jpg,0.74196607
2023-04-30 15:00:00,/Volumes/Argus/unk/snap/c1/1682866800.c1.snap.jpg,0.6606726
2023-04-30 15:30:00,/Volumes/Argus/unk/snap/c1/1682868600.c1.snap.jpg,0.5725611
2023-04-30 16:00:00,/Volumes/Argus/unk/snap/c1/1682870400.c1.snap.jpg,0.5936661
2023-04-30 16:30:00,/Volumes/Argus/unk/snap/c1/1682872200.c1.snap.jpg,0.6421808
2023-04-30 17:00:00,/Volumes/Argus/unk/snap/c1/1682874000.c1.snap.jpg,0.63546824
2023-04-30 17:30:00,/Volumes/Argus/unk/snap/c1/1682875800.c1.snap.jpg,0.63399696
2023-04-30 18:00:00,/Volumes/Argus/unk/snap/c1/1682877600.c1.snap.jpg,0.65410507
2023-04-30 18:30:00,/Volumes/Argus/unk/snap/c1/1682879400.c1.snap.jpg,0.6727313
2023-04-30 19:00:00,/Volumes/Argus/unk/snap/c1/1682881200.c1.snap.jpg,0.7040534
2023-04-30 19:30:00,/Volumes/Argus/unk/snap/c1/1682883000.c1.snap.jpg,0.72828555
2023-04-30 20:00:00,/Volumes/Argus/unk/snap/c1/1682884800.c1.snap.jpg,0.7546988
2023-04-30 20:30:00,/Volumes/Argus/unk/snap/c1/1682886600.c1.snap.jpg,0.73812366
2023-04-30 21:00:00,/Volumes/Argus/unk/snap/c1/1682888400.c1.snap.jpg,0.7785037
2023-04-30 21:30:00,/Volumes/Argus/unk/snap/c1/1682890200.c1.snap.jpg,0.7993816
2023-04-30 22:00:00,/Volumes/Argus/unk/snap/c1/1682892000.c1.snap.jpg,0.7864257
2023-04-30 22:30:00,/Volumes/Argus/unk/snap/c1/1682893800.c1.snap.jpg,0.7086035
2023-04-30 23:00:00,/Volumes/Argus/unk/snap/c1/1682895600.c1.snap.jpg,0.71222943
2023-05-01 00:00:00,/Volumes/Argus/unk/snap/c1/1682899200.c1.snap.jpg,0.6829353
2023-05-01 00:30:00,/Volumes/Argus/unk/snap/c1/1682901000.c1.snap.jpg,0.6501352
2023-05-01 01:00:00,/Volumes/Argus/unk/snap/c1/1682902800.c1.snap.jpg,0.71892536
2023-05-01 01:30:00,/Volumes/Argus/unk/snap/c1/1682904600.c1.snap.jpg,0.63367736
2023-05-01 02:00:00,/Volumes/Argus/unk/snap/c1/1682906400.c1.snap.jpg,0.6351587
2023-05-01 02:30:00,/Volumes/Argus/unk/snap/c1/1682908200.c1.snap.jpg,0.612291
2023-05-01 04:00:00,/Volumes/Argus/unk/snap/c1/1682913600.c1.snap.jpg,0.4969818
2023-05-01 04:30:00,/Volumes/Argus/unk/snap/c1/1682915400.c1.snap.jpg,0.6385892
2023-05-01 05:00:00,/Volumes/Argus/unk/snap/c1/1682917200.c1.snap.jpg,0.5268216
2023-05-01 05:30:00,/Volumes/Argus/unk/snap/c1/1682919000.c1.snap.jpg,0.68049276
2023-05-01 06:00:00,/Volumes/Argus/unk/snap/c1/1682920800.c1.snap.jpg,0.86413944
2023-05-01 15:00:00,/Volumes/Argus/unk/snap/c1/1682953200.c1.snap.jpg,0.6972439
2023-05-01 15:30:00,/Volumes/Argus/unk/snap/c1/1682955000.c1.snap.jpg,0.65787685
2023-05-01 16:00:00,/Volumes/Argus/unk/snap/c1/1682956800.c1.snap.jpg,0.70814216
2023-05-01 16:30:00,/Volumes/Argus/unk/snap/c1/1682958600.c1.snap.jpg,0.6764654
2023-05-01 17:00:00,/Volumes/Argus/unk/snap/c1/1682960400.c1.snap.jpg,0.9094702
2023-05-01 17:30:00,/Volumes/Argus/unk/snap/c1/1682962200.c1.snap.jpg,0.6729729
2023-05-01 18:00:00,/Volumes/Argus/unk/snap/c1/1682964000.c1.snap.jpg,0.74720913
2023-05-01 18:30:00,/Volumes/Argus/unk/snap/c1/1682965800.c1.snap.jpg,0.65525204
2023-05-01 19:00:00,/Volumes/Argus/unk/snap/c1/1682967600.c1.snap.jpg,0.69737566
2023-05-01 19:30:00,/Volumes/Argus/unk/snap/c1/1682969400.c1.snap.jpg,0.774199
2023-05-01 20:00:00,/Volumes/Argus/unk/snap/c1/1682971200.c1.snap.jpg,0.6265905
2023-05-01 20:30:00,/Volumes/Argus/unk/snap/c1/1682973000.c1.snap.jpg,0.6586355
2023-05-01 21:00:00,/Volumes/Argus/unk/snap/c1/1682974800.c1.snap.jpg,0.5690527
2023-05-01 21:30:00,/Volumes/Argus/unk/snap/c1/1682976600.c1.snap.jpg,0.64328194
2023-05-01 22:00:00,/Volumes/Argus/unk/snap/c1/1682978400.c1.snap.jpg,0.5889854
2023-05-01 22:30:00,/Volumes/Argus/unk/snap/c1/1682980200.c1.snap.jpg,0.61299735
2023-05-01 23:00:00,/Volumes/Argus/unk/snap/c1/1682982000.c1.snap.jpg,0.6417611
2023-05-01 23:30:00,/Volumes/Argus/unk/snap/c1/1682983800.c1.snap.jpg,0.67890257
2023-05-02 00:00:00,/Volumes/Argus/unk/snap/c1/1682985600.c1.snap.jpg,0.7044812
2023-05-02 00:30:00,/Volumes/Argus/unk/snap/c1/1682987400.c1.snap.jpg,0.8376061
2023-05-02 01:00:00,/Volumes/Argus/unk/snap/c1/1682989200.c1.snap.jpg,0.6874716
2023-05-02 01:30:00,/Volumes/Argus/unk/snap/c1/1682991000.c1.snap.jpg,0.8363085
2023-05-02 02:00:00,/Volumes/Argus/unk/snap/c1/1682992800.c1.snap.jpg,0.79113626
2023-05-02 02:30:00,/Volumes/Argus/unk/snap/c1/1682994600.c1.snap.jpg,0.6218308
2023-05-02 03:00:00,/Volumes/Argus/unk/snap/c1/1682996400.c1.snap.jpg,0.6315348
2023-05-02 03:30:00,/Volumes/Argus/unk/snap/c1/1682998200.c1.snap.jpg,0.64822483
2023-05-02 04:00:00,/Volumes/Argus/unk/snap/c1/1683000000.c1.snap.jpg,0.75373924
2023-05-02 04:30:00,/Volumes/Argus/unk/snap/c1/1683001800.c1.snap.jpg,0.58218634
2023-05-02 05:00:00,/Volumes/Argus/unk/snap/c1/1683003600.c1.snap.jpg,0.5916501
2023-05-02 06:00:00,/Volumes/Argus/unk/snap/c1/1683007200.c1.snap.jpg,0.63033885
2023-05-02 15:00:00,/Volumes/Argus/unk/snap/c1/1683039600.c1.snap.jpg,0.66277796
2023-05-02 15:30:00,/Volumes/Argus/unk/snap/c1/1683041400.c1.snap.jpg,0.8145472
2023-05-02 16:00:00,/Volumes/Argus/unk/snap/c1/1683043200.c1.snap.jpg,0.66676337
2023-05-02 16:30:00,/Volumes/Argus/unk/snap/c1/1683045000.c1.snap.jpg,0.57377005
2023-05-02 17:00:00,/Volumes/Argus/unk/snap/c1/1683046800.c1.snap.jpg,0.5648838
2023-05-02 17:30:00,/Volumes/Argus/unk/snap/c1/1683048600.c1.snap.jpg,0.55507755
2023-05-02 18:00:00,/Volumes/Argus/unk/snap/c1/1683050400.c1.snap.jpg,0.6113084
2023-05-02 18:30:00,/Volumes/Argus/unk/snap/c1/1683052200.c1.snap.jpg,0.68072057
2023-05-02 19:00:00,/Volumes/Argus/unk/snap/c1/1683054000.c1.snap.jpg,0.7354356
2023-05-02 19:30:00,/Volumes/Argus/unk/snap/c1/1683055800.c1.snap.jpg,0.80929106
2023-05-02 20:00:00,/Volumes/Argus/unk/snap/c1/1683057600.c1.snap.jpg,0.7401457
2023-05-02 20:30:00,/Volumes/Argus/unk/snap/c1/1683059400.c1.snap.jpg,0.80662465
2023-05-02 21:00:00,/Volumes/Argus/unk/snap/c1/1683061200.c1.snap.jpg,0.6942876
2023-05-02 21:30:00,/Volumes/Argus/unk/snap/c1/1683063000.c1.snap.jpg,0.73041415
2023-05-02 22:00:00,/Volumes/Argus/unk/snap/c1/1683064800.c1.snap.jpg,0.8029719
2023-05-02 22:30:00,/Volumes/Argus/unk/snap/c1/1683066600.c1.snap.jpg,0.7110298
2023-05-02 23:00:00,/Volumes/Argus/unk/snap/c1/1683068400.c1.snap.jpg,0.7569858
2023-05-02 23:30:00,/Volumes/Argus/unk/snap/c1/1683070200.c1.snap.jpg,0.64504623
2023-05-03 00:00:00,/Volumes/Argus/unk/snap/c1/1683072000.c1.snap.jpg,0.77996707
2023-05-03 01:00:00,/Volumes/Argus/unk/snap/c1/1683075600.c1.snap.jpg,1.0894454
2023-05-03 01:30:00,/Volumes/Argus/unk/snap/c1/1683077400.c1.snap.jpg,0.7641766
2023-05-03 02:00:00,/Volumes/Argus/unk/snap/c1/1683079200.c1.snap.jpg,1.0115545
2023-05-03 02:30:00,/Volumes/Argus/unk/snap/c1/1683081000.c1.snap.jpg,0.5993146
2023-05-03 03:00:00,/Volumes/Argus/unk/snap/c1/1683082800.c1.snap.jpg,1.001811
2023-05-03 03:30:00,/Volumes/Argus/unk/snap/c1/1683084600.c1.snap.jpg,0.8445573
2023-05-03 04:00:00,/Volumes/Argus/unk/snap/c1/1683086400.c1.snap.jpg,0.7319956
2023-05-03 04:30:00,/Volumes/Argus/unk/snap/c1/1683088200.c1.snap.jpg,0.7351924
2023-05-03 05:00:00,/Volumes/Argus/unk/snap/c1/1683090000.c1.snap.jpg,0.8355735
2023-05-03 05:30:00,/Volumes/Argus/unk/snap/c1/1683091800.c1.snap.jpg,0.7775223
2023-05-03 06:00:00,/Volumes/Argus/unk/snap/c1/1683093600.c1.snap.jpg,0.8130271
2023-05-03 15:00:00,/Volumes/Argus/unk/snap/c1/1683126000.c1.snap.jpg,0.7534784
2023-05-03 15:30:00,/Volumes/Argus/unk/snap/c1/1683127800.c1.snap.jpg,0.7224248
2023-05-03 16:00:00,/Volumes/Argus/unk/snap/c1/1683129600.c1.snap.jpg,0.67577624
2023-05-03 16:30:00,/Volumes/Argus/unk/snap/c1/1683131400.c1.snap.jpg,0.6733122
2023-05-03 17:00:00,/Volumes/Argus/unk/snap/c1/1683133200.c1.snap.jpg,0.7283389
2023-05-03 17:30:00,/Volumes/Argus/unk/snap/c1/1683135000.c1.snap.jpg,0.72639996
2023-05-03 18:00:00,/Volumes/Argus/unk/snap/c1/1683136800.c1.snap.jpg,0.7100016
2023-05-03 18:30:00,/Volumes/Argus/unk/snap/c1/1683138600.c1.snap.jpg,0.7122334
2023-05-03 19:00:00,/Volumes/Argus/unk/snap/c1/1683140400.c1.snap.jpg,0.68896294
2023-05-03 19:30:00,/Volumes/Argus/unk/snap/c1/1683142200.c1.snap.jpg,0.6443418
2023-05-03 20:00:00,/Volumes/Argus/unk/snap/c1/1683144000.c1.snap.jpg,0.6493348
2023-05-03 20:30:00,/Volumes/Argus/unk/snap/c1/1683145800.c1.snap.jpg,0.66131556
2023-05-03 21:00:00,/Volumes/Argus/unk/snap/c1/1683147600.c1.snap.jpg,0.7066653
2023-05-03 21:30:00,/Volumes/Argus/unk/snap/c1/1683149400.c1.snap.jpg,0.7918615
2023-05-03 22:00:00,/Volumes/Argus/unk/snap/c1/1683151200.c1.snap.jpg,1.0814468
2023-05-03 22:30:00,/Volumes/Argus/unk/snap/c1/1683153000.c1.snap.jpg,1.0270152
2023-05-03 23:00:00,/Volumes/Argus/unk/snap/c1/1683154800.c1.snap.jpg,1.0005941
2023-05-03 23:30:00,/Volumes/Argus/unk/snap/c1/1683156600.c1.snap.jpg,0.88438714
2023-05-04 00:00:00,/Volumes/Argus/unk/snap/c1/1683158400.c1.snap.jpg,0.9931417
2023-05-04 00:30:00,/Volumes/Argus/unk/snap/c1/1683160200.c1.snap.jpg,0.8902234
2023-05-04 01:30:00,/Volumes/Argus/unk/snap/c1/1683163800.c1.snap.jpg,0.9143646
2023-05-04 02:00:00,/Volumes/Argus/unk/snap/c1/1683165600.c1.snap.jpg,0.83217835
2023-05-04 03:00:00,/Volumes/Argus/unk/snap/c1/1683169200.c1.snap.jpg,1.1009341
2023-05-04 03:30:00,/Volumes/Argus/unk/snap/c1/1683171000.c1.snap.jpg,0.95927584
2023-05-04 04:00:00,/Volumes/Argus/unk/snap/c1/1683172800.c1.snap.jpg,0.8328215
2023-05-04 04:30:00,/Volumes/Argus/unk/snap/c1/1683174600.c1.snap.jpg,0.7613586
2023-05-04 05:00:00,/Volumes/Argus/unk/snap/c1/1683176400.c1.snap.jpg,0.81600755
2023-05-04 05:30:00,/Volumes/Argus/unk/snap/c1/1683178200.c1.snap.jpg,0.8227552
2023-05-04 06:00:00,/Volumes/Argus/unk/snap/c1/1683180000.c1.snap.jpg,0.69710636
2023-05-04 15:00:00,/Volumes/Argus/unk/snap/c1/1683212400.c1.snap.jpg,0.67254114
2023-05-04 16:00:00,/Volumes/Argus/unk/snap/c1/1683216000.c1.snap.jpg,0.7085324
2023-05-04 16:30:00,/Volumes/Argus/unk/snap/c1/1683217800.c1.snap.jpg,0.70574814
2023-05-04 17:00:00,/Volumes/Argus/unk/snap/c1/1683219600.c1.snap.jpg,0.7599418
2023-05-04 17:30:00,/Volumes/Argus/unk/snap/c1/1683221400.c1.snap.jpg,0.70088893
2023-05-04 18:00:00,/Volumes/Argus/unk/snap/c1/1683223200.c1.snap.jpg,0.8018313
2023-05-04 18:30:00,/Volumes/Argus/unk/snap/c1/1683225000.c1.snap.jpg,0.84885645
2023-05-04 19:00:00,/Volumes/Argus/unk/snap/c1/1683226800.c1.snap.jpg,0.8683654
2023-05-04 19:30:00,/Volumes/Argus/unk/snap/c1/1683228600.c1.snap.jpg,0.91287595
2023-05-04 20:00:00,/Volumes/Argus/unk/snap/c1/1683230400.c1.snap.jpg,0.9610253
2023-05-04 20:30:00,/Volumes/Argus/unk/snap/c1/1683232200.c1.snap.jpg,0.9258232
2023-05-04 21:00:00,/Volumes/Argus/unk/snap/c1/1683234000.c1.snap.jpg,1.0241091
2023-05-04 21:30:00,/Volumes/Argus/unk/snap/c1/1683235800.c1.snap.jpg,1.0426912
2023-05-04 22:00:00,/Volumes/Argus/unk/snap/c1/1683237600.c1.snap.jpg,1.0333658
2023-05-04 22:30:00,/Volumes/Argus/unk/snap/c1/1683239400.c1.snap.jpg,0.99632335
2023-05-04 23:00:00,/Volumes/Argus/unk/snap/c1/1683241200.c1.snap.jpg,0.9869875
2023-05-04 23:30:00,/Volumes/Argus/unk/snap/c1/1683243000.c1.snap.jpg,0.99728966
2023-05-05 00:00:00,/Volumes/Argus/unk/snap/c1/1683244800.c1.snap.jpg,1.0197983
2023-05-05 00:30:00,/Volumes/Argus/unk/snap/c1/1683246600.c1.snap.jpg,0.8827888
2023-05-05 01:30:00,/Volumes/Argus/unk/snap/c1/1683250200.c1.snap.jpg,0.7437475
2023-05-05 02:00:00,/Volumes/Argus/unk/snap/c1/1683252000.c1.snap.jpg,0.8031447
2023-05-05 03:00:00,/Volumes/Argus/unk/snap/c1/1683255600.c1.snap.jpg,0.6968491
2023-05-05 03:30:00,/Volumes/Argus/unk/snap/c1/1683257400.c1.snap.jpg,0.7539603
2023-05-05 04:00:00,/Volumes/Argus/unk/snap/c1/1683259200.c1.snap.jpg,0.71760106
2023-05-05 05:00:00,/Volumes/Argus/unk/snap/c1/1683262800.c1.snap.jpg,0.9641845
2023-05-05 05:30:00,/Volumes/Argus/unk/snap/c1/1683264600.c1.snap.jpg,0.8310293
2023-05-05 06:00:00,/Volumes/Argus/unk/snap/c1/1683266400.c1.snap.jpg,0.931958
2023-05-05 15:00:00,/Volumes/Argus/unk/snap/c1/1683298800.c1.snap.jpg,0.6248079
2023-05-05 15:30:00,/Volumes/Argus/unk/snap/c1/1683300600.c1.snap.jpg,0.5770181
2023-05-05 16:00:00,/Volumes/Argus/unk/snap/c1/1683302400.c1.snap.jpg,0.6577717
2023-05-05 16:30:00,/Volumes/Argus/unk/snap/c1/1683304200.c1.snap.jpg,0.7448412
2023-05-05 17:00:00,/Volumes/Argus/unk/snap/c1/1683306000.c1.snap.jpg,0.94028044
2023-05-05 17:30:00,/Volumes/Argus/unk/snap/c1/1683307800.c1.snap.jpg,1.0789554
2023-05-05 18:00:00,/Volumes/Argus/unk/snap/c1/1683309600.c1.snap.jpg,1.0126806
2023-05-05 18:30:00,/Volumes/Argus/unk/snap/c1/1683311400.c1.snap.jpg,1.0952601
2023-05-05 19:30:00,/Volumes/Argus/unk/snap/c1/1683315000.c1.snap.jpg,0.71979314
2023-05-05 20:00:00,/Volumes/Argus/unk/snap/c1/1683316800.c1.snap.jpg,1.0522935
2023-05-05 20:30:00,/Volumes/Argus/unk/snap/c1/1683318600.c1.snap.jpg,1.0569829
2023-05-05 21:00:00,/Volumes/Argus/unk/snap/c1/1683320400.c1.snap.jpg,1.0712574
2023-05-05 21:30:00,/Volumes/Argus/unk/snap/c1/1683322200.c1.snap.jpg,1.0252373
2023-05-05 22:00:00,/Volumes/Argus/unk/snap/c1/1683324000.c1.snap.jpg,0.97871214
2023-05-05 22:30:00,/Volumes/Argus/unk/snap/c1/1683325800.c1.snap.jpg,0.9925745
2023-05-05 23:30:00,/Volumes/Argus/unk/snap/c1/1683329400.c1.snap.jpg,1.0354686
2023-05-06 00:00:00,/Volumes/Argus/unk/snap/c1/1683331200.c1.snap.jpg,1.0087203
2023-05-06 00:30:00,/Volumes/Argus/unk/snap/c1/1683333000.c1.snap.jpg,0.90828025
2023-05-06 06:00:00,/Volumes/Argus/unk/snap/c1/1683352800.c1.snap.jpg,0.8161534
2023-05-06 15:00:00,/Volumes/Argus/unk/snap/c1/1683385200.c1.snap.jpg,0.65674484
2023-05-06 15:30:00,/Volumes/Argus/unk/snap/c1/1683387000.c1.snap.jpg,0.66692257
2023-05-06 16:00:00,/Volumes/Argus/unk/snap/c1/1683388800.c1.snap.jpg,0.63210595
2023-05-06 16:30:00,/Volumes/Argus/unk/snap/c1/1683390600.c1.snap.jpg,0.6885207
2023-05-06 17:00:00,/Volumes/Argus/unk/snap/c1/1683392400.c1.snap.jpg,0.78053045
2023-05-06 17:30:00,/Volumes/Argus/unk/snap/c1/1683394200.c1.snap.jpg,0.7682867
2023-05-06 18:30:00,/Volumes/Argus/unk/snap/c1/1683397800.c1.snap.jpg,0.68740433
2023-05-06 19:00:00,/Volumes/Argus/unk/snap/c1/1683399600.c1.snap.jpg,0.70616597
2023-05-06 19:30:00,/Volumes/Argus/unk/snap/c1/1683401400.c1.snap.jpg,0.66647965
2023-05-06 20:00:00,/Volumes/Argus/unk/snap/c1/1683403200.c1.snap.jpg,0.74026394
2023-05-06 20:30:00,/Volumes/Argus/unk/snap/c1/1683405000.c1.snap.jpg,0.6363851
2023-05-06 21:00:00,/Volumes/Argus/unk/snap/c1/1683406800.c1.snap.jpg,0.6324599
2023-05-06 21:30:00,/Volumes/Argus/unk/snap/c1/1683408600.c1.snap.jpg,0.68841106
2023-05-06 22:00:00,/Volumes/Argus/unk/snap/c1/1683410400.c1.snap.jpg,0.7255603
2023-05-06 22:30:00,/Volumes/Argus/unk/snap/c1/1683412200.c1.snap.jpg,0.6543319
2023-05-06 23:00:00,/Volumes/Argus/unk/snap/c1/1683414000.c1.snap.jpg,0.66218674
2023-05-06 23:30:00,/Volumes/Argus/unk/snap/c1/1683415800.c1.snap.jpg,0.67285395
2023-05-07 00:00:00,/Volumes/Argus/unk/snap/c1/1683417600.c1.snap.jpg,0.7869607
2023-05-07 00:30:00,/Volumes/Argus/unk/snap/c1/1683419400.c1.snap.jpg,0.9047601
2023-05-07 01:00:00,/Volumes/Argus/unk/snap/c1/1683421200.c1.snap.jpg,0.78456295
2023-05-07 01:30:00,/Volumes/Argus/unk/snap/c1/1683423000.c1.snap.jpg,0.66883415
2023-05-07 02:00:00,/Volumes/Argus/unk/snap/c1/1683424800.c1.snap.jpg,0.9353931
2023-05-07 03:00:00,/Volumes/Argus/unk/snap/c1/1683428400.c1.snap.jpg,0.91467714
2023-05-07 03:30:00,/Volumes/Argus/unk/snap/c1/1683430200.c1.snap.jpg,0.9508313
2023-05-07 04:00:00,/Volumes/Argus/unk/snap/c1/1683432000.c1.snap.jpg,0.8319651
2023-05-07 04:30:00,/Volumes/Argus/unk/snap/c1/1683433800.c1.snap.jpg,0.7803545
2023-05-07 05:00:00,/Volumes/Argus/unk/snap/c1/1683435600.c1.snap.jpg,0.62623525
2023-05-07 05:30:00,/Volumes/Argus/unk/snap/c1/1683437400.c1.snap.jpg,0.5951266
2023-05-07 06:00:00,/Volumes/Argus/unk/snap/c1/1683439200.c1.snap.jpg,0.69315714
2023-05-07 15:00:00,/Volumes/Argus/unk/snap/c1/1683471600.c1.snap.jpg,0.58225536
2023-05-07 15:30:00,/Volumes/Argus/unk/snap/c1/1683473400.c1.snap.jpg,0.5633056
2023-05-07 16:00:00,/Volumes/Argus/unk/snap/c1/1683475200.c1.snap.jpg,0.5309018
2023-05-07 16:30:00,/Volumes/Argus/unk/snap/c1/1683477000.c1.snap.jpg,0.47661123
2023-05-07 17:00:00,/Volumes/Argus/unk/snap/c1/1683478800.c1.snap.jpg,0.5568682
2023-05-07 17:30:00,/Volumes/Argus/unk/snap/c1/1683480600.c1.snap.jpg,0.5293275
2023-05-07 18:00:00,/Volumes/Argus/unk/snap/c1/1683482400.c1.snap.jpg,0.647322
2023-05-07 18:30:00,/Volumes/Argus/unk/snap/c1/1683484200.c1.snap.jpg,0.6442522
2023-05-07 19:00:00,/Volumes/Argus/unk/snap/c1/1683486000.c1.snap.jpg,0.5946659
2023-05-07 19:30:00,/Volumes/Argus/unk/snap/c1/1683487800.c1.snap.jpg,0.6034775
2023-05-07 20:00:00,/Volumes/Argus/unk/snap/c1/1683489600.c1.snap.jpg,0.57077587
2023-05-07 20:30:00,/Volumes/Argus/unk/snap/c1/1683491400.c1.snap.jpg,0.67367935
2023-05-07 21:30:00,/Volumes/Argus/unk/snap/c1/1683495000.c1.snap.jpg,0.7561252
2023-05-07 22:00:00,/Volumes/Argus/unk/snap/c1/1683496800.c1.snap.jpg,0.82359576
2023-05-07 22:30:00,/Volumes/Argus/unk/snap/c1/1683498600.c1.snap.jpg,0.74200463
2023-05-07 23:00:00,/Volumes/Argus/unk/snap/c1/1683500400.c1.snap.jpg,0.6387204
2023-05-07 23:30:00,/Volumes/Argus/unk/snap/c1/1683502200.c1.snap.jpg,0.6731528
2023-05-08 00:00:00,/Volumes/Argus/unk/snap/c1/1683504000.c1.snap.jpg,0.7865883
2023-05-08 00:30:00,/Volumes/Argus/unk/snap/c1/1683505800.c1.snap.jpg,0.7717824
2023-05-08 01:00:00,/Volumes/Argus/unk/snap/c1/1683507600.c1.snap.jpg,0.75492173
2023-05-08 01:30:00,/Volumes/Argus/unk/snap/c1/1683509400.c1.snap.jpg,0.8300947
2023-05-08 02:00:00,/Volumes/Argus/unk/snap/c1/1683511200.c1.snap.jpg,0.94048
2023-05-08 02:30:00,/Volumes/Argus/unk/snap/c1/1683513000.c1.snap.jpg,0.7202742
2023-05-08 03:00:00,/Volumes/Argus/unk/snap/c1/1683514800.c1.snap.jpg,0.9368461
2023-05-08 03:30:00,/Volumes/Argus/unk/snap/c1/1683516600.c1.snap.jpg,1.0983944
2023-05-08 04:00:00,/Volumes/Argus/unk/snap/c1/1683518400.c1.snap.jpg,1.0201918
2023-05-08 04:30:00,/Volumes/Argus/unk/snap/c1/1683520200.c1.snap.jpg,1.0516938
2023-05-08 06:00:00,/Volumes/Argus/unk/snap/c1/1683525600.c1.snap.jpg,1.1205797
2023-05-08 15:00:00,/Volumes/Argus/unk/snap/c1/1683558000.c1.snap.jpg,1.0693216
2023-05-08 15:30:00,/Volumes/Argus/unk/snap/c1/1683559800.c1.snap.jpg,1.0764881
2023-05-08 16:00:00,/Volumes/Argus/unk/snap/c1/1683561600.c1.snap.jpg,0.8697118
2023-05-08 16:30:00,/Volumes/Argus/unk/snap/c1/1683563400.c1.snap.jpg,0.830474
2023-05-08 17:00:00,/Volumes/Argus/unk/snap/c1/1683565200.c1.snap.jpg,0.84319085
2023-05-08 17:30:00,/Volumes/Argus/unk/snap/c1/1683567000.c1.snap.jpg,0.9938021
2023-05-08 18:00:00,/Volumes/Argus/unk/snap/c1/1683568800.c1.snap.jpg,1.0401318
2023-05-08 18:30:00,/Volumes/Argus/unk/snap/c1/1683570600.c1.snap.jpg,1.0527191
2023-05-08 19:00:00,/Volumes/Argus/unk/snap/c1/1683572400.c1.snap.jpg,1.0802836
2023-05-08 19:30:00,/Volumes/Argus/unk/snap/c1/1683574200.c1.snap.jpg,1.095968
2023-05-08 20:00:00,/Volumes/Argus/unk/snap/c1/1683576000.c1.snap.jpg,1.1560698
2023-05-08 20:30:00,/Volumes/Argus/unk/snap/c1/1683577800.c1.snap.jpg,1.1189063
2023-05-08 21:00:00,/Volumes/Argus/unk/snap/c1/1683579600.c1.snap.jpg,1.0705452
2023-05-08 21:30:00,/Volumes/Argus/unk/snap/c1/1683581400.c1.snap.jpg,1.0452665
2023-05-08 23:30:00,/Volumes/Argus/unk/snap/c1/1683588600.c1.snap.jpg,1.1378223
2023-05-09 00:30:00,/Volumes/Argus/unk/snap/c1/1683592200.c1.snap.jpg,1.1197195
2023-05-09 01:00:00,/Volumes/Argus/unk/snap/c1/1683594000.c1.snap.jpg,1.0569326
2023-05-09 01:30:00,/Volumes/Argus/unk/snap/c1/1683595800.c1.snap.jpg,0.99330246
2023-05-09 03:00:00,/Volumes/Argus/unk/snap/c1/1683601200.c1.snap.jpg,1.0511105
2023-05-09 03:30:00,/Volumes/Argus/unk/snap/c1/1683603000.c1.snap.jpg,0.8559615
2023-05-09 15:00:00,/Volumes/Argus/unk/snap/c1/1683644400.c1.snap.jpg,1.1237886
2023-05-09 15:30:00,/Volumes/Argus/unk/snap/c1/1683646200.c1.snap.jpg,1.1017463
2023-05-09 16:00:00,/Volumes/Argus/unk/snap/c1/1683648000.c1.snap.jpg,1.1140141
2023-05-09 16:30:00,/Volumes/Argus/unk/snap/c1/1683649800.c1.snap.jpg,1.0651249
2023-05-09 17:00:00,/Volumes/Argus/unk/snap/c1/1683651600.c1.snap.jpg,1.2085915
2023-05-09 17:30:00,/Volumes/Argus/unk/snap/c1/1683653400.c1.snap.jpg,1.1225462
2023-05-09 18:30:00,/Volumes/Argus/unk/snap/c1/1683657000.c1.snap.jpg,1.0705599
2023-05-09 19:00:00,/Volumes/Argus/unk/snap/c1/1683658800.c1.snap.jpg,1.0940452
2023-05-09 19:30:00,/Volumes/Argus/unk/snap/c1/1683660600.c1.snap.jpg,1.0780613
2023-05-09 20:00:00,/Volumes/Argus/unk/snap/c1/1683662400.c1.snap.jpg,1.0267396
2023-05-09 20:30:00,/Volumes/Argus/unk/snap/c1/1683664200.c1.snap.jpg,1.0239111
2023-05-09 21:00:00,/Volumes/Argus/unk/snap/c1/1683666000.c1.snap.jpg,1.0106128
2023-05-09 22:00:00,/Volumes/Argus/unk/snap/c1/1683669600.c1.snap.jpg,1.0666013
2023-05-09 22:30:00,/Volumes/Argus/unk/snap/c1/1683671400.c1.snap.jpg,1.0539417
2023-05-09 23:00:00,/Volumes/Argus/unk/snap/c1/1683673200.c1.snap.jpg,1.0680859
2023-05-09 23:30:00,/Volumes/Argus/unk/snap/c1/1683675000.c1.snap.jpg,1.1257195
2023-05-10 00:00:00,/Volumes/Argus/unk/snap/c1/1683676800.c1.snap.jpg,1.12257
2023-05-10 00:30:00,/Volumes/Argus/unk/snap/c1/1683678600.c1.snap.jpg,1.1924099
2023-05-10 01:00:00,/Volumes/Argus/unk/snap/c1/1683680400.c1.snap.jpg,1.2036791
2023-05-10 01:30:00,/Volumes/Argus/unk/snap/c1/1683682200.c1.snap.jpg,1.1497092
2023-05-10 02:00:00,/Volumes/Argus/unk/snap/c1/1683684000.c1.snap.jpg,1.1300371
2023-05-10 02:30:00,/Volumes/Argus/unk/snap/c1/1683685800.c1.snap.jpg,1.0899012
2023-05-10 03:00:00,/Volumes/Argus/unk/snap/c1/1683687600.c1.snap.jpg,0.86701435
2023-05-10 03:30:00,/Volumes/Argus/unk/snap/c1/1683689400.c1.snap.jpg,0.81939316
2023-05-10 04:00:00,/Volumes/Argus/unk/snap/c1/1683691200.c1.snap.jpg,1.1131043
2023-05-10 04:30:00,/Volumes/Argus/unk/snap/c1/1683693000.c1.snap.jpg,1.0784271
2023-05-10 05:30:00,/Volumes/Argus/unk/snap/c1/1683696600.c1.snap.jpg,1.069309
2023-05-10 06:00:00,/Volumes/Argus/unk/snap/c1/1683698400.c1.snap.jpg,1.1026903
2023-05-10 15:00:00,/Volumes/Argus/unk/snap/c1/1683730800.c1.snap.jpg,0.96929073
2023-05-10 15:30:00,/Volumes/Argus/unk/snap/c1/1683732600.c1.snap.jpg,1.1834176
2023-05-10 16:00:00,/Volumes/Argus/unk/snap/c1/1683734400.c1.snap.jpg,1.1383421
2023-05-10 16:30:00,/Volumes/Argus/unk/snap/c1/1683736200.c1.snap.jpg,0.80550593
2023-05-10 17:30:00,/Volumes/Argus/unk/snap/c1/1683739800.c1.snap.jpg,1.0853798
2023-05-10 22:30:00,/Volumes/Argus/unk/snap/c1/1683757800.c1.snap.jpg,1.2238928
2023-05-10 23:00:00,/Volumes/Argus/unk/snap/c1/1683759600.c1.snap.jpg,1.191708
2023-05-11 00:00:00,/Volumes/Argus/unk/snap/c1/1683763200.c1.snap.jpg,1.1541312
2023-05-11 00:30:00,/Volumes/Argus/unk/snap/c1/1683765000.c1.snap.jpg,1.0795529
2023-05-11 01:00:00,/Volumes/Argus/unk/snap/c1/1683766800.c1.snap.jpg,1.009334
2023-05-11 01:30:00,/Volumes/Argus/unk/snap/c1/1683768600.c1.snap.jpg,0.9937568
2023-05-11 02:00:00,/Volumes/Argus/unk/snap/c1/1683770400.c1.snap.jpg,1.0808444
2023-05-11 02:30:00,/Volumes/Argus/unk/snap/c1/1683772200.c1.snap.jpg,1.0996972
2023-05-11 03:00:00,/Volumes/Argus/unk/snap/c1/1683774000.c1.snap.jpg,1.1138887
2023-05-11 03:30:00,/Volumes/Argus/unk/snap/c1/1683775800.c1.snap.jpg,1.3722684
2023-05-11 04:00:00,/Volumes/Argus/unk/snap/c1/1683777600.c1.snap.jpg,1.0730052
2023-05-11 04:30:00,/Volumes/Argus/unk/snap/c1/1683779400.c1.snap.jpg,1.0928342
2023-05-11 05:00:00,/Volumes/Argus/unk/snap/c1/1683781200.c1.snap.jpg,1.0690646
2023-05-11 06:00:00,/Volumes/Argus/unk/snap/c1/1683784800.c1.snap.jpg,0.9319276
2023-05-11 15:00:00,/Volumes/Argus/unk/snap/c1/1683817200.c1.snap.jpg,1.2815654
2023-05-11 15:30:00,/Volumes/Argus/unk/snap/c1/1683819000.c1.snap.jpg,0.6815953
2023-05-11 16:00:00,/Volumes/Argus/unk/snap/c1/1683820800.c1.snap.jpg,0.7965478
2023-05-11 16:30:00,/Volumes/Argus/unk/snap/c1/1683822600.c1.snap.jpg,0.9347867
2023-05-11 17:00:00,/Volumes/Argus/unk/snap/c1/1683824400.c1.snap.jpg,0.948689
2023-05-11 17:30:00,/Volumes/Argus/unk/snap/c1/1683826200.c1.snap.jpg,0.9745123
2023-05-11 18:00:00,/Volumes/Argus/unk/snap/c1/1683828000.c1.snap.jpg,1.1512022
2023-05-11 18:30:00,/Volumes/Argus/unk/snap/c1/1683829800.c1.snap.jpg,1.3808085
2023-05-11 19:00:00,/Volumes/Argus/unk/snap/c1/1683831600.c1.snap.jpg,1.213769
2023-05-11 19:30:00,/Volumes/Argus/unk/snap/c1/1683833400.c1.snap.jpg,1.3406061
2023-05-11 20:00:00,/Volumes/Argus/unk/snap/c1/1683835200.c1.snap.jpg,1.3756776
2023-05-11 21:00:00,/Volumes/Argus/unk/snap/c1/1683838800.c1.snap.jpg,1.0511749
2023-05-11 21:30:00,/Volumes/Argus/unk/snap/c1/1683840600.c1.snap.jpg,0.81598496
2023-05-11 22:00:00,/Volumes/Argus/unk/snap/c1/1683842400.c1.snap.jpg,0.75685143
2023-05-11 22:30:00,/Volumes/Argus/unk/snap/c1/1683844200.c1.snap.jpg,0.8456527
2023-05-11 23:00:00,/Volumes/Argus/unk/snap/c1/1683846000.c1.snap.jpg,1.0527825
2023-05-11 23:30:00,/Volumes/Argus/unk/snap/c1/1683847800.c1.snap.jpg,1.1709747
2023-05-12 00:00:00,/Volumes/Argus/unk/snap/c1/1683849600.c1.snap.jpg,1.1694202
2023-05-12 00:30:00,/Volumes/Argus/unk/snap/c1/1683851400.c1.snap.jpg,1.1595559
2023-05-12 01:00:00,/Volumes/Argus/unk/snap/c1/1683853200.c1.snap.jpg,1.1866686
2023-05-12 01:30:00,/Volumes/Argus/unk/snap/c1/1683855000.c1.snap.jpg,1.2067486
2023-05-12 02:00:00,/Volumes/Argus/unk/snap/c1/1683856800.c1.snap.jpg,1.2370995
2023-05-12 02:30:00,/Volumes/Argus/unk/snap/c1/1683858600.c1.snap.jpg,1.2266287
2023-05-12 03:30:00,/Volumes/Argus/unk/snap/c1/1683862200.c1.snap.jpg,1.1802603
2023-05-12 04:00:00,/Volumes/Argus/unk/snap/c1/1683864000.c1.snap.jpg,1.1109945
2023-05-12 04:30:00,/Volumes/Argus/unk/snap/c1/1683865800.c1.snap.jpg,1.1884323
2023-05-12 05:00:00,/Volumes/Argus/unk/snap/c1/1683867600.c1.snap.jpg,1.1971563
2023-05-12 05:30:00,/Volumes/Argus/unk/snap/c1/1683869400.c1.snap.jpg,1.3004463
2023-05-12 15:00:00,/Volumes/Argus/unk/snap/c1/1683903600.c1.snap.jpg,1.1984905
2023-05-12 15:30:00,/Volumes/Argus/unk/snap/c1/1683905400.c1.snap.jpg,1.160411
2023-05-12 16:00:00,/Volumes/Argus/unk/snap/c1/1683907200.c1.snap.jpg,1.2433525
2023-05-12 16:30:00,/Volumes/Argus/unk/snap/c1/1683909000.c1.snap.jpg,1.4325011
2023-05-12 17:00:00,/Volumes/Argus/unk/snap/c1/1683910800.c1.snap.jpg,1.1774222
2023-05-12 17:30:00,/Volumes/Argus/unk/snap/c1/1683912600.c1.snap.jpg,1.1974646
2023-05-12 18:00:00,/Volumes/Argus/unk/snap/c1/1683914400.c1.snap.jpg,1.2057092
2023-05-12 18:30:00,/Volumes/Argus/unk/snap/c1/1683916200.c1.snap.jpg,1.2224406
2023-05-12 19:00:00,/Volumes/Argus/unk/snap/c1/1683918000.c1.snap.jpg,1.1274381
2023-05-12 19:30:00,/Volumes/Argus/unk/snap/c1/1683919800.c1.snap.jpg,1.17736
2023-05-12 20:00:00,/Volumes/Argus/unk/snap/c1/1683921600.c1.snap.jpg,1.1100733
2023-05-12 20:30:00,/Volumes/Argus/unk/snap/c1/1683923400.c1.snap.jpg,1.1152142
2023-05-12 21:00:00,/Volumes/Argus/unk/snap/c1/1683925200.c1.snap.jpg,1.1819711
2023-05-12 21:30:00,/Volumes/Argus/unk/snap/c1/1683927000.c1.snap.jpg,1.151769
2023-05-12 22:00:00,/Volumes/Argus/unk/snap/c1/1683928800.c1.snap.jpg,1.0780661
2023-05-12 22:30:00,/Volumes/Argus/unk/snap/c1/1683930600.c1.snap.jpg,1.8557371
2023-05-12 23:00:00,/Volumes/Argus/unk/snap/c1/1683932400.c1.snap.jpg,1.0707448
2023-05-12 23:30:00,/Volumes/Argus/unk/snap/c1/1683934200.c1.snap.jpg,1.0946206
2023-05-13 00:00:00,/Volumes/Argus/unk/snap/c1/1683936000.c1.snap.jpg,1.1019247
2023-05-13 00:30:00,/Volumes/Argus/unk/snap/c1/1683937800.c1.snap.jpg,1.0090127
2023-05-13 01:00:00,/Volumes/Argus/unk/snap/c1/1683939600.c1.snap.jpg,1.0795777
2023-05-13 01:30:00,/Volumes/Argus/unk/snap/c1/1683941400.c1.snap.jpg,1.0658946
2023-05-13 02:00:00,/Volumes/Argus/unk/snap/c1/1683943200.c1.snap.jpg,1.1948638
2023-05-13 02:30:00,/Volumes/Argus/unk/snap/c1/1683945000.c1.snap.jpg,1.1859795
2023-05-13 03:00:00,/Volumes/Argus/unk/snap/c1/1683946800.c1.snap.jpg,1.1954666
2023-05-13 03:30:00,/Volumes/Argus/unk/snap/c1/1683948600.c1.snap.jpg,1.1239007
2023-05-13 04:00:00,/Volumes/Argus/unk/snap/c1/1683950400.c1.snap.jpg,1.1521728
2023-05-13 04:30:00,/Volumes/Argus/unk/snap/c1/1683952200.c1.snap.jpg,1.0921826
2023-05-13 05:00:00,/Volumes/Argus/unk/snap/c1/1683954000.c1.snap.jpg,1.1537104
2023-05-13 05:30:00,/Volumes/Argus/unk/snap/c1/1683955800.c1.snap.jpg,1.0901566
2023-05-13 15:00:00,/Volumes/Argus/unk/snap/c1/1683990000.c1.snap.jpg,1.1104419
2023-05-13 15:30:00,/Volumes/Argus/unk/snap/c1/1683991800.c1.snap.jpg,0.9900626
2023-05-13 16:00:00,/Volumes/Argus/unk/snap/c1/1683993600.c1.snap.jpg,0.998006
2023-05-13 16:30:00,/Volumes/Argus/unk/snap/c1/1683995400.c1.snap.jpg,1.1894236
2023-05-13 17:00:00,/Volumes/Argus/unk/snap/c1/1683997200.c1.snap.jpg,0.7508459
2023-05-13 18:00:00,/Volumes/Argus/unk/snap/c1/1684000800.c1.snap.jpg,0.7650764
2023-05-13 18:30:00,/Volumes/Argus/unk/snap/c1/1684002600.c1.snap.jpg,0.88524675
2023-05-13 19:00:00,/Volumes/Argus/unk/snap/c1/1684004400.c1.snap.jpg,0.8348723
2023-05-13 19:30:00,/Volumes/Argus/unk/snap/c1/1684006200.c1.snap.jpg,1.0583978
2023-05-13 20:00:00,/Volumes/Argus/unk/snap/c1/1684008000.c1.snap.jpg,1.1643851
2023-05-13 20:30:00,/Volumes/Argus/unk/snap/c1/1684009800.c1.snap.jpg,1.1625992
2023-05-13 21:00:00,/Volumes/Argus/unk/snap/c1/1684011600.c1.snap.jpg,1.131722
2023-05-13 21:30:00,/Volumes/Argus/unk/snap/c1/1684013400.c1.snap.jpg,1.1960312
2023-05-13 22:00:00,/Volumes/Argus/unk/snap/c1/1684015200.c1.snap.jpg,1.1850393
2023-05-13 22:30:00,/Volumes/Argus/unk/snap/c1/1684017000.c1.snap.jpg,1.1870224
2023-05-13 23:00:00,/Volumes/Argus/unk/snap/c1/1684018800.c1.snap.jpg,1.1637081
2023-05-13 23:30:00,/Volumes/Argus/unk/snap/c1/1684020600.c1.snap.jpg,1.0931274
2023-05-14 00:00:00,/Volumes/Argus/unk/snap/c1/1684022400.c1.snap.jpg,1.0630603
2023-05-14 00:30:00,/Volumes/Argus/unk/snap/c1/1684024200.c1.snap.jpg,0.61039096
2023-05-14 01:00:00,/Volumes/Argus/unk/snap/c1/1684026000.c1.snap.jpg,1.0941981
2023-05-14 01:30:00,/Volumes/Argus/unk/snap/c1/1684027800.c1.snap.jpg,0.5961015
2023-05-14 02:00:00,/Volumes/Argus/unk/snap/c1/1684029600.c1.snap.jpg,0.649932
2023-05-14 03:00:00,/Volumes/Argus/unk/snap/c1/1684033200.c1.snap.jpg,0.5105159
2023-05-14 03:30:00,/Volumes/Argus/unk/snap/c1/1684035000.c1.snap.jpg,1.0180421
2023-05-14 04:00:00,/Volumes/Argus/unk/snap/c1/1684036800.c1.snap.jpg,1.0630625
2023-05-14 04:30:00,/Volumes/Argus/unk/snap/c1/1684038600.c1.snap.jpg,1.1251156
2023-05-14 05:00:00,/Volumes/Argus/unk/snap/c1/1684040400.c1.snap.jpg,1.2328581
2023-05-14 05:30:00,/Volumes/Argus/unk/snap/c1/1684042200.c1.snap.jpg,1.1240392
2023-05-14 06:00:00,/Volumes/Argus/unk/snap/c1/1684044000.c1.snap.jpg,1.2005867
2023-05-14 15:00:00,/Volumes/Argus/unk/snap/c1/1684076400.c1.snap.jpg,0.7055663
2023-05-14 15:30:00,/Volumes/Argus/unk/snap/c1/1684078200.c1.snap.jpg,0.67366964
2023-05-14 16:00:00,/Volumes/Argus/unk/snap/c1/1684080000.c1.snap.jpg,0.804782
2023-05-14 16:30:00,/Volumes/Argus/unk/snap/c1/1684081800.c1.snap.jpg,0.9258617
2023-05-14 17:00:00,/Volumes/Argus/unk/snap/c1/1684083600.c1.snap.jpg,0.58325255
2023-05-14 17:30:00,/Volumes/Argus/unk/snap/c1/1684085400.c1.snap.jpg,0.5989225
2023-05-14 18:00:00,/Volumes/Argus/unk/snap/c1/1684087200.c1.snap.jpg,0.5722436
2023-05-14 18:30:00,/Volumes/Argus/unk/snap/c1/1684089000.c1.snap.jpg,0.58850825
2023-05-14 19:00:00,/Volumes/Argus/unk/snap/c1/1684090800.c1.snap.jpg,0.608196
2023-05-14 19:30:00,/Volumes/Argus/unk/snap/c1/1684092600.c1.snap.jpg,0.48073986
2023-05-14 20:00:00,/Volumes/Argus/unk/snap/c1/1684094400.c1.snap.jpg,0.53659225
2023-05-14 20:30:00,/Volumes/Argus/unk/snap/c1/1684096200.c1.snap.jpg,0.6597959
2023-05-14 21:00:00,/Volumes/Argus/unk/snap/c1/1684098000.c1.snap.jpg,0.5977881
2023-05-14 21:30:00,/Volumes/Argus/unk/snap/c1/1684099800.c1.snap.jpg,0.5484607
2023-05-14 22:00:00,/Volumes/Argus/unk/snap/c1/1684101600.c1.snap.jpg,0.56212443
2023-05-14 22:30:00,/Volumes/Argus/unk/snap/c1/1684103400.c1.snap.jpg,0.5836157
2023-05-14 23:00:00,/Volumes/Argus/unk/snap/c1/1684105200.c1.snap.jpg,0.62678874
2023-05-14 23:30:00,/Volumes/Argus/unk/snap/c1/1684107000.c1.snap.jpg,0.4942087
2023-05-15 00:00:00,/Volumes/Argus/unk/snap/c1/1684108800.c1.snap.jpg,0.32400632
2023-05-15 00:30:00,/Volumes/Argus/unk/snap/c1/1684110600.c1.snap.jpg,0.6729136
2023-05-15 01:00:00,/Volumes/Argus/unk/snap/c1/1684112400.c1.snap.jpg,0.63525903
2023-05-15 01:30:00,/Volumes/Argus/unk/snap/c1/1684114200.c1.snap.jpg,0.40359345
2023-05-15 02:00:00,/Volumes/Argus/unk/snap/c1/1684116000.c1.snap.jpg,0.57062805
2023-05-15 03:00:00,/Volumes/Argus/unk/snap/c1/1684119600.c1.snap.jpg,0.5833008
2023-05-15 03:30:00,/Volumes/Argus/unk/snap/c1/1684121400.c1.snap.jpg,0.7359421
2023-05-15 04:00:00,/Volumes/Argus/unk/snap/c1/1684123200.c1.snap.jpg,0.47103077
2023-05-15 04:30:00,/Volumes/Argus/unk/snap/c1/1684125000.c1.snap.jpg,0.26619157
2023-05-15 05:00:00,/Volumes/Argus/unk/snap/c1/1684126800.c1.snap.jpg,0.28586328
2023-05-15 05:30:00,/Volumes/Argus/unk/snap/c1/1684128600.c1.snap.jpg,0.32596278
2023-05-15 06:00:00,/Volumes/Argus/unk/snap/c1/1684130400.c1.snap.jpg,0.29909277
2023-05-15 15:00:00,/Volumes/Argus/unk/snap/c1/1684162800.c1.snap.jpg,0.35115638
2023-05-15 15:30:00,/Volumes/Argus/unk/snap/c1/1684164600.c1.snap.jpg,0.3172974
2023-05-15 16:00:00,/Volumes/Argus/unk/snap/c1/1684166400.c1.snap.jpg,0.4071407
2023-05-15 16:30:00,/Volumes/Argus/unk/snap/c1/1684168200.c1.snap.jpg,0.3855551
2023-05-15 17:00:00,/Volumes/Argus/unk/snap/c1/1684170000.c1.snap.jpg,0.43817288
2023-05-15 17:30:00,/Volumes/Argus/unk/snap/c1/1684171800.c1.snap.jpg,0.36228555
2023-05-15 18:00:00,/Volumes/Argus/unk/snap/c1/1684173600.c1.snap.jpg,0.4230317
2023-05-15 18:30:00,/Volumes/Argus/unk/snap/c1/1684175400.c1.snap.jpg,0.6213572
2023-05-15 19:00:00,/Volumes/Argus/unk/snap/c1/1684177200.c1.snap.jpg,1.0424726
2023-05-15 19:30:00,/Volumes/Argus/unk/snap/c1/1684179000.c1.snap.jpg,0.72546905
2023-05-15 20:00:00,/Volumes/Argus/unk/snap/c1/1684180800.c1.snap.jpg,0.58890516
2023-05-15 20:30:00,/Volumes/Argus/unk/snap/c1/1684182600.c1.snap.jpg,0.66207767
2023-05-15 21:00:00,/Volumes/Argus/unk/snap/c1/1684184400.c1.snap.jpg,0.60167575
2023-05-15 21:30:00,/Volumes/Argus/unk/snap/c1/1684186200.c1.snap.jpg,0.68720055
2023-05-15 22:00:00,/Volumes/Argus/unk/snap/c1/1684188000.c1.snap.jpg,0.72691786
2023-05-15 22:30:00,/Volumes/Argus/unk/snap/c1/1684189800.c1.snap.jpg,1.103603
2023-05-15 23:00:00,/Volumes/Argus/unk/snap/c1/1684191600.c1.snap.jpg,0.5186113
2023-05-15 23:30:00,/Volumes/Argus/unk/snap/c1/1684193400.c1.snap.jpg,0.46023715
2023-05-16 00:00:00,/Volumes/Argus/unk/snap/c1/1684195200.c1.snap.jpg,0.48586625
2023-05-16 00:30:00,/Volumes/Argus/unk/snap/c1/1684197000.c1.snap.jpg,0.45879707
2023-05-16 01:00:00,/Volumes/Argus/unk/snap/c1/1684198800.c1.snap.jpg,0.4399985
2023-05-16 02:00:00,/Volumes/Argus/unk/snap/c1/1684202400.c1.snap.jpg,0.49850857
2023-05-16 02:30:00,/Volumes/Argus/unk/snap/c1/1684204200.c1.snap.jpg,0.4921642
2023-05-16 03:00:00,/Volumes/Argus/unk/snap/c1/1684206000.c1.snap.jpg,0.48144653
2023-05-16 03:30:00,/Volumes/Argus/unk/snap/c1/1684207800.c1.snap.jpg,0.50801957
2023-05-16 04:00:00,/Volumes/Argus/unk/snap/c1/1684209600.c1.snap.jpg,0.46008193
2023-05-16 04:30:00,/Volumes/Argus/unk/snap/c1/1684211400.c1.snap.jpg,0.5042336
2023-05-16 05:00:00,/Volumes/Argus/unk/snap/c1/1684213200.c1.snap.jpg,0.5449574
2023-05-16 05:30:00,/Volumes/Argus/unk/snap/c1/1684215000.c1.snap.jpg,0.45020503
2023-05-16 06:00:00,/Volumes/Argus/unk/snap/c1/1684216800.c1.snap.jpg,0.40732723
2023-05-16 15:00:00,/Volumes/Argus/unk/snap/c1/1684249200.c1.snap.jpg,0.45312485
2023-05-16 15:30:00,/Volumes/Argus/unk/snap/c1/1684251000.c1.snap.jpg,0.5363251
2023-05-16 16:00:00,/Volumes/Argus/unk/snap/c1/1684252800.c1.snap.jpg,0.50122935
2023-05-16 16:30:00,/Volumes/Argus/unk/snap/c1/1684254600.c1.snap.jpg,0.4734536
2023-05-16 17:00:00,/Volumes/Argus/unk/snap/c1/1684256400.c1.snap.jpg,0.6278157
2023-05-16 17:30:00,/Volumes/Argus/unk/snap/c1/1684258200.c1.snap.jpg,0.8716424
2023-05-16 18:00:00,/Volumes/Argus/unk/snap/c1/1684260000.c1.snap.jpg,0.6316714
2023-05-16 18:30:00,/Volumes/Argus/unk/snap/c1/1684261800.c1.snap.jpg,0.7430023
2023-05-16 19:00:00,/Volumes/Argus/unk/snap/c1/1684263600.c1.snap.jpg,0.6675211
2023-05-16 19:30:00,/Volumes/Argus/unk/snap/c1/1684265400.c1.snap.jpg,0.46985847
2023-05-16 20:00:00,/Volumes/Argus/unk/snap/c1/1684267200.c1.snap.jpg,0.54158205
2023-05-16 20:30:00,/Volumes/Argus/unk/snap/c1/1684269000.c1.snap.jpg,0.6542393
2023-05-16 21:00:00,/Volumes/Argus/unk/snap/c1/1684270800.c1.snap.jpg,0.95314693
2023-05-16 21:30:00,/Volumes/Argus/unk/snap/c1/1684272600.c1.snap.jpg,0.82137597
2023-05-16 22:00:00,/Volumes/Argus/unk/snap/c1/1684274400.c1.snap.jpg,0.64139116
2023-05-16 22:30:00,/Volumes/Argus/unk/snap/c1/1684276200.c1.snap.jpg,0.82594055
2023-05-16 23:00:00,/Volumes/Argus/unk/snap/c1/1684278000.c1.snap.jpg,0.8260813
2023-05-17 00:00:00,/Volumes/Argus/unk/snap/c1/1684281600.c1.snap.jpg,0.71529466
2023-05-17 00:30:00,/Volumes/Argus/unk/snap/c1/1684283400.c1.snap.jpg,0.7260832
2023-05-17 01:00:00,/Volumes/Argus/unk/snap/c1/1684285200.c1.snap.jpg,0.5793512
2023-05-17 01:30:00,/Volumes/Argus/unk/snap/c1/1684287000.c1.snap.jpg,0.7033532
2023-05-17 02:00:00,/Volumes/Argus/unk/snap/c1/1684288800.c1.snap.jpg,0.5914434
2023-05-17 02:30:00,/Volumes/Argus/unk/snap/c1/1684290600.c1.snap.jpg,0.6022732
2023-05-17 03:00:00,/Volumes/Argus/unk/snap/c1/1684292400.c1.snap.jpg,0.39506322
2023-05-17 03:30:00,/Volumes/Argus/unk/snap/c1/1684294200.c1.snap.jpg,0.59152055
2023-05-17 04:00:00,/Volumes/Argus/unk/snap/c1/1684296000.c1.snap.jpg,0.43145633
2023-05-17 04:30:00,/Volumes/Argus/unk/snap/c1/1684297800.c1.snap.jpg,0.4514263
2023-05-17 05:30:00,/Volumes/Argus/unk/snap/c1/1684301400.c1.snap.jpg,0.41516164
2023-05-17 06:00:00,/Volumes/Argus/unk/snap/c1/1684303200.c1.snap.jpg,0.56509364
2023-05-17 15:00:00,/Volumes/Argus/unk/snap/c1/1684335600.c1.snap.jpg,0.3651285
2023-05-17 15:30:00,/Volumes/Argus/unk/snap/c1/1684337400.c1.snap.jpg,0.41095537
2023-05-17 16:00:00,/Volumes/Argus/unk/snap/c1/1684339200.c1.snap.jpg,0.38640866
2023-05-17 17:00:00,/Volumes/Argus/unk/snap/c1/1684342800.c1.snap.jpg,0.36437058
2023-05-17 17:30:00,/Volumes/Argus/unk/snap/c1/1684344600.c1.snap.jpg,0.4011042
2023-05-17 18:00:00,/Volumes/Argus/unk/snap/c1/1684346400.c1.snap.jpg,0.39271176
2023-05-17 18:30:00,/Volumes/Argus/unk/snap/c1/1684348200.c1.snap.jpg,0.4357234
2023-05-17 19:00:00,/Volumes/Argus/unk/snap/c1/1684350000.c1.snap.jpg,0.31928504
2023-05-17 19:30:00,/Volumes/Argus/unk/snap/c1/1684351800.c1.snap.jpg,0.30274847
2023-05-17 20:00:00,/Volumes/Argus/unk/snap/c1/1684353600.c1.snap.jpg,0.34597504
2023-05-17 20:30:00,/Volumes/Argus/unk/snap/c1/1684355400.c1.snap.jpg,0.39263478
2023-05-17 21:00:00,/Volumes/Argus/unk/snap/c1/1684357200.c1.snap.jpg,0.46169645
2023-05-17 21:30:00,/Volumes/Argus/unk/snap/c1/1684359000.c1.snap.jpg,0.36789644
2023-05-17 22:00:00,/Volumes/Argus/unk/snap/c1/1684360800.c1.snap.jpg,0.39188883
2023-05-17 22:30:00,/Volumes/Argus/unk/snap/c1/1684362600.c1.snap.jpg,0.38152176
2023-05-17 23:00:00,/Volumes/Argus/unk/snap/c1/1684364400.c1.snap.jpg,0.4417093
2023-05-18 00:00:00,/Volumes/Argus/unk/snap/c1/1684368000.c1.snap.jpg,0.3908233
2023-05-18 00:30:00,/Volumes/Argus/unk/snap/c1/1684369800.c1.snap.jpg,0.4687038
2023-05-18 01:00:00,/Volumes/Argus/unk/snap/c1/1684371600.c1.snap.jpg,0.46491215
2023-05-18 02:00:00,/Volumes/Argus/unk/snap/c1/1684375200.c1.snap.jpg,0.37877703
2023-05-18 02:30:00,/Volumes/Argus/unk/snap/c1/1684377000.c1.snap.jpg,0.29917356
2023-05-18 03:00:00,/Volumes/Argus/unk/snap/c1/1684378800.c1.snap.jpg,0.31803596
2023-05-18 03:30:00,/Volumes/Argus/unk/snap/c1/1684380600.c1.snap.jpg,0.32347727
2023-05-18 04:00:00,/Volumes/Argus/unk/snap/c1/1684382400.c1.snap.jpg,0.4554867
2023-05-18 04:30:00,/Volumes/Argus/unk/snap/c1/1684384200.c1.snap.jpg,0.29773608
2023-05-18 05:00:00,/Volumes/Argus/unk/snap/c1/1684386000.c1.snap.jpg,0.37015033
2023-05-18 05:30:00,/Volumes/Argus/unk/snap/c1/1684387800.c1.snap.jpg,0.38582143
2023-05-18 06:00:00,/Volumes/Argus/unk/snap/c1/1684389600.c1.snap.jpg,0.40632236
2023-05-18 15:00:00,/Volumes/Argus/unk/snap/c1/1684422000.c1.snap.jpg,0.48698795
2023-05-18 15:30:00,/Volumes/Argus/unk/snap/c1/1684423800.c1.snap.jpg,0.3845681
2023-05-18 16:00:00,/Volumes/Argus/unk/snap/c1/1684425600.c1.snap.jpg,0.5758725
2023-05-18 16:30:00,/Volumes/Argus/unk/snap/c1/1684427400.c1.snap.jpg,0.5880369
2023-05-18 17:00:00,/Volumes/Argus/unk/snap/c1/1684429200.c1.snap.jpg,0.54223895
2023-05-18 17:30:00,/Volumes/Argus/unk/snap/c1/1684431000.c1.snap.jpg,0.48365548
2023-05-18 18:00:00,/Volumes/Argus/unk/snap/c1/1684432800.c1.snap.jpg,0.41423616
2023-05-18 18:30:00,/Volumes/Argus/unk/snap/c1/1684434600.c1.snap.jpg,0.33076662
2023-05-18 19:00:00,/Volumes/Argus/unk/snap/c1/1684436400.c1.snap.jpg,0.38455772
2023-05-18 19:30:00,/Volumes/Argus/unk/snap/c1/1684438200.c1.snap.jpg,0.43850875
2023-05-18 20:00:00,/Volumes/Argus/unk/snap/c1/1684440000.c1.snap.jpg,0.355965
2023-05-18 20:30:00,/Volumes/Argus/unk/snap/c1/1684441800.c1.snap.jpg,0.3693994
2023-05-18 21:00:00,/Volumes/Argus/unk/snap/c1/1684443600.c1.snap.jpg,0.3482018
2023-05-18 21:30:00,/Volumes/Argus/unk/snap/c1/1684445400.c1.snap.jpg,0.6603524
2023-05-18 22:30:00,/Volumes/Argus/unk/snap/c1/1684449000.c1.snap.jpg,0.42401043
2023-05-18 23:00:00,/Volumes/Argus/unk/snap/c1/1684450800.c1.snap.jpg,0.33475685
2023-05-18 23:30:00,/Volumes/Argus/unk/snap/c1/1684452600.c1.snap.jpg,0.4565863
2023-05-19 00:00:00,/Volumes/Argus/unk/snap/c1/1684454400.c1.snap.jpg,0.42408198
2023-05-19 00:30:00,/Volumes/Argus/unk/snap/c1/1684456200.c1.snap.jpg,0.3471754
2023-05-19 01:30:00,/Volumes/Argus/unk/snap/c1/1684459800.c1.snap.jpg,0.60905135
2023-05-19 02:00:00,/Volumes/Argus/unk/snap/c1/1684461600.c1.snap.jpg,0.43090612
2023-05-19 03:30:00,/Volumes/Argus/unk/snap/c1/1684467000.c1.snap.jpg,0.19249655
2023-05-19 04:00:00,/Volumes/Argus/unk/snap/c1/1684468800.c1.snap.jpg,0.26732808
2023-05-19 04:30:00,/Volumes/Argus/unk/snap/c1/1684470600.c1.snap.jpg,0.3823107
2023-05-19 05:00:00,/Volumes/Argus/unk/snap/c1/1684472400.c1.snap.jpg,0.46940228
2023-05-19 05:30:00,/Volumes/Argus/unk/snap/c1/1684474200.c1.snap.jpg,0.30133656
2023-05-19 06:00:00,/Volumes/Argus/unk/snap/c1/1684476000.c1.snap.jpg,0.45352912
2023-05-19 15:00:00,/Volumes/Argus/unk/snap/c1/1684508400.c1.snap.jpg,0.20313035
2023-05-19 15:30:00,/Volumes/Argus/unk/snap/c1/1684510200.c1.snap.jpg,0.26347122
2023-05-19 16:00:00,/Volumes/Argus/unk/snap/c1/1684512000.c1.snap.jpg,0.29566205
2023-05-19 16:30:00,/Volumes/Argus/unk/snap/c1/1684513800.c1.snap.jpg,0.33864126
2023-05-19 17:00:00,/Volumes/Argus/unk/snap/c1/1684515600.c1.snap.jpg,0.37810713
2023-05-19 17:30:00,/Volumes/Argus/unk/snap/c1/1684517400.c1.snap.jpg,0.35462597
2023-05-19 18:00:00,/Volumes/Argus/unk/snap/c1/1684519200.c1.snap.jpg,0.37553012
2023-05-19 18:30:00,/Volumes/Argus/unk/snap/c1/1684521000.c1.snap.jpg,0.38578635
2023-05-19 19:30:00,/Volumes/Argus/unk/snap/c1/1684524600.c1.snap.jpg,0.52676797
2023-05-19 20:00:00,/Volumes/Argus/unk/snap/c1/1684526400.c1.snap.jpg,0.40923697
2023-05-19 20:30:00,/Volumes/Argus/unk/snap/c1/1684528200.c1.snap.jpg,0.49869764
2023-05-19 21:00:00,/Volumes/Argus/unk/snap/c1/1684530000.c1.snap.jpg,0.51488805
2023-05-19 21:30:00,/Volumes/Argus/unk/snap/c1/1684531800.c1.snap.jpg,0.50821435
2023-05-19 22:00:00,/Volumes/Argus/unk/snap/c1/1684533600.c1.snap.jpg,0.37493148
2023-05-19 22:30:00,/Volumes/Argus/unk/snap/c1/1684535400.c1.snap.jpg,0.327339
2023-05-19 23:00:00,/Volumes/Argus/unk/snap/c1/1684537200.c1.snap.jpg,0.37313718
2023-05-20 00:00:00,/Volumes/Argus/unk/snap/c1/1684540800.c1.snap.jpg,0.35723263
2023-05-20 00:30:00,/Volumes/Argus/unk/snap/c1/1684542600.c1.snap.jpg,0.3931202
2023-05-20 01:00:00,/Volumes/Argus/unk/snap/c1/1684544400.c1.snap.jpg,0.50496686
2023-05-20 01:30:00,/Volumes/Argus/unk/snap/c1/1684546200.c1.snap.jpg,0.46091625
2023-05-20 02:00:00,/Volumes/Argus/unk/snap/c1/1684548000.c1.snap.jpg,0.42083997
2023-05-20 03:30:00,/Volumes/Argus/unk/snap/c1/1684553400.c1.snap.jpg,0.19504349
2023-05-20 04:00:00,/Volumes/Argus/unk/snap/c1/1684555200.c1.snap.jpg,0.38081342
2023-05-20 04:30:00,/Volumes/Argus/unk/snap/c1/1684557000.c1.snap.jpg,0.32117122
2023-05-20 05:00:00,/Volumes/Argus/unk/snap/c1/1684558800.c1.snap.jpg,0.4092672
2023-05-20 06:00:00,/Volumes/Argus/unk/snap/c1/1684562400.c1.snap.jpg,0.27983356
2023-05-20 15:00:00,/Volumes/Argus/unk/snap/c1/1684594800.c1.snap.jpg,0.23556879
2023-05-20 15:30:00,/Volumes/Argus/unk/snap/c1/1684596600.c1.snap.jpg,0.234449
2023-05-20 16:00:00,/Volumes/Argus/unk/snap/c1/1684598400.c1.snap.jpg,0.22770375
2023-05-20 16:30:00,/Volumes/Argus/unk/snap/c1/1684600200.c1.snap.jpg,0.2750094
2023-05-20 17:00:00,/Volumes/Argus/unk/snap/c1/1684602000.c1.snap.jpg,0.26815557
2023-05-20 17:30:00,/Volumes/Argus/unk/snap/c1/1684603800.c1.snap.jpg,0.21060696
2023-05-20 18:00:00,/Volumes/Argus/unk/snap/c1/1684605600.c1.snap.jpg,0.21204333
2023-05-20 18:30:00,/Volumes/Argus/unk/snap/c1/1684607400.c1.snap.jpg,0.2547053
2023-05-20 19:00:00,/Volumes/Argus/unk/snap/c1/1684609200.c1.snap.jpg,0.23439156
2023-05-20 19:30:00,/Volumes/Argus/unk/snap/c1/1684611000.c1.snap.jpg,0.2656368
2023-05-20 20:00:00,/Volumes/Argus/unk/snap/c1/1684612800.c1.snap.jpg,0.19148321
2023-05-20 20:30:00,/Volumes/Argus/unk/snap/c1/1684614600.c1.snap.jpg,0.17914842
2023-05-20 21:00:00,/Volumes/Argus/unk/snap/c1/1684616400.c1.snap.jpg,0.1682816
2023-05-20 21:30:00,/Volumes/Argus/unk/snap/c1/1684618200.c1.snap.jpg,0.21709964
2023-05-20 22:00:00,/Volumes/Argus/unk/snap/c1/1684620000.c1.snap.jpg,0.19220932
2023-05-20 22:30:00,/Volumes/Argus/unk/snap/c1/1684621800.c1.snap.jpg,0.2037096
2023-05-20 23:00:00,/Volumes/Argus/unk/snap/c1/1684623600.c1.snap.jpg,0.19556525
2023-05-20 23:30:00,/Volumes/Argus/unk/snap/c1/1684625400.c1.snap.jpg,0.27835667
2023-05-21 00:00:00,/Volumes/Argus/unk/snap/c1/1684627200.c1.snap.jpg,0.23038845
2023-05-21 00:30:00,/Volumes/Argus/unk/snap/c1/1684629000.c1.snap.jpg,0.24375346
2023-05-21 01:00:00,/Volumes/Argus/unk/snap/c1/1684630800.c1.snap.jpg,0.2651868
2023-05-21 01:30:00,/Volumes/Argus/unk/snap/c1/1684632600.c1.snap.jpg,0.18837027
2023-05-21 02:00:00,/Volumes/Argus/unk/snap/c1/1684634400.c1.snap.jpg,0.25003856
2023-05-21 03:00:00,/Volumes/Argus/unk/snap/c1/1684638000.c1.snap.jpg,0.26352102
2023-05-21 03:30:00,/Volumes/Argus/unk/snap/c1/1684639800.c1.snap.jpg,0.28886652
2023-05-21 04:00:00,/Volumes/Argus/unk/snap/c1/1684641600.c1.snap.jpg,0.29629463
2023-05-21 04:30:00,/Volumes/Argus/unk/snap/c1/1684643400.c1.snap.jpg,0.2965709
2023-05-21 05:00:00,/Volumes/Argus/unk/snap/c1/1684645200.c1.snap.jpg,0.25976914
2023-05-21 05:30:00,/Volumes/Argus/unk/snap/c1/1684647000.c1.snap.jpg,0.33301085
2023-05-21 06:00:00,/Volumes/Argus/unk/snap/c1/1684648800.c1.snap.jpg,0.29746222
2023-05-21 15:00:00,/Volumes/Argus/unk/snap/c1/1684681200.c1.snap.jpg,0.24910858
2023-05-21 15:30:00,/Volumes/Argus/unk/snap/c1/1684683000.c1.snap.jpg,0.2532989
2023-05-21 16:00:00,/Volumes/Argus/unk/snap/c1/1684684800.c1.snap.jpg,0.21032667
2023-05-21 16:30:00,/Volumes/Argus/unk/snap/c1/1684686600.c1.snap.jpg,0.27274773
2023-05-21 17:00:00,/Volumes/Argus/unk/snap/c1/1684688400.c1.snap.jpg,0.37171614
2023-05-21 17:30:00,/Volumes/Argus/unk/snap/c1/1684690200.c1.snap.jpg,0.23246409
2023-05-21 18:00:00,/Volumes/Argus/unk/snap/c1/1684692000.c1.snap.jpg,0.3786344
2023-05-21 18:30:00,/Volumes/Argus/unk/snap/c1/1684693800.c1.snap.jpg,0.33638263
2023-05-21 19:00:00,/Volumes/Argus/unk/snap/c1/1684695600.c1.snap.jpg,0.32593393
2023-05-21 19:30:00,/Volumes/Argus/unk/snap/c1/1684697400.c1.snap.jpg,0.41509017
2023-05-21 20:30:00,/Volumes/Argus/unk/snap/c1/1684701000.c1.snap.jpg,0.3151998
2023-05-21 21:00:00,/Volumes/Argus/unk/snap/c1/1684702800.c1.snap.jpg,0.40249938
2023-05-21 21:30:00,/Volumes/Argus/unk/snap/c1/1684704600.c1.snap.jpg,0.24258012
2023-05-21 22:00:00,/Volumes/Argus/unk/snap/c1/1684706400.c1.snap.jpg,0.3155825
2023-05-21 22:30:00,/Volumes/Argus/unk/snap/c1/1684708200.c1.snap.jpg,0.21825054
2023-05-21 23:30:00,/Volumes/Argus/unk/snap/c1/1684711800.c1.snap.jpg,0.34469345
2023-05-22 00:00:00,/Volumes/Argus/unk/snap/c1/1684713600.c1.snap.jpg,0.4146459
2023-05-22 00:30:00,/Volumes/Argus/unk/snap/c1/1684715400.c1.snap.jpg,0.23934421
2023-05-22 01:00:00,/Volumes/Argus/unk/snap/c1/1684717200.c1.snap.jpg,0.3840831
2023-05-22 01:30:00,/Volumes/Argus/unk/snap/c1/1684719000.c1.snap.jpg,0.24710998
2023-05-22 02:00:00,/Volumes/Argus/unk/snap/c1/1684720800.c1.snap.jpg,0.23719291
2023-05-22 03:00:00,/Volumes/Argus/unk/snap/c1/1684724400.c1.snap.jpg,0.383675
2023-05-22 03:30:00,/Volumes/Argus/unk/snap/c1/1684726200.c1.snap.jpg,0.3580991
2023-05-22 04:30:00,/Volumes/Argus/unk/snap/c1/1684729800.c1.snap.jpg,0.43044615
2023-05-22 05:00:00,/Volumes/Argus/unk/snap/c1/1684731600.c1.snap.jpg,0.30181438
2023-05-22 05:30:00,/Volumes/Argus/unk/snap/c1/1684733400.c1.snap.jpg,0.43202096
2023-05-22 06:00:00,/Volumes/Argus/unk/snap/c1/1684735200.c1.snap.jpg,0.31289276
2023-05-22 15:00:00,/Volumes/Argus/unk/snap/c1/1684767600.c1.snap.jpg,0.5347276
2023-05-22 15:30:00,/Volumes/Argus/unk/snap/c1/1684769400.c1.snap.jpg,0.6592795
2023-05-22 16:00:00,/Volumes/Argus/unk/snap/c1/1684771200.c1.snap.jpg,0.31244457
2023-05-22 16:30:00,/Volumes/Argus/unk/snap/c1/1684773000.c1.snap.jpg,0.35193306
2023-05-22 17:00:00,/Volumes/Argus/unk/snap/c1/1684774800.c1.snap.jpg,0.42185307
2023-05-22 18:00:00,/Volumes/Argus/unk/snap/c1/1684778400.c1.snap.jpg,0.22105809
2023-05-22 19:00:00,/Volumes/Argus/unk/snap/c1/1684782000.c1.snap.jpg,0.25729665
2023-05-22 19:30:00,/Volumes/Argus/unk/snap/c1/1684783800.c1.snap.jpg,0.2481207
2023-05-22 20:00:00,/Volumes/Argus/unk/snap/c1/1684785600.c1.snap.jpg,0.48035944
2023-05-22 20:30:00,/Volumes/Argus/unk/snap/c1/1684787400.c1.snap.jpg,0.31872955
2023-05-22 21:00:00,/Volumes/Argus/unk/snap/c1/1684789200.c1.snap.jpg,0.38635573
2023-05-22 21:30:00,/Volumes/Argus/unk/snap/c1/1684791000.c1.snap.jpg,0.3214799
2023-05-22 22:00:00,/Volumes/Argus/unk/snap/c1/1684792800.c1.snap.jpg,0.38949227
2023-05-22 22:30:00,/Volumes/Argus/unk/snap/c1/1684794600.c1.snap.jpg,0.4122905
2023-05-22 23:00:00,/Volumes/Argus/unk/snap/c1/1684796400.c1.snap.jpg,0.25512406
2023-05-22 23:30:00,/Volumes/Argus/unk/snap/c1/1684798200.c1.snap.jpg,0.4053748
2023-05-23 00:00:00,/Volumes/Argus/unk/snap/c1/1684800000.c1.snap.jpg,0.33806667
2023-05-23 00:30:00,/Volumes/Argus/unk/snap/c1/1684801800.c1.snap.jpg,0.35769683
2023-05-23 01:00:00,/Volumes/Argus/unk/snap/c1/1684803600.c1.snap.jpg,0.49963415
2023-05-23 01:30:00,/Volumes/Argus/unk/snap/c1/1684805400.c1.snap.jpg,0.43310493
2023-05-23 02:00:00,/Volumes/Argus/unk/snap/c1/1684807200.c1.snap.jpg,0.28082198
2023-05-23 03:00:00,/Volumes/Argus/unk/snap/c1/1684810800.c1.snap.jpg,0.24952786
2023-05-23 03:30:00,/Volumes/Argus/unk/snap/c1/1684812600.c1.snap.jpg,0.21795179
2023-05-23 04:00:00,/Volumes/Argus/unk/snap/c1/1684814400.c1.snap.jpg,0.23934865
2023-05-23 04:30:00,/Volumes/Argus/unk/snap/c1/1684816200.c1.snap.jpg,0.1891488
2023-05-23 05:00:00,/Volumes/Argus/unk/snap/c1/1684818000.c1.snap.jpg,0.3015799
2023-05-23 05:30:00,/Volumes/Argus/unk/snap/c1/1684819800.c1.snap.jpg,0.3237016
2023-05-23 15:00:00,/Volumes/Argus/unk/snap/c1/1684854000.c1.snap.jpg,0.22189723
2023-05-23 15:30:00,/Volumes/Argus/unk/snap/c1/1684855800.c1.snap.jpg,0.24202405
2023-05-23 16:00:00,/Volumes/Argus/unk/snap/c1/1684857600.c1.snap.jpg,0.2608092
2023-05-23 16:30:00,/Volumes/Argus/unk/snap/c1/1684859400.c1.snap.jpg,0.32620847
2023-05-23 17:00:00,/Volumes/Argus/unk/snap/c1/1684861200.c1.snap.jpg,0.35340703
2023-05-23 17:30:00,/Volumes/Argus/unk/snap/c1/1684863000.c1.snap.jpg,0.3059906
2023-05-23 18:00:00,/Volumes/Argus/unk/snap/c1/1684864800.c1.snap.jpg,0.21582787
2023-05-23 19:30:00,/Volumes/Argus/unk/snap/c1/1684870200.c1.snap.jpg,0.32077175
2023-05-23 20:00:00,/Volumes/Argus/unk/snap/c1/1684872000.c1.snap.jpg,0.32035834
2023-05-23 20:30:00,/Volumes/Argus/unk/snap/c1/1684873800.c1.snap.jpg,0.31656343
2023-05-23 21:00:00,/Volumes/Argus/unk/snap/c1/1684875600.c1.snap.jpg,0.3115357
2023-05-23 21:30:00,/Volumes/Argus/unk/snap/c1/1684877400.c1.snap.jpg,0.27985477
2023-05-23 22:00:00,/Volumes/Argus/unk/snap/c1/1684879200.c1.snap.jpg,0.27919358
2023-05-23 22:30:00,/Volumes/Argus/unk/snap/c1/1684881000.c1.snap.jpg,0.35470283
2023-05-23 23:00:00,/Volumes/Argus/unk/snap/c1/1684882800.c1.snap.jpg,0.26405886
2023-05-23 23:30:00,/Volumes/Argus/unk/snap/c1/1684884600.c1.snap.jpg,0.30371684
2023-05-24 00:00:00,/Volumes/Argus/unk/snap/c1/1684886400.c1.snap.jpg,0.33830953
2023-05-24 01:00:00,/Volumes/Argus/unk/snap/c1/1684890000.c1.snap.jpg,0.25826007
2023-05-24 01:30:00,/Volumes/Argus/unk/snap/c1/1684891800.c1.snap.jpg,0.2831542
2023-05-24 02:00:00,/Volumes/Argus/unk/snap/c1/1684893600.c1.snap.jpg,0.2301337
2023-05-24 03:00:00,/Volumes/Argus/unk/snap/c1/1684897200.c1.snap.jpg,0.26770285
2023-05-24 03:30:00,/Volumes/Argus/unk/snap/c1/1684899000.c1.snap.jpg,0.31688848
2023-05-24 04:00:00,/Volumes/Argus/unk/snap/c1/1684900800.c1.snap.jpg,0.35059237
2023-05-24 04:30:00,/Volumes/Argus/unk/snap/c1/1684902600.c1.snap.jpg,0.3473124
2023-05-24 05:00:00,/Volumes/Argus/unk/snap/c1/1684904400.c1.snap.jpg,0.29186067
2023-05-24 05:30:00,/Volumes/Argus/unk/snap/c1/1684906200.c1.snap.jpg,0.40300715
2023-05-24 06:00:00,/Volumes/Argus/unk/snap/c1/1684908000.c1.snap.jpg,0.38416263
2023-05-24 15:30:00,/Volumes/Argus/unk/snap/c1/1684942200.c1.snap.jpg,0.27836055
2023-05-24 16:00:00,/Volumes/Argus/unk/snap/c1/1684944000.c1.snap.jpg,0.20300934
2023-05-24 16:30:00,/Volumes/Argus/unk/snap/c1/1684945800.c1.snap.jpg,0.3666219
2023-05-24 17:00:00,/Volumes/Argus/unk/snap/c1/1684947600.c1.snap.jpg,0.21475503
2023-05-24 17:30:00,/Volumes/Argus/unk/snap/c1/1684949400.c1.snap.jpg,0.24370125
2023-05-24 18:00:00,/Volumes/Argus/unk/snap/c1/1684951200.c1.snap.jpg,0.21299657
2023-05-24 18:30:00,/Volumes/Argus/unk/snap/c1/1684953000.c1.snap.jpg,0.24210864
2023-05-24 19:00:00,/Volumes/Argus/unk/snap/c1/1684954800.c1.snap.jpg,0.41107923
2023-05-24 19:30:00,/Volumes/Argus/unk/snap/c1/1684956600.c1.snap.jpg,0.20310272
2023-05-24 20:00:00,/Volumes/Argus/unk/snap/c1/1684958400.c1.snap.jpg,0.19427639
2023-05-24 21:00:00,/Volumes/Argus/unk/snap/c1/1684962000.c1.snap.jpg,0.23335305
2023-05-24 21:30:00,/Volumes/Argus/unk/snap/c1/1684963800.c1.snap.jpg,0.3293198
2023-05-24 22:30:00,/Volumes/Argus/unk/snap/c1/1684967400.c1.snap.jpg,0.2509719
2023-05-24 23:00:00,/Volumes/Argus/unk/snap/c1/1684969200.c1.snap.jpg,0.26649594
2023-05-24 23:30:00,/Volumes/Argus/unk/snap/c1/1684971000.c1.snap.jpg,0.25804913
2023-05-25 00:00:00,/Volumes/Argus/unk/snap/c1/1684972800.c1.snap.jpg,0.24774566
2023-05-25 00:30:00,/Volumes/Argus/unk/snap/c1/1684974600.c1.snap.jpg,0.24732345
2023-05-25 01:00:00,/Volumes/Argus/unk/snap/c1/1684976400.c1.snap.jpg,0.25697333
2023-05-25 02:00:00,/Volumes/Argus/unk/snap/c1/1684980000.c1.snap.jpg,0.636707
2023-05-25 02:30:00,/Volumes/Argus/unk/snap/c1/1684981800.c1.snap.jpg,0.3932193
2023-05-25 03:00:00,/Volumes/Argus/unk/snap/c1/1684983600.c1.snap.jpg,0.32010216
2023-05-25 03:30:00,/Volumes/Argus/unk/snap/c1/1684985400.c1.snap.jpg,0.587559
2023-05-25 04:00:00,/Volumes/Argus/unk/snap/c1/1684987200.c1.snap.jpg,0.42835456
2023-05-25 04:30:00,/Volumes/Argus/unk/snap/c1/1684989000.c1.snap.jpg,0.40583265
2023-05-25 05:00:00,/Volumes/Argus/unk/snap/c1/1684990800.c1.snap.jpg,0.4028936
2023-05-25 05:30:00,/Volumes/Argus/unk/snap/c1/1684992600.c1.snap.jpg,0.5183562
2023-05-25 06:00:00,/Volumes/Argus/unk/snap/c1/1684994400.c1.snap.jpg,0.3537333
2023-05-25 15:00:00,/Volumes/Argus/unk/snap/c1/1685026800.c1.snap.jpg,0.4659676
2023-05-25 16:00:00,/Volumes/Argus/unk/snap/c1/1685030400.c1.snap.jpg,0.38321316
2023-05-25 19:00:00,/Volumes/Argus/unk/snap/c1/1685041200.c1.snap.jpg,0.2785554
2023-05-25 19:30:00,/Volumes/Argus/unk/snap/c1/1685043000.c1.snap.jpg,0.41189218
2023-05-25 20:00:00,/Volumes/Argus/unk/snap/c1/1685044800.c1.snap.jpg,0.25717124
2023-05-25 20:30:00,/Volumes/Argus/unk/snap/c1/1685046600.c1.snap.jpg,0.27322513
2023-05-26 03:00:00,/Volumes/Argus/unk/snap/c1/1685070000.c1.snap.jpg,0.34736556
2023-05-26 05:00:00,/Volumes/Argus/unk/snap/c1/1685077200.c1.snap.jpg,0.526358
2023-05-26 15:00:00,/Volumes/Argus/unk/snap/c1/1685113200.c1.snap.jpg,0.21124257
2023-05-26 15:30:00,/Volumes/Argus/unk/snap/c1/1685115000.c1.snap.jpg,0.33168602
2023-05-26 16:00:00,/Volumes/Argus/unk/snap/c1/1685116800.c1.snap.jpg,0.2386537
2023-05-26 16:30:00,/Volumes/Argus/unk/snap/c1/1685118600.c1.snap.jpg,0.17871624
2023-05-26 17:00:00,/Volumes/Argus/unk/snap/c1/1685120400.c1.snap.jpg,0.32229576
2023-05-27 00:30:00,/Volumes/Argus/unk/snap/c1/1685147400.c1.snap.jpg,0.3258232
2023-05-27 01:00:00,/Volumes/Argus/unk/snap/c1/1685149200.c1.snap.jpg,0.41289562
2023-05-27 01:30:00,/Volumes/Argus/unk/snap/c1/1685151000.c1.snap.jpg,0.24670474
2023-05-27 02:00:00,/Volumes/Argus/unk/snap/c1/1685152800.c1.snap.jpg,0.47668564
2023-05-27 02:30:00,/Volumes/Argus/unk/snap/c1/1685154600.c1.snap.jpg,0.37627342
2023-05-27 03:00:00,/Volumes/Argus/unk/snap/c1/1685156400.c1.snap.jpg,0.36987108
2023-05-27 03:30:00,/Volumes/Argus/unk/snap/c1/1685158200.c1.snap.jpg,0.2948427
2023-05-27 04:00:00,/Volumes/Argus/unk/snap/c1/1685160000.c1.snap.jpg,0.5223833
2023-05-27 04:30:00,/Volumes/Argus/unk/snap/c1/1685161800.c1.snap.jpg,0.22730249
2023-05-27 05:00:00,/Volumes/Argus/unk/snap/c1/1685163600.c1.snap.jpg,0.2107046
2023-05-27 05:30:00,/Volumes/Argus/unk/snap/c1/1685165400.c1.snap.jpg,0.37167764
2023-05-27 15:00:00,/Volumes/Argus/unk/snap/c1/1685199600.c1.snap.jpg,0.2852281
2023-05-27 15:30:00,/Volumes/Argus/unk/snap/c1/1685201400.c1.snap.jpg,0.28962624
2023-05-27 16:00:00,/Volumes/Argus/unk/snap/c1/1685203200.c1.snap.jpg,0.47629374
2023-05-27 16:30:00,/Volumes/Argus/unk/snap/c1/1685205000.c1.snap.jpg,0.38635755
2023-05-27 17:00:00,/Volumes/Argus/unk/snap/c1/1685206800.c1.snap.jpg,0.49470577
2023-05-27 17:30:00,/Volumes/Argus/unk/snap/c1/1685208600.c1.snap.jpg,0.27860513
2023-05-27 18:00:00,/Volumes/Argus/unk/snap/c1/1685210400.c1.snap.jpg,0.24458443
2023-05-27 20:30:00,/Volumes/Argus/unk/snap/c1/1685219400.c1.snap.jpg,0.31828755
2023-05-27 22:00:00,/Volumes/Argus/unk/snap/c1/1685224800.c1.snap.jpg,0.32277802
2023-05-28 00:30:00,/Volumes/Argus/unk/snap/c1/1685233800.c1.snap.jpg,0.2783519
2023-05-28 01:00:00,/Volumes/Argus/unk/snap/c1/1685235600.c1.snap.jpg,0.2120867
2023-05-28 01:30:00,/Volumes/Argus/unk/snap/c1/1685237400.c1.snap.jpg,0.35319337
2023-05-28 03:30:00,/Volumes/Argus/unk/snap/c1/1685244600.c1.snap.jpg,0.53895634
2023-05-28 04:00:00,/Volumes/Argus/unk/snap/c1/1685246400.c1.snap.jpg,0.3469928
2023-05-28 04:30:00,/Volumes/Argus/unk/snap/c1/1685248200.c1.snap.jpg,0.41414416
2023-05-28 06:00:00,/Volumes/Argus/unk/snap/c1/1685253600.c1.snap.jpg,0.24291408
2023-05-28 15:00:00,/Volumes/Argus/unk/snap/c1/1685286000.c1.snap.jpg,0.2861852
2023-05-28 15:30:00,/Volumes/Argus/unk/snap/c1/1685287800.c1.snap.jpg,0.28347868
2023-05-28 16:00:00,/Volumes/Argus/unk/snap/c1/1685289600.c1.snap.jpg,0.26969305
2023-05-28 16:30:00,/Volumes/Argus/unk/snap/c1/1685291400.c1.snap.jpg,0.26655132
2023-05-28 17:00:00,/Volumes/Argus/unk/snap/c1/1685293200.c1.snap.jpg,0.28501022
2023-05-28 17:30:00,/Volumes/Argus/unk/snap/c1/1685295000.c1.snap.jpg,0.2747754
2023-05-28 18:00:00,/Volumes/Argus/unk/snap/c1/1685296800.c1.snap.jpg,0.2513133
2023-05-28 19:00:00,/Volumes/Argus/unk/snap/c1/1685300400.c1.snap.jpg,0.29115352
2023-05-28 20:00:00,/Volumes/Argus/unk/snap/c1/1685304000.c1.snap.jpg,0.2786163
2023-05-28 21:00:00,/Volumes/Argus/unk/snap/c1/1685307600.c1.snap.jpg,0.31105828
2023-05-28 21:30:00,/Volumes/Argus/unk/snap/c1/1685309400.c1.snap.jpg,0.24710599
2023-05-28 22:30:00,/Volumes/Argus/unk/snap/c1/1685313000.c1.snap.jpg,0.25346893
2023-05-28 23:00:00,/Volumes/Argus/unk/snap/c1/1685314800.c1.snap.jpg,0.28292996
2023-05-28 23:30:00,/Volumes/Argus/unk/snap/c1/1685316600.c1.snap.jpg,0.28594428
2023-05-29 00:00:00,/Volumes/Argus/unk/snap/c1/1685318400.c1.snap.jpg,0.29225522
2023-05-29 00:30:00,/Volumes/Argus/unk/snap/c1/1685320200.c1.snap.jpg,0.2933739
2023-05-29 01:30:00,/Volumes/Argus/unk/snap/c1/1685323800.c1.snap.jpg,0.35266855
2023-05-29 02:00:00,/Volumes/Argus/unk/snap/c1/1685325600.c1.snap.jpg,0.30225635
2023-05-29 03:00:00,/Volumes/Argus/unk/snap/c1/1685329200.c1.snap.jpg,0.39314136
2023-05-29 03:30:00,/Volumes/Argus/unk/snap/c1/1685331000.c1.snap.jpg,0.4826371
2023-05-29 04:00:00,/Volumes/Argus/unk/snap/c1/1685332800.c1.snap.jpg,0.40471905
2023-05-29 04:30:00,/Volumes/Argus/unk/snap/c1/1685334600.c1.snap.jpg,0.32276532
2023-05-29 05:00:00,/Volumes/Argus/unk/snap/c1/1685336400.c1.snap.jpg,0.42252466
2023-05-29 05:30:00,/Volumes/Argus/unk/snap/c1/1685338200.c1.snap.jpg,0.36780632
2023-05-29 06:00:00,/Volumes/Argus/unk/snap/c1/1685340000.c1.snap.jpg,0.35573623
2023-05-29 15:00:00,/Volumes/Argus/unk/snap/c1/1685372400.c1.snap.jpg,0.83730155
2023-05-29 15:30:00,/Volumes/Argus/unk/snap/c1/1685374200.c1.snap.jpg,0.70351106
2023-05-29 16:00:00,/Volumes/Argus/unk/snap/c1/1685376000.c1.snap.jpg,0.8480078
2023-05-29 16:30:00,/Volumes/Argus/unk/snap/c1/1685377800.c1.snap.jpg,0.6786763
2023-05-29 17:00:00,/Volumes/Argus/unk/snap/c1/1685379600.c1.snap.jpg,0.7230895
2023-05-29 17:30:00,/Volumes/Argus/unk/snap/c1/1685381400.c1.snap.jpg,0.8390183
2023-05-29 18:00:00,/Volumes/Argus/unk/snap/c1/1685383200.c1.snap.jpg,0.7889747
2023-05-29 18:30:00,/Volumes/Argus/unk/snap/c1/1685385000.c1.snap.jpg,0.69321495
2023-05-29 19:00:00,/Volumes/Argus/unk/snap/c1/1685386800.c1.snap.jpg,0.77893037
2023-05-29 19:30:00,/Volumes/Argus/unk/snap/c1/1685388600.c1.snap.jpg,0.73875916
2023-05-29 20:30:00,/Volumes/Argus/unk/snap/c1/1685392200.c1.snap.jpg,0.760671
2023-05-29 21:00:00,/Volumes/Argus/unk/snap/c1/1685394000.c1.snap.jpg,0.7817354
2023-05-29 21:30:00,/Volumes/Argus/unk/snap/c1/1685395800.c1.snap.jpg,0.6541152
2023-05-29 22:00:00,/Volumes/Argus/unk/snap/c1/1685397600.c1.snap.jpg,0.7894033
2023-05-29 22:30:00,/Volumes/Argus/unk/snap/c1/1685399400.c1.snap.jpg,0.590232
2023-05-29 23:00:00,/Volumes/Argus/unk/snap/c1/1685401200.c1.snap.jpg,0.9036938
2023-05-29 23:30:00,/Volumes/Argus/unk/snap/c1/1685403000.c1.snap.jpg,0.6216768
2023-05-30 00:00:00,/Volumes/Argus/unk/snap/c1/1685404800.c1.snap.jpg,0.5130857
2023-05-30 00:30:00,/Volumes/Argus/unk/snap/c1/1685406600.c1.snap.jpg,0.25075954
2023-05-30 01:30:00,/Volumes/Argus/unk/snap/c1/1685410200.c1.snap.jpg,0.32126278
2023-05-30 02:00:00,/Volumes/Argus/unk/snap/c1/1685412000.c1.snap.jpg,0.64847445
2023-05-30 03:00:00,/Volumes/Argus/unk/snap/c1/1685415600.c1.snap.jpg,0.39683828
2023-05-30 04:00:00,/Volumes/Argus/unk/snap/c1/1685419200.c1.snap.jpg,0.35324815
2023-05-30 04:30:00,/Volumes/Argus/unk/snap/c1/1685421000.c1.snap.jpg,0.28235328
2023-05-30 05:00:00,/Volumes/Argus/unk/snap/c1/1685422800.c1.snap.jpg,0.26192945
2023-05-30 05:30:00,/Volumes/Argus/unk/snap/c1/1685424600.c1.snap.jpg,0.1866427
2023-05-30 06:00:00,/Volumes/Argus/unk/snap/c1/1685426400.c1.snap.jpg,0.24329099
2023-05-30 15:00:00,/Volumes/Argus/unk/snap/c1/1685458800.c1.snap.jpg,0.2635739
2023-05-30 16:00:00,/Volumes/Argus/unk/snap/c1/1685462400.c1.snap.jpg,0.27654994
2023-05-30 16:30:00,/Volumes/Argus/unk/snap/c1/1685464200.c1.snap.jpg,0.27415854
2023-05-30 17:00:00,/Volumes/Argus/unk/snap/c1/1685466000.c1.snap.jpg,0.26486632
2023-05-30 17:30:00,/Volumes/Argus/unk/snap/c1/1685467800.c1.snap.jpg,0.23492274
2023-05-30 18:00:00,/Volumes/Argus/unk/snap/c1/1685469600.c1.snap.jpg,0.2588872
2023-05-30 18:30:00,/Volumes/Argus/unk/snap/c1/1685471400.c1.snap.jpg,0.30941933
2023-05-30 19:00:00,/Volumes/Argus/unk/snap/c1/1685473200.c1.snap.jpg,0.2842365
2023-05-30 19:30:00,/Volumes/Argus/unk/snap/c1/1685475000.c1.snap.jpg,0.33533785
2023-05-30 20:00:00,/Volumes/Argus/unk/snap/c1/1685476800.c1.snap.jpg,0.3195866
2023-05-30 20:30:00,/Volumes/Argus/unk/snap/c1/1685478600.c1.snap.jpg,0.45286718
2023-05-30 21:00:00,/Volumes/Argus/unk/snap/c1/1685480400.c1.snap.jpg,0.31143862
2023-05-30 21:30:00,/Volumes/Argus/unk/snap/c1/1685482200.c1.snap.jpg,0.35918403
2023-05-30 22:00:00,/Volumes/Argus/unk/snap/c1/1685484000.c1.snap.jpg,0.3927064
2023-05-30 22:30:00,/Volumes/Argus/unk/snap/c1/1685485800.c1.snap.jpg,0.35581055
2023-05-30 23:00:00,/Volumes/Argus/unk/snap/c1/1685487600.c1.snap.jpg,0.3033746
2023-05-30 23:30:00,/Volumes/Argus/unk/snap/c1/1685489400.c1.snap.jpg,0.30006468
2023-05-31 00:00:00,/Volumes/Argus/unk/snap/c1/1685491200.c1.snap.jpg,0.28043747
2023-05-31 00:30:00,/Volumes/Argus/unk/snap/c1/1685493000.c1.snap.jpg,0.3015911
2023-05-31 01:00:00,/Volumes/Argus/unk/snap/c1/1685494800.c1.snap.jpg,0.35318685
2023-05-31 01:30:00,/Volumes/Argus/unk/snap/c1/1685496600.c1.snap.jpg,0.31048062
2023-05-31 02:00:00,/Volumes/Argus/unk/snap/c1/1685498400.c1.snap.jpg,0.29443085
2023-05-31 03:00:00,/Volumes/Argus/unk/snap/c1/1685502000.c1.snap.jpg,0.32292575
2023-05-31 03:30:00,/Volumes/Argus/unk/snap/c1/1685503800.c1.snap.jpg,0.25436547
2023-05-31 04:00:00,/Volumes/Argus/unk/snap/c1/1685505600.c1.snap.jpg,0.29580793
2023-05-31 04:30:00,/Volumes/Argus/unk/snap/c1/1685507400.c1.snap.jpg,0.51056063
2023-05-31 05:00:00,/Volumes/Argus/unk/snap/c1/1685509200.c1.snap.jpg,0.4338596
2023-05-31 05:30:00,/Volumes/Argus/unk/snap/c1/1685511000.c1.snap.jpg,0.5080162
2023-05-31 06:00:00,/Volumes/Argus/unk/snap/c1/1685512800.c1.snap.jpg,0.4852087
2023-05-31 15:00:00,/Volumes/Argus/unk/snap/c1/1685545200.c1.snap.jpg,0.8276325
2023-05-31 15:30:00,/Volumes/Argus/unk/snap/c1/1685547000.c1.snap.jpg,0.74603844
2023-05-31 16:00:00,/Volumes/Argus/unk/snap/c1/1685548800.c1.snap.jpg,0.68701065
2023-05-31 16:30:00,/Volumes/Argus/unk/snap/c1/1685550600.c1.snap.jpg,0.6675292
2023-05-31 17:00:00,/Volumes/Argus/unk/snap/c1/1685552400.c1.snap.jpg,0.83199
2023-05-31 17:30:00,/Volumes/Argus/unk/snap/c1/1685554200.c1.snap.jpg,0.73169017
2023-05-31 18:00:00,/Volumes/Argus/unk/snap/c1/1685556000.c1.snap.jpg,0.5845103
2023-05-31 18:30:00,/Volumes/Argus/unk/snap/c1/1685557800.c1.snap.jpg,0.58391845
2023-05-31 19:00:00,/Volumes/Argus/unk/snap/c1/1685559600.c1.snap.jpg,0.6496611
2023-05-31 19:30:00,/Volumes/Argus/unk/snap/c1/1685561400.c1.snap.jpg,0.4558313
2023-05-31 20:00:00,/Volumes/Argus/unk/snap/c1/1685563200.c1.snap.jpg,0.40966767
2023-05-31 20:30:00,/Volumes/Argus/unk/snap/c1/1685565000.c1.snap.jpg,0.46260133
2023-05-31 21:00:00,/Volumes/Argus/unk/snap/c1/1685566800.c1.snap.jpg,0.5609557
2023-05-31 21:30:00,/Volumes/Argus/unk/snap/c1/1685568600.c1.snap.jpg,0.5720138
2023-05-31 22:00:00,/Volumes/Argus/unk/snap/c1/1685570400.c1.snap.jpg,0.52912176
2023-05-31 22:30:00,/Volumes/Argus/unk/snap/c1/1685572200.c1.snap.jpg,0.404252
2023-05-31 23:30:00,/Volumes/Argus/unk/snap/c1/1685575800.c1.snap.jpg,0.32253128
2023-06-01 00:00:00,/Volumes/Argus/unk/snap/c1/1685577600.c1.snap.jpg,0.45941037
2023-06-01 00:30:00,/Volumes/Argus/unk/snap/c1/1685579400.c1.snap.jpg,0.4696472
2023-06-01 01:00:00,/Volumes/Argus/unk/snap/c1/1685581200.c1.snap.jpg,0.44227198
2023-06-01 01:30:00,/Volumes/Argus/unk/snap/c1/1685583000.c1.snap.jpg,0.25784
2023-06-01 02:00:00,/Volumes/Argus/unk/snap/c1/1685584800.c1.snap.jpg,0.33860463
2023-06-01 03:00:00,/Volumes/Argus/unk/snap/c1/1685588400.c1.snap.jpg,0.32144785
2023-06-01 03:30:00,/Volumes/Argus/unk/snap/c1/1685590200.c1.snap.jpg,0.44275492
2023-06-01 04:00:00,/Volumes/Argus/unk/snap/c1/1685592000.c1.snap.jpg,0.24219754
2023-06-01 04:30:00,/Volumes/Argus/unk/snap/c1/1685593800.c1.snap.jpg,0.31793046
2023-06-01 05:00:00,/Volumes/Argus/unk/snap/c1/1685595600.c1.snap.jpg,0.24233678
2023-06-01 05:30:00,/Volumes/Argus/unk/snap/c1/1685597400.c1.snap.jpg,0.21367201
2023-06-01 06:00:00,/Volumes/Argus/unk/snap/c1/1685599200.c1.snap.jpg,0.40201902
2023-06-01 15:00:00,/Volumes/Argus/unk/snap/c1/1685631600.c1.snap.jpg,0.42952433
2023-06-01 15:30:00,/Volumes/Argus/unk/snap/c1/1685633400.c1.snap.jpg,0.2553429
2023-06-01 16:00:00,/Volumes/Argus/unk/snap/c1/1685635200.c1.snap.jpg,0.37240648
2023-06-01 16:30:00,/Volumes/Argus/unk/snap/c1/1685637000.c1.snap.jpg,0.49160808
2023-06-01 17:00:00,/Volumes/Argus/unk/snap/c1/1685638800.c1.snap.jpg,0.27822828
2023-06-01 17:30:00,/Volumes/Argus/unk/snap/c1/1685640600.c1.snap.jpg,0.29229096
2023-06-01 18:00:00,/Volumes/Argus/unk/snap/c1/1685642400.c1.snap.jpg,0.31048092
2023-06-01 19:00:00,/Volumes/Argus/unk/snap/c1/1685646000.c1.snap.jpg,0.3135531
2023-06-01 19:30:00,/Volumes/Argus/unk/snap/c1/1685647800.c1.snap.jpg,0.23497762
2023-06-01 20:00:00,/Volumes/Argus/unk/snap/c1/1685649600.c1.snap.jpg,0.4168783
2023-06-01 20:30:00,/Volumes/Argus/unk/snap/c1/1685651400.c1.snap.jpg,0.25450262
2023-06-01 21:00:00,/Volumes/Argus/unk/snap/c1/1685653200.c1.snap.jpg,0.39316374
2023-06-01 21:30:00,/Volumes/Argus/unk/snap/c1/1685655000.c1.snap.jpg,0.21562053
2023-06-01 22:00:00,/Volumes/Argus/unk/snap/c1/1685656800.c1.snap.jpg,0.43145883
2023-06-01 22:30:00,/Volumes/Argus/unk/snap/c1/1685658600.c1.snap.jpg,0.30978364
2023-06-01 23:00:00,/Volumes/Argus/unk/snap/c1/1685660400.c1.snap.jpg,0.37881947
2023-06-01 23:30:00,/Volumes/Argus/unk/snap/c1/1685662200.c1.snap.jpg,0.36112055
2023-06-02 00:00:00,/Volumes/Argus/unk/snap/c1/1685664000.c1.snap.jpg,0.38672373
2023-06-02 00:30:00,/Volumes/Argus/unk/snap/c1/1685665800.c1.snap.jpg,0.413429
2023-06-02 01:00:00,/Volumes/Argus/unk/snap/c1/1685667600.c1.snap.jpg,0.72592854
2023-06-02 01:30:00,/Volumes/Argus/unk/snap/c1/1685669400.c1.snap.jpg,0.38194144
2023-06-02 02:00:00,/Volumes/Argus/unk/snap/c1/1685671200.c1.snap.jpg,0.4718452
2023-06-02 02:30:00,/Volumes/Argus/unk/snap/c1/1685673000.c1.snap.jpg,0.51307535
2023-06-02 03:00:00,/Volumes/Argus/unk/snap/c1/1685674800.c1.snap.jpg,0.2972443
2023-06-02 03:30:00,/Volumes/Argus/unk/snap/c1/1685676600.c1.snap.jpg,0.4960291
2023-06-02 04:00:00,/Volumes/Argus/unk/snap/c1/1685678400.c1.snap.jpg,0.4105881
2023-06-02 04:30:00,/Volumes/Argus/unk/snap/c1/1685680200.c1.snap.jpg,0.2624637
2023-06-02 05:00:00,/Volumes/Argus/unk/snap/c1/1685682000.c1.snap.jpg,0.33435866
2023-06-02 06:00:00,/Volumes/Argus/unk/snap/c1/1685685600.c1.snap.jpg,0.29563355
2023-06-02 18:30:00,/Volumes/Argus/unk/snap/c1/1685730600.c1.snap.jpg,0.45178273
2023-06-02 19:00:00,/Volumes/Argus/unk/snap/c1/1685732400.c1.snap.jpg,0.35821664
2023-06-02 20:00:00,/Volumes/Argus/unk/snap/c1/1685736000.c1.snap.jpg,0.3105942
2023-06-02 20:30:00,/Volumes/Argus/unk/snap/c1/1685737800.c1.snap.jpg,0.25365347
2023-06-02 21:00:00,/Volumes/Argus/unk/snap/c1/1685739600.c1.snap.jpg,0.25236124
2023-06-02 21:30:00,/Volumes/Argus/unk/snap/c1/1685741400.c1.snap.jpg,0.27058446
2023-06-02 22:00:00,/Volumes/Argus/unk/snap/c1/1685743200.c1.snap.jpg,0.26665837
2023-06-02 22:30:00,/Volumes/Argus/unk/snap/c1/1685745000.c1.snap.jpg,0.27458394
2023-06-02 23:00:00,/Volumes/Argus/unk/snap/c1/1685746800.c1.snap.jpg,0.2940082
2023-06-02 23:30:00,/Volumes/Argus/unk/snap/c1/1685748600.c1.snap.jpg,0.28432125
2023-06-03 00:00:00,/Volumes/Argus/unk/snap/c1/1685750400.c1.snap.jpg,0.29549408
2023-06-03 00:30:00,/Volumes/Argus/unk/snap/c1/1685752200.c1.snap.jpg,0.2579978
2023-06-03 01:00:00,/Volumes/Argus/unk/snap/c1/1685754000.c1.snap.jpg,0.29165363
2023-06-03 01:30:00,/Volumes/Argus/unk/snap/c1/1685755800.c1.snap.jpg,0.28098804
2023-06-03 02:00:00,/Volumes/Argus/unk/snap/c1/1685757600.c1.snap.jpg,0.3842091
2023-06-03 03:00:00,/Volumes/Argus/unk/snap/c1/1685761200.c1.snap.jpg,0.34121343
2023-06-03 03:30:00,/Volumes/Argus/unk/snap/c1/1685763000.c1.snap.jpg,0.28298858
2023-06-03 04:00:00,/Volumes/Argus/unk/snap/c1/1685764800.c1.snap.jpg,0.29094303
2023-06-03 04:30:00,/Volumes/Argus/unk/snap/c1/1685766600.c1.snap.jpg,0.35308796
2023-06-03 05:00:00,/Volumes/Argus/unk/snap/c1/1685768400.c1.snap.jpg,0.26419926
2023-06-03 06:00:00,/Volumes/Argus/unk/snap/c1/1685772000.c1.snap.jpg,0.30274746
2023-06-04 15:00:00,/Volumes/Argus/unk/snap/c1/1685890800.c1.snap.jpg,0.35939154
2023-06-04 15:30:00,/Volumes/Argus/unk/snap/c1/1685892600.c1.snap.jpg,0.35392863
2023-06-04 16:00:00,/Volumes/Argus/unk/snap/c1/1685894400.c1.snap.jpg,0.37258056
2023-06-04 16:30:00,/Volumes/Argus/unk/snap/c1/1685896200.c1.snap.jpg,0.33695775
2023-06-04 17:00:00,/Volumes/Argus/unk/snap/c1/1685898000.c1.snap.jpg,0.6637224
2023-06-04 17:30:00,/Volumes/Argus/unk/snap/c1/1685899800.c1.snap.jpg,0.49551886
2023-06-04 18:00:00,/Volumes/Argus/unk/snap/c1/1685901600.c1.snap.jpg,0.6666961
2023-06-04 18:30:00,/Volumes/Argus/unk/snap/c1/1685903400.c1.snap.jpg,0.40034035
2023-06-04 19:00:00,/Volumes/Argus/unk/snap/c1/1685905200.c1.snap.jpg,0.26484093
2023-06-04 19:30:00,/Volumes/Argus/unk/snap/c1/1685907000.c1.snap.jpg,0.35150757
2023-06-04 20:00:00,/Volumes/Argus/unk/snap/c1/1685908800.c1.snap.jpg,0.29541254
2023-06-04 20:30:00,/Volumes/Argus/unk/snap/c1/1685910600.c1.snap.jpg,0.23396876
2023-06-04 21:00:00,/Volumes/Argus/unk/snap/c1/1685912400.c1.snap.jpg,0.24948442
2023-06-04 22:00:00,/Volumes/Argus/unk/snap/c1/1685916000.c1.snap.jpg,0.20511378
2023-06-04 22:30:00,/Volumes/Argus/unk/snap/c1/1685917800.c1.snap.jpg,0.22579636
2023-06-04 23:00:00,/Volumes/Argus/unk/snap/c1/1685919600.c1.snap.jpg,0.2260767
2023-06-04 23:30:00,/Volumes/Argus/unk/snap/c1/1685921400.c1.snap.jpg,0.23532584
2023-06-05 00:00:00,/Volumes/Argus/unk/snap/c1/1685923200.c1.snap.jpg,0.27266568
2023-06-05 00:30:00,/Volumes/Argus/unk/snap/c1/1685925000.c1.snap.jpg,0.27485996
2023-06-05 01:30:00,/Volumes/Argus/unk/snap/c1/1685928600.c1.snap.jpg,0.26404667
2023-06-05 02:00:00,/Volumes/Argus/unk/snap/c1/1685930400.c1.snap.jpg,0.5288991
2023-06-05 03:30:00,/Volumes/Argus/unk/snap/c1/1685935800.c1.snap.jpg,0.42016312
2023-06-05 04:00:00,/Volumes/Argus/unk/snap/c1/1685937600.c1.snap.jpg,0.45507276
2023-06-05 05:00:00,/Volumes/Argus/unk/snap/c1/1685941200.c1.snap.jpg,0.4696296
2023-06-05 05:30:00,/Volumes/Argus/unk/snap/c1/1685943000.c1.snap.jpg,0.5683156
2023-06-05 06:00:00,/Volumes/Argus/unk/snap/c1/1685944800.c1.snap.jpg,0.330895
2023-06-05 15:00:00,/Volumes/Argus/unk/snap/c1/1685977200.c1.snap.jpg,0.40395707
2023-06-05 15:30:00,/Volumes/Argus/unk/snap/c1/1685979000.c1.snap.jpg,0.5331805
2023-06-05 16:00:00,/Volumes/Argus/unk/snap/c1/1685980800.c1.snap.jpg,0.42172912
2023-06-05 16:30:00,/Volumes/Argus/unk/snap/c1/1685982600.c1.snap.jpg,0.399518
2023-06-05 17:00:00,/Volumes/Argus/unk/snap/c1/1685984400.c1.snap.jpg,0.30206805
2023-06-05 17:30:00,/Volumes/Argus/unk/snap/c1/1685986200.c1.snap.jpg,0.48230046
2023-06-05 18:00:00,/Volumes/Argus/unk/snap/c1/1685988000.c1.snap.jpg,0.899945
2023-06-05 18:30:00,/Volumes/Argus/unk/snap/c1/1685989800.c1.snap.jpg,0.94074225
2023-06-05 19:00:00,/Volumes/Argus/unk/snap/c1/1685991600.c1.snap.jpg,0.337679
2023-06-05 19:30:00,/Volumes/Argus/unk/snap/c1/1685993400.c1.snap.jpg,0.62753683
2023-06-05 20:00:00,/Volumes/Argus/unk/snap/c1/1685995200.c1.snap.jpg,1.0134685
2023-06-05 20:30:00,/Volumes/Argus/unk/snap/c1/1685997000.c1.snap.jpg,0.36577702
2023-06-05 21:00:00,/Volumes/Argus/unk/snap/c1/1685998800.c1.snap.jpg,0.7194027
2023-06-05 21:30:00,/Volumes/Argus/unk/snap/c1/1686000600.c1.snap.jpg,0.345132
2023-06-05 22:00:00,/Volumes/Argus/unk/snap/c1/1686002400.c1.snap.jpg,0.27899492
2023-06-05 22:30:00,/Volumes/Argus/unk/snap/c1/1686004200.c1.snap.jpg,0.2746699
2023-06-05 23:00:00,/Volumes/Argus/unk/snap/c1/1686006000.c1.snap.jpg,0.28181815
2023-06-05 23:30:00,/Volumes/Argus/unk/snap/c1/1686007800.c1.snap.jpg,0.270652
2023-06-06 00:00:00,/Volumes/Argus/unk/snap/c1/1686009600.c1.snap.jpg,0.2132574
2023-06-06 00:30:00,/Volumes/Argus/unk/snap/c1/1686011400.c1.snap.jpg,0.26346457
2023-06-06 01:00:00,/Volumes/Argus/unk/snap/c1/1686013200.c1.snap.jpg,0.3042134
2023-06-06 01:30:00,/Volumes/Argus/unk/snap/c1/1686015000.c1.snap.jpg,0.3727279
2023-06-06 02:00:00,/Volumes/Argus/unk/snap/c1/1686016800.c1.snap.jpg,0.3046003
2023-06-06 02:30:00,/Volumes/Argus/unk/snap/c1/1686018600.c1.snap.jpg,0.259277
2023-06-06 03:00:00,/Volumes/Argus/unk/snap/c1/1686020400.c1.snap.jpg,0.20093569
2023-06-06 03:30:00,/Volumes/Argus/unk/snap/c1/1686022200.c1.snap.jpg,0.2756023
2023-06-06 04:00:00,/Volumes/Argus/unk/snap/c1/1686024000.c1.snap.jpg,0.23147915
2023-06-06 04:30:00,/Volumes/Argus/unk/snap/c1/1686025800.c1.snap.jpg,0.28098294
2023-06-06 05:00:00,/Volumes/Argus/unk/snap/c1/1686027600.c1.snap.jpg,0.35501117
2023-06-06 05:30:00,/Volumes/Argus/unk/snap/c1/1686029400.c1.snap.jpg,0.41095737
2023-06-06 06:00:00,/Volumes/Argus/unk/snap/c1/1686031200.c1.snap.jpg,0.22895531
2023-06-06 15:00:00,/Volumes/Argus/unk/snap/c1/1686063600.c1.snap.jpg,0.38197684
2023-06-06 15:30:00,/Volumes/Argus/unk/snap/c1/1686065400.c1.snap.jpg,0.37946907
2023-06-06 16:00:00,/Volumes/Argus/unk/snap/c1/1686067200.c1.snap.jpg,0.3836621
2023-06-06 16:30:00,/Volumes/Argus/unk/snap/c1/1686069000.c1.snap.jpg,0.47774297
2023-06-06 17:00:00,/Volumes/Argus/unk/snap/c1/1686070800.c1.snap.jpg,0.23481062
2023-06-06 17:30:00,/Volumes/Argus/unk/snap/c1/1686072600.c1.snap.jpg,0.36831817
2023-06-06 18:00:00,/Volumes/Argus/unk/snap/c1/1686074400.c1.snap.jpg,0.23056374
2023-06-06 18:30:00,/Volumes/Argus/unk/snap/c1/1686076200.c1.snap.jpg,0.70631987
2023-06-06 19:00:00,/Volumes/Argus/unk/snap/c1/1686078000.c1.snap.jpg,0.23712137
2023-06-06 19:30:00,/Volumes/Argus/unk/snap/c1/1686079800.c1.snap.jpg,0.7642845
2023-06-06 20:00:00,/Volumes/Argus/unk/snap/c1/1686081600.c1.snap.jpg,0.24727488
2023-06-06 20:30:00,/Volumes/Argus/unk/snap/c1/1686083400.c1.snap.jpg,0.3988251
2023-06-06 21:00:00,/Volumes/Argus/unk/snap/c1/1686085200.c1.snap.jpg,0.22247346
2023-06-06 21:30:00,/Volumes/Argus/unk/snap/c1/1686087000.c1.snap.jpg,0.31638944
2023-06-06 22:00:00,/Volumes/Argus/unk/snap/c1/1686088800.c1.snap.jpg,0.36702192
2023-06-06 22:30:00,/Volumes/Argus/unk/snap/c1/1686090600.c1.snap.jpg,0.3160197
2023-06-06 23:00:00,/Volumes/Argus/unk/snap/c1/1686092400.c1.snap.jpg,0.2659169
2023-06-07 00:30:00,/Volumes/Argus/unk/snap/c1/1686097800.c1.snap.jpg,0.2501226
2023-06-07 01:30:00,/Volumes/Argus/unk/snap/c1/1686101400.c1.snap.jpg,0.27992824
2023-06-07 02:00:00,/Volumes/Argus/unk/snap/c1/1686103200.c1.snap.jpg,0.34150615
2023-06-07 03:30:00,/Volumes/Argus/unk/snap/c1/1686108600.c1.snap.jpg,0.3114514
2023-06-07 04:00:00,/Volumes/Argus/unk/snap/c1/1686110400.c1.snap.jpg,0.3378002
2023-06-07 04:30:00,/Volumes/Argus/unk/snap/c1/1686112200.c1.snap.jpg,0.426939
2023-06-07 05:00:00,/Volumes/Argus/unk/snap/c1/1686114000.c1.snap.jpg,0.40156597
2023-06-07 05:30:00,/Volumes/Argus/unk/snap/c1/1686115800.c1.snap.jpg,0.44633502
2023-06-07 06:00:00,/Volumes/Argus/unk/snap/c1/1686117600.c1.snap.jpg,0.4405729
2023-06-07 15:00:00,/Volumes/Argus/unk/snap/c1/1686150000.c1.snap.jpg,0.35183418
2023-06-07 15:30:00,/Volumes/Argus/unk/snap/c1/1686151800.c1.snap.jpg,0.23367476
2023-06-07 16:00:00,/Volumes/Argus/unk/snap/c1/1686153600.c1.snap.jpg,0.31678808
2023-06-07 16:30:00,/Volumes/Argus/unk/snap/c1/1686155400.c1.snap.jpg,0.66159964
2023-06-07 17:00:00,/Volumes/Argus/unk/snap/c1/1686157200.c1.snap.jpg,0.7803446
2023-06-07 17:30:00,/Volumes/Argus/unk/snap/c1/1686159000.c1.snap.jpg,0.51823974
2023-06-07 18:00:00,/Volumes/Argus/unk/snap/c1/1686160800.c1.snap.jpg,0.4645502
2023-06-07 18:30:00,/Volumes/Argus/unk/snap/c1/1686162600.c1.snap.jpg,0.32217118
2023-06-07 19:00:00,/Volumes/Argus/unk/snap/c1/1686164400.c1.snap.jpg,0.44366312
2023-06-07 19:30:00,/Volumes/Argus/unk/snap/c1/1686166200.c1.snap.jpg,0.3061067
2023-06-07 20:00:00,/Volumes/Argus/unk/snap/c1/1686168000.c1.snap.jpg,0.35311252
2023-06-07 20:30:00,/Volumes/Argus/unk/snap/c1/1686169800.c1.snap.jpg,0.24858256
2023-06-07 21:00:00,/Volumes/Argus/unk/snap/c1/1686171600.c1.snap.jpg,0.36703423
2023-06-07 21:30:00,/Volumes/Argus/unk/snap/c1/1686173400.c1.snap.jpg,0.28595024
2023-06-07 22:00:00,/Volumes/Argus/unk/snap/c1/1686175200.c1.snap.jpg,0.32877564
2023-06-07 23:00:00,/Volumes/Argus/unk/snap/c1/1686178800.c1.snap.jpg,0.48389468
2023-06-07 23:30:00,/Volumes/Argus/unk/snap/c1/1686180600.c1.snap.jpg,0.3102588
2023-06-08 00:00:00,/Volumes/Argus/unk/snap/c1/1686182400.c1.snap.jpg,0.36316043
2023-06-08 00:30:00,/Volumes/Argus/unk/snap/c1/1686184200.c1.snap.jpg,0.37773344
2023-06-08 01:00:00,/Volumes/Argus/unk/snap/c1/1686186000.c1.snap.jpg,0.3354804
2023-06-08 01:30:00,/Volumes/Argus/unk/snap/c1/1686187800.c1.snap.jpg,0.26597488
2023-06-08 02:00:00,/Volumes/Argus/unk/snap/c1/1686189600.c1.snap.jpg,0.3213113
2023-06-08 03:00:00,/Volumes/Argus/unk/snap/c1/1686193200.c1.snap.jpg,0.40976638
2023-06-08 03:30:00,/Volumes/Argus/unk/snap/c1/1686195000.c1.snap.jpg,0.3060167
2023-06-08 04:30:00,/Volumes/Argus/unk/snap/c1/1686198600.c1.snap.jpg,0.50516653
2023-06-08 06:00:00,/Volumes/Argus/unk/snap/c1/1686204000.c1.snap.jpg,0.35059983
2023-06-08 15:00:00,/Volumes/Argus/unk/snap/c1/1686236400.c1.snap.jpg,0.26954
2023-06-08 15:30:00,/Volumes/Argus/unk/snap/c1/1686238200.c1.snap.jpg,0.38465053
2023-06-08 16:00:00,/Volumes/Argus/unk/snap/c1/1686240000.c1.snap.jpg,0.3541236
2023-06-08 16:30:00,/Volumes/Argus/unk/snap/c1/1686241800.c1.snap.jpg,0.34131333
2023-06-08 17:00:00,/Volumes/Argus/unk/snap/c1/1686243600.c1.snap.jpg,0.32953528
2023-06-08 18:00:00,/Volumes/Argus/unk/snap/c1/1686247200.c1.snap.jpg,0.33930677
2023-06-08 18:30:00,/Volumes/Argus/unk/snap/c1/1686249000.c1.snap.jpg,0.2718356
2023-06-08 19:00:00,/Volumes/Argus/unk/snap/c1/1686250800.c1.snap.jpg,0.32404983
2023-06-08 19:30:00,/Volumes/Argus/unk/snap/c1/1686252600.c1.snap.jpg,0.37814185
2023-06-08 20:00:00,/Volumes/Argus/unk/snap/c1/1686254400.c1.snap.jpg,0.24218714
2023-06-08 21:00:00,/Volumes/Argus/unk/snap/c1/1686258000.c1.snap.jpg,0.24426961
2023-06-08 21:30:00,/Volumes/Argus/unk/snap/c1/1686259800.c1.snap.jpg,0.19131769
2023-06-08 22:00:00,/Volumes/Argus/unk/snap/c1/1686261600.c1.snap.jpg,0.25795394
2023-06-08 22:30:00,/Volumes/Argus/unk/snap/c1/1686263400.c1.snap.jpg,0.24863288
2023-06-08 23:00:00,/Volumes/Argus/unk/snap/c1/1686265200.c1.snap.jpg,0.36185318
2023-06-08 23:30:00,/Volumes/Argus/unk/snap/c1/1686267000.c1.snap.jpg,0.41003862
2023-06-09 00:00:00,/Volumes/Argus/unk/snap/c1/1686268800.c1.snap.jpg,0.35633767
2023-06-09 01:00:00,/Volumes/Argus/unk/snap/c1/1686272400.c1.snap.jpg,0.2400891
2023-06-09 01:30:00,/Volumes/Argus/unk/snap/c1/1686274200.c1.snap.jpg,0.23096631
2023-06-09 02:00:00,/Volumes/Argus/unk/snap/c1/1686276000.c1.snap.jpg,0.32781497
2023-06-09 03:00:00,/Volumes/Argus/unk/snap/c1/1686279600.c1.snap.jpg,0.32268852
2023-06-09 03:30:00,/Volumes/Argus/unk/snap/c1/1686281400.c1.snap.jpg,0.29532802
2023-06-09 04:00:00,/Volumes/Argus/unk/snap/c1/1686283200.c1.snap.jpg,0.45863628
2023-06-09 04:30:00,/Volumes/Argus/unk/snap/c1/1686285000.c1.snap.jpg,0.30627286
2023-06-09 05:00:00,/Volumes/Argus/unk/snap/c1/1686286800.c1.snap.jpg,0.25125605
2023-06-09 05:30:00,/Volumes/Argus/unk/snap/c1/1686288600.c1.snap.jpg,0.24288651
2023-06-09 06:00:00,/Volumes/Argus/unk/snap/c1/1686290400.c1.snap.jpg,0.26562572
2023-06-09 06:30:00,/Volumes/Argus/unk/snap/c1/1686292200.c1.snap.jpg,0.34638628
2023-06-09 07:00:00,/Volumes/Argus/unk/snap/c1/1686294000.c1.snap.jpg,0.42136037
2023-06-09 15:00:00,/Volumes/Argus/unk/snap/c1/1686322800.c1.snap.jpg,0.2724372
2023-06-09 15:30:00,/Volumes/Argus/unk/snap/c1/1686324600.c1.snap.jpg,0.2427447
2023-06-09 16:00:00,/Volumes/Argus/unk/snap/c1/1686326400.c1.snap.jpg,0.33300996
2023-06-09 17:00:00,/Volumes/Argus/unk/snap/c1/1686330000.c1.snap.jpg,0.29228404
2023-06-09 17:30:00,/Volumes/Argus/unk/snap/c1/1686331800.c1.snap.jpg,0.3764475
2023-06-09 18:00:00,/Volumes/Argus/unk/snap/c1/1686333600.c1.snap.jpg,0.5034539
2023-06-09 18:30:00,/Volumes/Argus/unk/snap/c1/1686335400.c1.snap.jpg,0.44888052
2023-06-09 19:00:00,/Volumes/Argus/unk/snap/c1/1686337200.c1.snap.jpg,0.32641172
2023-06-09 19:30:00,/Volumes/Argus/unk/snap/c1/1686339000.c1.snap.jpg,0.29564008
2023-06-09 20:00:00,/Volumes/Argus/unk/snap/c1/1686340800.c1.snap.jpg,0.35956627
2023-06-09 20:30:00,/Volumes/Argus/unk/snap/c1/1686342600.c1.snap.jpg,0.37173605
2023-06-09 21:00:00,/Volumes/Argus/unk/snap/c1/1686344400.c1.snap.jpg,0.22184332
2023-06-09 21:30:00,/Volumes/Argus/unk/snap/c1/1686346200.c1.snap.jpg,0.3166611
2023-06-09 22:00:00,/Volumes/Argus/unk/snap/c1/1686348000.c1.snap.jpg,0.21678112
2023-06-09 22:30:00,/Volumes/Argus/unk/snap/c1/1686349800.c1.snap.jpg,0.31095082
2023-06-09 23:00:00,/Volumes/Argus/unk/snap/c1/1686351600.c1.snap.jpg,0.21680689
2023-06-10 00:00:00,/Volumes/Argus/unk/snap/c1/1686355200.c1.snap.jpg,0.2705586
2023-06-10 00:30:00,/Volumes/Argus/unk/snap/c1/1686357000.c1.snap.jpg,0.27278134
2023-06-10 01:00:00,/Volumes/Argus/unk/snap/c1/1686358800.c1.snap.jpg,0.21399567
2023-06-10 01:30:00,/Volumes/Argus/unk/snap/c1/1686360600.c1.snap.jpg,0.25802395
2023-06-10 02:00:00,/Volumes/Argus/unk/snap/c1/1686362400.c1.snap.jpg,0.30494255
2023-06-10 02:30:00,/Volumes/Argus/unk/snap/c1/1686364200.c1.snap.jpg,0.24271986
2023-06-10 03:00:00,/Volumes/Argus/unk/snap/c1/1686366000.c1.snap.jpg,0.21537761
2023-06-10 03:30:00,/Volumes/Argus/unk/snap/c1/1686367800.c1.snap.jpg,0.3795139
2023-06-10 04:00:00,/Volumes/Argus/unk/snap/c1/1686369600.c1.snap.jpg,0.27755436
2023-06-10 04:30:00,/Volumes/Argus/unk/snap/c1/1686371400.c1.snap.jpg,0.23914061
2023-06-10 05:00:00,/Volumes/Argus/unk/snap/c1/1686373200.c1.snap.jpg,0.2054928
2023-06-10 05:30:00,/Volumes/Argus/unk/snap/c1/1686375000.c1.snap.jpg,0.4100886
2023-06-10 06:00:00,/Volumes/Argus/unk/snap/c1/1686376800.c1.snap.jpg,0.24754636
2023-06-10 06:30:00,/Volumes/Argus/unk/snap/c1/1686378600.c1.snap.jpg,0.33637393
2023-06-10 07:00:00,/Volumes/Argus/unk/snap/c1/1686380400.c1.snap.jpg,0.2840987
2023-06-10 15:00:00,/Volumes/Argus/unk/snap/c1/1686409200.c1.snap.jpg,0.38478112
2023-06-10 15:30:00,/Volumes/Argus/unk/snap/c1/1686411000.c1.snap.jpg,0.26053837
2023-06-10 16:00:00,/Volumes/Argus/unk/snap/c1/1686412800.c1.snap.jpg,0.29314518
2023-06-10 16:30:00,/Volumes/Argus/unk/snap/c1/1686414600.c1.snap.jpg,0.2826702
2023-06-10 17:00:00,/Volumes/Argus/unk/snap/c1/1686416400.c1.snap.jpg,0.24121028
2023-06-10 17:30:00,/Volumes/Argus/unk/snap/c1/1686418200.c1.snap.jpg,0.27278972
2023-06-10 18:00:00,/Volumes/Argus/unk/snap/c1/1686420000.c1.snap.jpg,0.26646993
2023-06-10 18:30:00,/Volumes/Argus/unk/snap/c1/1686421800.c1.snap.jpg,0.287112
2023-06-10 19:00:00,/Volumes/Argus/unk/snap/c1/1686423600.c1.snap.jpg,0.2869439
2023-06-10 19:30:00,/Volumes/Argus/unk/snap/c1/1686425400.c1.snap.jpg,0.24261792
2023-06-10 20:00:00,/Volumes/Argus/unk/snap/c1/1686427200.c1.snap.jpg,0.17305893
2023-06-10 20:30:00,/Volumes/Argus/unk/snap/c1/1686429000.c1.snap.jpg,0.18287069
2023-06-10 21:00:00,/Volumes/Argus/unk/snap/c1/1686430800.c1.snap.jpg,0.29794523
2023-06-10 22:00:00,/Volumes/Argus/unk/snap/c1/1686434400.c1.snap.jpg,0.29088137
2023-06-10 22:30:00,/Volumes/Argus/unk/snap/c1/1686436200.c1.snap.jpg,0.3360045
2023-06-10 23:00:00,/Volumes/Argus/unk/snap/c1/1686438000.c1.snap.jpg,0.31569698
2023-06-10 23:30:00,/Volumes/Argus/unk/snap/c1/1686439800.c1.snap.jpg,0.2505529
2023-06-11 00:00:00,/Volumes/Argus/unk/snap/c1/1686441600.c1.snap.jpg,0.37680167
2023-06-11 00:30:00,/Volumes/Argus/unk/snap/c1/1686443400.c1.snap.jpg,0.30091488
2023-06-11 01:30:00,/Volumes/Argus/unk/snap/c1/1686447000.c1.snap.jpg,0.3520033
2023-06-11 04:00:00,/Volumes/Argus/unk/snap/c1/1686456000.c1.snap.jpg,0.30660808
2023-06-11 04:30:00,/Volumes/Argus/unk/snap/c1/1686457800.c1.snap.jpg,0.22520345
2023-06-11 05:30:00,/Volumes/Argus/unk/snap/c1/1686461400.c1.snap.jpg,0.2720216
2023-06-11 06:00:00,/Volumes/Argus/unk/snap/c1/1686463200.c1.snap.jpg,0.2431887
2023-06-11 06:30:00,/Volumes/Argus/unk/snap/c1/1686465000.c1.snap.jpg,0.38762626
2023-06-11 07:00:00,/Volumes/Argus/unk/snap/c1/1686466800.c1.snap.jpg,0.4389861
2023-06-11 15:00:00,/Volumes/Argus/unk/snap/c1/1686495600.c1.snap.jpg,0.27726793
2023-06-11 15:30:00,/Volumes/Argus/unk/snap/c1/1686497400.c1.snap.jpg,0.3064675
2023-06-11 16:00:00,/Volumes/Argus/unk/snap/c1/1686499200.c1.snap.jpg,0.28851792
2023-06-11 16:30:00,/Volumes/Argus/unk/snap/c1/1686501000.c1.snap.jpg,0.26070058
2023-06-11 17:00:00,/Volumes/Argus/unk/snap/c1/1686502800.c1.snap.jpg,0.2638989
2023-06-11 17:30:00,/Volumes/Argus/unk/snap/c1/1686504600.c1.snap.jpg,0.23209627
2023-06-11 18:00:00,/Volumes/Argus/unk/snap/c1/1686506400.c1.snap.jpg,0.262943
2023-06-11 18:30:00,/Volumes/Argus/unk/snap/c1/1686508200.c1.snap.jpg,0.24199805
2023-06-11 19:00:00,/Volumes/Argus/unk/snap/c1/1686510000.c1.snap.jpg,0.22700095
2023-06-11 19:30:00,/Volumes/Argus/unk/snap/c1/1686511800.c1.snap.jpg,0.21685094
2023-06-11 20:00:00,/Volumes/Argus/unk/snap/c1/1686513600.c1.snap.jpg,0.20405619
2023-06-11 20:30:00,/Volumes/Argus/unk/snap/c1/1686515400.c1.snap.jpg,0.21828367
2023-06-11 21:00:00,/Volumes/Argus/unk/snap/c1/1686517200.c1.snap.jpg,0.2723862
2023-06-11 21:30:00,/Volumes/Argus/unk/snap/c1/1686519000.c1.snap.jpg,0.283867
2023-06-11 22:30:00,/Volumes/Argus/unk/snap/c1/1686522600.c1.snap.jpg,0.43637547
2023-06-11 23:00:00,/Volumes/Argus/unk/snap/c1/1686524400.c1.snap.jpg,0.2750414
2023-06-12 00:00:00,/Volumes/Argus/unk/snap/c1/1686528000.c1.snap.jpg,0.31814754
2023-06-12 00:30:00,/Volumes/Argus/unk/snap/c1/1686529800.c1.snap.jpg,0.37639216
2023-06-12 01:00:00,/Volumes/Argus/unk/snap/c1/1686531600.c1.snap.jpg,0.27882195
2023-06-12 01:30:00,/Volumes/Argus/unk/snap/c1/1686533400.c1.snap.jpg,0.26155943
2023-06-12 02:00:00,/Volumes/Argus/unk/snap/c1/1686535200.c1.snap.jpg,0.36124623
2023-06-12 03:30:00,/Volumes/Argus/unk/snap/c1/1686540600.c1.snap.jpg,0.28432363
2023-06-12 04:00:00,/Volumes/Argus/unk/snap/c1/1686542400.c1.snap.jpg,0.25367945
2023-06-12 04:30:00,/Volumes/Argus/unk/snap/c1/1686544200.c1.snap.jpg,0.26046672
2023-06-12 05:00:00,/Volumes/Argus/unk/snap/c1/1686546000.c1.snap.jpg,0.4708566
2023-06-12 05:30:00,/Volumes/Argus/unk/snap/c1/1686547800.c1.snap.jpg,0.27429765
2023-06-12 06:30:00,/Volumes/Argus/unk/snap/c1/1686551400.c1.snap.jpg,0.46714124
2023-06-12 07:00:00,/Volumes/Argus/unk/snap/c1/1686553200.c1.snap.jpg,0.2883815
2023-06-12 15:00:00,/Volumes/Argus/unk/snap/c1/1686582000.c1.snap.jpg,0.19372818
2023-06-12 15:30:00,/Volumes/Argus/unk/snap/c1/1686583800.c1.snap.jpg,0.27390325
2023-06-12 16:00:00,/Volumes/Argus/unk/snap/c1/1686585600.c1.snap.jpg,0.45478207
2023-06-12 16:30:00,/Volumes/Argus/unk/snap/c1/1686587400.c1.snap.jpg,0.36979288
2023-06-12 17:00:00,/Volumes/Argus/unk/snap/c1/1686589200.c1.snap.jpg,0.33695692
2023-06-12 17:30:00,/Volumes/Argus/unk/snap/c1/1686591000.c1.snap.jpg,0.27346367
2023-06-12 18:00:00,/Volumes/Argus/unk/snap/c1/1686592800.c1.snap.jpg,0.26690567
2023-06-12 19:00:00,/Volumes/Argus/unk/snap/c1/1686596400.c1.snap.jpg,0.26806453
2023-06-12 19:30:00,/Volumes/Argus/unk/snap/c1/1686598200.c1.snap.jpg,0.24702379
2023-06-12 20:00:00,/Volumes/Argus/unk/snap/c1/1686600000.c1.snap.jpg,0.22347473
2023-06-12 20:30:00,/Volumes/Argus/unk/snap/c1/1686601800.c1.snap.jpg,0.2879883
2023-06-12 21:00:00,/Volumes/Argus/unk/snap/c1/1686603600.c1.snap.jpg,0.34828874
2023-06-12 21:30:00,/Volumes/Argus/unk/snap/c1/1686605400.c1.snap.jpg,0.35960284
2023-06-12 22:00:00,/Volumes/Argus/unk/snap/c1/1686607200.c1.snap.jpg,0.28777224
2023-06-12 22:30:00,/Volumes/Argus/unk/snap/c1/1686609000.c1.snap.jpg,0.30085704
2023-06-12 23:00:00,/Volumes/Argus/unk/snap/c1/1686610800.c1.snap.jpg,0.29291642
2023-06-12 23:30:00,/Volumes/Argus/unk/snap/c1/1686612600.c1.snap.jpg,0.3146484
2023-06-13 00:00:00,/Volumes/Argus/unk/snap/c1/1686614400.c1.snap.jpg,0.28982398
2023-06-13 00:30:00,/Volumes/Argus/unk/snap/c1/1686616200.c1.snap.jpg,0.27787706
2023-06-13 01:00:00,/Volumes/Argus/unk/snap/c1/1686618000.c1.snap.jpg,0.28777736
2023-06-13 01:30:00,/Volumes/Argus/unk/snap/c1/1686619800.c1.snap.jpg,0.30519944
2023-06-13 02:00:00,/Volumes/Argus/unk/snap/c1/1686621600.c1.snap.jpg,0.20872483
2023-06-13 02:30:00,/Volumes/Argus/unk/snap/c1/1686623400.c1.snap.jpg,0.40769994
2023-06-13 03:00:00,/Volumes/Argus/unk/snap/c1/1686625200.c1.snap.jpg,0.5222989
2023-06-13 03:30:00,/Volumes/Argus/unk/snap/c1/1686627000.c1.snap.jpg,0.33540022
2023-06-13 04:00:00,/Volumes/Argus/unk/snap/c1/1686628800.c1.snap.jpg,0.3156151
2023-06-13 04:30:00,/Volumes/Argus/unk/snap/c1/1686630600.c1.snap.jpg,0.22659695
2023-06-13 05:00:00,/Volumes/Argus/unk/snap/c1/1686632400.c1.snap.jpg,0.3122795
2023-06-13 05:30:00,/Volumes/Argus/unk/snap/c1/1686634200.c1.snap.jpg,0.23726612
2023-06-13 06:00:00,/Volumes/Argus/unk/snap/c1/1686636000.c1.snap.jpg,0.29455814
2023-06-13 06:30:00,/Volumes/Argus/unk/snap/c1/1686637800.c1.snap.jpg,0.20868646
2023-06-13 07:00:00,/Volumes/Argus/unk/snap/c1/1686639600.c1.snap.jpg,0.27637923
2023-06-13 15:00:00,/Volumes/Argus/unk/snap/c1/1686668400.c1.snap.jpg,0.29380372
2023-06-13 15:30:00,/Volumes/Argus/unk/snap/c1/1686670200.c1.snap.jpg,0.33517414
2023-06-13 16:00:00,/Volumes/Argus/unk/snap/c1/1686672000.c1.snap.jpg,0.27646905
2023-06-13 16:30:00,/Volumes/Argus/unk/snap/c1/1686673800.c1.snap.jpg,0.23477711
2023-06-13 17:00:00,/Volumes/Argus/unk/snap/c1/1686675600.c1.snap.jpg,0.25681823
2023-06-13 17:30:00,/Volumes/Argus/unk/snap/c1/1686677400.c1.snap.jpg,0.2663644
2023-06-13 18:30:00,/Volumes/Argus/unk/snap/c1/1686681000.c1.snap.jpg,0.26713985
2023-06-13 19:00:00,/Volumes/Argus/unk/snap/c1/1686682800.c1.snap.jpg,0.250153
2023-06-13 19:30:00,/Volumes/Argus/unk/snap/c1/1686684600.c1.snap.jpg,0.3155937
2023-06-13 20:00:00,/Volumes/Argus/unk/snap/c1/1686686400.c1.snap.jpg,0.32414854
2023-06-13 20:30:00,/Volumes/Argus/unk/snap/c1/1686688200.c1.snap.jpg,0.2645492
2023-06-13 21:00:00,/Volumes/Argus/unk/snap/c1/1686690000.c1.snap.jpg,0.38042516
2023-06-13 21:30:00,/Volumes/Argus/unk/snap/c1/1686691800.c1.snap.jpg,0.5141038
2023-06-13 22:00:00,/Volumes/Argus/unk/snap/c1/1686693600.c1.snap.jpg,0.914369
2023-06-13 22:30:00,/Volumes/Argus/unk/snap/c1/1686695400.c1.snap.jpg,0.76781744
2023-06-13 23:00:00,/Volumes/Argus/unk/snap/c1/1686697200.c1.snap.jpg,0.7646121
2023-06-13 23:30:00,/Volumes/Argus/unk/snap/c1/1686699000.c1.snap.jpg,1.0158672
2023-06-14 00:00:00,/Volumes/Argus/unk/snap/c1/1686700800.c1.snap.jpg,1.143326
2023-06-14 00:30:00,/Volumes/Argus/unk/snap/c1/1686702600.c1.snap.jpg,0.94736534
2023-06-14 01:00:00,/Volumes/Argus/unk/snap/c1/1686704400.c1.snap.jpg,0.8784192
2023-06-14 01:30:00,/Volumes/Argus/unk/snap/c1/1686706200.c1.snap.jpg,0.82131827
2023-06-14 02:00:00,/Volumes/Argus/unk/snap/c1/1686708000.c1.snap.jpg,0.92620385
2023-06-14 02:30:00,/Volumes/Argus/unk/snap/c1/1686709800.c1.snap.jpg,0.79355013
2023-06-14 03:30:00,/Volumes/Argus/unk/snap/c1/1686713400.c1.snap.jpg,0.75306094
2023-06-14 04:00:00,/Volumes/Argus/unk/snap/c1/1686715200.c1.snap.jpg,0.84889525
2023-06-14 04:30:00,/Volumes/Argus/unk/snap/c1/1686717000.c1.snap.jpg,0.9149469
2023-06-14 05:00:00,/Volumes/Argus/unk/snap/c1/1686718800.c1.snap.jpg,0.76234204
2023-06-14 05:30:00,/Volumes/Argus/unk/snap/c1/1686720600.c1.snap.jpg,0.7668648
2023-06-14 06:00:00,/Volumes/Argus/unk/snap/c1/1686722400.c1.snap.jpg,0.82024914
2023-06-14 06:30:00,/Volumes/Argus/unk/snap/c1/1686724200.c1.snap.jpg,0.8155687
2023-06-14 07:00:00,/Volumes/Argus/unk/snap/c1/1686726000.c1.snap.jpg,0.7758012
2023-06-14 15:00:00,/Volumes/Argus/unk/snap/c1/1686754800.c1.snap.jpg,0.8764649
2023-06-14 15:30:00,/Volumes/Argus/unk/snap/c1/1686756600.c1.snap.jpg,0.9553862
2023-06-14 16:00:00,/Volumes/Argus/unk/snap/c1/1686758400.c1.snap.jpg,0.7449362
2023-06-14 16:30:00,/Volumes/Argus/unk/snap/c1/1686760200.c1.snap.jpg,0.7748428
2023-06-14 17:00:00,/Volumes/Argus/unk/snap/c1/1686762000.c1.snap.jpg,0.7900325
2023-06-14 17:30:00,/Volumes/Argus/unk/snap/c1/1686763800.c1.snap.jpg,0.6774335
2023-06-14 18:00:00,/Volumes/Argus/unk/snap/c1/1686765600.c1.snap.jpg,0.79007804
2023-06-14 18:30:00,/Volumes/Argus/unk/snap/c1/1686767400.c1.snap.jpg,0.74165
2023-06-14 19:30:00,/Volumes/Argus/unk/snap/c1/1686771000.c1.snap.jpg,0.78446984
2023-06-14 20:30:00,/Volumes/Argus/unk/snap/c1/1686774600.c1.snap.jpg,0.8461088
2023-06-14 21:00:00,/Volumes/Argus/unk/snap/c1/1686776400.c1.snap.jpg,0.8700274
2023-06-14 21:30:00,/Volumes/Argus/unk/snap/c1/1686778200.c1.snap.jpg,0.79817736
2023-06-14 22:00:00,/Volumes/Argus/unk/snap/c1/1686780000.c1.snap.jpg,0.74326885
2023-06-14 22:30:00,/Volumes/Argus/unk/snap/c1/1686781800.c1.snap.jpg,0.5034438
2023-06-14 23:00:00,/Volumes/Argus/unk/snap/c1/1686783600.c1.snap.jpg,0.7043448
2023-06-14 23:30:00,/Volumes/Argus/unk/snap/c1/1686785400.c1.snap.jpg,0.59186804
2023-06-15 00:00:00,/Volumes/Argus/unk/snap/c1/1686787200.c1.snap.jpg,0.7378708
2023-06-15 01:00:00,/Volumes/Argus/unk/snap/c1/1686790800.c1.snap.jpg,0.73172855
2023-06-15 01:30:00,/Volumes/Argus/unk/snap/c1/1686792600.c1.snap.jpg,0.78306437
2023-06-15 02:00:00,/Volumes/Argus/unk/snap/c1/1686794400.c1.snap.jpg,0.46945158
2023-06-15 03:00:00,/Volumes/Argus/unk/snap/c1/1686798000.c1.snap.jpg,0.4973131
2023-06-15 03:30:00,/Volumes/Argus/unk/snap/c1/1686799800.c1.snap.jpg,0.2859343
2023-06-15 04:00:00,/Volumes/Argus/unk/snap/c1/1686801600.c1.snap.jpg,0.60272014
2023-06-15 05:00:00,/Volumes/Argus/unk/snap/c1/1686805200.c1.snap.jpg,0.27216783
2023-06-15 06:00:00,/Volumes/Argus/unk/snap/c1/1686808800.c1.snap.jpg,0.34664655
2023-06-15 06:30:00,/Volumes/Argus/unk/snap/c1/1686810600.c1.snap.jpg,0.436559
2023-06-15 07:00:00,/Volumes/Argus/unk/snap/c1/1686812400.c1.snap.jpg,0.32205266
2023-06-15 15:00:00,/Volumes/Argus/unk/snap/c1/1686841200.c1.snap.jpg,0.4013006
2023-06-15 15:30:00,/Volumes/Argus/unk/snap/c1/1686843000.c1.snap.jpg,0.5278946
2023-06-15 16:00:00,/Volumes/Argus/unk/snap/c1/1686844800.c1.snap.jpg,0.5446191
2023-06-15 16:30:00,/Volumes/Argus/unk/snap/c1/1686846600.c1.snap.jpg,0.5816107
2023-06-15 17:00:00,/Volumes/Argus/unk/snap/c1/1686848400.c1.snap.jpg,0.37840182
2023-06-15 17:30:00,/Volumes/Argus/unk/snap/c1/1686850200.c1.snap.jpg,0.2964601
2023-06-15 18:00:00,/Volumes/Argus/unk/snap/c1/1686852000.c1.snap.jpg,0.29437715
2023-06-15 18:30:00,/Volumes/Argus/unk/snap/c1/1686853800.c1.snap.jpg,0.4737867
2023-06-15 19:00:00,/Volumes/Argus/unk/snap/c1/1686855600.c1.snap.jpg,0.48069304
2023-06-15 19:30:00,/Volumes/Argus/unk/snap/c1/1686857400.c1.snap.jpg,0.54115224
2023-06-15 20:00:00,/Volumes/Argus/unk/snap/c1/1686859200.c1.snap.jpg,0.607241
2023-06-15 20:30:00,/Volumes/Argus/unk/snap/c1/1686861000.c1.snap.jpg,0.3023183
2023-06-15 21:00:00,/Volumes/Argus/unk/snap/c1/1686862800.c1.snap.jpg,0.39327657
2023-06-15 22:00:00,/Volumes/Argus/unk/snap/c1/1686866400.c1.snap.jpg,0.31388563
2023-06-15 22:30:00,/Volumes/Argus/unk/snap/c1/1686868200.c1.snap.jpg,0.40392673
2023-06-15 23:00:00,/Volumes/Argus/unk/snap/c1/1686870000.c1.snap.jpg,0.3099006
2023-06-16 00:30:00,/Volumes/Argus/unk/snap/c1/1686875400.c1.snap.jpg,0.28704897
2023-06-16 01:00:00,/Volumes/Argus/unk/snap/c1/1686877200.c1.snap.jpg,0.40646374
2023-06-16 01:30:00,/Volumes/Argus/unk/snap/c1/1686879000.c1.snap.jpg,0.33658853
2023-06-16 02:00:00,/Volumes/Argus/unk/snap/c1/1686880800.c1.snap.jpg,0.39900842
2023-06-16 02:30:00,/Volumes/Argus/unk/snap/c1/1686882600.c1.snap.jpg,0.34183815
2023-06-16 03:00:00,/Volumes/Argus/unk/snap/c1/1686884400.c1.snap.jpg,0.38674933
2023-06-16 03:30:00,/Volumes/Argus/unk/snap/c1/1686886200.c1.snap.jpg,0.39574286
2023-06-16 04:00:00,/Volumes/Argus/unk/snap/c1/1686888000.c1.snap.jpg,0.3773659
2023-06-16 05:00:00,/Volumes/Argus/unk/snap/c1/1686891600.c1.snap.jpg,0.3520774
2023-06-16 05:30:00,/Volumes/Argus/unk/snap/c1/1686893400.c1.snap.jpg,0.4660337
2023-06-16 07:00:00,/Volumes/Argus/unk/snap/c1/1686898800.c1.snap.jpg,0.26394564
2023-06-16 15:00:00,/Volumes/Argus/unk/snap/c1/1686927600.c1.snap.jpg,0.32436442
2023-06-16 15:30:00,/Volumes/Argus/unk/snap/c1/1686929400.c1.snap.jpg,0.32095826
2023-06-16 16:00:00,/Volumes/Argus/unk/snap/c1/1686931200.c1.snap.jpg,0.3841725
2023-06-16 16:30:00,/Volumes/Argus/unk/snap/c1/1686933000.c1.snap.jpg,0.32470828
2023-06-16 17:00:00,/Volumes/Argus/unk/snap/c1/1686934800.c1.snap.jpg,0.45668474
2023-06-16 17:30:00,/Volumes/Argus/unk/snap/c1/1686936600.c1.snap.jpg,0.56023794
2023-06-16 18:00:00,/Volumes/Argus/unk/snap/c1/1686938400.c1.snap.jpg,0.45336965
2023-06-16 18:30:00,/Volumes/Argus/unk/snap/c1/1686940200.c1.snap.jpg,0.3667761
2023-06-16 19:00:00,/Volumes/Argus/unk/snap/c1/1686942000.c1.snap.jpg,0.36000386
2023-06-16 19:30:00,/Volumes/Argus/unk/snap/c1/1686943800.c1.snap.jpg,0.44821477
2023-06-16 20:00:00,/Volumes/Argus/unk/snap/c1/1686945600.c1.snap.jpg,0.28358132
2023-06-16 20:30:00,/Volumes/Argus/unk/snap/c1/1686947400.c1.snap.jpg,0.21667115
2023-06-16 21:00:00,/Volumes/Argus/unk/snap/c1/1686949200.c1.snap.jpg,0.2849571
2023-06-16 21:30:00,/Volumes/Argus/unk/snap/c1/1686951000.c1.snap.jpg,0.31784093
2023-06-16 22:00:00,/Volumes/Argus/unk/snap/c1/1686952800.c1.snap.jpg,0.2949264
2023-06-16 22:30:00,/Volumes/Argus/unk/snap/c1/1686954600.c1.snap.jpg,0.308392
2023-06-16 23:00:00,/Volumes/Argus/unk/snap/c1/1686956400.c1.snap.jpg,0.3366173
2023-06-16 23:30:00,/Volumes/Argus/unk/snap/c1/1686958200.c1.snap.jpg,0.39011282
2023-06-17 00:00:00,/Volumes/Argus/unk/snap/c1/1686960000.c1.snap.jpg,0.43298304
2023-06-17 00:30:00,/Volumes/Argus/unk/snap/c1/1686961800.c1.snap.jpg,0.4584905
2023-06-17 01:00:00,/Volumes/Argus/unk/snap/c1/1686963600.c1.snap.jpg,0.2764976
2023-06-17 01:30:00,/Volumes/Argus/unk/snap/c1/1686965400.c1.snap.jpg,0.29940856
2023-06-17 02:00:00,/Volumes/Argus/unk/snap/c1/1686967200.c1.snap.jpg,0.31540573
2023-06-17 03:00:00,/Volumes/Argus/unk/snap/c1/1686970800.c1.snap.jpg,0.42542452
2023-06-17 03:30:00,/Volumes/Argus/unk/snap/c1/1686972600.c1.snap.jpg,0.5118258
2023-06-17 04:00:00,/Volumes/Argus/unk/snap/c1/1686974400.c1.snap.jpg,0.47641295
2023-06-17 04:30:00,/Volumes/Argus/unk/snap/c1/1686976200.c1.snap.jpg,0.4081455
2023-06-17 05:00:00,/Volumes/Argus/unk/snap/c1/1686978000.c1.snap.jpg,0.47776973
2023-06-17 05:30:00,/Volumes/Argus/unk/snap/c1/1686979800.c1.snap.jpg,0.55116224
2023-06-17 06:00:00,/Volumes/Argus/unk/snap/c1/1686981600.c1.snap.jpg,0.46509618
2023-06-17 06:30:00,/Volumes/Argus/unk/snap/c1/1686983400.c1.snap.jpg,0.46466333
2023-06-17 07:00:00,/Volumes/Argus/unk/snap/c1/1686985200.c1.snap.jpg,0.33992416
2023-06-17 15:00:00,/Volumes/Argus/unk/snap/c1/1687014000.c1.snap.jpg,0.8492785
2023-06-17 15:30:00,/Volumes/Argus/unk/snap/c1/1687015800.c1.snap.jpg,0.92438596
2023-06-17 16:00:00,/Volumes/Argus/unk/snap/c1/1687017600.c1.snap.jpg,0.9018277
2023-06-17 16:30:00,/Volumes/Argus/unk/snap/c1/1687019400.c1.snap.jpg,0.6343396
2023-06-17 17:00:00,/Volumes/Argus/unk/snap/c1/1687021200.c1.snap.jpg,0.7873047
2023-06-17 17:30:00,/Volumes/Argus/unk/snap/c1/1687023000.c1.snap.jpg,0.71488637
2023-06-17 18:00:00,/Volumes/Argus/unk/snap/c1/1687024800.c1.snap.jpg,0.51549363
2023-06-17 18:30:00,/Volumes/Argus/unk/snap/c1/1687026600.c1.snap.jpg,0.46859735
2023-06-17 19:00:00,/Volumes/Argus/unk/snap/c1/1687028400.c1.snap.jpg,0.46490365
2023-06-17 19:30:00,/Volumes/Argus/unk/snap/c1/1687030200.c1.snap.jpg,0.65274256
2023-06-17 20:00:00,/Volumes/Argus/unk/snap/c1/1687032000.c1.snap.jpg,0.62939227
2023-06-17 20:30:00,/Volumes/Argus/unk/snap/c1/1687033800.c1.snap.jpg,0.69230974
2023-06-17 21:00:00,/Volumes/Argus/unk/snap/c1/1687035600.c1.snap.jpg,0.65831053
2023-06-17 21:30:00,/Volumes/Argus/unk/snap/c1/1687037400.c1.snap.jpg,0.42951497
2023-06-17 22:00:00,/Volumes/Argus/unk/snap/c1/1687039200.c1.snap.jpg,0.65792966
2023-06-17 22:30:00,/Volumes/Argus/unk/snap/c1/1687041000.c1.snap.jpg,0.77569765
2023-06-17 23:00:00,/Volumes/Argus/unk/snap/c1/1687042800.c1.snap.jpg,0.7872196
2023-06-17 23:30:00,/Volumes/Argus/unk/snap/c1/1687044600.c1.snap.jpg,0.75919247
2023-06-18 00:00:00,/Volumes/Argus/unk/snap/c1/1687046400.c1.snap.jpg,0.8101466
2023-06-18 00:30:00,/Volumes/Argus/unk/snap/c1/1687048200.c1.snap.jpg,0.797957
2023-06-18 01:00:00,/Volumes/Argus/unk/snap/c1/1687050000.c1.snap.jpg,0.7993466
2023-06-18 02:00:00,/Volumes/Argus/unk/snap/c1/1687053600.c1.snap.jpg,0.3738236
2023-06-18 03:30:00,/Volumes/Argus/unk/snap/c1/1687059000.c1.snap.jpg,0.32135797
2023-06-18 04:00:00,/Volumes/Argus/unk/snap/c1/1687060800.c1.snap.jpg,0.2941234
2023-06-18 04:30:00,/Volumes/Argus/unk/snap/c1/1687062600.c1.snap.jpg,0.7545978
2023-06-18 05:00:00,/Volumes/Argus/unk/snap/c1/1687064400.c1.snap.jpg,0.23018852
2023-06-18 05:30:00,/Volumes/Argus/unk/snap/c1/1687066200.c1.snap.jpg,0.26452264
2023-06-18 06:30:00,/Volumes/Argus/unk/snap/c1/1687069800.c1.snap.jpg,0.35388288
2023-06-18 07:00:00,/Volumes/Argus/unk/snap/c1/1687071600.c1.snap.jpg,0.2667783
2023-06-18 15:00:00,/Volumes/Argus/unk/snap/c1/1687100400.c1.snap.jpg,0.9785197
2023-06-18 15:30:00,/Volumes/Argus/unk/snap/c1/1687102200.c1.snap.jpg,0.9272934
2023-06-18 16:00:00,/Volumes/Argus/unk/snap/c1/1687104000.c1.snap.jpg,0.8728131
2023-06-18 16:30:00,/Volumes/Argus/unk/snap/c1/1687105800.c1.snap.jpg,0.88989437
2023-06-18 17:00:00,/Volumes/Argus/unk/snap/c1/1687107600.c1.snap.jpg,0.8803984
2023-06-18 18:00:00,/Volumes/Argus/unk/snap/c1/1687111200.c1.snap.jpg,0.8498664
2023-06-18 18:30:00,/Volumes/Argus/unk/snap/c1/1687113000.c1.snap.jpg,0.9391944
2023-06-18 19:00:00,/Volumes/Argus/unk/snap/c1/1687114800.c1.snap.jpg,0.8842422
2023-06-18 19:30:00,/Volumes/Argus/unk/snap/c1/1687116600.c1.snap.jpg,0.92325157
2023-06-18 20:00:00,/Volumes/Argus/unk/snap/c1/1687118400.c1.snap.jpg,0.92342734
2023-06-18 20:30:00,/Volumes/Argus/unk/snap/c1/1687120200.c1.snap.jpg,0.84048146
2023-06-18 21:00:00,/Volumes/Argus/unk/snap/c1/1687122000.c1.snap.jpg,0.9662378
2023-06-18 21:30:00,/Volumes/Argus/unk/snap/c1/1687123800.c1.snap.jpg,0.926219
2023-06-18 22:00:00,/Volumes/Argus/unk/snap/c1/1687125600.c1.snap.jpg,0.8522992
2023-06-18 22:30:00,/Volumes/Argus/unk/snap/c1/1687127400.c1.snap.jpg,0.87504995
2023-06-18 23:00:00,/Volumes/Argus/unk/snap/c1/1687129200.c1.snap.jpg,0.8085872
2023-06-18 23:30:00,/Volumes/Argus/unk/snap/c1/1687131000.c1.snap.jpg,0.8825674
2023-06-19 00:00:00,/Volumes/Argus/unk/snap/c1/1687132800.c1.snap.jpg,0.73827463
2023-06-19 00:30:00,/Volumes/Argus/unk/snap/c1/1687134600.c1.snap.jpg,0.75228566
2023-06-19 01:00:00,/Volumes/Argus/unk/snap/c1/1687136400.c1.snap.jpg,0.49438685
2023-06-19 01:30:00,/Volumes/Argus/unk/snap/c1/1687138200.c1.snap.jpg,0.5262849
2023-06-19 02:00:00,/Volumes/Argus/unk/snap/c1/1687140000.c1.snap.jpg,0.6621243
2023-06-19 02:30:00,/Volumes/Argus/unk/snap/c1/1687141800.c1.snap.jpg,1.0078471
2023-06-19 03:30:00,/Volumes/Argus/unk/snap/c1/1687145400.c1.snap.jpg,0.4765367
2023-06-19 04:00:00,/Volumes/Argus/unk/snap/c1/1687147200.c1.snap.jpg,0.5602859
2023-06-19 04:30:00,/Volumes/Argus/unk/snap/c1/1687149000.c1.snap.jpg,0.75341696
2023-06-19 05:00:00,/Volumes/Argus/unk/snap/c1/1687150800.c1.snap.jpg,0.56138074
2023-06-19 05:30:00,/Volumes/Argus/unk/snap/c1/1687152600.c1.snap.jpg,0.6246951
2023-06-19 06:30:00,/Volumes/Argus/unk/snap/c1/1687156200.c1.snap.jpg,0.62305343
2023-06-19 07:00:00,/Volumes/Argus/unk/snap/c1/1687158000.c1.snap.jpg,0.61712974
2023-06-19 15:00:00,/Volumes/Argus/unk/snap/c1/1687186800.c1.snap.jpg,0.3010368
2023-06-19 15:30:00,/Volumes/Argus/unk/snap/c1/1687188600.c1.snap.jpg,0.33949694
2023-06-19 16:00:00,/Volumes/Argus/unk/snap/c1/1687190400.c1.snap.jpg,0.35809347
2023-06-19 16:30:00,/Volumes/Argus/unk/snap/c1/1687192200.c1.snap.jpg,0.24522623
2023-06-19 17:00:00,/Volumes/Argus/unk/snap/c1/1687194000.c1.snap.jpg,0.27095383
2023-06-19 17:30:00,/Volumes/Argus/unk/snap/c1/1687195800.c1.snap.jpg,0.28815
2023-06-19 18:00:00,/Volumes/Argus/unk/snap/c1/1687197600.c1.snap.jpg,0.36511236
2023-06-19 18:30:00,/Volumes/Argus/unk/snap/c1/1687199400.c1.snap.jpg,0.19991031
2023-06-19 19:00:00,/Volumes/Argus/unk/snap/c1/1687201200.c1.snap.jpg,0.24359128
2023-06-19 19:30:00,/Volumes/Argus/unk/snap/c1/1687203000.c1.snap.jpg,0.25725418
2023-06-19 20:00:00,/Volumes/Argus/unk/snap/c1/1687204800.c1.snap.jpg,0.26242244
2023-06-19 20:30:00,/Volumes/Argus/unk/snap/c1/1687206600.c1.snap.jpg,0.30263382
2023-06-19 21:00:00,/Volumes/Argus/unk/snap/c1/1687208400.c1.snap.jpg,0.36328557
2023-06-19 21:30:00,/Volumes/Argus/unk/snap/c1/1687210200.c1.snap.jpg,0.37898982
2023-06-19 22:00:00,/Volumes/Argus/unk/snap/c1/1687212000.c1.snap.jpg,0.4024966
2023-06-19 22:30:00,/Volumes/Argus/unk/snap/c1/1687213800.c1.snap.jpg,0.28320956
2023-06-19 23:30:00,/Volumes/Argus/unk/snap/c1/1687217400.c1.snap.jpg,0.29703596
2023-06-20 00:00:00,/Volumes/Argus/unk/snap/c1/1687219200.c1.snap.jpg,0.32567
2023-06-20 00:30:00,/Volumes/Argus/unk/snap/c1/1687221000.c1.snap.jpg,0.40592948
2023-06-20 01:00:00,/Volumes/Argus/unk/snap/c1/1687222800.c1.snap.jpg,0.3466419
2023-06-20 01:30:00,/Volumes/Argus/unk/snap/c1/1687224600.c1.snap.jpg,0.32702968
2023-06-20 02:00:00,/Volumes/Argus/unk/snap/c1/1687226400.c1.snap.jpg,0.32945356
2023-06-20 02:30:00,/Volumes/Argus/unk/snap/c1/1687228200.c1.snap.jpg,0.3039371
2023-06-20 03:00:00,/Volumes/Argus/unk/snap/c1/1687230000.c1.snap.jpg,0.2810593
2023-06-20 03:30:00,/Volumes/Argus/unk/snap/c1/1687231800.c1.snap.jpg,0.22308478
2023-06-20 04:30:00,/Volumes/Argus/unk/snap/c1/1687235400.c1.snap.jpg,0.29929632
2023-06-20 05:00:00,/Volumes/Argus/unk/snap/c1/1687237200.c1.snap.jpg,0.31881857
2023-06-20 06:00:00,/Volumes/Argus/unk/snap/c1/1687240800.c1.snap.jpg,0.33887643
2023-06-20 06:30:00,/Volumes/Argus/unk/snap/c1/1687242600.c1.snap.jpg,0.30488265
2023-06-20 07:00:00,/Volumes/Argus/unk/snap/c1/1687244400.c1.snap.jpg,0.29297578
2023-06-20 15:00:00,/Volumes/Argus/unk/snap/c1/1687273200.c1.snap.jpg,0.33013916
2023-06-20 15:30:00,/Volumes/Argus/unk/snap/c1/1687275000.c1.snap.jpg,0.24772948
2023-06-20 16:00:00,/Volumes/Argus/unk/snap/c1/1687276800.c1.snap.jpg,0.5292267
2023-06-20 16:30:00,/Volumes/Argus/unk/snap/c1/1687278600.c1.snap.jpg,0.28547758
2023-06-20 17:00:00,/Volumes/Argus/unk/snap/c1/1687280400.c1.snap.jpg,0.30149323
2023-06-20 17:30:00,/Volumes/Argus/unk/snap/c1/1687282200.c1.snap.jpg,0.2665933
2023-06-20 18:00:00,/Volumes/Argus/unk/snap/c1/1687284000.c1.snap.jpg,0.51740706
2023-06-20 18:30:00,/Volumes/Argus/unk/snap/c1/1687285800.c1.snap.jpg,0.3852991
2023-06-20 19:00:00,/Volumes/Argus/unk/snap/c1/1687287600.c1.snap.jpg,0.29579014
2023-06-20 19:30:00,/Volumes/Argus/unk/snap/c1/1687289400.c1.snap.jpg,0.24577913
2023-06-20 20:00:00,/Volumes/Argus/unk/snap/c1/1687291200.c1.snap.jpg,0.24977423
2023-06-20 21:00:00,/Volumes/Argus/unk/snap/c1/1687294800.c1.snap.jpg,0.28566003
2023-06-20 22:00:00,/Volumes/Argus/unk/snap/c1/1687298400.c1.snap.jpg,0.26996836
2023-06-20 23:00:00,/Volumes/Argus/unk/snap/c1/1687302000.c1.snap.jpg,0.22589853
2023-06-20 23:30:00,/Volumes/Argus/unk/snap/c1/1687303800.c1.snap.jpg,0.31680194
2023-06-21 00:00:00,/Volumes/Argus/unk/snap/c1/1687305600.c1.snap.jpg,0.4148745
2023-06-21 00:30:00,/Volumes/Argus/unk/snap/c1/1687307400.c1.snap.jpg,0.32750136
2023-06-21 01:00:00,/Volumes/Argus/unk/snap/c1/1687309200.c1.snap.jpg,0.3538807
2023-06-21 01:30:00,/Volumes/Argus/unk/snap/c1/1687311000.c1.snap.jpg,0.2875885
2023-06-21 02:30:00,/Volumes/Argus/unk/snap/c1/1687314600.c1.snap.jpg,0.34564394
2023-06-21 03:30:00,/Volumes/Argus/unk/snap/c1/1687318200.c1.snap.jpg,0.557922
2023-06-21 04:00:00,/Volumes/Argus/unk/snap/c1/1687320000.c1.snap.jpg,0.2600302
2023-06-21 04:30:00,/Volumes/Argus/unk/snap/c1/1687321800.c1.snap.jpg,0.28752023
2023-06-21 05:00:00,/Volumes/Argus/unk/snap/c1/1687323600.c1.snap.jpg,0.438353
2023-06-21 05:30:00,/Volumes/Argus/unk/snap/c1/1687325400.c1.snap.jpg,0.34536302
2023-06-21 06:30:00,/Volumes/Argus/unk/snap/c1/1687329000.c1.snap.jpg,0.36574647
2023-06-22 01:00:00,/Volumes/Argus/unk/snap/c1/1687395600.c1.snap.jpg,0.380308
2023-06-22 01:30:00,/Volumes/Argus/unk/snap/c1/1687397400.c1.snap.jpg,0.3800903
2023-06-22 02:30:00,/Volumes/Argus/unk/snap/c1/1687401000.c1.snap.jpg,0.28625157
2023-06-22 04:00:00,/Volumes/Argus/unk/snap/c1/1687406400.c1.snap.jpg,0.27060556
2023-06-22 04:30:00,/Volumes/Argus/unk/snap/c1/1687408200.c1.snap.jpg,0.3269207
2023-06-22 05:00:00,/Volumes/Argus/unk/snap/c1/1687410000.c1.snap.jpg,0.3126635
2023-06-22 05:30:00,/Volumes/Argus/unk/snap/c1/1687411800.c1.snap.jpg,0.5985027
2023-06-22 06:00:00,/Volumes/Argus/unk/snap/c1/1687413600.c1.snap.jpg,0.48815092
2023-06-22 07:00:00,/Volumes/Argus/unk/snap/c1/1687417200.c1.snap.jpg,0.24879993
2023-06-22 15:00:00,/Volumes/Argus/unk/snap/c1/1687446000.c1.snap.jpg,0.3052644
2023-06-22 15:30:00,/Volumes/Argus/unk/snap/c1/1687447800.c1.snap.jpg,0.28617755
2023-06-22 16:00:00,/Volumes/Argus/unk/snap/c1/1687449600.c1.snap.jpg,0.28005332
2023-06-22 16:30:00,/Volumes/Argus/unk/snap/c1/1687451400.c1.snap.jpg,0.19553055
2023-06-22 17:00:00,/Volumes/Argus/unk/snap/c1/1687453200.c1.snap.jpg,0.24123973
2023-06-22 17:30:00,/Volumes/Argus/unk/snap/c1/1687455000.c1.snap.jpg,0.29521555
2023-06-22 18:00:00,/Volumes/Argus/unk/snap/c1/1687456800.c1.snap.jpg,0.272135
2023-06-22 18:30:00,/Volumes/Argus/unk/snap/c1/1687458600.c1.snap.jpg,0.2553646
2023-06-22 19:00:00,/Volumes/Argus/unk/snap/c1/1687460400.c1.snap.jpg,0.29350364
2023-06-22 19:30:00,/Volumes/Argus/unk/snap/c1/1687462200.c1.snap.jpg,0.29476953
2023-06-22 20:00:00,/Volumes/Argus/unk/snap/c1/1687464000.c1.snap.jpg,0.2120674
2023-06-22 21:00:00,/Volumes/Argus/unk/snap/c1/1687467600.c1.snap.jpg,0.5642077
2023-06-22 21:30:00,/Volumes/Argus/unk/snap/c1/1687469400.c1.snap.jpg,0.5760959
2023-06-22 22:00:00,/Volumes/Argus/unk/snap/c1/1687471200.c1.snap.jpg,0.4112319
2023-06-22 22:30:00,/Volumes/Argus/unk/snap/c1/1687473000.c1.snap.jpg,0.3017305
2023-06-22 23:00:00,/Volumes/Argus/unk/snap/c1/1687474800.c1.snap.jpg,0.3347523
2023-06-22 23:30:00,/Volumes/Argus/unk/snap/c1/1687476600.c1.snap.jpg,0.28025556
2023-06-23 00:00:00,/Volumes/Argus/unk/snap/c1/1687478400.c1.snap.jpg,0.1790686
2023-06-23 00:30:00,/Volumes/Argus/unk/snap/c1/1687480200.c1.snap.jpg,0.24227002
2023-06-23 01:00:00,/Volumes/Argus/unk/snap/c1/1687482000.c1.snap.jpg,0.2852704
2023-06-23 01:30:00,/Volumes/Argus/unk/snap/c1/1687483800.c1.snap.jpg,0.1815031
2023-06-23 02:00:00,/Volumes/Argus/unk/snap/c1/1687485600.c1.snap.jpg,0.18520868
2023-06-23 03:00:00,/Volumes/Argus/unk/snap/c1/1687489200.c1.snap.jpg,0.19445424
2023-06-23 03:30:00,/Volumes/Argus/unk/snap/c1/1687491000.c1.snap.jpg,0.2802825
2023-06-23 04:00:00,/Volumes/Argus/unk/snap/c1/1687492800.c1.snap.jpg,0.2889995
2023-06-23 04:30:00,/Volumes/Argus/unk/snap/c1/1687494600.c1.snap.jpg,0.32562605
2023-06-23 05:00:00,/Volumes/Argus/unk/snap/c1/1687496400.c1.snap.jpg,0.4195931
2023-06-23 05:30:00,/Volumes/Argus/unk/snap/c1/1687498200.c1.snap.jpg,0.30120122
2023-06-23 06:00:00,/Volumes/Argus/unk/snap/c1/1687500000.c1.snap.jpg,0.35408807
2023-06-23 06:30:00,/Volumes/Argus/unk/snap/c1/1687501800.c1.snap.jpg,0.3555188
2023-06-23 07:00:00,/Volumes/Argus/unk/snap/c1/1687503600.c1.snap.jpg,0.3445105
2023-06-23 15:00:00,/Volumes/Argus/unk/snap/c1/1687532400.c1.snap.jpg,0.28009874
2023-06-23 15:30:00,/Volumes/Argus/unk/snap/c1/1687534200.c1.snap.jpg,0.40807182
2023-06-23 16:00:00,/Volumes/Argus/unk/snap/c1/1687536000.c1.snap.jpg,0.36548394
2023-06-23 16:30:00,/Volumes/Argus/unk/snap/c1/1687537800.c1.snap.jpg,0.36153045
2023-06-23 17:00:00,/Volumes/Argus/unk/snap/c1/1687539600.c1.snap.jpg,0.244079
2023-06-23 17:30:00,/Volumes/Argus/unk/snap/c1/1687541400.c1.snap.jpg,0.229295
2023-06-23 18:30:00,/Volumes/Argus/unk/snap/c1/1687545000.c1.snap.jpg,0.27371696
2023-06-23 19:00:00,/Volumes/Argus/unk/snap/c1/1687546800.c1.snap.jpg,0.33564115
2023-06-23 19:30:00,/Volumes/Argus/unk/snap/c1/1687548600.c1.snap.jpg,0.2972198
2023-06-23 20:00:00,/Volumes/Argus/unk/snap/c1/1687550400.c1.snap.jpg,0.28656518
2023-06-23 20:30:00,/Volumes/Argus/unk/snap/c1/1687552200.c1.snap.jpg,0.2863958
2023-06-23 21:00:00,/Volumes/Argus/unk/snap/c1/1687554000.c1.snap.jpg,0.30329877
2023-06-23 21:30:00,/Volumes/Argus/unk/snap/c1/1687555800.c1.snap.jpg,0.3572114
2023-06-23 22:00:00,/Volumes/Argus/unk/snap/c1/1687557600.c1.snap.jpg,0.39135358
2023-06-23 22:30:00,/Volumes/Argus/unk/snap/c1/1687559400.c1.snap.jpg,0.44236013
2023-06-23 23:00:00,/Volumes/Argus/unk/snap/c1/1687561200.c1.snap.jpg,0.43739456
2023-06-23 23:30:00,/Volumes/Argus/unk/snap/c1/1687563000.c1.snap.jpg,0.28856927
2023-06-24 00:00:00,/Volumes/Argus/unk/snap/c1/1687564800.c1.snap.jpg,0.27620727
2023-06-24 01:00:00,/Volumes/Argus/unk/snap/c1/1687568400.c1.snap.jpg,0.27206263
2023-06-24 01:30:00,/Volumes/Argus/unk/snap/c1/1687570200.c1.snap.jpg,0.42400208
2023-06-24 02:00:00,/Volumes/Argus/unk/snap/c1/1687572000.c1.snap.jpg,1.1685482
2023-06-24 03:00:00,/Volumes/Argus/unk/snap/c1/1687575600.c1.snap.jpg,1.1338278
2023-06-24 03:30:00,/Volumes/Argus/unk/snap/c1/1687577400.c1.snap.jpg,0.28984267
2023-06-24 04:30:00,/Volumes/Argus/unk/snap/c1/1687581000.c1.snap.jpg,0.3673774
2023-06-24 05:00:00,/Volumes/Argus/unk/snap/c1/1687582800.c1.snap.jpg,0.33249992
2023-06-24 05:30:00,/Volumes/Argus/unk/snap/c1/1687584600.c1.snap.jpg,0.31532604
2023-06-24 06:00:00,/Volumes/Argus/unk/snap/c1/1687586400.c1.snap.jpg,0.30726752
2023-06-24 07:00:00,/Volumes/Argus/unk/snap/c1/1687590000.c1.snap.jpg,0.2574933
2023-06-24 15:00:00,/Volumes/Argus/unk/snap/c1/1687618800.c1.snap.jpg,0.3516482
2023-06-24 15:30:00,/Volumes/Argus/unk/snap/c1/1687620600.c1.snap.jpg,0.44679475
2023-06-24 16:00:00,/Volumes/Argus/unk/snap/c1/1687622400.c1.snap.jpg,0.33118993
2023-06-24 16:30:00,/Volumes/Argus/unk/snap/c1/1687624200.c1.snap.jpg,0.46220788
2023-06-24 17:00:00,/Volumes/Argus/unk/snap/c1/1687626000.c1.snap.jpg,0.2836955
2023-06-24 18:00:00,/Volumes/Argus/unk/snap/c1/1687629600.c1.snap.jpg,0.7706553
2023-06-24 18:30:00,/Volumes/Argus/unk/snap/c1/1687631400.c1.snap.jpg,0.34568605
2023-06-24 19:00:00,/Volumes/Argus/unk/snap/c1/1687633200.c1.snap.jpg,0.25678974
2023-06-24 19:30:00,/Volumes/Argus/unk/snap/c1/1687635000.c1.snap.jpg,0.3560837
2023-06-24 20:00:00,/Volumes/Argus/unk/snap/c1/1687636800.c1.snap.jpg,0.33207226
2023-06-24 20:30:00,/Volumes/Argus/unk/snap/c1/1687638600.c1.snap.jpg,0.2998528
2023-06-24 21:00:00,/Volumes/Argus/unk/snap/c1/1687640400.c1.snap.jpg,0.25103557
2023-06-24 21:30:00,/Volumes/Argus/unk/snap/c1/1687642200.c1.snap.jpg,0.2471345
2023-06-24 22:00:00,/Volumes/Argus/unk/snap/c1/1687644000.c1.snap.jpg,0.30634844
2023-06-24 23:00:00,/Volumes/Argus/unk/snap/c1/1687647600.c1.snap.jpg,0.335492
2023-06-24 23:30:00,/Volumes/Argus/unk/snap/c1/1687649400.c1.snap.jpg,0.403242
2023-06-25 00:00:00,/Volumes/Argus/unk/snap/c1/1687651200.c1.snap.jpg,0.39175934
2023-06-25 00:30:00,/Volumes/Argus/unk/snap/c1/1687653000.c1.snap.jpg,0.33593112
2023-06-25 01:00:00,/Volumes/Argus/unk/snap/c1/1687654800.c1.snap.jpg,0.39427608
2023-06-25 01:30:00,/Volumes/Argus/unk/snap/c1/1687656600.c1.snap.jpg,0.63413346
2023-06-25 02:00:00,/Volumes/Argus/unk/snap/c1/1687658400.c1.snap.jpg,0.38231945
2023-06-25 03:30:00,/Volumes/Argus/unk/snap/c1/1687663800.c1.snap.jpg,0.35752502
2023-06-25 04:00:00,/Volumes/Argus/unk/snap/c1/1687665600.c1.snap.jpg,0.35141626
2023-06-25 04:30:00,/Volumes/Argus/unk/snap/c1/1687667400.c1.snap.jpg,0.25097594
2023-06-25 05:00:00,/Volumes/Argus/unk/snap/c1/1687669200.c1.snap.jpg,0.44904
2023-06-25 05:30:00,/Volumes/Argus/unk/snap/c1/1687671000.c1.snap.jpg,0.39926773
2023-06-25 06:00:00,/Volumes/Argus/unk/snap/c1/1687672800.c1.snap.jpg,0.3281386
2023-06-25 06:30:00,/Volumes/Argus/unk/snap/c1/1687674600.c1.snap.jpg,0.35058513
2023-06-25 07:00:00,/Volumes/Argus/unk/snap/c1/1687676400.c1.snap.jpg,0.34713343
2023-06-25 07:30:00,/Volumes/Argus/unk/snap/c1/1687678200.c1.snap.jpg,0.24370626
2023-06-25 08:00:00,/Volumes/Argus/unk/snap/c1/1687680000.c1.snap.jpg,0.21384281
2023-06-25 15:00:00,/Volumes/Argus/unk/snap/c1/1687705200.c1.snap.jpg,0.18228371
2023-06-25 15:30:00,/Volumes/Argus/unk/snap/c1/1687707000.c1.snap.jpg,0.35237518
2023-06-25 16:00:00,/Volumes/Argus/unk/snap/c1/1687708800.c1.snap.jpg,0.32870325
2023-06-25 16:30:00,/Volumes/Argus/unk/snap/c1/1687710600.c1.snap.jpg,0.47039193
2023-06-25 17:00:00,/Volumes/Argus/unk/snap/c1/1687712400.c1.snap.jpg,0.24666794
2023-06-25 17:30:00,/Volumes/Argus/unk/snap/c1/1687714200.c1.snap.jpg,0.49507707
2023-06-25 18:00:00,/Volumes/Argus/unk/snap/c1/1687716000.c1.snap.jpg,0.34060454
2023-06-25 18:30:00,/Volumes/Argus/unk/snap/c1/1687717800.c1.snap.jpg,0.4407023
2023-06-25 19:00:00,/Volumes/Argus/unk/snap/c1/1687719600.c1.snap.jpg,0.40244633
2023-06-25 19:30:00,/Volumes/Argus/unk/snap/c1/1687721400.c1.snap.jpg,0.46962827
2023-06-25 20:00:00,/Volumes/Argus/unk/snap/c1/1687723200.c1.snap.jpg,0.3298758
2023-06-25 20:30:00,/Volumes/Argus/unk/snap/c1/1687725000.c1.snap.jpg,0.33940467
2023-06-25 21:00:00,/Volumes/Argus/unk/snap/c1/1687726800.c1.snap.jpg,0.3465927
2023-06-25 21:30:00,/Volumes/Argus/unk/snap/c1/1687728600.c1.snap.jpg,0.33566445
2023-06-25 22:00:00,/Volumes/Argus/unk/snap/c1/1687730400.c1.snap.jpg,0.30591288
2023-06-25 22:30:00,/Volumes/Argus/unk/snap/c1/1687732200.c1.snap.jpg,0.2985403
2023-06-25 23:00:00,/Volumes/Argus/unk/snap/c1/1687734000.c1.snap.jpg,0.25259855
2023-06-26 00:00:00,/Volumes/Argus/unk/snap/c1/1687737600.c1.snap.jpg,0.29672718
2023-06-26 00:30:00,/Volumes/Argus/unk/snap/c1/1687739400.c1.snap.jpg,0.52468437
2023-06-26 01:00:00,/Volumes/Argus/unk/snap/c1/1687741200.c1.snap.jpg,0.3584839
2023-06-26 02:00:00,/Volumes/Argus/unk/snap/c1/1687744800.c1.snap.jpg,0.37337336
2023-06-26 03:00:00,/Volumes/Argus/unk/snap/c1/1687748400.c1.snap.jpg,0.30286676
2023-06-26 03:30:00,/Volumes/Argus/unk/snap/c1/1687750200.c1.snap.jpg,0.38342148
2023-06-26 04:00:00,/Volumes/Argus/unk/snap/c1/1687752000.c1.snap.jpg,0.3186752
2023-06-26 04:30:00,/Volumes/Argus/unk/snap/c1/1687753800.c1.snap.jpg,0.36904633
2023-06-26 05:00:00,/Volumes/Argus/unk/snap/c1/1687755600.c1.snap.jpg,0.23922624
2023-06-26 05:30:00,/Volumes/Argus/unk/snap/c1/1687757400.c1.snap.jpg,0.30434874
2023-06-26 06:00:00,/Volumes/Argus/unk/snap/c1/1687759200.c1.snap.jpg,0.44714195
2023-06-26 06:30:00,/Volumes/Argus/unk/snap/c1/1687761000.c1.snap.jpg,0.31518734
2023-06-26 07:00:00,/Volumes/Argus/unk/snap/c1/1687762800.c1.snap.jpg,0.51672375
2023-06-26 07:30:00,/Volumes/Argus/unk/snap/c1/1687764600.c1.snap.jpg,0.49829435
2023-06-26 08:00:00,/Volumes/Argus/unk/snap/c1/1687766400.c1.snap.jpg,0.69524217
2023-06-26 15:00:00,/Volumes/Argus/unk/snap/c1/1687791600.c1.snap.jpg,0.6197758
2023-06-26 15:30:00,/Volumes/Argus/unk/snap/c1/1687793400.c1.snap.jpg,0.72268784
2023-06-26 16:00:00,/Volumes/Argus/unk/snap/c1/1687795200.c1.snap.jpg,0.31720817
2023-06-26 16:30:00,/Volumes/Argus/unk/snap/c1/1687797000.c1.snap.jpg,0.5322982
2023-06-26 17:00:00,/Volumes/Argus/unk/snap/c1/1687798800.c1.snap.jpg,0.4599424
2023-06-26 17:30:00,/Volumes/Argus/unk/snap/c1/1687800600.c1.snap.jpg,0.38463748
2023-06-26 18:00:00,/Volumes/Argus/unk/snap/c1/1687802400.c1.snap.jpg,0.2864008
2023-06-26 18:30:00,/Volumes/Argus/unk/snap/c1/1687804200.c1.snap.jpg,0.23041514
2023-06-26 19:00:00,/Volumes/Argus/unk/snap/c1/1687806000.c1.snap.jpg,0.31827763
2023-06-26 19:30:00,/Volumes/Argus/unk/snap/c1/1687807800.c1.snap.jpg,0.38291973
2023-06-26 20:00:00,/Volumes/Argus/unk/snap/c1/1687809600.c1.snap.jpg,0.26098362
2023-06-26 20:30:00,/Volumes/Argus/unk/snap/c1/1687811400.c1.snap.jpg,0.5314149
2023-06-26 21:00:00,/Volumes/Argus/unk/snap/c1/1687813200.c1.snap.jpg,0.2989086
2023-06-26 21:30:00,/Volumes/Argus/unk/snap/c1/1687815000.c1.snap.jpg,0.33867744
2023-06-26 22:00:00,/Volumes/Argus/unk/snap/c1/1687816800.c1.snap.jpg,0.3407032
2023-06-26 22:30:00,/Volumes/Argus/unk/snap/c1/1687818600.c1.snap.jpg,0.2808612
2023-06-26 23:00:00,/Volumes/Argus/unk/snap/c1/1687820400.c1.snap.jpg,0.3129318
2023-06-26 23:30:00,/Volumes/Argus/unk/snap/c1/1687822200.c1.snap.jpg,0.30713707
2023-06-27 00:00:00,/Volumes/Argus/unk/snap/c1/1687824000.c1.snap.jpg,0.29528612
2023-06-27 01:00:00,/Volumes/Argus/unk/snap/c1/1687827600.c1.snap.jpg,0.3441525
2023-06-27 01:30:00,/Volumes/Argus/unk/snap/c1/1687829400.c1.snap.jpg,0.28806597
2023-06-27 02:00:00,/Volumes/Argus/unk/snap/c1/1687831200.c1.snap.jpg,0.41513065
2023-06-27 03:00:00,/Volumes/Argus/unk/snap/c1/1687834800.c1.snap.jpg,0.3164323
2023-06-27 03:30:00,/Volumes/Argus/unk/snap/c1/1687836600.c1.snap.jpg,0.3811347
2023-06-27 04:00:00,/Volumes/Argus/unk/snap/c1/1687838400.c1.snap.jpg,0.40539566
2023-06-27 04:30:00,/Volumes/Argus/unk/snap/c1/1687840200.c1.snap.jpg,0.26140854
2023-06-27 05:00:00,/Volumes/Argus/unk/snap/c1/1687842000.c1.snap.jpg,0.2587675
2023-06-27 05:30:00,/Volumes/Argus/unk/snap/c1/1687843800.c1.snap.jpg,0.3802796
2023-06-27 06:00:00,/Volumes/Argus/unk/snap/c1/1687845600.c1.snap.jpg,0.40919638
2023-06-27 06:30:00,/Volumes/Argus/unk/snap/c1/1687847400.c1.snap.jpg,0.46731427
2023-06-27 07:00:00,/Volumes/Argus/unk/snap/c1/1687849200.c1.snap.jpg,0.32605568
2023-06-27 07:30:00,/Volumes/Argus/unk/snap/c1/1687851000.c1.snap.jpg,0.37839693
2023-06-27 08:00:00,/Volumes/Argus/unk/snap/c1/1687852800.c1.snap.jpg,0.36073688
2023-06-27 15:00:00,/Volumes/Argus/unk/snap/c1/1687878000.c1.snap.jpg,0.28779238
2023-06-27 15:30:00,/Volumes/Argus/unk/snap/c1/1687879800.c1.snap.jpg,0.52493006
2023-06-27 16:00:00,/Volumes/Argus/unk/snap/c1/1687881600.c1.snap.jpg,0.27392113
2023-06-27 16:30:00,/Volumes/Argus/unk/snap/c1/1687883400.c1.snap.jpg,0.26161933
2023-06-27 17:00:00,/Volumes/Argus/unk/snap/c1/1687885200.c1.snap.jpg,0.25081274
2023-06-27 17:30:00,/Volumes/Argus/unk/snap/c1/1687887000.c1.snap.jpg,0.24532506
2023-06-27 18:00:00,/Volumes/Argus/unk/snap/c1/1687888800.c1.snap.jpg,0.23244198
2023-06-27 18:30:00,/Volumes/Argus/unk/snap/c1/1687890600.c1.snap.jpg,0.30439353
2023-06-27 19:00:00,/Volumes/Argus/unk/snap/c1/1687892400.c1.snap.jpg,0.364695
2023-06-27 19:30:00,/Volumes/Argus/unk/snap/c1/1687894200.c1.snap.jpg,0.27146113
2023-06-27 20:00:00,/Volumes/Argus/unk/snap/c1/1687896000.c1.snap.jpg,0.28779668
2023-06-27 20:30:00,/Volumes/Argus/unk/snap/c1/1687897800.c1.snap.jpg,0.28688705
2023-06-27 21:00:00,/Volumes/Argus/unk/snap/c1/1687899600.c1.snap.jpg,0.29311135
2023-06-27 21:30:00,/Volumes/Argus/unk/snap/c1/1687901400.c1.snap.jpg,0.23371321
2023-06-27 22:00:00,/Volumes/Argus/unk/snap/c1/1687903200.c1.snap.jpg,0.24416345
2023-06-27 22:30:00,/Volumes/Argus/unk/snap/c1/1687905000.c1.snap.jpg,0.5072031
2023-06-27 23:00:00,/Volumes/Argus/unk/snap/c1/1687906800.c1.snap.jpg,0.46651414
2023-06-28 00:00:00,/Volumes/Argus/unk/snap/c1/1687910400.c1.snap.jpg,0.3950911
2023-06-28 00:30:00,/Volumes/Argus/unk/snap/c1/1687912200.c1.snap.jpg,0.30789715
2023-06-28 01:00:00,/Volumes/Argus/unk/snap/c1/1687914000.c1.snap.jpg,0.3644914
2023-06-28 01:30:00,/Volumes/Argus/unk/snap/c1/1687915800.c1.snap.jpg,0.369922
2023-06-28 02:00:00,/Volumes/Argus/unk/snap/c1/1687917600.c1.snap.jpg,0.35229164
2023-06-28 02:30:00,/Volumes/Argus/unk/snap/c1/1687919400.c1.snap.jpg,0.32838842
2023-06-28 03:00:00,/Volumes/Argus/unk/snap/c1/1687921200.c1.snap.jpg,0.39297494
2023-06-28 03:30:00,/Volumes/Argus/unk/snap/c1/1687923000.c1.snap.jpg,0.36443597
2023-06-28 04:00:00,/Volumes/Argus/unk/snap/c1/1687924800.c1.snap.jpg,0.27829382
2023-06-28 04:30:00,/Volumes/Argus/unk/snap/c1/1687926600.c1.snap.jpg,0.38545993
2023-06-28 05:00:00,/Volumes/Argus/unk/snap/c1/1687928400.c1.snap.jpg,0.23811677
2023-06-28 05:30:00,/Volumes/Argus/unk/snap/c1/1687930200.c1.snap.jpg,0.41908768
2023-06-28 06:00:00,/Volumes/Argus/unk/snap/c1/1687932000.c1.snap.jpg,0.27292585
2023-06-28 06:30:00,/Volumes/Argus/unk/snap/c1/1687933800.c1.snap.jpg,0.33693874
2023-06-28 07:00:00,/Volumes/Argus/unk/snap/c1/1687935600.c1.snap.jpg,0.3204252
2023-06-28 07:30:00,/Volumes/Argus/unk/snap/c1/1687937400.c1.snap.jpg,0.3100277
2023-06-28 08:00:00,/Volumes/Argus/unk/snap/c1/1687939200.c1.snap.jpg,0.6653003
2023-06-28 15:00:00,/Volumes/Argus/unk/snap/c1/1687964400.c1.snap.jpg,0.29493898
2023-06-28 15:30:00,/Volumes/Argus/unk/snap/c1/1687966200.c1.snap.jpg,0.20819972
2023-06-28 16:00:00,/Volumes/Argus/unk/snap/c1/1687968000.c1.snap.jpg,0.2582762
2023-06-28 16:30:00,/Volumes/Argus/unk/snap/c1/1687969800.c1.snap.jpg,0.27377716
2023-06-28 17:00:00,/Volumes/Argus/unk/snap/c1/1687971600.c1.snap.jpg,0.25512782
2023-06-28 17:30:00,/Volumes/Argus/unk/snap/c1/1687973400.c1.snap.jpg,0.32019725
2023-06-28 18:00:00,/Volumes/Argus/unk/snap/c1/1687975200.c1.snap.jpg,0.30541497
2023-06-28 18:30:00,/Volumes/Argus/unk/snap/c1/1687977000.c1.snap.jpg,0.21815313
2023-06-28 19:00:00,/Volumes/Argus/unk/snap/c1/1687978800.c1.snap.jpg,0.24070892
2023-06-28 19:30:00,/Volumes/Argus/unk/snap/c1/1687980600.c1.snap.jpg,0.31636924
2023-06-28 20:00:00,/Volumes/Argus/unk/snap/c1/1687982400.c1.snap.jpg,0.36379847
2023-06-28 20:30:00,/Volumes/Argus/unk/snap/c1/1687984200.c1.snap.jpg,0.34317303
2023-06-28 21:30:00,/Volumes/Argus/unk/snap/c1/1687987800.c1.snap.jpg,0.31197715
2023-06-28 22:00:00,/Volumes/Argus/unk/snap/c1/1687989600.c1.snap.jpg,0.3840425
2023-06-28 22:30:00,/Volumes/Argus/unk/snap/c1/1687991400.c1.snap.jpg,0.39661956
2023-06-28 23:00:00,/Volumes/Argus/unk/snap/c1/1687993200.c1.snap.jpg,0.4037465
2023-06-28 23:30:00,/Volumes/Argus/unk/snap/c1/1687995000.c1.snap.jpg,0.5208151
2023-06-29 00:00:00,/Volumes/Argus/unk/snap/c1/1687996800.c1.snap.jpg,0.58178407
2023-06-29 00:30:00,/Volumes/Argus/unk/snap/c1/1687998600.c1.snap.jpg,0.39487422
2023-06-29 01:00:00,/Volumes/Argus/unk/snap/c1/1688000400.c1.snap.jpg,0.3302246
2023-06-29 01:30:00,/Volumes/Argus/unk/snap/c1/1688002200.c1.snap.jpg,0.37635517
2023-06-29 02:00:00,/Volumes/Argus/unk/snap/c1/1688004000.c1.snap.jpg,0.32886177
2023-06-29 02:30:00,/Volumes/Argus/unk/snap/c1/1688005800.c1.snap.jpg,0.24335626
2023-06-29 03:30:00,/Volumes/Argus/unk/snap/c1/1688009400.c1.snap.jpg,0.24908906
2023-06-29 04:00:00,/Volumes/Argus/unk/snap/c1/1688011200.c1.snap.jpg,0.38603508
2023-06-29 04:30:00,/Volumes/Argus/unk/snap/c1/1688013000.c1.snap.jpg,0.36470386
2023-06-29 05:00:00,/Volumes/Argus/unk/snap/c1/1688014800.c1.snap.jpg,0.2714456
2023-06-29 05:30:00,/Volumes/Argus/unk/snap/c1/1688016600.c1.snap.jpg,0.26207793
2023-06-29 06:00:00,/Volumes/Argus/unk/snap/c1/1688018400.c1.snap.jpg,0.23750189
2023-06-29 06:30:00,/Volumes/Argus/unk/snap/c1/1688020200.c1.snap.jpg,0.24449931
2023-06-29 07:00:00,/Volumes/Argus/unk/snap/c1/1688022000.c1.snap.jpg,0.37451196
2023-06-29 07:30:00,/Volumes/Argus/unk/snap/c1/1688023800.c1.snap.jpg,0.33307278
2023-06-29 08:00:00,/Volumes/Argus/unk/snap/c1/1688025600.c1.snap.jpg,0.32391423
2023-06-29 15:00:00,/Volumes/Argus/unk/snap/c1/1688050800.c1.snap.jpg,0.32481423
2023-06-29 15:30:00,/Volumes/Argus/unk/snap/c1/1688052600.c1.snap.jpg,0.26201177
2023-06-29 16:00:00,/Volumes/Argus/unk/snap/c1/1688054400.c1.snap.jpg,0.2899294
2023-06-29 16:30:00,/Volumes/Argus/unk/snap/c1/1688056200.c1.snap.jpg,0.316343
2023-06-29 17:00:00,/Volumes/Argus/unk/snap/c1/1688058000.c1.snap.jpg,0.5509377
2023-06-29 17:30:00,/Volumes/Argus/unk/snap/c1/1688059800.c1.snap.jpg,0.42783803
2023-06-29 18:00:00,/Volumes/Argus/unk/snap/c1/1688061600.c1.snap.jpg,0.27434498
2023-06-29 18:30:00,/Volumes/Argus/unk/snap/c1/1688063400.c1.snap.jpg,0.30056792
2023-06-29 19:00:00,/Volumes/Argus/unk/snap/c1/1688065200.c1.snap.jpg,0.27637184
2023-06-29 19:30:00,/Volumes/Argus/unk/snap/c1/1688067000.c1.snap.jpg,0.33649293
2023-06-29 20:00:00,/Volumes/Argus/unk/snap/c1/1688068800.c1.snap.jpg,0.45955887
2023-06-29 20:30:00,/Volumes/Argus/unk/snap/c1/1688070600.c1.snap.jpg,0.33419994
2023-06-29 21:00:00,/Volumes/Argus/unk/snap/c1/1688072400.c1.snap.jpg,0.34707296
2023-06-29 21:30:00,/Volumes/Argus/unk/snap/c1/1688074200.c1.snap.jpg,0.42832637
2023-06-29 22:00:00,/Volumes/Argus/unk/snap/c1/1688076000.c1.snap.jpg,0.36731642
2023-06-29 22:30:00,/Volumes/Argus/unk/snap/c1/1688077800.c1.snap.jpg,0.34405312
2023-06-29 23:00:00,/Volumes/Argus/unk/snap/c1/1688079600.c1.snap.jpg,0.2889157
2023-06-29 23:30:00,/Volumes/Argus/unk/snap/c1/1688081400.c1.snap.jpg,0.35481367
2023-06-30 00:00:00,/Volumes/Argus/unk/snap/c1/1688083200.c1.snap.jpg,0.38631004
2023-06-30 00:30:00,/Volumes/Argus/unk/snap/c1/1688085000.c1.snap.jpg,0.35189903
2023-06-30 01:00:00,/Volumes/Argus/unk/snap/c1/1688086800.c1.snap.jpg,0.4079588
2023-06-30 01:30:00,/Volumes/Argus/unk/snap/c1/1688088600.c1.snap.jpg,0.37951338
2023-06-30 02:00:00,/Volumes/Argus/unk/snap/c1/1688090400.c1.snap.jpg,0.3603746
2023-06-30 03:30:00,/Volumes/Argus/unk/snap/c1/1688095800.c1.snap.jpg,0.1702969
2023-06-30 04:00:00,/Volumes/Argus/unk/snap/c1/1688097600.c1.snap.jpg,0.23917246
2023-06-30 04:30:00,/Volumes/Argus/unk/snap/c1/1688099400.c1.snap.jpg,0.20076019
2023-06-30 05:00:00,/Volumes/Argus/unk/snap/c1/1688101200.c1.snap.jpg,0.2994489
2023-06-30 05:30:00,/Volumes/Argus/unk/snap/c1/1688103000.c1.snap.jpg,0.3535949
2023-06-30 06:00:00,/Volumes/Argus/unk/snap/c1/1688104800.c1.snap.jpg,0.35752648
2023-06-30 06:30:00,/Volumes/Argus/unk/snap/c1/1688106600.c1.snap.jpg,0.3715441
2023-06-30 07:00:00,/Volumes/Argus/unk/snap/c1/1688108400.c1.snap.jpg,0.3634809
2023-06-30 07:30:00,/Volumes/Argus/unk/snap/c1/1688110200.c1.snap.jpg,0.3362065
2023-06-30 15:00:00,/Volumes/Argus/unk/snap/c1/1688137200.c1.snap.jpg,0.63325864
2023-06-30 15:30:00,/Volumes/Argus/unk/snap/c1/1688139000.c1.snap.jpg,0.67570835
2023-06-30 16:00:00,/Volumes/Argus/unk/snap/c1/1688140800.c1.snap.jpg,0.7626617
2023-06-30 16:30:00,/Volumes/Argus/unk/snap/c1/1688142600.c1.snap.jpg,0.6759546
2023-06-30 17:00:00,/Volumes/Argus/unk/snap/c1/1688144400.c1.snap.jpg,0.7226058
2023-06-30 17:30:00,/Volumes/Argus/unk/snap/c1/1688146200.c1.snap.jpg,0.5865666
2023-06-30 18:00:00,/Volumes/Argus/unk/snap/c1/1688148000.c1.snap.jpg,0.64383036
2023-06-30 18:30:00,/Volumes/Argus/unk/snap/c1/1688149800.c1.snap.jpg,0.5515755
2023-06-30 19:00:00,/Volumes/Argus/unk/snap/c1/1688151600.c1.snap.jpg,0.44217807
2023-06-30 20:00:00,/Volumes/Argus/unk/snap/c1/1688155200.c1.snap.jpg,0.6102569
2023-06-30 20:30:00,/Volumes/Argus/unk/snap/c1/1688157000.c1.snap.jpg,0.6001382
2023-06-30 21:00:00,/Volumes/Argus/unk/snap/c1/1688158800.c1.snap.jpg,0.59599596
2023-06-30 21:30:00,/Volumes/Argus/unk/snap/c1/1688160600.c1.snap.jpg,0.5165805
2023-06-30 22:00:00,/Volumes/Argus/unk/snap/c1/1688162400.c1.snap.jpg,0.5277132
2023-06-30 22:30:00,/Volumes/Argus/unk/snap/c1/1688164200.c1.snap.jpg,0.516939
2023-06-30 23:00:00,/Volumes/Argus/unk/snap/c1/1688166000.c1.snap.jpg,0.55360055
2023-06-30 23:30:00,/Volumes/Argus/unk/snap/c1/1688167800.c1.snap.jpg,0.51337034
2023-07-01 00:00:00,/Volumes/Argus/unk/snap/c1/1688169600.c1.snap.jpg,0.46486905
2023-07-01 00:30:00,/Volumes/Argus/unk/snap/c1/1688171400.c1.snap.jpg,0.4923143
2023-07-01 01:00:00,/Volumes/Argus/unk/snap/c1/1688173200.c1.snap.jpg,0.49721748
2023-07-01 02:00:00,/Volumes/Argus/unk/snap/c1/1688176800.c1.snap.jpg,0.55809283
2023-07-01 03:00:00,/Volumes/Argus/unk/snap/c1/1688180400.c1.snap.jpg,0.28537506
2023-07-01 03:30:00,/Volumes/Argus/unk/snap/c1/1688182200.c1.snap.jpg,0.31424516
2023-07-01 04:00:00,/Volumes/Argus/unk/snap/c1/1688184000.c1.snap.jpg,0.3240862
2023-07-01 04:30:00,/Volumes/Argus/unk/snap/c1/1688185800.c1.snap.jpg,0.41133106
2023-07-01 05:00:00,/Volumes/Argus/unk/snap/c1/1688187600.c1.snap.jpg,0.41519
2023-07-01 05:30:00,/Volumes/Argus/unk/snap/c1/1688189400.c1.snap.jpg,0.31649932
2023-07-01 06:00:00,/Volumes/Argus/unk/snap/c1/1688191200.c1.snap.jpg,0.26605114
2023-07-01 07:00:00,/Volumes/Argus/unk/snap/c1/1688194800.c1.snap.jpg,0.19217928
2023-07-01 07:30:00,/Volumes/Argus/unk/snap/c1/1688196600.c1.snap.jpg,0.26917952
2023-07-01 08:00:00,/Volumes/Argus/unk/snap/c1/1688198400.c1.snap.jpg,0.28713852
2023-07-01 15:00:00,/Volumes/Argus/unk/snap/c1/1688223600.c1.snap.jpg,0.2604195
2023-07-01 15:30:00,/Volumes/Argus/unk/snap/c1/1688225400.c1.snap.jpg,0.25665352
2023-07-01 16:00:00,/Volumes/Argus/unk/snap/c1/1688227200.c1.snap.jpg,0.31396213
2023-07-01 16:30:00,/Volumes/Argus/unk/snap/c1/1688229000.c1.snap.jpg,0.30850214
2023-07-01 17:00:00,/Volumes/Argus/unk/snap/c1/1688230800.c1.snap.jpg,0.32691234
2023-07-01 17:30:00,/Volumes/Argus/unk/snap/c1/1688232600.c1.snap.jpg,0.5347959
2023-07-01 18:30:00,/Volumes/Argus/unk/snap/c1/1688236200.c1.snap.jpg,0.41217345
2023-07-01 19:00:00,/Volumes/Argus/unk/snap/c1/1688238000.c1.snap.jpg,0.45195192
2023-07-01 19:30:00,/Volumes/Argus/unk/snap/c1/1688239800.c1.snap.jpg,0.46719992
2023-07-01 20:00:00,/Volumes/Argus/unk/snap/c1/1688241600.c1.snap.jpg,0.36423934
2023-07-01 20:30:00,/Volumes/Argus/unk/snap/c1/1688243400.c1.snap.jpg,0.29569757
2023-07-01 21:00:00,/Volumes/Argus/unk/snap/c1/1688245200.c1.snap.jpg,0.47334704
2023-07-01 22:30:00,/Volumes/Argus/unk/snap/c1/1688250600.c1.snap.jpg,0.38162312
2023-07-01 23:00:00,/Volumes/Argus/unk/snap/c1/1688252400.c1.snap.jpg,0.4551446
2023-07-01 23:30:00,/Volumes/Argus/unk/snap/c1/1688254200.c1.snap.jpg,0.35419613
2023-07-02 00:00:00,/Volumes/Argus/unk/snap/c1/1688256000.c1.snap.jpg,0.3517959
2023-07-02 01:00:00,/Volumes/Argus/unk/snap/c1/1688259600.c1.snap.jpg,0.44712567
2023-07-02 01:30:00,/Volumes/Argus/unk/snap/c1/1688261400.c1.snap.jpg,0.45052448
2023-07-02 03:00:00,/Volumes/Argus/unk/snap/c1/1688266800.c1.snap.jpg,0.37975445
2023-07-02 03:30:00,/Volumes/Argus/unk/snap/c1/1688268600.c1.snap.jpg,0.19971593
2023-07-02 04:00:00,/Volumes/Argus/unk/snap/c1/1688270400.c1.snap.jpg,0.39843556
2023-07-02 04:30:00,/Volumes/Argus/unk/snap/c1/1688272200.c1.snap.jpg,0.47300452
2023-07-02 05:00:00,/Volumes/Argus/unk/snap/c1/1688274000.c1.snap.jpg,0.5091071
2023-07-02 05:30:00,/Volumes/Argus/unk/snap/c1/1688275800.c1.snap.jpg,0.36763704
2023-07-02 06:00:00,/Volumes/Argus/unk/snap/c1/1688277600.c1.snap.jpg,0.49785727
2023-07-02 06:30:00,/Volumes/Argus/unk/snap/c1/1688279400.c1.snap.jpg,0.28392503
2023-07-02 07:00:00,/Volumes/Argus/unk/snap/c1/1688281200.c1.snap.jpg,0.35312825
2023-07-02 08:00:00,/Volumes/Argus/unk/snap/c1/1688284800.c1.snap.jpg,0.33072042
2023-07-02 15:00:00,/Volumes/Argus/unk/snap/c1/1688310000.c1.snap.jpg,0.45438877
2023-07-02 16:00:00,/Volumes/Argus/unk/snap/c1/1688313600.c1.snap.jpg,0.44099385
2023-07-02 16:30:00,/Volumes/Argus/unk/snap/c1/1688315400.c1.snap.jpg,0.34877795
2023-07-02 17:00:00,/Volumes/Argus/unk/snap/c1/1688317200.c1.snap.jpg,0.35749418
2023-07-02 17:30:00,/Volumes/Argus/unk/snap/c1/1688319000.c1.snap.jpg,0.24460691
2023-07-02 18:00:00,/Volumes/Argus/unk/snap/c1/1688320800.c1.snap.jpg,0.337454
2023-07-02 18:30:00,/Volumes/Argus/unk/snap/c1/1688322600.c1.snap.jpg,0.2787768
2023-07-02 19:00:00,/Volumes/Argus/unk/snap/c1/1688324400.c1.snap.jpg,0.38823447
2023-07-02 19:30:00,/Volumes/Argus/unk/snap/c1/1688326200.c1.snap.jpg,0.69096214
2023-07-02 20:00:00,/Volumes/Argus/unk/snap/c1/1688328000.c1.snap.jpg,0.40285203
2023-07-02 20:30:00,/Volumes/Argus/unk/snap/c1/1688329800.c1.snap.jpg,0.38739556
2023-07-02 21:00:00,/Volumes/Argus/unk/snap/c1/1688331600.c1.snap.jpg,0.5792698
2023-07-02 21:30:00,/Volumes/Argus/unk/snap/c1/1688333400.c1.snap.jpg,0.33322614
2023-07-02 22:00:00,/Volumes/Argus/unk/snap/c1/1688335200.c1.snap.jpg,0.31719005
2023-07-02 22:30:00,/Volumes/Argus/unk/snap/c1/1688337000.c1.snap.jpg,0.35612333
2023-07-02 23:00:00,/Volumes/Argus/unk/snap/c1/1688338800.c1.snap.jpg,0.41279697
2023-07-03 00:00:00,/Volumes/Argus/unk/snap/c1/1688342400.c1.snap.jpg,0.38090342
2023-07-03 00:30:00,/Volumes/Argus/unk/snap/c1/1688344200.c1.snap.jpg,0.4385614
2023-07-03 01:00:00,/Volumes/Argus/unk/snap/c1/1688346000.c1.snap.jpg,0.3641929
2023-07-03 01:30:00,/Volumes/Argus/unk/snap/c1/1688347800.c1.snap.jpg,0.43312222
2023-07-03 02:00:00,/Volumes/Argus/unk/snap/c1/1688349600.c1.snap.jpg,0.4575469
2023-07-03 03:00:00,/Volumes/Argus/unk/snap/c1/1688353200.c1.snap.jpg,0.5282415
2023-07-03 03:30:00,/Volumes/Argus/unk/snap/c1/1688355000.c1.snap.jpg,0.38009703
2023-07-03 04:00:00,/Volumes/Argus/unk/snap/c1/1688356800.c1.snap.jpg,0.48993456
2023-07-03 04:30:00,/Volumes/Argus/unk/snap/c1/1688358600.c1.snap.jpg,0.5967217
2023-07-03 05:00:00,/Volumes/Argus/unk/snap/c1/1688360400.c1.snap.jpg,0.5921881
2023-07-03 05:30:00,/Volumes/Argus/unk/snap/c1/1688362200.c1.snap.jpg,0.4830324
2023-07-03 06:00:00,/Volumes/Argus/unk/snap/c1/1688364000.c1.snap.jpg,0.39745286
2023-07-03 06:30:00,/Volumes/Argus/unk/snap/c1/1688365800.c1.snap.jpg,0.42479777
2023-07-03 07:00:00,/Volumes/Argus/unk/snap/c1/1688367600.c1.snap.jpg,0.60203326
2023-07-03 07:30:00,/Volumes/Argus/unk/snap/c1/1688369400.c1.snap.jpg,0.42703158
2023-07-03 08:00:00,/Volumes/Argus/unk/snap/c1/1688371200.c1.snap.jpg,0.36016554
2023-07-03 15:00:00,/Volumes/Argus/unk/snap/c1/1688396400.c1.snap.jpg,0.33002514
2023-07-03 15:30:00,/Volumes/Argus/unk/snap/c1/1688398200.c1.snap.jpg,0.4052768
2023-07-03 16:00:00,/Volumes/Argus/unk/snap/c1/1688400000.c1.snap.jpg,0.36600205
2023-07-03 17:00:00,/Volumes/Argus/unk/snap/c1/1688403600.c1.snap.jpg,0.34355605
2023-07-03 17:30:00,/Volumes/Argus/unk/snap/c1/1688405400.c1.snap.jpg,0.7093079
2023-07-03 18:00:00,/Volumes/Argus/unk/snap/c1/1688407200.c1.snap.jpg,0.37527525
2023-07-03 18:30:00,/Volumes/Argus/unk/snap/c1/1688409000.c1.snap.jpg,0.30687106
2023-07-03 19:00:00,/Volumes/Argus/unk/snap/c1/1688410800.c1.snap.jpg,0.3533743
2023-07-03 19:30:00,/Volumes/Argus/unk/snap/c1/1688412600.c1.snap.jpg,0.3467978
2023-07-03 20:00:00,/Volumes/Argus/unk/snap/c1/1688414400.c1.snap.jpg,0.40214017
2023-07-03 20:30:00,/Volumes/Argus/unk/snap/c1/1688416200.c1.snap.jpg,0.36021295
2023-07-03 21:00:00,/Volumes/Argus/unk/snap/c1/1688418000.c1.snap.jpg,0.3513148
2023-07-03 21:30:00,/Volumes/Argus/unk/snap/c1/1688419800.c1.snap.jpg,0.310456
2023-07-03 22:00:00,/Volumes/Argus/unk/snap/c1/1688421600.c1.snap.jpg,0.37169063
2023-07-03 23:30:00,/Volumes/Argus/unk/snap/c1/1688427000.c1.snap.jpg,0.28920394
2023-07-04 00:00:00,/Volumes/Argus/unk/snap/c1/1688428800.c1.snap.jpg,0.38401026
2023-07-04 00:30:00,/Volumes/Argus/unk/snap/c1/1688430600.c1.snap.jpg,0.34919593
2023-07-04 01:00:00,/Volumes/Argus/unk/snap/c1/1688432400.c1.snap.jpg,0.27825934
2023-07-04 01:30:00,/Volumes/Argus/unk/snap/c1/1688434200.c1.snap.jpg,0.20600145
2023-07-04 02:00:00,/Volumes/Argus/unk/snap/c1/1688436000.c1.snap.jpg,0.22675061
2023-07-04 03:00:00,/Volumes/Argus/unk/snap/c1/1688439600.c1.snap.jpg,0.32263178
2023-07-04 03:30:00,/Volumes/Argus/unk/snap/c1/1688441400.c1.snap.jpg,0.33279943
2023-07-04 04:00:00,/Volumes/Argus/unk/snap/c1/1688443200.c1.snap.jpg,0.24732235
2023-07-04 04:30:00,/Volumes/Argus/unk/snap/c1/1688445000.c1.snap.jpg,0.28197914
2023-07-04 05:00:00,/Volumes/Argus/unk/snap/c1/1688446800.c1.snap.jpg,0.28428578
2023-07-04 07:00:00,/Volumes/Argus/unk/snap/c1/1688454000.c1.snap.jpg,0.50899833
2023-07-04 07:30:00,/Volumes/Argus/unk/snap/c1/1688455800.c1.snap.jpg,0.28992948
2023-07-04 08:00:00,/Volumes/Argus/unk/snap/c1/1688457600.c1.snap.jpg,0.28715223
2023-07-04 15:00:00,/Volumes/Argus/unk/snap/c1/1688482800.c1.snap.jpg,0.37025005
2023-07-04 15:30:00,/Volumes/Argus/unk/snap/c1/1688484600.c1.snap.jpg,0.34382498
2023-07-04 16:00:00,/Volumes/Argus/unk/snap/c1/1688486400.c1.snap.jpg,0.40174136
2023-07-04 16:30:00,/Volumes/Argus/unk/snap/c1/1688488200.c1.snap.jpg,0.4677834
2023-07-04 17:00:00,/Volumes/Argus/unk/snap/c1/1688490000.c1.snap.jpg,0.3732425
2023-07-04 17:30:00,/Volumes/Argus/unk/snap/c1/1688491800.c1.snap.jpg,0.3543215
2023-07-04 18:00:00,/Volumes/Argus/unk/snap/c1/1688493600.c1.snap.jpg,0.43677038
2023-07-04 18:30:00,/Volumes/Argus/unk/snap/c1/1688495400.c1.snap.jpg,0.36907554
2023-07-04 19:00:00,/Volumes/Argus/unk/snap/c1/1688497200.c1.snap.jpg,0.600179
2023-07-04 19:30:00,/Volumes/Argus/unk/snap/c1/1688499000.c1.snap.jpg,0.41360864
2023-07-04 20:30:00,/Volumes/Argus/unk/snap/c1/1688502600.c1.snap.jpg,0.67549366
2023-07-04 21:00:00,/Volumes/Argus/unk/snap/c1/1688504400.c1.snap.jpg,0.3004617
2023-07-04 22:00:00,/Volumes/Argus/unk/snap/c1/1688508000.c1.snap.jpg,0.3019207
2023-07-04 22:30:00,/Volumes/Argus/unk/snap/c1/1688509800.c1.snap.jpg,0.3852157
2023-07-04 23:00:00,/Volumes/Argus/unk/snap/c1/1688511600.c1.snap.jpg,0.5322529
2023-07-04 23:30:00,/Volumes/Argus/unk/snap/c1/1688513400.c1.snap.jpg,0.4089775
2023-07-05 00:00:00,/Volumes/Argus/unk/snap/c1/1688515200.c1.snap.jpg,0.3691863
2023-07-05 00:30:00,/Volumes/Argus/unk/snap/c1/1688517000.c1.snap.jpg,0.37585777
2023-07-05 01:00:00,/Volumes/Argus/unk/snap/c1/1688518800.c1.snap.jpg,0.36344647
2023-07-05 01:30:00,/Volumes/Argus/unk/snap/c1/1688520600.c1.snap.jpg,0.29053932
2023-07-05 02:00:00,/Volumes/Argus/unk/snap/c1/1688522400.c1.snap.jpg,0.3537489
2023-07-05 03:00:00,/Volumes/Argus/unk/snap/c1/1688526000.c1.snap.jpg,0.28140062
2023-07-05 04:00:00,/Volumes/Argus/unk/snap/c1/1688529600.c1.snap.jpg,0.3287748
2023-07-05 04:30:00,/Volumes/Argus/unk/snap/c1/1688531400.c1.snap.jpg,0.32782245
2023-07-05 05:00:00,/Volumes/Argus/unk/snap/c1/1688533200.c1.snap.jpg,0.47095856
2023-07-05 05:30:00,/Volumes/Argus/unk/snap/c1/1688535000.c1.snap.jpg,0.26286423
2023-07-05 06:00:00,/Volumes/Argus/unk/snap/c1/1688536800.c1.snap.jpg,0.3061872
2023-07-05 06:30:00,/Volumes/Argus/unk/snap/c1/1688538600.c1.snap.jpg,0.30622375
2023-07-05 07:00:00,/Volumes/Argus/unk/snap/c1/1688540400.c1.snap.jpg,0.32764876
2023-07-05 07:30:00,/Volumes/Argus/unk/snap/c1/1688542200.c1.snap.jpg,0.29406157
2023-07-05 08:00:00,/Volumes/Argus/unk/snap/c1/1688544000.c1.snap.jpg,0.29755437
2023-07-05 15:00:00,/Volumes/Argus/unk/snap/c1/1688569200.c1.snap.jpg,0.37952462
2023-07-05 15:30:00,/Volumes/Argus/unk/snap/c1/1688571000.c1.snap.jpg,0.30123177
2023-07-05 16:00:00,/Volumes/Argus/unk/snap/c1/1688572800.c1.snap.jpg,0.28645533
2023-07-05 16:30:00,/Volumes/Argus/unk/snap/c1/1688574600.c1.snap.jpg,0.2399728
2023-07-05 17:00:00,/Volumes/Argus/unk/snap/c1/1688576400.c1.snap.jpg,0.458437
2023-07-05 17:30:00,/Volumes/Argus/unk/snap/c1/1688578200.c1.snap.jpg,0.34639722
2023-07-05 18:00:00,/Volumes/Argus/unk/snap/c1/1688580000.c1.snap.jpg,0.2769398
2023-07-05 19:00:00,/Volumes/Argus/unk/snap/c1/1688583600.c1.snap.jpg,0.35653096
2023-07-05 19:30:00,/Volumes/Argus/unk/snap/c1/1688585400.c1.snap.jpg,0.3433213
2023-07-05 20:00:00,/Volumes/Argus/unk/snap/c1/1688587200.c1.snap.jpg,0.38557124
2023-07-05 20:30:00,/Volumes/Argus/unk/snap/c1/1688589000.c1.snap.jpg,0.3377372
2023-07-05 21:00:00,/Volumes/Argus/unk/snap/c1/1688590800.c1.snap.jpg,0.3835199
2023-07-05 21:30:00,/Volumes/Argus/unk/snap/c1/1688592600.c1.snap.jpg,0.31170088
2023-07-05 22:00:00,/Volumes/Argus/unk/snap/c1/1688594400.c1.snap.jpg,0.33351016
2023-07-05 22:30:00,/Volumes/Argus/unk/snap/c1/1688596200.c1.snap.jpg,0.3748079
2023-07-05 23:30:00,/Volumes/Argus/unk/snap/c1/1688599800.c1.snap.jpg,0.36523896
2023-07-06 00:30:00,/Volumes/Argus/unk/snap/c1/1688603400.c1.snap.jpg,0.41386372
2023-07-06 01:00:00,/Volumes/Argus/unk/snap/c1/1688605200.c1.snap.jpg,0.363013
2023-07-06 01:30:00,/Volumes/Argus/unk/snap/c1/1688607000.c1.snap.jpg,0.44335032
2023-07-06 02:00:00,/Volumes/Argus/unk/snap/c1/1688608800.c1.snap.jpg,0.32768542
2023-07-06 02:30:00,/Volumes/Argus/unk/snap/c1/1688610600.c1.snap.jpg,0.32779118
2023-07-06 03:30:00,/Volumes/Argus/unk/snap/c1/1688614200.c1.snap.jpg,0.38696405
2023-07-06 04:00:00,/Volumes/Argus/unk/snap/c1/1688616000.c1.snap.jpg,0.27499458
2023-07-06 05:00:00,/Volumes/Argus/unk/snap/c1/1688619600.c1.snap.jpg,0.28144324
2023-07-06 05:30:00,/Volumes/Argus/unk/snap/c1/1688621400.c1.snap.jpg,0.4106498
2023-07-06 06:00:00,/Volumes/Argus/unk/snap/c1/1688623200.c1.snap.jpg,0.3686968
2023-07-06 07:00:00,/Volumes/Argus/unk/snap/c1/1688626800.c1.snap.jpg,0.22766691
2023-07-06 07:30:00,/Volumes/Argus/unk/snap/c1/1688628600.c1.snap.jpg,0.30489212
2023-07-06 08:00:00,/Volumes/Argus/unk/snap/c1/1688630400.c1.snap.jpg,0.27324373
2023-07-06 15:00:00,/Volumes/Argus/unk/snap/c1/1688655600.c1.snap.jpg,0.2238425
2023-07-06 15:30:00,/Volumes/Argus/unk/snap/c1/1688657400.c1.snap.jpg,0.2509256
2023-07-06 16:00:00,/Volumes/Argus/unk/snap/c1/1688659200.c1.snap.jpg,0.2635838
2023-07-06 16:30:00,/Volumes/Argus/unk/snap/c1/1688661000.c1.snap.jpg,0.36374
2023-07-06 17:00:00,/Volumes/Argus/unk/snap/c1/1688662800.c1.snap.jpg,0.5012032
2023-07-06 17:30:00,/Volumes/Argus/unk/snap/c1/1688664600.c1.snap.jpg,0.27037594
2023-07-06 18:00:00,/Volumes/Argus/unk/snap/c1/1688666400.c1.snap.jpg,0.5015273
2023-07-06 18:30:00,/Volumes/Argus/unk/snap/c1/1688668200.c1.snap.jpg,0.5189749
2023-07-06 19:00:00,/Volumes/Argus/unk/snap/c1/1688670000.c1.snap.jpg,0.35069758
2023-07-06 19:30:00,/Volumes/Argus/unk/snap/c1/1688671800.c1.snap.jpg,0.4973719
2023-07-06 20:00:00,/Volumes/Argus/unk/snap/c1/1688673600.c1.snap.jpg,0.5624924
2023-07-06 20:30:00,/Volumes/Argus/unk/snap/c1/1688675400.c1.snap.jpg,0.47650564
2023-07-06 21:00:00,/Volumes/Argus/unk/snap/c1/1688677200.c1.snap.jpg,0.33290854
2023-07-06 22:00:00,/Volumes/Argus/unk/snap/c1/1688680800.c1.snap.jpg,0.29645252
2023-07-06 22:30:00,/Volumes/Argus/unk/snap/c1/1688682600.c1.snap.jpg,0.31689245
2023-07-06 23:00:00,/Volumes/Argus/unk/snap/c1/1688684400.c1.snap.jpg,0.33142018
2023-07-06 23:30:00,/Volumes/Argus/unk/snap/c1/1688686200.c1.snap.jpg,0.30715236
2023-07-07 00:00:00,/Volumes/Argus/unk/snap/c1/1688688000.c1.snap.jpg,0.33945042
2023-07-07 00:30:00,/Volumes/Argus/unk/snap/c1/1688689800.c1.snap.jpg,0.2955352
2023-07-07 01:00:00,/Volumes/Argus/unk/snap/c1/1688691600.c1.snap.jpg,0.39573777
2023-07-07 01:30:00,/Volumes/Argus/unk/snap/c1/1688693400.c1.snap.jpg,0.38150936
2023-07-07 02:00:00,/Volumes/Argus/unk/snap/c1/1688695200.c1.snap.jpg,0.34947163
2023-07-07 03:30:00,/Volumes/Argus/unk/snap/c1/1688700600.c1.snap.jpg,0.31197852
2023-07-07 04:00:00,/Volumes/Argus/unk/snap/c1/1688702400.c1.snap.jpg,0.40700525
2023-07-07 04:30:00,/Volumes/Argus/unk/snap/c1/1688704200.c1.snap.jpg,0.21878651
2023-07-07 05:30:00,/Volumes/Argus/unk/snap/c1/1688707800.c1.snap.jpg,0.4562952
2023-07-07 06:30:00,/Volumes/Argus/unk/snap/c1/1688711400.c1.snap.jpg,0.291937
2023-07-07 07:00:00,/Volumes/Argus/unk/snap/c1/1688713200.c1.snap.jpg,0.2975475
2023-07-07 07:30:00,/Volumes/Argus/unk/snap/c1/1688715000.c1.snap.jpg,0.28040498
2023-07-07 08:00:00,/Volumes/Argus/unk/snap/c1/1688716800.c1.snap.jpg,0.38022512
2023-07-07 15:30:00,/Volumes/Argus/unk/snap/c1/1688743800.c1.snap.jpg,0.3328008
2023-07-07 16:00:00,/Volumes/Argus/unk/snap/c1/1688745600.c1.snap.jpg,0.44768
2023-07-07 16:30:00,/Volumes/Argus/unk/snap/c1/1688747400.c1.snap.jpg,0.53592956
2023-07-07 17:00:00,/Volumes/Argus/unk/snap/c1/1688749200.c1.snap.jpg,0.5621381
2023-07-07 17:30:00,/Volumes/Argus/unk/snap/c1/1688751000.c1.snap.jpg,0.42187953
2023-07-07 18:00:00,/Volumes/Argus/unk/snap/c1/1688752800.c1.snap.jpg,0.45150083
2023-07-07 18:30:00,/Volumes/Argus/unk/snap/c1/1688754600.c1.snap.jpg,0.5961634
2023-07-07 19:00:00,/Volumes/Argus/unk/snap/c1/1688756400.c1.snap.jpg,0.4021559
2023-07-07 19:30:00,/Volumes/Argus/unk/snap/c1/1688758200.c1.snap.jpg,0.3568582
2023-07-07 20:00:00,/Volumes/Argus/unk/snap/c1/1688760000.c1.snap.jpg,0.3256808
2023-07-07 20:30:00,/Volumes/Argus/unk/snap/c1/1688761800.c1.snap.jpg,0.34910843
2023-07-07 21:00:00,/Volumes/Argus/unk/snap/c1/1688763600.c1.snap.jpg,0.5569576
2023-07-07 21:30:00,/Volumes/Argus/unk/snap/c1/1688765400.c1.snap.jpg,0.48837334
2023-07-07 22:00:00,/Volumes/Argus/unk/snap/c1/1688767200.c1.snap.jpg,0.4629797
2023-07-07 22:30:00,/Volumes/Argus/unk/snap/c1/1688769000.c1.snap.jpg,0.39062852
2023-07-07 23:00:00,/Volumes/Argus/unk/snap/c1/1688770800.c1.snap.jpg,0.57502526
2023-07-08 00:00:00,/Volumes/Argus/unk/snap/c1/1688774400.c1.snap.jpg,0.5171666
2023-07-08 00:30:00,/Volumes/Argus/unk/snap/c1/1688776200.c1.snap.jpg,0.7082906
2023-07-08 01:00:00,/Volumes/Argus/unk/snap/c1/1688778000.c1.snap.jpg,0.32676104
2023-07-08 01:30:00,/Volumes/Argus/unk/snap/c1/1688779800.c1.snap.jpg,0.36844292
2023-07-08 02:00:00,/Volumes/Argus/unk/snap/c1/1688781600.c1.snap.jpg,0.47169173
2023-07-08 03:30:00,/Volumes/Argus/unk/snap/c1/1688787000.c1.snap.jpg,0.34035364
2023-07-08 04:00:00,/Volumes/Argus/unk/snap/c1/1688788800.c1.snap.jpg,0.4422455
2023-07-08 04:30:00,/Volumes/Argus/unk/snap/c1/1688790600.c1.snap.jpg,0.43943
2023-07-08 05:00:00,/Volumes/Argus/unk/snap/c1/1688792400.c1.snap.jpg,0.39552048
2023-07-08 05:30:00,/Volumes/Argus/unk/snap/c1/1688794200.c1.snap.jpg,0.47656414
2023-07-08 06:00:00,/Volumes/Argus/unk/snap/c1/1688796000.c1.snap.jpg,0.48452476
2023-07-08 06:30:00,/Volumes/Argus/unk/snap/c1/1688797800.c1.snap.jpg,0.6696028
2023-07-08 07:00:00,/Volumes/Argus/unk/snap/c1/1688799600.c1.snap.jpg,0.52042335
2023-07-08 07:30:00,/Volumes/Argus/unk/snap/c1/1688801400.c1.snap.jpg,0.53580064
2023-07-08 08:00:00,/Volumes/Argus/unk/snap/c1/1688803200.c1.snap.jpg,0.38517064
2023-07-08 15:00:00,/Volumes/Argus/unk/snap/c1/1688828400.c1.snap.jpg,0.347009
2023-07-08 15:30:00,/Volumes/Argus/unk/snap/c1/1688830200.c1.snap.jpg,0.28839377
2023-07-08 16:00:00,/Volumes/Argus/unk/snap/c1/1688832000.c1.snap.jpg,0.25361893
2023-07-08 16:30:00,/Volumes/Argus/unk/snap/c1/1688833800.c1.snap.jpg,0.36400363
2023-07-08 17:00:00,/Volumes/Argus/unk/snap/c1/1688835600.c1.snap.jpg,0.3560318
2023-07-08 17:30:00,/Volumes/Argus/unk/snap/c1/1688837400.c1.snap.jpg,0.29170334
2023-07-08 18:30:00,/Volumes/Argus/unk/snap/c1/1688841000.c1.snap.jpg,0.57410514
2023-07-08 19:00:00,/Volumes/Argus/unk/snap/c1/1688842800.c1.snap.jpg,0.32593152
2023-07-08 19:30:00,/Volumes/Argus/unk/snap/c1/1688844600.c1.snap.jpg,0.4739033
2023-07-08 20:00:00,/Volumes/Argus/unk/snap/c1/1688846400.c1.snap.jpg,0.37900236
2023-07-08 20:30:00,/Volumes/Argus/unk/snap/c1/1688848200.c1.snap.jpg,0.3085131
2023-07-08 21:00:00,/Volumes/Argus/unk/snap/c1/1688850000.c1.snap.jpg,0.554742
2023-07-08 21:30:00,/Volumes/Argus/unk/snap/c1/1688851800.c1.snap.jpg,0.33050752
2023-07-08 22:00:00,/Volumes/Argus/unk/snap/c1/1688853600.c1.snap.jpg,0.3352998
2023-07-08 22:30:00,/Volumes/Argus/unk/snap/c1/1688855400.c1.snap.jpg,0.29754177
2023-07-08 23:00:00,/Volumes/Argus/unk/snap/c1/1688857200.c1.snap.jpg,0.3062474
2023-07-09 00:00:00,/Volumes/Argus/unk/snap/c1/1688860800.c1.snap.jpg,0.2761694
2023-07-09 00:30:00,/Volumes/Argus/unk/snap/c1/1688862600.c1.snap.jpg,0.33823416
2023-07-09 01:00:00,/Volumes/Argus/unk/snap/c1/1688864400.c1.snap.jpg,0.29580003
2023-07-09 02:00:00,/Volumes/Argus/unk/snap/c1/1688868000.c1.snap.jpg,0.29836172
2023-07-09 03:30:00,/Volumes/Argus/unk/snap/c1/1688873400.c1.snap.jpg,0.36194915
2023-07-09 04:00:00,/Volumes/Argus/unk/snap/c1/1688875200.c1.snap.jpg,0.37539756
2023-07-09 04:30:00,/Volumes/Argus/unk/snap/c1/1688877000.c1.snap.jpg,0.48188326
2023-07-09 05:00:00,/Volumes/Argus/unk/snap/c1/1688878800.c1.snap.jpg,0.38819653
2023-07-09 05:30:00,/Volumes/Argus/unk/snap/c1/1688880600.c1.snap.jpg,0.380925
2023-07-09 06:00:00,/Volumes/Argus/unk/snap/c1/1688882400.c1.snap.jpg,0.42049068
2023-07-09 06:30:00,/Volumes/Argus/unk/snap/c1/1688884200.c1.snap.jpg,0.44472373
2023-07-09 07:00:00,/Volumes/Argus/unk/snap/c1/1688886000.c1.snap.jpg,0.3887138
2023-07-09 07:30:00,/Volumes/Argus/unk/snap/c1/1688887800.c1.snap.jpg,0.38669097
2023-07-09 08:00:00,/Volumes/Argus/unk/snap/c1/1688889600.c1.snap.jpg,0.31912035
2023-07-09 15:00:00,/Volumes/Argus/unk/snap/c1/1688914800.c1.snap.jpg,0.34208226
2023-07-09 15:30:00,/Volumes/Argus/unk/snap/c1/1688916600.c1.snap.jpg,0.4231045
2023-07-09 16:00:00,/Volumes/Argus/unk/snap/c1/1688918400.c1.snap.jpg,0.3722148
2023-07-09 16:30:00,/Volumes/Argus/unk/snap/c1/1688920200.c1.snap.jpg,0.37437558
2023-07-09 17:00:00,/Volumes/Argus/unk/snap/c1/1688922000.c1.snap.jpg,0.34461197
2023-07-09 17:30:00,/Volumes/Argus/unk/snap/c1/1688923800.c1.snap.jpg,0.3876261
2023-07-09 18:00:00,/Volumes/Argus/unk/snap/c1/1688925600.c1.snap.jpg,0.30120337
2023-07-09 18:30:00,/Volumes/Argus/unk/snap/c1/1688927400.c1.snap.jpg,0.30933452
2023-07-09 19:30:00,/Volumes/Argus/unk/snap/c1/1688931000.c1.snap.jpg,0.32069573
2023-07-09 20:00:00,/Volumes/Argus/unk/snap/c1/1688932800.c1.snap.jpg,0.26139796
2023-07-09 20:30:00,/Volumes/Argus/unk/snap/c1/1688934600.c1.snap.jpg,0.34833294
2023-07-09 21:00:00,/Volumes/Argus/unk/snap/c1/1688936400.c1.snap.jpg,0.28421962
2023-07-09 22:00:00,/Volumes/Argus/unk/snap/c1/1688940000.c1.snap.jpg,0.2786367
2023-07-09 22:30:00,/Volumes/Argus/unk/snap/c1/1688941800.c1.snap.jpg,0.29571587
2023-07-09 23:00:00,/Volumes/Argus/unk/snap/c1/1688943600.c1.snap.jpg,0.37776044
2023-07-09 23:30:00,/Volumes/Argus/unk/snap/c1/1688945400.c1.snap.jpg,0.3393103
2023-07-10 00:00:00,/Volumes/Argus/unk/snap/c1/1688947200.c1.snap.jpg,0.31753048
2023-07-10 01:00:00,/Volumes/Argus/unk/snap/c1/1688950800.c1.snap.jpg,0.31383458
2023-07-10 01:30:00,/Volumes/Argus/unk/snap/c1/1688952600.c1.snap.jpg,0.31418324
2023-07-10 02:00:00,/Volumes/Argus/unk/snap/c1/1688954400.c1.snap.jpg,0.4547856
2023-07-10 02:30:00,/Volumes/Argus/unk/snap/c1/1688956200.c1.snap.jpg,0.2936115
2023-07-10 03:30:00,/Volumes/Argus/unk/snap/c1/1688959800.c1.snap.jpg,0.2944425
2023-07-10 04:00:00,/Volumes/Argus/unk/snap/c1/1688961600.c1.snap.jpg,0.29807442
2023-07-10 04:30:00,/Volumes/Argus/unk/snap/c1/1688963400.c1.snap.jpg,0.33943522
2023-07-10 05:00:00,/Volumes/Argus/unk/snap/c1/1688965200.c1.snap.jpg,0.25647837
2023-07-10 05:30:00,/Volumes/Argus/unk/snap/c1/1688967000.c1.snap.jpg,0.2969017
2023-07-10 06:00:00,/Volumes/Argus/unk/snap/c1/1688968800.c1.snap.jpg,0.38652834
2023-07-10 06:30:00,/Volumes/Argus/unk/snap/c1/1688970600.c1.snap.jpg,0.25132138
2023-07-10 07:00:00,/Volumes/Argus/unk/snap/c1/1688972400.c1.snap.jpg,0.289487
2023-07-10 07:30:00,/Volumes/Argus/unk/snap/c1/1688974200.c1.snap.jpg,0.24691097
2023-07-10 08:00:00,/Volumes/Argus/unk/snap/c1/1688976000.c1.snap.jpg,0.25200823
2023-07-10 15:00:00,/Volumes/Argus/unk/snap/c1/1689001200.c1.snap.jpg,0.27529135
2023-07-10 15:30:00,/Volumes/Argus/unk/snap/c1/1689003000.c1.snap.jpg,0.48020208
2023-07-10 16:00:00,/Volumes/Argus/unk/snap/c1/1689004800.c1.snap.jpg,0.2998983
2023-07-10 16:30:00,/Volumes/Argus/unk/snap/c1/1689006600.c1.snap.jpg,0.27053082
2023-07-10 17:30:00,/Volumes/Argus/unk/snap/c1/1689010200.c1.snap.jpg,0.32492602
2023-07-10 18:00:00,/Volumes/Argus/unk/snap/c1/1689012000.c1.snap.jpg,0.30707464
2023-07-10 18:30:00,/Volumes/Argus/unk/snap/c1/1689013800.c1.snap.jpg,0.33262894
2023-07-10 19:00:00,/Volumes/Argus/unk/snap/c1/1689015600.c1.snap.jpg,0.344186
2023-07-10 19:30:00,/Volumes/Argus/unk/snap/c1/1689017400.c1.snap.jpg,0.28402528
2023-07-10 20:00:00,/Volumes/Argus/unk/snap/c1/1689019200.c1.snap.jpg,0.32488748
2023-07-10 20:30:00,/Volumes/Argus/unk/snap/c1/1689021000.c1.snap.jpg,0.30773222
2023-07-10 21:30:00,/Volumes/Argus/unk/snap/c1/1689024600.c1.snap.jpg,0.34452838
2023-07-10 22:30:00,/Volumes/Argus/unk/snap/c1/1689028200.c1.snap.jpg,0.3335101
2023-07-10 23:00:00,/Volumes/Argus/unk/snap/c1/1689030000.c1.snap.jpg,0.34109122
2023-07-10 23:30:00,/Volumes/Argus/unk/snap/c1/1689031800.c1.snap.jpg,0.30131423
2023-07-11 00:00:00,/Volumes/Argus/unk/snap/c1/1689033600.c1.snap.jpg,0.24420303
2023-07-11 00:30:00,/Volumes/Argus/unk/snap/c1/1689035400.c1.snap.jpg,0.30323017
2023-07-11 01:00:00,/Volumes/Argus/unk/snap/c1/1689037200.c1.snap.jpg,0.31319866
2023-07-11 01:30:00,/Volumes/Argus/unk/snap/c1/1689039000.c1.snap.jpg,0.47087908
2023-07-11 02:00:00,/Volumes/Argus/unk/snap/c1/1689040800.c1.snap.jpg,0.39339143
2023-07-11 03:30:00,/Volumes/Argus/unk/snap/c1/1689046200.c1.snap.jpg,0.32210207
2023-07-11 04:00:00,/Volumes/Argus/unk/snap/c1/1689048000.c1.snap.jpg,0.33877128
2023-07-11 04:30:00,/Volumes/Argus/unk/snap/c1/1689049800.c1.snap.jpg,0.32706034
2023-07-11 05:00:00,/Volumes/Argus/unk/snap/c1/1689051600.c1.snap.jpg,0.42781407
2023-07-11 06:00:00,/Volumes/Argus/unk/snap/c1/1689055200.c1.snap.jpg,0.3403073
2023-07-11 06:30:00,/Volumes/Argus/unk/snap/c1/1689057000.c1.snap.jpg,0.44379872
2023-07-11 07:00:00,/Volumes/Argus/unk/snap/c1/1689058800.c1.snap.jpg,0.3484916
2023-07-11 07:30:00,/Volumes/Argus/unk/snap/c1/1689060600.c1.snap.jpg,0.297237
2023-07-11 08:00:00,/Volumes/Argus/unk/snap/c1/1689062400.c1.snap.jpg,0.3450723
2023-07-11 15:00:00,/Volumes/Argus/unk/snap/c1/1689087600.c1.snap.jpg,0.27173197
2023-07-11 15:30:00,/Volumes/Argus/unk/snap/c1/1689089400.c1.snap.jpg,1.0633676
2023-07-11 16:00:00,/Volumes/Argus/unk/snap/c1/1689091200.c1.snap.jpg,0.35040066
2023-07-11 16:30:00,/Volumes/Argus/unk/snap/c1/1689093000.c1.snap.jpg,0.55638915
2023-07-11 17:00:00,/Volumes/Argus/unk/snap/c1/1689094800.c1.snap.jpg,0.32493967
2023-07-11 17:30:00,/Volumes/Argus/unk/snap/c1/1689096600.c1.snap.jpg,0.30509788
2023-07-11 18:00:00,/Volumes/Argus/unk/snap/c1/1689098400.c1.snap.jpg,0.33333644
2023-07-11 18:30:00,/Volumes/Argus/unk/snap/c1/1689100200.c1.snap.jpg,0.38270456
2023-07-11 19:00:00,/Volumes/Argus/unk/snap/c1/1689102000.c1.snap.jpg,0.5136285
2023-07-11 19:30:00,/Volumes/Argus/unk/snap/c1/1689103800.c1.snap.jpg,0.58498037
2023-07-11 20:00:00,/Volumes/Argus/unk/snap/c1/1689105600.c1.snap.jpg,0.3867423
2023-07-11 20:30:00,/Volumes/Argus/unk/snap/c1/1689107400.c1.snap.jpg,0.46224904
2023-07-11 21:00:00,/Volumes/Argus/unk/snap/c1/1689109200.c1.snap.jpg,0.47253698
2023-07-11 21:30:00,/Volumes/Argus/unk/snap/c1/1689111000.c1.snap.jpg,0.42871752
2023-07-11 22:00:00,/Volumes/Argus/unk/snap/c1/1689112800.c1.snap.jpg,0.42336053
2023-07-11 22:30:00,/Volumes/Argus/unk/snap/c1/1689114600.c1.snap.jpg,0.41498628
2023-07-11 23:00:00,/Volumes/Argus/unk/snap/c1/1689116400.c1.snap.jpg,0.41042396
2023-07-11 23:30:00,/Volumes/Argus/unk/snap/c1/1689118200.c1.snap.jpg,0.54980564
2023-07-12 00:00:00,/Volumes/Argus/unk/snap/c1/1689120000.c1.snap.jpg,0.42656308
2023-07-12 00:30:00,/Volumes/Argus/unk/snap/c1/1689121800.c1.snap.jpg,0.33189902
2023-07-12 01:00:00,/Volumes/Argus/unk/snap/c1/1689123600.c1.snap.jpg,0.3867913
2023-07-12 01:30:00,/Volumes/Argus/unk/snap/c1/1689125400.c1.snap.jpg,0.48766732
2023-07-12 02:00:00,/Volumes/Argus/unk/snap/c1/1689127200.c1.snap.jpg,0.67708194
2023-07-12 02:30:00,/Volumes/Argus/unk/snap/c1/1689129000.c1.snap.jpg,0.51703775
2023-07-12 03:30:00,/Volumes/Argus/unk/snap/c1/1689132600.c1.snap.jpg,0.61595815
2023-07-12 04:00:00,/Volumes/Argus/unk/snap/c1/1689134400.c1.snap.jpg,0.8982139
2023-07-12 04:30:00,/Volumes/Argus/unk/snap/c1/1689136200.c1.snap.jpg,0.6909083
2023-07-12 05:00:00,/Volumes/Argus/unk/snap/c1/1689138000.c1.snap.jpg,0.7932383
2023-07-12 05:30:00,/Volumes/Argus/unk/snap/c1/1689139800.c1.snap.jpg,1.0402787
2023-07-12 06:30:00,/Volumes/Argus/unk/snap/c1/1689143400.c1.snap.jpg,0.74111867
2023-07-12 07:00:00,/Volumes/Argus/unk/snap/c1/1689145200.c1.snap.jpg,0.8034255
2023-07-12 07:30:00,/Volumes/Argus/unk/snap/c1/1689147000.c1.snap.jpg,0.68488306
2023-07-12 08:00:00,/Volumes/Argus/unk/snap/c1/1689148800.c1.snap.jpg,0.692742
2023-07-12 15:00:00,/Volumes/Argus/unk/snap/c1/1689174000.c1.snap.jpg,1.0011344
2023-07-12 15:30:00,/Volumes/Argus/unk/snap/c1/1689175800.c1.snap.jpg,1.0375577
2023-07-12 16:00:00,/Volumes/Argus/unk/snap/c1/1689177600.c1.snap.jpg,0.93042755
2023-07-12 16:30:00,/Volumes/Argus/unk/snap/c1/1689179400.c1.snap.jpg,0.962307
2023-07-12 17:00:00,/Volumes/Argus/unk/snap/c1/1689181200.c1.snap.jpg,0.6644563
2023-07-12 17:30:00,/Volumes/Argus/unk/snap/c1/1689183000.c1.snap.jpg,0.9166653
2023-07-12 18:00:00,/Volumes/Argus/unk/snap/c1/1689184800.c1.snap.jpg,0.9199163
2023-07-12 19:00:00,/Volumes/Argus/unk/snap/c1/1689188400.c1.snap.jpg,0.81026447
2023-07-12 19:30:00,/Volumes/Argus/unk/snap/c1/1689190200.c1.snap.jpg,0.89150715
2023-07-12 20:30:00,/Volumes/Argus/unk/snap/c1/1689193800.c1.snap.jpg,0.54561466
2023-07-12 21:00:00,/Volumes/Argus/unk/snap/c1/1689195600.c1.snap.jpg,0.56410617
2023-07-12 21:30:00,/Volumes/Argus/unk/snap/c1/1689197400.c1.snap.jpg,0.7354225
2023-07-12 22:00:00,/Volumes/Argus/unk/snap/c1/1689199200.c1.snap.jpg,0.72297895
2023-07-12 22:30:00,/Volumes/Argus/unk/snap/c1/1689201000.c1.snap.jpg,0.8573059
2023-07-12 23:00:00,/Volumes/Argus/unk/snap/c1/1689202800.c1.snap.jpg,0.5934402
2023-07-12 23:30:00,/Volumes/Argus/unk/snap/c1/1689204600.c1.snap.jpg,0.82393
2023-07-13 00:00:00,/Volumes/Argus/unk/snap/c1/1689206400.c1.snap.jpg,0.6303023
2023-07-13 00:30:00,/Volumes/Argus/unk/snap/c1/1689208200.c1.snap.jpg,0.64787006
2023-07-13 01:00:00,/Volumes/Argus/unk/snap/c1/1689210000.c1.snap.jpg,0.6213377
2023-07-13 01:30:00,/Volumes/Argus/unk/snap/c1/1689211800.c1.snap.jpg,0.6152315
2023-07-13 02:00:00,/Volumes/Argus/unk/snap/c1/1689213600.c1.snap.jpg,0.6627605
2023-07-13 04:00:00,/Volumes/Argus/unk/snap/c1/1689220800.c1.snap.jpg,0.61203635
2023-07-13 04:30:00,/Volumes/Argus/unk/snap/c1/1689222600.c1.snap.jpg,0.5780502
2023-07-13 05:00:00,/Volumes/Argus/unk/snap/c1/1689224400.c1.snap.jpg,0.48467672
2023-07-13 05:30:00,/Volumes/Argus/unk/snap/c1/1689226200.c1.snap.jpg,0.5040131
2023-07-13 06:30:00,/Volumes/Argus/unk/snap/c1/1689229800.c1.snap.jpg,0.56588805
2023-07-13 07:00:00,/Volumes/Argus/unk/snap/c1/1689231600.c1.snap.jpg,0.5213176
2023-07-13 07:30:00,/Volumes/Argus/unk/snap/c1/1689233400.c1.snap.jpg,0.4814996
2023-07-13 08:00:00,/Volumes/Argus/unk/snap/c1/1689235200.c1.snap.jpg,0.49220473
2023-07-13 15:00:00,/Volumes/Argus/unk/snap/c1/1689260400.c1.snap.jpg,0.6414977
2023-07-13 15:30:00,/Volumes/Argus/unk/snap/c1/1689262200.c1.snap.jpg,0.53968525
2023-07-13 16:00:00,/Volumes/Argus/unk/snap/c1/1689264000.c1.snap.jpg,0.44142216
2023-07-13 16:30:00,/Volumes/Argus/unk/snap/c1/1689265800.c1.snap.jpg,0.5869736
2023-07-13 17:00:00,/Volumes/Argus/unk/snap/c1/1689267600.c1.snap.jpg,0.36366525
2023-07-13 17:30:00,/Volumes/Argus/unk/snap/c1/1689269400.c1.snap.jpg,0.39744982
2023-07-13 19:00:00,/Volumes/Argus/unk/snap/c1/1689274800.c1.snap.jpg,0.47599274
2023-07-13 19:30:00,/Volumes/Argus/unk/snap/c1/1689276600.c1.snap.jpg,0.31696615
2023-07-13 20:30:00,/Volumes/Argus/unk/snap/c1/1689280200.c1.snap.jpg,0.35612223
2023-07-13 21:00:00,/Volumes/Argus/unk/snap/c1/1689282000.c1.snap.jpg,0.30206785
2023-07-13 21:30:00,/Volumes/Argus/unk/snap/c1/1689283800.c1.snap.jpg,0.3910039
2023-07-13 22:00:00,/Volumes/Argus/unk/snap/c1/1689285600.c1.snap.jpg,0.2735954
2023-07-13 22:30:00,/Volumes/Argus/unk/snap/c1/1689287400.c1.snap.jpg,0.30112016
2023-07-13 23:00:00,/Volumes/Argus/unk/snap/c1/1689289200.c1.snap.jpg,0.31417185
2023-07-13 23:30:00,/Volumes/Argus/unk/snap/c1/1689291000.c1.snap.jpg,0.37097418
2023-07-14 00:00:00,/Volumes/Argus/unk/snap/c1/1689292800.c1.snap.jpg,0.37147015
2023-07-14 00:30:00,/Volumes/Argus/unk/snap/c1/1689294600.c1.snap.jpg,0.3689311
2023-07-14 01:00:00,/Volumes/Argus/unk/snap/c1/1689296400.c1.snap.jpg,0.2791265
2023-07-14 01:30:00,/Volumes/Argus/unk/snap/c1/1689298200.c1.snap.jpg,0.32125345
2023-07-14 02:00:00,/Volumes/Argus/unk/snap/c1/1689300000.c1.snap.jpg,0.2713405
2023-07-14 03:30:00,/Volumes/Argus/unk/snap/c1/1689305400.c1.snap.jpg,0.377175
2023-07-14 04:30:00,/Volumes/Argus/unk/snap/c1/1689309000.c1.snap.jpg,0.3417921
2023-07-14 05:00:00,/Volumes/Argus/unk/snap/c1/1689310800.c1.snap.jpg,0.37583888
2023-07-14 05:30:00,/Volumes/Argus/unk/snap/c1/1689312600.c1.snap.jpg,0.67377096
2023-07-14 06:00:00,/Volumes/Argus/unk/snap/c1/1689314400.c1.snap.jpg,0.44427976
2023-07-14 06:30:00,/Volumes/Argus/unk/snap/c1/1689316200.c1.snap.jpg,0.44002384
2023-07-14 07:00:00,/Volumes/Argus/unk/snap/c1/1689318000.c1.snap.jpg,0.77846944
2023-07-14 07:30:00,/Volumes/Argus/unk/snap/c1/1689319800.c1.snap.jpg,0.42533788
2023-07-14 08:00:00,/Volumes/Argus/unk/snap/c1/1689321600.c1.snap.jpg,1.1132404
2023-07-14 15:00:00,/Volumes/Argus/unk/snap/c1/1689346800.c1.snap.jpg,1.2695502
2023-07-14 15:30:00,/Volumes/Argus/unk/snap/c1/1689348600.c1.snap.jpg,1.3528149
2023-07-14 16:00:00,/Volumes/Argus/unk/snap/c1/1689350400.c1.snap.jpg,1.6108745
2023-07-14 16:30:00,/Volumes/Argus/unk/snap/c1/1689352200.c1.snap.jpg,1.7029608
2023-07-14 17:00:00,/Volumes/Argus/unk/snap/c1/1689354000.c1.snap.jpg,1.1581151
2023-07-14 17:30:00,/Volumes/Argus/unk/snap/c1/1689355800.c1.snap.jpg,1.2409763
2023-07-14 18:00:00,/Volumes/Argus/unk/snap/c1/1689357600.c1.snap.jpg,1.647873
2023-07-14 18:30:00,/Volumes/Argus/unk/snap/c1/1689359400.c1.snap.jpg,1.585416
2023-07-14 19:00:00,/Volumes/Argus/unk/snap/c1/1689361200.c1.snap.jpg,1.2331368
2023-07-14 19:30:00,/Volumes/Argus/unk/snap/c1/1689363000.c1.snap.jpg,1.2812933
2023-07-14 20:00:00,/Volumes/Argus/unk/snap/c1/1689364800.c1.snap.jpg,1.0954398
2023-07-14 20:30:00,/Volumes/Argus/unk/snap/c1/1689366600.c1.snap.jpg,1.2040975
2023-07-14 21:00:00,/Volumes/Argus/unk/snap/c1/1689368400.c1.snap.jpg,0.9262463
2023-07-14 21:30:00,/Volumes/Argus/unk/snap/c1/1689370200.c1.snap.jpg,1.1461935
2023-07-14 22:00:00,/Volumes/Argus/unk/snap/c1/1689372000.c1.snap.jpg,1.0759554
2023-07-14 22:30:00,/Volumes/Argus/unk/snap/c1/1689373800.c1.snap.jpg,1.0711497
2023-07-14 23:00:00,/Volumes/Argus/unk/snap/c1/1689375600.c1.snap.jpg,1.1667783
2023-07-14 23:30:00,/Volumes/Argus/unk/snap/c1/1689377400.c1.snap.jpg,1.1899936
2023-07-15 00:00:00,/Volumes/Argus/unk/snap/c1/1689379200.c1.snap.jpg,1.2770029
2023-07-15 00:30:00,/Volumes/Argus/unk/snap/c1/1689381000.c1.snap.jpg,1.2377918
2023-07-15 01:00:00,/Volumes/Argus/unk/snap/c1/1689382800.c1.snap.jpg,1.0891824
2023-07-15 01:30:00,/Volumes/Argus/unk/snap/c1/1689384600.c1.snap.jpg,1.1714444
2023-07-15 02:00:00,/Volumes/Argus/unk/snap/c1/1689386400.c1.snap.jpg,1.3268775
2023-07-15 02:30:00,/Volumes/Argus/unk/snap/c1/1689388200.c1.snap.jpg,1.1269925
2023-07-15 03:30:00,/Volumes/Argus/unk/snap/c1/1689391800.c1.snap.jpg,0.94605756
2023-07-15 04:00:00,/Volumes/Argus/unk/snap/c1/1689393600.c1.snap.jpg,0.9090192
2023-07-15 04:30:00,/Volumes/Argus/unk/snap/c1/1689395400.c1.snap.jpg,0.7409503
2023-07-15 05:00:00,/Volumes/Argus/unk/snap/c1/1689397200.c1.snap.jpg,1.1764126
2023-07-15 05:30:00,/Volumes/Argus/unk/snap/c1/1689399000.c1.snap.jpg,1.0889232
2023-07-15 06:00:00,/Volumes/Argus/unk/snap/c1/1689400800.c1.snap.jpg,0.8484711
2023-07-15 06:30:00,/Volumes/Argus/unk/snap/c1/1689402600.c1.snap.jpg,0.87614304
2023-07-15 07:00:00,/Volumes/Argus/unk/snap/c1/1689404400.c1.snap.jpg,1.0933937
2023-07-15 07:30:00,/Volumes/Argus/unk/snap/c1/1689406200.c1.snap.jpg,1.0582244
2023-07-15 08:00:00,/Volumes/Argus/unk/snap/c1/1689408000.c1.snap.jpg,0.8269836
2023-07-15 15:00:00,/Volumes/Argus/unk/snap/c1/1689433200.c1.snap.jpg,0.79432416
2023-07-15 15:30:00,/Volumes/Argus/unk/snap/c1/1689435000.c1.snap.jpg,0.6416713
2023-07-15 16:00:00,/Volumes/Argus/unk/snap/c1/1689436800.c1.snap.jpg,0.90391475
2023-07-15 16:30:00,/Volumes/Argus/unk/snap/c1/1689438600.c1.snap.jpg,0.83999395
2023-07-15 17:00:00,/Volumes/Argus/unk/snap/c1/1689440400.c1.snap.jpg,0.8597326
2023-07-15 17:30:00,/Volumes/Argus/unk/snap/c1/1689442200.c1.snap.jpg,0.9034708
2023-07-15 18:00:00,/Volumes/Argus/unk/snap/c1/1689444000.c1.snap.jpg,1.0597374
2023-07-15 18:30:00,/Volumes/Argus/unk/snap/c1/1689445800.c1.snap.jpg,0.6111102
2023-07-15 19:00:00,/Volumes/Argus/unk/snap/c1/1689447600.c1.snap.jpg,0.8264965
2023-07-15 19:30:00,/Volumes/Argus/unk/snap/c1/1689449400.c1.snap.jpg,0.8330888
2023-07-15 20:00:00,/Volumes/Argus/unk/snap/c1/1689451200.c1.snap.jpg,0.7451774
2023-07-15 20:30:00,/Volumes/Argus/unk/snap/c1/1689453000.c1.snap.jpg,0.68828833
2023-07-15 21:00:00,/Volumes/Argus/unk/snap/c1/1689454800.c1.snap.jpg,0.7047824
2023-07-15 21:30:00,/Volumes/Argus/unk/snap/c1/1689456600.c1.snap.jpg,0.7888854
2023-07-15 22:00:00,/Volumes/Argus/unk/snap/c1/1689458400.c1.snap.jpg,0.65391874
2023-07-15 22:30:00,/Volumes/Argus/unk/snap/c1/1689460200.c1.snap.jpg,0.6172297
2023-07-15 23:00:00,/Volumes/Argus/unk/snap/c1/1689462000.c1.snap.jpg,0.59951663
2023-07-15 23:30:00,/Volumes/Argus/unk/snap/c1/1689463800.c1.snap.jpg,0.6324438
2023-07-16 00:00:00,/Volumes/Argus/unk/snap/c1/1689465600.c1.snap.jpg,0.64118683
2023-07-16 00:30:00,/Volumes/Argus/unk/snap/c1/1689467400.c1.snap.jpg,0.6116652
2023-07-16 01:00:00,/Volumes/Argus/unk/snap/c1/1689469200.c1.snap.jpg,0.5637434
2023-07-16 02:00:00,/Volumes/Argus/unk/snap/c1/1689472800.c1.snap.jpg,0.47975796
2023-07-16 02:30:00,/Volumes/Argus/unk/snap/c1/1689474600.c1.snap.jpg,0.3537668
2023-07-16 03:00:00,/Volumes/Argus/unk/snap/c1/1689476400.c1.snap.jpg,0.3669011
2023-07-16 03:30:00,/Volumes/Argus/unk/snap/c1/1689478200.c1.snap.jpg,0.3545434
2023-07-16 04:30:00,/Volumes/Argus/unk/snap/c1/1689481800.c1.snap.jpg,0.36700773
2023-07-16 05:00:00,/Volumes/Argus/unk/snap/c1/1689483600.c1.snap.jpg,0.6637386
2023-07-16 05:30:00,/Volumes/Argus/unk/snap/c1/1689485400.c1.snap.jpg,0.27272895
2023-07-16 06:00:00,/Volumes/Argus/unk/snap/c1/1689487200.c1.snap.jpg,0.24503961
2023-07-16 06:30:00,/Volumes/Argus/unk/snap/c1/1689489000.c1.snap.jpg,0.35491168
2023-07-16 07:00:00,/Volumes/Argus/unk/snap/c1/1689490800.c1.snap.jpg,0.3158257
2023-07-16 08:00:00,/Volumes/Argus/unk/snap/c1/1689494400.c1.snap.jpg,0.2669792
2023-07-16 15:00:00,/Volumes/Argus/unk/snap/c1/1689519600.c1.snap.jpg,0.31744617
2023-07-16 15:30:00,/Volumes/Argus/unk/snap/c1/1689521400.c1.snap.jpg,0.38755998
2023-07-16 16:00:00,/Volumes/Argus/unk/snap/c1/1689523200.c1.snap.jpg,0.5344411
2023-07-16 16:30:00,/Volumes/Argus/unk/snap/c1/1689525000.c1.snap.jpg,0.4577564
2023-07-16 17:00:00,/Volumes/Argus/unk/snap/c1/1689526800.c1.snap.jpg,0.3824926
2023-07-16 17:30:00,/Volumes/Argus/unk/snap/c1/1689528600.c1.snap.jpg,0.5257567
2023-07-16 18:00:00,/Volumes/Argus/unk/snap/c1/1689530400.c1.snap.jpg,0.6158244
2023-07-16 18:30:00,/Volumes/Argus/unk/snap/c1/1689532200.c1.snap.jpg,0.7679938
2023-07-16 19:00:00,/Volumes/Argus/unk/snap/c1/1689534000.c1.snap.jpg,0.62651443
2023-07-16 19:30:00,/Volumes/Argus/unk/snap/c1/1689535800.c1.snap.jpg,0.71099275
2023-07-16 20:00:00,/Volumes/Argus/unk/snap/c1/1689537600.c1.snap.jpg,0.6259453
2023-07-16 20:30:00,/Volumes/Argus/unk/snap/c1/1689539400.c1.snap.jpg,0.55811137
2023-07-16 21:00:00,/Volumes/Argus/unk/snap/c1/1689541200.c1.snap.jpg,0.582613
2023-07-16 21:30:00,/Volumes/Argus/unk/snap/c1/1689543000.c1.snap.jpg,0.62028694
2023-07-16 22:00:00,/Volumes/Argus/unk/snap/c1/1689544800.c1.snap.jpg,0.6818908
2023-07-16 22:30:00,/Volumes/Argus/unk/snap/c1/1689546600.c1.snap.jpg,0.4794287
2023-07-16 23:00:00,/Volumes/Argus/unk/snap/c1/1689548400.c1.snap.jpg,0.60075533
2023-07-16 23:30:00,/Volumes/Argus/unk/snap/c1/1689550200.c1.snap.jpg,0.5499214
2023-07-17 00:00:00,/Volumes/Argus/unk/snap/c1/1689552000.c1.snap.jpg,0.49269056
2023-07-17 00:30:00,/Volumes/Argus/unk/snap/c1/1689553800.c1.snap.jpg,0.36424556
2023-07-17 01:00:00,/Volumes/Argus/unk/snap/c1/1689555600.c1.snap.jpg,0.3265474
2023-07-17 02:00:00,/Volumes/Argus/unk/snap/c1/1689559200.c1.snap.jpg,0.48907804
2023-07-17 02:30:00,/Volumes/Argus/unk/snap/c1/1689561000.c1.snap.jpg,0.6528598
2023-07-17 03:30:00,/Volumes/Argus/unk/snap/c1/1689564600.c1.snap.jpg,0.2479173
2023-07-17 04:00:00,/Volumes/Argus/unk/snap/c1/1689566400.c1.snap.jpg,0.29783064
2023-07-17 04:30:00,/Volumes/Argus/unk/snap/c1/1689568200.c1.snap.jpg,0.46119255
2023-07-17 05:00:00,/Volumes/Argus/unk/snap/c1/1689570000.c1.snap.jpg,0.50099766
2023-07-17 05:30:00,/Volumes/Argus/unk/snap/c1/1689571800.c1.snap.jpg,0.6791177
2023-07-17 06:00:00,/Volumes/Argus/unk/snap/c1/1689573600.c1.snap.jpg,0.5751126
2023-07-17 06:30:00,/Volumes/Argus/unk/snap/c1/1689575400.c1.snap.jpg,0.37322715
2023-07-17 07:00:00,/Volumes/Argus/unk/snap/c1/1689577200.c1.snap.jpg,0.29428
2023-07-17 07:30:00,/Volumes/Argus/unk/snap/c1/1689579000.c1.snap.jpg,0.3200219
2023-07-17 08:00:00,/Volumes/Argus/unk/snap/c1/1689580800.c1.snap.jpg,0.30746424
2023-07-17 15:00:00,/Volumes/Argus/unk/snap/c1/1689606000.c1.snap.jpg,0.27308756
2023-07-17 15:30:00,/Volumes/Argus/unk/snap/c1/1689607800.c1.snap.jpg,0.40674832
2023-07-17 16:30:00,/Volumes/Argus/unk/snap/c1/1689611400.c1.snap.jpg,0.59731233
2023-07-17 17:00:00,/Volumes/Argus/unk/snap/c1/1689613200.c1.snap.jpg,0.53483355
2023-07-17 17:30:00,/Volumes/Argus/unk/snap/c1/1689615000.c1.snap.jpg,0.6409056
2023-07-17 18:00:00,/Volumes/Argus/unk/snap/c1/1689616800.c1.snap.jpg,0.64112794
2023-07-17 18:30:00,/Volumes/Argus/unk/snap/c1/1689618600.c1.snap.jpg,0.49846023
2023-07-17 19:00:00,/Volumes/Argus/unk/snap/c1/1689620400.c1.snap.jpg,0.66446334
2023-07-17 19:30:00,/Volumes/Argus/unk/snap/c1/1689622200.c1.snap.jpg,0.19431934
2023-07-17 20:00:00,/Volumes/Argus/unk/snap/c1/1689624000.c1.snap.jpg,0.32617146
2023-07-17 20:30:00,/Volumes/Argus/unk/snap/c1/1689625800.c1.snap.jpg,0.22886994
2023-07-17 21:00:00,/Volumes/Argus/unk/snap/c1/1689627600.c1.snap.jpg,0.26106796
2023-07-17 21:30:00,/Volumes/Argus/unk/snap/c1/1689629400.c1.snap.jpg,0.20639479
2023-07-17 22:00:00,/Volumes/Argus/unk/snap/c1/1689631200.c1.snap.jpg,0.38071203
2023-07-17 22:30:00,/Volumes/Argus/unk/snap/c1/1689633000.c1.snap.jpg,0.37970293
2023-07-17 23:00:00,/Volumes/Argus/unk/snap/c1/1689634800.c1.snap.jpg,0.26022348
2023-07-17 23:30:00,/Volumes/Argus/unk/snap/c1/1689636600.c1.snap.jpg,0.23362811
2023-07-18 00:00:00,/Volumes/Argus/unk/snap/c1/1689638400.c1.snap.jpg,0.24693519
2023-07-18 00:30:00,/Volumes/Argus/unk/snap/c1/1689640200.c1.snap.jpg,0.2712561
2023-07-18 01:00:00,/Volumes/Argus/unk/snap/c1/1689642000.c1.snap.jpg,0.24372052
2023-07-18 02:00:00,/Volumes/Argus/unk/snap/c1/1689645600.c1.snap.jpg,0.24747697
2023-07-18 02:30:00,/Volumes/Argus/unk/snap/c1/1689647400.c1.snap.jpg,0.3521105
2023-07-18 03:00:00,/Volumes/Argus/unk/snap/c1/1689649200.c1.snap.jpg,0.23932031
2023-07-18 03:30:00,/Volumes/Argus/unk/snap/c1/1689651000.c1.snap.jpg,0.26331833
2023-07-18 04:00:00,/Volumes/Argus/unk/snap/c1/1689652800.c1.snap.jpg,0.2642252
2023-07-18 04:30:00,/Volumes/Argus/unk/snap/c1/1689654600.c1.snap.jpg,0.23269258
2023-07-18 05:00:00,/Volumes/Argus/unk/snap/c1/1689656400.c1.snap.jpg,0.2359521
2023-07-18 05:30:00,/Volumes/Argus/unk/snap/c1/1689658200.c1.snap.jpg,0.24063857
2023-07-18 06:00:00,/Volumes/Argus/unk/snap/c1/1689660000.c1.snap.jpg,0.39210796
2023-07-18 06:30:00,/Volumes/Argus/unk/snap/c1/1689661800.c1.snap.jpg,0.21445519
2023-07-18 07:00:00,/Volumes/Argus/unk/snap/c1/1689663600.c1.snap.jpg,0.25718135
2023-07-18 07:30:00,/Volumes/Argus/unk/snap/c1/1689665400.c1.snap.jpg,0.27901113
2023-07-18 08:00:00,/Volumes/Argus/unk/snap/c1/1689667200.c1.snap.jpg,0.23055111
2023-07-19 15:00:00,/Volumes/Argus/unk/snap/c1/1689778800.c1.snap.jpg,0.26212406
2023-07-19 15:30:00,/Volumes/Argus/unk/snap/c1/1689780600.c1.snap.jpg,0.323875
2023-07-19 16:00:00,/Volumes/Argus/unk/snap/c1/1689782400.c1.snap.jpg,0.325559
2023-07-19 16:30:00,/Volumes/Argus/unk/snap/c1/1689784200.c1.snap.jpg,0.29745668
2023-07-19 17:00:00,/Volumes/Argus/unk/snap/c1/1689786000.c1.snap.jpg,0.3005185
2023-07-19 17:30:00,/Volumes/Argus/unk/snap/c1/1689787800.c1.snap.jpg,0.27837068
2023-07-19 18:00:00,/Volumes/Argus/unk/snap/c1/1689789600.c1.snap.jpg,0.3004645
2023-07-19 18:30:00,/Volumes/Argus/unk/snap/c1/1689791400.c1.snap.jpg,0.3597971
2023-07-19 19:00:00,/Volumes/Argus/unk/snap/c1/1689793200.c1.snap.jpg,0.33549187
2023-07-19 19:30:00,/Volumes/Argus/unk/snap/c1/1689795000.c1.snap.jpg,0.2671129
2023-07-19 20:00:00,/Volumes/Argus/unk/snap/c1/1689796800.c1.snap.jpg,0.28776306
2023-07-19 20:30:00,/Volumes/Argus/unk/snap/c1/1689798600.c1.snap.jpg,0.25858456
2023-07-19 21:00:00,/Volumes/Argus/unk/snap/c1/1689800400.c1.snap.jpg,0.29523325
2023-07-19 21:30:00,/Volumes/Argus/unk/snap/c1/1689802200.c1.snap.jpg,0.19896635
2023-07-19 22:00:00,/Volumes/Argus/unk/snap/c1/1689804000.c1.snap.jpg,0.3236109
2023-07-19 22:30:00,/Volumes/Argus/unk/snap/c1/1689805800.c1.snap.jpg,0.25746584
2023-07-19 23:00:00,/Volumes/Argus/unk/snap/c1/1689807600.c1.snap.jpg,0.33158618
2023-07-19 23:30:00,/Volumes/Argus/unk/snap/c1/1689809400.c1.snap.jpg,0.2614195
2023-07-20 00:00:00,/Volumes/Argus/unk/snap/c1/1689811200.c1.snap.jpg,0.27686447
2023-07-20 00:30:00,/Volumes/Argus/unk/snap/c1/1689813000.c1.snap.jpg,0.23864669
2023-07-20 01:00:00,/Volumes/Argus/unk/snap/c1/1689814800.c1.snap.jpg,0.3493227
2023-07-20 01:30:00,/Volumes/Argus/unk/snap/c1/1689816600.c1.snap.jpg,0.24852276
2023-07-20 02:00:00,/Volumes/Argus/unk/snap/c1/1689818400.c1.snap.jpg,0.25305793
2023-07-20 02:30:00,/Volumes/Argus/unk/snap/c1/1689820200.c1.snap.jpg,0.31573945
2023-07-20 03:30:00,/Volumes/Argus/unk/snap/c1/1689823800.c1.snap.jpg,0.34026515
2023-07-20 04:00:00,/Volumes/Argus/unk/snap/c1/1689825600.c1.snap.jpg,0.39222336
2023-07-20 05:00:00,/Volumes/Argus/unk/snap/c1/1689829200.c1.snap.jpg,0.38565767
2023-07-20 05:30:00,/Volumes/Argus/unk/snap/c1/1689831000.c1.snap.jpg,0.3229744
2023-07-20 06:00:00,/Volumes/Argus/unk/snap/c1/1689832800.c1.snap.jpg,0.33367088
2023-07-20 07:00:00,/Volumes/Argus/unk/snap/c1/1689836400.c1.snap.jpg,0.41510588
2023-07-20 07:30:00,/Volumes/Argus/unk/snap/c1/1689838200.c1.snap.jpg,0.2891127
2023-07-20 08:00:00,/Volumes/Argus/unk/snap/c1/1689840000.c1.snap.jpg,0.3719575
2023-07-20 15:00:00,/Volumes/Argus/unk/snap/c1/1689865200.c1.snap.jpg,0.24687512
2023-07-20 15:30:00,/Volumes/Argus/unk/snap/c1/1689867000.c1.snap.jpg,0.27819097
2023-07-20 16:00:00,/Volumes/Argus/unk/snap/c1/1689868800.c1.snap.jpg,0.29390958
2023-07-20 16:30:00,/Volumes/Argus/unk/snap/c1/1689870600.c1.snap.jpg,0.23111208
2023-07-20 17:00:00,/Volumes/Argus/unk/snap/c1/1689872400.c1.snap.jpg,0.36347055
2023-07-20 17:30:00,/Volumes/Argus/unk/snap/c1/1689874200.c1.snap.jpg,0.30300865
2023-07-20 18:00:00,/Volumes/Argus/unk/snap/c1/1689876000.c1.snap.jpg,0.2637182
2023-07-20 18:30:00,/Volumes/Argus/unk/snap/c1/1689877800.c1.snap.jpg,0.27772194
2023-07-20 19:00:00,/Volumes/Argus/unk/snap/c1/1689879600.c1.snap.jpg,0.3160137
2023-07-20 19:30:00,/Volumes/Argus/unk/snap/c1/1689881400.c1.snap.jpg,0.38675186
2023-07-20 20:00:00,/Volumes/Argus/unk/snap/c1/1689883200.c1.snap.jpg,0.31187248
2023-07-20 21:00:00,/Volumes/Argus/unk/snap/c1/1689886800.c1.snap.jpg,0.3308924
2023-07-20 21:30:00,/Volumes/Argus/unk/snap/c1/1689888600.c1.snap.jpg,0.35908657
2023-07-20 22:30:00,/Volumes/Argus/unk/snap/c1/1689892200.c1.snap.jpg,0.3082259
2023-07-20 23:00:00,/Volumes/Argus/unk/snap/c1/1689894000.c1.snap.jpg,0.32431594
2023-07-20 23:30:00,/Volumes/Argus/unk/snap/c1/1689895800.c1.snap.jpg,0.2965712
2023-07-21 00:00:00,/Volumes/Argus/unk/snap/c1/1689897600.c1.snap.jpg,0.27886862
2023-07-21 00:30:00,/Volumes/Argus/unk/snap/c1/1689899400.c1.snap.jpg,0.3460939
2023-07-21 01:00:00,/Volumes/Argus/unk/snap/c1/1689901200.c1.snap.jpg,0.30215514
2023-07-21 01:30:00,/Volumes/Argus/unk/snap/c1/1689903000.c1.snap.jpg,0.3839304
2023-07-21 02:00:00,/Volumes/Argus/unk/snap/c1/1689904800.c1.snap.jpg,0.33773524
2023-07-21 02:30:00,/Volumes/Argus/unk/snap/c1/1689906600.c1.snap.jpg,0.33166325
2023-07-21 03:30:00,/Volumes/Argus/unk/snap/c1/1689910200.c1.snap.jpg,0.28890046
2023-07-21 04:00:00,/Volumes/Argus/unk/snap/c1/1689912000.c1.snap.jpg,0.39501798
2023-07-21 04:30:00,/Volumes/Argus/unk/snap/c1/1689913800.c1.snap.jpg,0.29785544
2023-07-21 05:00:00,/Volumes/Argus/unk/snap/c1/1689915600.c1.snap.jpg,0.27599156
2023-07-21 05:30:00,/Volumes/Argus/unk/snap/c1/1689917400.c1.snap.jpg,0.26234874
2023-07-21 06:00:00,/Volumes/Argus/unk/snap/c1/1689919200.c1.snap.jpg,0.4307914
2023-07-21 06:30:00,/Volumes/Argus/unk/snap/c1/1689921000.c1.snap.jpg,0.3605854
2023-07-21 07:00:00,/Volumes/Argus/unk/snap/c1/1689922800.c1.snap.jpg,0.26029968
2023-07-21 07:30:00,/Volumes/Argus/unk/snap/c1/1689924600.c1.snap.jpg,0.41285852
2023-07-21 08:00:00,/Volumes/Argus/unk/snap/c1/1689926400.c1.snap.jpg,0.33774132
2023-07-21 15:00:00,/Volumes/Argus/unk/snap/c1/1689951600.c1.snap.jpg,0.46321666
2023-07-21 15:30:00,/Volumes/Argus/unk/snap/c1/1689953400.c1.snap.jpg,0.61505616
2023-07-21 16:00:00,/Volumes/Argus/unk/snap/c1/1689955200.c1.snap.jpg,0.4880859
2023-07-21 16:30:00,/Volumes/Argus/unk/snap/c1/1689957000.c1.snap.jpg,0.3957215
2023-07-21 17:00:00,/Volumes/Argus/unk/snap/c1/1689958800.c1.snap.jpg,0.52543926
2023-07-21 17:30:00,/Volumes/Argus/unk/snap/c1/1689960600.c1.snap.jpg,0.4928191
2023-07-21 18:00:00,/Volumes/Argus/unk/snap/c1/1689962400.c1.snap.jpg,0.28096652
2023-07-21 18:30:00,/Volumes/Argus/unk/snap/c1/1689964200.c1.snap.jpg,0.45617884
2023-07-21 19:00:00,/Volumes/Argus/unk/snap/c1/1689966000.c1.snap.jpg,0.5852746
2023-07-21 19:30:00,/Volumes/Argus/unk/snap/c1/1689967800.c1.snap.jpg,0.51141524
2023-07-21 20:30:00,/Volumes/Argus/unk/snap/c1/1689971400.c1.snap.jpg,0.2956039
2023-07-21 21:00:00,/Volumes/Argus/unk/snap/c1/1689973200.c1.snap.jpg,0.3844098
2023-07-21 21:30:00,/Volumes/Argus/unk/snap/c1/1689975000.c1.snap.jpg,0.29538858
2023-07-21 22:00:00,/Volumes/Argus/unk/snap/c1/1689976800.c1.snap.jpg,0.30413723
2023-07-21 22:30:00,/Volumes/Argus/unk/snap/c1/1689978600.c1.snap.jpg,0.2932492
2023-07-21 23:00:00,/Volumes/Argus/unk/snap/c1/1689980400.c1.snap.jpg,0.38509586
2023-07-21 23:30:00,/Volumes/Argus/unk/snap/c1/1689982200.c1.snap.jpg,0.30101448
2023-07-22 00:00:00,/Volumes/Argus/unk/snap/c1/1689984000.c1.snap.jpg,0.41773495
2023-07-22 00:30:00,/Volumes/Argus/unk/snap/c1/1689985800.c1.snap.jpg,0.2819458
2023-07-22 01:00:00,/Volumes/Argus/unk/snap/c1/1689987600.c1.snap.jpg,0.35646462
2023-07-22 01:30:00,/Volumes/Argus/unk/snap/c1/1689989400.c1.snap.jpg,0.45969397
2023-07-22 02:00:00,/Volumes/Argus/unk/snap/c1/1689991200.c1.snap.jpg,0.31495425
2023-07-22 02:30:00,/Volumes/Argus/unk/snap/c1/1689993000.c1.snap.jpg,0.31459355
2023-07-22 03:00:00,/Volumes/Argus/unk/snap/c1/1689994800.c1.snap.jpg,0.31210253
2023-07-22 03:30:00,/Volumes/Argus/unk/snap/c1/1689996600.c1.snap.jpg,0.45237702
2023-07-22 04:00:00,/Volumes/Argus/unk/snap/c1/1689998400.c1.snap.jpg,0.28678554
