time,path,H
2023-07-22 04:30:00,/Volumes/Argus/unk/snap/c1/1690000200.c1.snap.jpg,0.37848997
2023-07-22 05:00:00,/Volumes/Argus/unk/snap/c1/1690002000.c1.snap.jpg,0.2550161
2023-07-22 06:00:00,/Volumes/Argus/unk/snap/c1/1690005600.c1.snap.jpg,0.27451324
2023-07-22 06:30:00,/Volumes/Argus/unk/snap/c1/1690007400.c1.snap.jpg,0.30625755
2023-07-22 07:30:00,/Volumes/Argus/unk/snap/c1/1690011000.c1.snap.jpg,0.22796369
2023-07-22 08:00:00,/Volumes/Argus/unk/snap/c1/1690012800.c1.snap.jpg,0.24955991
2023-07-22 15:00:00,/Volumes/Argus/unk/snap/c1/1690038000.c1.snap.jpg,0.2541082
2023-07-22 16:00:00,/Volumes/Argus/unk/snap/c1/1690041600.c1.snap.jpg,0.3272949
2023-07-22 16:30:00,/Volumes/Argus/unk/snap/c1/1690043400.c1.snap.jpg,0.39546853
2023-07-22 17:00:00,/Volumes/Argus/unk/snap/c1/1690045200.c1.snap.jpg,0.30432338
2023-07-22 17:30:00,/Volumes/Argus/unk/snap/c1/1690047000.c1.snap.jpg,0.21790735
2023-07-22 18:00:00,/Volumes/Argus/unk/snap/c1/1690048800.c1.snap.jpg,0.20841627
2023-07-22 18:30:00,/Volumes/Argus/unk/snap/c1/1690050600.c1.snap.jpg,0.27904058
2023-07-22 19:00:00,/Volumes/Argus/unk/snap/c1/1690052400.c1.snap.jpg,0.37984282
2023-07-22 19:30:00,/Volumes/Argus/unk/snap/c1/1690054200.c1.snap.jpg,0.3646518
2023-07-22 20:00:00,/Volumes/Argus/unk/snap/c1/1690056000.c1.snap.jpg,0.29450345
2023-07-22 20:30:00,/Volumes/Argus/unk/snap/c1/1690057800.c1.snap.jpg,0.23777358
2023-07-22 21:30:00,/Volumes/Argus/unk/snap/c1/1690061400.c1.snap.jpg,0.32323104
2023-07-22 22:00:00,/Volumes/Argus/unk/snap/c1/1690063200.c1.snap.jpg,0.3468666
2023-07-22 22:30:00,/Volumes/Argus/unk/snap/c1/1690065000.c1.snap.jpg,0.43044198
2023-07-22 23:00:00,/Volumes/Argus/unk/snap/c1/1690066800.c1.snap.jpg,0.41280293
2023-07-22 23:30:00,/Volumes/Argus/unk/snap/c1/1690068600.c1.snap.jpg,0.40627795
2023-07-23 00:00:00,/Volumes/Argus/unk/snap/c1/1690070400.c1.snap.jpg,0.42094344
2023-07-23 00:30:00,/Volumes/Argus/unk/snap/c1/1690072200.c1.snap.jpg,0.49761748
2023-07-23 01:00:00,/Volumes/Argus/unk/snap/c1/1690074000.c1.snap.jpg,0.28396595
2023-07-23 01:30:00,/Volumes/Argus/unk/snap/c1/1690075800.c1.snap.jpg,0.27930105
2023-07-23 02:00:00,/Volumes/Argus/unk/snap/c1/1690077600.c1.snap.jpg,0.35415247
2023-07-23 03:30:00,/Volumes/Argus/unk/snap/c1/1690083000.c1.snap.jpg,0.3044871
2023-07-23 04:00:00,/Volumes/Argus/unk/snap/c1/1690084800.c1.snap.jpg,0.36368358
2023-07-23 04:30:00,/Volumes/Argus/unk/snap/c1/1690086600.c1.snap.jpg,0.3331201
2023-07-23 05:00:00,/Volumes/Argus/unk/snap/c1/1690088400.c1.snap.jpg,0.35498163
2023-07-23 06:00:00,/Volumes/Argus/unk/snap/c1/1690092000.c1.snap.jpg,0.3199674
2023-07-23 06:30:00,/Volumes/Argus/unk/snap/c1/1690093800.c1.snap.jpg,0.36650163
2023-07-23 07:00:00,/Volumes/Argus/unk/snap/c1/1690095600.c1.snap.jpg,0.40272984
2023-07-23 07:30:00,/Volumes/Argus/unk/snap/c1/1690097400.c1.snap.jpg,0.3651968
2023-07-23 15:00:00,/Volumes/Argus/unk/snap/c1/1690124400.c1.snap.jpg,0.34111297
2023-07-23 15:30:00,/Volumes/Argus/unk/snap/c1/1690126200.c1.snap.jpg,0.28930315
2023-07-23 16:00:00,/Volumes/Argus/unk/snap/c1/1690128000.c1.snap.jpg,0.40553984
2023-07-23 16:30:00,/Volumes/Argus/unk/snap/c1/1690129800.c1.snap.jpg,0.53017044
2023-07-23 17:00:00,/Volumes/Argus/unk/snap/c1/1690131600.c1.snap.jpg,0.28315207
2023-07-23 17:30:00,/Volumes/Argus/unk/snap/c1/1690133400.c1.snap.jpg,0.2891667
2023-07-23 18:30:00,/Volumes/Argus/unk/snap/c1/1690137000.c1.snap.jpg,0.27660418
2023-07-23 19:00:00,/Volumes/Argus/unk/snap/c1/1690138800.c1.snap.jpg,0.48444158
2023-07-23 19:30:00,/Volumes/Argus/unk/snap/c1/1690140600.c1.snap.jpg,0.33526212
2023-07-23 20:00:00,/Volumes/Argus/unk/snap/c1/1690142400.c1.snap.jpg,0.565096
2023-07-23 20:30:00,/Volumes/Argus/unk/snap/c1/1690144200.c1.snap.jpg,0.47591847
2023-07-23 21:00:00,/Volumes/Argus/unk/snap/c1/1690146000.c1.snap.jpg,0.5221492
2023-07-23 21:30:00,/Volumes/Argus/unk/snap/c1/1690147800.c1.snap.jpg,0.50039685
2023-07-23 22:00:00,/Volumes/Argus/unk/snap/c1/1690149600.c1.snap.jpg,0.36222655
2023-07-23 22:30:00,/Volumes/Argus/unk/snap/c1/1690151400.c1.snap.jpg,0.2847217
2023-07-23 23:00:00,/Volumes/Argus/unk/snap/c1/1690153200.c1.snap.jpg,0.2792735
2023-07-23 23:30:00,/Volumes/Argus/unk/snap/c1/1690155000.c1.snap.jpg,0.35126677
2023-07-24 00:00:00,/Volumes/Argus/unk/snap/c1/1690156800.c1.snap.jpg,0.40041947
2023-07-24 00:30:00,/Volumes/Argus/unk/snap/c1/1690158600.c1.snap.jpg,0.40925708
2023-07-24 01:00:00,/Volumes/Argus/unk/snap/c1/1690160400.c1.snap.jpg,0.3754408
2023-07-24 01:30:00,/Volumes/Argus/unk/snap/c1/1690162200.c1.snap.jpg,0.35221338
2023-07-24 02:00:00,/Volumes/Argus/unk/snap/c1/1690164000.c1.snap.jpg,0.41197616
2023-07-24 03:00:00,/Volumes/Argus/unk/snap/c1/1690167600.c1.snap.jpg,0.34320706
2023-07-24 03:30:00,/Volumes/Argus/unk/snap/c1/1690169400.c1.snap.jpg,0.22771218
2023-07-24 04:00:00,/Volumes/Argus/unk/snap/c1/1690171200.c1.snap.jpg,0.3035173
2023-07-24 04:30:00,/Volumes/Argus/unk/snap/c1/1690173000.c1.snap.jpg,0.34475034
2023-07-24 05:00:00,/Volumes/Argus/unk/snap/c1/1690174800.c1.snap.jpg,0.31757575
2023-07-24 05:30:00,/Volumes/Argus/unk/snap/c1/1690176600.c1.snap.jpg,0.29499036
2023-07-24 06:00:00,/Volumes/Argus/unk/snap/c1/1690178400.c1.snap.jpg,0.2889536
2023-07-24 06:30:00,/Volumes/Argus/unk/snap/c1/1690180200.c1.snap.jpg,0.3194382
2023-07-24 07:00:00,/Volumes/Argus/unk/snap/c1/1690182000.c1.snap.jpg,0.3702278
2023-07-24 07:30:00,/Volumes/Argus/unk/snap/c1/1690183800.c1.snap.jpg,0.4621601
2023-07-24 08:00:00,/Volumes/Argus/unk/snap/c1/1690185600.c1.snap.jpg,0.23861393
2023-07-25 02:30:00,/Volumes/Argus/unk/snap/c1/1690252200.c1.snap.jpg,0.29875493
2023-07-25 03:30:00,/Volumes/Argus/unk/snap/c1/1690255800.c1.snap.jpg,0.25637704
2023-07-25 04:00:00,/Volumes/Argus/unk/snap/c1/1690257600.c1.snap.jpg,0.3580764
2023-07-25 04:30:00,/Volumes/Argus/unk/snap/c1/1690259400.c1.snap.jpg,0.4012969
2023-07-25 05:00:00,/Volumes/Argus/unk/snap/c1/1690261200.c1.snap.jpg,0.27414405
2023-07-25 05:30:00,/Volumes/Argus/unk/snap/c1/1690263000.c1.snap.jpg,0.3972172
2023-07-25 06:00:00,/Volumes/Argus/unk/snap/c1/1690264800.c1.snap.jpg,0.29665893
2023-07-25 06:30:00,/Volumes/Argus/unk/snap/c1/1690266600.c1.snap.jpg,0.36309355
2023-07-25 07:00:00,/Volumes/Argus/unk/snap/c1/1690268400.c1.snap.jpg,0.394188
2023-07-25 07:30:00,/Volumes/Argus/unk/snap/c1/1690270200.c1.snap.jpg,0.27711758
2023-07-25 08:00:00,/Volumes/Argus/unk/snap/c1/1690272000.c1.snap.jpg,0.315622
2023-07-25 15:00:00,/Volumes/Argus/unk/snap/c1/1690297200.c1.snap.jpg,0.3587865
2023-07-25 15:30:00,/Volumes/Argus/unk/snap/c1/1690299000.c1.snap.jpg,0.21439797
2023-07-25 16:00:00,/Volumes/Argus/unk/snap/c1/1690300800.c1.snap.jpg,0.25038883
2023-07-25 16:30:00,/Volumes/Argus/unk/snap/c1/1690302600.c1.snap.jpg,0.3159709
2023-07-25 17:00:00,/Volumes/Argus/unk/snap/c1/1690304400.c1.snap.jpg,0.35169902
2023-07-25 18:00:00,/Volumes/Argus/unk/snap/c1/1690308000.c1.snap.jpg,0.24272472
2023-07-25 18:30:00,/Volumes/Argus/unk/snap/c1/1690309800.c1.snap.jpg,0.29378873
2023-07-25 19:00:00,/Volumes/Argus/unk/snap/c1/1690311600.c1.snap.jpg,0.24603796
2023-07-25 19:30:00,/Volumes/Argus/unk/snap/c1/1690313400.c1.snap.jpg,0.23429118
2023-07-25 20:00:00,/Volumes/Argus/unk/snap/c1/1690315200.c1.snap.jpg,0.3389067
2023-07-25 20:30:00,/Volumes/Argus/unk/snap/c1/1690317000.c1.snap.jpg,0.20751536
2023-07-25 21:00:00,/Volumes/Argus/unk/snap/c1/1690318800.c1.snap.jpg,0.24713229
2023-07-25 21:30:00,/Volumes/Argus/unk/snap/c1/1690320600.c1.snap.jpg,0.27652645
2023-07-25 22:00:00,/Volumes/Argus/unk/snap/c1/1690322400.c1.snap.jpg,0.27675635
2023-07-25 22:30:00,/Volumes/Argus/unk/snap/c1/1690324200.c1.snap.jpg,0.2407111
2023-07-25 23:30:00,/Volumes/Argus/unk/snap/c1/1690327800.c1.snap.jpg,0.32119212
2023-07-26 00:00:00,/Volumes/Argus/unk/snap/c1/1690329600.c1.snap.jpg,0.32169044
2023-07-26 00:30:00,/Volumes/Argus/unk/snap/c1/1690331400.c1.snap.jpg,0.2625952
2023-07-26 01:00:00,/Volumes/Argus/unk/snap/c1/1690333200.c1.snap.jpg,0.31019986
2023-07-26 01:30:00,/Volumes/Argus/unk/snap/c1/1690335000.c1.snap.jpg,0.3017479
2023-07-26 02:00:00,/Volumes/Argus/unk/snap/c1/1690336800.c1.snap.jpg,0.34231275
2023-07-26 02:30:00,/Volumes/Argus/unk/snap/c1/1690338600.c1.snap.jpg,0.20861067
2023-07-26 04:00:00,/Volumes/Argus/unk/snap/c1/1690344000.c1.snap.jpg,0.41005546
2023-07-26 04:30:00,/Volumes/Argus/unk/snap/c1/1690345800.c1.snap.jpg,0.3409474
2023-07-26 05:00:00,/Volumes/Argus/unk/snap/c1/1690347600.c1.snap.jpg,0.5098861
2023-07-26 06:00:00,/Volumes/Argus/unk/snap/c1/1690351200.c1.snap.jpg,0.21509632
2023-07-26 06:30:00,/Volumes/Argus/unk/snap/c1/1690353000.c1.snap.jpg,0.30490667
2023-07-26 07:00:00,/Volumes/Argus/unk/snap/c1/1690354800.c1.snap.jpg,0.28279197
2023-07-26 07:30:00,/Volumes/Argus/unk/snap/c1/1690356600.c1.snap.jpg,0.23760928
2023-07-26 08:00:00,/Volumes/Argus/unk/snap/c1/1690358400.c1.snap.jpg,0.33407354
2023-07-26 16:30:00,/Volumes/Argus/unk/snap/c1/1690389000.c1.snap.jpg,0.5836004
2023-07-26 17:00:00,/Volumes/Argus/unk/snap/c1/1690390800.c1.snap.jpg,0.5498368
2023-07-26 17:30:00,/Volumes/Argus/unk/snap/c1/1690392600.c1.snap.jpg,0.36699814
2023-07-26 18:00:00,/Volumes/Argus/unk/snap/c1/1690394400.c1.snap.jpg,0.29544157
2023-07-26 18:30:00,/Volumes/Argus/unk/snap/c1/1690396200.c1.snap.jpg,0.2900797
2023-07-26 19:00:00,/Volumes/Argus/unk/snap/c1/1690398000.c1.snap.jpg,0.2607492
2023-07-26 19:30:00,/Volumes/Argus/unk/snap/c1/1690399800.c1.snap.jpg,0.28262734
2023-07-26 20:00:00,/Volumes/Argus/unk/snap/c1/1690401600.c1.snap.jpg,0.3093639
2023-07-26 20:30:00,/Volumes/Argus/unk/snap/c1/1690403400.c1.snap.jpg,0.31294268
2023-07-26 21:00:00,/Volumes/Argus/unk/snap/c1/1690405200.c1.snap.jpg,0.25684062
2023-07-26 21:30:00,/Volumes/Argus/unk/snap/c1/1690407000.c1.snap.jpg,0.21759577
2023-07-26 22:00:00,/Volumes/Argus/unk/snap/c1/1690408800.c1.snap.jpg,0.20040509
2023-07-26 22:30:00,/Volumes/Argus/unk/snap/c1/1690410600.c1.snap.jpg,0.18086375
2023-07-26 23:00:00,/Volumes/Argus/unk/snap/c1/1690412400.c1.snap.jpg,0.1899615
2023-07-26 23:30:00,/Volumes/Argus/unk/snap/c1/1690414200.c1.snap.jpg,0.23495767
2023-07-27 00:00:00,/Volumes/Argus/unk/snap/c1/1690416000.c1.snap.jpg,0.24178068
2023-07-27 01:00:00,/Volumes/Argus/unk/snap/c1/1690419600.c1.snap.jpg,0.26255083
2023-07-27 01:30:00,/Volumes/Argus/unk/snap/c1/1690421400.c1.snap.jpg,0.37475443
2023-07-27 02:00:00,/Volumes/Argus/unk/snap/c1/1690423200.c1.snap.jpg,0.44227654
2023-07-27 03:30:00,/Volumes/Argus/unk/snap/c1/1690428600.c1.snap.jpg,0.33683243
2023-07-27 04:00:00,/Volumes/Argus/unk/snap/c1/1690430400.c1.snap.jpg,0.34027916
2023-07-27 04:30:00,/Volumes/Argus/unk/snap/c1/1690432200.c1.snap.jpg,0.17229453
2023-07-27 05:00:00,/Volumes/Argus/unk/snap/c1/1690434000.c1.snap.jpg,0.27681255
2023-07-27 05:30:00,/Volumes/Argus/unk/snap/c1/1690435800.c1.snap.jpg,0.31222737
2023-07-27 06:00:00,/Volumes/Argus/unk/snap/c1/1690437600.c1.snap.jpg,0.22391883
2023-07-27 06:30:00,/Volumes/Argus/unk/snap/c1/1690439400.c1.snap.jpg,0.29941583
2023-07-27 07:00:00,/Volumes/Argus/unk/snap/c1/1690441200.c1.snap.jpg,0.26558846
2023-07-27 07:30:00,/Volumes/Argus/unk/snap/c1/1690443000.c1.snap.jpg,0.22475111
2023-07-27 08:00:00,/Volumes/Argus/unk/snap/c1/1690444800.c1.snap.jpg,0.21788517
2023-07-27 15:00:00,/Volumes/Argus/unk/snap/c1/1690470000.c1.snap.jpg,0.22705737
2023-07-27 15:30:00,/Volumes/Argus/unk/snap/c1/1690471800.c1.snap.jpg,0.3096722
2023-07-27 16:00:00,/Volumes/Argus/unk/snap/c1/1690473600.c1.snap.jpg,0.28390688
2023-07-27 16:30:00,/Volumes/Argus/unk/snap/c1/1690475400.c1.snap.jpg,0.5592877
2023-07-27 17:00:00,/Volumes/Argus/unk/snap/c1/1690477200.c1.snap.jpg,0.39106566
2023-07-27 17:30:00,/Volumes/Argus/unk/snap/c1/1690479000.c1.snap.jpg,0.32280993
2023-07-27 18:00:00,/Volumes/Argus/unk/snap/c1/1690480800.c1.snap.jpg,0.30951053
2023-07-27 18:30:00,/Volumes/Argus/unk/snap/c1/1690482600.c1.snap.jpg,0.28851584
2023-07-27 19:00:00,/Volumes/Argus/unk/snap/c1/1690484400.c1.snap.jpg,0.29140908
2023-07-27 19:30:00,/Volumes/Argus/unk/snap/c1/1690486200.c1.snap.jpg,0.26222885
2023-07-27 20:30:00,/Volumes/Argus/unk/snap/c1/1690489800.c1.snap.jpg,0.3145628
2023-07-27 21:00:00,/Volumes/Argus/unk/snap/c1/1690491600.c1.snap.jpg,0.29090685
2023-07-27 21:30:00,/Volumes/Argus/unk/snap/c1/1690493400.c1.snap.jpg,0.22483805
2023-07-27 22:00:00,/Volumes/Argus/unk/snap/c1/1690495200.c1.snap.jpg,0.24280085
2023-07-27 22:30:00,/Volumes/Argus/unk/snap/c1/1690497000.c1.snap.jpg,0.32702583
2023-07-27 23:00:00,/Volumes/Argus/unk/snap/c1/1690498800.c1.snap.jpg,0.30604088
2023-07-27 23:30:00,/Volumes/Argus/unk/snap/c1/1690500600.c1.snap.jpg,0.30271593
2023-07-28 00:00:00,/Volumes/Argus/unk/snap/c1/1690502400.c1.snap.jpg,0.26101384
2023-07-28 00:30:00,/Volumes/Argus/unk/snap/c1/1690504200.c1.snap.jpg,0.33238488
2023-07-28 01:00:00,/Volumes/Argus/unk/snap/c1/1690506000.c1.snap.jpg,0.2869682
2023-07-28 01:30:00,/Volumes/Argus/unk/snap/c1/1690507800.c1.snap.jpg,0.24985513
2023-07-28 03:30:00,/Volumes/Argus/unk/snap/c1/1690515000.c1.snap.jpg,0.9260844
2023-07-28 04:00:00,/Volumes/Argus/unk/snap/c1/1690516800.c1.snap.jpg,0.5668903
2023-07-28 04:30:00,/Volumes/Argus/unk/snap/c1/1690518600.c1.snap.jpg,0.26437926
2023-07-28 05:00:00,/Volumes/Argus/unk/snap/c1/1690520400.c1.snap.jpg,0.33219206
2023-07-28 05:30:00,/Volumes/Argus/unk/snap/c1/1690522200.c1.snap.jpg,0.36831272
2023-07-28 06:00:00,/Volumes/Argus/unk/snap/c1/1690524000.c1.snap.jpg,0.24119255
2023-07-28 06:30:00,/Volumes/Argus/unk/snap/c1/1690525800.c1.snap.jpg,0.31179795
2023-07-28 07:00:00,/Volumes/Argus/unk/snap/c1/1690527600.c1.snap.jpg,0.24603313
2023-07-28 07:30:00,/Volumes/Argus/unk/snap/c1/1690529400.c1.snap.jpg,0.23113896
2023-07-28 08:00:00,/Volumes/Argus/unk/snap/c1/1690531200.c1.snap.jpg,0.31411293
2023-07-28 16:30:00,/Volumes/Argus/unk/snap/c1/1690561800.c1.snap.jpg,0.32420728
2023-07-28 17:00:00,/Volumes/Argus/unk/snap/c1/1690563600.c1.snap.jpg,0.42516956
2023-07-28 17:30:00,/Volumes/Argus/unk/snap/c1/1690565400.c1.snap.jpg,0.4006398
2023-07-28 18:00:00,/Volumes/Argus/unk/snap/c1/1690567200.c1.snap.jpg,0.45186633
2023-07-28 18:30:00,/Volumes/Argus/unk/snap/c1/1690569000.c1.snap.jpg,0.36190766
2023-07-28 19:00:00,/Volumes/Argus/unk/snap/c1/1690570800.c1.snap.jpg,0.27074063
2023-07-28 19:30:00,/Volumes/Argus/unk/snap/c1/1690572600.c1.snap.jpg,0.29615968
2023-07-28 20:00:00,/Volumes/Argus/unk/snap/c1/1690574400.c1.snap.jpg,0.2440597
2023-07-28 20:30:00,/Volumes/Argus/unk/snap/c1/1690576200.c1.snap.jpg,0.21809149
2023-07-28 21:00:00,/Volumes/Argus/unk/snap/c1/1690578000.c1.snap.jpg,0.23104411
2023-07-28 21:30:00,/Volumes/Argus/unk/snap/c1/1690579800.c1.snap.jpg,0.19981943
2023-07-28 22:00:00,/Volumes/Argus/unk/snap/c1/1690581600.c1.snap.jpg,0.25382924
2023-07-28 22:30:00,/Volumes/Argus/unk/snap/c1/1690583400.c1.snap.jpg,0.2683109
2023-07-28 23:00:00,/Volumes/Argus/unk/snap/c1/1690585200.c1.snap.jpg,0.2553188
2023-07-28 23:30:00,/Volumes/Argus/unk/snap/c1/1690587000.c1.snap.jpg,0.33306462
2023-07-29 00:00:00,/Volumes/Argus/unk/snap/c1/1690588800.c1.snap.jpg,0.32635295
2023-07-29 00:30:00,/Volumes/Argus/unk/snap/c1/1690590600.c1.snap.jpg,0.27055877
2023-07-29 01:00:00,/Volumes/Argus/unk/snap/c1/1690592400.c1.snap.jpg,0.267382
2023-07-29 01:30:00,/Volumes/Argus/unk/snap/c1/1690594200.c1.snap.jpg,0.27337298
2023-07-29 02:00:00,/Volumes/Argus/unk/snap/c1/1690596000.c1.snap.jpg,0.28936052
2023-07-29 03:00:00,/Volumes/Argus/unk/snap/c1/1690599600.c1.snap.jpg,0.26344
2023-07-29 03:30:00,/Volumes/Argus/unk/snap/c1/1690601400.c1.snap.jpg,0.24775268
2023-07-29 04:00:00,/Volumes/Argus/unk/snap/c1/1690603200.c1.snap.jpg,0.36052468
2023-07-29 04:30:00,/Volumes/Argus/unk/snap/c1/1690605000.c1.snap.jpg,0.25463128
2023-07-29 05:00:00,/Volumes/Argus/unk/snap/c1/1690606800.c1.snap.jpg,0.25024536
2023-07-29 05:30:00,/Volumes/Argus/unk/snap/c1/1690608600.c1.snap.jpg,0.3119446
2023-07-29 06:00:00,/Volumes/Argus/unk/snap/c1/1690610400.c1.snap.jpg,0.2950431
2023-07-29 06:30:00,/Volumes/Argus/unk/snap/c1/1690612200.c1.snap.jpg,0.26129746
2023-07-29 07:00:00,/Volumes/Argus/unk/snap/c1/1690614000.c1.snap.jpg,0.3218556
2023-07-29 07:30:00,/Volumes/Argus/unk/snap/c1/1690615800.c1.snap.jpg,0.40400636
2023-07-29 08:00:00,/Volumes/Argus/unk/snap/c1/1690617600.c1.snap.jpg,0.49586615
2023-07-29 15:00:00,/Volumes/Argus/unk/snap/c1/1690642800.c1.snap.jpg,1.2749351
2023-07-29 15:30:00,/Volumes/Argus/unk/snap/c1/1690644600.c1.snap.jpg,1.3028108
2023-07-29 16:00:00,/Volumes/Argus/unk/snap/c1/1690646400.c1.snap.jpg,1.4271919
2023-07-29 16:30:00,/Volumes/Argus/unk/snap/c1/1690648200.c1.snap.jpg,2.0565677
2023-07-29 17:00:00,/Volumes/Argus/unk/snap/c1/1690650000.c1.snap.jpg,1.8459114
2023-07-29 17:30:00,/Volumes/Argus/unk/snap/c1/1690651800.c1.snap.jpg,1.310281
2023-07-29 18:00:00,/Volumes/Argus/unk/snap/c1/1690653600.c1.snap.jpg,1.3623277
2023-07-29 18:30:00,/Volumes/Argus/unk/snap/c1/1690655400.c1.snap.jpg,1.2161374
2023-07-29 19:00:00,/Volumes/Argus/unk/snap/c1/1690657200.c1.snap.jpg,0.86146784
2023-07-29 19:30:00,/Volumes/Argus/unk/snap/c1/1690659000.c1.snap.jpg,1.2245818
2023-07-29 20:00:00,/Volumes/Argus/unk/snap/c1/1690660800.c1.snap.jpg,1.1309749
2023-07-29 20:30:00,/Volumes/Argus/unk/snap/c1/1690662600.c1.snap.jpg,1.224475
2023-07-29 21:00:00,/Volumes/Argus/unk/snap/c1/1690664400.c1.snap.jpg,0.99302447
2023-07-29 21:30:00,/Volumes/Argus/unk/snap/c1/1690666200.c1.snap.jpg,0.9706885
2023-07-29 22:00:00,/Volumes/Argus/unk/snap/c1/1690668000.c1.snap.jpg,0.9975246
2023-07-29 22:30:00,/Volumes/Argus/unk/snap/c1/1690669800.c1.snap.jpg,1.2451947
2023-07-29 23:00:00,/Volumes/Argus/unk/snap/c1/1690671600.c1.snap.jpg,0.9530072
2023-07-30 00:00:00,/Volumes/Argus/unk/snap/c1/1690675200.c1.snap.jpg,0.7710238
2023-07-30 00:30:00,/Volumes/Argus/unk/snap/c1/1690677000.c1.snap.jpg,0.825372
2023-07-30 01:00:00,/Volumes/Argus/unk/snap/c1/1690678800.c1.snap.jpg,0.7279877
2023-07-30 01:30:00,/Volumes/Argus/unk/snap/c1/1690680600.c1.snap.jpg,0.76298755
2023-07-30 02:00:00,/Volumes/Argus/unk/snap/c1/1690682400.c1.snap.jpg,0.85027885
2023-07-30 03:30:00,/Volumes/Argus/unk/snap/c1/1690687800.c1.snap.jpg,0.5417444
2023-07-30 04:00:00,/Volumes/Argus/unk/snap/c1/1690689600.c1.snap.jpg,0.82677746
2023-07-30 04:30:00,/Volumes/Argus/unk/snap/c1/1690691400.c1.snap.jpg,0.59221995
2023-07-30 05:00:00,/Volumes/Argus/unk/snap/c1/1690693200.c1.snap.jpg,0.81589866
2023-07-30 05:30:00,/Volumes/Argus/unk/snap/c1/1690695000.c1.snap.jpg,0.66661465
2023-07-30 06:00:00,/Volumes/Argus/unk/snap/c1/1690696800.c1.snap.jpg,0.7046344
2023-07-30 06:30:00,/Volumes/Argus/unk/snap/c1/1690698600.c1.snap.jpg,0.6831276
2023-07-30 07:00:00,/Volumes/Argus/unk/snap/c1/1690700400.c1.snap.jpg,0.7086161
2023-07-30 08:00:00,/Volumes/Argus/unk/snap/c1/1690704000.c1.snap.jpg,0.7207887
2023-07-30 15:00:00,/Volumes/Argus/unk/snap/c1/1690729200.c1.snap.jpg,0.54484415
2023-07-30 15:30:00,/Volumes/Argus/unk/snap/c1/1690731000.c1.snap.jpg,0.7604425
2023-07-30 16:00:00,/Volumes/Argus/unk/snap/c1/1690732800.c1.snap.jpg,0.63995826
2023-07-30 17:00:00,/Volumes/Argus/unk/snap/c1/1690736400.c1.snap.jpg,0.8753821
2023-07-30 17:30:00,/Volumes/Argus/unk/snap/c1/1690738200.c1.snap.jpg,0.83684397
2023-07-30 19:00:00,/Volumes/Argus/unk/snap/c1/1690743600.c1.snap.jpg,0.6465751
2023-07-30 19:30:00,/Volumes/Argus/unk/snap/c1/1690745400.c1.snap.jpg,0.56929934
2023-07-30 20:00:00,/Volumes/Argus/unk/snap/c1/1690747200.c1.snap.jpg,0.5995835
2023-07-30 20:30:00,/Volumes/Argus/unk/snap/c1/1690749000.c1.snap.jpg,0.5527767
2023-07-30 21:00:00,/Volumes/Argus/unk/snap/c1/1690750800.c1.snap.jpg,0.40018547
2023-07-30 22:00:00,/Volumes/Argus/unk/snap/c1/1690754400.c1.snap.jpg,0.58144057
2023-07-30 22:30:00,/Volumes/Argus/unk/snap/c1/1690756200.c1.snap.jpg,0.5114908
2023-07-30 23:00:00,/Volumes/Argus/unk/snap/c1/1690758000.c1.snap.jpg,0.40718535
2023-07-30 23:30:00,/Volumes/Argus/unk/snap/c1/1690759800.c1.snap.jpg,0.45774788
2023-07-31 00:00:00,/Volumes/Argus/unk/snap/c1/1690761600.c1.snap.jpg,0.43551683
2023-07-31 00:30:00,/Volumes/Argus/unk/snap/c1/1690763400.c1.snap.jpg,0.40146014
2023-07-31 01:00:00,/Volumes/Argus/unk/snap/c1/1690765200.c1.snap.jpg,0.48080367
2023-07-31 01:30:00,/Volumes/Argus/unk/snap/c1/1690767000.c1.snap.jpg,0.308527
2023-07-31 02:00:00,/Volumes/Argus/unk/snap/c1/1690768800.c1.snap.jpg,0.67598283
2023-07-31 03:00:00,/Volumes/Argus/unk/snap/c1/1690772400.c1.snap.jpg,0.4735248
2023-07-31 04:00:00,/Volumes/Argus/unk/snap/c1/1690776000.c1.snap.jpg,0.32976225
2023-07-31 04:30:00,/Volumes/Argus/unk/snap/c1/1690777800.c1.snap.jpg,0.28598574
2023-07-31 05:00:00,/Volumes/Argus/unk/snap/c1/1690779600.c1.snap.jpg,0.4993931
2023-07-31 05:30:00,/Volumes/Argus/unk/snap/c1/1690781400.c1.snap.jpg,0.25875026
2023-07-31 06:00:00,/Volumes/Argus/unk/snap/c1/1690783200.c1.snap.jpg,0.49893394
2023-07-31 06:30:00,/Volumes/Argus/unk/snap/c1/1690785000.c1.snap.jpg,0.3269118
2023-07-31 07:00:00,/Volumes/Argus/unk/snap/c1/1690786800.c1.snap.jpg,0.33466768
2023-07-31 07:30:00,/Volumes/Argus/unk/snap/c1/1690788600.c1.snap.jpg,0.29840717
2023-07-31 08:00:00,/Volumes/Argus/unk/snap/c1/1690790400.c1.snap.jpg,0.22998813
2023-07-31 15:30:00,/Volumes/Argus/unk/snap/c1/1690817400.c1.snap.jpg,0.28336766
2023-07-31 16:30:00,/Volumes/Argus/unk/snap/c1/1690821000.c1.snap.jpg,0.5254605
2023-07-31 17:00:00,/Volumes/Argus/unk/snap/c1/1690822800.c1.snap.jpg,0.3680625
2023-07-31 17:30:00,/Volumes/Argus/unk/snap/c1/1690824600.c1.snap.jpg,0.4118056
2023-07-31 18:00:00,/Volumes/Argus/unk/snap/c1/1690826400.c1.snap.jpg,0.46915764
2023-07-31 18:30:00,/Volumes/Argus/unk/snap/c1/1690828200.c1.snap.jpg,0.4373058
2023-07-31 19:00:00,/Volumes/Argus/unk/snap/c1/1690830000.c1.snap.jpg,0.30475745
2023-07-31 19:30:00,/Volumes/Argus/unk/snap/c1/1690831800.c1.snap.jpg,0.33338088
2023-07-31 20:00:00,/Volumes/Argus/unk/snap/c1/1690833600.c1.snap.jpg,0.32312655
2023-07-31 20:30:00,/Volumes/Argus/unk/snap/c1/1690835400.c1.snap.jpg,0.2730344
2023-07-31 21:00:00,/Volumes/Argus/unk/snap/c1/1690837200.c1.snap.jpg,0.26997828
2023-07-31 21:30:00,/Volumes/Argus/unk/snap/c1/1690839000.c1.snap.jpg,0.23623767
2023-07-31 22:00:00,/Volumes/Argus/unk/snap/c1/1690840800.c1.snap.jpg,0.22315966
2023-07-31 22:30:00,/Volumes/Argus/unk/snap/c1/1690842600.c1.snap.jpg,0.2856755
2023-07-31 23:00:00,/Volumes/Argus/unk/snap/c1/1690844400.c1.snap.jpg,0.31876504
2023-07-31 23:30:00,/Volumes/Argus/unk/snap/c1/1690846200.c1.snap.jpg,0.35197264
2023-08-01 00:00:00,/Volumes/Argus/unk/snap/c1/1690848000.c1.snap.jpg,0.29599172
2023-08-01 00:30:00,/Volumes/Argus/unk/snap/c1/1690849800.c1.snap.jpg,0.3440274
2023-08-01 01:00:00,/Volumes/Argus/unk/snap/c1/1690851600.c1.snap.jpg,0.5414856
2023-08-01 01:30:00,/Volumes/Argus/unk/snap/c1/1690853400.c1.snap.jpg,0.3572786
2023-08-01 02:00:00,/Volumes/Argus/unk/snap/c1/1690855200.c1.snap.jpg,1.1241839
2023-08-01 02:30:00,/Volumes/Argus/unk/snap/c1/1690857000.c1.snap.jpg,0.70016867
2023-08-01 03:00:00,/Volumes/Argus/unk/snap/c1/1690858800.c1.snap.jpg,0.30617702
2023-08-01 03:30:00,/Volumes/Argus/unk/snap/c1/1690860600.c1.snap.jpg,0.62561566
2023-08-01 04:00:00,/Volumes/Argus/unk/snap/c1/1690862400.c1.snap.jpg,0.5667709
2023-08-01 04:30:00,/Volumes/Argus/unk/snap/c1/1690864200.c1.snap.jpg,0.504931
2023-08-01 05:00:00,/Volumes/Argus/unk/snap/c1/1690866000.c1.snap.jpg,0.48500255
2023-08-01 06:00:00,/Volumes/Argus/unk/snap/c1/1690869600.c1.snap.jpg,0.30464897
2023-08-01 06:30:00,/Volumes/Argus/unk/snap/c1/1690871400.c1.snap.jpg,0.6824784
2023-08-01 07:00:00,/Volumes/Argus/unk/snap/c1/1690873200.c1.snap.jpg,0.32216597
2023-08-01 07:30:00,/Volumes/Argus/unk/snap/c1/1690875000.c1.snap.jpg,0.45892417
2023-08-01 08:00:00,/Volumes/Argus/unk/snap/c1/1690876800.c1.snap.jpg,0.43645695
2023-08-01 18:00:00,/Volumes/Argus/unk/snap/c1/1690912800.c1.snap.jpg,0.29598498
2023-08-01 18:30:00,/Volumes/Argus/unk/snap/c1/1690914600.c1.snap.jpg,0.31154436
2023-08-01 19:00:00,/Volumes/Argus/unk/snap/c1/1690916400.c1.snap.jpg,0.43881148
2023-08-01 19:30:00,/Volumes/Argus/unk/snap/c1/1690918200.c1.snap.jpg,0.31155547
2023-08-01 20:00:00,/Volumes/Argus/unk/snap/c1/1690920000.c1.snap.jpg,0.2409342
2023-08-01 20:30:00,/Volumes/Argus/unk/snap/c1/1690921800.c1.snap.jpg,0.3812215
2023-08-01 21:00:00,/Volumes/Argus/unk/snap/c1/1690923600.c1.snap.jpg,0.7635004
2023-08-01 21:30:00,/Volumes/Argus/unk/snap/c1/1690925400.c1.snap.jpg,0.30079317
2023-08-01 22:00:00,/Volumes/Argus/unk/snap/c1/1690927200.c1.snap.jpg,0.27177414
2023-08-01 22:30:00,/Volumes/Argus/unk/snap/c1/1690929000.c1.snap.jpg,0.2522618
2023-08-01 23:00:00,/Volumes/Argus/unk/snap/c1/1690930800.c1.snap.jpg,0.26864988
2023-08-01 23:30:00,/Volumes/Argus/unk/snap/c1/1690932600.c1.snap.jpg,0.27870724
2023-08-02 00:00:00,/Volumes/Argus/unk/snap/c1/1690934400.c1.snap.jpg,0.26863134
2023-08-02 00:30:00,/Volumes/Argus/unk/snap/c1/1690936200.c1.snap.jpg,0.316854
2023-08-02 01:00:00,/Volumes/Argus/unk/snap/c1/1690938000.c1.snap.jpg,0.34626174
2023-08-02 01:30:00,/Volumes/Argus/unk/snap/c1/1690939800.c1.snap.jpg,0.34058556
2023-08-02 02:00:00,/Volumes/Argus/unk/snap/c1/1690941600.c1.snap.jpg,0.35929292
2023-08-02 02:30:00,/Volumes/Argus/unk/snap/c1/1690943400.c1.snap.jpg,0.29702017
2023-08-02 04:00:00,/Volumes/Argus/unk/snap/c1/1690948800.c1.snap.jpg,0.4269033
2023-08-02 04:30:00,/Volumes/Argus/unk/snap/c1/1690950600.c1.snap.jpg,0.39994892
2023-08-02 05:00:00,/Volumes/Argus/unk/snap/c1/1690952400.c1.snap.jpg,0.40301493
2023-08-02 05:30:00,/Volumes/Argus/unk/snap/c1/1690954200.c1.snap.jpg,0.3021232
2023-08-02 06:00:00,/Volumes/Argus/unk/snap/c1/1690956000.c1.snap.jpg,0.27277112
2023-08-02 06:30:00,/Volumes/Argus/unk/snap/c1/1690957800.c1.snap.jpg,0.25347695
2023-08-02 07:00:00,/Volumes/Argus/unk/snap/c1/1690959600.c1.snap.jpg,0.28245807
2023-08-02 07:30:00,/Volumes/Argus/unk/snap/c1/1690961400.c1.snap.jpg,0.26810783
2023-08-02 08:00:00,/Volumes/Argus/unk/snap/c1/1690963200.c1.snap.jpg,0.23974732
2023-08-02 15:00:00,/Volumes/Argus/unk/snap/c1/1690988400.c1.snap.jpg,0.28844202
2023-08-02 15:30:00,/Volumes/Argus/unk/snap/c1/1690990200.c1.snap.jpg,0.36683038
2023-08-02 16:00:00,/Volumes/Argus/unk/snap/c1/1690992000.c1.snap.jpg,0.29052854
2023-08-02 16:30:00,/Volumes/Argus/unk/snap/c1/1690993800.c1.snap.jpg,0.286969
2023-08-02 17:30:00,/Volumes/Argus/unk/snap/c1/1690997400.c1.snap.jpg,0.3222462
2023-08-02 18:00:00,/Volumes/Argus/unk/snap/c1/1690999200.c1.snap.jpg,0.30803746
2023-08-02 18:30:00,/Volumes/Argus/unk/snap/c1/1691001000.c1.snap.jpg,0.35263032
2023-08-02 19:00:00,/Volumes/Argus/unk/snap/c1/1691002800.c1.snap.jpg,0.3015138
2023-08-02 19:30:00,/Volumes/Argus/unk/snap/c1/1691004600.c1.snap.jpg,0.3649876
2023-08-02 20:00:00,/Volumes/Argus/unk/snap/c1/1691006400.c1.snap.jpg,0.3654659
2023-08-02 21:00:00,/Volumes/Argus/unk/snap/c1/1691010000.c1.snap.jpg,0.23293471
2023-08-02 22:00:00,/Volumes/Argus/unk/snap/c1/1691013600.c1.snap.jpg,0.24418104
2023-08-02 22:30:00,/Volumes/Argus/unk/snap/c1/1691015400.c1.snap.jpg,0.26720163
2023-08-02 23:00:00,/Volumes/Argus/unk/snap/c1/1691017200.c1.snap.jpg,0.29108775
2023-08-02 23:30:00,/Volumes/Argus/unk/snap/c1/1691019000.c1.snap.jpg,0.27712634
2023-08-03 00:00:00,/Volumes/Argus/unk/snap/c1/1691020800.c1.snap.jpg,0.28417757
2023-08-03 01:00:00,/Volumes/Argus/unk/snap/c1/1691024400.c1.snap.jpg,0.28030992
2023-08-03 01:30:00,/Volumes/Argus/unk/snap/c1/1691026200.c1.snap.jpg,0.4694687
2023-08-03 02:00:00,/Volumes/Argus/unk/snap/c1/1691028000.c1.snap.jpg,0.3029815
2023-08-03 02:30:00,/Volumes/Argus/unk/snap/c1/1691029800.c1.snap.jpg,0.32054815
2023-08-03 03:30:00,/Volumes/Argus/unk/snap/c1/1691033400.c1.snap.jpg,0.31133994
2023-08-03 04:30:00,/Volumes/Argus/unk/snap/c1/1691037000.c1.snap.jpg,0.33628905
2023-08-03 05:00:00,/Volumes/Argus/unk/snap/c1/1691038800.c1.snap.jpg,0.24074754
2023-08-03 05:30:00,/Volumes/Argus/unk/snap/c1/1691040600.c1.snap.jpg,0.24646072
2023-08-03 06:30:00,/Volumes/Argus/unk/snap/c1/1691044200.c1.snap.jpg,0.25772935
2023-08-03 07:00:00,/Volumes/Argus/unk/snap/c1/1691046000.c1.snap.jpg,0.21737376
2023-08-03 07:30:00,/Volumes/Argus/unk/snap/c1/1691047800.c1.snap.jpg,0.20902097
2023-08-03 08:00:00,/Volumes/Argus/unk/snap/c1/1691049600.c1.snap.jpg,0.24857564
2023-08-03 15:00:00,/Volumes/Argus/unk/snap/c1/1691074800.c1.snap.jpg,0.2984905
2023-08-03 15:30:00,/Volumes/Argus/unk/snap/c1/1691076600.c1.snap.jpg,0.26026464
2023-08-03 16:00:00,/Volumes/Argus/unk/snap/c1/1691078400.c1.snap.jpg,0.34756643
2023-08-03 16:30:00,/Volumes/Argus/unk/snap/c1/1691080200.c1.snap.jpg,0.21906842
2023-08-03 17:00:00,/Volumes/Argus/unk/snap/c1/1691082000.c1.snap.jpg,0.30358392
2023-08-03 17:30:00,/Volumes/Argus/unk/snap/c1/1691083800.c1.snap.jpg,0.48915085
2023-08-03 18:00:00,/Volumes/Argus/unk/snap/c1/1691085600.c1.snap.jpg,0.27548844
2023-08-03 18:30:00,/Volumes/Argus/unk/snap/c1/1691087400.c1.snap.jpg,0.3176807
2023-08-03 19:00:00,/Volumes/Argus/unk/snap/c1/1691089200.c1.snap.jpg,0.25099108
2023-08-03 19:30:00,/Volumes/Argus/unk/snap/c1/1691091000.c1.snap.jpg,0.23296957
2023-08-03 20:00:00,/Volumes/Argus/unk/snap/c1/1691092800.c1.snap.jpg,0.26089436
2023-08-03 20:30:00,/Volumes/Argus/unk/snap/c1/1691094600.c1.snap.jpg,0.29247466
2023-08-03 21:00:00,/Volumes/Argus/unk/snap/c1/1691096400.c1.snap.jpg,0.34324783
2023-08-03 21:30:00,/Volumes/Argus/unk/snap/c1/1691098200.c1.snap.jpg,0.3717898
2023-08-03 22:00:00,/Volumes/Argus/unk/snap/c1/1691100000.c1.snap.jpg,0.65230334
2023-08-03 22:30:00,/Volumes/Argus/unk/snap/c1/1691101800.c1.snap.jpg,0.31417543
2023-08-03 23:00:00,/Volumes/Argus/unk/snap/c1/1691103600.c1.snap.jpg,0.39770657
2023-08-03 23:30:00,/Volumes/Argus/unk/snap/c1/1691105400.c1.snap.jpg,0.6042228
2023-08-04 00:00:00,/Volumes/Argus/unk/snap/c1/1691107200.c1.snap.jpg,0.31482774
2023-08-04 00:30:00,/Volumes/Argus/unk/snap/c1/1691109000.c1.snap.jpg,0.3210441
2023-08-04 01:00:00,/Volumes/Argus/unk/snap/c1/1691110800.c1.snap.jpg,0.35521972
2023-08-04 01:30:00,/Volumes/Argus/unk/snap/c1/1691112600.c1.snap.jpg,0.3474487
2023-08-04 02:00:00,/Volumes/Argus/unk/snap/c1/1691114400.c1.snap.jpg,0.4453015
2023-08-04 03:00:00,/Volumes/Argus/unk/snap/c1/1691118000.c1.snap.jpg,0.45461455
2023-08-04 03:30:00,/Volumes/Argus/unk/snap/c1/1691119800.c1.snap.jpg,0.3558802
2023-08-04 04:00:00,/Volumes/Argus/unk/snap/c1/1691121600.c1.snap.jpg,0.6079216
2023-08-04 04:30:00,/Volumes/Argus/unk/snap/c1/1691123400.c1.snap.jpg,0.39722002
2023-08-04 05:30:00,/Volumes/Argus/unk/snap/c1/1691127000.c1.snap.jpg,0.42528516
2023-08-04 06:00:00,/Volumes/Argus/unk/snap/c1/1691128800.c1.snap.jpg,0.56340706
2023-08-04 06:30:00,/Volumes/Argus/unk/snap/c1/1691130600.c1.snap.jpg,0.54871875
2023-08-04 07:00:00,/Volumes/Argus/unk/snap/c1/1691132400.c1.snap.jpg,0.35435057
2023-08-04 07:30:00,/Volumes/Argus/unk/snap/c1/1691134200.c1.snap.jpg,0.33210847
2023-08-04 08:00:00,/Volumes/Argus/unk/snap/c1/1691136000.c1.snap.jpg,0.2726099
2023-08-04 15:00:00,/Volumes/Argus/unk/snap/c1/1691161200.c1.snap.jpg,0.4702465
2023-08-04 15:30:00,/Volumes/Argus/unk/snap/c1/1691163000.c1.snap.jpg,0.33763093
2023-08-04 16:00:00,/Volumes/Argus/unk/snap/c1/1691164800.c1.snap.jpg,0.4279073
2023-08-04 16:30:00,/Volumes/Argus/unk/snap/c1/1691166600.c1.snap.jpg,0.29885548
2023-08-04 17:00:00,/Volumes/Argus/unk/snap/c1/1691168400.c1.snap.jpg,0.35811263
2023-08-04 17:30:00,/Volumes/Argus/unk/snap/c1/1691170200.c1.snap.jpg,0.3383624
2023-08-04 18:00:00,/Volumes/Argus/unk/snap/c1/1691172000.c1.snap.jpg,0.25037155
2023-08-04 18:30:00,/Volumes/Argus/unk/snap/c1/1691173800.c1.snap.jpg,0.39254215
2023-08-04 19:00:00,/Volumes/Argus/unk/snap/c1/1691175600.c1.snap.jpg,0.33827123
2023-08-04 19:30:00,/Volumes/Argus/unk/snap/c1/1691177400.c1.snap.jpg,0.39737314
2023-08-04 20:00:00,/Volumes/Argus/unk/snap/c1/1691179200.c1.snap.jpg,0.34665307
2023-08-04 20:30:00,/Volumes/Argus/unk/snap/c1/1691181000.c1.snap.jpg,0.34220535
2023-08-04 21:30:00,/Volumes/Argus/unk/snap/c1/1691184600.c1.snap.jpg,0.42681444
2023-08-04 22:00:00,/Volumes/Argus/unk/snap/c1/1691186400.c1.snap.jpg,0.41509217
2023-08-04 22:30:00,/Volumes/Argus/unk/snap/c1/1691188200.c1.snap.jpg,0.5468049
2023-08-04 23:00:00,/Volumes/Argus/unk/snap/c1/1691190000.c1.snap.jpg,0.37385234
2023-08-04 23:30:00,/Volumes/Argus/unk/snap/c1/1691191800.c1.snap.jpg,0.34196392
2023-08-05 00:00:00,/Volumes/Argus/unk/snap/c1/1691193600.c1.snap.jpg,0.36675143
2023-08-05 00:30:00,/Volumes/Argus/unk/snap/c1/1691195400.c1.snap.jpg,0.42302465
2023-08-05 01:00:00,/Volumes/Argus/unk/snap/c1/1691197200.c1.snap.jpg,0.35125667
2023-08-05 01:30:00,/Volumes/Argus/unk/snap/c1/1691199000.c1.snap.jpg,0.33554223
2023-08-05 02:00:00,/Volumes/Argus/unk/snap/c1/1691200800.c1.snap.jpg,0.36300698
2023-08-05 03:00:00,/Volumes/Argus/unk/snap/c1/1691204400.c1.snap.jpg,0.31513482
2023-08-05 03:30:00,/Volumes/Argus/unk/snap/c1/1691206200.c1.snap.jpg,0.46728903
2023-08-05 04:00:00,/Volumes/Argus/unk/snap/c1/1691208000.c1.snap.jpg,0.4027554
2023-08-05 04:30:00,/Volumes/Argus/unk/snap/c1/1691209800.c1.snap.jpg,0.2725795
2023-08-05 05:00:00,/Volumes/Argus/unk/snap/c1/1691211600.c1.snap.jpg,0.36951923
2023-08-05 05:30:00,/Volumes/Argus/unk/snap/c1/1691213400.c1.snap.jpg,0.4350785
2023-08-05 06:00:00,/Volumes/Argus/unk/snap/c1/1691215200.c1.snap.jpg,0.37823862
2023-08-05 06:30:00,/Volumes/Argus/unk/snap/c1/1691217000.c1.snap.jpg,0.29688412
2023-08-05 07:00:00,/Volumes/Argus/unk/snap/c1/1691218800.c1.snap.jpg,0.29676643
2023-08-05 07:30:00,/Volumes/Argus/unk/snap/c1/1691220600.c1.snap.jpg,0.35990864
2023-08-05 08:00:00,/Volumes/Argus/unk/snap/c1/1691222400.c1.snap.jpg,0.34996992
2023-08-05 15:00:00,/Volumes/Argus/unk/snap/c1/1691247600.c1.snap.jpg,0.46913373
2023-08-05 15:30:00,/Volumes/Argus/unk/snap/c1/1691249400.c1.snap.jpg,0.48453355
2023-08-05 16:30:00,/Volumes/Argus/unk/snap/c1/1691253000.c1.snap.jpg,0.63484967
2023-08-05 17:00:00,/Volumes/Argus/unk/snap/c1/1691254800.c1.snap.jpg,0.48299882
2023-08-05 17:30:00,/Volumes/Argus/unk/snap/c1/1691256600.c1.snap.jpg,0.4057853
2023-08-05 18:00:00,/Volumes/Argus/unk/snap/c1/1691258400.c1.snap.jpg,0.5061393
2023-08-05 18:30:00,/Volumes/Argus/unk/snap/c1/1691260200.c1.snap.jpg,0.38645464
2023-08-05 19:00:00,/Volumes/Argus/unk/snap/c1/1691262000.c1.snap.jpg,0.62970805
2023-08-05 19:30:00,/Volumes/Argus/unk/snap/c1/1691263800.c1.snap.jpg,0.5906689
2023-08-05 20:00:00,/Volumes/Argus/unk/snap/c1/1691265600.c1.snap.jpg,0.4202022
2023-08-05 20:30:00,/Volumes/Argus/unk/snap/c1/1691267400.c1.snap.jpg,0.4906273
2023-08-05 21:00:00,/Volumes/Argus/unk/snap/c1/1691269200.c1.snap.jpg,0.7768182
2023-08-05 21:30:00,/Volumes/Argus/unk/snap/c1/1691271000.c1.snap.jpg,0.73126566
2023-08-05 22:00:00,/Volumes/Argus/unk/snap/c1/1691272800.c1.snap.jpg,0.49684006
2023-08-05 22:30:00,/Volumes/Argus/unk/snap/c1/1691274600.c1.snap.jpg,0.5728226
2023-08-05 23:30:00,/Volumes/Argus/unk/snap/c1/1691278200.c1.snap.jpg,0.41203597
2023-08-06 00:00:00,/Volumes/Argus/unk/snap/c1/1691280000.c1.snap.jpg,0.598542
2023-08-06 00:30:00,/Volumes/Argus/unk/snap/c1/1691281800.c1.snap.jpg,0.47861153
2023-08-06 01:00:00,/Volumes/Argus/unk/snap/c1/1691283600.c1.snap.jpg,0.7109498
2023-08-06 01:30:00,/Volumes/Argus/unk/snap/c1/1691285400.c1.snap.jpg,0.7526988
2023-08-06 02:00:00,/Volumes/Argus/unk/snap/c1/1691287200.c1.snap.jpg,0.62988687
2023-08-06 03:00:00,/Volumes/Argus/unk/snap/c1/1691290800.c1.snap.jpg,0.51112735
2023-08-06 03:30:00,/Volumes/Argus/unk/snap/c1/1691292600.c1.snap.jpg,0.29644564
2023-08-06 04:00:00,/Volumes/Argus/unk/snap/c1/1691294400.c1.snap.jpg,0.30601335
2023-08-06 04:30:00,/Volumes/Argus/unk/snap/c1/1691296200.c1.snap.jpg,0.5534038
2023-08-06 05:00:00,/Volumes/Argus/unk/snap/c1/1691298000.c1.snap.jpg,0.48484743
2023-08-06 05:30:00,/Volumes/Argus/unk/snap/c1/1691299800.c1.snap.jpg,0.30202502
2023-08-06 06:00:00,/Volumes/Argus/unk/snap/c1/1691301600.c1.snap.jpg,0.26181138
2023-08-06 06:30:00,/Volumes/Argus/unk/snap/c1/1691303400.c1.snap.jpg,0.3161412
2023-08-06 07:00:00,/Volumes/Argus/unk/snap/c1/1691305200.c1.snap.jpg,0.31068593
2023-08-06 07:30:00,/Volumes/Argus/unk/snap/c1/1691307000.c1.snap.jpg,0.29760686
2023-08-06 08:00:00,/Volumes/Argus/unk/snap/c1/1691308800.c1.snap.jpg,0.2291539
2023-08-06 15:00:00,/Volumes/Argus/unk/snap/c1/1691334000.c1.snap.jpg,0.2693974
2023-08-06 15:30:00,/Volumes/Argus/unk/snap/c1/1691335800.c1.snap.jpg,0.25429183
2023-08-06 16:00:00,/Volumes/Argus/unk/snap/c1/1691337600.c1.snap.jpg,0.3672142
2023-08-06 16:30:00,/Volumes/Argus/unk/snap/c1/1691339400.c1.snap.jpg,0.43147165
2023-08-06 17:00:00,/Volumes/Argus/unk/snap/c1/1691341200.c1.snap.jpg,0.28380093
2023-08-06 17:30:00,/Volumes/Argus/unk/snap/c1/1691343000.c1.snap.jpg,0.40653014
2023-08-06 18:30:00,/Volumes/Argus/unk/snap/c1/1691346600.c1.snap.jpg,0.6194421
2023-08-06 19:00:00,/Volumes/Argus/unk/snap/c1/1691348400.c1.snap.jpg,0.29799545
2023-08-06 19:30:00,/Volumes/Argus/unk/snap/c1/1691350200.c1.snap.jpg,0.39468902
2023-08-06 20:00:00,/Volumes/Argus/unk/snap/c1/1691352000.c1.snap.jpg,0.28614593
2023-08-06 20:30:00,/Volumes/Argus/unk/snap/c1/1691353800.c1.snap.jpg,0.4050684
2023-08-06 21:00:00,/Volumes/Argus/unk/snap/c1/1691355600.c1.snap.jpg,0.37656814
2023-08-06 21:30:00,/Volumes/Argus/unk/snap/c1/1691357400.c1.snap.jpg,0.38714546
2023-08-06 22:00:00,/Volumes/Argus/unk/snap/c1/1691359200.c1.snap.jpg,0.4221881
2023-08-06 22:30:00,/Volumes/Argus/unk/snap/c1/1691361000.c1.snap.jpg,0.5489216
2023-08-06 23:00:00,/Volumes/Argus/unk/snap/c1/1691362800.c1.snap.jpg,0.6786385
2023-08-06 23:30:00,/Volumes/Argus/unk/snap/c1/1691364600.c1.snap.jpg,0.64057606
2023-08-07 00:00:00,/Volumes/Argus/unk/snap/c1/1691366400.c1.snap.jpg,0.5374347
2023-08-07 01:00:00,/Volumes/Argus/unk/snap/c1/1691370000.c1.snap.jpg,0.55751675
2023-08-07 02:00:00,/Volumes/Argus/unk/snap/c1/1691373600.c1.snap.jpg,0.36050522
2023-08-07 03:00:00,/Volumes/Argus/unk/snap/c1/1691377200.c1.snap.jpg,0.29313567
2023-08-07 03:30:00,/Volumes/Argus/unk/snap/c1/1691379000.c1.snap.jpg,0.35214192
2023-08-07 04:00:00,/Volumes/Argus/unk/snap/c1/1691380800.c1.snap.jpg,0.40665236
2023-08-07 04:30:00,/Volumes/Argus/unk/snap/c1/1691382600.c1.snap.jpg,0.34993213
2023-08-07 05:00:00,/Volumes/Argus/unk/snap/c1/1691384400.c1.snap.jpg,0.4100953
2023-08-07 05:30:00,/Volumes/Argus/unk/snap/c1/1691386200.c1.snap.jpg,0.34224322
2023-08-07 06:00:00,/Volumes/Argus/unk/snap/c1/1691388000.c1.snap.jpg,0.3263995
2023-08-07 06:30:00,/Volumes/Argus/unk/snap/c1/1691389800.c1.snap.jpg,0.33271655
2023-08-07 07:00:00,/Volumes/Argus/unk/snap/c1/1691391600.c1.snap.jpg,0.32599345
2023-08-07 07:30:00,/Volumes/Argus/unk/snap/c1/1691393400.c1.snap.jpg,0.4244629
2023-08-07 08:00:00,/Volumes/Argus/unk/snap/c1/1691395200.c1.snap.jpg,0.45489922
2023-08-07 15:00:00,/Volumes/Argus/unk/snap/c1/1691420400.c1.snap.jpg,0.28334516
2023-08-07 15:30:00,/Volumes/Argus/unk/snap/c1/1691422200.c1.snap.jpg,0.3548769
2023-08-07 16:00:00,/Volumes/Argus/unk/snap/c1/1691424000.c1.snap.jpg,0.31022966
2023-08-07 16:30:00,/Volumes/Argus/unk/snap/c1/1691425800.c1.snap.jpg,0.34649837
2023-08-07 17:00:00,/Volumes/Argus/unk/snap/c1/1691427600.c1.snap.jpg,0.42083338
2023-08-07 17:30:00,/Volumes/Argus/unk/snap/c1/1691429400.c1.snap.jpg,0.38551125
2023-08-07 18:00:00,/Volumes/Argus/unk/snap/c1/1691431200.c1.snap.jpg,0.29600698
2023-08-07 18:30:00,/Volumes/Argus/unk/snap/c1/1691433000.c1.snap.jpg,0.33069736
2023-08-07 19:00:00,/Volumes/Argus/unk/snap/c1/1691434800.c1.snap.jpg,0.29098886
2023-08-07 19:30:00,/Volumes/Argus/unk/snap/c1/1691436600.c1.snap.jpg,0.32320693
2023-08-07 20:00:00,/Volumes/Argus/unk/snap/c1/1691438400.c1.snap.jpg,0.26093525
2023-08-07 20:30:00,/Volumes/Argus/unk/snap/c1/1691440200.c1.snap.jpg,0.34179324
2023-08-07 21:00:00,/Volumes/Argus/unk/snap/c1/1691442000.c1.snap.jpg,0.32526213
2023-08-07 21:30:00,/Volumes/Argus/unk/snap/c1/1691443800.c1.snap.jpg,0.23662603
2023-08-07 22:00:00,/Volumes/Argus/unk/snap/c1/1691445600.c1.snap.jpg,0.31434637
2023-08-07 23:00:00,/Volumes/Argus/unk/snap/c1/1691449200.c1.snap.jpg,0.34435058
2023-08-08 00:00:00,/Volumes/Argus/unk/snap/c1/1691452800.c1.snap.jpg,0.43009782
2023-08-08 00:30:00,/Volumes/Argus/unk/snap/c1/1691454600.c1.snap.jpg,0.6294122
2023-08-08 01:00:00,/Volumes/Argus/unk/snap/c1/1691456400.c1.snap.jpg,0.5806961
2023-08-08 01:30:00,/Volumes/Argus/unk/snap/c1/1691458200.c1.snap.jpg,0.6584047
2023-08-08 02:00:00,/Volumes/Argus/unk/snap/c1/1691460000.c1.snap.jpg,0.36617303
2023-08-08 03:00:00,/Volumes/Argus/unk/snap/c1/1691463600.c1.snap.jpg,0.36445522
2023-08-08 03:30:00,/Volumes/Argus/unk/snap/c1/1691465400.c1.snap.jpg,0.30049902
2023-08-08 04:00:00,/Volumes/Argus/unk/snap/c1/1691467200.c1.snap.jpg,0.34649652
2023-08-08 04:30:00,/Volumes/Argus/unk/snap/c1/1691469000.c1.snap.jpg,0.343338
2023-08-08 05:00:00,/Volumes/Argus/unk/snap/c1/1691470800.c1.snap.jpg,0.42355555
2023-08-08 05:30:00,/Volumes/Argus/unk/snap/c1/1691472600.c1.snap.jpg,0.32452875
2023-08-08 06:00:00,/Volumes/Argus/unk/snap/c1/1691474400.c1.snap.jpg,0.4721337
2023-08-08 06:30:00,/Volumes/Argus/unk/snap/c1/1691476200.c1.snap.jpg,0.42458513
2023-08-08 07:00:00,/Volumes/Argus/unk/snap/c1/1691478000.c1.snap.jpg,0.3879446
2023-08-08 07:30:00,/Volumes/Argus/unk/snap/c1/1691479800.c1.snap.jpg,0.35894445
2023-08-08 08:00:00,/Volumes/Argus/unk/snap/c1/1691481600.c1.snap.jpg,0.3546422
2023-08-08 15:00:00,/Volumes/Argus/unk/snap/c1/1691506800.c1.snap.jpg,0.32395592
2023-08-08 15:30:00,/Volumes/Argus/unk/snap/c1/1691508600.c1.snap.jpg,0.2978601
2023-08-08 16:00:00,/Volumes/Argus/unk/snap/c1/1691510400.c1.snap.jpg,0.41360244
2023-08-08 16:30:00,/Volumes/Argus/unk/snap/c1/1691512200.c1.snap.jpg,0.328498
2023-08-08 17:00:00,/Volumes/Argus/unk/snap/c1/1691514000.c1.snap.jpg,0.31021035
2023-08-08 17:30:00,/Volumes/Argus/unk/snap/c1/1691515800.c1.snap.jpg,0.36930588
2023-08-08 18:00:00,/Volumes/Argus/unk/snap/c1/1691517600.c1.snap.jpg,0.265122
2023-08-08 18:30:00,/Volumes/Argus/unk/snap/c1/1691519400.c1.snap.jpg,0.37610853
2023-08-08 19:00:00,/Volumes/Argus/unk/snap/c1/1691521200.c1.snap.jpg,0.5503813
2023-08-08 19:30:00,/Volumes/Argus/unk/snap/c1/1691523000.c1.snap.jpg,0.37230238
2023-08-08 20:00:00,/Volumes/Argus/unk/snap/c1/1691524800.c1.snap.jpg,0.32682073
2023-08-08 20:30:00,/Volumes/Argus/unk/snap/c1/1691526600.c1.snap.jpg,0.4807524
2023-08-08 21:00:00,/Volumes/Argus/unk/snap/c1/1691528400.c1.snap.jpg,0.3851745
2023-08-08 21:30:00,/Volumes/Argus/unk/snap/c1/1691530200.c1.snap.jpg,0.3289084
2023-08-08 22:00:00,/Volumes/Argus/unk/snap/c1/1691532000.c1.snap.jpg,0.34290066
2023-08-08 22:30:00,/Volumes/Argus/unk/snap/c1/1691533800.c1.snap.jpg,0.45050657
2023-08-08 23:30:00,/Volumes/Argus/unk/snap/c1/1691537400.c1.snap.jpg,0.44957036
2023-08-09 00:00:00,/Volumes/Argus/unk/snap/c1/1691539200.c1.snap.jpg,0.33194232
2023-08-09 00:30:00,/Volumes/Argus/unk/snap/c1/1691541000.c1.snap.jpg,0.44187108
2023-08-09 01:00:00,/Volumes/Argus/unk/snap/c1/1691542800.c1.snap.jpg,0.33959904
2023-08-09 01:30:00,/Volumes/Argus/unk/snap/c1/1691544600.c1.snap.jpg,0.39859223
2023-08-09 02:00:00,/Volumes/Argus/unk/snap/c1/1691546400.c1.snap.jpg,0.5108192
2023-08-09 02:30:00,/Volumes/Argus/unk/snap/c1/1691548200.c1.snap.jpg,0.39402986
2023-08-09 03:00:00,/Volumes/Argus/unk/snap/c1/1691550000.c1.snap.jpg,0.41385686
2023-08-09 03:30:00,/Volumes/Argus/unk/snap/c1/1691551800.c1.snap.jpg,0.6119364
2023-08-09 04:00:00,/Volumes/Argus/unk/snap/c1/1691553600.c1.snap.jpg,0.3758473
2023-08-09 04:30:00,/Volumes/Argus/unk/snap/c1/1691555400.c1.snap.jpg,0.4290495
2023-08-09 05:00:00,/Volumes/Argus/unk/snap/c1/1691557200.c1.snap.jpg,0.4450642
2023-08-09 05:30:00,/Volumes/Argus/unk/snap/c1/1691559000.c1.snap.jpg,0.47204602
2023-08-09 06:00:00,/Volumes/Argus/unk/snap/c1/1691560800.c1.snap.jpg,0.41250077
2023-08-09 06:30:00,/Volumes/Argus/unk/snap/c1/1691562600.c1.snap.jpg,0.50155365
2023-08-09 07:00:00,/Volumes/Argus/unk/snap/c1/1691564400.c1.snap.jpg,0.43264204
2023-08-09 07:30:00,/Volumes/Argus/unk/snap/c1/1691566200.c1.snap.jpg,0.3423543
2023-08-09 08:00:00,/Volumes/Argus/unk/snap/c1/1691568000.c1.snap.jpg,0.3560948
2023-08-09 15:00:00,/Volumes/Argus/unk/snap/c1/1691593200.c1.snap.jpg,0.29415587
2023-08-09 15:30:00,/Volumes/Argus/unk/snap/c1/1691595000.c1.snap.jpg,0.21321176
2023-08-09 16:00:00,/Volumes/Argus/unk/snap/c1/1691596800.c1.snap.jpg,0.28348532
2023-08-09 16:30:00,/Volumes/Argus/unk/snap/c1/1691598600.c1.snap.jpg,0.32581875
2023-08-09 17:00:00,/Volumes/Argus/unk/snap/c1/1691600400.c1.snap.jpg,0.44828695
2023-08-09 17:30:00,/Volumes/Argus/unk/snap/c1/1691602200.c1.snap.jpg,0.24387175
2023-08-09 18:00:00,/Volumes/Argus/unk/snap/c1/1691604000.c1.snap.jpg,0.31385815
2023-08-09 18:30:00,/Volumes/Argus/unk/snap/c1/1691605800.c1.snap.jpg,0.2586412
2023-08-09 19:00:00,/Volumes/Argus/unk/snap/c1/1691607600.c1.snap.jpg,0.29946035
2023-08-09 19:30:00,/Volumes/Argus/unk/snap/c1/1691609400.c1.snap.jpg,0.23837608
2023-08-09 20:00:00,/Volumes/Argus/unk/snap/c1/1691611200.c1.snap.jpg,0.24207689
2023-08-09 20:30:00,/Volumes/Argus/unk/snap/c1/1691613000.c1.snap.jpg,0.29424134
2023-08-09 21:00:00,/Volumes/Argus/unk/snap/c1/1691614800.c1.snap.jpg,0.4477628
2023-08-09 21:30:00,/Volumes/Argus/unk/snap/c1/1691616600.c1.snap.jpg,0.33002853
2023-08-09 22:00:00,/Volumes/Argus/unk/snap/c1/1691618400.c1.snap.jpg,0.36135387
2023-08-09 22:30:00,/Volumes/Argus/unk/snap/c1/1691620200.c1.snap.jpg,0.39882594
2023-08-09 23:00:00,/Volumes/Argus/unk/snap/c1/1691622000.c1.snap.jpg,0.3280294
2023-08-09 23:30:00,/Volumes/Argus/unk/snap/c1/1691623800.c1.snap.jpg,0.32986197
2023-08-10 00:00:00,/Volumes/Argus/unk/snap/c1/1691625600.c1.snap.jpg,0.42158276
2023-08-10 00:30:00,/Volumes/Argus/unk/snap/c1/1691627400.c1.snap.jpg,0.5071509
2023-08-10 01:00:00,/Volumes/Argus/unk/snap/c1/1691629200.c1.snap.jpg,0.4005347
2023-08-10 01:30:00,/Volumes/Argus/unk/snap/c1/1691631000.c1.snap.jpg,0.33393627
2023-08-10 02:00:00,/Volumes/Argus/unk/snap/c1/1691632800.c1.snap.jpg,0.3770633
2023-08-10 03:00:00,/Volumes/Argus/unk/snap/c1/1691636400.c1.snap.jpg,0.36306742
2023-08-10 03:30:00,/Volumes/Argus/unk/snap/c1/1691638200.c1.snap.jpg,0.33784223
2023-08-10 04:00:00,/Volumes/Argus/unk/snap/c1/1691640000.c1.snap.jpg,0.31233764
2023-08-10 04:30:00,/Volumes/Argus/unk/snap/c1/1691641800.c1.snap.jpg,0.5185056
2023-08-10 05:00:00,/Volumes/Argus/unk/snap/c1/1691643600.c1.snap.jpg,0.46182725
2023-08-10 05:30:00,/Volumes/Argus/unk/snap/c1/1691645400.c1.snap.jpg,0.37024128
2023-08-10 06:00:00,/Volumes/Argus/unk/snap/c1/1691647200.c1.snap.jpg,0.280813
2023-08-10 06:30:00,/Volumes/Argus/unk/snap/c1/1691649000.c1.snap.jpg,0.40047425
2023-08-10 07:00:00,/Volumes/Argus/unk/snap/c1/1691650800.c1.snap.jpg,0.3646932
2023-08-10 08:00:00,/Volumes/Argus/unk/snap/c1/1691654400.c1.snap.jpg,0.56533414
2023-08-10 15:00:00,/Volumes/Argus/unk/snap/c1/1691679600.c1.snap.jpg,0.40654525
2023-08-10 16:00:00,/Volumes/Argus/unk/snap/c1/1691683200.c1.snap.jpg,0.41694972
2023-08-10 16:30:00,/Volumes/Argus/unk/snap/c1/1691685000.c1.snap.jpg,0.67627823
2023-08-10 17:00:00,/Volumes/Argus/unk/snap/c1/1691686800.c1.snap.jpg,0.57174486
2023-08-10 17:30:00,/Volumes/Argus/unk/snap/c1/1691688600.c1.snap.jpg,0.62434494
2023-08-10 18:00:00,/Volumes/Argus/unk/snap/c1/1691690400.c1.snap.jpg,0.53770727
2023-08-10 18:30:00,/Volumes/Argus/unk/snap/c1/1691692200.c1.snap.jpg,0.37570548
2023-08-10 19:00:00,/Volumes/Argus/unk/snap/c1/1691694000.c1.snap.jpg,0.40506363
2023-08-10 19:30:00,/Volumes/Argus/unk/snap/c1/1691695800.c1.snap.jpg,0.43634805
2023-08-10 20:00:00,/Volumes/Argus/unk/snap/c1/1691697600.c1.snap.jpg,0.3953138
2023-08-10 20:30:00,/Volumes/Argus/unk/snap/c1/1691699400.c1.snap.jpg,0.44886434
2023-08-10 21:00:00,/Volumes/Argus/unk/snap/c1/1691701200.c1.snap.jpg,0.37447578
2023-08-10 21:30:00,/Volumes/Argus/unk/snap/c1/1691703000.c1.snap.jpg,0.37469846
2023-08-10 22:00:00,/Volumes/Argus/unk/snap/c1/1691704800.c1.snap.jpg,0.38886034
2023-08-10 22:30:00,/Volumes/Argus/unk/snap/c1/1691706600.c1.snap.jpg,0.33020264
2023-08-10 23:00:00,/Volumes/Argus/unk/snap/c1/1691708400.c1.snap.jpg,0.3255421
2023-08-10 23:30:00,/Volumes/Argus/unk/snap/c1/1691710200.c1.snap.jpg,0.39704263
2023-08-11 00:30:00,/Volumes/Argus/unk/snap/c1/1691713800.c1.snap.jpg,0.29741853
2023-08-11 01:00:00,/Volumes/Argus/unk/snap/c1/1691715600.c1.snap.jpg,0.32953256
2023-08-11 01:30:00,/Volumes/Argus/unk/snap/c1/1691717400.c1.snap.jpg,0.3220964
2023-08-11 02:00:00,/Volumes/Argus/unk/snap/c1/1691719200.c1.snap.jpg,0.34849408
2023-08-11 03:00:00,/Volumes/Argus/unk/snap/c1/1691722800.c1.snap.jpg,0.3583719
2023-08-11 03:30:00,/Volumes/Argus/unk/snap/c1/1691724600.c1.snap.jpg,0.35580444
2023-08-11 04:00:00,/Volumes/Argus/unk/snap/c1/1691726400.c1.snap.jpg,0.3892035
2023-08-11 04:30:00,/Volumes/Argus/unk/snap/c1/1691728200.c1.snap.jpg,0.3528051
2023-08-11 05:00:00,/Volumes/Argus/unk/snap/c1/1691730000.c1.snap.jpg,0.39651912
2023-08-11 05:30:00,/Volumes/Argus/unk/snap/c1/1691731800.c1.snap.jpg,0.33225864
2023-08-11 06:00:00,/Volumes/Argus/unk/snap/c1/1691733600.c1.snap.jpg,0.41996703
2023-08-11 06:30:00,/Volumes/Argus/unk/snap/c1/1691735400.c1.snap.jpg,0.37549123
2023-08-11 07:00:00,/Volumes/Argus/unk/snap/c1/1691737200.c1.snap.jpg,0.38879946
2023-08-11 07:30:00,/Volumes/Argus/unk/snap/c1/1691739000.c1.snap.jpg,0.38532066
2023-08-11 08:00:00,/Volumes/Argus/unk/snap/c1/1691740800.c1.snap.jpg,0.37268478
2023-08-11 15:00:00,/Volumes/Argus/unk/snap/c1/1691766000.c1.snap.jpg,0.67359245
2023-08-11 15:30:00,/Volumes/Argus/unk/snap/c1/1691767800.c1.snap.jpg,0.43350238
2023-08-11 16:00:00,/Volumes/Argus/unk/snap/c1/1691769600.c1.snap.jpg,0.5356229
2023-08-11 16:30:00,/Volumes/Argus/unk/snap/c1/1691771400.c1.snap.jpg,0.6374099
2023-08-11 17:00:00,/Volumes/Argus/unk/snap/c1/1691773200.c1.snap.jpg,0.62364304
2023-08-11 17:30:00,/Volumes/Argus/unk/snap/c1/1691775000.c1.snap.jpg,0.49277925
2023-08-11 18:00:00,/Volumes/Argus/unk/snap/c1/1691776800.c1.snap.jpg,0.6223242
2023-08-11 18:30:00,/Volumes/Argus/unk/snap/c1/1691778600.c1.snap.jpg,0.49379674
2023-08-11 19:00:00,/Volumes/Argus/unk/snap/c1/1691780400.c1.snap.jpg,0.4819259
2023-08-11 19:30:00,/Volumes/Argus/unk/snap/c1/1691782200.c1.snap.jpg,0.42309254
2023-08-11 20:00:00,/Volumes/Argus/unk/snap/c1/1691784000.c1.snap.jpg,0.3343679
2023-08-11 20:30:00,/Volumes/Argus/unk/snap/c1/1691785800.c1.snap.jpg,0.3489549
2023-08-11 21:00:00,/Volumes/Argus/unk/snap/c1/1691787600.c1.snap.jpg,0.27703527
2023-08-11 21:30:00,/Volumes/Argus/unk/snap/c1/1691789400.c1.snap.jpg,0.25491163
2023-08-11 22:00:00,/Volumes/Argus/unk/snap/c1/1691791200.c1.snap.jpg,0.44281885
2023-08-11 22:30:00,/Volumes/Argus/unk/snap/c1/1691793000.c1.snap.jpg,0.5268822
2023-08-11 23:00:00,/Volumes/Argus/unk/snap/c1/1691794800.c1.snap.jpg,0.4003679
2023-08-11 23:30:00,/Volumes/Argus/unk/snap/c1/1691796600.c1.snap.jpg,0.44520128
2023-08-12 00:00:00,/Volumes/Argus/unk/snap/c1/1691798400.c1.snap.jpg,0.54196286
2023-08-12 00:30:00,/Volumes/Argus/unk/snap/c1/1691800200.c1.snap.jpg,0.31966162
2023-08-12 01:00:00,/Volumes/Argus/unk/snap/c1/1691802000.c1.snap.jpg,0.40685734
2023-08-12 01:30:00,/Volumes/Argus/unk/snap/c1/1691803800.c1.snap.jpg,0.33813488
2023-08-12 02:00:00,/Volumes/Argus/unk/snap/c1/1691805600.c1.snap.jpg,0.40431923
2023-08-12 02:30:00,/Volumes/Argus/unk/snap/c1/1691807400.c1.snap.jpg,0.5155802
2023-08-12 04:00:00,/Volumes/Argus/unk/snap/c1/1691812800.c1.snap.jpg,0.50220287
2023-08-12 04:30:00,/Volumes/Argus/unk/snap/c1/1691814600.c1.snap.jpg,0.56914663
2023-08-12 05:00:00,/Volumes/Argus/unk/snap/c1/1691816400.c1.snap.jpg,0.43493202
2023-08-12 05:30:00,/Volumes/Argus/unk/snap/c1/1691818200.c1.snap.jpg,0.3534842
2023-08-12 06:00:00,/Volumes/Argus/unk/snap/c1/1691820000.c1.snap.jpg,0.39634126
2023-08-12 06:30:00,/Volumes/Argus/unk/snap/c1/1691821800.c1.snap.jpg,0.34484303
2023-08-12 07:00:00,/Volumes/Argus/unk/snap/c1/1691823600.c1.snap.jpg,0.55166614
2023-08-12 07:30:00,/Volumes/Argus/unk/snap/c1/1691825400.c1.snap.jpg,0.30346906
2023-08-12 08:00:00,/Volumes/Argus/unk/snap/c1/1691827200.c1.snap.jpg,0.3388675
2023-08-12 15:00:00,/Volumes/Argus/unk/snap/c1/1691852400.c1.snap.jpg,0.20167212
2023-08-12 16:00:00,/Volumes/Argus/unk/snap/c1/1691856000.c1.snap.jpg,0.32894862
2023-08-12 16:30:00,/Volumes/Argus/unk/snap/c1/1691857800.c1.snap.jpg,0.34284693
2023-08-12 17:00:00,/Volumes/Argus/unk/snap/c1/1691859600.c1.snap.jpg,0.22826216
2023-08-12 18:00:00,/Volumes/Argus/unk/snap/c1/1691863200.c1.snap.jpg,0.28321546
2023-08-12 18:30:00,/Volumes/Argus/unk/snap/c1/1691865000.c1.snap.jpg,0.2789022
2023-08-12 19:00:00,/Volumes/Argus/unk/snap/c1/1691866800.c1.snap.jpg,0.42587516
2023-08-12 19:30:00,/Volumes/Argus/unk/snap/c1/1691868600.c1.snap.jpg,0.3005489
2023-08-12 20:00:00,/Volumes/Argus/unk/snap/c1/1691870400.c1.snap.jpg,0.28143978
2023-08-12 20:30:00,/Volumes/Argus/unk/snap/c1/1691872200.c1.snap.jpg,0.28185982
2023-08-12 21:00:00,/Volumes/Argus/unk/snap/c1/1691874000.c1.snap.jpg,0.27920336
2023-08-12 21:30:00,/Volumes/Argus/unk/snap/c1/1691875800.c1.snap.jpg,0.35787508
2023-08-12 22:00:00,/Volumes/Argus/unk/snap/c1/1691877600.c1.snap.jpg,0.3125177
2023-08-12 22:30:00,/Volumes/Argus/unk/snap/c1/1691879400.c1.snap.jpg,0.26891944
2023-08-12 23:00:00,/Volumes/Argus/unk/snap/c1/1691881200.c1.snap.jpg,0.27297544
2023-08-12 23:30:00,/Volumes/Argus/unk/snap/c1/1691883000.c1.snap.jpg,0.2717841
2023-08-13 00:00:00,/Volumes/Argus/unk/snap/c1/1691884800.c1.snap.jpg,0.37014878
2023-08-13 00:30:00,/Volumes/Argus/unk/snap/c1/1691886600.c1.snap.jpg,0.36732453
2023-08-13 01:00:00,/Volumes/Argus/unk/snap/c1/1691888400.c1.snap.jpg,0.29047948
2023-08-13 01:30:00,/Volumes/Argus/unk/snap/c1/1691890200.c1.snap.jpg,0.29757953
2023-08-13 02:00:00,/Volumes/Argus/unk/snap/c1/1691892000.c1.snap.jpg,0.30590874
2023-08-13 03:30:00,/Volumes/Argus/unk/snap/c1/1691897400.c1.snap.jpg,0.23542023
2023-08-13 04:00:00,/Volumes/Argus/unk/snap/c1/1691899200.c1.snap.jpg,0.33241898
2023-08-13 04:30:00,/Volumes/Argus/unk/snap/c1/1691901000.c1.snap.jpg,0.40039313
2023-08-13 05:00:00,/Volumes/Argus/unk/snap/c1/1691902800.c1.snap.jpg,0.21731164
2023-08-13 05:30:00,/Volumes/Argus/unk/snap/c1/1691904600.c1.snap.jpg,0.2314282
2023-08-13 06:00:00,/Volumes/Argus/unk/snap/c1/1691906400.c1.snap.jpg,0.19859308
2023-08-13 07:30:00,/Volumes/Argus/unk/snap/c1/1691911800.c1.snap.jpg,0.24104351
2023-08-13 08:00:00,/Volumes/Argus/unk/snap/c1/1691913600.c1.snap.jpg,0.7375262
2023-08-13 15:30:00,/Volumes/Argus/unk/snap/c1/1691940600.c1.snap.jpg,0.42750192
2023-08-13 16:00:00,/Volumes/Argus/unk/snap/c1/1691942400.c1.snap.jpg,0.5453811
2023-08-13 16:30:00,/Volumes/Argus/unk/snap/c1/1691944200.c1.snap.jpg,0.54063123
2023-08-13 17:00:00,/Volumes/Argus/unk/snap/c1/1691946000.c1.snap.jpg,0.5940295
2023-08-13 17:30:00,/Volumes/Argus/unk/snap/c1/1691947800.c1.snap.jpg,0.6051012
2023-08-13 18:00:00,/Volumes/Argus/unk/snap/c1/1691949600.c1.snap.jpg,0.40410075
2023-08-13 18:30:00,/Volumes/Argus/unk/snap/c1/1691951400.c1.snap.jpg,0.45333984
2023-08-13 19:00:00,/Volumes/Argus/unk/snap/c1/1691953200.c1.snap.jpg,0.3603295
2023-08-13 19:30:00,/Volumes/Argus/unk/snap/c1/1691955000.c1.snap.jpg,0.3458978
2023-08-13 20:00:00,/Volumes/Argus/unk/snap/c1/1691956800.c1.snap.jpg,0.4604234
2023-08-13 20:30:00,/Volumes/Argus/unk/snap/c1/1691958600.c1.snap.jpg,0.438368
2023-08-13 21:00:00,/Volumes/Argus/unk/snap/c1/1691960400.c1.snap.jpg,0.33908755
2023-08-13 21:30:00,/Volumes/Argus/unk/snap/c1/1691962200.c1.snap.jpg,0.3154027
2023-08-13 22:00:00,/Volumes/Argus/unk/snap/c1/1691964000.c1.snap.jpg,0.34291527
2023-08-13 22:30:00,/Volumes/Argus/unk/snap/c1/1691965800.c1.snap.jpg,0.40472463
2023-08-13 23:00:00,/Volumes/Argus/unk/snap/c1/1691967600.c1.snap.jpg,0.32347757
2023-08-13 23:30:00,/Volumes/Argus/unk/snap/c1/1691969400.c1.snap.jpg,0.4118333
2023-08-14 00:00:00,/Volumes/Argus/unk/snap/c1/1691971200.c1.snap.jpg,0.4395047
2023-08-14 00:30:00,/Volumes/Argus/unk/snap/c1/1691973000.c1.snap.jpg,0.48015147
2023-08-14 01:00:00,/Volumes/Argus/unk/snap/c1/1691974800.c1.snap.jpg,0.494849
2023-08-14 01:30:00,/Volumes/Argus/unk/snap/c1/1691976600.c1.snap.jpg,0.7441358
2023-08-14 02:00:00,/Volumes/Argus/unk/snap/c1/1691978400.c1.snap.jpg,0.6898289
2023-08-14 03:30:00,/Volumes/Argus/unk/snap/c1/1691983800.c1.snap.jpg,0.527475
2023-08-14 04:00:00,/Volumes/Argus/unk/snap/c1/1691985600.c1.snap.jpg,0.4727106
2023-08-14 04:30:00,/Volumes/Argus/unk/snap/c1/1691987400.c1.snap.jpg,0.233128
2023-08-14 05:00:00,/Volumes/Argus/unk/snap/c1/1691989200.c1.snap.jpg,0.22248052
2023-08-14 05:30:00,/Volumes/Argus/unk/snap/c1/1691991000.c1.snap.jpg,0.22384526
2023-08-14 06:00:00,/Volumes/Argus/unk/snap/c1/1691992800.c1.snap.jpg,0.32663366
2023-08-14 06:30:00,/Volumes/Argus/unk/snap/c1/1691994600.c1.snap.jpg,0.38612866
2023-08-14 07:00:00,/Volumes/Argus/unk/snap/c1/1691996400.c1.snap.jpg,0.39690506
2023-08-14 07:30:00,/Volumes/Argus/unk/snap/c1/1691998200.c1.snap.jpg,0.5438884
2023-08-14 08:00:00,/Volumes/Argus/unk/snap/c1/1692000000.c1.snap.jpg,0.48867524
2023-08-14 15:00:00,/Volumes/Argus/unk/snap/c1/1692025200.c1.snap.jpg,0.5968054
2023-08-14 15:30:00,/Volumes/Argus/unk/snap/c1/1692027000.c1.snap.jpg,0.678807
2023-08-14 16:00:00,/Volumes/Argus/unk/snap/c1/1692028800.c1.snap.jpg,0.8039483
2023-08-14 16:30:00,/Volumes/Argus/unk/snap/c1/1692030600.c1.snap.jpg,0.87489706
2023-08-14 17:00:00,/Volumes/Argus/unk/snap/c1/1692032400.c1.snap.jpg,0.6747575
2023-08-14 17:30:00,/Volumes/Argus/unk/snap/c1/1692034200.c1.snap.jpg,0.85083055
2023-08-14 18:00:00,/Volumes/Argus/unk/snap/c1/1692036000.c1.snap.jpg,0.94658804
2023-08-14 18:30:00,/Volumes/Argus/unk/snap/c1/1692037800.c1.snap.jpg,0.8826636
2023-08-14 19:00:00,/Volumes/Argus/unk/snap/c1/1692039600.c1.snap.jpg,0.8684906
2023-08-14 19:30:00,/Volumes/Argus/unk/snap/c1/1692041400.c1.snap.jpg,0.8148533
2023-08-14 20:00:00,/Volumes/Argus/unk/snap/c1/1692043200.c1.snap.jpg,0.81285715
2023-08-14 20:30:00,/Volumes/Argus/unk/snap/c1/1692045000.c1.snap.jpg,0.76361424
2023-08-14 21:00:00,/Volumes/Argus/unk/snap/c1/1692046800.c1.snap.jpg,0.707871
2023-08-14 21:30:00,/Volumes/Argus/unk/snap/c1/1692048600.c1.snap.jpg,0.7066417
2023-08-14 22:00:00,/Volumes/Argus/unk/snap/c1/1692050400.c1.snap.jpg,0.59105283
2023-08-14 22:30:00,/Volumes/Argus/unk/snap/c1/1692052200.c1.snap.jpg,0.59856784
2023-08-14 23:00:00,/Volumes/Argus/unk/snap/c1/1692054000.c1.snap.jpg,0.7533183
2023-08-14 23:30:00,/Volumes/Argus/unk/snap/c1/1692055800.c1.snap.jpg,0.34909707
2023-08-15 00:00:00,/Volumes/Argus/unk/snap/c1/1692057600.c1.snap.jpg,0.5176591
2023-08-15 00:30:00,/Volumes/Argus/unk/snap/c1/1692059400.c1.snap.jpg,0.6315369
2023-08-15 01:00:00,/Volumes/Argus/unk/snap/c1/1692061200.c1.snap.jpg,0.7569492
2023-08-15 01:30:00,/Volumes/Argus/unk/snap/c1/1692063000.c1.snap.jpg,0.70776933
2023-08-15 03:00:00,/Volumes/Argus/unk/snap/c1/1692068400.c1.snap.jpg,0.68817484
2023-08-15 03:30:00,/Volumes/Argus/unk/snap/c1/1692070200.c1.snap.jpg,0.6065791
2023-08-15 04:00:00,/Volumes/Argus/unk/snap/c1/1692072000.c1.snap.jpg,0.57509226
2023-08-15 04:30:00,/Volumes/Argus/unk/snap/c1/1692073800.c1.snap.jpg,0.6419922
2023-08-15 05:00:00,/Volumes/Argus/unk/snap/c1/1692075600.c1.snap.jpg,0.5753318
2023-08-15 05:30:00,/Volumes/Argus/unk/snap/c1/1692077400.c1.snap.jpg,0.6266464
2023-08-15 06:00:00,/Volumes/Argus/unk/snap/c1/1692079200.c1.snap.jpg,0.61877775
2023-08-15 07:00:00,/Volumes/Argus/unk/snap/c1/1692082800.c1.snap.jpg,0.4673291
2023-08-15 07:30:00,/Volumes/Argus/unk/snap/c1/1692084600.c1.snap.jpg,0.66732055
2023-08-15 08:00:00,/Volumes/Argus/unk/snap/c1/1692086400.c1.snap.jpg,0.55568904
2023-08-15 15:00:00,/Volumes/Argus/unk/snap/c1/1692111600.c1.snap.jpg,0.4322381
2023-08-15 15:30:00,/Volumes/Argus/unk/snap/c1/1692113400.c1.snap.jpg,0.3083307
2023-08-15 16:00:00,/Volumes/Argus/unk/snap/c1/1692115200.c1.snap.jpg,0.43051046
2023-08-15 16:30:00,/Volumes/Argus/unk/snap/c1/1692117000.c1.snap.jpg,0.49544114
2023-08-15 17:00:00,/Volumes/Argus/unk/snap/c1/1692118800.c1.snap.jpg,0.5054185
2023-08-15 17:30:00,/Volumes/Argus/unk/snap/c1/1692120600.c1.snap.jpg,0.3837493
2023-08-15 18:00:00,/Volumes/Argus/unk/snap/c1/1692122400.c1.snap.jpg,0.44969893
2023-08-15 18:30:00,/Volumes/Argus/unk/snap/c1/1692124200.c1.snap.jpg,0.3730386
2023-08-15 19:00:00,/Volumes/Argus/unk/snap/c1/1692126000.c1.snap.jpg,0.452681
2023-08-15 19:30:00,/Volumes/Argus/unk/snap/c1/1692127800.c1.snap.jpg,0.4372248
2023-08-15 20:00:00,/Volumes/Argus/unk/snap/c1/1692129600.c1.snap.jpg,0.46059492
2023-08-15 20:30:00,/Volumes/Argus/unk/snap/c1/1692131400.c1.snap.jpg,0.43442655
2023-08-15 21:00:00,/Volumes/Argus/unk/snap/c1/1692133200.c1.snap.jpg,0.34583744
2023-08-15 21:30:00,/Volumes/Argus/unk/snap/c1/1692135000.c1.snap.jpg,0.3669501
2023-08-15 22:00:00,/Volumes/Argus/unk/snap/c1/1692136800.c1.snap.jpg,0.3712737
2023-08-15 22:30:00,/Volumes/Argus/unk/snap/c1/1692138600.c1.snap.jpg,0.37049496
2023-08-15 23:00:00,/Volumes/Argus/unk/snap/c1/1692140400.c1.snap.jpg,0.45109254
2023-08-15 23:30:00,/Volumes/Argus/unk/snap/c1/1692142200.c1.snap.jpg,0.4739851
2023-08-16 00:00:00,/Volumes/Argus/unk/snap/c1/1692144000.c1.snap.jpg,0.42340577
2023-08-16 00:30:00,/Volumes/Argus/unk/snap/c1/1692145800.c1.snap.jpg,0.34209305
2023-08-16 01:00:00,/Volumes/Argus/unk/snap/c1/1692147600.c1.snap.jpg,0.44911784
2023-08-16 01:30:00,/Volumes/Argus/unk/snap/c1/1692149400.c1.snap.jpg,0.55622476
2023-08-16 03:00:00,/Volumes/Argus/unk/snap/c1/1692154800.c1.snap.jpg,0.64607143
2023-08-16 03:30:00,/Volumes/Argus/unk/snap/c1/1692156600.c1.snap.jpg,0.4645431
2023-08-16 04:00:00,/Volumes/Argus/unk/snap/c1/1692158400.c1.snap.jpg,0.5193963
2023-08-16 04:30:00,/Volumes/Argus/unk/snap/c1/1692160200.c1.snap.jpg,0.58856237
2023-08-16 05:00:00,/Volumes/Argus/unk/snap/c1/1692162000.c1.snap.jpg,0.62095994
2023-08-16 05:30:00,/Volumes/Argus/unk/snap/c1/1692163800.c1.snap.jpg,0.655097
2023-08-16 06:00:00,/Volumes/Argus/unk/snap/c1/1692165600.c1.snap.jpg,0.53986794
2023-08-16 06:30:00,/Volumes/Argus/unk/snap/c1/1692167400.c1.snap.jpg,0.5188954
2023-08-16 07:00:00,/Volumes/Argus/unk/snap/c1/1692169200.c1.snap.jpg,0.5451789
2023-08-16 07:30:00,/Volumes/Argus/unk/snap/c1/1692171000.c1.snap.jpg,0.5323078
2023-08-16 08:00:00,/Volumes/Argus/unk/snap/c1/1692172800.c1.snap.jpg,0.60870856
2023-08-16 16:30:00,/Volumes/Argus/unk/snap/c1/1692203400.c1.snap.jpg,0.93805194
2023-08-16 17:00:00,/Volumes/Argus/unk/snap/c1/1692205200.c1.snap.jpg,1.3049124
2023-08-16 17:30:00,/Volumes/Argus/unk/snap/c1/1692207000.c1.snap.jpg,0.5508157
2023-08-16 18:00:00,/Volumes/Argus/unk/snap/c1/1692208800.c1.snap.jpg,0.5854577
2023-08-16 18:30:00,/Volumes/Argus/unk/snap/c1/1692210600.c1.snap.jpg,0.6157893
2023-08-16 19:00:00,/Volumes/Argus/unk/snap/c1/1692212400.c1.snap.jpg,0.8681365
2023-08-16 19:30:00,/Volumes/Argus/unk/snap/c1/1692214200.c1.snap.jpg,0.71012044
2023-08-16 20:00:00,/Volumes/Argus/unk/snap/c1/1692216000.c1.snap.jpg,0.6007354
2023-08-16 20:30:00,/Volumes/Argus/unk/snap/c1/1692217800.c1.snap.jpg,1.2881368
2023-08-16 21:30:00,/Volumes/Argus/unk/snap/c1/1692221400.c1.snap.jpg,1.5738114
2023-08-16 22:00:00,/Volumes/Argus/unk/snap/c1/1692223200.c1.snap.jpg,1.5166513
2023-08-16 23:00:00,/Volumes/Argus/unk/snap/c1/1692226800.c1.snap.jpg,1.0501438
2023-08-16 23:30:00,/Volumes/Argus/unk/snap/c1/1692228600.c1.snap.jpg,1.0880196
2023-08-17 00:00:00,/Volumes/Argus/unk/snap/c1/1692230400.c1.snap.jpg,1.0286556
2023-08-17 00:30:00,/Volumes/Argus/unk/snap/c1/1692232200.c1.snap.jpg,1.1685182
2023-08-17 01:00:00,/Volumes/Argus/unk/snap/c1/1692234000.c1.snap.jpg,1.0774758
2023-08-17 01:30:00,/Volumes/Argus/unk/snap/c1/1692235800.c1.snap.jpg,1.264709
2023-08-17 02:00:00,/Volumes/Argus/unk/snap/c1/1692237600.c1.snap.jpg,1.2567037
2023-08-17 02:30:00,/Volumes/Argus/unk/snap/c1/1692239400.c1.snap.jpg,1.2788302
2023-08-17 03:30:00,/Volumes/Argus/unk/snap/c1/1692243000.c1.snap.jpg,1.2472599
2023-08-17 04:00:00,/Volumes/Argus/unk/snap/c1/1692244800.c1.snap.jpg,1.2998952
2023-08-17 04:30:00,/Volumes/Argus/unk/snap/c1/1692246600.c1.snap.jpg,1.2759593
2023-08-17 05:00:00,/Volumes/Argus/unk/snap/c1/1692248400.c1.snap.jpg,0.76938426
2023-08-17 05:30:00,/Volumes/Argus/unk/snap/c1/1692250200.c1.snap.jpg,1.0068566
2023-08-17 06:00:00,/Volumes/Argus/unk/snap/c1/1692252000.c1.snap.jpg,1.3661703
2023-08-17 06:30:00,/Volumes/Argus/unk/snap/c1/1692253800.c1.snap.jpg,0.86380535
2023-08-17 07:00:00,/Volumes/Argus/unk/snap/c1/1692255600.c1.snap.jpg,1.2952203
2023-08-17 07:30:00,/Volumes/Argus/unk/snap/c1/1692257400.c1.snap.jpg,0.6104441
2023-08-17 08:00:00,/Volumes/Argus/unk/snap/c1/1692259200.c1.snap.jpg,1.1875391
2023-08-17 15:00:00,/Volumes/Argus/unk/snap/c1/1692284400.c1.snap.jpg,1.1467824
2023-08-17 15:30:00,/Volumes/Argus/unk/snap/c1/1692286200.c1.snap.jpg,1.1365671
2023-08-17 16:00:00,/Volumes/Argus/unk/snap/c1/1692288000.c1.snap.jpg,1.395116
2023-08-17 16:30:00,/Volumes/Argus/unk/snap/c1/1692289800.c1.snap.jpg,1.1106379
2023-08-17 17:00:00,/Volumes/Argus/unk/snap/c1/1692291600.c1.snap.jpg,1.0734704
2023-08-17 17:30:00,/Volumes/Argus/unk/snap/c1/1692293400.c1.snap.jpg,0.98599553
2023-08-17 18:00:00,/Volumes/Argus/unk/snap/c1/1692295200.c1.snap.jpg,1.3562514
2023-08-17 18:30:00,/Volumes/Argus/unk/snap/c1/1692297000.c1.snap.jpg,1.4078647
2023-08-17 19:00:00,/Volumes/Argus/unk/snap/c1/1692298800.c1.snap.jpg,1.0863283
2023-08-17 19:30:00,/Volumes/Argus/unk/snap/c1/1692300600.c1.snap.jpg,1.1714296
2023-08-17 20:00:00,/Volumes/Argus/unk/snap/c1/1692302400.c1.snap.jpg,0.9262227
2023-08-17 20:30:00,/Volumes/Argus/unk/snap/c1/1692304200.c1.snap.jpg,1.0578653
2023-08-17 21:00:00,/Volumes/Argus/unk/snap/c1/1692306000.c1.snap.jpg,1.0007136
2023-08-17 21:30:00,/Volumes/Argus/unk/snap/c1/1692307800.c1.snap.jpg,0.92164946
2023-08-17 22:00:00,/Volumes/Argus/unk/snap/c1/1692309600.c1.snap.jpg,1.0348201
2023-08-17 22:30:00,/Volumes/Argus/unk/snap/c1/1692311400.c1.snap.jpg,1.0289264
2023-08-17 23:00:00,/Volumes/Argus/unk/snap/c1/1692313200.c1.snap.jpg,1.0279493
2023-08-17 23:30:00,/Volumes/Argus/unk/snap/c1/1692315000.c1.snap.jpg,1.2445568
2023-08-18 00:00:00,/Volumes/Argus/unk/snap/c1/1692316800.c1.snap.jpg,1.1738148
2023-08-18 00:30:00,/Volumes/Argus/unk/snap/c1/1692318600.c1.snap.jpg,0.8455516
2023-08-18 01:00:00,/Volumes/Argus/unk/snap/c1/1692320400.c1.snap.jpg,0.75221246
2023-08-18 01:30:00,/Volumes/Argus/unk/snap/c1/1692322200.c1.snap.jpg,0.70688254
2023-08-18 02:00:00,/Volumes/Argus/unk/snap/c1/1692324000.c1.snap.jpg,0.676468
2023-08-18 02:30:00,/Volumes/Argus/unk/snap/c1/1692325800.c1.snap.jpg,1.1159497
2023-08-18 03:00:00,/Volumes/Argus/unk/snap/c1/1692327600.c1.snap.jpg,0.8019432
2023-08-18 03:30:00,/Volumes/Argus/unk/snap/c1/1692329400.c1.snap.jpg,0.79045606
2023-08-18 04:00:00,/Volumes/Argus/unk/snap/c1/1692331200.c1.snap.jpg,0.77912045
2023-08-18 04:30:00,/Volumes/Argus/unk/snap/c1/1692333000.c1.snap.jpg,1.0917716
2023-08-18 05:00:00,/Volumes/Argus/unk/snap/c1/1692334800.c1.snap.jpg,0.66252726
2023-08-18 05:30:00,/Volumes/Argus/unk/snap/c1/1692336600.c1.snap.jpg,0.6254821
2023-08-18 06:00:00,/Volumes/Argus/unk/snap/c1/1692338400.c1.snap.jpg,1.0442793
2023-08-18 06:30:00,/Volumes/Argus/unk/snap/c1/1692340200.c1.snap.jpg,1.2583503
2023-08-18 07:00:00,/Volumes/Argus/unk/snap/c1/1692342000.c1.snap.jpg,1.1449056
2023-08-18 07:30:00,/Volumes/Argus/unk/snap/c1/1692343800.c1.snap.jpg,0.7313286
2023-08-18 08:00:00,/Volumes/Argus/unk/snap/c1/1692345600.c1.snap.jpg,1.2187995
2023-08-18 15:00:00,/Volumes/Argus/unk/snap/c1/1692370800.c1.snap.jpg,1.346529
2023-08-18 15:30:00,/Volumes/Argus/unk/snap/c1/1692372600.c1.snap.jpg,1.4847604
2023-08-18 16:00:00,/Volumes/Argus/unk/snap/c1/1692374400.c1.snap.jpg,1.3247714
2023-08-18 16:30:00,/Volumes/Argus/unk/snap/c1/1692376200.c1.snap.jpg,1.3353543
2023-08-18 17:00:00,/Volumes/Argus/unk/snap/c1/1692378000.c1.snap.jpg,1.3682665
2023-08-18 17:30:00,/Volumes/Argus/unk/snap/c1/1692379800.c1.snap.jpg,1.404662
2023-08-18 18:00:00,/Volumes/Argus/unk/snap/c1/1692381600.c1.snap.jpg,1.3497361
2023-08-18 18:30:00,/Volumes/Argus/unk/snap/c1/1692383400.c1.snap.jpg,1.4079343
2023-08-18 19:00:00,/Volumes/Argus/unk/snap/c1/1692385200.c1.snap.jpg,1.4491979
2023-08-18 19:30:00,/Volumes/Argus/unk/snap/c1/1692387000.c1.snap.jpg,1.4649298
2023-08-18 20:00:00,/Volumes/Argus/unk/snap/c1/1692388800.c1.snap.jpg,1.3815658
2023-08-18 20:30:00,/Volumes/Argus/unk/snap/c1/1692390600.c1.snap.jpg,1.4491712
2023-08-18 21:00:00,/Volumes/Argus/unk/snap/c1/1692392400.c1.snap.jpg,1.2467053
2023-08-18 21:30:00,/Volumes/Argus/unk/snap/c1/1692394200.c1.snap.jpg,1.2483093
2023-08-18 22:00:00,/Volumes/Argus/unk/snap/c1/1692396000.c1.snap.jpg,1.2328842
2023-08-18 22:30:00,/Volumes/Argus/unk/snap/c1/1692397800.c1.snap.jpg,1.3916992
2023-08-18 23:00:00,/Volumes/Argus/unk/snap/c1/1692399600.c1.snap.jpg,1.2671145
2023-08-18 23:30:00,/Volumes/Argus/unk/snap/c1/1692401400.c1.snap.jpg,1.2873915
2023-08-19 00:00:00,/Volumes/Argus/unk/snap/c1/1692403200.c1.snap.jpg,1.3622684
2023-08-19 00:30:00,/Volumes/Argus/unk/snap/c1/1692405000.c1.snap.jpg,1.6701499
2023-08-19 01:00:00,/Volumes/Argus/unk/snap/c1/1692406800.c1.snap.jpg,1.2208662
2023-08-19 01:30:00,/Volumes/Argus/unk/snap/c1/1692408600.c1.snap.jpg,1.2624273
2023-08-19 02:00:00,/Volumes/Argus/unk/snap/c1/1692410400.c1.snap.jpg,1.2314715
2023-08-19 02:30:00,/Volumes/Argus/unk/snap/c1/1692412200.c1.snap.jpg,1.1752937
2023-08-19 03:30:00,/Volumes/Argus/unk/snap/c1/1692415800.c1.snap.jpg,1.3328892
2023-08-19 04:00:00,/Volumes/Argus/unk/snap/c1/1692417600.c1.snap.jpg,1.3643438
2023-08-19 04:30:00,/Volumes/Argus/unk/snap/c1/1692419400.c1.snap.jpg,1.385547
2023-08-19 05:00:00,/Volumes/Argus/unk/snap/c1/1692421200.c1.snap.jpg,1.2418069
2023-08-19 05:30:00,/Volumes/Argus/unk/snap/c1/1692423000.c1.snap.jpg,1.2780088
2023-08-19 06:00:00,/Volumes/Argus/unk/snap/c1/1692424800.c1.snap.jpg,1.5726871
2023-08-19 06:30:00,/Volumes/Argus/unk/snap/c1/1692426600.c1.snap.jpg,1.3336748
2023-08-19 07:00:00,/Volumes/Argus/unk/snap/c1/1692428400.c1.snap.jpg,1.296642
2023-08-19 07:30:00,/Volumes/Argus/unk/snap/c1/1692430200.c1.snap.jpg,0.8257199
2023-08-19 08:00:00,/Volumes/Argus/unk/snap/c1/1692432000.c1.snap.jpg,1.233704
2023-08-20 15:00:00,/Volumes/Argus/unk/snap/c1/1692543600.c1.snap.jpg,1.1899469
2023-08-20 15:30:00,/Volumes/Argus/unk/snap/c1/1692545400.c1.snap.jpg,1.2740684
2023-08-20 16:00:00,/Volumes/Argus/unk/snap/c1/1692547200.c1.snap.jpg,1.2835747
2023-08-20 16:30:00,/Volumes/Argus/unk/snap/c1/1692549000.c1.snap.jpg,1.2495462
2023-08-20 17:00:00,/Volumes/Argus/unk/snap/c1/1692550800.c1.snap.jpg,1.2834343
2023-08-20 17:30:00,/Volumes/Argus/unk/snap/c1/1692552600.c1.snap.jpg,1.2931538
2023-08-20 18:00:00,/Volumes/Argus/unk/snap/c1/1692554400.c1.snap.jpg,1.2288694
2023-08-20 18:30:00,/Volumes/Argus/unk/snap/c1/1692556200.c1.snap.jpg,1.2945043
2023-08-20 19:00:00,/Volumes/Argus/unk/snap/c1/1692558000.c1.snap.jpg,1.2789105
2023-08-20 19:30:00,/Volumes/Argus/unk/snap/c1/1692559800.c1.snap.jpg,1.2651029
2023-08-20 20:00:00,/Volumes/Argus/unk/snap/c1/1692561600.c1.snap.jpg,1.3260173
2023-08-20 20:30:00,/Volumes/Argus/unk/snap/c1/1692563400.c1.snap.jpg,1.3073696
2023-08-20 21:00:00,/Volumes/Argus/unk/snap/c1/1692565200.c1.snap.jpg,1.3675102
2023-08-20 21:30:00,/Volumes/Argus/unk/snap/c1/1692567000.c1.snap.jpg,1.1170437
2023-08-20 22:00:00,/Volumes/Argus/unk/snap/c1/1692568800.c1.snap.jpg,1.3156695
2023-08-20 22:30:00,/Volumes/Argus/unk/snap/c1/1692570600.c1.snap.jpg,1.2105054
2023-08-20 23:00:00,/Volumes/Argus/unk/snap/c1/1692572400.c1.snap.jpg,1.2591034
2023-08-20 23:30:00,/Volumes/Argus/unk/snap/c1/1692574200.c1.snap.jpg,1.1340971
2023-08-21 00:00:00,/Volumes/Argus/unk/snap/c1/1692576000.c1.snap.jpg,1.2764504
2023-08-21 00:30:00,/Volumes/Argus/unk/snap/c1/1692577800.c1.snap.jpg,1.2732445
2023-08-21 01:00:00,/Volumes/Argus/unk/snap/c1/1692579600.c1.snap.jpg,1.3096364
2023-08-21 02:00:00,/Volumes/Argus/unk/snap/c1/1692583200.c1.snap.jpg,1.2508574
2023-08-21 02:30:00,/Volumes/Argus/unk/snap/c1/1692585000.c1.snap.jpg,1.2310697
2023-08-21 03:00:00,/Volumes/Argus/unk/snap/c1/1692586800.c1.snap.jpg,1.2961675
2023-08-21 03:30:00,/Volumes/Argus/unk/snap/c1/1692588600.c1.snap.jpg,1.2948841
2023-08-21 04:00:00,/Volumes/Argus/unk/snap/c1/1692590400.c1.snap.jpg,1.2657852
2023-08-21 04:30:00,/Volumes/Argus/unk/snap/c1/1692592200.c1.snap.jpg,1.1324763
2023-08-21 05:30:00,/Volumes/Argus/unk/snap/c1/1692595800.c1.snap.jpg,1.1634473
2023-08-21 06:00:00,/Volumes/Argus/unk/snap/c1/1692597600.c1.snap.jpg,0.9831109
2023-08-21 06:30:00,/Volumes/Argus/unk/snap/c1/1692599400.c1.snap.jpg,1.295082
2023-08-21 07:00:00,/Volumes/Argus/unk/snap/c1/1692601200.c1.snap.jpg,1.0063181
2023-08-21 07:30:00,/Volumes/Argus/unk/snap/c1/1692603000.c1.snap.jpg,1.0141344
2023-08-21 08:00:00,/Volumes/Argus/unk/snap/c1/1692604800.c1.snap.jpg,1.8472708
2023-08-21 15:00:00,/Volumes/Argus/unk/snap/c1/1692630000.c1.snap.jpg,1.3003929
2023-08-21 15:30:00,/Volumes/Argus/unk/snap/c1/1692631800.c1.snap.jpg,1.2647173
2023-08-21 16:00:00,/Volumes/Argus/unk/snap/c1/1692633600.c1.snap.jpg,1.1718113
2023-08-21 16:30:00,/Volumes/Argus/unk/snap/c1/1692635400.c1.snap.jpg,1.1393839
2023-08-21 17:00:00,/Volumes/Argus/unk/snap/c1/1692637200.c1.snap.jpg,0.9054941
2023-08-21 17:30:00,/Volumes/Argus/unk/snap/c1/1692639000.c1.snap.jpg,1.2127343
2023-08-21 18:00:00,/Volumes/Argus/unk/snap/c1/1692640800.c1.snap.jpg,0.9037745
2023-08-21 18:30:00,/Volumes/Argus/unk/snap/c1/1692642600.c1.snap.jpg,0.83040524
2023-08-21 19:00:00,/Volumes/Argus/unk/snap/c1/1692644400.c1.snap.jpg,0.9193153
2023-08-21 19:30:00,/Volumes/Argus/unk/snap/c1/1692646200.c1.snap.jpg,0.79761916
2023-08-21 20:00:00,/Volumes/Argus/unk/snap/c1/1692648000.c1.snap.jpg,0.83380276
2023-08-21 20:30:00,/Volumes/Argus/unk/snap/c1/1692649800.c1.snap.jpg,0.88962984
2023-08-21 21:30:00,/Volumes/Argus/unk/snap/c1/1692653400.c1.snap.jpg,0.8436568
2023-08-21 22:00:00,/Volumes/Argus/unk/snap/c1/1692655200.c1.snap.jpg,0.79697657
2023-08-21 22:30:00,/Volumes/Argus/unk/snap/c1/1692657000.c1.snap.jpg,0.8000025
2023-08-21 23:00:00,/Volumes/Argus/unk/snap/c1/1692658800.c1.snap.jpg,0.7670524
2023-08-21 23:30:00,/Volumes/Argus/unk/snap/c1/1692660600.c1.snap.jpg,0.7966864
2023-08-22 00:00:00,/Volumes/Argus/unk/snap/c1/1692662400.c1.snap.jpg,0.8166206
2023-08-22 00:30:00,/Volumes/Argus/unk/snap/c1/1692664200.c1.snap.jpg,0.7576522
2023-08-22 01:00:00,/Volumes/Argus/unk/snap/c1/1692666000.c1.snap.jpg,0.7177936
2023-08-22 01:30:00,/Volumes/Argus/unk/snap/c1/1692667800.c1.snap.jpg,0.6690598
2023-08-22 02:00:00,/Volumes/Argus/unk/snap/c1/1692669600.c1.snap.jpg,0.7686137
2023-08-22 02:30:00,/Volumes/Argus/unk/snap/c1/1692671400.c1.snap.jpg,0.5325462
2023-08-22 04:00:00,/Volumes/Argus/unk/snap/c1/1692676800.c1.snap.jpg,0.74226177
2023-08-22 04:30:00,/Volumes/Argus/unk/snap/c1/1692678600.c1.snap.jpg,0.70342696
2023-08-22 05:00:00,/Volumes/Argus/unk/snap/c1/1692680400.c1.snap.jpg,0.8393216
2023-08-22 05:30:00,/Volumes/Argus/unk/snap/c1/1692682200.c1.snap.jpg,0.8313048
2023-08-22 06:00:00,/Volumes/Argus/unk/snap/c1/1692684000.c1.snap.jpg,0.8244393
2023-08-22 06:30:00,/Volumes/Argus/unk/snap/c1/1692685800.c1.snap.jpg,0.59458786
2023-08-22 07:00:00,/Volumes/Argus/unk/snap/c1/1692687600.c1.snap.jpg,0.70381457
2023-08-22 07:30:00,/Volumes/Argus/unk/snap/c1/1692689400.c1.snap.jpg,0.5689212
2023-08-22 08:00:00,/Volumes/Argus/unk/snap/c1/1692691200.c1.snap.jpg,0.8588873
2023-08-22 15:00:00,/Volumes/Argus/unk/snap/c1/1692716400.c1.snap.jpg,0.6738266
2023-08-22 15:30:00,/Volumes/Argus/unk/snap/c1/1692718200.c1.snap.jpg,0.809561
2023-08-22 16:00:00,/Volumes/Argus/unk/snap/c1/1692720000.c1.snap.jpg,0.6872649
2023-08-22 16:30:00,/Volumes/Argus/unk/snap/c1/1692721800.c1.snap.jpg,0.66870284
2023-08-22 17:00:00,/Volumes/Argus/unk/snap/c1/1692723600.c1.snap.jpg,0.7863833
2023-08-22 17:30:00,/Volumes/Argus/unk/snap/c1/1692725400.c1.snap.jpg,0.7699536
2023-08-22 18:00:00,/Volumes/Argus/unk/snap/c1/1692727200.c1.snap.jpg,0.7388631
2023-08-22 18:30:00,/Volumes/Argus/unk/snap/c1/1692729000.c1.snap.jpg,0.72283816
2023-08-22 19:00:00,/Volumes/Argus/unk/snap/c1/1692730800.c1.snap.jpg,0.7348436
2023-08-22 19:30:00,/Volumes/Argus/unk/snap/c1/1692732600.c1.snap.jpg,0.7868337
2023-08-22 20:00:00,/Volumes/Argus/unk/snap/c1/1692734400.c1.snap.jpg,0.75671613
2023-08-22 20:30:00,/Volumes/Argus/unk/snap/c1/1692736200.c1.snap.jpg,0.7688257
2023-08-22 21:30:00,/Volumes/Argus/unk/snap/c1/1692739800.c1.snap.jpg,0.9429835
2023-08-22 22:00:00,/Volumes/Argus/unk/snap/c1/1692741600.c1.snap.jpg,0.8866297
2023-08-22 22:30:00,/Volumes/Argus/unk/snap/c1/1692743400.c1.snap.jpg,0.97836506
2023-08-22 23:00:00,/Volumes/Argus/unk/snap/c1/1692745200.c1.snap.jpg,1.0118986
2023-08-22 23:30:00,/Volumes/Argus/unk/snap/c1/1692747000.c1.snap.jpg,1.1184548
2023-08-23 00:00:00,/Volumes/Argus/unk/snap/c1/1692748800.c1.snap.jpg,0.8627341
2023-08-23 00:30:00,/Volumes/Argus/unk/snap/c1/1692750600.c1.snap.jpg,0.956323
2023-08-23 01:00:00,/Volumes/Argus/unk/snap/c1/1692752400.c1.snap.jpg,0.7831281
2023-08-23 02:00:00,/Volumes/Argus/unk/snap/c1/1692756000.c1.snap.jpg,0.8483466
2023-08-23 02:30:00,/Volumes/Argus/unk/snap/c1/1692757800.c1.snap.jpg,1.0014564
2023-08-23 03:30:00,/Volumes/Argus/unk/snap/c1/1692761400.c1.snap.jpg,0.82667315
2023-08-23 04:00:00,/Volumes/Argus/unk/snap/c1/1692763200.c1.snap.jpg,0.8824252
2023-08-23 04:30:00,/Volumes/Argus/unk/snap/c1/1692765000.c1.snap.jpg,0.78867984
2023-08-23 05:00:00,/Volumes/Argus/unk/snap/c1/1692766800.c1.snap.jpg,0.8225428
2023-08-23 05:30:00,/Volumes/Argus/unk/snap/c1/1692768600.c1.snap.jpg,0.8641793
2023-08-23 06:30:00,/Volumes/Argus/unk/snap/c1/1692772200.c1.snap.jpg,0.79529566
2023-08-23 07:00:00,/Volumes/Argus/unk/snap/c1/1692774000.c1.snap.jpg,0.6888881
2023-08-23 07:30:00,/Volumes/Argus/unk/snap/c1/1692775800.c1.snap.jpg,0.61694
2023-08-23 08:00:00,/Volumes/Argus/unk/snap/c1/1692777600.c1.snap.jpg,1.3674716
2023-08-23 15:00:00,/Volumes/Argus/unk/snap/c1/1692802800.c1.snap.jpg,0.3497977
2023-08-23 16:00:00,/Volumes/Argus/unk/snap/c1/1692806400.c1.snap.jpg,0.28070003
2023-08-23 16:30:00,/Volumes/Argus/unk/snap/c1/1692808200.c1.snap.jpg,0.25074837
2023-08-23 17:00:00,/Volumes/Argus/unk/snap/c1/1692810000.c1.snap.jpg,0.34611255
2023-08-23 17:30:00,/Volumes/Argus/unk/snap/c1/1692811800.c1.snap.jpg,0.31959763
2023-08-23 18:00:00,/Volumes/Argus/unk/snap/c1/1692813600.c1.snap.jpg,0.3529479
2023-08-23 18:30:00,/Volumes/Argus/unk/snap/c1/1692815400.c1.snap.jpg,0.52403486
2023-08-23 19:00:00,/Volumes/Argus/unk/snap/c1/1692817200.c1.snap.jpg,0.29157087
2023-08-23 19:30:00,/Volumes/Argus/unk/snap/c1/1692819000.c1.snap.jpg,0.602793
2023-08-23 20:00:00,/Volumes/Argus/unk/snap/c1/1692820800.c1.snap.jpg,0.41551495
2023-08-23 20:30:00,/Volumes/Argus/unk/snap/c1/1692822600.c1.snap.jpg,0.3709799
2023-08-23 21:00:00,/Volumes/Argus/unk/snap/c1/1692824400.c1.snap.jpg,0.24891388
2023-08-23 21:30:00,/Volumes/Argus/unk/snap/c1/1692826200.c1.snap.jpg,0.20656322
2023-08-23 22:00:00,/Volumes/Argus/unk/snap/c1/1692828000.c1.snap.jpg,0.22224945
2023-08-23 22:30:00,/Volumes/Argus/unk/snap/c1/1692829800.c1.snap.jpg,0.19736448
2023-08-23 23:00:00,/Volumes/Argus/unk/snap/c1/1692831600.c1.snap.jpg,0.2470603
2023-08-23 23:30:00,/Volumes/Argus/unk/snap/c1/1692833400.c1.snap.jpg,0.21428327
2023-08-24 00:00:00,/Volumes/Argus/unk/snap/c1/1692835200.c1.snap.jpg,0.2901823
2023-08-24 00:30:00,/Volumes/Argus/unk/snap/c1/1692837000.c1.snap.jpg,0.3323092
2023-08-24 01:00:00,/Volumes/Argus/unk/snap/c1/1692838800.c1.snap.jpg,0.31563947
2023-08-24 01:30:00,/Volumes/Argus/unk/snap/c1/1692840600.c1.snap.jpg,0.29051054
2023-08-24 02:00:00,/Volumes/Argus/unk/snap/c1/1692842400.c1.snap.jpg,0.4188859
2023-08-24 02:30:00,/Volumes/Argus/unk/snap/c1/1692844200.c1.snap.jpg,0.4764257
2023-08-24 03:00:00,/Volumes/Argus/unk/snap/c1/1692846000.c1.snap.jpg,0.26637635
2023-08-24 03:30:00,/Volumes/Argus/unk/snap/c1/1692847800.c1.snap.jpg,0.3319744
2023-08-24 04:00:00,/Volumes/Argus/unk/snap/c1/1692849600.c1.snap.jpg,0.26306072
2023-08-24 04:30:00,/Volumes/Argus/unk/snap/c1/1692851400.c1.snap.jpg,0.4111948
2023-08-24 05:00:00,/Volumes/Argus/unk/snap/c1/1692853200.c1.snap.jpg,0.40366367
2023-08-24 05:30:00,/Volumes/Argus/unk/snap/c1/1692855000.c1.snap.jpg,0.30823603
2023-08-24 06:00:00,/Volumes/Argus/unk/snap/c1/1692856800.c1.snap.jpg,0.32327515
2023-08-24 06:30:00,/Volumes/Argus/unk/snap/c1/1692858600.c1.snap.jpg,0.28353298
2023-08-24 07:00:00,/Volumes/Argus/unk/snap/c1/1692860400.c1.snap.jpg,0.3817153
2023-08-24 07:30:00,/Volumes/Argus/unk/snap/c1/1692862200.c1.snap.jpg,0.5013872
2023-08-24 08:00:00,/Volumes/Argus/unk/snap/c1/1692864000.c1.snap.jpg,1.8367852
2023-08-24 15:00:00,/Volumes/Argus/unk/snap/c1/1692889200.c1.snap.jpg,0.47406566
2023-08-24 15:30:00,/Volumes/Argus/unk/snap/c1/1692891000.c1.snap.jpg,0.27532306
2023-08-24 16:00:00,/Volumes/Argus/unk/snap/c1/1692892800.c1.snap.jpg,0.2029656
2023-08-24 16:30:00,/Volumes/Argus/unk/snap/c1/1692894600.c1.snap.jpg,0.39718503
2023-08-24 17:30:00,/Volumes/Argus/unk/snap/c1/1692898200.c1.snap.jpg,0.40846762
2023-08-24 18:00:00,/Volumes/Argus/unk/snap/c1/1692900000.c1.snap.jpg,0.36715907
2023-08-24 19:00:00,/Volumes/Argus/unk/snap/c1/1692903600.c1.snap.jpg,0.52575076
2023-08-24 19:30:00,/Volumes/Argus/unk/snap/c1/1692905400.c1.snap.jpg,0.49135306
2023-08-24 20:00:00,/Volumes/Argus/unk/snap/c1/1692907200.c1.snap.jpg,0.56913906
2023-08-24 21:00:00,/Volumes/Argus/unk/snap/c1/1692910800.c1.snap.jpg,0.70116246
2023-08-24 21:30:00,/Volumes/Argus/unk/snap/c1/1692912600.c1.snap.jpg,0.5332493
2023-08-24 22:00:00,/Volumes/Argus/unk/snap/c1/1692914400.c1.snap.jpg,0.5619763
2023-08-24 22:30:00,/Volumes/Argus/unk/snap/c1/1692916200.c1.snap.jpg,0.32267302
2023-08-24 23:00:00,/Volumes/Argus/unk/snap/c1/1692918000.c1.snap.jpg,0.3207633
2023-08-25 00:00:00,/Volumes/Argus/unk/snap/c1/1692921600.c1.snap.jpg,0.52829105
2023-08-25 00:30:00,/Volumes/Argus/unk/snap/c1/1692923400.c1.snap.jpg,0.4246577
2023-08-25 01:00:00,/Volumes/Argus/unk/snap/c1/1692925200.c1.snap.jpg,0.4138338
2023-08-25 01:30:00,/Volumes/Argus/unk/snap/c1/1692927000.c1.snap.jpg,0.5061242
2023-08-25 02:00:00,/Volumes/Argus/unk/snap/c1/1692928800.c1.snap.jpg,0.40446973
2023-08-25 02:30:00,/Volumes/Argus/unk/snap/c1/1692930600.c1.snap.jpg,0.48933762
2023-08-25 03:00:00,/Volumes/Argus/unk/snap/c1/1692932400.c1.snap.jpg,0.47046828
2023-08-25 03:30:00,/Volumes/Argus/unk/snap/c1/1692934200.c1.snap.jpg,0.43027264
2023-08-25 04:00:00,/Volumes/Argus/unk/snap/c1/1692936000.c1.snap.jpg,0.40274155
2023-08-25 04:30:00,/Volumes/Argus/unk/snap/c1/1692937800.c1.snap.jpg,0.40216327
2023-08-25 05:00:00,/Volumes/Argus/unk/snap/c1/1692939600.c1.snap.jpg,0.44076324
2023-08-25 05:30:00,/Volumes/Argus/unk/snap/c1/1692941400.c1.snap.jpg,0.26777387
2023-08-25 06:00:00,/Volumes/Argus/unk/snap/c1/1692943200.c1.snap.jpg,0.37723333
2023-08-25 06:30:00,/Volumes/Argus/unk/snap/c1/1692945000.c1.snap.jpg,0.446335
2023-08-25 07:00:00,/Volumes/Argus/unk/snap/c1/1692946800.c1.snap.jpg,0.37154597
2023-08-25 07:30:00,/Volumes/Argus/unk/snap/c1/1692948600.c1.snap.jpg,0.453091
2023-08-25 08:00:00,/Volumes/Argus/unk/snap/c1/1692950400.c1.snap.jpg,0.7799707
2023-08-25 15:00:00,/Volumes/Argus/unk/snap/c1/1692975600.c1.snap.jpg,0.32637995
2023-08-25 15:30:00,/Volumes/Argus/unk/snap/c1/1692977400.c1.snap.jpg,0.2610035
2023-08-25 16:00:00,/Volumes/Argus/unk/snap/c1/1692979200.c1.snap.jpg,0.2587502
2023-08-25 16:30:00,/Volumes/Argus/unk/snap/c1/1692981000.c1.snap.jpg,0.3715458
2023-08-25 17:00:00,/Volumes/Argus/unk/snap/c1/1692982800.c1.snap.jpg,0.22279783
2023-08-25 17:30:00,/Volumes/Argus/unk/snap/c1/1692984600.c1.snap.jpg,0.30195075
2023-08-25 18:00:00,/Volumes/Argus/unk/snap/c1/1692986400.c1.snap.jpg,0.29468352
2023-08-25 18:30:00,/Volumes/Argus/unk/snap/c1/1692988200.c1.snap.jpg,0.36826265
2023-08-25 19:00:00,/Volumes/Argus/unk/snap/c1/1692990000.c1.snap.jpg,0.31335104
2023-08-25 19:30:00,/Volumes/Argus/unk/snap/c1/1692991800.c1.snap.jpg,0.46374768
2023-08-25 20:00:00,/Volumes/Argus/unk/snap/c1/1692993600.c1.snap.jpg,0.4892402
2023-08-25 20:30:00,/Volumes/Argus/unk/snap/c1/1692995400.c1.snap.jpg,0.37235934
2023-08-25 21:00:00,/Volumes/Argus/unk/snap/c1/1692997200.c1.snap.jpg,0.4061755
2023-08-25 21:30:00,/Volumes/Argus/unk/snap/c1/1692999000.c1.snap.jpg,0.44775456
2023-08-25 22:00:00,/Volumes/Argus/unk/snap/c1/1693000800.c1.snap.jpg,0.509862
2023-08-25 22:30:00,/Volumes/Argus/unk/snap/c1/1693002600.c1.snap.jpg,0.49415037
2023-08-25 23:00:00,/Volumes/Argus/unk/snap/c1/1693004400.c1.snap.jpg,0.49611145
2023-08-25 23:30:00,/Volumes/Argus/unk/snap/c1/1693006200.c1.snap.jpg,0.45550177
2023-08-26 00:00:00,/Volumes/Argus/unk/snap/c1/1693008000.c1.snap.jpg,0.43919998
2023-08-26 00:30:00,/Volumes/Argus/unk/snap/c1/1693009800.c1.snap.jpg,0.46869725
2023-08-26 01:00:00,/Volumes/Argus/unk/snap/c1/1693011600.c1.snap.jpg,0.37496486
2023-08-26 01:30:00,/Volumes/Argus/unk/snap/c1/1693013400.c1.snap.jpg,0.45007557
2023-08-26 02:00:00,/Volumes/Argus/unk/snap/c1/1693015200.c1.snap.jpg,0.3418864
2023-08-29 04:00:00,/Volumes/Argus/unk/snap/c1/1693281600.c1.snap.jpg,0.4213463
2023-08-29 04:30:00,/Volumes/Argus/unk/snap/c1/1693283400.c1.snap.jpg,0.5059518
2023-08-29 05:00:00,/Volumes/Argus/unk/snap/c1/1693285200.c1.snap.jpg,0.6398449
2023-08-29 05:30:00,/Volumes/Argus/unk/snap/c1/1693287000.c1.snap.jpg,0.4901268
2023-08-29 06:00:00,/Volumes/Argus/unk/snap/c1/1693288800.c1.snap.jpg,0.52426636
2023-08-29 06:30:00,/Volumes/Argus/unk/snap/c1/1693290600.c1.snap.jpg,0.63702774
2023-08-29 07:00:00,/Volumes/Argus/unk/snap/c1/1693292400.c1.snap.jpg,0.61115676
2023-08-29 07:30:00,/Volumes/Argus/unk/snap/c1/1693294200.c1.snap.jpg,0.58637965
2023-08-29 08:00:00,/Volumes/Argus/unk/snap/c1/1693296000.c1.snap.jpg,0.85053766
2023-08-30 03:00:00,/Volumes/Argus/unk/snap/c1/1693364400.c1.snap.jpg,0.30956843
2023-08-30 03:30:00,/Volumes/Argus/unk/snap/c1/1693366200.c1.snap.jpg,0.34258145
2023-08-30 04:00:00,/Volumes/Argus/unk/snap/c1/1693368000.c1.snap.jpg,0.59899116
2023-08-30 04:30:00,/Volumes/Argus/unk/snap/c1/1693369800.c1.snap.jpg,0.44656837
2023-08-30 05:00:00,/Volumes/Argus/unk/snap/c1/1693371600.c1.snap.jpg,0.35892048
2023-08-30 05:30:00,/Volumes/Argus/unk/snap/c1/1693373400.c1.snap.jpg,0.3306359
2023-08-30 06:00:00,/Volumes/Argus/unk/snap/c1/1693375200.c1.snap.jpg,0.46511102
2023-08-30 06:30:00,/Volumes/Argus/unk/snap/c1/1693377000.c1.snap.jpg,0.43647575
2023-08-30 07:00:00,/Volumes/Argus/unk/snap/c1/1693378800.c1.snap.jpg,0.3178826
2023-08-30 07:30:00,/Volumes/Argus/unk/snap/c1/1693380600.c1.snap.jpg,0.7130882
2023-08-30 08:00:00,/Volumes/Argus/unk/snap/c1/1693382400.c1.snap.jpg,1.0455203
2023-08-30 14:30:00,/Volumes/Argus/unk/snap/c1/1693405800.c1.snap.jpg,0.31494564
2023-08-30 15:00:00,/Volumes/Argus/unk/snap/c1/1693407600.c1.snap.jpg,0.2503693
2023-08-30 15:30:00,/Volumes/Argus/unk/snap/c1/1693409400.c1.snap.jpg,0.22120684
2023-08-30 16:00:00,/Volumes/Argus/unk/snap/c1/1693411200.c1.snap.jpg,0.27907482
2023-08-30 16:30:00,/Volumes/Argus/unk/snap/c1/1693413000.c1.snap.jpg,0.2934814
2023-08-30 17:00:00,/Volumes/Argus/unk/snap/c1/1693414800.c1.snap.jpg,0.34596688
2023-08-30 17:30:00,/Volumes/Argus/unk/snap/c1/1693416600.c1.snap.jpg,0.32040134
2023-08-30 18:00:00,/Volumes/Argus/unk/snap/c1/1693418400.c1.snap.jpg,0.28246504
2023-08-30 18:30:00,/Volumes/Argus/unk/snap/c1/1693420200.c1.snap.jpg,0.2650851
2023-08-30 19:00:00,/Volumes/Argus/unk/snap/c1/1693422000.c1.snap.jpg,0.22869839
2023-08-30 22:00:00,/Volumes/Argus/unk/snap/c1/1693432800.c1.snap.jpg,0.27215952
2023-08-30 22:30:00,/Volumes/Argus/unk/snap/c1/1693434600.c1.snap.jpg,0.26574746
2023-08-30 23:00:00,/Volumes/Argus/unk/snap/c1/1693436400.c1.snap.jpg,0.26181066
2023-08-30 23:30:00,/Volumes/Argus/unk/snap/c1/1693438200.c1.snap.jpg,0.2645724
2023-08-31 00:00:00,/Volumes/Argus/unk/snap/c1/1693440000.c1.snap.jpg,0.29932278
2023-08-31 00:30:00,/Volumes/Argus/unk/snap/c1/1693441800.c1.snap.jpg,0.5998342
2023-08-31 01:30:00,/Volumes/Argus/unk/snap/c1/1693445400.c1.snap.jpg,0.44262698
2023-08-31 02:00:00,/Volumes/Argus/unk/snap/c1/1693447200.c1.snap.jpg,0.3446852
2023-08-31 02:30:00,/Volumes/Argus/unk/snap/c1/1693449000.c1.snap.jpg,0.49876845
2023-08-31 03:00:00,/Volumes/Argus/unk/snap/c1/1693450800.c1.snap.jpg,0.24768879
2023-08-31 03:30:00,/Volumes/Argus/unk/snap/c1/1693452600.c1.snap.jpg,0.39432526
2023-08-31 04:00:00,/Volumes/Argus/unk/snap/c1/1693454400.c1.snap.jpg,0.3485539
2023-08-31 04:30:00,/Volumes/Argus/unk/snap/c1/1693456200.c1.snap.jpg,0.2762899
2023-08-31 05:00:00,/Volumes/Argus/unk/snap/c1/1693458000.c1.snap.jpg,0.3076743
2023-08-31 05:30:00,/Volumes/Argus/unk/snap/c1/1693459800.c1.snap.jpg,0.2567175
2023-08-31 06:00:00,/Volumes/Argus/unk/snap/c1/1693461600.c1.snap.jpg,0.58922577
2023-08-31 06:30:00,/Volumes/Argus/unk/snap/c1/1693463400.c1.snap.jpg,0.5702282
2023-08-31 07:00:00,/Volumes/Argus/unk/snap/c1/1693465200.c1.snap.jpg,0.62819237
2023-08-31 07:30:00,/Volumes/Argus/unk/snap/c1/1693467000.c1.snap.jpg,0.57118
2023-08-31 08:00:00,/Volumes/Argus/unk/snap/c1/1693468800.c1.snap.jpg,1.7895306
2023-08-31 14:30:00,/Volumes/Argus/unk/snap/c1/1693492200.c1.snap.jpg,0.47728842
2023-08-31 15:00:00,/Volumes/Argus/unk/snap/c1/1693494000.c1.snap.jpg,0.24357662
2023-08-31 15:30:00,/Volumes/Argus/unk/snap/c1/1693495800.c1.snap.jpg,0.28977847
2023-08-31 16:00:00,/Volumes/Argus/unk/snap/c1/1693497600.c1.snap.jpg,0.22985774
2023-08-31 16:30:00,/Volumes/Argus/unk/snap/c1/1693499400.c1.snap.jpg,0.27170634
2023-08-31 17:00:00,/Volumes/Argus/unk/snap/c1/1693501200.c1.snap.jpg,0.25077844
2023-08-31 17:30:00,/Volumes/Argus/unk/snap/c1/1693503000.c1.snap.jpg,0.33317426
2023-08-31 18:00:00,/Volumes/Argus/unk/snap/c1/1693504800.c1.snap.jpg,0.25819233
2023-08-31 18:30:00,/Volumes/Argus/unk/snap/c1/1693506600.c1.snap.jpg,0.31829888
2023-08-31 19:00:00,/Volumes/Argus/unk/snap/c1/1693508400.c1.snap.jpg,0.4049625
2023-08-31 19:30:00,/Volumes/Argus/unk/snap/c1/1693510200.c1.snap.jpg,0.30743003
2023-08-31 20:00:00,/Volumes/Argus/unk/snap/c1/1693512000.c1.snap.jpg,0.29959664
2023-08-31 20:30:00,/Volumes/Argus/unk/snap/c1/1693513800.c1.snap.jpg,0.30532792
2023-08-31 21:00:00,/Volumes/Argus/unk/snap/c1/1693515600.c1.snap.jpg,0.33199906
2023-08-31 21:30:00,/Volumes/Argus/unk/snap/c1/1693517400.c1.snap.jpg,0.31212994
2023-08-31 23:00:00,/Volumes/Argus/unk/snap/c1/1693522800.c1.snap.jpg,0.35066575
2023-08-31 23:30:00,/Volumes/Argus/unk/snap/c1/1693524600.c1.snap.jpg,0.25951096
2023-09-01 00:00:00,/Volumes/Argus/unk/snap/c1/1693526400.c1.snap.jpg,0.2824041
2023-09-01 00:30:00,/Volumes/Argus/unk/snap/c1/1693528200.c1.snap.jpg,0.2358301
2023-09-01 01:00:00,/Volumes/Argus/unk/snap/c1/1693530000.c1.snap.jpg,0.25923634
2023-09-01 01:30:00,/Volumes/Argus/unk/snap/c1/1693531800.c1.snap.jpg,0.34869322
2023-09-01 02:00:00,/Volumes/Argus/unk/snap/c1/1693533600.c1.snap.jpg,0.3107255
2023-09-01 03:00:00,/Volumes/Argus/unk/snap/c1/1693537200.c1.snap.jpg,0.41714147
2023-09-01 03:30:00,/Volumes/Argus/unk/snap/c1/1693539000.c1.snap.jpg,0.35208195
2023-09-01 04:00:00,/Volumes/Argus/unk/snap/c1/1693540800.c1.snap.jpg,0.36295408
2023-09-01 04:30:00,/Volumes/Argus/unk/snap/c1/1693542600.c1.snap.jpg,0.31341678
2023-09-01 05:00:00,/Volumes/Argus/unk/snap/c1/1693544400.c1.snap.jpg,0.546416
2023-09-01 05:30:00,/Volumes/Argus/unk/snap/c1/1693546200.c1.snap.jpg,0.37457472
2023-09-01 06:00:00,/Volumes/Argus/unk/snap/c1/1693548000.c1.snap.jpg,0.3729177
2023-09-01 06:30:00,/Volumes/Argus/unk/snap/c1/1693549800.c1.snap.jpg,0.3356451
2023-09-01 07:00:00,/Volumes/Argus/unk/snap/c1/1693551600.c1.snap.jpg,0.36826348
2023-09-01 07:30:00,/Volumes/Argus/unk/snap/c1/1693553400.c1.snap.jpg,1.850273
2023-09-01 08:00:00,/Volumes/Argus/unk/snap/c1/1693555200.c1.snap.jpg,1.8010187
2023-09-01 14:30:00,/Volumes/Argus/unk/snap/c1/1693578600.c1.snap.jpg,1.2032868
2023-09-01 15:00:00,/Volumes/Argus/unk/snap/c1/1693580400.c1.snap.jpg,1.3106157
2023-09-01 15:30:00,/Volumes/Argus/unk/snap/c1/1693582200.c1.snap.jpg,1.570032
2023-09-01 16:00:00,/Volumes/Argus/unk/snap/c1/1693584000.c1.snap.jpg,1.535124
2023-09-01 16:30:00,/Volumes/Argus/unk/snap/c1/1693585800.c1.snap.jpg,1.6841319
2023-09-01 17:00:00,/Volumes/Argus/unk/snap/c1/1693587600.c1.snap.jpg,1.8026893
2023-09-01 18:00:00,/Volumes/Argus/unk/snap/c1/1693591200.c1.snap.jpg,1.8195511
2023-09-01 18:30:00,/Volumes/Argus/unk/snap/c1/1693593000.c1.snap.jpg,1.6475875
2023-09-01 19:00:00,/Volumes/Argus/unk/snap/c1/1693594800.c1.snap.jpg,1.5023489
2023-09-01 19:30:00,/Volumes/Argus/unk/snap/c1/1693596600.c1.snap.jpg,1.3613228
2023-09-01 20:00:00,/Volumes/Argus/unk/snap/c1/1693598400.c1.snap.jpg,1.4107777
2023-09-01 20:30:00,/Volumes/Argus/unk/snap/c1/1693600200.c1.snap.jpg,1.5776895
2023-09-01 21:00:00,/Volumes/Argus/unk/snap/c1/1693602000.c1.snap.jpg,1.6849965
2023-09-01 21:30:00,/Volumes/Argus/unk/snap/c1/1693603800.c1.snap.jpg,1.78201
2023-09-01 22:00:00,/Volumes/Argus/unk/snap/c1/1693605600.c1.snap.jpg,1.7519604
2023-09-01 23:00:00,/Volumes/Argus/unk/snap/c1/1693609200.c1.snap.jpg,1.8559066
2023-09-01 23:30:00,/Volumes/Argus/unk/snap/c1/1693611000.c1.snap.jpg,1.9755919
2023-09-02 00:30:00,/Volumes/Argus/unk/snap/c1/1693614600.c1.snap.jpg,2.3438373
2023-09-02 01:00:00,/Volumes/Argus/unk/snap/c1/1693616400.c1.snap.jpg,2.2454047
2023-09-02 01:30:00,/Volumes/Argus/unk/snap/c1/1693618200.c1.snap.jpg,2.3599448
2023-09-02 02:00:00,/Volumes/Argus/unk/snap/c1/1693620000.c1.snap.jpg,2.3336558
2023-09-02 02:30:00,/Volumes/Argus/unk/snap/c1/1693621800.c1.snap.jpg,2.2241645
2023-09-02 03:00:00,/Volumes/Argus/unk/snap/c1/1693623600.c1.snap.jpg,2.2772918
2023-09-02 03:30:00,/Volumes/Argus/unk/snap/c1/1693625400.c1.snap.jpg,2.3063598
2023-09-02 04:00:00,/Volumes/Argus/unk/snap/c1/1693627200.c1.snap.jpg,2.4484649
2023-09-02 04:30:00,/Volumes/Argus/unk/snap/c1/1693629000.c1.snap.jpg,2.2519317
2023-09-02 05:00:00,/Volumes/Argus/unk/snap/c1/1693630800.c1.snap.jpg,2.1137996
2023-09-02 05:30:00,/Volumes/Argus/unk/snap/c1/1693632600.c1.snap.jpg,2.2444515
2023-09-02 06:30:00,/Volumes/Argus/unk/snap/c1/1693636200.c1.snap.jpg,2.0996437
2023-09-02 07:00:00,/Volumes/Argus/unk/snap/c1/1693638000.c1.snap.jpg,2.0724921
2023-09-02 07:30:00,/Volumes/Argus/unk/snap/c1/1693639800.c1.snap.jpg,1.9937992
2023-09-02 08:00:00,/Volumes/Argus/unk/snap/c1/1693641600.c1.snap.jpg,1.8402365
2023-09-02 16:30:00,/Volumes/Argus/unk/snap/c1/1693672200.c1.snap.jpg,0.46011272
2023-09-02 17:00:00,/Volumes/Argus/unk/snap/c1/1693674000.c1.snap.jpg,0.45472637
2023-09-02 17:30:00,/Volumes/Argus/unk/snap/c1/1693675800.c1.snap.jpg,0.39898747
2023-09-02 18:00:00,/Volumes/Argus/unk/snap/c1/1693677600.c1.snap.jpg,0.2493736
2023-09-02 18:30:00,/Volumes/Argus/unk/snap/c1/1693679400.c1.snap.jpg,0.37111697
2023-09-02 19:00:00,/Volumes/Argus/unk/snap/c1/1693681200.c1.snap.jpg,0.35981804
2023-09-02 19:30:00,/Volumes/Argus/unk/snap/c1/1693683000.c1.snap.jpg,0.22787358
2023-09-02 20:30:00,/Volumes/Argus/unk/snap/c1/1693686600.c1.snap.jpg,0.7435717
2023-09-02 21:00:00,/Volumes/Argus/unk/snap/c1/1693688400.c1.snap.jpg,0.26851052
2023-09-02 21:30:00,/Volumes/Argus/unk/snap/c1/1693690200.c1.snap.jpg,0.30197546
2023-09-02 22:00:00,/Volumes/Argus/unk/snap/c1/1693692000.c1.snap.jpg,0.5386566
2023-09-02 22:30:00,/Volumes/Argus/unk/snap/c1/1693693800.c1.snap.jpg,0.4807033
2023-09-02 23:00:00,/Volumes/Argus/unk/snap/c1/1693695600.c1.snap.jpg,0.52831024
2023-09-02 23:30:00,/Volumes/Argus/unk/snap/c1/1693697400.c1.snap.jpg,0.53679645
2023-09-03 00:00:00,/Volumes/Argus/unk/snap/c1/1693699200.c1.snap.jpg,0.56442565
2023-09-03 00:30:00,/Volumes/Argus/unk/snap/c1/1693701000.c1.snap.jpg,0.60746634
2023-09-03 01:00:00,/Volumes/Argus/unk/snap/c1/1693702800.c1.snap.jpg,0.6007838
2023-09-03 01:30:00,/Volumes/Argus/unk/snap/c1/1693704600.c1.snap.jpg,0.4174288
2023-09-03 02:00:00,/Volumes/Argus/unk/snap/c1/1693706400.c1.snap.jpg,0.5624871
2023-09-03 02:30:00,/Volumes/Argus/unk/snap/c1/1693708200.c1.snap.jpg,0.69270056
2023-09-03 03:30:00,/Volumes/Argus/unk/snap/c1/1693711800.c1.snap.jpg,0.78254163
2023-09-03 04:00:00,/Volumes/Argus/unk/snap/c1/1693713600.c1.snap.jpg,0.77730215
2023-09-03 04:30:00,/Volumes/Argus/unk/snap/c1/1693715400.c1.snap.jpg,0.8143186
2023-09-03 05:00:00,/Volumes/Argus/unk/snap/c1/1693717200.c1.snap.jpg,0.8536158
2023-09-03 05:30:00,/Volumes/Argus/unk/snap/c1/1693719000.c1.snap.jpg,0.7758765
2023-09-03 06:30:00,/Volumes/Argus/unk/snap/c1/1693722600.c1.snap.jpg,0.5585575
2023-09-03 07:00:00,/Volumes/Argus/unk/snap/c1/1693724400.c1.snap.jpg,0.87045157
2023-09-03 14:30:00,/Volumes/Argus/unk/snap/c1/1693751400.c1.snap.jpg,1.1086065
2023-09-03 15:00:00,/Volumes/Argus/unk/snap/c1/1693753200.c1.snap.jpg,0.85036147
2023-09-03 15:30:00,/Volumes/Argus/unk/snap/c1/1693755000.c1.snap.jpg,0.7027477
2023-09-03 16:00:00,/Volumes/Argus/unk/snap/c1/1693756800.c1.snap.jpg,0.6857096
2023-09-03 16:30:00,/Volumes/Argus/unk/snap/c1/1693758600.c1.snap.jpg,0.7225497
2023-09-03 17:00:00,/Volumes/Argus/unk/snap/c1/1693760400.c1.snap.jpg,0.70444524
2023-09-03 17:30:00,/Volumes/Argus/unk/snap/c1/1693762200.c1.snap.jpg,0.71217173
2023-09-03 18:00:00,/Volumes/Argus/unk/snap/c1/1693764000.c1.snap.jpg,0.6791114
2023-09-03 18:30:00,/Volumes/Argus/unk/snap/c1/1693765800.c1.snap.jpg,0.7005729
2023-09-03 19:00:00,/Volumes/Argus/unk/snap/c1/1693767600.c1.snap.jpg,0.6807995
2023-09-03 20:00:00,/Volumes/Argus/unk/snap/c1/1693771200.c1.snap.jpg,0.6012554
2023-09-03 20:30:00,/Volumes/Argus/unk/snap/c1/1693773000.c1.snap.jpg,0.5853213
2023-09-03 21:00:00,/Volumes/Argus/unk/snap/c1/1693774800.c1.snap.jpg,0.63149554
2023-09-03 21:30:00,/Volumes/Argus/unk/snap/c1/1693776600.c1.snap.jpg,0.5954393
2023-09-03 22:30:00,/Volumes/Argus/unk/snap/c1/1693780200.c1.snap.jpg,0.6620665
2023-09-03 23:30:00,/Volumes/Argus/unk/snap/c1/1693783800.c1.snap.jpg,0.6670526
2023-09-04 00:00:00,/Volumes/Argus/unk/snap/c1/1693785600.c1.snap.jpg,0.7548996
2023-09-04 00:30:00,/Volumes/Argus/unk/snap/c1/1693787400.c1.snap.jpg,0.73929864
2023-09-04 01:00:00,/Volumes/Argus/unk/snap/c1/1693789200.c1.snap.jpg,0.7818602
2023-09-04 01:30:00,/Volumes/Argus/unk/snap/c1/1693791000.c1.snap.jpg,0.7652284
2023-09-04 02:00:00,/Volumes/Argus/unk/snap/c1/1693792800.c1.snap.jpg,1.2167873
2023-09-04 02:30:00,/Volumes/Argus/unk/snap/c1/1693794600.c1.snap.jpg,0.76648486
2023-09-04 03:00:00,/Volumes/Argus/unk/snap/c1/1693796400.c1.snap.jpg,0.8396962
2023-09-04 03:30:00,/Volumes/Argus/unk/snap/c1/1693798200.c1.snap.jpg,0.80691373
2023-09-04 04:00:00,/Volumes/Argus/unk/snap/c1/1693800000.c1.snap.jpg,0.6805286
2023-09-04 04:30:00,/Volumes/Argus/unk/snap/c1/1693801800.c1.snap.jpg,0.79466087
2023-09-04 05:00:00,/Volumes/Argus/unk/snap/c1/1693803600.c1.snap.jpg,0.8803029
2023-09-04 06:00:00,/Volumes/Argus/unk/snap/c1/1693807200.c1.snap.jpg,1.1742642
2023-09-04 14:30:00,/Volumes/Argus/unk/snap/c1/1693837800.c1.snap.jpg,0.93221694
2023-09-04 15:00:00,/Volumes/Argus/unk/snap/c1/1693839600.c1.snap.jpg,0.5325724
2023-09-04 15:30:00,/Volumes/Argus/unk/snap/c1/1693841400.c1.snap.jpg,0.78846633
2023-09-04 16:00:00,/Volumes/Argus/unk/snap/c1/1693843200.c1.snap.jpg,0.5880906
2023-09-04 16:30:00,/Volumes/Argus/unk/snap/c1/1693845000.c1.snap.jpg,0.68377405
2023-09-04 17:00:00,/Volumes/Argus/unk/snap/c1/1693846800.c1.snap.jpg,0.6131811
2023-09-04 17:30:00,/Volumes/Argus/unk/snap/c1/1693848600.c1.snap.jpg,0.6581379
2023-09-04 18:30:00,/Volumes/Argus/unk/snap/c1/1693852200.c1.snap.jpg,0.6072718
2023-09-04 19:00:00,/Volumes/Argus/unk/snap/c1/1693854000.c1.snap.jpg,0.51699317
2023-09-04 19:30:00,/Volumes/Argus/unk/snap/c1/1693855800.c1.snap.jpg,0.58185804
2023-09-04 20:00:00,/Volumes/Argus/unk/snap/c1/1693857600.c1.snap.jpg,0.50906384
2023-09-04 21:00:00,/Volumes/Argus/unk/snap/c1/1693861200.c1.snap.jpg,0.4522053
2023-09-04 21:30:00,/Volumes/Argus/unk/snap/c1/1693863000.c1.snap.jpg,0.50397944
2023-09-04 22:30:00,/Volumes/Argus/unk/snap/c1/1693866600.c1.snap.jpg,0.47638607
2023-09-04 23:00:00,/Volumes/Argus/unk/snap/c1/1693868400.c1.snap.jpg,0.4125276
2023-09-04 23:30:00,/Volumes/Argus/unk/snap/c1/1693870200.c1.snap.jpg,0.4329009
2023-09-05 00:00:00,/Volumes/Argus/unk/snap/c1/1693872000.c1.snap.jpg,0.7507555
2023-09-05 00:30:00,/Volumes/Argus/unk/snap/c1/1693873800.c1.snap.jpg,0.6282717
2023-09-05 01:00:00,/Volumes/Argus/unk/snap/c1/1693875600.c1.snap.jpg,0.5956272
2023-09-05 01:30:00,/Volumes/Argus/unk/snap/c1/1693877400.c1.snap.jpg,0.6220394
2023-09-05 02:00:00,/Volumes/Argus/unk/snap/c1/1693879200.c1.snap.jpg,0.2822497
2023-09-05 02:30:00,/Volumes/Argus/unk/snap/c1/1693881000.c1.snap.jpg,0.3504845
2023-09-05 03:00:00,/Volumes/Argus/unk/snap/c1/1693882800.c1.snap.jpg,0.3610906
2023-09-05 04:00:00,/Volumes/Argus/unk/snap/c1/1693886400.c1.snap.jpg,0.22699931
2023-09-05 04:30:00,/Volumes/Argus/unk/snap/c1/1693888200.c1.snap.jpg,0.23246159
2023-09-05 05:00:00,/Volumes/Argus/unk/snap/c1/1693890000.c1.snap.jpg,0.3503068
2023-09-05 05:30:00,/Volumes/Argus/unk/snap/c1/1693891800.c1.snap.jpg,0.38567853
2023-09-05 06:00:00,/Volumes/Argus/unk/snap/c1/1693893600.c1.snap.jpg,0.44933158
2023-09-05 06:30:00,/Volumes/Argus/unk/snap/c1/1693895400.c1.snap.jpg,0.6126549
2023-09-05 15:00:00,/Volumes/Argus/unk/snap/c1/1693926000.c1.snap.jpg,0.72851956
2023-09-05 15:30:00,/Volumes/Argus/unk/snap/c1/1693927800.c1.snap.jpg,0.72585773
2023-09-05 16:00:00,/Volumes/Argus/unk/snap/c1/1693929600.c1.snap.jpg,0.7355503
2023-09-05 16:30:00,/Volumes/Argus/unk/snap/c1/1693931400.c1.snap.jpg,0.7119342
2023-09-05 17:00:00,/Volumes/Argus/unk/snap/c1/1693933200.c1.snap.jpg,0.66772276
2023-09-05 17:30:00,/Volumes/Argus/unk/snap/c1/1693935000.c1.snap.jpg,0.70370555
2023-09-05 18:00:00,/Volumes/Argus/unk/snap/c1/1693936800.c1.snap.jpg,0.68957144
2023-09-05 18:30:00,/Volumes/Argus/unk/snap/c1/1693938600.c1.snap.jpg,0.73140854
2023-09-05 19:00:00,/Volumes/Argus/unk/snap/c1/1693940400.c1.snap.jpg,0.8289411
2023-09-05 19:30:00,/Volumes/Argus/unk/snap/c1/1693942200.c1.snap.jpg,0.7862782
2023-09-05 20:00:00,/Volumes/Argus/unk/snap/c1/1693944000.c1.snap.jpg,0.88934207
2023-09-05 22:30:00,/Volumes/Argus/unk/snap/c1/1693953000.c1.snap.jpg,1.219359
2023-09-05 23:00:00,/Volumes/Argus/unk/snap/c1/1693954800.c1.snap.jpg,1.3690488
2023-09-05 23:30:00,/Volumes/Argus/unk/snap/c1/1693956600.c1.snap.jpg,1.346765
2023-09-06 00:00:00,/Volumes/Argus/unk/snap/c1/1693958400.c1.snap.jpg,1.1479686
2023-09-06 00:30:00,/Volumes/Argus/unk/snap/c1/1693960200.c1.snap.jpg,1.209596
2023-09-06 01:00:00,/Volumes/Argus/unk/snap/c1/1693962000.c1.snap.jpg,1.2228113
2023-09-06 01:30:00,/Volumes/Argus/unk/snap/c1/1693963800.c1.snap.jpg,1.2709948
2023-09-06 02:00:00,/Volumes/Argus/unk/snap/c1/1693965600.c1.snap.jpg,1.2792712
2023-09-06 02:30:00,/Volumes/Argus/unk/snap/c1/1693967400.c1.snap.jpg,1.3659326
2023-09-06 03:00:00,/Volumes/Argus/unk/snap/c1/1693969200.c1.snap.jpg,1.3634772
2023-09-06 03:30:00,/Volumes/Argus/unk/snap/c1/1693971000.c1.snap.jpg,1.2919065
2023-09-06 04:00:00,/Volumes/Argus/unk/snap/c1/1693972800.c1.snap.jpg,1.1977218
2023-09-06 04:30:00,/Volumes/Argus/unk/snap/c1/1693974600.c1.snap.jpg,1.080239
2023-09-06 05:00:00,/Volumes/Argus/unk/snap/c1/1693976400.c1.snap.jpg,1.1936711
2023-09-06 06:00:00,/Volumes/Argus/unk/snap/c1/1693980000.c1.snap.jpg,0.9707722
2023-09-06 06:30:00,/Volumes/Argus/unk/snap/c1/1693981800.c1.snap.jpg,0.84517777
2023-09-06 15:00:00,/Volumes/Argus/unk/snap/c1/1694012400.c1.snap.jpg,0.6900848
2023-09-06 15:30:00,/Volumes/Argus/unk/snap/c1/1694014200.c1.snap.jpg,0.9027112
2023-09-06 16:00:00,/Volumes/Argus/unk/snap/c1/1694016000.c1.snap.jpg,0.8849478
2023-09-06 16:30:00,/Volumes/Argus/unk/snap/c1/1694017800.c1.snap.jpg,0.9070325
2023-09-06 17:00:00,/Volumes/Argus/unk/snap/c1/1694019600.c1.snap.jpg,0.8884562
2023-09-06 17:30:00,/Volumes/Argus/unk/snap/c1/1694021400.c1.snap.jpg,0.72427356
2023-09-06 18:00:00,/Volumes/Argus/unk/snap/c1/1694023200.c1.snap.jpg,0.86113596
2023-09-06 18:30:00,/Volumes/Argus/unk/snap/c1/1694025000.c1.snap.jpg,0.7861457
2023-09-06 19:00:00,/Volumes/Argus/unk/snap/c1/1694026800.c1.snap.jpg,0.8174242
2023-09-06 19:30:00,/Volumes/Argus/unk/snap/c1/1694028600.c1.snap.jpg,0.9107274
2023-09-06 20:00:00,/Volumes/Argus/unk/snap/c1/1694030400.c1.snap.jpg,0.96160203
2023-09-06 20:30:00,/Volumes/Argus/unk/snap/c1/1694032200.c1.snap.jpg,1.0114076
2023-09-06 21:00:00,/Volumes/Argus/unk/snap/c1/1694034000.c1.snap.jpg,0.9797992
2023-09-06 21:30:00,/Volumes/Argus/unk/snap/c1/1694035800.c1.snap.jpg,0.8272172
2023-09-06 22:00:00,/Volumes/Argus/unk/snap/c1/1694037600.c1.snap.jpg,0.968392
2023-09-06 22:30:00,/Volumes/Argus/unk/snap/c1/1694039400.c1.snap.jpg,0.7508572
2023-09-06 23:00:00,/Volumes/Argus/unk/snap/c1/1694041200.c1.snap.jpg,0.86820793
2023-09-06 23:30:00,/Volumes/Argus/unk/snap/c1/1694043000.c1.snap.jpg,0.835135
2023-09-07 00:00:00,/Volumes/Argus/unk/snap/c1/1694044800.c1.snap.jpg,0.840128
2023-09-07 00:30:00,/Volumes/Argus/unk/snap/c1/1694046600.c1.snap.jpg,0.80027074
2023-09-07 01:00:00,/Volumes/Argus/unk/snap/c1/1694048400.c1.snap.jpg,0.86280227
2023-09-07 01:30:00,/Volumes/Argus/unk/snap/c1/1694050200.c1.snap.jpg,0.8232747
2023-09-07 02:00:00,/Volumes/Argus/unk/snap/c1/1694052000.c1.snap.jpg,0.91909575
2023-09-07 03:00:00,/Volumes/Argus/unk/snap/c1/1694055600.c1.snap.jpg,0.8269905
2023-09-07 03:30:00,/Volumes/Argus/unk/snap/c1/1694057400.c1.snap.jpg,0.7506592
2023-09-07 04:00:00,/Volumes/Argus/unk/snap/c1/1694059200.c1.snap.jpg,0.7124661
2023-09-07 04:30:00,/Volumes/Argus/unk/snap/c1/1694061000.c1.snap.jpg,0.82170665
2023-09-07 05:00:00,/Volumes/Argus/unk/snap/c1/1694062800.c1.snap.jpg,0.6511429
2023-09-07 06:00:00,/Volumes/Argus/unk/snap/c1/1694066400.c1.snap.jpg,0.80137354
2023-09-07 06:30:00,/Volumes/Argus/unk/snap/c1/1694068200.c1.snap.jpg,0.5582323
2023-09-07 15:00:00,/Volumes/Argus/unk/snap/c1/1694098800.c1.snap.jpg,0.86313486
2023-09-07 15:30:00,/Volumes/Argus/unk/snap/c1/1694100600.c1.snap.jpg,0.8698289
2023-09-07 16:00:00,/Volumes/Argus/unk/snap/c1/1694102400.c1.snap.jpg,0.71980554
2023-09-07 16:30:00,/Volumes/Argus/unk/snap/c1/1694104200.c1.snap.jpg,0.6267412
2023-09-07 17:00:00,/Volumes/Argus/unk/snap/c1/1694106000.c1.snap.jpg,0.6554098
2023-09-07 17:30:00,/Volumes/Argus/unk/snap/c1/1694107800.c1.snap.jpg,0.6271779
2023-09-07 18:00:00,/Volumes/Argus/unk/snap/c1/1694109600.c1.snap.jpg,0.72611624
2023-09-07 18:30:00,/Volumes/Argus/unk/snap/c1/1694111400.c1.snap.jpg,0.73952186
2023-09-07 19:00:00,/Volumes/Argus/unk/snap/c1/1694113200.c1.snap.jpg,0.79797417
2023-09-07 19:30:00,/Volumes/Argus/unk/snap/c1/1694115000.c1.snap.jpg,0.6046848
2023-09-07 20:00:00,/Volumes/Argus/unk/snap/c1/1694116800.c1.snap.jpg,0.69161016
2023-09-07 20:30:00,/Volumes/Argus/unk/snap/c1/1694118600.c1.snap.jpg,0.5401418
2023-09-07 21:00:00,/Volumes/Argus/unk/snap/c1/1694120400.c1.snap.jpg,0.6090748
2023-09-07 21:30:00,/Volumes/Argus/unk/snap/c1/1694122200.c1.snap.jpg,0.6866427
2023-09-07 22:00:00,/Volumes/Argus/unk/snap/c1/1694124000.c1.snap.jpg,0.70014447
2023-09-07 22:30:00,/Volumes/Argus/unk/snap/c1/1694125800.c1.snap.jpg,0.62630665
2023-09-07 23:00:00,/Volumes/Argus/unk/snap/c1/1694127600.c1.snap.jpg,0.6843327
2023-09-07 23:30:00,/Volumes/Argus/unk/snap/c1/1694129400.c1.snap.jpg,0.6466453
2023-09-08 00:00:00,/Volumes/Argus/unk/snap/c1/1694131200.c1.snap.jpg,0.7845059
2023-09-08 00:30:00,/Volumes/Argus/unk/snap/c1/1694133000.c1.snap.jpg,0.7360839
2023-09-08 01:00:00,/Volumes/Argus/unk/snap/c1/1694134800.c1.snap.jpg,0.71645546
2023-09-08 01:30:00,/Volumes/Argus/unk/snap/c1/1694136600.c1.snap.jpg,0.76327044
2023-09-08 02:00:00,/Volumes/Argus/unk/snap/c1/1694138400.c1.snap.jpg,0.69585145
2023-09-08 02:30:00,/Volumes/Argus/unk/snap/c1/1694140200.c1.snap.jpg,0.52422243
2023-09-08 03:00:00,/Volumes/Argus/unk/snap/c1/1694142000.c1.snap.jpg,0.6525099
2023-09-08 06:00:00,/Volumes/Argus/unk/snap/c1/1694152800.c1.snap.jpg,0.6523322
2023-09-08 06:30:00,/Volumes/Argus/unk/snap/c1/1694154600.c1.snap.jpg,0.42324463
2023-09-08 15:00:00,/Volumes/Argus/unk/snap/c1/1694185200.c1.snap.jpg,0.42620325
2023-09-08 15:30:00,/Volumes/Argus/unk/snap/c1/1694187000.c1.snap.jpg,0.2363447
2023-09-08 16:00:00,/Volumes/Argus/unk/snap/c1/1694188800.c1.snap.jpg,0.363178
2023-09-08 16:30:00,/Volumes/Argus/unk/snap/c1/1694190600.c1.snap.jpg,0.41484815
2023-09-08 17:00:00,/Volumes/Argus/unk/snap/c1/1694192400.c1.snap.jpg,0.39672017
2023-09-08 17:30:00,/Volumes/Argus/unk/snap/c1/1694194200.c1.snap.jpg,0.38302988
2023-09-08 18:00:00,/Volumes/Argus/unk/snap/c1/1694196000.c1.snap.jpg,0.37736386
2023-09-08 18:30:00,/Volumes/Argus/unk/snap/c1/1694197800.c1.snap.jpg,0.40436676
2023-09-08 19:00:00,/Volumes/Argus/unk/snap/c1/1694199600.c1.snap.jpg,0.34741718
2023-09-08 19:30:00,/Volumes/Argus/unk/snap/c1/1694201400.c1.snap.jpg,0.3538919
2023-09-08 20:30:00,/Volumes/Argus/unk/snap/c1/1694205000.c1.snap.jpg,0.4367593
2023-09-08 21:00:00,/Volumes/Argus/unk/snap/c1/1694206800.c1.snap.jpg,0.4568013
2023-09-08 21:30:00,/Volumes/Argus/unk/snap/c1/1694208600.c1.snap.jpg,0.3651299
2023-09-08 22:00:00,/Volumes/Argus/unk/snap/c1/1694210400.c1.snap.jpg,0.4631681
2023-09-09 00:30:00,/Volumes/Argus/unk/snap/c1/1694219400.c1.snap.jpg,0.44300383
2023-09-09 01:00:00,/Volumes/Argus/unk/snap/c1/1694221200.c1.snap.jpg,0.43122432
2023-09-09 01:30:00,/Volumes/Argus/unk/snap/c1/1694223000.c1.snap.jpg,0.6314624
2023-09-09 02:00:00,/Volumes/Argus/unk/snap/c1/1694224800.c1.snap.jpg,0.43859816
2023-09-09 02:30:00,/Volumes/Argus/unk/snap/c1/1694226600.c1.snap.jpg,0.6390619
2023-09-09 03:00:00,/Volumes/Argus/unk/snap/c1/1694228400.c1.snap.jpg,0.522882
2023-09-09 04:30:00,/Volumes/Argus/unk/snap/c1/1694233800.c1.snap.jpg,0.39345706
2023-09-09 05:30:00,/Volumes/Argus/unk/snap/c1/1694237400.c1.snap.jpg,0.46145517
2023-09-09 06:00:00,/Volumes/Argus/unk/snap/c1/1694239200.c1.snap.jpg,0.3744595
2023-09-09 06:30:00,/Volumes/Argus/unk/snap/c1/1694241000.c1.snap.jpg,0.37883276
2023-09-09 18:30:00,/Volumes/Argus/unk/snap/c1/1694284200.c1.snap.jpg,0.41261095
2023-09-09 19:00:00,/Volumes/Argus/unk/snap/c1/1694286000.c1.snap.jpg,0.31567496
2023-09-09 19:30:00,/Volumes/Argus/unk/snap/c1/1694287800.c1.snap.jpg,0.33393747
2023-09-09 20:00:00,/Volumes/Argus/unk/snap/c1/1694289600.c1.snap.jpg,0.28956515
2023-09-09 20:30:00,/Volumes/Argus/unk/snap/c1/1694291400.c1.snap.jpg,0.2969174
2023-09-09 21:00:00,/Volumes/Argus/unk/snap/c1/1694293200.c1.snap.jpg,0.25653827
2023-09-09 21:30:00,/Volumes/Argus/unk/snap/c1/1694295000.c1.snap.jpg,0.37910387
2023-09-09 22:30:00,/Volumes/Argus/unk/snap/c1/1694298600.c1.snap.jpg,0.26586378
2023-09-09 23:00:00,/Volumes/Argus/unk/snap/c1/1694300400.c1.snap.jpg,0.30694288
2023-09-09 23:30:00,/Volumes/Argus/unk/snap/c1/1694302200.c1.snap.jpg,0.27431506
2023-09-10 00:00:00,/Volumes/Argus/unk/snap/c1/1694304000.c1.snap.jpg,0.36960858
2023-09-10 00:30:00,/Volumes/Argus/unk/snap/c1/1694305800.c1.snap.jpg,0.3460174
2023-09-10 01:00:00,/Volumes/Argus/unk/snap/c1/1694307600.c1.snap.jpg,0.52167904
2023-09-10 01:30:00,/Volumes/Argus/unk/snap/c1/1694309400.c1.snap.jpg,0.40958506
2023-09-10 02:00:00,/Volumes/Argus/unk/snap/c1/1694311200.c1.snap.jpg,0.39158732
2023-09-10 02:30:00,/Volumes/Argus/unk/snap/c1/1694313000.c1.snap.jpg,0.3904231
2023-09-10 03:00:00,/Volumes/Argus/unk/snap/c1/1694314800.c1.snap.jpg,0.32388794
2023-09-10 03:30:00,/Volumes/Argus/unk/snap/c1/1694316600.c1.snap.jpg,0.42210495
2023-09-10 04:00:00,/Volumes/Argus/unk/snap/c1/1694318400.c1.snap.jpg,0.348644
2023-09-10 04:30:00,/Volumes/Argus/unk/snap/c1/1694320200.c1.snap.jpg,0.3839829
2023-09-10 05:00:00,/Volumes/Argus/unk/snap/c1/1694322000.c1.snap.jpg,0.37287438
2023-09-10 05:30:00,/Volumes/Argus/unk/snap/c1/1694323800.c1.snap.jpg,0.37382206
2023-09-10 06:00:00,/Volumes/Argus/unk/snap/c1/1694325600.c1.snap.jpg,0.5110551
2023-09-10 15:00:00,/Volumes/Argus/unk/snap/c1/1694358000.c1.snap.jpg,0.4987319
2023-09-10 15:30:00,/Volumes/Argus/unk/snap/c1/1694359800.c1.snap.jpg,0.24052894
2023-09-10 16:00:00,/Volumes/Argus/unk/snap/c1/1694361600.c1.snap.jpg,0.21074767
2023-09-10 16:30:00,/Volumes/Argus/unk/snap/c1/1694363400.c1.snap.jpg,0.26228428
2023-09-10 17:00:00,/Volumes/Argus/unk/snap/c1/1694365200.c1.snap.jpg,0.3934033
2023-09-10 17:30:00,/Volumes/Argus/unk/snap/c1/1694367000.c1.snap.jpg,0.37419426
2023-09-10 18:00:00,/Volumes/Argus/unk/snap/c1/1694368800.c1.snap.jpg,0.4270358
2023-09-10 18:30:00,/Volumes/Argus/unk/snap/c1/1694370600.c1.snap.jpg,0.2811618
2023-09-10 19:00:00,/Volumes/Argus/unk/snap/c1/1694372400.c1.snap.jpg,0.24711291
2023-09-10 19:30:00,/Volumes/Argus/unk/snap/c1/1694374200.c1.snap.jpg,0.27186722
2023-09-11 00:00:00,/Volumes/Argus/unk/snap/c1/1694390400.c1.snap.jpg,0.22772394
2023-09-11 00:30:00,/Volumes/Argus/unk/snap/c1/1694392200.c1.snap.jpg,0.31855458
2023-09-11 01:00:00,/Volumes/Argus/unk/snap/c1/1694394000.c1.snap.jpg,0.33699286
2023-09-11 01:30:00,/Volumes/Argus/unk/snap/c1/1694395800.c1.snap.jpg,0.36312017
2023-09-11 02:00:00,/Volumes/Argus/unk/snap/c1/1694397600.c1.snap.jpg,0.49398082
2023-09-11 02:30:00,/Volumes/Argus/unk/snap/c1/1694399400.c1.snap.jpg,0.46496132
2023-09-11 03:00:00,/Volumes/Argus/unk/snap/c1/1694401200.c1.snap.jpg,0.30217037
2023-09-11 03:30:00,/Volumes/Argus/unk/snap/c1/1694403000.c1.snap.jpg,0.5194738
2023-09-11 04:00:00,/Volumes/Argus/unk/snap/c1/1694404800.c1.snap.jpg,0.42640448
2023-09-11 04:30:00,/Volumes/Argus/unk/snap/c1/1694406600.c1.snap.jpg,0.48173416
2023-09-11 05:00:00,/Volumes/Argus/unk/snap/c1/1694408400.c1.snap.jpg,1.1096114
2023-09-11 06:00:00,/Volumes/Argus/unk/snap/c1/1694412000.c1.snap.jpg,0.3916914
2023-09-11 15:30:00,/Volumes/Argus/unk/snap/c1/1694446200.c1.snap.jpg,0.61644745
2023-09-11 16:00:00,/Volumes/Argus/unk/snap/c1/1694448000.c1.snap.jpg,0.45850375
2023-09-11 16:30:00,/Volumes/Argus/unk/snap/c1/1694449800.c1.snap.jpg,0.5903837
2023-09-11 17:00:00,/Volumes/Argus/unk/snap/c1/1694451600.c1.snap.jpg,0.60706294
2023-09-11 17:30:00,/Volumes/Argus/unk/snap/c1/1694453400.c1.snap.jpg,0.65117466
2023-09-11 18:00:00,/Volumes/Argus/unk/snap/c1/1694455200.c1.snap.jpg,0.5807848
2023-09-11 18:30:00,/Volumes/Argus/unk/snap/c1/1694457000.c1.snap.jpg,0.41130963
2023-09-11 19:00:00,/Volumes/Argus/unk/snap/c1/1694458800.c1.snap.jpg,0.5140858
2023-09-11 19:30:00,/Volumes/Argus/unk/snap/c1/1694460600.c1.snap.jpg,0.38855273
2023-09-11 20:00:00,/Volumes/Argus/unk/snap/c1/1694462400.c1.snap.jpg,0.51980764
2023-09-11 20:30:00,/Volumes/Argus/unk/snap/c1/1694464200.c1.snap.jpg,0.49913353
2023-09-11 21:00:00,/Volumes/Argus/unk/snap/c1/1694466000.c1.snap.jpg,0.5571064
2023-09-11 22:00:00,/Volumes/Argus/unk/snap/c1/1694469600.c1.snap.jpg,0.72996503
2023-09-11 22:30:00,/Volumes/Argus/unk/snap/c1/1694471400.c1.snap.jpg,0.5053032
2023-09-11 23:00:00,/Volumes/Argus/unk/snap/c1/1694473200.c1.snap.jpg,0.47059184
2023-09-11 23:30:00,/Volumes/Argus/unk/snap/c1/1694475000.c1.snap.jpg,0.47059992
2023-09-12 00:00:00,/Volumes/Argus/unk/snap/c1/1694476800.c1.snap.jpg,0.5345645
2023-09-12 00:30:00,/Volumes/Argus/unk/snap/c1/1694478600.c1.snap.jpg,0.44626093
2023-09-12 01:00:00,/Volumes/Argus/unk/snap/c1/1694480400.c1.snap.jpg,0.3597507
2023-09-12 01:30:00,/Volumes/Argus/unk/snap/c1/1694482200.c1.snap.jpg,0.30091554
2023-09-12 02:00:00,/Volumes/Argus/unk/snap/c1/1694484000.c1.snap.jpg,0.4263571
2023-09-12 02:30:00,/Volumes/Argus/unk/snap/c1/1694485800.c1.snap.jpg,0.33481017
2023-09-12 03:00:00,/Volumes/Argus/unk/snap/c1/1694487600.c1.snap.jpg,0.39288494
2023-09-12 03:30:00,/Volumes/Argus/unk/snap/c1/1694489400.c1.snap.jpg,0.50108516
2023-09-12 04:00:00,/Volumes/Argus/unk/snap/c1/1694491200.c1.snap.jpg,0.33506095
2023-09-12 04:30:00,/Volumes/Argus/unk/snap/c1/1694493000.c1.snap.jpg,0.52705854
2023-09-12 05:30:00,/Volumes/Argus/unk/snap/c1/1694496600.c1.snap.jpg,0.43540508
2023-09-12 06:00:00,/Volumes/Argus/unk/snap/c1/1694498400.c1.snap.jpg,0.49021214
2023-09-12 15:30:00,/Volumes/Argus/unk/snap/c1/1694532600.c1.snap.jpg,0.20196268
2023-09-12 16:00:00,/Volumes/Argus/unk/snap/c1/1694534400.c1.snap.jpg,0.13980569
2023-09-12 16:30:00,/Volumes/Argus/unk/snap/c1/1694536200.c1.snap.jpg,0.26318404
2023-09-12 17:00:00,/Volumes/Argus/unk/snap/c1/1694538000.c1.snap.jpg,0.20855695
2023-09-12 17:30:00,/Volumes/Argus/unk/snap/c1/1694539800.c1.snap.jpg,0.27510625
2023-09-12 18:00:00,/Volumes/Argus/unk/snap/c1/1694541600.c1.snap.jpg,0.42789975
2023-09-12 18:30:00,/Volumes/Argus/unk/snap/c1/1694543400.c1.snap.jpg,0.31133306
2023-09-12 19:00:00,/Volumes/Argus/unk/snap/c1/1694545200.c1.snap.jpg,0.27611545
2023-09-12 19:30:00,/Volumes/Argus/unk/snap/c1/1694547000.c1.snap.jpg,0.2514066
2023-09-12 20:00:00,/Volumes/Argus/unk/snap/c1/1694548800.c1.snap.jpg,0.25051156
2023-09-12 20:30:00,/Volumes/Argus/unk/snap/c1/1694550600.c1.snap.jpg,0.4095847
2023-09-12 21:00:00,/Volumes/Argus/unk/snap/c1/1694552400.c1.snap.jpg,0.39029074
2023-09-12 21:30:00,/Volumes/Argus/unk/snap/c1/1694554200.c1.snap.jpg,0.2561164
2023-09-12 22:00:00,/Volumes/Argus/unk/snap/c1/1694556000.c1.snap.jpg,0.5117011
2023-09-12 22:30:00,/Volumes/Argus/unk/snap/c1/1694557800.c1.snap.jpg,0.43755642
2023-09-12 23:30:00,/Volumes/Argus/unk/snap/c1/1694561400.c1.snap.jpg,0.22116491
2023-09-13 00:00:00,/Volumes/Argus/unk/snap/c1/1694563200.c1.snap.jpg,0.2918735
2023-09-13 00:30:00,/Volumes/Argus/unk/snap/c1/1694565000.c1.snap.jpg,0.28929335
2023-09-13 01:00:00,/Volumes/Argus/unk/snap/c1/1694566800.c1.snap.jpg,0.33481237
2023-09-13 02:00:00,/Volumes/Argus/unk/snap/c1/1694570400.c1.snap.jpg,0.2830872
2023-09-13 02:30:00,/Volumes/Argus/unk/snap/c1/1694572200.c1.snap.jpg,0.2512738
2023-09-13 03:00:00,/Volumes/Argus/unk/snap/c1/1694574000.c1.snap.jpg,0.32034785
2023-09-13 04:00:00,/Volumes/Argus/unk/snap/c1/1694577600.c1.snap.jpg,0.3679224
2023-09-13 04:30:00,/Volumes/Argus/unk/snap/c1/1694579400.c1.snap.jpg,0.3852608
2023-09-13 05:00:00,/Volumes/Argus/unk/snap/c1/1694581200.c1.snap.jpg,0.42275116
2023-09-13 05:30:00,/Volumes/Argus/unk/snap/c1/1694583000.c1.snap.jpg,0.45369565
2023-09-13 06:00:00,/Volumes/Argus/unk/snap/c1/1694584800.c1.snap.jpg,0.4543755
2023-09-13 15:30:00,/Volumes/Argus/unk/snap/c1/1694619000.c1.snap.jpg,0.26682967
2023-09-13 16:00:00,/Volumes/Argus/unk/snap/c1/1694620800.c1.snap.jpg,0.22583716
2023-09-13 16:30:00,/Volumes/Argus/unk/snap/c1/1694622600.c1.snap.jpg,0.25456405
2023-09-13 17:00:00,/Volumes/Argus/unk/snap/c1/1694624400.c1.snap.jpg,0.2665987
2023-09-13 17:30:00,/Volumes/Argus/unk/snap/c1/1694626200.c1.snap.jpg,0.43125683
2023-09-13 18:00:00,/Volumes/Argus/unk/snap/c1/1694628000.c1.snap.jpg,0.30332804
2023-09-13 18:30:00,/Volumes/Argus/unk/snap/c1/1694629800.c1.snap.jpg,0.30595702
2023-09-13 19:00:00,/Volumes/Argus/unk/snap/c1/1694631600.c1.snap.jpg,0.39520168
2023-09-13 19:30:00,/Volumes/Argus/unk/snap/c1/1694633400.c1.snap.jpg,0.58273363
2023-09-13 20:00:00,/Volumes/Argus/unk/snap/c1/1694635200.c1.snap.jpg,0.48759875
2023-09-13 20:30:00,/Volumes/Argus/unk/snap/c1/1694637000.c1.snap.jpg,0.66362274
2023-09-13 21:00:00,/Volumes/Argus/unk/snap/c1/1694638800.c1.snap.jpg,0.33421963
2023-09-13 21:30:00,/Volumes/Argus/unk/snap/c1/1694640600.c1.snap.jpg,0.35563868
2023-09-13 22:00:00,/Volumes/Argus/unk/snap/c1/1694642400.c1.snap.jpg,0.4417435
2023-09-13 23:00:00,/Volumes/Argus/unk/snap/c1/1694646000.c1.snap.jpg,0.42295283
2023-09-13 23:30:00,/Volumes/Argus/unk/snap/c1/1694647800.c1.snap.jpg,0.33781004
2023-09-14 00:00:00,/Volumes/Argus/unk/snap/c1/1694649600.c1.snap.jpg,0.3337987
2023-09-14 00:30:00,/Volumes/Argus/unk/snap/c1/1694651400.c1.snap.jpg,0.34256873
2023-09-14 01:30:00,/Volumes/Argus/unk/snap/c1/1694655000.c1.snap.jpg,0.39474985
2023-09-14 02:30:00,/Volumes/Argus/unk/snap/c1/1694658600.c1.snap.jpg,0.46223438
2023-09-14 03:30:00,/Volumes/Argus/unk/snap/c1/1694662200.c1.snap.jpg,0.25397822
2023-09-14 04:00:00,/Volumes/Argus/unk/snap/c1/1694664000.c1.snap.jpg,0.43914482
2023-09-14 04:30:00,/Volumes/Argus/unk/snap/c1/1694665800.c1.snap.jpg,0.3860279
2023-09-14 05:00:00,/Volumes/Argus/unk/snap/c1/1694667600.c1.snap.jpg,0.36483783
2023-09-14 05:30:00,/Volumes/Argus/unk/snap/c1/1694669400.c1.snap.jpg,0.46929112
2023-09-14 06:00:00,/Volumes/Argus/unk/snap/c1/1694671200.c1.snap.jpg,0.6239392
2023-09-14 15:30:00,/Volumes/Argus/unk/snap/c1/1694705400.c1.snap.jpg,0.2379919
2023-09-14 16:00:00,/Volumes/Argus/unk/snap/c1/1694707200.c1.snap.jpg,0.48506945
2023-09-14 16:30:00,/Volumes/Argus/unk/snap/c1/1694709000.c1.snap.jpg,0.34136724
2023-09-14 17:00:00,/Volumes/Argus/unk/snap/c1/1694710800.c1.snap.jpg,0.31694782
2023-09-14 17:30:00,/Volumes/Argus/unk/snap/c1/1694712600.c1.snap.jpg,0.5824021
2023-09-14 18:00:00,/Volumes/Argus/unk/snap/c1/1694714400.c1.snap.jpg,0.26681283
2023-09-14 18:30:00,/Volumes/Argus/unk/snap/c1/1694716200.c1.snap.jpg,0.32574522
2023-09-14 19:00:00,/Volumes/Argus/unk/snap/c1/1694718000.c1.snap.jpg,0.2707378
2023-09-14 19:30:00,/Volumes/Argus/unk/snap/c1/1694719800.c1.snap.jpg,0.38804
2023-09-14 20:00:00,/Volumes/Argus/unk/snap/c1/1694721600.c1.snap.jpg,0.2943762
2023-09-14 20:30:00,/Volumes/Argus/unk/snap/c1/1694723400.c1.snap.jpg,0.29742914
2023-09-14 21:00:00,/Volumes/Argus/unk/snap/c1/1694725200.c1.snap.jpg,0.3563825
2023-09-14 22:00:00,/Volumes/Argus/unk/snap/c1/1694728800.c1.snap.jpg,0.25120237
2023-09-14 23:30:00,/Volumes/Argus/unk/snap/c1/1694734200.c1.snap.jpg,0.4452406
2023-09-15 00:00:00,/Volumes/Argus/unk/snap/c1/1694736000.c1.snap.jpg,0.42538893
2023-09-15 00:30:00,/Volumes/Argus/unk/snap/c1/1694737800.c1.snap.jpg,0.26720625
2023-09-15 01:00:00,/Volumes/Argus/unk/snap/c1/1694739600.c1.snap.jpg,0.3353616
2023-09-15 01:30:00,/Volumes/Argus/unk/snap/c1/1694741400.c1.snap.jpg,0.25606832
2023-09-15 02:00:00,/Volumes/Argus/unk/snap/c1/1694743200.c1.snap.jpg,0.27139097
2023-09-15 02:30:00,/Volumes/Argus/unk/snap/c1/1694745000.c1.snap.jpg,0.5932978
2023-09-15 03:00:00,/Volumes/Argus/unk/snap/c1/1694746800.c1.snap.jpg,0.36037046
2023-09-15 03:30:00,/Volumes/Argus/unk/snap/c1/1694748600.c1.snap.jpg,0.4910684
2023-09-15 04:00:00,/Volumes/Argus/unk/snap/c1/1694750400.c1.snap.jpg,0.42222586
2023-09-15 04:30:00,/Volumes/Argus/unk/snap/c1/1694752200.c1.snap.jpg,0.37708157
2023-09-15 05:00:00,/Volumes/Argus/unk/snap/c1/1694754000.c1.snap.jpg,0.642817
2023-09-15 05:30:00,/Volumes/Argus/unk/snap/c1/1694755800.c1.snap.jpg,0.59748864
2023-09-15 06:00:00,/Volumes/Argus/unk/snap/c1/1694757600.c1.snap.jpg,0.7772315
2023-09-15 15:30:00,/Volumes/Argus/unk/snap/c1/1694791800.c1.snap.jpg,0.27536023
2023-09-15 16:30:00,/Volumes/Argus/unk/snap/c1/1694795400.c1.snap.jpg,0.33568817
2023-09-15 17:00:00,/Volumes/Argus/unk/snap/c1/1694797200.c1.snap.jpg,0.30877137
2023-09-15 17:30:00,/Volumes/Argus/unk/snap/c1/1694799000.c1.snap.jpg,0.38045532
2023-09-15 18:00:00,/Volumes/Argus/unk/snap/c1/1694800800.c1.snap.jpg,0.42288244
2023-09-15 18:30:00,/Volumes/Argus/unk/snap/c1/1694802600.c1.snap.jpg,0.45155057
2023-09-15 19:00:00,/Volumes/Argus/unk/snap/c1/1694804400.c1.snap.jpg,0.35165077
2023-09-15 19:30:00,/Volumes/Argus/unk/snap/c1/1694806200.c1.snap.jpg,0.29289567
2023-09-15 20:00:00,/Volumes/Argus/unk/snap/c1/1694808000.c1.snap.jpg,0.32651407
2023-09-15 20:30:00,/Volumes/Argus/unk/snap/c1/1694809800.c1.snap.jpg,0.3078608
2023-09-15 23:30:00,/Volumes/Argus/unk/snap/c1/1694820600.c1.snap.jpg,0.37899387
2023-09-16 01:00:00,/Volumes/Argus/unk/snap/c1/1694826000.c1.snap.jpg,0.32705915
2023-09-16 01:30:00,/Volumes/Argus/unk/snap/c1/1694827800.c1.snap.jpg,0.26896167
2023-09-16 02:00:00,/Volumes/Argus/unk/snap/c1/1694829600.c1.snap.jpg,0.3665095
2023-09-16 02:30:00,/Volumes/Argus/unk/snap/c1/1694831400.c1.snap.jpg,0.3294227
2023-09-16 03:00:00,/Volumes/Argus/unk/snap/c1/1694833200.c1.snap.jpg,0.32541
2023-09-16 03:30:00,/Volumes/Argus/unk/snap/c1/1694835000.c1.snap.jpg,0.38667488
2023-09-16 04:00:00,/Volumes/Argus/unk/snap/c1/1694836800.c1.snap.jpg,0.2716032
2023-09-16 04:30:00,/Volumes/Argus/unk/snap/c1/1694838600.c1.snap.jpg,1.0378581
2023-09-16 05:00:00,/Volumes/Argus/unk/snap/c1/1694840400.c1.snap.jpg,0.61610126
2023-09-16 05:30:00,/Volumes/Argus/unk/snap/c1/1694842200.c1.snap.jpg,0.2642337
2023-09-16 06:00:00,/Volumes/Argus/unk/snap/c1/1694844000.c1.snap.jpg,0.68546796
2023-09-16 15:30:00,/Volumes/Argus/unk/snap/c1/1694878200.c1.snap.jpg,0.35591707
2023-09-16 16:00:00,/Volumes/Argus/unk/snap/c1/1694880000.c1.snap.jpg,0.24737236
2023-09-16 16:30:00,/Volumes/Argus/unk/snap/c1/1694881800.c1.snap.jpg,0.22983927
2023-09-16 17:00:00,/Volumes/Argus/unk/snap/c1/1694883600.c1.snap.jpg,0.443991
2023-09-16 17:30:00,/Volumes/Argus/unk/snap/c1/1694885400.c1.snap.jpg,0.35420713
2023-09-16 18:00:00,/Volumes/Argus/unk/snap/c1/1694887200.c1.snap.jpg,0.28031126
2023-09-16 18:30:00,/Volumes/Argus/unk/snap/c1/1694889000.c1.snap.jpg,0.28704536
2023-09-16 19:00:00,/Volumes/Argus/unk/snap/c1/1694890800.c1.snap.jpg,0.2338861
2023-09-16 19:30:00,/Volumes/Argus/unk/snap/c1/1694892600.c1.snap.jpg,0.29380292
2023-09-16 20:00:00,/Volumes/Argus/unk/snap/c1/1694894400.c1.snap.jpg,0.21440265
2023-09-16 20:30:00,/Volumes/Argus/unk/snap/c1/1694896200.c1.snap.jpg,0.28160262
2023-09-16 21:00:00,/Volumes/Argus/unk/snap/c1/1694898000.c1.snap.jpg,0.2836058
2023-09-16 21:30:00,/Volumes/Argus/unk/snap/c1/1694899800.c1.snap.jpg,0.36508453
2023-09-16 22:00:00,/Volumes/Argus/unk/snap/c1/1694901600.c1.snap.jpg,0.40744418
2023-09-16 22:30:00,/Volumes/Argus/unk/snap/c1/1694903400.c1.snap.jpg,0.34002554
2023-09-16 23:00:00,/Volumes/Argus/unk/snap/c1/1694905200.c1.snap.jpg,0.41019112
2023-09-16 23:30:00,/Volumes/Argus/unk/snap/c1/1694907000.c1.snap.jpg,0.35703206
2023-09-17 00:00:00,/Volumes/Argus/unk/snap/c1/1694908800.c1.snap.jpg,0.38761517
2023-09-17 00:30:00,/Volumes/Argus/unk/snap/c1/1694910600.c1.snap.jpg,0.533645
2023-09-17 01:00:00,/Volumes/Argus/unk/snap/c1/1694912400.c1.snap.jpg,0.61862487
2023-09-17 01:30:00,/Volumes/Argus/unk/snap/c1/1694914200.c1.snap.jpg,0.38578704
2023-09-17 02:00:00,/Volumes/Argus/unk/snap/c1/1694916000.c1.snap.jpg,0.6604522
2023-09-17 02:30:00,/Volumes/Argus/unk/snap/c1/1694917800.c1.snap.jpg,0.58760667
2023-09-17 03:00:00,/Volumes/Argus/unk/snap/c1/1694919600.c1.snap.jpg,0.7194371
2023-09-17 03:30:00,/Volumes/Argus/unk/snap/c1/1694921400.c1.snap.jpg,0.7746274
2023-09-17 04:00:00,/Volumes/Argus/unk/snap/c1/1694923200.c1.snap.jpg,0.7386914
2023-09-17 04:30:00,/Volumes/Argus/unk/snap/c1/1694925000.c1.snap.jpg,0.98714054
2023-09-17 05:00:00,/Volumes/Argus/unk/snap/c1/1694926800.c1.snap.jpg,0.58982325
2023-09-17 05:30:00,/Volumes/Argus/unk/snap/c1/1694928600.c1.snap.jpg,0.72054905
2023-09-17 06:00:00,/Volumes/Argus/unk/snap/c1/1694930400.c1.snap.jpg,0.8697233
2023-09-17 16:00:00,/Volumes/Argus/unk/snap/c1/1694966400.c1.snap.jpg,1.2956524
2023-09-17 16:30:00,/Volumes/Argus/unk/snap/c1/1694968200.c1.snap.jpg,1.2630007
2023-09-17 17:00:00,/Volumes/Argus/unk/snap/c1/1694970000.c1.snap.jpg,1.2866664
2023-09-17 17:30:00,/Volumes/Argus/unk/snap/c1/1694971800.c1.snap.jpg,1.2859906
2023-09-17 18:00:00,/Volumes/Argus/unk/snap/c1/1694973600.c1.snap.jpg,1.234819
2023-09-17 18:30:00,/Volumes/Argus/unk/snap/c1/1694975400.c1.snap.jpg,1.217873
2023-09-17 19:00:00,/Volumes/Argus/unk/snap/c1/1694977200.c1.snap.jpg,1.3575054
2023-09-17 19:30:00,/Volumes/Argus/unk/snap/c1/1694979000.c1.snap.jpg,1.3828799
2023-09-17 21:30:00,/Volumes/Argus/unk/snap/c1/1694986200.c1.snap.jpg,1.3644093
2023-09-17 22:00:00,/Volumes/Argus/unk/snap/c1/1694988000.c1.snap.jpg,1.3314649
2023-09-18 00:30:00,/Volumes/Argus/unk/snap/c1/1694997000.c1.snap.jpg,1.2752569
2023-09-18 01:00:00,/Volumes/Argus/unk/snap/c1/1694998800.c1.snap.jpg,1.2580092
2023-09-18 01:30:00,/Volumes/Argus/unk/snap/c1/1695000600.c1.snap.jpg,1.2755113
2023-09-18 02:00:00,/Volumes/Argus/unk/snap/c1/1695002400.c1.snap.jpg,1.1905392
2023-09-18 02:30:00,/Volumes/Argus/unk/snap/c1/1695004200.c1.snap.jpg,1.270616
2023-09-18 03:00:00,/Volumes/Argus/unk/snap/c1/1695006000.c1.snap.jpg,1.2464969
2023-09-18 03:30:00,/Volumes/Argus/unk/snap/c1/1695007800.c1.snap.jpg,1.2123661
2023-09-18 04:00:00,/Volumes/Argus/unk/snap/c1/1695009600.c1.snap.jpg,1.1770254
2023-09-18 04:30:00,/Volumes/Argus/unk/snap/c1/1695011400.c1.snap.jpg,1.1387019
2023-09-18 05:00:00,/Volumes/Argus/unk/snap/c1/1695013200.c1.snap.jpg,1.1013826
2023-09-18 16:30:00,/Volumes/Argus/unk/snap/c1/1695054600.c1.snap.jpg,0.8066996
2023-09-18 17:00:00,/Volumes/Argus/unk/snap/c1/1695056400.c1.snap.jpg,0.88350576
2023-09-18 17:30:00,/Volumes/Argus/unk/snap/c1/1695058200.c1.snap.jpg,0.91858995
2023-09-18 18:00:00,/Volumes/Argus/unk/snap/c1/1695060000.c1.snap.jpg,0.9116192
2023-09-18 18:30:00,/Volumes/Argus/unk/snap/c1/1695061800.c1.snap.jpg,1.031489
2023-09-18 19:00:00,/Volumes/Argus/unk/snap/c1/1695063600.c1.snap.jpg,0.9011446
2023-09-18 19:30:00,/Volumes/Argus/unk/snap/c1/1695065400.c1.snap.jpg,0.9278145
2023-09-18 20:00:00,/Volumes/Argus/unk/snap/c1/1695067200.c1.snap.jpg,1.3192872
2023-09-18 20:30:00,/Volumes/Argus/unk/snap/c1/1695069000.c1.snap.jpg,1.0320733
2023-09-18 21:00:00,/Volumes/Argus/unk/snap/c1/1695070800.c1.snap.jpg,1.0450373
2023-09-18 21:30:00,/Volumes/Argus/unk/snap/c1/1695072600.c1.snap.jpg,1.1791025
2023-09-18 23:00:00,/Volumes/Argus/unk/snap/c1/1695078000.c1.snap.jpg,1.1770539
2023-09-18 23:30:00,/Volumes/Argus/unk/snap/c1/1695079800.c1.snap.jpg,1.1317828
2023-09-19 00:00:00,/Volumes/Argus/unk/snap/c1/1695081600.c1.snap.jpg,1.3294307
2023-09-19 00:30:00,/Volumes/Argus/unk/snap/c1/1695083400.c1.snap.jpg,1.343517
2023-09-19 01:00:00,/Volumes/Argus/unk/snap/c1/1695085200.c1.snap.jpg,1.2709125
2023-09-19 01:30:00,/Volumes/Argus/unk/snap/c1/1695087000.c1.snap.jpg,1.319561
2023-09-19 02:30:00,/Volumes/Argus/unk/snap/c1/1695090600.c1.snap.jpg,1.3809913
2023-09-19 03:00:00,/Volumes/Argus/unk/snap/c1/1695092400.c1.snap.jpg,1.417518
2023-09-19 03:30:00,/Volumes/Argus/unk/snap/c1/1695094200.c1.snap.jpg,1.3397216
2023-09-19 04:00:00,/Volumes/Argus/unk/snap/c1/1695096000.c1.snap.jpg,1.309287
2023-09-19 04:30:00,/Volumes/Argus/unk/snap/c1/1695097800.c1.snap.jpg,1.2471755
2023-09-19 05:00:00,/Volumes/Argus/unk/snap/c1/1695099600.c1.snap.jpg,1.1345646
2023-09-19 05:30:00,/Volumes/Argus/unk/snap/c1/1695101400.c1.snap.jpg,1.152681
2023-09-19 15:30:00,/Volumes/Argus/unk/snap/c1/1695137400.c1.snap.jpg,0.59345436
2023-09-19 16:00:00,/Volumes/Argus/unk/snap/c1/1695139200.c1.snap.jpg,0.7184267
2023-09-19 16:30:00,/Volumes/Argus/unk/snap/c1/1695141000.c1.snap.jpg,0.64914805
2023-09-19 17:00:00,/Volumes/Argus/unk/snap/c1/1695142800.c1.snap.jpg,0.67662555
2023-09-19 17:30:00,/Volumes/Argus/unk/snap/c1/1695144600.c1.snap.jpg,0.5931348
2023-09-19 18:00:00,/Volumes/Argus/unk/snap/c1/1695146400.c1.snap.jpg,0.65819305
2023-09-19 18:30:00,/Volumes/Argus/unk/snap/c1/1695148200.c1.snap.jpg,0.58973384
2023-09-19 19:00:00,/Volumes/Argus/unk/snap/c1/1695150000.c1.snap.jpg,0.48153192
2023-09-19 19:30:00,/Volumes/Argus/unk/snap/c1/1695151800.c1.snap.jpg,0.5424403
2023-09-19 20:00:00,/Volumes/Argus/unk/snap/c1/1695153600.c1.snap.jpg,0.5138551
2023-09-19 20:30:00,/Volumes/Argus/unk/snap/c1/1695155400.c1.snap.jpg,0.34945673
2023-09-19 21:00:00,/Volumes/Argus/unk/snap/c1/1695157200.c1.snap.jpg,0.3208791
2023-09-19 21:30:00,/Volumes/Argus/unk/snap/c1/1695159000.c1.snap.jpg,0.25405478
2023-09-19 22:00:00,/Volumes/Argus/unk/snap/c1/1695160800.c1.snap.jpg,0.38044524
2023-09-19 22:30:00,/Volumes/Argus/unk/snap/c1/1695162600.c1.snap.jpg,0.3059259
2023-09-19 23:00:00,/Volumes/Argus/unk/snap/c1/1695164400.c1.snap.jpg,0.3726992
2023-09-19 23:30:00,/Volumes/Argus/unk/snap/c1/1695166200.c1.snap.jpg,0.33289748
2023-09-20 00:00:00,/Volumes/Argus/unk/snap/c1/1695168000.c1.snap.jpg,0.28326398
2023-09-20 00:30:00,/Volumes/Argus/unk/snap/c1/1695169800.c1.snap.jpg,0.28127027
2023-09-20 01:00:00,/Volumes/Argus/unk/snap/c1/1695171600.c1.snap.jpg,0.24674565
2023-09-20 01:30:00,/Volumes/Argus/unk/snap/c1/1695173400.c1.snap.jpg,0.28925794
2023-09-20 03:00:00,/Volumes/Argus/unk/snap/c1/1695178800.c1.snap.jpg,0.2951256
2023-09-20 03:30:00,/Volumes/Argus/unk/snap/c1/1695180600.c1.snap.jpg,0.3153105
2023-09-20 04:00:00,/Volumes/Argus/unk/snap/c1/1695182400.c1.snap.jpg,0.30757514
2023-09-20 04:30:00,/Volumes/Argus/unk/snap/c1/1695184200.c1.snap.jpg,0.28031418
2023-09-20 05:00:00,/Volumes/Argus/unk/snap/c1/1695186000.c1.snap.jpg,0.2651615
2023-09-20 05:30:00,/Volumes/Argus/unk/snap/c1/1695187800.c1.snap.jpg,0.24965596
2023-09-20 16:00:00,/Volumes/Argus/unk/snap/c1/1695225600.c1.snap.jpg,0.3489626
2023-09-20 16:30:00,/Volumes/Argus/unk/snap/c1/1695227400.c1.snap.jpg,0.21469791
2023-09-20 17:30:00,/Volumes/Argus/unk/snap/c1/1695231000.c1.snap.jpg,0.3161556
2023-09-20 18:00:00,/Volumes/Argus/unk/snap/c1/1695232800.c1.snap.jpg,0.18321502
2023-09-20 18:30:00,/Volumes/Argus/unk/snap/c1/1695234600.c1.snap.jpg,0.30494472
2023-09-20 19:00:00,/Volumes/Argus/unk/snap/c1/1695236400.c1.snap.jpg,0.3302183
2023-09-20 19:30:00,/Volumes/Argus/unk/snap/c1/1695238200.c1.snap.jpg,0.3531348
2023-09-20 20:00:00,/Volumes/Argus/unk/snap/c1/1695240000.c1.snap.jpg,0.44384575
2023-09-20 20:30:00,/Volumes/Argus/unk/snap/c1/1695241800.c1.snap.jpg,0.30223793
2023-09-20 21:00:00,/Volumes/Argus/unk/snap/c1/1695243600.c1.snap.jpg,0.34002602
2023-09-20 22:00:00,/Volumes/Argus/unk/snap/c1/1695247200.c1.snap.jpg,0.33492056
2023-09-20 22:30:00,/Volumes/Argus/unk/snap/c1/1695249000.c1.snap.jpg,0.4480141
2023-09-21 00:00:00,/Volumes/Argus/unk/snap/c1/1695254400.c1.snap.jpg,0.5670808
2023-09-21 00:30:00,/Volumes/Argus/unk/snap/c1/1695256200.c1.snap.jpg,0.40911493
2023-09-21 01:00:00,/Volumes/Argus/unk/snap/c1/1695258000.c1.snap.jpg,0.49128097
2023-09-21 01:30:00,/Volumes/Argus/unk/snap/c1/1695259800.c1.snap.jpg,0.7137315
2023-09-21 02:00:00,/Volumes/Argus/unk/snap/c1/1695261600.c1.snap.jpg,0.697768
2023-09-21 02:30:00,/Volumes/Argus/unk/snap/c1/1695263400.c1.snap.jpg,0.7338688
2023-09-21 03:00:00,/Volumes/Argus/unk/snap/c1/1695265200.c1.snap.jpg,0.696715
2023-09-21 03:30:00,/Volumes/Argus/unk/snap/c1/1695267000.c1.snap.jpg,0.8277755
2023-09-21 04:00:00,/Volumes/Argus/unk/snap/c1/1695268800.c1.snap.jpg,0.6472275
2023-09-21 04:30:00,/Volumes/Argus/unk/snap/c1/1695270600.c1.snap.jpg,0.55700374
2023-09-21 05:00:00,/Volumes/Argus/unk/snap/c1/1695272400.c1.snap.jpg,0.53332067
2023-09-21 05:30:00,/Volumes/Argus/unk/snap/c1/1695274200.c1.snap.jpg,0.6187712
2023-09-21 16:00:00,/Volumes/Argus/unk/snap/c1/1695312000.c1.snap.jpg,0.49660057
2023-09-21 16:30:00,/Volumes/Argus/unk/snap/c1/1695313800.c1.snap.jpg,0.63697857
2023-09-21 17:00:00,/Volumes/Argus/unk/snap/c1/1695315600.c1.snap.jpg,0.51939934
2023-09-21 17:30:00,/Volumes/Argus/unk/snap/c1/1695317400.c1.snap.jpg,0.77312696
2023-09-21 18:00:00,/Volumes/Argus/unk/snap/c1/1695319200.c1.snap.jpg,0.48706192
2023-09-21 18:30:00,/Volumes/Argus/unk/snap/c1/1695321000.c1.snap.jpg,0.4373796
2023-09-21 19:00:00,/Volumes/Argus/unk/snap/c1/1695322800.c1.snap.jpg,0.4217953
2023-09-21 19:30:00,/Volumes/Argus/unk/snap/c1/1695324600.c1.snap.jpg,0.37736776
2023-09-21 20:00:00,/Volumes/Argus/unk/snap/c1/1695326400.c1.snap.jpg,0.28465506
2023-09-21 21:00:00,/Volumes/Argus/unk/snap/c1/1695330000.c1.snap.jpg,0.2541168
2023-09-21 22:00:00,/Volumes/Argus/unk/snap/c1/1695333600.c1.snap.jpg,0.2507177
2023-09-21 22:30:00,/Volumes/Argus/unk/snap/c1/1695335400.c1.snap.jpg,0.3296086
2023-09-21 23:00:00,/Volumes/Argus/unk/snap/c1/1695337200.c1.snap.jpg,0.35482955
2023-09-22 00:00:00,/Volumes/Argus/unk/snap/c1/1695340800.c1.snap.jpg,0.3569082
2023-09-22 00:30:00,/Volumes/Argus/unk/snap/c1/1695342600.c1.snap.jpg,0.2790221
2023-09-22 01:00:00,/Volumes/Argus/unk/snap/c1/1695344400.c1.snap.jpg,0.32048666
2023-09-22 01:30:00,/Volumes/Argus/unk/snap/c1/1695346200.c1.snap.jpg,0.2154131
2023-09-22 02:30:00,/Volumes/Argus/unk/snap/c1/1695349800.c1.snap.jpg,0.3039876
2023-09-22 03:00:00,/Volumes/Argus/unk/snap/c1/1695351600.c1.snap.jpg,0.27925164
2023-09-22 03:30:00,/Volumes/Argus/unk/snap/c1/1695353400.c1.snap.jpg,0.31514254
2023-09-22 22:00:00,/Volumes/Argus/unk/snap/c1/1695420000.c1.snap.jpg,0.29359567
2023-09-22 23:00:00,/Volumes/Argus/unk/snap/c1/1695423600.c1.snap.jpg,0.3382092
2023-09-22 23:30:00,/Volumes/Argus/unk/snap/c1/1695425400.c1.snap.jpg,0.44508952
2023-09-23 00:00:00,/Volumes/Argus/unk/snap/c1/1695427200.c1.snap.jpg,0.621876
2023-09-23 00:30:00,/Volumes/Argus/unk/snap/c1/1695429000.c1.snap.jpg,0.48638672
2023-09-23 01:00:00,/Volumes/Argus/unk/snap/c1/1695430800.c1.snap.jpg,0.5231615
2023-09-23 01:30:00,/Volumes/Argus/unk/snap/c1/1695432600.c1.snap.jpg,0.3951113
2023-09-23 02:00:00,/Volumes/Argus/unk/snap/c1/1695434400.c1.snap.jpg,0.32452792
2023-09-23 02:30:00,/Volumes/Argus/unk/snap/c1/1695436200.c1.snap.jpg,0.38339925
2023-09-23 03:00:00,/Volumes/Argus/unk/snap/c1/1695438000.c1.snap.jpg,0.426067
2023-09-23 03:30:00,/Volumes/Argus/unk/snap/c1/1695439800.c1.snap.jpg,0.6402137
2023-09-23 04:00:00,/Volumes/Argus/unk/snap/c1/1695441600.c1.snap.jpg,0.658615
2023-09-23 04:30:00,/Volumes/Argus/unk/snap/c1/1695443400.c1.snap.jpg,0.24666831
2023-09-23 05:00:00,/Volumes/Argus/unk/snap/c1/1695445200.c1.snap.jpg,0.33168674
2023-09-23 05:30:00,/Volumes/Argus/unk/snap/c1/1695447000.c1.snap.jpg,0.63808787
2023-09-23 18:00:00,/Volumes/Argus/unk/snap/c1/1695492000.c1.snap.jpg,0.23258092
2023-09-23 18:30:00,/Volumes/Argus/unk/snap/c1/1695493800.c1.snap.jpg,0.36412823
2023-09-23 19:30:00,/Volumes/Argus/unk/snap/c1/1695497400.c1.snap.jpg,0.31780177
2023-09-23 20:00:00,/Volumes/Argus/unk/snap/c1/1695499200.c1.snap.jpg,0.29688764
2023-09-23 20:30:00,/Volumes/Argus/unk/snap/c1/1695501000.c1.snap.jpg,0.26037228
2023-09-23 21:30:00,/Volumes/Argus/unk/snap/c1/1695504600.c1.snap.jpg,0.26636204
2023-09-23 22:00:00,/Volumes/Argus/unk/snap/c1/1695506400.c1.snap.jpg,0.17137957
2023-09-23 22:30:00,/Volumes/Argus/unk/snap/c1/1695508200.c1.snap.jpg,0.38712
2023-09-23 23:00:00,/Volumes/Argus/unk/snap/c1/1695510000.c1.snap.jpg,0.483665
2023-09-23 23:30:00,/Volumes/Argus/unk/snap/c1/1695511800.c1.snap.jpg,0.40513086
2023-09-24 00:00:00,/Volumes/Argus/unk/snap/c1/1695513600.c1.snap.jpg,0.41451925
2023-09-24 00:30:00,/Volumes/Argus/unk/snap/c1/1695515400.c1.snap.jpg,0.35996395
2023-09-24 01:00:00,/Volumes/Argus/unk/snap/c1/1695517200.c1.snap.jpg,0.43390706
2023-09-24 01:30:00,/Volumes/Argus/unk/snap/c1/1695519000.c1.snap.jpg,0.3958596
2023-09-24 02:00:00,/Volumes/Argus/unk/snap/c1/1695520800.c1.snap.jpg,0.37283495
2023-09-24 03:30:00,/Volumes/Argus/unk/snap/c1/1695526200.c1.snap.jpg,0.35458103
2023-09-24 04:00:00,/Volumes/Argus/unk/snap/c1/1695528000.c1.snap.jpg,0.4740517
2023-09-24 05:00:00,/Volumes/Argus/unk/snap/c1/1695531600.c1.snap.jpg,0.278011
2023-09-24 05:30:00,/Volumes/Argus/unk/snap/c1/1695533400.c1.snap.jpg,0.43790036
2023-09-24 16:00:00,/Volumes/Argus/unk/snap/c1/1695571200.c1.snap.jpg,0.2786034
2023-09-24 16:30:00,/Volumes/Argus/unk/snap/c1/1695573000.c1.snap.jpg,0.3525616
2023-09-24 17:00:00,/Volumes/Argus/unk/snap/c1/1695574800.c1.snap.jpg,0.2556219
2023-09-24 17:30:00,/Volumes/Argus/unk/snap/c1/1695576600.c1.snap.jpg,0.26783255
2023-09-24 18:00:00,/Volumes/Argus/unk/snap/c1/1695578400.c1.snap.jpg,0.21630967
2023-09-24 18:30:00,/Volumes/Argus/unk/snap/c1/1695580200.c1.snap.jpg,0.20991524
2023-09-24 19:00:00,/Volumes/Argus/unk/snap/c1/1695582000.c1.snap.jpg,0.21860898
2023-09-24 19:30:00,/Volumes/Argus/unk/snap/c1/1695583800.c1.snap.jpg,0.21068522
2023-09-24 20:00:00,/Volumes/Argus/unk/snap/c1/1695585600.c1.snap.jpg,0.18064697
2023-09-24 20:30:00,/Volumes/Argus/unk/snap/c1/1695587400.c1.snap.jpg,0.19522512
2023-09-24 21:00:00,/Volumes/Argus/unk/snap/c1/1695589200.c1.snap.jpg,0.21306713
2023-09-24 21:30:00,/Volumes/Argus/unk/snap/c1/1695591000.c1.snap.jpg,0.24547014
2023-09-24 22:00:00,/Volumes/Argus/unk/snap/c1/1695592800.c1.snap.jpg,0.28754914
2023-09-24 22:30:00,/Volumes/Argus/unk/snap/c1/1695594600.c1.snap.jpg,0.29653376
2023-09-24 23:00:00,/Volumes/Argus/unk/snap/c1/1695596400.c1.snap.jpg,0.2546147
2023-09-24 23:30:00,/Volumes/Argus/unk/snap/c1/1695598200.c1.snap.jpg,0.32561803
2023-09-25 00:00:00,/Volumes/Argus/unk/snap/c1/1695600000.c1.snap.jpg,0.4258365
2023-09-25 00:30:00,/Volumes/Argus/unk/snap/c1/1695601800.c1.snap.jpg,0.36939216
2023-09-25 01:00:00,/Volumes/Argus/unk/snap/c1/1695603600.c1.snap.jpg,0.40693563
2023-09-25 01:30:00,/Volumes/Argus/unk/snap/c1/1695605400.c1.snap.jpg,0.4116699
2023-09-25 02:00:00,/Volumes/Argus/unk/snap/c1/1695607200.c1.snap.jpg,0.75857633
2023-09-25 03:00:00,/Volumes/Argus/unk/snap/c1/1695610800.c1.snap.jpg,1.2878152
2023-09-25 03:30:00,/Volumes/Argus/unk/snap/c1/1695612600.c1.snap.jpg,0.80974424
2023-09-25 04:00:00,/Volumes/Argus/unk/snap/c1/1695614400.c1.snap.jpg,0.34721652
2023-09-25 04:30:00,/Volumes/Argus/unk/snap/c1/1695616200.c1.snap.jpg,0.4459949
2023-09-25 05:00:00,/Volumes/Argus/unk/snap/c1/1695618000.c1.snap.jpg,0.388425
2023-09-25 05:30:00,/Volumes/Argus/unk/snap/c1/1695619800.c1.snap.jpg,0.48397994
2023-09-25 16:00:00,/Volumes/Argus/unk/snap/c1/1695657600.c1.snap.jpg,0.32638988
2023-09-25 16:30:00,/Volumes/Argus/unk/snap/c1/1695659400.c1.snap.jpg,0.24197344
2023-09-25 17:00:00,/Volumes/Argus/unk/snap/c1/1695661200.c1.snap.jpg,0.26905352
2023-09-25 17:30:00,/Volumes/Argus/unk/snap/c1/1695663000.c1.snap.jpg,0.34268373
2023-09-25 18:00:00,/Volumes/Argus/unk/snap/c1/1695664800.c1.snap.jpg,0.4280882
2023-09-25 18:30:00,/Volumes/Argus/unk/snap/c1/1695666600.c1.snap.jpg,0.34819743
2023-09-25 19:30:00,/Volumes/Argus/unk/snap/c1/1695670200.c1.snap.jpg,0.31579626
2023-09-25 20:00:00,/Volumes/Argus/unk/snap/c1/1695672000.c1.snap.jpg,0.38607678
2023-09-25 20:30:00,/Volumes/Argus/unk/snap/c1/1695673800.c1.snap.jpg,0.34702137
2023-09-25 21:00:00,/Volumes/Argus/unk/snap/c1/1695675600.c1.snap.jpg,0.34663793
2023-09-25 21:30:00,/Volumes/Argus/unk/snap/c1/1695677400.c1.snap.jpg,0.4752446
2023-09-25 22:00:00,/Volumes/Argus/unk/snap/c1/1695679200.c1.snap.jpg,0.3351152
2023-09-25 22:30:00,/Volumes/Argus/unk/snap/c1/1695681000.c1.snap.jpg,0.3324268
2023-09-25 23:00:00,/Volumes/Argus/unk/snap/c1/1695682800.c1.snap.jpg,0.42645904
2023-09-25 23:30:00,/Volumes/Argus/unk/snap/c1/1695684600.c1.snap.jpg,0.49521664
2023-09-26 00:00:00,/Volumes/Argus/unk/snap/c1/1695686400.c1.snap.jpg,0.28298122
2023-09-26 00:30:00,/Volumes/Argus/unk/snap/c1/1695688200.c1.snap.jpg,0.32694137
2023-09-26 01:00:00,/Volumes/Argus/unk/snap/c1/1695690000.c1.snap.jpg,0.282336
2023-09-26 03:00:00,/Volumes/Argus/unk/snap/c1/1695697200.c1.snap.jpg,0.37596714
2023-09-26 03:30:00,/Volumes/Argus/unk/snap/c1/1695699000.c1.snap.jpg,0.506345
2023-09-26 04:00:00,/Volumes/Argus/unk/snap/c1/1695700800.c1.snap.jpg,0.4067399
2023-09-26 04:30:00,/Volumes/Argus/unk/snap/c1/1695702600.c1.snap.jpg,0.3203062
2023-09-26 05:00:00,/Volumes/Argus/unk/snap/c1/1695704400.c1.snap.jpg,0.49494666
2023-09-26 17:30:00,/Volumes/Argus/unk/snap/c1/1695749400.c1.snap.jpg,0.33996063
2023-09-26 18:00:00,/Volumes/Argus/unk/snap/c1/1695751200.c1.snap.jpg,0.29892334
2023-09-26 18:30:00,/Volumes/Argus/unk/snap/c1/1695753000.c1.snap.jpg,0.35294086
2023-09-26 19:00:00,/Volumes/Argus/unk/snap/c1/1695754800.c1.snap.jpg,0.29442224
2023-09-26 19:30:00,/Volumes/Argus/unk/snap/c1/1695756600.c1.snap.jpg,0.34169978
2023-09-26 20:00:00,/Volumes/Argus/unk/snap/c1/1695758400.c1.snap.jpg,0.26774544
2023-09-26 20:30:00,/Volumes/Argus/unk/snap/c1/1695760200.c1.snap.jpg,0.26443487
2023-09-26 21:00:00,/Volumes/Argus/unk/snap/c1/1695762000.c1.snap.jpg,0.2824789
2023-09-26 21:30:00,/Volumes/Argus/unk/snap/c1/1695763800.c1.snap.jpg,0.27313367
2023-09-26 22:00:00,/Volumes/Argus/unk/snap/c1/1695765600.c1.snap.jpg,0.32427344
2023-09-26 22:30:00,/Volumes/Argus/unk/snap/c1/1695767400.c1.snap.jpg,0.36288795
2023-09-26 23:00:00,/Volumes/Argus/unk/snap/c1/1695769200.c1.snap.jpg,0.36191058
2023-09-26 23:30:00,/Volumes/Argus/unk/snap/c1/1695771000.c1.snap.jpg,0.38895375
2023-09-27 00:00:00,/Volumes/Argus/unk/snap/c1/1695772800.c1.snap.jpg,0.4637081
2023-09-27 00:30:00,/Volumes/Argus/unk/snap/c1/1695774600.c1.snap.jpg,0.5806304
2023-09-27 01:00:00,/Volumes/Argus/unk/snap/c1/1695776400.c1.snap.jpg,0.5177072
2023-09-27 01:30:00,/Volumes/Argus/unk/snap/c1/1695778200.c1.snap.jpg,0.44667178
2023-09-27 02:00:00,/Volumes/Argus/unk/snap/c1/1695780000.c1.snap.jpg,0.45069948
2023-09-27 02:30:00,/Volumes/Argus/unk/snap/c1/1695781800.c1.snap.jpg,0.50881934
2023-09-27 03:00:00,/Volumes/Argus/unk/snap/c1/1695783600.c1.snap.jpg,0.5836514
2023-09-27 03:30:00,/Volumes/Argus/unk/snap/c1/1695785400.c1.snap.jpg,0.42127198
2023-09-27 04:00:00,/Volumes/Argus/unk/snap/c1/1695787200.c1.snap.jpg,0.5815977
2023-09-27 04:30:00,/Volumes/Argus/unk/snap/c1/1695789000.c1.snap.jpg,0.37852097
2023-09-27 05:00:00,/Volumes/Argus/unk/snap/c1/1695790800.c1.snap.jpg,0.4263964
2023-09-28 18:00:00,/Volumes/Argus/unk/snap/c1/1695924000.c1.snap.jpg,0.3784655
2023-09-28 18:30:00,/Volumes/Argus/unk/snap/c1/1695925800.c1.snap.jpg,0.41356534
2023-09-28 19:00:00,/Volumes/Argus/unk/snap/c1/1695927600.c1.snap.jpg,0.2656209
2023-09-28 19:30:00,/Volumes/Argus/unk/snap/c1/1695929400.c1.snap.jpg,0.3305549
2023-09-28 20:00:00,/Volumes/Argus/unk/snap/c1/1695931200.c1.snap.jpg,0.3222412
2023-09-28 20:30:00,/Volumes/Argus/unk/snap/c1/1695933000.c1.snap.jpg,0.3114808
2023-09-28 21:00:00,/Volumes/Argus/unk/snap/c1/1695934800.c1.snap.jpg,0.33526427
2023-09-28 21:30:00,/Volumes/Argus/unk/snap/c1/1695936600.c1.snap.jpg,0.51823974
2023-09-28 22:00:00,/Volumes/Argus/unk/snap/c1/1695938400.c1.snap.jpg,0.37989104
2023-09-28 22:30:00,/Volumes/Argus/unk/snap/c1/1695940200.c1.snap.jpg,0.38935342
2023-09-28 23:00:00,/Volumes/Argus/unk/snap/c1/1695942000.c1.snap.jpg,0.43272787
2023-09-28 23:30:00,/Volumes/Argus/unk/snap/c1/1695943800.c1.snap.jpg,0.40495598
2023-09-29 00:00:00,/Volumes/Argus/unk/snap/c1/1695945600.c1.snap.jpg,0.3204918
2023-09-29 00:30:00,/Volumes/Argus/unk/snap/c1/1695947400.c1.snap.jpg,0.27876455
2023-09-29 01:00:00,/Volumes/Argus/unk/snap/c1/1695949200.c1.snap.jpg,0.30966878
2023-09-29 01:30:00,/Volumes/Argus/unk/snap/c1/1695951000.c1.snap.jpg,0.3974459
2023-09-29 02:00:00,/Volumes/Argus/unk/snap/c1/1695952800.c1.snap.jpg,0.30655962
2023-09-29 03:00:00,/Volumes/Argus/unk/snap/c1/1695956400.c1.snap.jpg,0.3241411
2023-09-29 03:30:00,/Volumes/Argus/unk/snap/c1/1695958200.c1.snap.jpg,0.3282957
2023-09-29 04:00:00,/Volumes/Argus/unk/snap/c1/1695960000.c1.snap.jpg,0.32809606
2023-09-29 04:30:00,/Volumes/Argus/unk/snap/c1/1695961800.c1.snap.jpg,0.4954549
2023-09-29 05:00:00,/Volumes/Argus/unk/snap/c1/1695963600.c1.snap.jpg,0.63708735
2023-09-30 16:00:00,/Volumes/Argus/unk/snap/c1/1696089600.c1.snap.jpg,0.54899144
2023-09-30 16:30:00,/Volumes/Argus/unk/snap/c1/1696091400.c1.snap.jpg,0.25908783
2023-09-30 17:00:00,/Volumes/Argus/unk/snap/c1/1696093200.c1.snap.jpg,0.22838715
2023-09-30 17:30:00,/Volumes/Argus/unk/snap/c1/1696095000.c1.snap.jpg,0.26310664
2023-09-30 18:00:00,/Volumes/Argus/unk/snap/c1/1696096800.c1.snap.jpg,0.2736662
2023-09-30 22:00:00,/Volumes/Argus/unk/snap/c1/1696111200.c1.snap.jpg,0.2655417
2023-09-30 22:30:00,/Volumes/Argus/unk/snap/c1/1696113000.c1.snap.jpg,0.3412054
2023-09-30 23:00:00,/Volumes/Argus/unk/snap/c1/1696114800.c1.snap.jpg,0.2753066
2023-09-30 23:30:00,/Volumes/Argus/unk/snap/c1/1696116600.c1.snap.jpg,0.26213136
2023-10-01 00:00:00,/Volumes/Argus/unk/snap/c1/1696118400.c1.snap.jpg,0.25571224
2023-10-01 00:30:00,/Volumes/Argus/unk/snap/c1/1696120200.c1.snap.jpg,0.28412458
2023-10-01 01:00:00,/Volumes/Argus/unk/snap/c1/1696122000.c1.snap.jpg,0.255767
2023-10-01 01:30:00,/Volumes/Argus/unk/snap/c1/1696123800.c1.snap.jpg,0.4145947
2023-10-01 02:00:00,/Volumes/Argus/unk/snap/c1/1696125600.c1.snap.jpg,0.37165573
2023-10-01 03:00:00,/Volumes/Argus/unk/snap/c1/1696129200.c1.snap.jpg,0.4407786
2023-10-01 03:30:00,/Volumes/Argus/unk/snap/c1/1696131000.c1.snap.jpg,0.4565756
2023-10-01 04:00:00,/Volumes/Argus/unk/snap/c1/1696132800.c1.snap.jpg,0.42888552
2023-10-01 04:30:00,/Volumes/Argus/unk/snap/c1/1696134600.c1.snap.jpg,0.44111568
2023-10-01 05:00:00,/Volumes/Argus/unk/snap/c1/1696136400.c1.snap.jpg,0.5577544
2023-10-01 16:30:00,/Volumes/Argus/unk/snap/c1/1696177800.c1.snap.jpg,0.61311007
2023-10-01 17:00:00,/Volumes/Argus/unk/snap/c1/1696179600.c1.snap.jpg,0.5837369
2023-10-01 17:30:00,/Volumes/Argus/unk/snap/c1/1696181400.c1.snap.jpg,0.5549779
2023-10-01 18:00:00,/Volumes/Argus/unk/snap/c1/1696183200.c1.snap.jpg,0.6186855
2023-10-01 18:30:00,/Volumes/Argus/unk/snap/c1/1696185000.c1.snap.jpg,0.61681694
2023-10-01 19:00:00,/Volumes/Argus/unk/snap/c1/1696186800.c1.snap.jpg,0.54618657
2023-10-01 19:30:00,/Volumes/Argus/unk/snap/c1/1696188600.c1.snap.jpg,0.5299316
2023-10-01 20:30:00,/Volumes/Argus/unk/snap/c1/1696192200.c1.snap.jpg,0.6082141
2023-10-01 21:00:00,/Volumes/Argus/unk/snap/c1/1696194000.c1.snap.jpg,0.5961584
2023-10-01 22:30:00,/Volumes/Argus/unk/snap/c1/1696199400.c1.snap.jpg,0.8044495
2023-10-01 23:00:00,/Volumes/Argus/unk/snap/c1/1696201200.c1.snap.jpg,0.79844946
2023-10-01 23:30:00,/Volumes/Argus/unk/snap/c1/1696203000.c1.snap.jpg,0.83472663
2023-10-02 00:00:00,/Volumes/Argus/unk/snap/c1/1696204800.c1.snap.jpg,0.95843804
2023-10-02 00:30:00,/Volumes/Argus/unk/snap/c1/1696206600.c1.snap.jpg,0.6545044
2023-10-02 02:00:00,/Volumes/Argus/unk/snap/c1/1696212000.c1.snap.jpg,1.0190722
2023-10-02 02:30:00,/Volumes/Argus/unk/snap/c1/1696213800.c1.snap.jpg,0.86603975
2023-10-02 04:00:00,/Volumes/Argus/unk/snap/c1/1696219200.c1.snap.jpg,0.8790008
2023-10-02 04:30:00,/Volumes/Argus/unk/snap/c1/1696221000.c1.snap.jpg,0.7507087
2023-10-02 05:00:00,/Volumes/Argus/unk/snap/c1/1696222800.c1.snap.jpg,0.78860104
2023-10-02 19:30:00,/Volumes/Argus/unk/snap/c1/1696275000.c1.snap.jpg,0.6666987
2023-10-02 20:00:00,/Volumes/Argus/unk/snap/c1/1696276800.c1.snap.jpg,0.5862769
2023-10-02 20:30:00,/Volumes/Argus/unk/snap/c1/1696278600.c1.snap.jpg,0.85941756
2023-10-02 21:00:00,/Volumes/Argus/unk/snap/c1/1696280400.c1.snap.jpg,0.80566365
2023-10-02 21:30:00,/Volumes/Argus/unk/snap/c1/1696282200.c1.snap.jpg,0.8534223
2023-10-02 22:00:00,/Volumes/Argus/unk/snap/c1/1696284000.c1.snap.jpg,0.8052218
2023-10-02 22:30:00,/Volumes/Argus/unk/snap/c1/1696285800.c1.snap.jpg,0.84332246
2023-10-02 23:00:00,/Volumes/Argus/unk/snap/c1/1696287600.c1.snap.jpg,0.5642412
2023-10-02 23:30:00,/Volumes/Argus/unk/snap/c1/1696289400.c1.snap.jpg,0.63352
2023-10-03 00:00:00,/Volumes/Argus/unk/snap/c1/1696291200.c1.snap.jpg,0.7613716
2023-10-03 00:30:00,/Volumes/Argus/unk/snap/c1/1696293000.c1.snap.jpg,0.8154479
2023-10-03 01:00:00,/Volumes/Argus/unk/snap/c1/1696294800.c1.snap.jpg,0.60121447
2023-10-03 01:30:00,/Volumes/Argus/unk/snap/c1/1696296600.c1.snap.jpg,0.78260744
2023-10-03 02:00:00,/Volumes/Argus/unk/snap/c1/1696298400.c1.snap.jpg,0.67567503
2023-10-03 02:30:00,/Volumes/Argus/unk/snap/c1/1696300200.c1.snap.jpg,0.9907976
2023-10-03 03:00:00,/Volumes/Argus/unk/snap/c1/1696302000.c1.snap.jpg,1.11196
2023-10-03 03:30:00,/Volumes/Argus/unk/snap/c1/1696303800.c1.snap.jpg,1.0842905
2023-10-03 04:00:00,/Volumes/Argus/unk/snap/c1/1696305600.c1.snap.jpg,1.0728741
2023-10-03 04:30:00,/Volumes/Argus/unk/snap/c1/1696307400.c1.snap.jpg,0.93319964
2023-10-03 05:00:00,/Volumes/Argus/unk/snap/c1/1696309200.c1.snap.jpg,0.9401412
2023-10-03 17:00:00,/Volumes/Argus/unk/snap/c1/1696352400.c1.snap.jpg,0.68745583
2023-10-03 17:30:00,/Volumes/Argus/unk/snap/c1/1696354200.c1.snap.jpg,0.8736776
2023-10-03 18:30:00,/Volumes/Argus/unk/snap/c1/1696357800.c1.snap.jpg,0.4956069
2023-10-03 19:00:00,/Volumes/Argus/unk/snap/c1/1696359600.c1.snap.jpg,0.4774186
2023-10-03 19:30:00,/Volumes/Argus/unk/snap/c1/1696361400.c1.snap.jpg,0.43246228
2023-10-03 20:00:00,/Volumes/Argus/unk/snap/c1/1696363200.c1.snap.jpg,0.5221722
2023-10-03 20:30:00,/Volumes/Argus/unk/snap/c1/1696365000.c1.snap.jpg,0.63991284
2023-10-03 21:00:00,/Volumes/Argus/unk/snap/c1/1696366800.c1.snap.jpg,0.51580465
2023-10-03 22:30:00,/Volumes/Argus/unk/snap/c1/1696372200.c1.snap.jpg,0.5802215
2023-10-03 23:00:00,/Volumes/Argus/unk/snap/c1/1696374000.c1.snap.jpg,0.47494146
2023-10-03 23:30:00,/Volumes/Argus/unk/snap/c1/1696375800.c1.snap.jpg,0.4413463
2023-10-04 00:00:00,/Volumes/Argus/unk/snap/c1/1696377600.c1.snap.jpg,0.38623157
2023-10-04 00:30:00,/Volumes/Argus/unk/snap/c1/1696379400.c1.snap.jpg,0.4744568
2023-10-04 01:00:00,/Volumes/Argus/unk/snap/c1/1696381200.c1.snap.jpg,0.37900507
2023-10-04 01:30:00,/Volumes/Argus/unk/snap/c1/1696383000.c1.snap.jpg,0.43396193
2023-10-04 02:00:00,/Volumes/Argus/unk/snap/c1/1696384800.c1.snap.jpg,0.43180254
2023-10-04 02:30:00,/Volumes/Argus/unk/snap/c1/1696386600.c1.snap.jpg,0.57619214
2023-10-04 03:00:00,/Volumes/Argus/unk/snap/c1/1696388400.c1.snap.jpg,0.5994029
2023-10-04 03:30:00,/Volumes/Argus/unk/snap/c1/1696390200.c1.snap.jpg,0.30813318
2023-10-04 04:00:00,/Volumes/Argus/unk/snap/c1/1696392000.c1.snap.jpg,0.32296708
2023-10-04 04:30:00,/Volumes/Argus/unk/snap/c1/1696393800.c1.snap.jpg,0.51697135
2023-10-04 05:00:00,/Volumes/Argus/unk/snap/c1/1696395600.c1.snap.jpg,0.7403617
2023-10-04 16:30:00,/Volumes/Argus/unk/snap/c1/1696437000.c1.snap.jpg,0.30288154
2023-10-04 17:00:00,/Volumes/Argus/unk/snap/c1/1696438800.c1.snap.jpg,0.29526156
2023-10-04 17:30:00,/Volumes/Argus/unk/snap/c1/1696440600.c1.snap.jpg,0.22674899
2023-10-04 18:00:00,/Volumes/Argus/unk/snap/c1/1696442400.c1.snap.jpg,0.33091128
2023-10-04 18:30:00,/Volumes/Argus/unk/snap/c1/1696444200.c1.snap.jpg,0.30238545
2023-10-04 19:00:00,/Volumes/Argus/unk/snap/c1/1696446000.c1.snap.jpg,0.321776
2023-10-04 19:30:00,/Volumes/Argus/unk/snap/c1/1696447800.c1.snap.jpg,0.40979147
2023-10-04 20:00:00,/Volumes/Argus/unk/snap/c1/1696449600.c1.snap.jpg,0.36478728
2023-10-04 20:30:00,/Volumes/Argus/unk/snap/c1/1696451400.c1.snap.jpg,0.3486688
2023-10-04 21:00:00,/Volumes/Argus/unk/snap/c1/1696453200.c1.snap.jpg,0.42991716
2023-10-04 21:30:00,/Volumes/Argus/unk/snap/c1/1696455000.c1.snap.jpg,0.34357318
2023-10-04 22:00:00,/Volumes/Argus/unk/snap/c1/1696456800.c1.snap.jpg,0.35409135
2023-10-04 22:30:00,/Volumes/Argus/unk/snap/c1/1696458600.c1.snap.jpg,0.32717422
2023-10-04 23:00:00,/Volumes/Argus/unk/snap/c1/1696460400.c1.snap.jpg,0.37527305
2023-10-05 00:00:00,/Volumes/Argus/unk/snap/c1/1696464000.c1.snap.jpg,0.30536535
2023-10-05 00:30:00,/Volumes/Argus/unk/snap/c1/1696465800.c1.snap.jpg,0.29018813
2023-10-05 01:00:00,/Volumes/Argus/unk/snap/c1/1696467600.c1.snap.jpg,0.3060333
2023-10-05 01:30:00,/Volumes/Argus/unk/snap/c1/1696469400.c1.snap.jpg,0.30247146
2023-10-05 02:00:00,/Volumes/Argus/unk/snap/c1/1696471200.c1.snap.jpg,0.31734836
2023-10-05 02:30:00,/Volumes/Argus/unk/snap/c1/1696473000.c1.snap.jpg,0.3441378
2023-10-05 03:00:00,/Volumes/Argus/unk/snap/c1/1696474800.c1.snap.jpg,0.3969916
2023-10-05 03:30:00,/Volumes/Argus/unk/snap/c1/1696476600.c1.snap.jpg,0.31959164
2023-10-05 04:00:00,/Volumes/Argus/unk/snap/c1/1696478400.c1.snap.jpg,0.39228222
2023-10-05 04:30:00,/Volumes/Argus/unk/snap/c1/1696480200.c1.snap.jpg,0.51651967
2023-10-05 17:30:00,/Volumes/Argus/unk/snap/c1/1696527000.c1.snap.jpg,0.54138994
2023-10-05 18:00:00,/Volumes/Argus/unk/snap/c1/1696528800.c1.snap.jpg,0.49319416
2023-10-05 18:30:00,/Volumes/Argus/unk/snap/c1/1696530600.c1.snap.jpg,0.43425566
2023-10-05 19:00:00,/Volumes/Argus/unk/snap/c1/1696532400.c1.snap.jpg,0.52358294
2023-10-05 19:30:00,/Volumes/Argus/unk/snap/c1/1696534200.c1.snap.jpg,0.53712314
2023-10-05 20:00:00,/Volumes/Argus/unk/snap/c1/1696536000.c1.snap.jpg,0.5318385
2023-10-05 20:30:00,/Volumes/Argus/unk/snap/c1/1696537800.c1.snap.jpg,0.5519367
2023-10-05 21:00:00,/Volumes/Argus/unk/snap/c1/1696539600.c1.snap.jpg,0.578459
2023-10-05 21:30:00,/Volumes/Argus/unk/snap/c1/1696541400.c1.snap.jpg,0.53162915
2023-10-05 22:00:00,/Volumes/Argus/unk/snap/c1/1696543200.c1.snap.jpg,0.4800749
2023-10-05 23:30:00,/Volumes/Argus/unk/snap/c1/1696548600.c1.snap.jpg,0.5614526
2023-10-06 00:30:00,/Volumes/Argus/unk/snap/c1/1696552200.c1.snap.jpg,0.5287259
2023-10-06 01:00:00,/Volumes/Argus/unk/snap/c1/1696554000.c1.snap.jpg,0.56983656
2023-10-06 01:30:00,/Volumes/Argus/unk/snap/c1/1696555800.c1.snap.jpg,0.5862504
2023-10-06 02:00:00,/Volumes/Argus/unk/snap/c1/1696557600.c1.snap.jpg,0.59437495
2023-10-06 02:30:00,/Volumes/Argus/unk/snap/c1/1696559400.c1.snap.jpg,0.58105576
2023-10-06 03:00:00,/Volumes/Argus/unk/snap/c1/1696561200.c1.snap.jpg,0.5549371
2023-10-06 04:00:00,/Volumes/Argus/unk/snap/c1/1696564800.c1.snap.jpg,0.58818334
2023-10-06 16:30:00,/Volumes/Argus/unk/snap/c1/1696609800.c1.snap.jpg,0.47081086
2023-10-06 17:00:00,/Volumes/Argus/unk/snap/c1/1696611600.c1.snap.jpg,0.45565245
2023-10-06 17:30:00,/Volumes/Argus/unk/snap/c1/1696613400.c1.snap.jpg,0.41070017
2023-10-06 18:00:00,/Volumes/Argus/unk/snap/c1/1696615200.c1.snap.jpg,0.469101
2023-10-06 18:30:00,/Volumes/Argus/unk/snap/c1/1696617000.c1.snap.jpg,0.4532903
2023-10-06 19:00:00,/Volumes/Argus/unk/snap/c1/1696618800.c1.snap.jpg,0.51612234
2023-10-06 19:30:00,/Volumes/Argus/unk/snap/c1/1696620600.c1.snap.jpg,0.48975
2023-10-06 20:00:00,/Volumes/Argus/unk/snap/c1/1696622400.c1.snap.jpg,0.49628934
2023-10-06 21:00:00,/Volumes/Argus/unk/snap/c1/1696626000.c1.snap.jpg,0.47641206
2023-10-06 21:30:00,/Volumes/Argus/unk/snap/c1/1696627800.c1.snap.jpg,0.49712044
2023-10-06 22:00:00,/Volumes/Argus/unk/snap/c1/1696629600.c1.snap.jpg,0.48297173
2023-10-06 23:00:00,/Volumes/Argus/unk/snap/c1/1696633200.c1.snap.jpg,0.53692234
2023-10-06 23:30:00,/Volumes/Argus/unk/snap/c1/1696635000.c1.snap.jpg,0.5841609
2023-10-07 00:00:00,/Volumes/Argus/unk/snap/c1/1696636800.c1.snap.jpg,0.5569898
2023-10-07 00:30:00,/Volumes/Argus/unk/snap/c1/1696638600.c1.snap.jpg,0.54742926
2023-10-07 01:00:00,/Volumes/Argus/unk/snap/c1/1696640400.c1.snap.jpg,0.5526308
2023-10-07 01:30:00,/Volumes/Argus/unk/snap/c1/1696642200.c1.snap.jpg,0.58442616
2023-10-07 02:00:00,/Volumes/Argus/unk/snap/c1/1696644000.c1.snap.jpg,0.5684058
2023-10-07 02:30:00,/Volumes/Argus/unk/snap/c1/1696645800.c1.snap.jpg,0.5194088
2023-10-07 03:00:00,/Volumes/Argus/unk/snap/c1/1696647600.c1.snap.jpg,0.6026947
2023-10-07 03:30:00,/Volumes/Argus/unk/snap/c1/1696649400.c1.snap.jpg,0.5484088
2023-10-07 04:00:00,/Volumes/Argus/unk/snap/c1/1696651200.c1.snap.jpg,0.59230554
2023-10-07 04:30:00,/Volumes/Argus/unk/snap/c1/1696653000.c1.snap.jpg,0.6284855
2023-10-07 16:30:00,/Volumes/Argus/unk/snap/c1/1696696200.c1.snap.jpg,0.5791123
2023-10-07 17:00:00,/Volumes/Argus/unk/snap/c1/1696698000.c1.snap.jpg,0.45135424
2023-10-07 17:30:00,/Volumes/Argus/unk/snap/c1/1696699800.c1.snap.jpg,0.41028795
2023-10-07 18:00:00,/Volumes/Argus/unk/snap/c1/1696701600.c1.snap.jpg,0.41879126
2023-10-07 18:30:00,/Volumes/Argus/unk/snap/c1/1696703400.c1.snap.jpg,0.4218104
2023-10-07 19:00:00,/Volumes/Argus/unk/snap/c1/1696705200.c1.snap.jpg,0.43513936
2023-10-07 19:30:00,/Volumes/Argus/unk/snap/c1/1696707000.c1.snap.jpg,0.39269826
2023-10-07 20:00:00,/Volumes/Argus/unk/snap/c1/1696708800.c1.snap.jpg,0.4633571
2023-10-07 20:30:00,/Volumes/Argus/unk/snap/c1/1696710600.c1.snap.jpg,0.5137851
2023-10-07 21:00:00,/Volumes/Argus/unk/snap/c1/1696712400.c1.snap.jpg,0.4411407
2023-10-07 21:30:00,/Volumes/Argus/unk/snap/c1/1696714200.c1.snap.jpg,0.48914143
2023-10-07 22:30:00,/Volumes/Argus/unk/snap/c1/1696717800.c1.snap.jpg,0.43942642
2023-10-07 23:00:00,/Volumes/Argus/unk/snap/c1/1696719600.c1.snap.jpg,0.45651838
2023-10-07 23:30:00,/Volumes/Argus/unk/snap/c1/1696721400.c1.snap.jpg,0.4004109
2023-10-08 00:00:00,/Volumes/Argus/unk/snap/c1/1696723200.c1.snap.jpg,0.41542542
2023-10-08 00:30:00,/Volumes/Argus/unk/snap/c1/1696725000.c1.snap.jpg,0.32051894
2023-10-08 01:00:00,/Volumes/Argus/unk/snap/c1/1696726800.c1.snap.jpg,0.44696832
2023-10-08 01:30:00,/Volumes/Argus/unk/snap/c1/1696728600.c1.snap.jpg,0.40193662
2023-10-08 02:00:00,/Volumes/Argus/unk/snap/c1/1696730400.c1.snap.jpg,0.31658828
2023-10-08 02:30:00,/Volumes/Argus/unk/snap/c1/1696732200.c1.snap.jpg,0.29004335
2023-10-08 03:00:00,/Volumes/Argus/unk/snap/c1/1696734000.c1.snap.jpg,0.33425814
2023-10-08 03:30:00,/Volumes/Argus/unk/snap/c1/1696735800.c1.snap.jpg,0.32497066
2023-10-08 04:00:00,/Volumes/Argus/unk/snap/c1/1696737600.c1.snap.jpg,0.32890898
2023-10-08 04:30:00,/Volumes/Argus/unk/snap/c1/1696739400.c1.snap.jpg,0.5231563
2023-10-08 16:30:00,/Volumes/Argus/unk/snap/c1/1696782600.c1.snap.jpg,0.45307732
2023-10-08 17:00:00,/Volumes/Argus/unk/snap/c1/1696784400.c1.snap.jpg,0.41331744
2023-10-08 17:30:00,/Volumes/Argus/unk/snap/c1/1696786200.c1.snap.jpg,0.33454055
2023-10-08 20:30:00,/Volumes/Argus/unk/snap/c1/1696797000.c1.snap.jpg,0.38031107
2023-10-08 21:00:00,/Volumes/Argus/unk/snap/c1/1696798800.c1.snap.jpg,0.28425723
2023-10-08 21:30:00,/Volumes/Argus/unk/snap/c1/1696800600.c1.snap.jpg,0.37701818
2023-10-08 22:00:00,/Volumes/Argus/unk/snap/c1/1696802400.c1.snap.jpg,0.4123444
2023-10-08 22:30:00,/Volumes/Argus/unk/snap/c1/1696804200.c1.snap.jpg,0.38397864
2023-10-08 23:00:00,/Volumes/Argus/unk/snap/c1/1696806000.c1.snap.jpg,0.30679727
2023-10-08 23:30:00,/Volumes/Argus/unk/snap/c1/1696807800.c1.snap.jpg,0.28045207
2023-10-09 00:00:00,/Volumes/Argus/unk/snap/c1/1696809600.c1.snap.jpg,0.33529168
2023-10-09 00:30:00,/Volumes/Argus/unk/snap/c1/1696811400.c1.snap.jpg,0.37853205
2023-10-09 01:00:00,/Volumes/Argus/unk/snap/c1/1696813200.c1.snap.jpg,0.32513922
2023-10-09 01:30:00,/Volumes/Argus/unk/snap/c1/1696815000.c1.snap.jpg,0.3013636
2023-10-09 03:30:00,/Volumes/Argus/unk/snap/c1/1696822200.c1.snap.jpg,0.5613955
2023-10-09 04:00:00,/Volumes/Argus/unk/snap/c1/1696824000.c1.snap.jpg,0.5664968
2023-10-09 04:30:00,/Volumes/Argus/unk/snap/c1/1696825800.c1.snap.jpg,0.614276
2023-10-09 16:30:00,/Volumes/Argus/unk/snap/c1/1696869000.c1.snap.jpg,0.41223294
2023-10-09 17:00:00,/Volumes/Argus/unk/snap/c1/1696870800.c1.snap.jpg,0.29455966
2023-10-09 17:30:00,/Volumes/Argus/unk/snap/c1/1696872600.c1.snap.jpg,0.5753704
2023-10-09 18:00:00,/Volumes/Argus/unk/snap/c1/1696874400.c1.snap.jpg,0.5870594
2023-10-09 18:30:00,/Volumes/Argus/unk/snap/c1/1696876200.c1.snap.jpg,0.5359486
2023-10-09 19:00:00,/Volumes/Argus/unk/snap/c1/1696878000.c1.snap.jpg,0.26475966
2023-10-09 19:30:00,/Volumes/Argus/unk/snap/c1/1696879800.c1.snap.jpg,0.43927896
2023-10-09 20:00:00,/Volumes/Argus/unk/snap/c1/1696881600.c1.snap.jpg,0.3324243
2023-10-09 20:30:00,/Volumes/Argus/unk/snap/c1/1696883400.c1.snap.jpg,0.41227683
2023-10-09 22:00:00,/Volumes/Argus/unk/snap/c1/1696888800.c1.snap.jpg,0.4241106
2023-10-09 22:30:00,/Volumes/Argus/unk/snap/c1/1696890600.c1.snap.jpg,0.30336443
2023-10-09 23:00:00,/Volumes/Argus/unk/snap/c1/1696892400.c1.snap.jpg,0.38435486
2023-10-09 23:30:00,/Volumes/Argus/unk/snap/c1/1696894200.c1.snap.jpg,0.33050048
2023-10-10 01:00:00,/Volumes/Argus/unk/snap/c1/1696899600.c1.snap.jpg,0.4865489
2023-10-10 01:30:00,/Volumes/Argus/unk/snap/c1/1696901400.c1.snap.jpg,0.52496666
2023-10-10 02:00:00,/Volumes/Argus/unk/snap/c1/1696903200.c1.snap.jpg,0.53325737
2023-10-10 02:30:00,/Volumes/Argus/unk/snap/c1/1696905000.c1.snap.jpg,0.5580822
2023-10-10 03:00:00,/Volumes/Argus/unk/snap/c1/1696906800.c1.snap.jpg,0.6554235
2023-10-10 03:30:00,/Volumes/Argus/unk/snap/c1/1696908600.c1.snap.jpg,0.5089506
2023-10-10 04:00:00,/Volumes/Argus/unk/snap/c1/1696910400.c1.snap.jpg,0.5339905
2023-10-10 04:30:00,/Volumes/Argus/unk/snap/c1/1696912200.c1.snap.jpg,0.47421232
2023-10-10 21:30:00,/Volumes/Argus/unk/snap/c1/1696973400.c1.snap.jpg,0.53256613
2023-10-10 22:30:00,/Volumes/Argus/unk/snap/c1/1696977000.c1.snap.jpg,0.66598463
2023-10-11 00:00:00,/Volumes/Argus/unk/snap/c1/1696982400.c1.snap.jpg,0.5161354
2023-10-11 00:30:00,/Volumes/Argus/unk/snap/c1/1696984200.c1.snap.jpg,0.693751
2023-10-11 01:00:00,/Volumes/Argus/unk/snap/c1/1696986000.c1.snap.jpg,0.57615817
2023-10-11 01:30:00,/Volumes/Argus/unk/snap/c1/1696987800.c1.snap.jpg,0.79578626
2023-10-11 02:00:00,/Volumes/Argus/unk/snap/c1/1696989600.c1.snap.jpg,0.80463964
2023-10-11 02:30:00,/Volumes/Argus/unk/snap/c1/1696991400.c1.snap.jpg,1.0968015
2023-10-11 03:00:00,/Volumes/Argus/unk/snap/c1/1696993200.c1.snap.jpg,0.5968217
2023-10-11 03:30:00,/Volumes/Argus/unk/snap/c1/1696995000.c1.snap.jpg,0.46607137
2023-10-11 04:00:00,/Volumes/Argus/unk/snap/c1/1696996800.c1.snap.jpg,0.6503655
2023-10-11 04:30:00,/Volumes/Argus/unk/snap/c1/1696998600.c1.snap.jpg,0.8544112
2023-10-11 17:30:00,/Volumes/Argus/unk/snap/c1/1697045400.c1.snap.jpg,0.43259817
2023-10-11 18:00:00,/Volumes/Argus/unk/snap/c1/1697047200.c1.snap.jpg,0.569497
2023-10-11 18:30:00,/Volumes/Argus/unk/snap/c1/1697049000.c1.snap.jpg,0.60613847
2023-10-11 19:00:00,/Volumes/Argus/unk/snap/c1/1697050800.c1.snap.jpg,0.4521806
2023-10-11 19:30:00,/Volumes/Argus/unk/snap/c1/1697052600.c1.snap.jpg,0.47364885
2023-10-11 20:00:00,/Volumes/Argus/unk/snap/c1/1697054400.c1.snap.jpg,0.41824073
2023-10-11 20:30:00,/Volumes/Argus/unk/snap/c1/1697056200.c1.snap.jpg,0.4856025
2023-10-11 21:00:00,/Volumes/Argus/unk/snap/c1/1697058000.c1.snap.jpg,0.41755933
2023-10-11 21:30:00,/Volumes/Argus/unk/snap/c1/1697059800.c1.snap.jpg,0.47069618
2023-10-11 22:00:00,/Volumes/Argus/unk/snap/c1/1697061600.c1.snap.jpg,0.43881193
2023-10-11 22:30:00,/Volumes/Argus/unk/snap/c1/1697063400.c1.snap.jpg,0.7072401
2023-10-11 23:00:00,/Volumes/Argus/unk/snap/c1/1697065200.c1.snap.jpg,0.6753946
2023-10-12 00:00:00,/Volumes/Argus/unk/snap/c1/1697068800.c1.snap.jpg,0.97359353
2023-10-12 01:00:00,/Volumes/Argus/unk/snap/c1/1697072400.c1.snap.jpg,1.2319113
2023-10-12 01:30:00,/Volumes/Argus/unk/snap/c1/1697074200.c1.snap.jpg,1.2405776
2023-10-12 02:00:00,/Volumes/Argus/unk/snap/c1/1697076000.c1.snap.jpg,1.1199584
2023-10-12 02:30:00,/Volumes/Argus/unk/snap/c1/1697077800.c1.snap.jpg,1.2008798
2023-10-12 03:00:00,/Volumes/Argus/unk/snap/c1/1697079600.c1.snap.jpg,1.1753037
2023-10-12 17:30:00,/Volumes/Argus/unk/snap/c1/1697131800.c1.snap.jpg,0.5164027
2023-10-12 18:00:00,/Volumes/Argus/unk/snap/c1/1697133600.c1.snap.jpg,0.62370485
2023-10-12 18:30:00,/Volumes/Argus/unk/snap/c1/1697135400.c1.snap.jpg,0.6100882
2023-10-12 19:00:00,/Volumes/Argus/unk/snap/c1/1697137200.c1.snap.jpg,0.6682898
2023-10-12 20:00:00,/Volumes/Argus/unk/snap/c1/1697140800.c1.snap.jpg,0.4116591
2023-10-12 21:00:00,/Volumes/Argus/unk/snap/c1/1697144400.c1.snap.jpg,0.37793672
2023-10-12 21:30:00,/Volumes/Argus/unk/snap/c1/1697146200.c1.snap.jpg,0.3659705
2023-10-12 22:00:00,/Volumes/Argus/unk/snap/c1/1697148000.c1.snap.jpg,0.3659352
2023-10-12 22:30:00,/Volumes/Argus/unk/snap/c1/1697149800.c1.snap.jpg,0.4722304
2023-10-12 23:00:00,/Volumes/Argus/unk/snap/c1/1697151600.c1.snap.jpg,0.39904436
2023-10-12 23:30:00,/Volumes/Argus/unk/snap/c1/1697153400.c1.snap.jpg,0.517706
2023-10-13 00:00:00,/Volumes/Argus/unk/snap/c1/1697155200.c1.snap.jpg,0.44105884
2023-10-13 00:30:00,/Volumes/Argus/unk/snap/c1/1697157000.c1.snap.jpg,0.44087112
2023-10-13 01:00:00,/Volumes/Argus/unk/snap/c1/1697158800.c1.snap.jpg,0.34515658
2023-10-13 01:30:00,/Volumes/Argus/unk/snap/c1/1697160600.c1.snap.jpg,0.3392013
2023-10-13 02:00:00,/Volumes/Argus/unk/snap/c1/1697162400.c1.snap.jpg,0.3901912
2023-10-13 03:00:00,/Volumes/Argus/unk/snap/c1/1697166000.c1.snap.jpg,0.44556046
2023-10-13 03:30:00,/Volumes/Argus/unk/snap/c1/1697167800.c1.snap.jpg,0.43276483
2023-10-13 17:30:00,/Volumes/Argus/unk/snap/c1/1697218200.c1.snap.jpg,0.5849985
2023-10-13 18:00:00,/Volumes/Argus/unk/snap/c1/1697220000.c1.snap.jpg,0.40338552
2023-10-13 18:30:00,/Volumes/Argus/unk/snap/c1/1697221800.c1.snap.jpg,0.42851982
2023-10-13 19:00:00,/Volumes/Argus/unk/snap/c1/1697223600.c1.snap.jpg,0.59427077
2023-10-13 19:30:00,/Volumes/Argus/unk/snap/c1/1697225400.c1.snap.jpg,0.47776923
2023-10-13 20:00:00,/Volumes/Argus/unk/snap/c1/1697227200.c1.snap.jpg,0.433057
2023-10-13 20:30:00,/Volumes/Argus/unk/snap/c1/1697229000.c1.snap.jpg,0.44193116
2023-10-13 21:00:00,/Volumes/Argus/unk/snap/c1/1697230800.c1.snap.jpg,0.25937006
2023-10-13 21:30:00,/Volumes/Argus/unk/snap/c1/1697232600.c1.snap.jpg,0.48717707
2023-10-13 22:00:00,/Volumes/Argus/unk/snap/c1/1697234400.c1.snap.jpg,0.43423477
2023-10-13 23:00:00,/Volumes/Argus/unk/snap/c1/1697238000.c1.snap.jpg,0.3813784
2023-10-13 23:30:00,/Volumes/Argus/unk/snap/c1/1697239800.c1.snap.jpg,0.44199932
2023-10-14 00:00:00,/Volumes/Argus/unk/snap/c1/1697241600.c1.snap.jpg,0.29895252
2023-10-14 00:30:00,/Volumes/Argus/unk/snap/c1/1697243400.c1.snap.jpg,0.39378983
2023-10-14 01:00:00,/Volumes/Argus/unk/snap/c1/1697245200.c1.snap.jpg,0.37941766
2023-10-14 01:30:00,/Volumes/Argus/unk/snap/c1/1697247000.c1.snap.jpg,0.3655684
2023-10-14 02:00:00,/Volumes/Argus/unk/snap/c1/1697248800.c1.snap.jpg,0.32267064
2023-10-14 02:30:00,/Volumes/Argus/unk/snap/c1/1697250600.c1.snap.jpg,0.6479481
2023-10-14 03:00:00,/Volumes/Argus/unk/snap/c1/1697252400.c1.snap.jpg,0.38536763
2023-10-14 03:30:00,/Volumes/Argus/unk/snap/c1/1697254200.c1.snap.jpg,0.5132232
2023-10-14 17:30:00,/Volumes/Argus/unk/snap/c1/1697304600.c1.snap.jpg,0.6123952
2023-10-14 18:00:00,/Volumes/Argus/unk/snap/c1/1697306400.c1.snap.jpg,0.6269219
2023-10-14 18:30:00,/Volumes/Argus/unk/snap/c1/1697308200.c1.snap.jpg,0.4980097
2023-10-14 19:00:00,/Volumes/Argus/unk/snap/c1/1697310000.c1.snap.jpg,0.67458415
2023-10-14 19:30:00,/Volumes/Argus/unk/snap/c1/1697311800.c1.snap.jpg,0.4894125
2023-10-14 20:00:00,/Volumes/Argus/unk/snap/c1/1697313600.c1.snap.jpg,0.44535166
2023-10-14 20:30:00,/Volumes/Argus/unk/snap/c1/1697315400.c1.snap.jpg,0.55207074
2023-10-14 21:00:00,/Volumes/Argus/unk/snap/c1/1697317200.c1.snap.jpg,0.4669025
2023-10-14 21:30:00,/Volumes/Argus/unk/snap/c1/1697319000.c1.snap.jpg,0.604007
2023-10-14 22:00:00,/Volumes/Argus/unk/snap/c1/1697320800.c1.snap.jpg,0.531054
2023-10-14 22:30:00,/Volumes/Argus/unk/snap/c1/1697322600.c1.snap.jpg,0.47788006
2023-10-14 23:00:00,/Volumes/Argus/unk/snap/c1/1697324400.c1.snap.jpg,0.47079957
2023-10-14 23:30:00,/Volumes/Argus/unk/snap/c1/1697326200.c1.snap.jpg,0.5944942
2023-10-15 00:00:00,/Volumes/Argus/unk/snap/c1/1697328000.c1.snap.jpg,0.58540887
2023-10-15 01:00:00,/Volumes/Argus/unk/snap/c1/1697331600.c1.snap.jpg,0.46837956
2023-10-15 02:30:00,/Volumes/Argus/unk/snap/c1/1697337000.c1.snap.jpg,0.3412134
2023-10-15 03:00:00,/Volumes/Argus/unk/snap/c1/1697338800.c1.snap.jpg,0.53556263
2023-10-15 03:30:00,/Volumes/Argus/unk/snap/c1/1697340600.c1.snap.jpg,0.39879864
2023-10-15 17:30:00,/Volumes/Argus/unk/snap/c1/1697391000.c1.snap.jpg,0.36810875
2023-10-15 18:00:00,/Volumes/Argus/unk/snap/c1/1697392800.c1.snap.jpg,0.4102328
2023-10-15 18:30:00,/Volumes/Argus/unk/snap/c1/1697394600.c1.snap.jpg,0.31636482
2023-10-15 19:00:00,/Volumes/Argus/unk/snap/c1/1697396400.c1.snap.jpg,0.33314878
2023-10-15 19:30:00,/Volumes/Argus/unk/snap/c1/1697398200.c1.snap.jpg,0.39710033
2023-10-15 20:00:00,/Volumes/Argus/unk/snap/c1/1697400000.c1.snap.jpg,0.35873774
2023-10-15 20:30:00,/Volumes/Argus/unk/snap/c1/1697401800.c1.snap.jpg,0.37209755
2023-10-15 21:00:00,/Volumes/Argus/unk/snap/c1/1697403600.c1.snap.jpg,0.33383507
2023-10-15 21:30:00,/Volumes/Argus/unk/snap/c1/1697405400.c1.snap.jpg,0.32880506
2023-10-15 22:00:00,/Volumes/Argus/unk/snap/c1/1697407200.c1.snap.jpg,0.35126543
2023-10-15 22:30:00,/Volumes/Argus/unk/snap/c1/1697409000.c1.snap.jpg,0.4748702
2023-10-15 23:00:00,/Volumes/Argus/unk/snap/c1/1697410800.c1.snap.jpg,0.38817343
2023-10-15 23:30:00,/Volumes/Argus/unk/snap/c1/1697412600.c1.snap.jpg,0.36687958
2023-10-16 00:00:00,/Volumes/Argus/unk/snap/c1/1697414400.c1.snap.jpg,0.6390241
2023-10-16 00:30:00,/Volumes/Argus/unk/snap/c1/1697416200.c1.snap.jpg,0.5340068
2023-10-16 01:00:00,/Volumes/Argus/unk/snap/c1/1697418000.c1.snap.jpg,0.51548445
2023-10-16 02:00:00,/Volumes/Argus/unk/snap/c1/1697421600.c1.snap.jpg,0.4151982
2023-10-16 03:00:00,/Volumes/Argus/unk/snap/c1/1697425200.c1.snap.jpg,0.45234692
2023-10-16 03:30:00,/Volumes/Argus/unk/snap/c1/1697427000.c1.snap.jpg,0.34324354
2023-10-16 18:00:00,/Volumes/Argus/unk/snap/c1/1697479200.c1.snap.jpg,0.3472823
2023-10-16 18:30:00,/Volumes/Argus/unk/snap/c1/1697481000.c1.snap.jpg,0.35763246
2023-10-16 19:00:00,/Volumes/Argus/unk/snap/c1/1697482800.c1.snap.jpg,0.36559656
2023-10-16 19:30:00,/Volumes/Argus/unk/snap/c1/1697484600.c1.snap.jpg,0.33286944
2023-10-16 20:00:00,/Volumes/Argus/unk/snap/c1/1697486400.c1.snap.jpg,0.3761644
2023-10-16 20:30:00,/Volumes/Argus/unk/snap/c1/1697488200.c1.snap.jpg,0.3599871
2023-10-16 21:00:00,/Volumes/Argus/unk/snap/c1/1697490000.c1.snap.jpg,0.37893224
2023-10-16 21:30:00,/Volumes/Argus/unk/snap/c1/1697491800.c1.snap.jpg,0.3768416
2023-10-16 22:00:00,/Volumes/Argus/unk/snap/c1/1697493600.c1.snap.jpg,0.62978494
2023-10-16 23:00:00,/Volumes/Argus/unk/snap/c1/1697497200.c1.snap.jpg,0.66884685
2023-10-16 23:30:00,/Volumes/Argus/unk/snap/c1/1697499000.c1.snap.jpg,0.65933573
2023-10-17 00:00:00,/Volumes/Argus/unk/snap/c1/1697500800.c1.snap.jpg,0.7760973
2023-10-17 00:30:00,/Volumes/Argus/unk/snap/c1/1697502600.c1.snap.jpg,0.73003143
2023-10-17 02:00:00,/Volumes/Argus/unk/snap/c1/1697508000.c1.snap.jpg,0.7277237
2023-10-17 02:30:00,/Volumes/Argus/unk/snap/c1/1697509800.c1.snap.jpg,0.66678596
2023-10-17 03:00:00,/Volumes/Argus/unk/snap/c1/1697511600.c1.snap.jpg,0.6772479
2023-10-17 03:30:00,/Volumes/Argus/unk/snap/c1/1697513400.c1.snap.jpg,0.71446645
2023-10-17 18:30:00,/Volumes/Argus/unk/snap/c1/1697567400.c1.snap.jpg,0.58679134
2023-10-17 19:00:00,/Volumes/Argus/unk/snap/c1/1697569200.c1.snap.jpg,0.5804185
2023-10-17 19:30:00,/Volumes/Argus/unk/snap/c1/1697571000.c1.snap.jpg,0.6237407
2023-10-17 20:00:00,/Volumes/Argus/unk/snap/c1/1697572800.c1.snap.jpg,0.5770148
2023-10-17 20:30:00,/Volumes/Argus/unk/snap/c1/1697574600.c1.snap.jpg,0.42275393
2023-10-17 21:00:00,/Volumes/Argus/unk/snap/c1/1697576400.c1.snap.jpg,0.5429133
2023-10-17 21:30:00,/Volumes/Argus/unk/snap/c1/1697578200.c1.snap.jpg,0.4790277
2023-10-17 22:00:00,/Volumes/Argus/unk/snap/c1/1697580000.c1.snap.jpg,0.5048876
2023-10-17 22:30:00,/Volumes/Argus/unk/snap/c1/1697581800.c1.snap.jpg,0.47196642
2023-10-17 23:00:00,/Volumes/Argus/unk/snap/c1/1697583600.c1.snap.jpg,0.4508261
2023-10-17 23:30:00,/Volumes/Argus/unk/snap/c1/1697585400.c1.snap.jpg,0.4501495
2023-10-18 00:00:00,/Volumes/Argus/unk/snap/c1/1697587200.c1.snap.jpg,0.4195876
2023-10-18 00:30:00,/Volumes/Argus/unk/snap/c1/1697589000.c1.snap.jpg,0.38064486
2023-10-18 01:00:00,/Volumes/Argus/unk/snap/c1/1697590800.c1.snap.jpg,0.3716662
2023-10-18 01:30:00,/Volumes/Argus/unk/snap/c1/1697592600.c1.snap.jpg,0.38178143
2023-10-18 02:00:00,/Volumes/Argus/unk/snap/c1/1697594400.c1.snap.jpg,0.5028582
2023-10-18 02:30:00,/Volumes/Argus/unk/snap/c1/1697596200.c1.snap.jpg,0.47863045
2023-10-18 03:00:00,/Volumes/Argus/unk/snap/c1/1697598000.c1.snap.jpg,0.69329774
2023-10-19 18:00:00,/Volumes/Argus/unk/snap/c1/1697738400.c1.snap.jpg,1.0847845
2023-10-19 18:30:00,/Volumes/Argus/unk/snap/c1/1697740200.c1.snap.jpg,0.9358207
2023-10-19 19:00:00,/Volumes/Argus/unk/snap/c1/1697742000.c1.snap.jpg,0.8670083
2023-10-19 20:30:00,/Volumes/Argus/unk/snap/c1/1697747400.c1.snap.jpg,0.82223463
2023-10-19 21:00:00,/Volumes/Argus/unk/snap/c1/1697749200.c1.snap.jpg,0.728113
2023-10-19 21:30:00,/Volumes/Argus/unk/snap/c1/1697751000.c1.snap.jpg,0.82880473
2023-10-19 22:00:00,/Volumes/Argus/unk/snap/c1/1697752800.c1.snap.jpg,0.8084076
2023-10-19 22:30:00,/Volumes/Argus/unk/snap/c1/1697754600.c1.snap.jpg,0.7738095
2023-10-19 23:00:00,/Volumes/Argus/unk/snap/c1/1697756400.c1.snap.jpg,0.8469957
2023-10-19 23:30:00,/Volumes/Argus/unk/snap/c1/1697758200.c1.snap.jpg,0.8081553
2023-10-20 00:30:00,/Volumes/Argus/unk/snap/c1/1697761800.c1.snap.jpg,0.9981096
2023-10-20 01:00:00,/Volumes/Argus/unk/snap/c1/1697763600.c1.snap.jpg,0.89788914
2023-10-20 01:30:00,/Volumes/Argus/unk/snap/c1/1697765400.c1.snap.jpg,0.7828832
2023-10-20 02:00:00,/Volumes/Argus/unk/snap/c1/1697767200.c1.snap.jpg,0.7317517
2023-10-20 02:30:00,/Volumes/Argus/unk/snap/c1/1697769000.c1.snap.jpg,0.8095068
2023-10-20 03:00:00,/Volumes/Argus/unk/snap/c1/1697770800.c1.snap.jpg,0.87795436
2023-10-20 18:00:00,/Volumes/Argus/unk/snap/c1/1697824800.c1.snap.jpg,0.45193917
2023-10-20 18:30:00,/Volumes/Argus/unk/snap/c1/1697826600.c1.snap.jpg,0.5452806
2023-10-20 19:00:00,/Volumes/Argus/unk/snap/c1/1697828400.c1.snap.jpg,0.63902766
2023-10-20 19:30:00,/Volumes/Argus/unk/snap/c1/1697830200.c1.snap.jpg,0.61681163
2023-10-20 20:00:00,/Volumes/Argus/unk/snap/c1/1697832000.c1.snap.jpg,0.6271468
2023-10-20 20:30:00,/Volumes/Argus/unk/snap/c1/1697833800.c1.snap.jpg,0.6797626
2023-10-20 21:00:00,/Volumes/Argus/unk/snap/c1/1697835600.c1.snap.jpg,0.61294746
2023-10-20 21:30:00,/Volumes/Argus/unk/snap/c1/1697837400.c1.snap.jpg,0.7834554
2023-10-20 22:00:00,/Volumes/Argus/unk/snap/c1/1697839200.c1.snap.jpg,0.5384017
2023-10-20 22:30:00,/Volumes/Argus/unk/snap/c1/1697841000.c1.snap.jpg,0.75929165
2023-10-20 23:00:00,/Volumes/Argus/unk/snap/c1/1697842800.c1.snap.jpg,0.46510094
2023-10-21 00:00:00,/Volumes/Argus/unk/snap/c1/1697846400.c1.snap.jpg,0.46791673
2023-10-21 00:30:00,/Volumes/Argus/unk/snap/c1/1697848200.c1.snap.jpg,0.47430754
2023-10-21 01:00:00,/Volumes/Argus/unk/snap/c1/1697850000.c1.snap.jpg,0.42696622
2023-10-21 01:30:00,/Volumes/Argus/unk/snap/c1/1697851800.c1.snap.jpg,0.40338895
2023-10-21 18:00:00,/Volumes/Argus/unk/snap/c1/1697911200.c1.snap.jpg,0.6521546
2023-10-21 18:30:00,/Volumes/Argus/unk/snap/c1/1697913000.c1.snap.jpg,0.69783187
2023-10-21 19:00:00,/Volumes/Argus/unk/snap/c1/1697914800.c1.snap.jpg,0.55783284
2023-10-21 19:30:00,/Volumes/Argus/unk/snap/c1/1697916600.c1.snap.jpg,0.4575489
2023-10-21 20:00:00,/Volumes/Argus/unk/snap/c1/1697918400.c1.snap.jpg,0.5567369
2023-10-21 20:30:00,/Volumes/Argus/unk/snap/c1/1697920200.c1.snap.jpg,0.8492379
2023-10-21 21:00:00,/Volumes/Argus/unk/snap/c1/1697922000.c1.snap.jpg,0.84700084
2023-10-21 21:30:00,/Volumes/Argus/unk/snap/c1/1697923800.c1.snap.jpg,0.50337034
2023-10-21 22:00:00,/Volumes/Argus/unk/snap/c1/1697925600.c1.snap.jpg,0.5327065
2023-10-21 22:30:00,/Volumes/Argus/unk/snap/c1/1697927400.c1.snap.jpg,0.8367817
2023-10-21 23:00:00,/Volumes/Argus/unk/snap/c1/1697929200.c1.snap.jpg,0.7935002
2023-10-21 23:30:00,/Volumes/Argus/unk/snap/c1/1697931000.c1.snap.jpg,0.704906
2023-10-22 00:00:00,/Volumes/Argus/unk/snap/c1/1697932800.c1.snap.jpg,0.80958253
2023-10-22 00:30:00,/Volumes/Argus/unk/snap/c1/1697934600.c1.snap.jpg,0.71789896
2023-10-22 01:00:00,/Volumes/Argus/unk/snap/c1/1697936400.c1.snap.jpg,0.7576903
2023-10-22 02:00:00,/Volumes/Argus/unk/snap/c1/1697940000.c1.snap.jpg,0.8320166
2023-10-22 03:00:00,/Volumes/Argus/unk/snap/c1/1697943600.c1.snap.jpg,0.86654586
2023-10-23 18:00:00,/Volumes/Argus/unk/snap/c1/1698084000.c1.snap.jpg,0.5417499
2023-10-23 18:30:00,/Volumes/Argus/unk/snap/c1/1698085800.c1.snap.jpg,0.4703215
2023-10-23 19:00:00,/Volumes/Argus/unk/snap/c1/1698087600.c1.snap.jpg,0.42188329
2023-10-23 19:30:00,/Volumes/Argus/unk/snap/c1/1698089400.c1.snap.jpg,0.40437457
2023-10-23 20:00:00,/Volumes/Argus/unk/snap/c1/1698091200.c1.snap.jpg,0.43876773
2023-10-23 20:30:00,/Volumes/Argus/unk/snap/c1/1698093000.c1.snap.jpg,0.44022602
2023-10-23 21:30:00,/Volumes/Argus/unk/snap/c1/1698096600.c1.snap.jpg,0.4969145
2023-10-23 22:00:00,/Volumes/Argus/unk/snap/c1/1698098400.c1.snap.jpg,0.49705026
2023-10-23 22:30:00,/Volumes/Argus/unk/snap/c1/1698100200.c1.snap.jpg,0.3715586
2023-10-23 23:00:00,/Volumes/Argus/unk/snap/c1/1698102000.c1.snap.jpg,0.39944428
2023-10-23 23:30:00,/Volumes/Argus/unk/snap/c1/1698103800.c1.snap.jpg,0.43174124
2023-10-24 00:00:00,/Volumes/Argus/unk/snap/c1/1698105600.c1.snap.jpg,0.5258652
2023-10-24 00:30:00,/Volumes/Argus/unk/snap/c1/1698107400.c1.snap.jpg,0.6929861
2023-10-24 01:00:00,/Volumes/Argus/unk/snap/c1/1698109200.c1.snap.jpg,0.6612311
2023-10-24 01:30:00,/Volumes/Argus/unk/snap/c1/1698111000.c1.snap.jpg,0.84388363
2023-10-24 02:00:00,/Volumes/Argus/unk/snap/c1/1698112800.c1.snap.jpg,0.8679278
2023-10-24 02:30:00,/Volumes/Argus/unk/snap/c1/1698114600.c1.snap.jpg,0.83695495
2023-10-24 03:00:00,/Volumes/Argus/unk/snap/c1/1698116400.c1.snap.jpg,0.61085916
2023-10-24 18:00:00,/Volumes/Argus/unk/snap/c1/1698170400.c1.snap.jpg,0.67636865
2023-10-24 18:30:00,/Volumes/Argus/unk/snap/c1/1698172200.c1.snap.jpg,0.7227645
2023-10-24 19:00:00,/Volumes/Argus/unk/snap/c1/1698174000.c1.snap.jpg,0.7254833
2023-10-24 19:30:00,/Volumes/Argus/unk/snap/c1/1698175800.c1.snap.jpg,0.7585789
2023-10-24 20:00:00,/Volumes/Argus/unk/snap/c1/1698177600.c1.snap.jpg,0.758819
2023-10-24 20:30:00,/Volumes/Argus/unk/snap/c1/1698179400.c1.snap.jpg,0.7193532
2023-10-24 21:00:00,/Volumes/Argus/unk/snap/c1/1698181200.c1.snap.jpg,0.76915336
2023-10-24 21:30:00,/Volumes/Argus/unk/snap/c1/1698183000.c1.snap.jpg,0.74168724
2023-10-24 22:00:00,/Volumes/Argus/unk/snap/c1/1698184800.c1.snap.jpg,0.75253814
2023-10-24 22:30:00,/Volumes/Argus/unk/snap/c1/1698186600.c1.snap.jpg,0.67807615
2023-10-24 23:30:00,/Volumes/Argus/unk/snap/c1/1698190200.c1.snap.jpg,0.70849663
2023-10-25 00:00:00,/Volumes/Argus/unk/snap/c1/1698192000.c1.snap.jpg,0.4623935
2023-10-25 00:30:00,/Volumes/Argus/unk/snap/c1/1698193800.c1.snap.jpg,0.5006931
2023-10-25 01:00:00,/Volumes/Argus/unk/snap/c1/1698195600.c1.snap.jpg,0.6115591
2023-10-25 01:30:00,/Volumes/Argus/unk/snap/c1/1698197400.c1.snap.jpg,0.6001296
2023-10-25 02:00:00,/Volumes/Argus/unk/snap/c1/1698199200.c1.snap.jpg,0.5081684
2023-10-25 02:30:00,/Volumes/Argus/unk/snap/c1/1698201000.c1.snap.jpg,0.3914979
2023-10-25 03:00:00,/Volumes/Argus/unk/snap/c1/1698202800.c1.snap.jpg,0.46889126
2023-10-25 18:00:00,/Volumes/Argus/unk/snap/c1/1698256800.c1.snap.jpg,0.75680864
2023-10-25 18:30:00,/Volumes/Argus/unk/snap/c1/1698258600.c1.snap.jpg,0.63279736
2023-10-25 19:00:00,/Volumes/Argus/unk/snap/c1/1698260400.c1.snap.jpg,0.8198433
2023-10-25 19:30:00,/Volumes/Argus/unk/snap/c1/1698262200.c1.snap.jpg,0.7672824
2023-10-25 20:00:00,/Volumes/Argus/unk/snap/c1/1698264000.c1.snap.jpg,0.4975428
2023-10-25 20:30:00,/Volumes/Argus/unk/snap/c1/1698265800.c1.snap.jpg,0.5182532
2023-10-25 21:00:00,/Volumes/Argus/unk/snap/c1/1698267600.c1.snap.jpg,0.6015897
2023-10-25 21:30:00,/Volumes/Argus/unk/snap/c1/1698269400.c1.snap.jpg,0.68932563
2023-10-25 22:00:00,/Volumes/Argus/unk/snap/c1/1698271200.c1.snap.jpg,0.5769934
2023-10-25 22:30:00,/Volumes/Argus/unk/snap/c1/1698273000.c1.snap.jpg,0.4057578
2023-10-25 23:00:00,/Volumes/Argus/unk/snap/c1/1698274800.c1.snap.jpg,0.47121394
2023-10-25 23:30:00,/Volumes/Argus/unk/snap/c1/1698276600.c1.snap.jpg,0.4331391
2023-10-26 00:00:00,/Volumes/Argus/unk/snap/c1/1698278400.c1.snap.jpg,0.38356745
2023-10-26 00:30:00,/Volumes/Argus/unk/snap/c1/1698280200.c1.snap.jpg,0.41990936
2023-10-26 01:00:00,/Volumes/Argus/unk/snap/c1/1698282000.c1.snap.jpg,0.4468525
2023-10-26 01:30:00,/Volumes/Argus/unk/snap/c1/1698283800.c1.snap.jpg,0.38937384
2023-10-26 02:00:00,/Volumes/Argus/unk/snap/c1/1698285600.c1.snap.jpg,0.46205157
2023-10-26 03:00:00,/Volumes/Argus/unk/snap/c1/1698289200.c1.snap.jpg,0.47899666
2023-10-26 18:30:00,/Volumes/Argus/unk/snap/c1/1698345000.c1.snap.jpg,0.5856007
2023-10-26 19:00:00,/Volumes/Argus/unk/snap/c1/1698346800.c1.snap.jpg,0.62107706
2023-10-26 19:30:00,/Volumes/Argus/unk/snap/c1/1698348600.c1.snap.jpg,0.49873063
2023-10-26 20:00:00,/Volumes/Argus/unk/snap/c1/1698350400.c1.snap.jpg,0.7803317
2023-10-26 20:30:00,/Volumes/Argus/unk/snap/c1/1698352200.c1.snap.jpg,0.7104378
2023-10-26 21:00:00,/Volumes/Argus/unk/snap/c1/1698354000.c1.snap.jpg,0.6140212
2023-10-26 21:30:00,/Volumes/Argus/unk/snap/c1/1698355800.c1.snap.jpg,0.7114253
2023-10-26 22:00:00,/Volumes/Argus/unk/snap/c1/1698357600.c1.snap.jpg,0.70575523
2023-10-26 22:30:00,/Volumes/Argus/unk/snap/c1/1698359400.c1.snap.jpg,0.52505815
2023-10-26 23:00:00,/Volumes/Argus/unk/snap/c1/1698361200.c1.snap.jpg,0.46305943
2023-10-26 23:30:00,/Volumes/Argus/unk/snap/c1/1698363000.c1.snap.jpg,0.47521377
2023-10-27 00:30:00,/Volumes/Argus/unk/snap/c1/1698366600.c1.snap.jpg,0.5624956
2023-10-27 01:00:00,/Volumes/Argus/unk/snap/c1/1698368400.c1.snap.jpg,0.4858312
2023-10-27 01:30:00,/Volumes/Argus/unk/snap/c1/1698370200.c1.snap.jpg,0.61341476
2023-10-27 02:00:00,/Volumes/Argus/unk/snap/c1/1698372000.c1.snap.jpg,0.5804724
2023-10-27 02:30:00,/Volumes/Argus/unk/snap/c1/1698373800.c1.snap.jpg,0.520455
2023-10-27 18:30:00,/Volumes/Argus/unk/snap/c1/1698431400.c1.snap.jpg,0.63966906
2023-10-27 19:00:00,/Volumes/Argus/unk/snap/c1/1698433200.c1.snap.jpg,0.5489007
2023-10-27 20:00:00,/Volumes/Argus/unk/snap/c1/1698436800.c1.snap.jpg,0.5000391
2023-10-27 20:30:00,/Volumes/Argus/unk/snap/c1/1698438600.c1.snap.jpg,0.439757
2023-10-27 21:00:00,/Volumes/Argus/unk/snap/c1/1698440400.c1.snap.jpg,0.511027
2023-10-27 21:30:00,/Volumes/Argus/unk/snap/c1/1698442200.c1.snap.jpg,0.45175844
2023-10-27 22:00:00,/Volumes/Argus/unk/snap/c1/1698444000.c1.snap.jpg,0.56083345
2023-10-27 22:30:00,/Volumes/Argus/unk/snap/c1/1698445800.c1.snap.jpg,0.49013156
2023-10-27 23:00:00,/Volumes/Argus/unk/snap/c1/1698447600.c1.snap.jpg,0.6101589
2023-10-27 23:30:00,/Volumes/Argus/unk/snap/c1/1698449400.c1.snap.jpg,0.5116221
2023-10-28 00:00:00,/Volumes/Argus/unk/snap/c1/1698451200.c1.snap.jpg,0.4034713
2023-10-28 00:30:00,/Volumes/Argus/unk/snap/c1/1698453000.c1.snap.jpg,0.4118467
2023-10-28 01:00:00,/Volumes/Argus/unk/snap/c1/1698454800.c1.snap.jpg,0.54557693
2023-10-28 01:30:00,/Volumes/Argus/unk/snap/c1/1698456600.c1.snap.jpg,0.5321727
2023-10-28 02:00:00,/Volumes/Argus/unk/snap/c1/1698458400.c1.snap.jpg,0.45292622
2023-10-28 02:30:00,/Volumes/Argus/unk/snap/c1/1698460200.c1.snap.jpg,0.42836022
2023-10-28 18:30:00,/Volumes/Argus/unk/snap/c1/1698517800.c1.snap.jpg,0.7984324
2023-10-28 19:00:00,/Volumes/Argus/unk/snap/c1/1698519600.c1.snap.jpg,0.5487648
2023-10-28 19:30:00,/Volumes/Argus/unk/snap/c1/1698521400.c1.snap.jpg,0.6730034
2023-10-28 20:00:00,/Volumes/Argus/unk/snap/c1/1698523200.c1.snap.jpg,0.5824958
2023-10-28 20:30:00,/Volumes/Argus/unk/snap/c1/1698525000.c1.snap.jpg,0.49860403
2023-10-28 21:30:00,/Volumes/Argus/unk/snap/c1/1698528600.c1.snap.jpg,0.6117084
2023-10-28 22:00:00,/Volumes/Argus/unk/snap/c1/1698530400.c1.snap.jpg,0.52949005
2023-10-28 22:30:00,/Volumes/Argus/unk/snap/c1/1698532200.c1.snap.jpg,0.5889149
2023-10-28 23:00:00,/Volumes/Argus/unk/snap/c1/1698534000.c1.snap.jpg,0.5610356
2023-10-29 00:00:00,/Volumes/Argus/unk/snap/c1/1698537600.c1.snap.jpg,0.58107674
2023-10-29 00:30:00,/Volumes/Argus/unk/snap/c1/1698539400.c1.snap.jpg,0.38548017
2023-10-29 01:00:00,/Volumes/Argus/unk/snap/c1/1698541200.c1.snap.jpg,0.49777386
2023-10-29 01:30:00,/Volumes/Argus/unk/snap/c1/1698543000.c1.snap.jpg,0.5574702
2023-10-29 02:00:00,/Volumes/Argus/unk/snap/c1/1698544800.c1.snap.jpg,0.5316545
2023-10-29 18:30:00,/Volumes/Argus/unk/snap/c1/1698604200.c1.snap.jpg,0.3825119
2023-10-29 19:00:00,/Volumes/Argus/unk/snap/c1/1698606000.c1.snap.jpg,0.3416509
2023-10-29 19:30:00,/Volumes/Argus/unk/snap/c1/1698607800.c1.snap.jpg,0.30723453
2023-10-29 20:00:00,/Volumes/Argus/unk/snap/c1/1698609600.c1.snap.jpg,0.34185484
2023-10-29 20:30:00,/Volumes/Argus/unk/snap/c1/1698611400.c1.snap.jpg,0.37962842
2023-10-29 21:00:00,/Volumes/Argus/unk/snap/c1/1698613200.c1.snap.jpg,0.31364727
2023-10-29 21:30:00,/Volumes/Argus/unk/snap/c1/1698615000.c1.snap.jpg,0.36736584
2023-10-29 22:00:00,/Volumes/Argus/unk/snap/c1/1698616800.c1.snap.jpg,0.45188773
2023-10-29 23:30:00,/Volumes/Argus/unk/snap/c1/1698622200.c1.snap.jpg,0.36063176
2023-10-30 00:00:00,/Volumes/Argus/unk/snap/c1/1698624000.c1.snap.jpg,0.30411884
2023-10-30 00:30:00,/Volumes/Argus/unk/snap/c1/1698625800.c1.snap.jpg,0.28988546
2023-10-30 01:00:00,/Volumes/Argus/unk/snap/c1/1698627600.c1.snap.jpg,0.37662405
2023-10-30 01:30:00,/Volumes/Argus/unk/snap/c1/1698629400.c1.snap.jpg,0.35066307
2023-10-30 02:00:00,/Volumes/Argus/unk/snap/c1/1698631200.c1.snap.jpg,0.4243037
2023-10-30 02:30:00,/Volumes/Argus/unk/snap/c1/1698633000.c1.snap.jpg,0.52360815
2023-10-30 18:30:00,/Volumes/Argus/unk/snap/c1/1698690600.c1.snap.jpg,0.362633
2023-10-30 19:00:00,/Volumes/Argus/unk/snap/c1/1698692400.c1.snap.jpg,0.37064606
2023-10-30 19:30:00,/Volumes/Argus/unk/snap/c1/1698694200.c1.snap.jpg,0.3793242
2023-10-30 20:00:00,/Volumes/Argus/unk/snap/c1/1698696000.c1.snap.jpg,0.32860819
2023-10-30 20:30:00,/Volumes/Argus/unk/snap/c1/1698697800.c1.snap.jpg,0.43429333
2023-10-30 21:00:00,/Volumes/Argus/unk/snap/c1/1698699600.c1.snap.jpg,0.39290553
2023-10-30 21:30:00,/Volumes/Argus/unk/snap/c1/1698701400.c1.snap.jpg,0.3715956
2023-10-30 22:00:00,/Volumes/Argus/unk/snap/c1/1698703200.c1.snap.jpg,0.42873
2023-10-30 22:30:00,/Volumes/Argus/unk/snap/c1/1698705000.c1.snap.jpg,0.4211302
2023-10-30 23:00:00,/Volumes/Argus/unk/snap/c1/1698706800.c1.snap.jpg,0.4671791
2023-10-30 23:30:00,/Volumes/Argus/unk/snap/c1/1698708600.c1.snap.jpg,0.38631144
2023-10-31 00:00:00,/Volumes/Argus/unk/snap/c1/1698710400.c1.snap.jpg,0.3811622
2023-10-31 00:30:00,/Volumes/Argus/unk/snap/c1/1698712200.c1.snap.jpg,0.4254274
2023-10-31 01:00:00,/Volumes/Argus/unk/snap/c1/1698714000.c1.snap.jpg,0.45521116
2023-10-31 01:30:00,/Volumes/Argus/unk/snap/c1/1698715800.c1.snap.jpg,0.39956057
2023-10-31 02:00:00,/Volumes/Argus/unk/snap/c1/1698717600.c1.snap.jpg,0.4282898
2023-10-31 02:30:00,/Volumes/Argus/unk/snap/c1/1698719400.c1.snap.jpg,0.48626775
2023-10-31 18:30:00,/Volumes/Argus/unk/snap/c1/1698777000.c1.snap.jpg,0.47778314
2023-10-31 19:00:00,/Volumes/Argus/unk/snap/c1/1698778800.c1.snap.jpg,0.49262652
2023-10-31 19:30:00,/Volumes/Argus/unk/snap/c1/1698780600.c1.snap.jpg,0.5371729
2023-10-31 20:00:00,/Volumes/Argus/unk/snap/c1/1698782400.c1.snap.jpg,0.5430056
2023-10-31 21:00:00,/Volumes/Argus/unk/snap/c1/1698786000.c1.snap.jpg,0.5388819
2023-10-31 21:30:00,/Volumes/Argus/unk/snap/c1/1698787800.c1.snap.jpg,0.59382164
2023-10-31 22:00:00,/Volumes/Argus/unk/snap/c1/1698789600.c1.snap.jpg,0.4983741
2023-10-31 22:30:00,/Volumes/Argus/unk/snap/c1/1698791400.c1.snap.jpg,0.43953356
2023-10-31 23:00:00,/Volumes/Argus/unk/snap/c1/1698793200.c1.snap.jpg,0.36256057
2023-10-31 23:30:00,/Volumes/Argus/unk/snap/c1/1698795000.c1.snap.jpg,0.35443574
2023-11-01 00:00:00,/Volumes/Argus/unk/snap/c1/1698796800.c1.snap.jpg,0.4245405
2023-11-01 00:30:00,/Volumes/Argus/unk/snap/c1/1698798600.c1.snap.jpg,0.41212767
2023-11-01 01:00:00,/Volumes/Argus/unk/snap/c1/1698800400.c1.snap.jpg,0.38625145
2023-11-01 02:00:00,/Volumes/Argus/unk/snap/c1/1698804000.c1.snap.jpg,0.39853734
2023-11-01 02:30:00,/Volumes/Argus/unk/snap/c1/1698805800.c1.snap.jpg,0.45059958
2023-11-01 18:30:00,/Volumes/Argus/unk/snap/c1/1698863400.c1.snap.jpg,0.39789134
2023-11-01 19:30:00,/Volumes/Argus/unk/snap/c1/1698867000.c1.snap.jpg,0.30040452
2023-11-01 20:00:00,/Volumes/Argus/unk/snap/c1/1698868800.c1.snap.jpg,0.37992495
2023-11-01 20:30:00,/Volumes/Argus/unk/snap/c1/1698870600.c1.snap.jpg,0.43083504
2023-11-01 21:00:00,/Volumes/Argus/unk/snap/c1/1698872400.c1.snap.jpg,0.36189649
2023-11-01 21:30:00,/Volumes/Argus/unk/snap/c1/1698874200.c1.snap.jpg,0.31243682
2023-11-01 22:00:00,/Volumes/Argus/unk/snap/c1/1698876000.c1.snap.jpg,0.30428344
2023-11-01 22:30:00,/Volumes/Argus/unk/snap/c1/1698877800.c1.snap.jpg,0.40507787
2023-11-01 23:00:00,/Volumes/Argus/unk/snap/c1/1698879600.c1.snap.jpg,0.3493335
2023-11-01 23:30:00,/Volumes/Argus/unk/snap/c1/1698881400.c1.snap.jpg,0.43888474
2023-11-02 00:00:00,/Volumes/Argus/unk/snap/c1/1698883200.c1.snap.jpg,0.43830216
2023-11-02 00:30:00,/Volumes/Argus/unk/snap/c1/1698885000.c1.snap.jpg,0.5161717
2023-11-02 01:00:00,/Volumes/Argus/unk/snap/c1/1698886800.c1.snap.jpg,0.49663407
2023-11-02 01:30:00,/Volumes/Argus/unk/snap/c1/1698888600.c1.snap.jpg,0.36454466
2023-11-02 02:00:00,/Volumes/Argus/unk/snap/c1/1698890400.c1.snap.jpg,0.41795245
2023-11-02 02:30:00,/Volumes/Argus/unk/snap/c1/1698892200.c1.snap.jpg,0.41067335
2023-11-02 18:30:00,/Volumes/Argus/unk/snap/c1/1698949800.c1.snap.jpg,0.49745256
2023-11-02 19:00:00,/Volumes/Argus/unk/snap/c1/1698951600.c1.snap.jpg,0.47001225
2023-11-02 19:30:00,/Volumes/Argus/unk/snap/c1/1698953400.c1.snap.jpg,0.499596
2023-11-02 20:30:00,/Volumes/Argus/unk/snap/c1/1698957000.c1.snap.jpg,0.452417
2023-11-02 23:30:00,/Volumes/Argus/unk/snap/c1/1698967800.c1.snap.jpg,0.41519174
2023-11-03 00:00:00,/Volumes/Argus/unk/snap/c1/1698969600.c1.snap.jpg,0.42282486
2023-11-03 00:30:00,/Volumes/Argus/unk/snap/c1/1698971400.c1.snap.jpg,0.47109395
2023-11-03 01:00:00,/Volumes/Argus/unk/snap/c1/1698973200.c1.snap.jpg,0.5335301
2023-11-03 01:30:00,/Volumes/Argus/unk/snap/c1/1698975000.c1.snap.jpg,0.49382555
2023-11-03 02:00:00,/Volumes/Argus/unk/snap/c1/1698976800.c1.snap.jpg,0.5749235
2023-11-03 02:30:00,/Volumes/Argus/unk/snap/c1/1698978600.c1.snap.jpg,0.5632499
2023-11-03 20:00:00,/Volumes/Argus/unk/snap/c1/1699041600.c1.snap.jpg,0.549462
2023-11-04 20:00:00,/Volumes/Argus/unk/snap/c1/1699128000.c1.snap.jpg,0.5982273
2023-11-04 20:30:00,/Volumes/Argus/unk/snap/c1/1699129800.c1.snap.jpg,0.6968266
2023-11-04 21:00:00,/Volumes/Argus/unk/snap/c1/1699131600.c1.snap.jpg,0.6247501
2023-11-04 21:30:00,/Volumes/Argus/unk/snap/c1/1699133400.c1.snap.jpg,0.62918496
2023-11-04 22:00:00,/Volumes/Argus/unk/snap/c1/1699135200.c1.snap.jpg,0.57497245
2023-11-04 22:30:00,/Volumes/Argus/unk/snap/c1/1699137000.c1.snap.jpg,0.66629654
2023-11-04 23:00:00,/Volumes/Argus/unk/snap/c1/1699138800.c1.snap.jpg,0.5898677
2023-11-04 23:30:00,/Volumes/Argus/unk/snap/c1/1699140600.c1.snap.jpg,0.59642863
2023-11-05 00:00:00,/Volumes/Argus/unk/snap/c1/1699142400.c1.snap.jpg,0.52964455
2023-11-05 00:30:00,/Volumes/Argus/unk/snap/c1/1699144200.c1.snap.jpg,0.48725572
2023-11-05 01:00:00,/Volumes/Argus/unk/snap/c1/1699146000.c1.snap.jpg,0.61048275
2023-11-05 01:30:00,/Volumes/Argus/unk/snap/c1/1699147800.c1.snap.jpg,0.5060204
2023-11-05 02:00:00,/Volumes/Argus/unk/snap/c1/1699149600.c1.snap.jpg,0.5245391
2023-11-06 19:00:00,/Volumes/Argus/unk/snap/c1/1699297200.c1.snap.jpg,0.61334574
2023-11-06 19:30:00,/Volumes/Argus/unk/snap/c1/1699299000.c1.snap.jpg,0.6077144
2023-11-06 20:00:00,/Volumes/Argus/unk/snap/c1/1699300800.c1.snap.jpg,0.50481224
2023-11-06 20:30:00,/Volumes/Argus/unk/snap/c1/1699302600.c1.snap.jpg,0.7228739
2023-11-06 21:00:00,/Volumes/Argus/unk/snap/c1/1699304400.c1.snap.jpg,0.8592231
2023-11-06 22:00:00,/Volumes/Argus/unk/snap/c1/1699308000.c1.snap.jpg,0.6471518
2023-11-06 22:30:00,/Volumes/Argus/unk/snap/c1/1699309800.c1.snap.jpg,0.6288899
2023-11-06 23:00:00,/Volumes/Argus/unk/snap/c1/1699311600.c1.snap.jpg,0.7073509
2023-11-06 23:30:00,/Volumes/Argus/unk/snap/c1/1699313400.c1.snap.jpg,0.697892
2023-11-07 00:00:00,/Volumes/Argus/unk/snap/c1/1699315200.c1.snap.jpg,0.5645287
2023-11-07 00:30:00,/Volumes/Argus/unk/snap/c1/1699317000.c1.snap.jpg,0.6114682
2023-11-07 01:00:00,/Volumes/Argus/unk/snap/c1/1699318800.c1.snap.jpg,0.67035395
2023-11-07 01:30:00,/Volumes/Argus/unk/snap/c1/1699320600.c1.snap.jpg,0.86000884
2023-11-07 02:00:00,/Volumes/Argus/unk/snap/c1/1699322400.c1.snap.jpg,0.85753906
2023-11-07 19:00:00,/Volumes/Argus/unk/snap/c1/1699383600.c1.snap.jpg,0.7085116
2023-11-07 19:30:00,/Volumes/Argus/unk/snap/c1/1699385400.c1.snap.jpg,0.9456463
2023-11-07 20:00:00,/Volumes/Argus/unk/snap/c1/1699387200.c1.snap.jpg,0.594869
2023-11-07 20:30:00,/Volumes/Argus/unk/snap/c1/1699389000.c1.snap.jpg,0.734559
2023-11-07 21:00:00,/Volumes/Argus/unk/snap/c1/1699390800.c1.snap.jpg,0.6858175
2023-11-07 21:30:00,/Volumes/Argus/unk/snap/c1/1699392600.c1.snap.jpg,0.75309294
2023-11-07 22:00:00,/Volumes/Argus/unk/snap/c1/1699394400.c1.snap.jpg,0.5426847
2023-11-07 22:30:00,/Volumes/Argus/unk/snap/c1/1699396200.c1.snap.jpg,0.48124096
2023-11-07 23:00:00,/Volumes/Argus/unk/snap/c1/1699398000.c1.snap.jpg,0.51770955
2023-11-07 23:30:00,/Volumes/Argus/unk/snap/c1/1699399800.c1.snap.jpg,0.49512917
2023-11-08 00:00:00,/Volumes/Argus/unk/snap/c1/1699401600.c1.snap.jpg,0.58172905
2023-11-08 00:30:00,/Volumes/Argus/unk/snap/c1/1699403400.c1.snap.jpg,0.6185802
2023-11-08 01:00:00,/Volumes/Argus/unk/snap/c1/1699405200.c1.snap.jpg,0.57332385
2023-11-08 01:30:00,/Volumes/Argus/unk/snap/c1/1699407000.c1.snap.jpg,0.5792556
2023-11-08 02:00:00,/Volumes/Argus/unk/snap/c1/1699408800.c1.snap.jpg,0.46576172
2023-11-08 20:30:00,/Volumes/Argus/unk/snap/c1/1699475400.c1.snap.jpg,0.37590414
2023-11-08 22:00:00,/Volumes/Argus/unk/snap/c1/1699480800.c1.snap.jpg,0.39898178
2023-11-08 22:30:00,/Volumes/Argus/unk/snap/c1/1699482600.c1.snap.jpg,0.39811498
2023-11-08 23:00:00,/Volumes/Argus/unk/snap/c1/1699484400.c1.snap.jpg,0.4532164
2023-11-08 23:30:00,/Volumes/Argus/unk/snap/c1/1699486200.c1.snap.jpg,0.45188802
2023-11-09 00:00:00,/Volumes/Argus/unk/snap/c1/1699488000.c1.snap.jpg,0.52174515
2023-11-09 00:30:00,/Volumes/Argus/unk/snap/c1/1699489800.c1.snap.jpg,0.54636085
2023-11-09 01:00:00,/Volumes/Argus/unk/snap/c1/1699491600.c1.snap.jpg,0.62840116
2023-11-09 01:30:00,/Volumes/Argus/unk/snap/c1/1699493400.c1.snap.jpg,0.77031815
2023-11-09 02:00:00,/Volumes/Argus/unk/snap/c1/1699495200.c1.snap.jpg,0.7977564
2023-11-09 19:00:00,/Volumes/Argus/unk/snap/c1/1699556400.c1.snap.jpg,0.57261956
2023-11-09 19:30:00,/Volumes/Argus/unk/snap/c1/1699558200.c1.snap.jpg,0.49215052
2023-11-09 20:00:00,/Volumes/Argus/unk/snap/c1/1699560000.c1.snap.jpg,0.64195585
2023-11-09 20:30:00,/Volumes/Argus/unk/snap/c1/1699561800.c1.snap.jpg,0.5511377
2023-11-09 21:00:00,/Volumes/Argus/unk/snap/c1/1699563600.c1.snap.jpg,0.52457666
2023-11-09 21:30:00,/Volumes/Argus/unk/snap/c1/1699565400.c1.snap.jpg,0.4143331
2023-11-09 22:30:00,/Volumes/Argus/unk/snap/c1/1699569000.c1.snap.jpg,0.62484807
2023-11-09 23:00:00,/Volumes/Argus/unk/snap/c1/1699570800.c1.snap.jpg,0.5553975
2023-11-09 23:30:00,/Volumes/Argus/unk/snap/c1/1699572600.c1.snap.jpg,0.9961488
2023-11-10 00:00:00,/Volumes/Argus/unk/snap/c1/1699574400.c1.snap.jpg,0.5177405
2023-11-10 00:30:00,/Volumes/Argus/unk/snap/c1/1699576200.c1.snap.jpg,0.45827985
2023-11-10 01:00:00,/Volumes/Argus/unk/snap/c1/1699578000.c1.snap.jpg,0.42965192
2023-11-10 22:00:00,/Volumes/Argus/unk/snap/c1/1699653600.c1.snap.jpg,0.7429499
2023-11-10 22:30:00,/Volumes/Argus/unk/snap/c1/1699655400.c1.snap.jpg,0.83908486
2023-11-10 23:00:00,/Volumes/Argus/unk/snap/c1/1699657200.c1.snap.jpg,0.7217572
2023-11-10 23:30:00,/Volumes/Argus/unk/snap/c1/1699659000.c1.snap.jpg,0.86642265
2023-11-11 00:00:00,/Volumes/Argus/unk/snap/c1/1699660800.c1.snap.jpg,0.9171344
2023-11-11 00:30:00,/Volumes/Argus/unk/snap/c1/1699662600.c1.snap.jpg,0.6311919
2023-11-11 01:00:00,/Volumes/Argus/unk/snap/c1/1699664400.c1.snap.jpg,0.6705628
2023-11-11 02:00:00,/Volumes/Argus/unk/snap/c1/1699668000.c1.snap.jpg,1.2104286
2023-11-11 19:00:00,/Volumes/Argus/unk/snap/c1/1699729200.c1.snap.jpg,0.5453062
2023-11-11 19:30:00,/Volumes/Argus/unk/snap/c1/1699731000.c1.snap.jpg,0.4148225
2023-11-11 20:00:00,/Volumes/Argus/unk/snap/c1/1699732800.c1.snap.jpg,0.46987244
2023-11-11 21:00:00,/Volumes/Argus/unk/snap/c1/1699736400.c1.snap.jpg,0.5219036
2023-11-11 21:30:00,/Volumes/Argus/unk/snap/c1/1699738200.c1.snap.jpg,0.44237065
2023-11-11 22:00:00,/Volumes/Argus/unk/snap/c1/1699740000.c1.snap.jpg,0.6690089
2023-11-11 22:30:00,/Volumes/Argus/unk/snap/c1/1699741800.c1.snap.jpg,0.9197047
2023-11-11 23:00:00,/Volumes/Argus/unk/snap/c1/1699743600.c1.snap.jpg,0.88542163
2023-11-11 23:30:00,/Volumes/Argus/unk/snap/c1/1699745400.c1.snap.jpg,0.7247146
2023-11-12 00:00:00,/Volumes/Argus/unk/snap/c1/1699747200.c1.snap.jpg,0.88080996
2023-11-12 01:00:00,/Volumes/Argus/unk/snap/c1/1699750800.c1.snap.jpg,0.7817949
2023-11-12 01:30:00,/Volumes/Argus/unk/snap/c1/1699752600.c1.snap.jpg,0.75725067
2023-11-12 02:00:00,/Volumes/Argus/unk/snap/c1/1699754400.c1.snap.jpg,0.67579424
2023-11-12 19:00:00,/Volumes/Argus/unk/snap/c1/1699815600.c1.snap.jpg,0.5581672
2023-11-12 19:30:00,/Volumes/Argus/unk/snap/c1/1699817400.c1.snap.jpg,0.6179621
2023-11-12 20:00:00,/Volumes/Argus/unk/snap/c1/1699819200.c1.snap.jpg,0.6893463
2023-11-12 20:30:00,/Volumes/Argus/unk/snap/c1/1699821000.c1.snap.jpg,0.6441841
2023-11-12 21:00:00,/Volumes/Argus/unk/snap/c1/1699822800.c1.snap.jpg,0.7493792
2023-11-12 21:30:00,/Volumes/Argus/unk/snap/c1/1699824600.c1.snap.jpg,0.4948159
2023-11-12 22:00:00,/Volumes/Argus/unk/snap/c1/1699826400.c1.snap.jpg,0.60791063
2023-11-12 22:30:00,/Volumes/Argus/unk/snap/c1/1699828200.c1.snap.jpg,0.5340504
2023-11-12 23:00:00,/Volumes/Argus/unk/snap/c1/1699830000.c1.snap.jpg,0.7045956
2023-11-12 23:30:00,/Volumes/Argus/unk/snap/c1/1699831800.c1.snap.jpg,0.7384136
2023-11-13 00:00:00,/Volumes/Argus/unk/snap/c1/1699833600.c1.snap.jpg,0.5327946
2023-11-13 01:00:00,/Volumes/Argus/unk/snap/c1/1699837200.c1.snap.jpg,0.83122426
2023-11-13 01:30:00,/Volumes/Argus/unk/snap/c1/1699839000.c1.snap.jpg,0.8429146
2023-11-13 02:00:00,/Volumes/Argus/unk/snap/c1/1699840800.c1.snap.jpg,0.8074961
2023-11-13 19:00:00,/Volumes/Argus/unk/snap/c1/1699902000.c1.snap.jpg,0.90529144
2023-11-13 19:30:00,/Volumes/Argus/unk/snap/c1/1699903800.c1.snap.jpg,0.88684434
2023-11-13 20:00:00,/Volumes/Argus/unk/snap/c1/1699905600.c1.snap.jpg,0.82331955
2023-11-13 20:30:00,/Volumes/Argus/unk/snap/c1/1699907400.c1.snap.jpg,0.8820291
2023-11-13 21:00:00,/Volumes/Argus/unk/snap/c1/1699909200.c1.snap.jpg,0.8746277
2023-11-13 21:30:00,/Volumes/Argus/unk/snap/c1/1699911000.c1.snap.jpg,0.7900004
2023-11-13 22:00:00,/Volumes/Argus/unk/snap/c1/1699912800.c1.snap.jpg,0.7908016
2023-11-13 22:30:00,/Volumes/Argus/unk/snap/c1/1699914600.c1.snap.jpg,0.81774
2023-11-13 23:00:00,/Volumes/Argus/unk/snap/c1/1699916400.c1.snap.jpg,0.84029067
2023-11-13 23:30:00,/Volumes/Argus/unk/snap/c1/1699918200.c1.snap.jpg,0.87402815
2023-11-14 00:00:00,/Volumes/Argus/unk/snap/c1/1699920000.c1.snap.jpg,0.9028573
2023-11-14 00:30:00,/Volumes/Argus/unk/snap/c1/1699921800.c1.snap.jpg,0.69084966
2023-11-14 01:00:00,/Volumes/Argus/unk/snap/c1/1699923600.c1.snap.jpg,0.8512589
2023-11-14 01:30:00,/Volumes/Argus/unk/snap/c1/1699925400.c1.snap.jpg,0.93800485
2023-11-14 02:00:00,/Volumes/Argus/unk/snap/c1/1699927200.c1.snap.jpg,0.7735313
