time,path,H
2023-11-15 01:00:00,/Volumes/Argus/unk/snap/c1/1700010000.c1.snap.jpg,0.8965387
2023-11-15 01:30:00,/Volumes/Argus/unk/snap/c1/1700011800.c1.snap.jpg,0.8747818
2023-11-15 19:30:00,/Volumes/Argus/unk/snap/c1/1700076600.c1.snap.jpg,0.59001017
2023-11-15 20:00:00,/Volumes/Argus/unk/snap/c1/1700078400.c1.snap.jpg,0.5516513
2023-11-15 20:30:00,/Volumes/Argus/unk/snap/c1/1700080200.c1.snap.jpg,0.6792067
2023-11-15 21:00:00,/Volumes/Argus/unk/snap/c1/1700082000.c1.snap.jpg,0.58319855
2023-11-15 21:30:00,/Volumes/Argus/unk/snap/c1/1700083800.c1.snap.jpg,0.6894684
2023-11-15 22:00:00,/Volumes/Argus/unk/snap/c1/1700085600.c1.snap.jpg,0.6885785
2023-11-15 22:30:00,/Volumes/Argus/unk/snap/c1/1700087400.c1.snap.jpg,0.753074
2023-11-15 23:00:00,/Volumes/Argus/unk/snap/c1/1700089200.c1.snap.jpg,0.620477
2023-11-15 23:30:00,/Volumes/Argus/unk/snap/c1/1700091000.c1.snap.jpg,0.5424391
2023-11-16 00:00:00,/Volumes/Argus/unk/snap/c1/1700092800.c1.snap.jpg,0.44377962
2023-11-16 00:30:00,/Volumes/Argus/unk/snap/c1/1700094600.c1.snap.jpg,0.6142727
2023-11-16 01:00:00,/Volumes/Argus/unk/snap/c1/1700096400.c1.snap.jpg,0.5376614
2023-11-16 01:30:00,/Volumes/Argus/unk/snap/c1/1700098200.c1.snap.jpg,0.54789424
2023-11-16 19:30:00,/Volumes/Argus/unk/snap/c1/1700163000.c1.snap.jpg,0.7984537
2023-11-16 20:00:00,/Volumes/Argus/unk/snap/c1/1700164800.c1.snap.jpg,0.7792217
2023-11-16 20:30:00,/Volumes/Argus/unk/snap/c1/1700166600.c1.snap.jpg,0.74462676
2023-11-16 21:00:00,/Volumes/Argus/unk/snap/c1/1700168400.c1.snap.jpg,0.8628154
2023-11-16 21:30:00,/Volumes/Argus/unk/snap/c1/1700170200.c1.snap.jpg,0.8129171
2023-11-16 22:00:00,/Volumes/Argus/unk/snap/c1/1700172000.c1.snap.jpg,0.7721144
2023-11-16 22:30:00,/Volumes/Argus/unk/snap/c1/1700173800.c1.snap.jpg,0.81119025
2023-11-16 23:00:00,/Volumes/Argus/unk/snap/c1/1700175600.c1.snap.jpg,0.8185208
2023-11-16 23:30:00,/Volumes/Argus/unk/snap/c1/1700177400.c1.snap.jpg,1.0481648
2023-11-17 00:00:00,/Volumes/Argus/unk/snap/c1/1700179200.c1.snap.jpg,0.79613274
2023-11-17 00:30:00,/Volumes/Argus/unk/snap/c1/1700181000.c1.snap.jpg,0.74536246
2023-11-17 01:00:00,/Volumes/Argus/unk/snap/c1/1700182800.c1.snap.jpg,0.7679891
2023-11-17 01:30:00,/Volumes/Argus/unk/snap/c1/1700184600.c1.snap.jpg,0.71022487
2023-11-17 19:30:00,/Volumes/Argus/unk/snap/c1/1700249400.c1.snap.jpg,0.56426036
2023-11-17 20:00:00,/Volumes/Argus/unk/snap/c1/1700251200.c1.snap.jpg,0.5078908
2023-11-17 20:30:00,/Volumes/Argus/unk/snap/c1/1700253000.c1.snap.jpg,0.58460546
2023-11-17 21:00:00,/Volumes/Argus/unk/snap/c1/1700254800.c1.snap.jpg,0.6689193
2023-11-17 21:30:00,/Volumes/Argus/unk/snap/c1/1700256600.c1.snap.jpg,0.6123704
2023-11-17 22:00:00,/Volumes/Argus/unk/snap/c1/1700258400.c1.snap.jpg,0.78470457
2023-11-17 22:30:00,/Volumes/Argus/unk/snap/c1/1700260200.c1.snap.jpg,0.6899226
2023-11-17 23:00:00,/Volumes/Argus/unk/snap/c1/1700262000.c1.snap.jpg,0.72268665
2023-11-17 23:30:00,/Volumes/Argus/unk/snap/c1/1700263800.c1.snap.jpg,0.7805034
2023-11-18 00:00:00,/Volumes/Argus/unk/snap/c1/1700265600.c1.snap.jpg,0.56840134
2023-11-18 01:30:00,/Volumes/Argus/unk/snap/c1/1700271000.c1.snap.jpg,0.5901859
2023-11-18 19:30:00,/Volumes/Argus/unk/snap/c1/1700335800.c1.snap.jpg,0.6305207
2023-11-18 20:00:00,/Volumes/Argus/unk/snap/c1/1700337600.c1.snap.jpg,0.6847757
2023-11-18 20:30:00,/Volumes/Argus/unk/snap/c1/1700339400.c1.snap.jpg,0.6922693
2023-11-18 21:00:00,/Volumes/Argus/unk/snap/c1/1700341200.c1.snap.jpg,0.6600245
2023-11-18 21:30:00,/Volumes/Argus/unk/snap/c1/1700343000.c1.snap.jpg,0.61954707
2023-11-18 22:00:00,/Volumes/Argus/unk/snap/c1/1700344800.c1.snap.jpg,0.6914257
2023-11-18 22:30:00,/Volumes/Argus/unk/snap/c1/1700346600.c1.snap.jpg,0.60271466
2023-11-18 23:00:00,/Volumes/Argus/unk/snap/c1/1700348400.c1.snap.jpg,0.63845825
2023-11-18 23:30:00,/Volumes/Argus/unk/snap/c1/1700350200.c1.snap.jpg,0.59254247
2023-11-19 00:30:00,/Volumes/Argus/unk/snap/c1/1700353800.c1.snap.jpg,0.7108478
2023-11-19 01:00:00,/Volumes/Argus/unk/snap/c1/1700355600.c1.snap.jpg,0.6548543
2023-11-19 01:30:00,/Volumes/Argus/unk/snap/c1/1700357400.c1.snap.jpg,0.5762971
2023-11-19 19:30:00,/Volumes/Argus/unk/snap/c1/1700422200.c1.snap.jpg,0.8139173
2023-11-19 20:00:00,/Volumes/Argus/unk/snap/c1/1700424000.c1.snap.jpg,0.77671903
2023-11-19 20:30:00,/Volumes/Argus/unk/snap/c1/1700425800.c1.snap.jpg,0.8051287
2023-11-19 21:30:00,/Volumes/Argus/unk/snap/c1/1700429400.c1.snap.jpg,0.8406763
2023-11-19 22:00:00,/Volumes/Argus/unk/snap/c1/1700431200.c1.snap.jpg,0.8257769
2023-11-19 22:30:00,/Volumes/Argus/unk/snap/c1/1700433000.c1.snap.jpg,0.8993937
2023-11-19 23:00:00,/Volumes/Argus/unk/snap/c1/1700434800.c1.snap.jpg,0.6864991
2023-11-19 23:30:00,/Volumes/Argus/unk/snap/c1/1700436600.c1.snap.jpg,0.6870396
2023-11-20 00:00:00,/Volumes/Argus/unk/snap/c1/1700438400.c1.snap.jpg,0.86356235
2023-11-20 00:30:00,/Volumes/Argus/unk/snap/c1/1700440200.c1.snap.jpg,0.89056927
2023-11-20 01:00:00,/Volumes/Argus/unk/snap/c1/1700442000.c1.snap.jpg,0.9406428
2023-11-20 01:30:00,/Volumes/Argus/unk/snap/c1/1700443800.c1.snap.jpg,0.88993037
2023-11-20 19:30:00,/Volumes/Argus/unk/snap/c1/1700508600.c1.snap.jpg,0.822317
2023-11-20 20:00:00,/Volumes/Argus/unk/snap/c1/1700510400.c1.snap.jpg,0.6927378
2023-11-20 20:30:00,/Volumes/Argus/unk/snap/c1/1700512200.c1.snap.jpg,0.5635973
2023-11-20 21:00:00,/Volumes/Argus/unk/snap/c1/1700514000.c1.snap.jpg,0.51661086
2023-11-20 21:30:00,/Volumes/Argus/unk/snap/c1/1700515800.c1.snap.jpg,0.6398802
2023-11-20 22:00:00,/Volumes/Argus/unk/snap/c1/1700517600.c1.snap.jpg,0.6125426
2023-11-20 22:30:00,/Volumes/Argus/unk/snap/c1/1700519400.c1.snap.jpg,0.5798838
2023-11-20 23:00:00,/Volumes/Argus/unk/snap/c1/1700521200.c1.snap.jpg,0.8348165
2023-11-20 23:30:00,/Volumes/Argus/unk/snap/c1/1700523000.c1.snap.jpg,0.82477486
2023-11-21 00:00:00,/Volumes/Argus/unk/snap/c1/1700524800.c1.snap.jpg,0.76751626
2023-11-21 00:30:00,/Volumes/Argus/unk/snap/c1/1700526600.c1.snap.jpg,0.68952376
2023-11-21 01:00:00,/Volumes/Argus/unk/snap/c1/1700528400.c1.snap.jpg,0.8119387
2023-11-21 01:30:00,/Volumes/Argus/unk/snap/c1/1700530200.c1.snap.jpg,0.71074367
2023-11-21 20:30:00,/Volumes/Argus/unk/snap/c1/1700598600.c1.snap.jpg,0.44373965
2023-11-22 19:30:00,/Volumes/Argus/unk/snap/c1/1700681400.c1.snap.jpg,0.67865956
2023-11-22 20:30:00,/Volumes/Argus/unk/snap/c1/1700685000.c1.snap.jpg,0.44345915
2023-11-22 21:00:00,/Volumes/Argus/unk/snap/c1/1700686800.c1.snap.jpg,0.50385606
2023-11-22 22:00:00,/Volumes/Argus/unk/snap/c1/1700690400.c1.snap.jpg,0.73125184
2023-11-22 22:30:00,/Volumes/Argus/unk/snap/c1/1700692200.c1.snap.jpg,0.86624247
2023-11-22 23:00:00,/Volumes/Argus/unk/snap/c1/1700694000.c1.snap.jpg,0.55072457
2023-11-22 23:30:00,/Volumes/Argus/unk/snap/c1/1700695800.c1.snap.jpg,0.5840649
2023-11-23 00:00:00,/Volumes/Argus/unk/snap/c1/1700697600.c1.snap.jpg,0.64588004
2023-11-23 00:30:00,/Volumes/Argus/unk/snap/c1/1700699400.c1.snap.jpg,0.7851981
2023-11-23 01:00:00,/Volumes/Argus/unk/snap/c1/1700701200.c1.snap.jpg,0.8694297
2023-11-23 01:30:00,/Volumes/Argus/unk/snap/c1/1700703000.c1.snap.jpg,0.71716374
2023-11-23 19:30:00,/Volumes/Argus/unk/snap/c1/1700767800.c1.snap.jpg,0.5523479
2023-11-23 20:00:00,/Volumes/Argus/unk/snap/c1/1700769600.c1.snap.jpg,0.6565684
2023-11-23 20:30:00,/Volumes/Argus/unk/snap/c1/1700771400.c1.snap.jpg,0.58769405
2023-11-23 21:00:00,/Volumes/Argus/unk/snap/c1/1700773200.c1.snap.jpg,0.617398
2023-11-23 21:30:00,/Volumes/Argus/unk/snap/c1/1700775000.c1.snap.jpg,0.63303244
2023-11-23 22:00:00,/Volumes/Argus/unk/snap/c1/1700776800.c1.snap.jpg,0.64923865
2023-11-23 22:30:00,/Volumes/Argus/unk/snap/c1/1700778600.c1.snap.jpg,0.7483059
2023-11-23 23:00:00,/Volumes/Argus/unk/snap/c1/1700780400.c1.snap.jpg,0.7039685
2023-11-23 23:30:00,/Volumes/Argus/unk/snap/c1/1700782200.c1.snap.jpg,0.80504143
2023-11-24 00:30:00,/Volumes/Argus/unk/snap/c1/1700785800.c1.snap.jpg,0.80037415
2023-11-24 01:00:00,/Volumes/Argus/unk/snap/c1/1700787600.c1.snap.jpg,0.6656027
2023-11-24 01:30:00,/Volumes/Argus/unk/snap/c1/1700789400.c1.snap.jpg,0.5999702
2023-11-24 20:00:00,/Volumes/Argus/unk/snap/c1/1700856000.c1.snap.jpg,0.73463154
2023-11-24 20:30:00,/Volumes/Argus/unk/snap/c1/1700857800.c1.snap.jpg,0.63335615
2023-11-24 21:00:00,/Volumes/Argus/unk/snap/c1/1700859600.c1.snap.jpg,0.5052769
2023-11-24 21:30:00,/Volumes/Argus/unk/snap/c1/1700861400.c1.snap.jpg,0.5331246
2023-11-24 22:00:00,/Volumes/Argus/unk/snap/c1/1700863200.c1.snap.jpg,0.9272373
2023-11-24 22:30:00,/Volumes/Argus/unk/snap/c1/1700865000.c1.snap.jpg,0.68395877
2023-11-24 23:00:00,/Volumes/Argus/unk/snap/c1/1700866800.c1.snap.jpg,0.5758139
2023-11-24 23:30:00,/Volumes/Argus/unk/snap/c1/1700868600.c1.snap.jpg,0.36316445
2023-11-25 00:00:00,/Volumes/Argus/unk/snap/c1/1700870400.c1.snap.jpg,0.63736486
2023-11-25 00:30:00,/Volumes/Argus/unk/snap/c1/1700872200.c1.snap.jpg,0.65995175
2023-11-25 01:00:00,/Volumes/Argus/unk/snap/c1/1700874000.c1.snap.jpg,0.702797
2023-11-25 01:30:00,/Volumes/Argus/unk/snap/c1/1700875800.c1.snap.jpg,0.7403947
2023-11-25 20:00:00,/Volumes/Argus/unk/snap/c1/1700942400.c1.snap.jpg,0.54553556
2023-11-25 20:30:00,/Volumes/Argus/unk/snap/c1/1700944200.c1.snap.jpg,0.43362036
2023-11-25 21:00:00,/Volumes/Argus/unk/snap/c1/1700946000.c1.snap.jpg,0.46734703
2023-11-25 21:30:00,/Volumes/Argus/unk/snap/c1/1700947800.c1.snap.jpg,0.5183115
2023-11-25 22:00:00,/Volumes/Argus/unk/snap/c1/1700949600.c1.snap.jpg,0.5820746
2023-11-25 22:30:00,/Volumes/Argus/unk/snap/c1/1700951400.c1.snap.jpg,0.6832485
2023-11-25 23:00:00,/Volumes/Argus/unk/snap/c1/1700953200.c1.snap.jpg,0.7562369
2023-11-25 23:30:00,/Volumes/Argus/unk/snap/c1/1700955000.c1.snap.jpg,0.6487469
2023-11-26 00:00:00,/Volumes/Argus/unk/snap/c1/1700956800.c1.snap.jpg,0.67259
2023-11-26 00:30:00,/Volumes/Argus/unk/snap/c1/1700958600.c1.snap.jpg,0.70407414
2023-11-26 01:00:00,/Volumes/Argus/unk/snap/c1/1700960400.c1.snap.jpg,0.8298727
2023-11-26 20:00:00,/Volumes/Argus/unk/snap/c1/1701028800.c1.snap.jpg,0.4945825
2023-11-26 20:30:00,/Volumes/Argus/unk/snap/c1/1701030600.c1.snap.jpg,0.4582117
2023-11-26 21:00:00,/Volumes/Argus/unk/snap/c1/1701032400.c1.snap.jpg,0.5357152
2023-11-26 21:30:00,/Volumes/Argus/unk/snap/c1/1701034200.c1.snap.jpg,0.6230385
2023-11-26 22:00:00,/Volumes/Argus/unk/snap/c1/1701036000.c1.snap.jpg,0.6683357
2023-11-26 22:30:00,/Volumes/Argus/unk/snap/c1/1701037800.c1.snap.jpg,0.5251578
2023-11-26 23:00:00,/Volumes/Argus/unk/snap/c1/1701039600.c1.snap.jpg,0.9571481
2023-11-26 23:30:00,/Volumes/Argus/unk/snap/c1/1701041400.c1.snap.jpg,0.7177759
2023-11-27 00:00:00,/Volumes/Argus/unk/snap/c1/1701043200.c1.snap.jpg,0.81905484
2023-11-27 00:30:00,/Volumes/Argus/unk/snap/c1/1701045000.c1.snap.jpg,0.81819564
2023-11-27 20:30:00,/Volumes/Argus/unk/snap/c1/1701117000.c1.snap.jpg,0.72972524
2023-11-27 21:00:00,/Volumes/Argus/unk/snap/c1/1701118800.c1.snap.jpg,0.6365253
2023-11-27 22:00:00,/Volumes/Argus/unk/snap/c1/1701122400.c1.snap.jpg,0.7376686
2023-11-27 22:30:00,/Volumes/Argus/unk/snap/c1/1701124200.c1.snap.jpg,0.62391865
2023-11-27 23:00:00,/Volumes/Argus/unk/snap/c1/1701126000.c1.snap.jpg,0.7808176
2023-11-27 23:30:00,/Volumes/Argus/unk/snap/c1/1701127800.c1.snap.jpg,0.6613941
2023-11-28 00:00:00,/Volumes/Argus/unk/snap/c1/1701129600.c1.snap.jpg,0.7919412
2023-11-28 00:30:00,/Volumes/Argus/unk/snap/c1/1701131400.c1.snap.jpg,0.8304278
2023-11-28 01:00:00,/Volumes/Argus/unk/snap/c1/1701133200.c1.snap.jpg,0.7115609
2023-11-28 21:00:00,/Volumes/Argus/unk/snap/c1/1701205200.c1.snap.jpg,0.6078309
2023-11-28 21:30:00,/Volumes/Argus/unk/snap/c1/1701207000.c1.snap.jpg,0.6272924
2023-11-28 22:30:00,/Volumes/Argus/unk/snap/c1/1701210600.c1.snap.jpg,0.45783275
2023-11-28 23:30:00,/Volumes/Argus/unk/snap/c1/1701214200.c1.snap.jpg,0.58645356
2023-11-29 00:00:00,/Volumes/Argus/unk/snap/c1/1701216000.c1.snap.jpg,0.51101965
2023-11-29 00:30:00,/Volumes/Argus/unk/snap/c1/1701217800.c1.snap.jpg,0.5307381
2023-11-29 01:00:00,/Volumes/Argus/unk/snap/c1/1701219600.c1.snap.jpg,0.67301464
2023-11-29 20:00:00,/Volumes/Argus/unk/snap/c1/1701288000.c1.snap.jpg,0.5679089
2023-11-29 20:30:00,/Volumes/Argus/unk/snap/c1/1701289800.c1.snap.jpg,0.49971092
2023-11-29 21:00:00,/Volumes/Argus/unk/snap/c1/1701291600.c1.snap.jpg,0.5465236
2023-11-29 21:30:00,/Volumes/Argus/unk/snap/c1/1701293400.c1.snap.jpg,0.8099717
2023-11-29 22:00:00,/Volumes/Argus/unk/snap/c1/1701295200.c1.snap.jpg,0.76469874
2023-11-29 22:30:00,/Volumes/Argus/unk/snap/c1/1701297000.c1.snap.jpg,0.6597501
2023-11-29 23:00:00,/Volumes/Argus/unk/snap/c1/1701298800.c1.snap.jpg,1.0020108
2023-11-29 23:30:00,/Volumes/Argus/unk/snap/c1/1701300600.c1.snap.jpg,0.816285
2023-11-30 00:30:00,/Volumes/Argus/unk/snap/c1/1701304200.c1.snap.jpg,0.79565406
2023-11-30 01:00:00,/Volumes/Argus/unk/snap/c1/1701306000.c1.snap.jpg,0.85161704
2023-11-30 20:00:00,/Volumes/Argus/unk/snap/c1/1701374400.c1.snap.jpg,0.4995476
2023-11-30 20:30:00,/Volumes/Argus/unk/snap/c1/1701376200.c1.snap.jpg,0.5085329
2023-11-30 21:00:00,/Volumes/Argus/unk/snap/c1/1701378000.c1.snap.jpg,0.5228784
2023-11-30 21:30:00,/Volumes/Argus/unk/snap/c1/1701379800.c1.snap.jpg,0.4786385
2023-11-30 22:00:00,/Volumes/Argus/unk/snap/c1/1701381600.c1.snap.jpg,0.49461454
2023-11-30 22:30:00,/Volumes/Argus/unk/snap/c1/1701383400.c1.snap.jpg,0.4918082
2023-11-30 23:00:00,/Volumes/Argus/unk/snap/c1/1701385200.c1.snap.jpg,0.47403482
2023-11-30 23:30:00,/Volumes/Argus/unk/snap/c1/1701387000.c1.snap.jpg,0.45733836
2023-12-01 00:00:00,/Volumes/Argus/unk/snap/c1/1701388800.c1.snap.jpg,0.44414353
2023-12-01 00:30:00,/Volumes/Argus/unk/snap/c1/1701390600.c1.snap.jpg,0.5680848
2023-12-01 01:00:00,/Volumes/Argus/unk/snap/c1/1701392400.c1.snap.jpg,0.6473994
2023-12-01 20:30:00,/Volumes/Argus/unk/snap/c1/1701462600.c1.snap.jpg,0.45995557
2023-12-01 21:00:00,/Volumes/Argus/unk/snap/c1/1701464400.c1.snap.jpg,0.42809257
2023-12-01 21:30:00,/Volumes/Argus/unk/snap/c1/1701466200.c1.snap.jpg,0.47006777
2023-12-01 22:00:00,/Volumes/Argus/unk/snap/c1/1701468000.c1.snap.jpg,0.55288523
2023-12-01 22:30:00,/Volumes/Argus/unk/snap/c1/1701469800.c1.snap.jpg,0.48344374
2023-12-01 23:00:00,/Volumes/Argus/unk/snap/c1/1701471600.c1.snap.jpg,0.6988028
2023-12-01 23:30:00,/Volumes/Argus/unk/snap/c1/1701473400.c1.snap.jpg,0.4884954
2023-12-02 00:30:00,/Volumes/Argus/unk/snap/c1/1701477000.c1.snap.jpg,0.50914556
2023-12-02 01:00:00,/Volumes/Argus/unk/snap/c1/1701478800.c1.snap.jpg,0.4835559
2023-12-02 20:00:00,/Volumes/Argus/unk/snap/c1/1701547200.c1.snap.jpg,0.4482948
2023-12-02 20:30:00,/Volumes/Argus/unk/snap/c1/1701549000.c1.snap.jpg,0.57962525
2023-12-02 21:00:00,/Volumes/Argus/unk/snap/c1/1701550800.c1.snap.jpg,0.5918688
2023-12-02 21:30:00,/Volumes/Argus/unk/snap/c1/1701552600.c1.snap.jpg,0.49909663
2023-12-02 22:00:00,/Volumes/Argus/unk/snap/c1/1701554400.c1.snap.jpg,0.78133106
2023-12-02 23:00:00,/Volumes/Argus/unk/snap/c1/1701558000.c1.snap.jpg,0.65872765
2023-12-02 23:30:00,/Volumes/Argus/unk/snap/c1/1701559800.c1.snap.jpg,0.7124195
2023-12-03 00:00:00,/Volumes/Argus/unk/snap/c1/1701561600.c1.snap.jpg,0.6362133
2023-12-03 00:30:00,/Volumes/Argus/unk/snap/c1/1701563400.c1.snap.jpg,0.49166363
2023-12-03 01:00:00,/Volumes/Argus/unk/snap/c1/1701565200.c1.snap.jpg,0.46900272
2023-12-03 20:30:00,/Volumes/Argus/unk/snap/c1/1701635400.c1.snap.jpg,0.46673155
2023-12-03 21:00:00,/Volumes/Argus/unk/snap/c1/1701637200.c1.snap.jpg,0.51068175
2023-12-03 21:30:00,/Volumes/Argus/unk/snap/c1/1701639000.c1.snap.jpg,0.4974198
2023-12-03 22:00:00,/Volumes/Argus/unk/snap/c1/1701640800.c1.snap.jpg,0.48792812
2023-12-03 22:30:00,/Volumes/Argus/unk/snap/c1/1701642600.c1.snap.jpg,0.5169469
2023-12-03 23:00:00,/Volumes/Argus/unk/snap/c1/1701644400.c1.snap.jpg,0.49493307
2023-12-04 00:30:00,/Volumes/Argus/unk/snap/c1/1701649800.c1.snap.jpg,0.5016859
2023-12-04 01:00:00,/Volumes/Argus/unk/snap/c1/1701651600.c1.snap.jpg,0.45282808
2023-12-04 20:00:00,/Volumes/Argus/unk/snap/c1/1701720000.c1.snap.jpg,0.46573973
2023-12-04 20:30:00,/Volumes/Argus/unk/snap/c1/1701721800.c1.snap.jpg,0.45282215
2023-12-04 21:00:00,/Volumes/Argus/unk/snap/c1/1701723600.c1.snap.jpg,0.43107522
2023-12-04 21:30:00,/Volumes/Argus/unk/snap/c1/1701725400.c1.snap.jpg,0.42155555
2023-12-04 22:00:00,/Volumes/Argus/unk/snap/c1/1701727200.c1.snap.jpg,0.446657
2023-12-04 22:30:00,/Volumes/Argus/unk/snap/c1/1701729000.c1.snap.jpg,0.4474811
2023-12-04 23:00:00,/Volumes/Argus/unk/snap/c1/1701730800.c1.snap.jpg,0.44773448
2023-12-04 23:30:00,/Volumes/Argus/unk/snap/c1/1701732600.c1.snap.jpg,0.55625755
2023-12-05 00:00:00,/Volumes/Argus/unk/snap/c1/1701734400.c1.snap.jpg,0.62824345
2023-12-05 00:30:00,/Volumes/Argus/unk/snap/c1/1701736200.c1.snap.jpg,0.47388363
2023-12-05 01:00:00,/Volumes/Argus/unk/snap/c1/1701738000.c1.snap.jpg,0.52292013
2023-12-05 20:30:00,/Volumes/Argus/unk/snap/c1/1701808200.c1.snap.jpg,0.8078286
2023-12-05 21:00:00,/Volumes/Argus/unk/snap/c1/1701810000.c1.snap.jpg,0.7360193
2023-12-05 21:30:00,/Volumes/Argus/unk/snap/c1/1701811800.c1.snap.jpg,0.66797996
2023-12-05 22:00:00,/Volumes/Argus/unk/snap/c1/1701813600.c1.snap.jpg,0.66839314
2023-12-06 00:30:00,/Volumes/Argus/unk/snap/c1/1701822600.c1.snap.jpg,0.7636528
2023-12-07 20:30:00,/Volumes/Argus/unk/snap/c1/1701981000.c1.snap.jpg,0.52864623
2023-12-07 21:00:00,/Volumes/Argus/unk/snap/c1/1701982800.c1.snap.jpg,0.52855754
2023-12-07 21:30:00,/Volumes/Argus/unk/snap/c1/1701984600.c1.snap.jpg,0.64550775
2023-12-07 22:30:00,/Volumes/Argus/unk/snap/c1/1701988200.c1.snap.jpg,0.6743443
2023-12-07 23:00:00,/Volumes/Argus/unk/snap/c1/1701990000.c1.snap.jpg,0.43055436
2023-12-07 23:30:00,/Volumes/Argus/unk/snap/c1/1701991800.c1.snap.jpg,0.69078845
2023-12-08 00:30:00,/Volumes/Argus/unk/snap/c1/1701995400.c1.snap.jpg,0.632692
2023-12-08 01:00:00,/Volumes/Argus/unk/snap/c1/1701997200.c1.snap.jpg,0.65464747
2023-12-08 20:30:00,/Volumes/Argus/unk/snap/c1/1702067400.c1.snap.jpg,0.7795634
2023-12-08 21:00:00,/Volumes/Argus/unk/snap/c1/1702069200.c1.snap.jpg,0.66166466
2023-12-08 21:30:00,/Volumes/Argus/unk/snap/c1/1702071000.c1.snap.jpg,0.6046953
2023-12-08 22:00:00,/Volumes/Argus/unk/snap/c1/1702072800.c1.snap.jpg,0.7175447
2023-12-08 22:30:00,/Volumes/Argus/unk/snap/c1/1702074600.c1.snap.jpg,0.7716436
2023-12-08 23:00:00,/Volumes/Argus/unk/snap/c1/1702076400.c1.snap.jpg,0.81039524
2023-12-08 23:30:00,/Volumes/Argus/unk/snap/c1/1702078200.c1.snap.jpg,0.79451627
2023-12-09 00:00:00,/Volumes/Argus/unk/snap/c1/1702080000.c1.snap.jpg,0.8246152
2023-12-09 01:00:00,/Volumes/Argus/unk/snap/c1/1702083600.c1.snap.jpg,0.7202396
2023-12-09 20:30:00,/Volumes/Argus/unk/snap/c1/1702153800.c1.snap.jpg,0.54610145
2023-12-09 21:00:00,/Volumes/Argus/unk/snap/c1/1702155600.c1.snap.jpg,0.3884034
2023-12-09 21:30:00,/Volumes/Argus/unk/snap/c1/1702157400.c1.snap.jpg,0.35740966
2023-12-09 22:00:00,/Volumes/Argus/unk/snap/c1/1702159200.c1.snap.jpg,0.36981285
2023-12-09 22:30:00,/Volumes/Argus/unk/snap/c1/1702161000.c1.snap.jpg,0.43676513
2023-12-09 23:00:00,/Volumes/Argus/unk/snap/c1/1702162800.c1.snap.jpg,0.5002637
2023-12-09 23:30:00,/Volumes/Argus/unk/snap/c1/1702164600.c1.snap.jpg,0.6114467
2023-12-10 00:00:00,/Volumes/Argus/unk/snap/c1/1702166400.c1.snap.jpg,0.66816163
2023-12-10 00:30:00,/Volumes/Argus/unk/snap/c1/1702168200.c1.snap.jpg,0.7825775
2023-12-10 01:00:00,/Volumes/Argus/unk/snap/c1/1702170000.c1.snap.jpg,0.76183844
2023-12-10 20:30:00,/Volumes/Argus/unk/snap/c1/1702240200.c1.snap.jpg,0.6656005
2023-12-10 21:00:00,/Volumes/Argus/unk/snap/c1/1702242000.c1.snap.jpg,0.60116065
2023-12-10 21:30:00,/Volumes/Argus/unk/snap/c1/1702243800.c1.snap.jpg,0.6635419
2023-12-10 22:30:00,/Volumes/Argus/unk/snap/c1/1702247400.c1.snap.jpg,0.53844976
2023-12-10 23:00:00,/Volumes/Argus/unk/snap/c1/1702249200.c1.snap.jpg,0.63227934
2023-12-10 23:30:00,/Volumes/Argus/unk/snap/c1/1702251000.c1.snap.jpg,0.5586966
2023-12-11 00:00:00,/Volumes/Argus/unk/snap/c1/1702252800.c1.snap.jpg,0.74322236
2023-12-11 00:30:00,/Volumes/Argus/unk/snap/c1/1702254600.c1.snap.jpg,1.0521889
2023-12-11 20:30:00,/Volumes/Argus/unk/snap/c1/1702326600.c1.snap.jpg,0.7664512
2023-12-11 21:00:00,/Volumes/Argus/unk/snap/c1/1702328400.c1.snap.jpg,0.7543351
2023-12-11 21:30:00,/Volumes/Argus/unk/snap/c1/1702330200.c1.snap.jpg,0.7542069
2023-12-11 22:00:00,/Volumes/Argus/unk/snap/c1/1702332000.c1.snap.jpg,0.7672653
2023-12-11 22:30:00,/Volumes/Argus/unk/snap/c1/1702333800.c1.snap.jpg,0.74517536
2023-12-11 23:00:00,/Volumes/Argus/unk/snap/c1/1702335600.c1.snap.jpg,0.7560948
2023-12-12 00:00:00,/Volumes/Argus/unk/snap/c1/1702339200.c1.snap.jpg,0.88419807
2023-12-12 00:30:00,/Volumes/Argus/unk/snap/c1/1702341000.c1.snap.jpg,0.97195363
2023-12-12 20:30:00,/Volumes/Argus/unk/snap/c1/1702413000.c1.snap.jpg,0.5733647
2023-12-12 21:00:00,/Volumes/Argus/unk/snap/c1/1702414800.c1.snap.jpg,0.58317244
2023-12-12 21:30:00,/Volumes/Argus/unk/snap/c1/1702416600.c1.snap.jpg,0.5727358
2023-12-12 22:00:00,/Volumes/Argus/unk/snap/c1/1702418400.c1.snap.jpg,0.5946494
2023-12-12 22:30:00,/Volumes/Argus/unk/snap/c1/1702420200.c1.snap.jpg,0.744994
2023-12-12 23:30:00,/Volumes/Argus/unk/snap/c1/1702423800.c1.snap.jpg,0.5794353
2023-12-13 00:30:00,/Volumes/Argus/unk/snap/c1/1702427400.c1.snap.jpg,0.81339586
2023-12-13 20:30:00,/Volumes/Argus/unk/snap/c1/1702499400.c1.snap.jpg,0.6163359
2023-12-13 21:30:00,/Volumes/Argus/unk/snap/c1/1702503000.c1.snap.jpg,0.6050482
2023-12-13 22:00:00,/Volumes/Argus/unk/snap/c1/1702504800.c1.snap.jpg,0.675854
2023-12-13 22:30:00,/Volumes/Argus/unk/snap/c1/1702506600.c1.snap.jpg,0.6758989
2023-12-13 23:00:00,/Volumes/Argus/unk/snap/c1/1702508400.c1.snap.jpg,0.8000237
2023-12-13 23:30:00,/Volumes/Argus/unk/snap/c1/1702510200.c1.snap.jpg,0.83577037
2023-12-14 00:00:00,/Volumes/Argus/unk/snap/c1/1702512000.c1.snap.jpg,0.7671266
2023-12-14 00:30:00,/Volumes/Argus/unk/snap/c1/1702513800.c1.snap.jpg,0.7116228
2023-12-14 20:30:00,/Volumes/Argus/unk/snap/c1/1702585800.c1.snap.jpg,0.58542883
2023-12-14 21:00:00,/Volumes/Argus/unk/snap/c1/1702587600.c1.snap.jpg,0.5634985
2023-12-14 21:30:00,/Volumes/Argus/unk/snap/c1/1702589400.c1.snap.jpg,0.57260954
2023-12-14 22:00:00,/Volumes/Argus/unk/snap/c1/1702591200.c1.snap.jpg,0.56399405
2023-12-14 22:30:00,/Volumes/Argus/unk/snap/c1/1702593000.c1.snap.jpg,0.6455844
2023-12-14 23:00:00,/Volumes/Argus/unk/snap/c1/1702594800.c1.snap.jpg,0.6786185
2023-12-14 23:30:00,/Volumes/Argus/unk/snap/c1/1702596600.c1.snap.jpg,0.76566124
2023-12-15 00:00:00,/Volumes/Argus/unk/snap/c1/1702598400.c1.snap.jpg,0.9835708
2023-12-15 00:30:00,/Volumes/Argus/unk/snap/c1/1702600200.c1.snap.jpg,0.7974877
2023-12-15 20:30:00,/Volumes/Argus/unk/snap/c1/1702672200.c1.snap.jpg,0.685903
2023-12-15 21:00:00,/Volumes/Argus/unk/snap/c1/1702674000.c1.snap.jpg,0.5963212
2023-12-15 21:30:00,/Volumes/Argus/unk/snap/c1/1702675800.c1.snap.jpg,0.6635106
2023-12-15 22:00:00,/Volumes/Argus/unk/snap/c1/1702677600.c1.snap.jpg,0.65594494
2023-12-15 22:30:00,/Volumes/Argus/unk/snap/c1/1702679400.c1.snap.jpg,0.796411
2023-12-15 23:00:00,/Volumes/Argus/unk/snap/c1/1702681200.c1.snap.jpg,0.631568
2023-12-15 23:30:00,/Volumes/Argus/unk/snap/c1/1702683000.c1.snap.jpg,0.68888724
2023-12-16 00:00:00,/Volumes/Argus/unk/snap/c1/1702684800.c1.snap.jpg,0.78516716
2023-12-16 00:30:00,/Volumes/Argus/unk/snap/c1/1702686600.c1.snap.jpg,0.78179085
2023-12-16 20:30:00,/Volumes/Argus/unk/snap/c1/1702758600.c1.snap.jpg,0.9127133
2023-12-16 21:00:00,/Volumes/Argus/unk/snap/c1/1702760400.c1.snap.jpg,0.73189086
2023-12-16 22:00:00,/Volumes/Argus/unk/snap/c1/1702764000.c1.snap.jpg,0.9637979
2023-12-16 22:30:00,/Volumes/Argus/unk/snap/c1/1702765800.c1.snap.jpg,0.72741175
2023-12-16 23:00:00,/Volumes/Argus/unk/snap/c1/1702767600.c1.snap.jpg,0.7517117
2023-12-16 23:30:00,/Volumes/Argus/unk/snap/c1/1702769400.c1.snap.jpg,0.7802732
2023-12-17 00:30:00,/Volumes/Argus/unk/snap/c1/1702773000.c1.snap.jpg,0.7765478
2023-12-17 20:30:00,/Volumes/Argus/unk/snap/c1/1702845000.c1.snap.jpg,0.6269751
2023-12-17 21:00:00,/Volumes/Argus/unk/snap/c1/1702846800.c1.snap.jpg,1.0581512
2023-12-17 21:30:00,/Volumes/Argus/unk/snap/c1/1702848600.c1.snap.jpg,0.98289394
2023-12-17 22:00:00,/Volumes/Argus/unk/snap/c1/1702850400.c1.snap.jpg,0.8832729
2023-12-17 22:30:00,/Volumes/Argus/unk/snap/c1/1702852200.c1.snap.jpg,0.7007435
2023-12-18 20:30:00,/Volumes/Argus/unk/snap/c1/1702931400.c1.snap.jpg,0.61937624
2023-12-18 21:00:00,/Volumes/Argus/unk/snap/c1/1702933200.c1.snap.jpg,0.6160531
2023-12-18 21:30:00,/Volumes/Argus/unk/snap/c1/1702935000.c1.snap.jpg,0.59834397
2023-12-18 22:00:00,/Volumes/Argus/unk/snap/c1/1702936800.c1.snap.jpg,0.571244
2023-12-18 22:30:00,/Volumes/Argus/unk/snap/c1/1702938600.c1.snap.jpg,0.7025331
2023-12-18 23:00:00,/Volumes/Argus/unk/snap/c1/1702940400.c1.snap.jpg,0.61895514
2023-12-18 23:30:00,/Volumes/Argus/unk/snap/c1/1702942200.c1.snap.jpg,0.53021884
2023-12-19 00:00:00,/Volumes/Argus/unk/snap/c1/1702944000.c1.snap.jpg,0.5450127
2023-12-19 20:30:00,/Volumes/Argus/unk/snap/c1/1703017800.c1.snap.jpg,0.7767107
2023-12-19 21:00:00,/Volumes/Argus/unk/snap/c1/1703019600.c1.snap.jpg,0.82074785
2023-12-19 21:30:00,/Volumes/Argus/unk/snap/c1/1703021400.c1.snap.jpg,0.7517378
2023-12-19 22:00:00,/Volumes/Argus/unk/snap/c1/1703023200.c1.snap.jpg,0.68413144
2023-12-19 22:30:00,/Volumes/Argus/unk/snap/c1/1703025000.c1.snap.jpg,0.670469
2023-12-19 23:00:00,/Volumes/Argus/unk/snap/c1/1703026800.c1.snap.jpg,0.7351924
2023-12-19 23:30:00,/Volumes/Argus/unk/snap/c1/1703028600.c1.snap.jpg,0.77419555
2023-12-20 00:00:00,/Volumes/Argus/unk/snap/c1/1703030400.c1.snap.jpg,0.7193601
2023-12-20 00:30:00,/Volumes/Argus/unk/snap/c1/1703032200.c1.snap.jpg,0.71381277
2023-12-20 02:00:00,/Volumes/Argus/unk/snap/c1/1703037600.c1.snap.jpg,0.77806383
2023-12-20 19:30:00,/Volumes/Argus/unk/snap/c1/1703100600.c1.snap.jpg,0.6810058
2023-12-20 20:00:00,/Volumes/Argus/unk/snap/c1/1703102400.c1.snap.jpg,0.7586417
2023-12-20 20:30:00,/Volumes/Argus/unk/snap/c1/1703104200.c1.snap.jpg,0.8378072
2023-12-20 21:00:00,/Volumes/Argus/unk/snap/c1/1703106000.c1.snap.jpg,0.669039
2023-12-20 21:30:00,/Volumes/Argus/unk/snap/c1/1703107800.c1.snap.jpg,0.6554737
2023-12-20 22:00:00,/Volumes/Argus/unk/snap/c1/1703109600.c1.snap.jpg,0.74185723
2023-12-20 23:00:00,/Volumes/Argus/unk/snap/c1/1703113200.c1.snap.jpg,0.75609255
2023-12-20 23:30:00,/Volumes/Argus/unk/snap/c1/1703115000.c1.snap.jpg,0.74842477
2023-12-21 00:00:00,/Volumes/Argus/unk/snap/c1/1703116800.c1.snap.jpg,0.7692143
2023-12-21 00:30:00,/Volumes/Argus/unk/snap/c1/1703118600.c1.snap.jpg,0.737396
2023-12-21 01:00:00,/Volumes/Argus/unk/snap/c1/1703120400.c1.snap.jpg,0.68782824
2023-12-21 01:30:00,/Volumes/Argus/unk/snap/c1/1703122200.c1.snap.jpg,0.7107959
2023-12-21 02:00:00,/Volumes/Argus/unk/snap/c1/1703124000.c1.snap.jpg,0.56172335
2023-12-21 19:30:00,/Volumes/Argus/unk/snap/c1/1703187000.c1.snap.jpg,0.9315628
2023-12-21 20:30:00,/Volumes/Argus/unk/snap/c1/1703190600.c1.snap.jpg,1.0466135
2023-12-21 21:00:00,/Volumes/Argus/unk/snap/c1/1703192400.c1.snap.jpg,1.0643601
2023-12-21 21:30:00,/Volumes/Argus/unk/snap/c1/1703194200.c1.snap.jpg,1.0786928
2023-12-21 22:00:00,/Volumes/Argus/unk/snap/c1/1703196000.c1.snap.jpg,1.0366449
2023-12-21 22:30:00,/Volumes/Argus/unk/snap/c1/1703197800.c1.snap.jpg,1.0893863
2023-12-21 23:00:00,/Volumes/Argus/unk/snap/c1/1703199600.c1.snap.jpg,0.95848894
2023-12-21 23:30:00,/Volumes/Argus/unk/snap/c1/1703201400.c1.snap.jpg,0.92730606
2023-12-22 00:00:00,/Volumes/Argus/unk/snap/c1/1703203200.c1.snap.jpg,0.9953163
2023-12-22 00:30:00,/Volumes/Argus/unk/snap/c1/1703205000.c1.snap.jpg,1.0362724
2023-12-22 01:00:00,/Volumes/Argus/unk/snap/c1/1703206800.c1.snap.jpg,1.086087
2023-12-22 01:30:00,/Volumes/Argus/unk/snap/c1/1703208600.c1.snap.jpg,1.1906288
2023-12-22 02:00:00,/Volumes/Argus/unk/snap/c1/1703210400.c1.snap.jpg,1.0755706
2023-12-22 19:30:00,/Volumes/Argus/unk/snap/c1/1703273400.c1.snap.jpg,0.8899893
2023-12-22 20:00:00,/Volumes/Argus/unk/snap/c1/1703275200.c1.snap.jpg,0.71368736
2023-12-22 20:30:00,/Volumes/Argus/unk/snap/c1/1703277000.c1.snap.jpg,0.73377776
2023-12-22 21:00:00,/Volumes/Argus/unk/snap/c1/1703278800.c1.snap.jpg,0.5528657
2023-12-22 21:30:00,/Volumes/Argus/unk/snap/c1/1703280600.c1.snap.jpg,0.63481236
2023-12-22 22:00:00,/Volumes/Argus/unk/snap/c1/1703282400.c1.snap.jpg,0.6400221
2023-12-22 22:30:00,/Volumes/Argus/unk/snap/c1/1703284200.c1.snap.jpg,0.7567463
2023-12-22 23:00:00,/Volumes/Argus/unk/snap/c1/1703286000.c1.snap.jpg,0.6864084
2023-12-22 23:30:00,/Volumes/Argus/unk/snap/c1/1703287800.c1.snap.jpg,0.73503256
2023-12-23 00:30:00,/Volumes/Argus/unk/snap/c1/1703291400.c1.snap.jpg,0.7977401
2023-12-23 01:00:00,/Volumes/Argus/unk/snap/c1/1703293200.c1.snap.jpg,0.6577585
2023-12-23 01:30:00,/Volumes/Argus/unk/snap/c1/1703295000.c1.snap.jpg,0.73179615
2023-12-23 02:00:00,/Volumes/Argus/unk/snap/c1/1703296800.c1.snap.jpg,1.1278045
2023-12-23 19:30:00,/Volumes/Argus/unk/snap/c1/1703359800.c1.snap.jpg,0.6451898
2023-12-23 20:00:00,/Volumes/Argus/unk/snap/c1/1703361600.c1.snap.jpg,0.69755113
2023-12-23 20:30:00,/Volumes/Argus/unk/snap/c1/1703363400.c1.snap.jpg,0.61776376
2023-12-23 21:00:00,/Volumes/Argus/unk/snap/c1/1703365200.c1.snap.jpg,0.715338
2023-12-23 21:30:00,/Volumes/Argus/unk/snap/c1/1703367000.c1.snap.jpg,0.66562414
2023-12-23 22:00:00,/Volumes/Argus/unk/snap/c1/1703368800.c1.snap.jpg,0.7161349
2023-12-23 22:30:00,/Volumes/Argus/unk/snap/c1/1703370600.c1.snap.jpg,0.6978856
2023-12-23 23:00:00,/Volumes/Argus/unk/snap/c1/1703372400.c1.snap.jpg,0.7009475
2023-12-23 23:30:00,/Volumes/Argus/unk/snap/c1/1703374200.c1.snap.jpg,0.6458819
2023-12-24 00:00:00,/Volumes/Argus/unk/snap/c1/1703376000.c1.snap.jpg,0.7322304
2023-12-24 00:30:00,/Volumes/Argus/unk/snap/c1/1703377800.c1.snap.jpg,0.65556264
2023-12-24 01:00:00,/Volumes/Argus/unk/snap/c1/1703379600.c1.snap.jpg,0.7025004
2023-12-24 01:30:00,/Volumes/Argus/unk/snap/c1/1703381400.c1.snap.jpg,0.9601605
2023-12-24 02:00:00,/Volumes/Argus/unk/snap/c1/1703383200.c1.snap.jpg,1.8373578
2023-12-24 19:30:00,/Volumes/Argus/unk/snap/c1/1703446200.c1.snap.jpg,0.93327785
2023-12-24 20:00:00,/Volumes/Argus/unk/snap/c1/1703448000.c1.snap.jpg,0.9963917
2023-12-24 20:30:00,/Volumes/Argus/unk/snap/c1/1703449800.c1.snap.jpg,0.80562687
2023-12-24 21:00:00,/Volumes/Argus/unk/snap/c1/1703451600.c1.snap.jpg,0.8900547
2023-12-24 21:30:00,/Volumes/Argus/unk/snap/c1/1703453400.c1.snap.jpg,0.8525969
2023-12-24 22:00:00,/Volumes/Argus/unk/snap/c1/1703455200.c1.snap.jpg,0.8434148
2023-12-24 22:30:00,/Volumes/Argus/unk/snap/c1/1703457000.c1.snap.jpg,0.8074808
2023-12-24 23:00:00,/Volumes/Argus/unk/snap/c1/1703458800.c1.snap.jpg,0.85149884
2023-12-25 00:00:00,/Volumes/Argus/unk/snap/c1/1703462400.c1.snap.jpg,0.9420166
2023-12-25 00:30:00,/Volumes/Argus/unk/snap/c1/1703464200.c1.snap.jpg,0.9256231
2023-12-25 01:30:00,/Volumes/Argus/unk/snap/c1/1703467800.c1.snap.jpg,0.70279574
2023-12-25 19:30:00,/Volumes/Argus/unk/snap/c1/1703532600.c1.snap.jpg,0.8117164
2023-12-25 20:00:00,/Volumes/Argus/unk/snap/c1/1703534400.c1.snap.jpg,0.8457529
2023-12-25 20:30:00,/Volumes/Argus/unk/snap/c1/1703536200.c1.snap.jpg,0.7072248
2023-12-25 21:00:00,/Volumes/Argus/unk/snap/c1/1703538000.c1.snap.jpg,0.70462096
2023-12-25 21:30:00,/Volumes/Argus/unk/snap/c1/1703539800.c1.snap.jpg,0.89862025
2023-12-25 22:00:00,/Volumes/Argus/unk/snap/c1/1703541600.c1.snap.jpg,0.9176182
2023-12-25 22:30:00,/Volumes/Argus/unk/snap/c1/1703543400.c1.snap.jpg,0.9245097
2023-12-25 23:00:00,/Volumes/Argus/unk/snap/c1/1703545200.c1.snap.jpg,0.8299433
2023-12-26 00:00:00,/Volumes/Argus/unk/snap/c1/1703548800.c1.snap.jpg,0.64599407
2023-12-26 00:30:00,/Volumes/Argus/unk/snap/c1/1703550600.c1.snap.jpg,0.6853343
2023-12-26 01:00:00,/Volumes/Argus/unk/snap/c1/1703552400.c1.snap.jpg,0.7112719
2023-12-26 01:30:00,/Volumes/Argus/unk/snap/c1/1703554200.c1.snap.jpg,0.8230094
2023-12-26 19:30:00,/Volumes/Argus/unk/snap/c1/1703619000.c1.snap.jpg,0.87294614
2023-12-26 20:00:00,/Volumes/Argus/unk/snap/c1/1703620800.c1.snap.jpg,0.81180984
2023-12-26 20:30:00,/Volumes/Argus/unk/snap/c1/1703622600.c1.snap.jpg,0.8420837
2023-12-26 21:00:00,/Volumes/Argus/unk/snap/c1/1703624400.c1.snap.jpg,0.8059579
2023-12-26 21:30:00,/Volumes/Argus/unk/snap/c1/1703626200.c1.snap.jpg,0.8431101
2023-12-26 22:00:00,/Volumes/Argus/unk/snap/c1/1703628000.c1.snap.jpg,0.9208447
2023-12-26 22:30:00,/Volumes/Argus/unk/snap/c1/1703629800.c1.snap.jpg,0.83256215
2023-12-26 23:00:00,/Volumes/Argus/unk/snap/c1/1703631600.c1.snap.jpg,0.9803137
2023-12-26 23:30:00,/Volumes/Argus/unk/snap/c1/1703633400.c1.snap.jpg,0.88377315
2023-12-27 00:00:00,/Volumes/Argus/unk/snap/c1/1703635200.c1.snap.jpg,0.8311589
2023-12-27 00:30:00,/Volumes/Argus/unk/snap/c1/1703637000.c1.snap.jpg,0.8465177
2023-12-27 01:00:00,/Volumes/Argus/unk/snap/c1/1703638800.c1.snap.jpg,0.8310919
2023-12-27 19:30:00,/Volumes/Argus/unk/snap/c1/1703705400.c1.snap.jpg,0.78332126
2023-12-27 20:00:00,/Volumes/Argus/unk/snap/c1/1703707200.c1.snap.jpg,0.82894117
2023-12-27 20:30:00,/Volumes/Argus/unk/snap/c1/1703709000.c1.snap.jpg,0.79088897
2023-12-27 21:00:00,/Volumes/Argus/unk/snap/c1/1703710800.c1.snap.jpg,0.8414401
2023-12-27 21:30:00,/Volumes/Argus/unk/snap/c1/1703712600.c1.snap.jpg,0.8019244
2023-12-28 00:00:00,/Volumes/Argus/unk/snap/c1/1703721600.c1.snap.jpg,0.93616426
2023-12-28 00:30:00,/Volumes/Argus/unk/snap/c1/1703723400.c1.snap.jpg,1.0583481
2023-12-28 01:00:00,/Volumes/Argus/unk/snap/c1/1703725200.c1.snap.jpg,1.0991334
2023-12-28 01:30:00,/Volumes/Argus/unk/snap/c1/1703727000.c1.snap.jpg,1.0989357
2023-12-28 02:00:00,/Volumes/Argus/unk/snap/c1/1703728800.c1.snap.jpg,1.0258555
2023-12-28 19:30:00,/Volumes/Argus/unk/snap/c1/1703791800.c1.snap.jpg,0.77343726
2023-12-28 20:00:00,/Volumes/Argus/unk/snap/c1/1703793600.c1.snap.jpg,0.79666996
2023-12-28 20:30:00,/Volumes/Argus/unk/snap/c1/1703795400.c1.snap.jpg,0.8985302
2023-12-28 21:00:00,/Volumes/Argus/unk/snap/c1/1703797200.c1.snap.jpg,0.8576262
2023-12-28 21:30:00,/Volumes/Argus/unk/snap/c1/1703799000.c1.snap.jpg,0.8594521
2023-12-28 22:00:00,/Volumes/Argus/unk/snap/c1/1703800800.c1.snap.jpg,0.7504748
2023-12-28 22:30:00,/Volumes/Argus/unk/snap/c1/1703802600.c1.snap.jpg,0.86477345
2023-12-28 23:00:00,/Volumes/Argus/unk/snap/c1/1703804400.c1.snap.jpg,0.8690843
2023-12-28 23:30:00,/Volumes/Argus/unk/snap/c1/1703806200.c1.snap.jpg,0.914307
2023-12-29 00:00:00,/Volumes/Argus/unk/snap/c1/1703808000.c1.snap.jpg,0.9224689
2023-12-29 00:30:00,/Volumes/Argus/unk/snap/c1/1703809800.c1.snap.jpg,1.2389975
2023-12-29 01:00:00,/Volumes/Argus/unk/snap/c1/1703811600.c1.snap.jpg,1.20165
2023-12-29 01:30:00,/Volumes/Argus/unk/snap/c1/1703813400.c1.snap.jpg,0.80242443
2023-12-29 02:00:00,/Volumes/Argus/unk/snap/c1/1703815200.c1.snap.jpg,0.9296669
2023-12-29 22:00:00,/Volumes/Argus/unk/snap/c1/1703887200.c1.snap.jpg,1.022244
2023-12-29 22:30:00,/Volumes/Argus/unk/snap/c1/1703889000.c1.snap.jpg,1.1139083
2023-12-29 23:00:00,/Volumes/Argus/unk/snap/c1/1703890800.c1.snap.jpg,1.1229632
2023-12-29 23:30:00,/Volumes/Argus/unk/snap/c1/1703892600.c1.snap.jpg,1.1512046
2023-12-30 00:00:00,/Volumes/Argus/unk/snap/c1/1703894400.c1.snap.jpg,0.8986478
2023-12-30 00:30:00,/Volumes/Argus/unk/snap/c1/1703896200.c1.snap.jpg,0.941158
2023-12-30 01:00:00,/Volumes/Argus/unk/snap/c1/1703898000.c1.snap.jpg,0.996805
2023-12-30 01:30:00,/Volumes/Argus/unk/snap/c1/1703899800.c1.snap.jpg,0.87830174
2023-12-30 02:00:00,/Volumes/Argus/unk/snap/c1/1703901600.c1.snap.jpg,1.2634645
2023-12-30 19:30:00,/Volumes/Argus/unk/snap/c1/1703964600.c1.snap.jpg,0.70156634
2023-12-30 20:00:00,/Volumes/Argus/unk/snap/c1/1703966400.c1.snap.jpg,0.67228794
2023-12-30 20:30:00,/Volumes/Argus/unk/snap/c1/1703968200.c1.snap.jpg,0.7258591
2023-12-30 21:00:00,/Volumes/Argus/unk/snap/c1/1703970000.c1.snap.jpg,0.8319042
2023-12-30 21:30:00,/Volumes/Argus/unk/snap/c1/1703971800.c1.snap.jpg,1.1641216
2023-12-30 22:30:00,/Volumes/Argus/unk/snap/c1/1703975400.c1.snap.jpg,0.91406703
2023-12-30 23:00:00,/Volumes/Argus/unk/snap/c1/1703977200.c1.snap.jpg,1.1968492
2023-12-30 23:30:00,/Volumes/Argus/unk/snap/c1/1703979000.c1.snap.jpg,1.2896162
2023-12-31 00:00:00,/Volumes/Argus/unk/snap/c1/1703980800.c1.snap.jpg,1.2768748
2023-12-31 00:30:00,/Volumes/Argus/unk/snap/c1/1703982600.c1.snap.jpg,1.2658108
2023-12-31 01:00:00,/Volumes/Argus/unk/snap/c1/1703984400.c1.snap.jpg,0.8776128
2023-12-31 01:30:00,/Volumes/Argus/unk/snap/c1/1703986200.c1.snap.jpg,0.9002216
2023-12-31 02:00:00,/Volumes/Argus/unk/snap/c1/1703988000.c1.snap.jpg,0.81285906
2023-12-31 19:30:00,/Volumes/Argus/unk/snap/c1/1704051000.c1.snap.jpg,0.8744433
2023-12-31 20:00:00,/Volumes/Argus/unk/snap/c1/1704052800.c1.snap.jpg,0.91334784
2023-12-31 20:30:00,/Volumes/Argus/unk/snap/c1/1704054600.c1.snap.jpg,0.82985735
2023-12-31 21:00:00,/Volumes/Argus/unk/snap/c1/1704056400.c1.snap.jpg,0.8548317
2023-12-31 21:30:00,/Volumes/Argus/unk/snap/c1/1704058200.c1.snap.jpg,0.8645107
2023-12-31 22:00:00,/Volumes/Argus/unk/snap/c1/1704060000.c1.snap.jpg,0.8574945
2023-12-31 22:30:00,/Volumes/Argus/unk/snap/c1/1704061800.c1.snap.jpg,0.900174
2023-12-31 23:00:00,/Volumes/Argus/unk/snap/c1/1704063600.c1.snap.jpg,1.0426377
2023-12-31 23:30:00,/Volumes/Argus/unk/snap/c1/1704065400.c1.snap.jpg,1.0080642
2024-01-01 00:00:00,/Volumes/Argus/unk/snap/c1/1704067200.c1.snap.jpg,1.1793807
2024-01-01 00:30:00,/Volumes/Argus/unk/snap/c1/1704069000.c1.snap.jpg,1.0914797
2024-01-01 01:00:00,/Volumes/Argus/unk/snap/c1/1704070800.c1.snap.jpg,1.0734475
2024-01-01 01:30:00,/Volumes/Argus/unk/snap/c1/1704072600.c1.snap.jpg,0.99478096
2024-01-01 02:00:00,/Volumes/Argus/unk/snap/c1/1704074400.c1.snap.jpg,1.320434
2024-01-01 19:30:00,/Volumes/Argus/unk/snap/c1/1704137400.c1.snap.jpg,0.94345874
2024-01-01 20:00:00,/Volumes/Argus/unk/snap/c1/1704139200.c1.snap.jpg,0.9792007
2024-01-01 20:30:00,/Volumes/Argus/unk/snap/c1/1704141000.c1.snap.jpg,1.05054
2024-01-01 21:00:00,/Volumes/Argus/unk/snap/c1/1704142800.c1.snap.jpg,1.0186334
2024-01-01 21:30:00,/Volumes/Argus/unk/snap/c1/1704144600.c1.snap.jpg,0.9935077
2024-01-01 22:00:00,/Volumes/Argus/unk/snap/c1/1704146400.c1.snap.jpg,1.1397145
2024-01-01 22:30:00,/Volumes/Argus/unk/snap/c1/1704148200.c1.snap.jpg,1.0122107
2024-01-01 23:00:00,/Volumes/Argus/unk/snap/c1/1704150000.c1.snap.jpg,0.9808446
2024-01-01 23:30:00,/Volumes/Argus/unk/snap/c1/1704151800.c1.snap.jpg,1.0901077
2024-01-02 00:00:00,/Volumes/Argus/unk/snap/c1/1704153600.c1.snap.jpg,0.88628
2024-01-02 00:30:00,/Volumes/Argus/unk/snap/c1/1704155400.c1.snap.jpg,0.86855245
2024-01-02 01:00:00,/Volumes/Argus/unk/snap/c1/1704157200.c1.snap.jpg,0.8514379
2024-01-02 01:30:00,/Volumes/Argus/unk/snap/c1/1704159000.c1.snap.jpg,0.82787406
2024-01-02 02:00:00,/Volumes/Argus/unk/snap/c1/1704160800.c1.snap.jpg,0.8265691
2024-01-02 19:30:00,/Volumes/Argus/unk/snap/c1/1704223800.c1.snap.jpg,0.8875895
2024-01-02 20:00:00,/Volumes/Argus/unk/snap/c1/1704225600.c1.snap.jpg,0.94295824
2024-01-02 20:30:00,/Volumes/Argus/unk/snap/c1/1704227400.c1.snap.jpg,0.87514144
2024-01-02 21:00:00,/Volumes/Argus/unk/snap/c1/1704229200.c1.snap.jpg,0.8461288
2024-01-02 21:30:00,/Volumes/Argus/unk/snap/c1/1704231000.c1.snap.jpg,0.78716636
2024-01-02 22:00:00,/Volumes/Argus/unk/snap/c1/1704232800.c1.snap.jpg,0.8513888
2024-01-02 23:00:00,/Volumes/Argus/unk/snap/c1/1704236400.c1.snap.jpg,1.0374067
2024-01-02 23:30:00,/Volumes/Argus/unk/snap/c1/1704238200.c1.snap.jpg,0.9914801
2024-01-03 00:00:00,/Volumes/Argus/unk/snap/c1/1704240000.c1.snap.jpg,0.9278908
2024-01-03 00:30:00,/Volumes/Argus/unk/snap/c1/1704241800.c1.snap.jpg,0.96925724
2024-01-03 01:00:00,/Volumes/Argus/unk/snap/c1/1704243600.c1.snap.jpg,1.0247575
2024-01-03 01:30:00,/Volumes/Argus/unk/snap/c1/1704245400.c1.snap.jpg,0.90632606
2024-01-03 02:00:00,/Volumes/Argus/unk/snap/c1/1704247200.c1.snap.jpg,0.8294709
2024-01-04 02:00:00,/Volumes/Argus/unk/snap/c1/1704333600.c1.snap.jpg,0.67972904
2024-01-04 19:30:00,/Volumes/Argus/unk/snap/c1/1704396600.c1.snap.jpg,0.7934522
2024-01-04 20:00:00,/Volumes/Argus/unk/snap/c1/1704398400.c1.snap.jpg,0.8005046
2024-01-04 20:30:00,/Volumes/Argus/unk/snap/c1/1704400200.c1.snap.jpg,0.69511807
2024-01-04 21:00:00,/Volumes/Argus/unk/snap/c1/1704402000.c1.snap.jpg,0.74204445
2024-01-04 21:30:00,/Volumes/Argus/unk/snap/c1/1704403800.c1.snap.jpg,0.7247378
2024-01-04 22:00:00,/Volumes/Argus/unk/snap/c1/1704405600.c1.snap.jpg,0.7275019
2024-01-04 22:30:00,/Volumes/Argus/unk/snap/c1/1704407400.c1.snap.jpg,0.7399068
2024-01-04 23:00:00,/Volumes/Argus/unk/snap/c1/1704409200.c1.snap.jpg,0.7834741
2024-01-05 00:30:00,/Volumes/Argus/unk/snap/c1/1704414600.c1.snap.jpg,0.61013585
2024-01-05 01:00:00,/Volumes/Argus/unk/snap/c1/1704416400.c1.snap.jpg,0.5938555
2024-01-05 01:30:00,/Volumes/Argus/unk/snap/c1/1704418200.c1.snap.jpg,0.6311765
2024-01-05 02:00:00,/Volumes/Argus/unk/snap/c1/1704420000.c1.snap.jpg,0.6033389
2024-01-05 19:30:00,/Volumes/Argus/unk/snap/c1/1704483000.c1.snap.jpg,0.8268702
2024-01-05 20:00:00,/Volumes/Argus/unk/snap/c1/1704484800.c1.snap.jpg,0.7152071
2024-01-05 20:30:00,/Volumes/Argus/unk/snap/c1/1704486600.c1.snap.jpg,0.66961074
2024-01-05 21:00:00,/Volumes/Argus/unk/snap/c1/1704488400.c1.snap.jpg,0.5850799
2024-01-05 21:30:00,/Volumes/Argus/unk/snap/c1/1704490200.c1.snap.jpg,0.704057
2024-01-05 22:00:00,/Volumes/Argus/unk/snap/c1/1704492000.c1.snap.jpg,0.5824617
2024-01-05 22:30:00,/Volumes/Argus/unk/snap/c1/1704493800.c1.snap.jpg,0.605668
2024-01-05 23:00:00,/Volumes/Argus/unk/snap/c1/1704495600.c1.snap.jpg,0.611536
2024-01-05 23:30:00,/Volumes/Argus/unk/snap/c1/1704497400.c1.snap.jpg,0.65631455
2024-01-06 00:00:00,/Volumes/Argus/unk/snap/c1/1704499200.c1.snap.jpg,0.59893954
2024-01-06 00:30:00,/Volumes/Argus/unk/snap/c1/1704501000.c1.snap.jpg,0.6753794
2024-01-06 01:00:00,/Volumes/Argus/unk/snap/c1/1704502800.c1.snap.jpg,0.5001643
2024-01-06 01:30:00,/Volumes/Argus/unk/snap/c1/1704504600.c1.snap.jpg,0.6396489
2024-01-06 02:00:00,/Volumes/Argus/unk/snap/c1/1704506400.c1.snap.jpg,0.6094187
2024-01-06 19:30:00,/Volumes/Argus/unk/snap/c1/1704569400.c1.snap.jpg,0.68153346
2024-01-06 20:00:00,/Volumes/Argus/unk/snap/c1/1704571200.c1.snap.jpg,0.6085366
2024-01-06 20:30:00,/Volumes/Argus/unk/snap/c1/1704573000.c1.snap.jpg,0.46592855
2024-01-06 21:00:00,/Volumes/Argus/unk/snap/c1/1704574800.c1.snap.jpg,0.55872524
2024-01-06 21:30:00,/Volumes/Argus/unk/snap/c1/1704576600.c1.snap.jpg,0.6199785
2024-01-06 22:00:00,/Volumes/Argus/unk/snap/c1/1704578400.c1.snap.jpg,0.69446445
2024-01-06 22:30:00,/Volumes/Argus/unk/snap/c1/1704580200.c1.snap.jpg,0.62394345
2024-01-06 23:00:00,/Volumes/Argus/unk/snap/c1/1704582000.c1.snap.jpg,0.5972223
2024-01-06 23:30:00,/Volumes/Argus/unk/snap/c1/1704583800.c1.snap.jpg,0.56771517
2024-01-07 00:00:00,/Volumes/Argus/unk/snap/c1/1704585600.c1.snap.jpg,0.89521635
2024-01-07 00:30:00,/Volumes/Argus/unk/snap/c1/1704587400.c1.snap.jpg,0.70857346
2024-01-07 01:30:00,/Volumes/Argus/unk/snap/c1/1704591000.c1.snap.jpg,0.6932097
2024-01-07 02:00:00,/Volumes/Argus/unk/snap/c1/1704592800.c1.snap.jpg,0.75962573
2024-01-07 19:30:00,/Volumes/Argus/unk/snap/c1/1704655800.c1.snap.jpg,0.7088565
2024-01-07 20:00:00,/Volumes/Argus/unk/snap/c1/1704657600.c1.snap.jpg,0.621645
2024-01-07 20:30:00,/Volumes/Argus/unk/snap/c1/1704659400.c1.snap.jpg,0.5927423
2024-01-07 21:00:00,/Volumes/Argus/unk/snap/c1/1704661200.c1.snap.jpg,0.61224663
2024-01-07 21:30:00,/Volumes/Argus/unk/snap/c1/1704663000.c1.snap.jpg,0.64595336
2024-01-07 22:00:00,/Volumes/Argus/unk/snap/c1/1704664800.c1.snap.jpg,0.6270442
2024-01-07 22:30:00,/Volumes/Argus/unk/snap/c1/1704666600.c1.snap.jpg,0.60923743
2024-01-07 23:00:00,/Volumes/Argus/unk/snap/c1/1704668400.c1.snap.jpg,0.56443125
2024-01-07 23:30:00,/Volumes/Argus/unk/snap/c1/1704670200.c1.snap.jpg,0.5656501
2024-01-08 00:00:00,/Volumes/Argus/unk/snap/c1/1704672000.c1.snap.jpg,0.55339766
2024-01-08 00:30:00,/Volumes/Argus/unk/snap/c1/1704673800.c1.snap.jpg,0.635625
2024-01-08 01:00:00,/Volumes/Argus/unk/snap/c1/1704675600.c1.snap.jpg,0.94283366
2024-01-08 01:30:00,/Volumes/Argus/unk/snap/c1/1704677400.c1.snap.jpg,0.8181852
2024-01-08 02:00:00,/Volumes/Argus/unk/snap/c1/1704679200.c1.snap.jpg,0.7480501
2024-01-08 19:30:00,/Volumes/Argus/unk/snap/c1/1704742200.c1.snap.jpg,0.68470097
2024-01-08 20:00:00,/Volumes/Argus/unk/snap/c1/1704744000.c1.snap.jpg,0.7950202
2024-01-08 20:30:00,/Volumes/Argus/unk/snap/c1/1704745800.c1.snap.jpg,0.7129338
2024-01-08 21:00:00,/Volumes/Argus/unk/snap/c1/1704747600.c1.snap.jpg,0.67071223
2024-01-08 21:30:00,/Volumes/Argus/unk/snap/c1/1704749400.c1.snap.jpg,0.64971215
2024-01-08 22:00:00,/Volumes/Argus/unk/snap/c1/1704751200.c1.snap.jpg,0.6497862
2024-01-08 22:30:00,/Volumes/Argus/unk/snap/c1/1704753000.c1.snap.jpg,0.6590432
2024-01-08 23:00:00,/Volumes/Argus/unk/snap/c1/1704754800.c1.snap.jpg,0.6341938
2024-01-08 23:30:00,/Volumes/Argus/unk/snap/c1/1704756600.c1.snap.jpg,0.606897
2024-01-09 00:00:00,/Volumes/Argus/unk/snap/c1/1704758400.c1.snap.jpg,0.6147833
2024-01-09 00:30:00,/Volumes/Argus/unk/snap/c1/1704760200.c1.snap.jpg,0.60614276
2024-01-09 01:00:00,/Volumes/Argus/unk/snap/c1/1704762000.c1.snap.jpg,0.65191865
2024-01-09 01:30:00,/Volumes/Argus/unk/snap/c1/1704763800.c1.snap.jpg,0.61986697
2024-01-09 02:00:00,/Volumes/Argus/unk/snap/c1/1704765600.c1.snap.jpg,0.6213279
2024-01-19 23:30:00,/Volumes/Argus/unk/snap/c1/1705707000.c1.snap.jpg,1.0875436
2024-01-20 00:00:00,/Volumes/Argus/unk/snap/c1/1705708800.c1.snap.jpg,0.9782051
2024-01-20 00:30:00,/Volumes/Argus/unk/snap/c1/1705710600.c1.snap.jpg,0.8121176
2024-01-20 01:00:00,/Volumes/Argus/unk/snap/c1/1705712400.c1.snap.jpg,0.6408155
2024-01-20 01:30:00,/Volumes/Argus/unk/snap/c1/1705714200.c1.snap.jpg,0.64273155
2024-01-20 02:00:00,/Volumes/Argus/unk/snap/c1/1705716000.c1.snap.jpg,0.7023871
2024-01-20 02:30:00,/Volumes/Argus/unk/snap/c1/1705717800.c1.snap.jpg,0.7527063
2024-01-20 19:00:00,/Volumes/Argus/unk/snap/c1/1705777200.c1.snap.jpg,0.4720622
2024-01-20 19:30:00,/Volumes/Argus/unk/snap/c1/1705779000.c1.snap.jpg,0.6211334
2024-01-20 20:00:00,/Volumes/Argus/unk/snap/c1/1705780800.c1.snap.jpg,0.6444571
2024-01-20 20:30:00,/Volumes/Argus/unk/snap/c1/1705782600.c1.snap.jpg,0.76353496
2024-01-20 21:00:00,/Volumes/Argus/unk/snap/c1/1705784400.c1.snap.jpg,0.76837826
2024-01-20 21:30:00,/Volumes/Argus/unk/snap/c1/1705786200.c1.snap.jpg,0.71746683
2024-01-20 22:00:00,/Volumes/Argus/unk/snap/c1/1705788000.c1.snap.jpg,0.7074491
2024-01-20 22:30:00,/Volumes/Argus/unk/snap/c1/1705789800.c1.snap.jpg,0.7298454
2024-01-20 23:00:00,/Volumes/Argus/unk/snap/c1/1705791600.c1.snap.jpg,0.7410804
2024-01-20 23:30:00,/Volumes/Argus/unk/snap/c1/1705793400.c1.snap.jpg,0.8097815
2024-01-21 00:00:00,/Volumes/Argus/unk/snap/c1/1705795200.c1.snap.jpg,0.80186296
2024-01-21 00:30:00,/Volumes/Argus/unk/snap/c1/1705797000.c1.snap.jpg,0.75041676
2024-01-21 01:00:00,/Volumes/Argus/unk/snap/c1/1705798800.c1.snap.jpg,0.64856434
2024-01-21 02:30:00,/Volumes/Argus/unk/snap/c1/1705804200.c1.snap.jpg,0.6878567
2024-01-21 19:00:00,/Volumes/Argus/unk/snap/c1/1705863600.c1.snap.jpg,0.44885883
2024-01-21 19:30:00,/Volumes/Argus/unk/snap/c1/1705865400.c1.snap.jpg,0.6260549
2024-01-21 20:00:00,/Volumes/Argus/unk/snap/c1/1705867200.c1.snap.jpg,0.7105963
2024-01-21 20:30:00,/Volumes/Argus/unk/snap/c1/1705869000.c1.snap.jpg,0.9959872
2024-01-21 21:00:00,/Volumes/Argus/unk/snap/c1/1705870800.c1.snap.jpg,0.77240276
2024-01-21 21:30:00,/Volumes/Argus/unk/snap/c1/1705872600.c1.snap.jpg,0.6905743
2024-01-21 22:00:00,/Volumes/Argus/unk/snap/c1/1705874400.c1.snap.jpg,0.67575324
2024-01-21 22:30:00,/Volumes/Argus/unk/snap/c1/1705876200.c1.snap.jpg,0.71591413
2024-01-21 23:00:00,/Volumes/Argus/unk/snap/c1/1705878000.c1.snap.jpg,0.76103467
2024-01-21 23:30:00,/Volumes/Argus/unk/snap/c1/1705879800.c1.snap.jpg,0.7784997
2024-01-22 00:00:00,/Volumes/Argus/unk/snap/c1/1705881600.c1.snap.jpg,0.73155683
2024-01-22 00:30:00,/Volumes/Argus/unk/snap/c1/1705883400.c1.snap.jpg,0.7168722
2024-01-22 01:00:00,/Volumes/Argus/unk/snap/c1/1705885200.c1.snap.jpg,0.65622187
2024-01-22 01:30:00,/Volumes/Argus/unk/snap/c1/1705887000.c1.snap.jpg,0.6113213
2024-01-22 19:00:00,/Volumes/Argus/unk/snap/c1/1705950000.c1.snap.jpg,0.39048886
2024-01-22 19:30:00,/Volumes/Argus/unk/snap/c1/1705951800.c1.snap.jpg,0.6314761
2024-01-22 20:00:00,/Volumes/Argus/unk/snap/c1/1705953600.c1.snap.jpg,0.71999955
2024-01-22 20:30:00,/Volumes/Argus/unk/snap/c1/1705955400.c1.snap.jpg,0.8127447
2024-01-22 21:00:00,/Volumes/Argus/unk/snap/c1/1705957200.c1.snap.jpg,0.7249574
2024-01-22 21:30:00,/Volumes/Argus/unk/snap/c1/1705959000.c1.snap.jpg,0.6898335
2024-01-22 22:00:00,/Volumes/Argus/unk/snap/c1/1705960800.c1.snap.jpg,0.70920825
2024-01-22 22:30:00,/Volumes/Argus/unk/snap/c1/1705962600.c1.snap.jpg,0.7590109
2024-01-22 23:00:00,/Volumes/Argus/unk/snap/c1/1705964400.c1.snap.jpg,0.79048914
2024-01-22 23:30:00,/Volumes/Argus/unk/snap/c1/1705966200.c1.snap.jpg,0.87120783
2024-01-23 00:00:00,/Volumes/Argus/unk/snap/c1/1705968000.c1.snap.jpg,0.8614792
2024-01-23 00:30:00,/Volumes/Argus/unk/snap/c1/1705969800.c1.snap.jpg,0.7248241
2024-01-23 01:00:00,/Volumes/Argus/unk/snap/c1/1705971600.c1.snap.jpg,0.6215472
2024-01-23 01:30:00,/Volumes/Argus/unk/snap/c1/1705973400.c1.snap.jpg,0.6303196
2024-01-23 02:30:00,/Volumes/Argus/unk/snap/c1/1705977000.c1.snap.jpg,0.5969298
2024-01-23 19:00:00,/Volumes/Argus/unk/snap/c1/1706036400.c1.snap.jpg,0.90973043
2024-01-23 19:30:00,/Volumes/Argus/unk/snap/c1/1706038200.c1.snap.jpg,0.7731383
2024-01-23 20:00:00,/Volumes/Argus/unk/snap/c1/1706040000.c1.snap.jpg,0.76131755
2024-01-23 20:30:00,/Volumes/Argus/unk/snap/c1/1706041800.c1.snap.jpg,0.7737174
2024-01-23 21:00:00,/Volumes/Argus/unk/snap/c1/1706043600.c1.snap.jpg,0.72831213
2024-01-23 21:30:00,/Volumes/Argus/unk/snap/c1/1706045400.c1.snap.jpg,0.71267426
2024-01-23 22:00:00,/Volumes/Argus/unk/snap/c1/1706047200.c1.snap.jpg,0.76172173
2024-01-23 22:30:00,/Volumes/Argus/unk/snap/c1/1706049000.c1.snap.jpg,0.73435223
2024-01-23 23:00:00,/Volumes/Argus/unk/snap/c1/1706050800.c1.snap.jpg,0.758947
2024-01-23 23:30:00,/Volumes/Argus/unk/snap/c1/1706052600.c1.snap.jpg,0.766252
2024-01-24 00:00:00,/Volumes/Argus/unk/snap/c1/1706054400.c1.snap.jpg,0.72536445
2024-01-24 00:30:00,/Volumes/Argus/unk/snap/c1/1706056200.c1.snap.jpg,0.72905225
2024-01-24 01:00:00,/Volumes/Argus/unk/snap/c1/1706058000.c1.snap.jpg,0.7407435
2024-01-24 01:30:00,/Volumes/Argus/unk/snap/c1/1706059800.c1.snap.jpg,0.7665453
2024-01-24 02:00:00,/Volumes/Argus/unk/snap/c1/1706061600.c1.snap.jpg,0.7574508
2024-01-24 02:30:00,/Volumes/Argus/unk/snap/c1/1706063400.c1.snap.jpg,0.7570385
2024-01-24 19:30:00,/Volumes/Argus/unk/snap/c1/1706124600.c1.snap.jpg,0.8949659
2024-01-24 20:00:00,/Volumes/Argus/unk/snap/c1/1706126400.c1.snap.jpg,0.83382773
2024-01-24 20:30:00,/Volumes/Argus/unk/snap/c1/1706128200.c1.snap.jpg,0.8153733
2024-01-24 21:00:00,/Volumes/Argus/unk/snap/c1/1706130000.c1.snap.jpg,0.836198
2024-01-24 21:30:00,/Volumes/Argus/unk/snap/c1/1706131800.c1.snap.jpg,0.7617236
2024-01-24 22:00:00,/Volumes/Argus/unk/snap/c1/1706133600.c1.snap.jpg,0.7733717
2024-01-24 22:30:00,/Volumes/Argus/unk/snap/c1/1706135400.c1.snap.jpg,0.78895974
2024-01-24 23:00:00,/Volumes/Argus/unk/snap/c1/1706137200.c1.snap.jpg,0.77394104
2024-01-24 23:30:00,/Volumes/Argus/unk/snap/c1/1706139000.c1.snap.jpg,0.63531005
2024-01-25 00:00:00,/Volumes/Argus/unk/snap/c1/1706140800.c1.snap.jpg,0.7789097
2024-01-25 00:30:00,/Volumes/Argus/unk/snap/c1/1706142600.c1.snap.jpg,0.7026169
2024-01-25 01:00:00,/Volumes/Argus/unk/snap/c1/1706144400.c1.snap.jpg,0.7086092
2024-01-25 01:30:00,/Volumes/Argus/unk/snap/c1/1706146200.c1.snap.jpg,0.59728634
2024-01-25 02:00:00,/Volumes/Argus/unk/snap/c1/1706148000.c1.snap.jpg,0.59193414
2024-01-25 02:30:00,/Volumes/Argus/unk/snap/c1/1706149800.c1.snap.jpg,0.5663866
2024-01-25 03:00:00,/Volumes/Argus/unk/snap/c1/1706151600.c1.snap.jpg,0.80298686
2024-01-25 19:30:00,/Volumes/Argus/unk/snap/c1/1706211000.c1.snap.jpg,0.890995
2024-01-25 20:00:00,/Volumes/Argus/unk/snap/c1/1706212800.c1.snap.jpg,0.84871316
2024-01-25 20:30:00,/Volumes/Argus/unk/snap/c1/1706214600.c1.snap.jpg,0.7292666
2024-01-25 21:00:00,/Volumes/Argus/unk/snap/c1/1706216400.c1.snap.jpg,0.82481164
2024-01-25 21:30:00,/Volumes/Argus/unk/snap/c1/1706218200.c1.snap.jpg,0.7634798
2024-01-25 22:00:00,/Volumes/Argus/unk/snap/c1/1706220000.c1.snap.jpg,0.68623084
2024-01-25 22:30:00,/Volumes/Argus/unk/snap/c1/1706221800.c1.snap.jpg,0.64828634
2024-01-25 23:30:00,/Volumes/Argus/unk/snap/c1/1706225400.c1.snap.jpg,0.67242193
2024-01-26 00:30:00,/Volumes/Argus/unk/snap/c1/1706229000.c1.snap.jpg,0.84220225
2024-01-26 01:00:00,/Volumes/Argus/unk/snap/c1/1706230800.c1.snap.jpg,0.8535559
2024-01-26 02:00:00,/Volumes/Argus/unk/snap/c1/1706234400.c1.snap.jpg,0.97617984
2024-01-26 03:00:00,/Volumes/Argus/unk/snap/c1/1706238000.c1.snap.jpg,0.9852627
2024-01-26 19:00:00,/Volumes/Argus/unk/snap/c1/1706295600.c1.snap.jpg,0.86844593
2024-01-26 19:30:00,/Volumes/Argus/unk/snap/c1/1706297400.c1.snap.jpg,0.7599455
2024-01-26 20:00:00,/Volumes/Argus/unk/snap/c1/1706299200.c1.snap.jpg,0.70172733
2024-01-26 20:30:00,/Volumes/Argus/unk/snap/c1/1706301000.c1.snap.jpg,0.74275386
2024-01-26 21:00:00,/Volumes/Argus/unk/snap/c1/1706302800.c1.snap.jpg,0.79194546
2024-01-26 21:30:00,/Volumes/Argus/unk/snap/c1/1706304600.c1.snap.jpg,0.69754434
2024-01-26 22:00:00,/Volumes/Argus/unk/snap/c1/1706306400.c1.snap.jpg,0.70287067
2024-01-26 22:30:00,/Volumes/Argus/unk/snap/c1/1706308200.c1.snap.jpg,0.6966057
2024-01-26 23:00:00,/Volumes/Argus/unk/snap/c1/1706310000.c1.snap.jpg,0.6708838
2024-01-26 23:30:00,/Volumes/Argus/unk/snap/c1/1706311800.c1.snap.jpg,0.669329
2024-01-27 00:00:00,/Volumes/Argus/unk/snap/c1/1706313600.c1.snap.jpg,0.8444437
2024-01-27 00:30:00,/Volumes/Argus/unk/snap/c1/1706315400.c1.snap.jpg,0.8936577
2024-01-27 01:00:00,/Volumes/Argus/unk/snap/c1/1706317200.c1.snap.jpg,0.92388964
2024-01-27 01:30:00,/Volumes/Argus/unk/snap/c1/1706319000.c1.snap.jpg,0.87635815
2024-01-27 02:00:00,/Volumes/Argus/unk/snap/c1/1706320800.c1.snap.jpg,0.91918457
2024-01-27 02:30:00,/Volumes/Argus/unk/snap/c1/1706322600.c1.snap.jpg,0.9193301
2024-01-27 03:00:00,/Volumes/Argus/unk/snap/c1/1706324400.c1.snap.jpg,0.87893414
2024-01-27 19:00:00,/Volumes/Argus/unk/snap/c1/1706382000.c1.snap.jpg,0.7246776
2024-01-27 19:30:00,/Volumes/Argus/unk/snap/c1/1706383800.c1.snap.jpg,0.71056694
2024-01-27 20:00:00,/Volumes/Argus/unk/snap/c1/1706385600.c1.snap.jpg,0.76059705
2024-01-27 20:30:00,/Volumes/Argus/unk/snap/c1/1706387400.c1.snap.jpg,0.70616966
2024-01-27 21:30:00,/Volumes/Argus/unk/snap/c1/1706391000.c1.snap.jpg,0.80455637
2024-01-27 22:00:00,/Volumes/Argus/unk/snap/c1/1706392800.c1.snap.jpg,0.6121545
2024-01-27 22:30:00,/Volumes/Argus/unk/snap/c1/1706394600.c1.snap.jpg,0.679219
2024-01-27 23:00:00,/Volumes/Argus/unk/snap/c1/1706396400.c1.snap.jpg,0.7107015
2024-01-27 23:30:00,/Volumes/Argus/unk/snap/c1/1706398200.c1.snap.jpg,0.6946616
2024-01-28 00:00:00,/Volumes/Argus/unk/snap/c1/1706400000.c1.snap.jpg,0.8273834
2024-01-28 00:30:00,/Volumes/Argus/unk/snap/c1/1706401800.c1.snap.jpg,0.96373177
2024-01-28 01:00:00,/Volumes/Argus/unk/snap/c1/1706403600.c1.snap.jpg,0.9067373
2024-01-28 01:30:00,/Volumes/Argus/unk/snap/c1/1706405400.c1.snap.jpg,0.87652034
2024-01-28 02:00:00,/Volumes/Argus/unk/snap/c1/1706407200.c1.snap.jpg,0.8199579
2024-01-28 02:30:00,/Volumes/Argus/unk/snap/c1/1706409000.c1.snap.jpg,0.9189464
2024-01-28 03:00:00,/Volumes/Argus/unk/snap/c1/1706410800.c1.snap.jpg,0.9701411
2024-01-28 19:00:00,/Volumes/Argus/unk/snap/c1/1706468400.c1.snap.jpg,0.92061436
2024-01-28 19:30:00,/Volumes/Argus/unk/snap/c1/1706470200.c1.snap.jpg,0.6815721
2024-01-28 20:00:00,/Volumes/Argus/unk/snap/c1/1706472000.c1.snap.jpg,0.6416074
2024-01-28 20:30:00,/Volumes/Argus/unk/snap/c1/1706473800.c1.snap.jpg,0.91900194
2024-01-28 21:00:00,/Volumes/Argus/unk/snap/c1/1706475600.c1.snap.jpg,0.66386974
2024-01-28 21:30:00,/Volumes/Argus/unk/snap/c1/1706477400.c1.snap.jpg,0.6669991
2024-01-28 22:30:00,/Volumes/Argus/unk/snap/c1/1706481000.c1.snap.jpg,0.68685985
2024-01-28 23:00:00,/Volumes/Argus/unk/snap/c1/1706482800.c1.snap.jpg,0.65720755
2024-01-28 23:30:00,/Volumes/Argus/unk/snap/c1/1706484600.c1.snap.jpg,0.6542785
2024-01-29 00:00:00,/Volumes/Argus/unk/snap/c1/1706486400.c1.snap.jpg,0.7268318
2024-01-29 00:30:00,/Volumes/Argus/unk/snap/c1/1706488200.c1.snap.jpg,0.8446026
2024-01-29 01:00:00,/Volumes/Argus/unk/snap/c1/1706490000.c1.snap.jpg,0.8730705
2024-01-29 01:30:00,/Volumes/Argus/unk/snap/c1/1706491800.c1.snap.jpg,0.8215822
2024-01-29 02:00:00,/Volumes/Argus/unk/snap/c1/1706493600.c1.snap.jpg,0.8575771
2024-01-29 02:30:00,/Volumes/Argus/unk/snap/c1/1706495400.c1.snap.jpg,0.8967971
2024-01-29 03:00:00,/Volumes/Argus/unk/snap/c1/1706497200.c1.snap.jpg,0.94990075
2024-01-29 19:00:00,/Volumes/Argus/unk/snap/c1/1706554800.c1.snap.jpg,0.43784562
2024-01-29 19:30:00,/Volumes/Argus/unk/snap/c1/1706556600.c1.snap.jpg,0.39033478
2024-01-29 20:00:00,/Volumes/Argus/unk/snap/c1/1706558400.c1.snap.jpg,0.7045732
2024-01-29 20:30:00,/Volumes/Argus/unk/snap/c1/1706560200.c1.snap.jpg,0.6410565
2024-01-29 21:00:00,/Volumes/Argus/unk/snap/c1/1706562000.c1.snap.jpg,0.35907102
2024-01-29 21:30:00,/Volumes/Argus/unk/snap/c1/1706563800.c1.snap.jpg,0.5065856
2024-01-29 22:00:00,/Volumes/Argus/unk/snap/c1/1706565600.c1.snap.jpg,0.46790662
2024-01-29 22:30:00,/Volumes/Argus/unk/snap/c1/1706567400.c1.snap.jpg,0.5189733
2024-01-29 23:00:00,/Volumes/Argus/unk/snap/c1/1706569200.c1.snap.jpg,0.6379855
2024-01-29 23:30:00,/Volumes/Argus/unk/snap/c1/1706571000.c1.snap.jpg,0.67934334
2024-01-30 00:00:00,/Volumes/Argus/unk/snap/c1/1706572800.c1.snap.jpg,0.7415109
2024-01-30 00:30:00,/Volumes/Argus/unk/snap/c1/1706574600.c1.snap.jpg,0.8659741
2024-01-30 01:00:00,/Volumes/Argus/unk/snap/c1/1706576400.c1.snap.jpg,0.8874539
2024-01-30 02:30:00,/Volumes/Argus/unk/snap/c1/1706581800.c1.snap.jpg,0.941666
2024-01-30 03:00:00,/Volumes/Argus/unk/snap/c1/1706583600.c1.snap.jpg,0.97118604
2024-01-30 19:00:00,/Volumes/Argus/unk/snap/c1/1706641200.c1.snap.jpg,0.8215105
2024-01-30 19:30:00,/Volumes/Argus/unk/snap/c1/1706643000.c1.snap.jpg,0.7167504
2024-01-30 20:00:00,/Volumes/Argus/unk/snap/c1/1706644800.c1.snap.jpg,0.6206121
2024-01-30 20:30:00,/Volumes/Argus/unk/snap/c1/1706646600.c1.snap.jpg,0.7161314
2024-01-30 21:00:00,/Volumes/Argus/unk/snap/c1/1706648400.c1.snap.jpg,0.69741863
2024-01-30 21:30:00,/Volumes/Argus/unk/snap/c1/1706650200.c1.snap.jpg,0.63408107
2024-01-30 22:00:00,/Volumes/Argus/unk/snap/c1/1706652000.c1.snap.jpg,0.62202626
2024-01-30 22:30:00,/Volumes/Argus/unk/snap/c1/1706653800.c1.snap.jpg,0.66334903
2024-01-30 23:00:00,/Volumes/Argus/unk/snap/c1/1706655600.c1.snap.jpg,0.6445769
2024-01-30 23:30:00,/Volumes/Argus/unk/snap/c1/1706657400.c1.snap.jpg,0.59604096
2024-01-31 00:00:00,/Volumes/Argus/unk/snap/c1/1706659200.c1.snap.jpg,0.6708954
2024-01-31 00:30:00,/Volumes/Argus/unk/snap/c1/1706661000.c1.snap.jpg,0.781302
2024-01-31 01:00:00,/Volumes/Argus/unk/snap/c1/1706662800.c1.snap.jpg,0.7759473
2024-01-31 02:00:00,/Volumes/Argus/unk/snap/c1/1706666400.c1.snap.jpg,0.897965
2024-01-31 02:30:00,/Volumes/Argus/unk/snap/c1/1706668200.c1.snap.jpg,0.9783895
2024-01-31 03:00:00,/Volumes/Argus/unk/snap/c1/1706670000.c1.snap.jpg,1.0143158
2024-01-31 19:00:00,/Volumes/Argus/unk/snap/c1/1706727600.c1.snap.jpg,0.73355603
2024-01-31 19:30:00,/Volumes/Argus/unk/snap/c1/1706729400.c1.snap.jpg,0.7709201
2024-01-31 20:00:00,/Volumes/Argus/unk/snap/c1/1706731200.c1.snap.jpg,0.8187982
2024-01-31 20:30:00,/Volumes/Argus/unk/snap/c1/1706733000.c1.snap.jpg,0.8409153
2024-01-31 21:00:00,/Volumes/Argus/unk/snap/c1/1706734800.c1.snap.jpg,1.110673
2024-01-31 21:30:00,/Volumes/Argus/unk/snap/c1/1706736600.c1.snap.jpg,1.1071131
2024-01-31 22:00:00,/Volumes/Argus/unk/snap/c1/1706738400.c1.snap.jpg,0.7380522
2024-01-31 22:30:00,/Volumes/Argus/unk/snap/c1/1706740200.c1.snap.jpg,0.70144045
2024-01-31 23:00:00,/Volumes/Argus/unk/snap/c1/1706742000.c1.snap.jpg,0.7512454
2024-01-31 23:30:00,/Volumes/Argus/unk/snap/c1/1706743800.c1.snap.jpg,0.75420463
2024-02-01 00:00:00,/Volumes/Argus/unk/snap/c1/1706745600.c1.snap.jpg,0.8617181
2024-02-01 00:30:00,/Volumes/Argus/unk/snap/c1/1706747400.c1.snap.jpg,1.0904622
2024-02-01 01:00:00,/Volumes/Argus/unk/snap/c1/1706749200.c1.snap.jpg,1.1130215
2024-02-01 02:30:00,/Volumes/Argus/unk/snap/c1/1706754600.c1.snap.jpg,0.9312959
2024-02-01 03:00:00,/Volumes/Argus/unk/snap/c1/1706756400.c1.snap.jpg,0.9082898
2024-02-01 19:00:00,/Volumes/Argus/unk/snap/c1/1706814000.c1.snap.jpg,0.59641355
2024-02-01 19:30:00,/Volumes/Argus/unk/snap/c1/1706815800.c1.snap.jpg,1.0987498
2024-02-01 20:00:00,/Volumes/Argus/unk/snap/c1/1706817600.c1.snap.jpg,1.2533072
2024-02-01 20:30:00,/Volumes/Argus/unk/snap/c1/1706819400.c1.snap.jpg,0.9864217
2024-02-01 21:00:00,/Volumes/Argus/unk/snap/c1/1706821200.c1.snap.jpg,1.1704267
2024-02-01 21:30:00,/Volumes/Argus/unk/snap/c1/1706823000.c1.snap.jpg,1.1594095
2024-02-01 22:00:00,/Volumes/Argus/unk/snap/c1/1706824800.c1.snap.jpg,1.0751758
2024-02-01 22:30:00,/Volumes/Argus/unk/snap/c1/1706826600.c1.snap.jpg,1.105708
2024-02-01 23:00:00,/Volumes/Argus/unk/snap/c1/1706828400.c1.snap.jpg,1.094588
2024-02-01 23:30:00,/Volumes/Argus/unk/snap/c1/1706830200.c1.snap.jpg,0.9798058
2024-02-02 00:00:00,/Volumes/Argus/unk/snap/c1/1706832000.c1.snap.jpg,1.097344
2024-02-02 00:30:00,/Volumes/Argus/unk/snap/c1/1706833800.c1.snap.jpg,1.1109066
2024-02-02 01:00:00,/Volumes/Argus/unk/snap/c1/1706835600.c1.snap.jpg,1.1329995
2024-02-02 02:00:00,/Volumes/Argus/unk/snap/c1/1706839200.c1.snap.jpg,0.71433413
2024-02-02 02:30:00,/Volumes/Argus/unk/snap/c1/1706841000.c1.snap.jpg,0.6914371
2024-02-02 03:00:00,/Volumes/Argus/unk/snap/c1/1706842800.c1.snap.jpg,0.73848
2024-02-02 18:30:00,/Volumes/Argus/unk/snap/c1/1706898600.c1.snap.jpg,0.5555302
2024-02-02 19:00:00,/Volumes/Argus/unk/snap/c1/1706900400.c1.snap.jpg,0.6945095
2024-02-02 19:30:00,/Volumes/Argus/unk/snap/c1/1706902200.c1.snap.jpg,1.1381211
2024-02-02 20:00:00,/Volumes/Argus/unk/snap/c1/1706904000.c1.snap.jpg,1.2460799
2024-02-02 20:30:00,/Volumes/Argus/unk/snap/c1/1706905800.c1.snap.jpg,1.1292744
2024-02-02 21:00:00,/Volumes/Argus/unk/snap/c1/1706907600.c1.snap.jpg,1.1744858
2024-02-02 21:30:00,/Volumes/Argus/unk/snap/c1/1706909400.c1.snap.jpg,1.1485299
2024-02-02 22:00:00,/Volumes/Argus/unk/snap/c1/1706911200.c1.snap.jpg,0.8985727
2024-02-02 22:30:00,/Volumes/Argus/unk/snap/c1/1706913000.c1.snap.jpg,0.9902133
2024-02-02 23:00:00,/Volumes/Argus/unk/snap/c1/1706914800.c1.snap.jpg,1.119881
2024-02-02 23:30:00,/Volumes/Argus/unk/snap/c1/1706916600.c1.snap.jpg,1.0427687
2024-02-03 00:00:00,/Volumes/Argus/unk/snap/c1/1706918400.c1.snap.jpg,1.1151085
2024-02-03 00:30:00,/Volumes/Argus/unk/snap/c1/1706920200.c1.snap.jpg,1.1155596
2024-02-03 01:00:00,/Volumes/Argus/unk/snap/c1/1706922000.c1.snap.jpg,1.1064315
2024-02-03 01:30:00,/Volumes/Argus/unk/snap/c1/1706923800.c1.snap.jpg,0.7757071
2024-02-03 02:00:00,/Volumes/Argus/unk/snap/c1/1706925600.c1.snap.jpg,0.68128633
2024-02-03 02:30:00,/Volumes/Argus/unk/snap/c1/1706927400.c1.snap.jpg,0.7125086
2024-02-03 03:00:00,/Volumes/Argus/unk/snap/c1/1706929200.c1.snap.jpg,0.70818985
2024-02-03 18:30:00,/Volumes/Argus/unk/snap/c1/1706985000.c1.snap.jpg,0.57358146
2024-02-03 19:00:00,/Volumes/Argus/unk/snap/c1/1706986800.c1.snap.jpg,0.61466783
2024-02-03 19:30:00,/Volumes/Argus/unk/snap/c1/1706988600.c1.snap.jpg,1.1254859
2024-02-03 20:00:00,/Volumes/Argus/unk/snap/c1/1706990400.c1.snap.jpg,1.2344233
2024-02-03 20:30:00,/Volumes/Argus/unk/snap/c1/1706992200.c1.snap.jpg,1.1583297
2024-02-03 21:00:00,/Volumes/Argus/unk/snap/c1/1706994000.c1.snap.jpg,1.1473918
2024-02-03 21:30:00,/Volumes/Argus/unk/snap/c1/1706995800.c1.snap.jpg,1.1423577
2024-02-03 22:00:00,/Volumes/Argus/unk/snap/c1/1706997600.c1.snap.jpg,0.8513932
2024-02-03 22:30:00,/Volumes/Argus/unk/snap/c1/1706999400.c1.snap.jpg,0.77723455
2024-02-03 23:00:00,/Volumes/Argus/unk/snap/c1/1707001200.c1.snap.jpg,1.0566286
2024-02-03 23:30:00,/Volumes/Argus/unk/snap/c1/1707003000.c1.snap.jpg,1.0488116
2024-02-04 00:00:00,/Volumes/Argus/unk/snap/c1/1707004800.c1.snap.jpg,1.0776572
2024-02-04 00:30:00,/Volumes/Argus/unk/snap/c1/1707006600.c1.snap.jpg,1.1051064
2024-02-04 01:00:00,/Volumes/Argus/unk/snap/c1/1707008400.c1.snap.jpg,0.70347905
2024-02-04 01:30:00,/Volumes/Argus/unk/snap/c1/1707010200.c1.snap.jpg,0.907119
2024-02-04 02:00:00,/Volumes/Argus/unk/snap/c1/1707012000.c1.snap.jpg,0.8770769
2024-02-04 02:30:00,/Volumes/Argus/unk/snap/c1/1707013800.c1.snap.jpg,0.7322769
2024-02-04 03:00:00,/Volumes/Argus/unk/snap/c1/1707015600.c1.snap.jpg,0.8725733
2024-02-05 19:00:00,/Volumes/Argus/unk/snap/c1/1707159600.c1.snap.jpg,0.70953465
2024-02-05 19:30:00,/Volumes/Argus/unk/snap/c1/1707161400.c1.snap.jpg,0.72172004
2024-02-05 20:00:00,/Volumes/Argus/unk/snap/c1/1707163200.c1.snap.jpg,0.71624905
2024-02-05 20:30:00,/Volumes/Argus/unk/snap/c1/1707165000.c1.snap.jpg,0.7476852
2024-02-05 21:00:00,/Volumes/Argus/unk/snap/c1/1707166800.c1.snap.jpg,1.0650338
2024-02-05 21:30:00,/Volumes/Argus/unk/snap/c1/1707168600.c1.snap.jpg,0.8336507
2024-02-05 22:00:00,/Volumes/Argus/unk/snap/c1/1707170400.c1.snap.jpg,0.82680655
2024-02-05 22:30:00,/Volumes/Argus/unk/snap/c1/1707172200.c1.snap.jpg,0.87272227
2024-02-05 23:00:00,/Volumes/Argus/unk/snap/c1/1707174000.c1.snap.jpg,0.71095365
2024-02-06 00:00:00,/Volumes/Argus/unk/snap/c1/1707177600.c1.snap.jpg,0.85468996
2024-02-06 00:30:00,/Volumes/Argus/unk/snap/c1/1707179400.c1.snap.jpg,0.85601914
2024-02-06 01:00:00,/Volumes/Argus/unk/snap/c1/1707181200.c1.snap.jpg,0.85579294
2024-02-06 03:00:00,/Volumes/Argus/unk/snap/c1/1707188400.c1.snap.jpg,0.8020386
2024-02-06 03:30:00,/Volumes/Argus/unk/snap/c1/1707190200.c1.snap.jpg,0.8364889
2024-02-06 18:30:00,/Volumes/Argus/unk/snap/c1/1707244200.c1.snap.jpg,0.7216146
2024-02-06 19:00:00,/Volumes/Argus/unk/snap/c1/1707246000.c1.snap.jpg,0.735029
2024-02-06 19:30:00,/Volumes/Argus/unk/snap/c1/1707247800.c1.snap.jpg,0.8704312
2024-02-06 20:00:00,/Volumes/Argus/unk/snap/c1/1707249600.c1.snap.jpg,0.6930796
2024-02-06 20:30:00,/Volumes/Argus/unk/snap/c1/1707251400.c1.snap.jpg,0.78620183
2024-02-06 21:00:00,/Volumes/Argus/unk/snap/c1/1707253200.c1.snap.jpg,1.1853547
2024-02-06 21:30:00,/Volumes/Argus/unk/snap/c1/1707255000.c1.snap.jpg,0.9262352
2024-02-06 22:00:00,/Volumes/Argus/unk/snap/c1/1707256800.c1.snap.jpg,0.7680915
2024-02-06 23:30:00,/Volumes/Argus/unk/snap/c1/1707262200.c1.snap.jpg,0.846902
2024-02-07 00:30:00,/Volumes/Argus/unk/snap/c1/1707265800.c1.snap.jpg,0.7255435
2024-02-07 01:00:00,/Volumes/Argus/unk/snap/c1/1707267600.c1.snap.jpg,0.5832264
2024-02-07 01:30:00,/Volumes/Argus/unk/snap/c1/1707269400.c1.snap.jpg,0.61415166
2024-02-07 02:00:00,/Volumes/Argus/unk/snap/c1/1707271200.c1.snap.jpg,0.606226
2024-02-07 02:30:00,/Volumes/Argus/unk/snap/c1/1707273000.c1.snap.jpg,0.49180174
2024-02-07 03:00:00,/Volumes/Argus/unk/snap/c1/1707274800.c1.snap.jpg,0.46767482
2024-02-07 03:30:00,/Volumes/Argus/unk/snap/c1/1707276600.c1.snap.jpg,0.4676869
2024-02-07 19:00:00,/Volumes/Argus/unk/snap/c1/1707332400.c1.snap.jpg,0.7868459
2024-02-07 19:30:00,/Volumes/Argus/unk/snap/c1/1707334200.c1.snap.jpg,1.0404428
2024-02-07 20:00:00,/Volumes/Argus/unk/snap/c1/1707336000.c1.snap.jpg,0.91109204
2024-02-07 20:30:00,/Volumes/Argus/unk/snap/c1/1707337800.c1.snap.jpg,0.75062054
2024-02-07 21:00:00,/Volumes/Argus/unk/snap/c1/1707339600.c1.snap.jpg,0.84229624
2024-02-07 22:00:00,/Volumes/Argus/unk/snap/c1/1707343200.c1.snap.jpg,0.6857996
2024-02-07 23:00:00,/Volumes/Argus/unk/snap/c1/1707346800.c1.snap.jpg,0.6211988
2024-02-07 23:30:00,/Volumes/Argus/unk/snap/c1/1707348600.c1.snap.jpg,0.7571144
2024-02-08 00:00:00,/Volumes/Argus/unk/snap/c1/1707350400.c1.snap.jpg,1.1799362
2024-02-08 00:30:00,/Volumes/Argus/unk/snap/c1/1707352200.c1.snap.jpg,1.1133533
2024-02-08 01:00:00,/Volumes/Argus/unk/snap/c1/1707354000.c1.snap.jpg,0.80913484
2024-02-08 02:30:00,/Volumes/Argus/unk/snap/c1/1707359400.c1.snap.jpg,0.8076547
2024-02-08 03:30:00,/Volumes/Argus/unk/snap/c1/1707363000.c1.snap.jpg,0.860598
2024-02-09 01:00:00,/Volumes/Argus/unk/snap/c1/1707440400.c1.snap.jpg,0.8218791
2024-02-09 01:30:00,/Volumes/Argus/unk/snap/c1/1707442200.c1.snap.jpg,0.90812206
2024-02-09 02:00:00,/Volumes/Argus/unk/snap/c1/1707444000.c1.snap.jpg,0.78652513
2024-02-09 03:00:00,/Volumes/Argus/unk/snap/c1/1707447600.c1.snap.jpg,1.2223608
2024-02-09 03:30:00,/Volumes/Argus/unk/snap/c1/1707449400.c1.snap.jpg,1.1404613
2024-02-09 18:30:00,/Volumes/Argus/unk/snap/c1/1707503400.c1.snap.jpg,0.8444418
2024-02-09 19:00:00,/Volumes/Argus/unk/snap/c1/1707505200.c1.snap.jpg,0.75953156
2024-02-09 20:00:00,/Volumes/Argus/unk/snap/c1/1707508800.c1.snap.jpg,0.73678756
2024-02-09 20:30:00,/Volumes/Argus/unk/snap/c1/1707510600.c1.snap.jpg,0.8392886
2024-02-09 21:00:00,/Volumes/Argus/unk/snap/c1/1707512400.c1.snap.jpg,0.7493999
2024-02-09 21:30:00,/Volumes/Argus/unk/snap/c1/1707514200.c1.snap.jpg,1.1299262
2024-02-09 22:00:00,/Volumes/Argus/unk/snap/c1/1707516000.c1.snap.jpg,0.86054575
2024-02-09 22:30:00,/Volumes/Argus/unk/snap/c1/1707517800.c1.snap.jpg,0.8456885
2024-02-09 23:00:00,/Volumes/Argus/unk/snap/c1/1707519600.c1.snap.jpg,0.8427917
2024-02-09 23:30:00,/Volumes/Argus/unk/snap/c1/1707521400.c1.snap.jpg,0.783842
2024-02-10 00:00:00,/Volumes/Argus/unk/snap/c1/1707523200.c1.snap.jpg,0.80401146
2024-02-10 00:30:00,/Volumes/Argus/unk/snap/c1/1707525000.c1.snap.jpg,1.135134
2024-02-10 01:00:00,/Volumes/Argus/unk/snap/c1/1707526800.c1.snap.jpg,1.1245995
2024-02-10 01:30:00,/Volumes/Argus/unk/snap/c1/1707528600.c1.snap.jpg,1.1394492
2024-02-10 02:00:00,/Volumes/Argus/unk/snap/c1/1707530400.c1.snap.jpg,1.0224478
2024-02-10 02:30:00,/Volumes/Argus/unk/snap/c1/1707532200.c1.snap.jpg,0.90308654
2024-02-10 03:00:00,/Volumes/Argus/unk/snap/c1/1707534000.c1.snap.jpg,0.82588494
2024-02-10 03:30:00,/Volumes/Argus/unk/snap/c1/1707535800.c1.snap.jpg,0.77818465
2024-02-10 18:30:00,/Volumes/Argus/unk/snap/c1/1707589800.c1.snap.jpg,0.67890704
2024-02-10 19:00:00,/Volumes/Argus/unk/snap/c1/1707591600.c1.snap.jpg,0.655166
2024-02-10 19:30:00,/Volumes/Argus/unk/snap/c1/1707593400.c1.snap.jpg,0.68700117
2024-02-10 20:00:00,/Volumes/Argus/unk/snap/c1/1707595200.c1.snap.jpg,0.83004826
2024-02-10 20:30:00,/Volumes/Argus/unk/snap/c1/1707597000.c1.snap.jpg,0.63514656
2024-02-10 21:00:00,/Volumes/Argus/unk/snap/c1/1707598800.c1.snap.jpg,0.5406381
2024-02-10 21:30:00,/Volumes/Argus/unk/snap/c1/1707600600.c1.snap.jpg,0.68683255
2024-02-10 22:00:00,/Volumes/Argus/unk/snap/c1/1707602400.c1.snap.jpg,0.8171064
2024-02-10 22:30:00,/Volumes/Argus/unk/snap/c1/1707604200.c1.snap.jpg,0.68625724
2024-02-10 23:00:00,/Volumes/Argus/unk/snap/c1/1707606000.c1.snap.jpg,0.7137674
2024-02-10 23:30:00,/Volumes/Argus/unk/snap/c1/1707607800.c1.snap.jpg,0.75984013
2024-02-11 00:00:00,/Volumes/Argus/unk/snap/c1/1707609600.c1.snap.jpg,0.78832424
2024-02-11 00:30:00,/Volumes/Argus/unk/snap/c1/1707611400.c1.snap.jpg,0.7015207
2024-02-11 01:00:00,/Volumes/Argus/unk/snap/c1/1707613200.c1.snap.jpg,0.7903347
2024-02-11 01:30:00,/Volumes/Argus/unk/snap/c1/1707615000.c1.snap.jpg,0.8338915
2024-02-11 02:30:00,/Volumes/Argus/unk/snap/c1/1707618600.c1.snap.jpg,0.66657746
2024-02-11 03:00:00,/Volumes/Argus/unk/snap/c1/1707620400.c1.snap.jpg,0.67781043
2024-02-11 18:30:00,/Volumes/Argus/unk/snap/c1/1707676200.c1.snap.jpg,0.8301369
2024-02-11 19:00:00,/Volumes/Argus/unk/snap/c1/1707678000.c1.snap.jpg,0.75625354
2024-02-11 19:30:00,/Volumes/Argus/unk/snap/c1/1707679800.c1.snap.jpg,0.7323062
2024-02-11 20:00:00,/Volumes/Argus/unk/snap/c1/1707681600.c1.snap.jpg,0.67591345
2024-02-11 20:30:00,/Volumes/Argus/unk/snap/c1/1707683400.c1.snap.jpg,0.7894912
2024-02-11 21:00:00,/Volumes/Argus/unk/snap/c1/1707685200.c1.snap.jpg,0.6989174
2024-02-11 21:30:00,/Volumes/Argus/unk/snap/c1/1707687000.c1.snap.jpg,0.75572914
2024-02-11 22:00:00,/Volumes/Argus/unk/snap/c1/1707688800.c1.snap.jpg,0.5801108
2024-02-11 22:30:00,/Volumes/Argus/unk/snap/c1/1707690600.c1.snap.jpg,0.68387556
2024-02-11 23:00:00,/Volumes/Argus/unk/snap/c1/1707692400.c1.snap.jpg,0.87335056
2024-02-11 23:30:00,/Volumes/Argus/unk/snap/c1/1707694200.c1.snap.jpg,0.88546664
2024-02-12 00:00:00,/Volumes/Argus/unk/snap/c1/1707696000.c1.snap.jpg,0.84501547
2024-02-12 00:30:00,/Volumes/Argus/unk/snap/c1/1707697800.c1.snap.jpg,0.88654155
2024-02-12 01:00:00,/Volumes/Argus/unk/snap/c1/1707699600.c1.snap.jpg,0.89214444
2024-02-12 01:30:00,/Volumes/Argus/unk/snap/c1/1707701400.c1.snap.jpg,0.9999185
2024-02-12 02:30:00,/Volumes/Argus/unk/snap/c1/1707705000.c1.snap.jpg,1.0341532
2024-02-12 03:00:00,/Volumes/Argus/unk/snap/c1/1707706800.c1.snap.jpg,0.8564038
2024-02-12 18:30:00,/Volumes/Argus/unk/snap/c1/1707762600.c1.snap.jpg,0.6432268
2024-02-12 19:00:00,/Volumes/Argus/unk/snap/c1/1707764400.c1.snap.jpg,0.8145462
2024-02-12 20:00:00,/Volumes/Argus/unk/snap/c1/1707768000.c1.snap.jpg,0.91077775
2024-02-12 20:30:00,/Volumes/Argus/unk/snap/c1/1707769800.c1.snap.jpg,0.711224
2024-02-12 21:30:00,/Volumes/Argus/unk/snap/c1/1707773400.c1.snap.jpg,0.7560204
2024-02-12 22:00:00,/Volumes/Argus/unk/snap/c1/1707775200.c1.snap.jpg,1.1409143
2024-02-12 22:30:00,/Volumes/Argus/unk/snap/c1/1707777000.c1.snap.jpg,0.74787974
2024-02-12 23:00:00,/Volumes/Argus/unk/snap/c1/1707778800.c1.snap.jpg,0.84149647
2024-02-12 23:30:00,/Volumes/Argus/unk/snap/c1/1707780600.c1.snap.jpg,0.77935237
2024-02-13 00:00:00,/Volumes/Argus/unk/snap/c1/1707782400.c1.snap.jpg,0.6680668
2024-02-13 00:30:00,/Volumes/Argus/unk/snap/c1/1707784200.c1.snap.jpg,0.6491715
2024-02-13 01:00:00,/Volumes/Argus/unk/snap/c1/1707786000.c1.snap.jpg,0.6137993
2024-02-13 01:30:00,/Volumes/Argus/unk/snap/c1/1707787800.c1.snap.jpg,0.83538127
2024-02-13 02:00:00,/Volumes/Argus/unk/snap/c1/1707789600.c1.snap.jpg,0.682575
2024-02-13 03:00:00,/Volumes/Argus/unk/snap/c1/1707793200.c1.snap.jpg,0.47641808
2024-02-13 03:30:00,/Volumes/Argus/unk/snap/c1/1707795000.c1.snap.jpg,0.7252022
2024-02-13 18:00:00,/Volumes/Argus/unk/snap/c1/1707847200.c1.snap.jpg,0.65944
2024-02-13 18:30:00,/Volumes/Argus/unk/snap/c1/1707849000.c1.snap.jpg,0.614186
2024-02-13 19:00:00,/Volumes/Argus/unk/snap/c1/1707850800.c1.snap.jpg,0.68428767
2024-02-13 19:30:00,/Volumes/Argus/unk/snap/c1/1707852600.c1.snap.jpg,0.7302909
2024-02-13 20:00:00,/Volumes/Argus/unk/snap/c1/1707854400.c1.snap.jpg,0.79002535
2024-02-13 20:30:00,/Volumes/Argus/unk/snap/c1/1707856200.c1.snap.jpg,0.72465485
2024-02-13 21:00:00,/Volumes/Argus/unk/snap/c1/1707858000.c1.snap.jpg,0.7527785
2024-02-13 21:30:00,/Volumes/Argus/unk/snap/c1/1707859800.c1.snap.jpg,0.76451385
2024-02-13 22:00:00,/Volumes/Argus/unk/snap/c1/1707861600.c1.snap.jpg,0.7167357
2024-02-13 22:30:00,/Volumes/Argus/unk/snap/c1/1707863400.c1.snap.jpg,0.7323891
2024-02-13 23:00:00,/Volumes/Argus/unk/snap/c1/1707865200.c1.snap.jpg,0.7197738
2024-02-13 23:30:00,/Volumes/Argus/unk/snap/c1/1707867000.c1.snap.jpg,0.70238096
2024-02-14 00:00:00,/Volumes/Argus/unk/snap/c1/1707868800.c1.snap.jpg,0.697546
2024-02-14 00:30:00,/Volumes/Argus/unk/snap/c1/1707870600.c1.snap.jpg,0.677226
2024-02-14 01:00:00,/Volumes/Argus/unk/snap/c1/1707872400.c1.snap.jpg,0.7037463
2024-02-14 01:30:00,/Volumes/Argus/unk/snap/c1/1707874200.c1.snap.jpg,0.7672502
2024-02-14 02:00:00,/Volumes/Argus/unk/snap/c1/1707876000.c1.snap.jpg,0.66321623
2024-02-14 02:30:00,/Volumes/Argus/unk/snap/c1/1707877800.c1.snap.jpg,0.72826755
2024-02-14 03:00:00,/Volumes/Argus/unk/snap/c1/1707879600.c1.snap.jpg,0.69079125
2024-02-14 03:30:00,/Volumes/Argus/unk/snap/c1/1707881400.c1.snap.jpg,0.7639842
2024-02-14 18:00:00,/Volumes/Argus/unk/snap/c1/1707933600.c1.snap.jpg,0.67628574
2024-02-14 19:00:00,/Volumes/Argus/unk/snap/c1/1707937200.c1.snap.jpg,0.76287603
2024-02-14 19:30:00,/Volumes/Argus/unk/snap/c1/1707939000.c1.snap.jpg,0.73360896
2024-02-14 20:00:00,/Volumes/Argus/unk/snap/c1/1707940800.c1.snap.jpg,0.6567602
2024-02-14 20:30:00,/Volumes/Argus/unk/snap/c1/1707942600.c1.snap.jpg,0.6197659
2024-02-14 21:00:00,/Volumes/Argus/unk/snap/c1/1707944400.c1.snap.jpg,0.66203177
2024-02-14 21:30:00,/Volumes/Argus/unk/snap/c1/1707946200.c1.snap.jpg,0.72558177
2024-02-14 22:00:00,/Volumes/Argus/unk/snap/c1/1707948000.c1.snap.jpg,0.6854527
2024-02-14 22:30:00,/Volumes/Argus/unk/snap/c1/1707949800.c1.snap.jpg,0.72710997
2024-02-14 23:00:00,/Volumes/Argus/unk/snap/c1/1707951600.c1.snap.jpg,0.6821321
2024-02-14 23:30:00,/Volumes/Argus/unk/snap/c1/1707953400.c1.snap.jpg,0.62152404
2024-02-15 00:00:00,/Volumes/Argus/unk/snap/c1/1707955200.c1.snap.jpg,0.69311273
2024-02-15 00:30:00,/Volumes/Argus/unk/snap/c1/1707957000.c1.snap.jpg,0.49072605
2024-02-15 01:00:00,/Volumes/Argus/unk/snap/c1/1707958800.c1.snap.jpg,0.669021
2024-02-15 01:30:00,/Volumes/Argus/unk/snap/c1/1707960600.c1.snap.jpg,0.58666205
2024-02-15 02:00:00,/Volumes/Argus/unk/snap/c1/1707962400.c1.snap.jpg,0.6134796
2024-02-15 02:30:00,/Volumes/Argus/unk/snap/c1/1707964200.c1.snap.jpg,0.5515268
2024-02-15 03:00:00,/Volumes/Argus/unk/snap/c1/1707966000.c1.snap.jpg,0.5828513
2024-02-15 03:30:00,/Volumes/Argus/unk/snap/c1/1707967800.c1.snap.jpg,0.5640932
2024-02-15 04:00:00,/Volumes/Argus/unk/snap/c1/1707969600.c1.snap.jpg,0.91871727
2024-02-15 18:00:00,/Volumes/Argus/unk/snap/c1/1708020000.c1.snap.jpg,0.92165923
2024-02-15 18:30:00,/Volumes/Argus/unk/snap/c1/1708021800.c1.snap.jpg,0.9222834
2024-02-15 19:00:00,/Volumes/Argus/unk/snap/c1/1708023600.c1.snap.jpg,0.72370154
2024-02-15 19:30:00,/Volumes/Argus/unk/snap/c1/1708025400.c1.snap.jpg,0.69398594
2024-02-15 20:00:00,/Volumes/Argus/unk/snap/c1/1708027200.c1.snap.jpg,0.6893427
2024-02-15 20:30:00,/Volumes/Argus/unk/snap/c1/1708029000.c1.snap.jpg,0.7015607
2024-02-15 21:00:00,/Volumes/Argus/unk/snap/c1/1708030800.c1.snap.jpg,0.5751575
2024-02-15 21:30:00,/Volumes/Argus/unk/snap/c1/1708032600.c1.snap.jpg,0.69263196
2024-02-15 22:30:00,/Volumes/Argus/unk/snap/c1/1708036200.c1.snap.jpg,0.93114674
2024-02-16 00:00:00,/Volumes/Argus/unk/snap/c1/1708041600.c1.snap.jpg,0.69471234
2024-02-16 00:30:00,/Volumes/Argus/unk/snap/c1/1708043400.c1.snap.jpg,0.85628283
2024-02-16 01:00:00,/Volumes/Argus/unk/snap/c1/1708045200.c1.snap.jpg,0.80832076
2024-02-16 01:30:00,/Volumes/Argus/unk/snap/c1/1708047000.c1.snap.jpg,0.6079283
2024-02-16 02:00:00,/Volumes/Argus/unk/snap/c1/1708048800.c1.snap.jpg,0.68209904
2024-02-16 03:00:00,/Volumes/Argus/unk/snap/c1/1708052400.c1.snap.jpg,0.82706845
2024-02-16 03:30:00,/Volumes/Argus/unk/snap/c1/1708054200.c1.snap.jpg,0.6704707
2024-02-16 04:00:00,/Volumes/Argus/unk/snap/c1/1708056000.c1.snap.jpg,1.1097286
2024-02-16 18:00:00,/Volumes/Argus/unk/snap/c1/1708106400.c1.snap.jpg,0.92784023
2024-02-16 18:30:00,/Volumes/Argus/unk/snap/c1/1708108200.c1.snap.jpg,0.62195325
2024-02-16 19:00:00,/Volumes/Argus/unk/snap/c1/1708110000.c1.snap.jpg,1.0714674
2024-02-16 19:30:00,/Volumes/Argus/unk/snap/c1/1708111800.c1.snap.jpg,0.771518
2024-02-16 20:00:00,/Volumes/Argus/unk/snap/c1/1708113600.c1.snap.jpg,0.7284147
2024-02-16 20:30:00,/Volumes/Argus/unk/snap/c1/1708115400.c1.snap.jpg,0.7655076
2024-02-16 21:00:00,/Volumes/Argus/unk/snap/c1/1708117200.c1.snap.jpg,0.85774016
2024-02-16 21:30:00,/Volumes/Argus/unk/snap/c1/1708119000.c1.snap.jpg,0.7308287
2024-02-16 22:00:00,/Volumes/Argus/unk/snap/c1/1708120800.c1.snap.jpg,0.8093512
2024-02-16 22:30:00,/Volumes/Argus/unk/snap/c1/1708122600.c1.snap.jpg,0.82339036
2024-02-16 23:00:00,/Volumes/Argus/unk/snap/c1/1708124400.c1.snap.jpg,0.7943337
2024-02-16 23:30:00,/Volumes/Argus/unk/snap/c1/1708126200.c1.snap.jpg,0.6588972
2024-02-17 00:00:00,/Volumes/Argus/unk/snap/c1/1708128000.c1.snap.jpg,0.6098275
2024-02-17 00:30:00,/Volumes/Argus/unk/snap/c1/1708129800.c1.snap.jpg,0.5567435
2024-02-17 01:00:00,/Volumes/Argus/unk/snap/c1/1708131600.c1.snap.jpg,0.63406116
2024-02-17 01:30:00,/Volumes/Argus/unk/snap/c1/1708133400.c1.snap.jpg,0.7835997
2024-02-17 02:00:00,/Volumes/Argus/unk/snap/c1/1708135200.c1.snap.jpg,0.6707587
2024-02-17 02:30:00,/Volumes/Argus/unk/snap/c1/1708137000.c1.snap.jpg,0.7518284
2024-02-17 03:00:00,/Volumes/Argus/unk/snap/c1/1708138800.c1.snap.jpg,0.7903964
2024-02-17 03:30:00,/Volumes/Argus/unk/snap/c1/1708140600.c1.snap.jpg,1.1460234
2024-02-17 18:00:00,/Volumes/Argus/unk/snap/c1/1708192800.c1.snap.jpg,0.82896155
2024-02-17 18:30:00,/Volumes/Argus/unk/snap/c1/1708194600.c1.snap.jpg,0.93622756
2024-02-17 19:00:00,/Volumes/Argus/unk/snap/c1/1708196400.c1.snap.jpg,0.9177846
2024-02-17 19:30:00,/Volumes/Argus/unk/snap/c1/1708198200.c1.snap.jpg,0.92720973
2024-02-17 20:00:00,/Volumes/Argus/unk/snap/c1/1708200000.c1.snap.jpg,0.9924357
2024-02-17 20:30:00,/Volumes/Argus/unk/snap/c1/1708201800.c1.snap.jpg,1.0730609
2024-02-17 21:00:00,/Volumes/Argus/unk/snap/c1/1708203600.c1.snap.jpg,0.9102096
2024-02-17 21:30:00,/Volumes/Argus/unk/snap/c1/1708205400.c1.snap.jpg,0.70341086
2024-02-17 22:00:00,/Volumes/Argus/unk/snap/c1/1708207200.c1.snap.jpg,1.2765933
2024-02-17 22:30:00,/Volumes/Argus/unk/snap/c1/1708209000.c1.snap.jpg,1.2868145
2024-02-17 23:00:00,/Volumes/Argus/unk/snap/c1/1708210800.c1.snap.jpg,1.2653768
2024-02-17 23:30:00,/Volumes/Argus/unk/snap/c1/1708212600.c1.snap.jpg,1.0906205
2024-02-18 00:00:00,/Volumes/Argus/unk/snap/c1/1708214400.c1.snap.jpg,1.2207407
2024-02-18 00:30:00,/Volumes/Argus/unk/snap/c1/1708216200.c1.snap.jpg,0.88385344
2024-02-18 01:00:00,/Volumes/Argus/unk/snap/c1/1708218000.c1.snap.jpg,0.8719725
2024-02-18 01:30:00,/Volumes/Argus/unk/snap/c1/1708219800.c1.snap.jpg,0.8337193
2024-02-18 02:00:00,/Volumes/Argus/unk/snap/c1/1708221600.c1.snap.jpg,0.8394616
2024-02-18 02:30:00,/Volumes/Argus/unk/snap/c1/1708223400.c1.snap.jpg,0.8372263
2024-02-18 03:00:00,/Volumes/Argus/unk/snap/c1/1708225200.c1.snap.jpg,0.83516544
2024-02-18 03:30:00,/Volumes/Argus/unk/snap/c1/1708227000.c1.snap.jpg,0.8391651
2024-02-18 04:00:00,/Volumes/Argus/unk/snap/c1/1708228800.c1.snap.jpg,0.8906766
2024-02-18 18:00:00,/Volumes/Argus/unk/snap/c1/1708279200.c1.snap.jpg,0.70978725
2024-02-18 18:30:00,/Volumes/Argus/unk/snap/c1/1708281000.c1.snap.jpg,0.64782107
2024-02-18 19:00:00,/Volumes/Argus/unk/snap/c1/1708282800.c1.snap.jpg,0.5973367
2024-02-18 19:30:00,/Volumes/Argus/unk/snap/c1/1708284600.c1.snap.jpg,0.6246387
2024-02-18 20:00:00,/Volumes/Argus/unk/snap/c1/1708286400.c1.snap.jpg,0.6930932
2024-02-18 20:30:00,/Volumes/Argus/unk/snap/c1/1708288200.c1.snap.jpg,0.6903039
2024-02-18 21:00:00,/Volumes/Argus/unk/snap/c1/1708290000.c1.snap.jpg,0.7662982
2024-02-18 21:30:00,/Volumes/Argus/unk/snap/c1/1708291800.c1.snap.jpg,0.8193989
2024-02-18 22:00:00,/Volumes/Argus/unk/snap/c1/1708293600.c1.snap.jpg,0.78333616
2024-02-18 22:30:00,/Volumes/Argus/unk/snap/c1/1708295400.c1.snap.jpg,0.5996781
2024-02-18 23:00:00,/Volumes/Argus/unk/snap/c1/1708297200.c1.snap.jpg,0.78063726
2024-02-18 23:30:00,/Volumes/Argus/unk/snap/c1/1708299000.c1.snap.jpg,0.7357228
2024-02-19 00:00:00,/Volumes/Argus/unk/snap/c1/1708300800.c1.snap.jpg,0.6416582
2024-02-19 00:30:00,/Volumes/Argus/unk/snap/c1/1708302600.c1.snap.jpg,0.6058817
2024-02-19 01:00:00,/Volumes/Argus/unk/snap/c1/1708304400.c1.snap.jpg,0.6946629
2024-02-19 01:30:00,/Volumes/Argus/unk/snap/c1/1708306200.c1.snap.jpg,0.6523607
2024-02-19 02:00:00,/Volumes/Argus/unk/snap/c1/1708308000.c1.snap.jpg,0.6665825
2024-02-19 02:30:00,/Volumes/Argus/unk/snap/c1/1708309800.c1.snap.jpg,0.6808591
2024-02-19 03:00:00,/Volumes/Argus/unk/snap/c1/1708311600.c1.snap.jpg,0.64068574
2024-02-19 03:30:00,/Volumes/Argus/unk/snap/c1/1708313400.c1.snap.jpg,0.7083995
2024-02-19 04:00:00,/Volumes/Argus/unk/snap/c1/1708315200.c1.snap.jpg,0.84273595
2024-02-19 18:00:00,/Volumes/Argus/unk/snap/c1/1708365600.c1.snap.jpg,0.7160071
2024-02-19 18:30:00,/Volumes/Argus/unk/snap/c1/1708367400.c1.snap.jpg,0.59470963
2024-02-19 19:00:00,/Volumes/Argus/unk/snap/c1/1708369200.c1.snap.jpg,0.5921546
2024-02-19 19:30:00,/Volumes/Argus/unk/snap/c1/1708371000.c1.snap.jpg,0.57455695
2024-02-19 20:00:00,/Volumes/Argus/unk/snap/c1/1708372800.c1.snap.jpg,0.9455246
2024-02-19 20:30:00,/Volumes/Argus/unk/snap/c1/1708374600.c1.snap.jpg,0.74065864
2024-02-19 21:00:00,/Volumes/Argus/unk/snap/c1/1708376400.c1.snap.jpg,0.6870846
2024-02-19 21:30:00,/Volumes/Argus/unk/snap/c1/1708378200.c1.snap.jpg,0.7546126
2024-02-19 22:00:00,/Volumes/Argus/unk/snap/c1/1708380000.c1.snap.jpg,0.6888496
2024-02-19 23:00:00,/Volumes/Argus/unk/snap/c1/1708383600.c1.snap.jpg,0.6698023
2024-02-19 23:30:00,/Volumes/Argus/unk/snap/c1/1708385400.c1.snap.jpg,0.78801835
2024-02-20 00:30:00,/Volumes/Argus/unk/snap/c1/1708389000.c1.snap.jpg,0.7910786
2024-02-20 01:00:00,/Volumes/Argus/unk/snap/c1/1708390800.c1.snap.jpg,0.87907326
2024-02-20 01:30:00,/Volumes/Argus/unk/snap/c1/1708392600.c1.snap.jpg,0.6428769
2024-02-20 02:00:00,/Volumes/Argus/unk/snap/c1/1708394400.c1.snap.jpg,0.6778198
2024-02-20 02:30:00,/Volumes/Argus/unk/snap/c1/1708396200.c1.snap.jpg,0.7770741
2024-02-20 03:00:00,/Volumes/Argus/unk/snap/c1/1708398000.c1.snap.jpg,0.92061603
2024-02-20 03:30:00,/Volumes/Argus/unk/snap/c1/1708399800.c1.snap.jpg,0.9028275
2024-02-20 04:00:00,/Volumes/Argus/unk/snap/c1/1708401600.c1.snap.jpg,0.6933818
2024-02-20 18:00:00,/Volumes/Argus/unk/snap/c1/1708452000.c1.snap.jpg,0.74846596
2024-02-20 18:30:00,/Volumes/Argus/unk/snap/c1/1708453800.c1.snap.jpg,0.7628926
2024-02-20 19:00:00,/Volumes/Argus/unk/snap/c1/1708455600.c1.snap.jpg,0.5229838
2024-02-20 19:30:00,/Volumes/Argus/unk/snap/c1/1708457400.c1.snap.jpg,0.8354652
2024-02-20 20:00:00,/Volumes/Argus/unk/snap/c1/1708459200.c1.snap.jpg,0.7661594
2024-02-20 20:30:00,/Volumes/Argus/unk/snap/c1/1708461000.c1.snap.jpg,0.63853717
2024-02-20 21:30:00,/Volumes/Argus/unk/snap/c1/1708464600.c1.snap.jpg,0.66585654
2024-02-20 22:00:00,/Volumes/Argus/unk/snap/c1/1708466400.c1.snap.jpg,0.6121566
2024-02-20 22:30:00,/Volumes/Argus/unk/snap/c1/1708468200.c1.snap.jpg,0.6364183
2024-02-20 23:00:00,/Volumes/Argus/unk/snap/c1/1708470000.c1.snap.jpg,0.7418115
2024-02-20 23:30:00,/Volumes/Argus/unk/snap/c1/1708471800.c1.snap.jpg,0.71780217
2024-02-21 00:00:00,/Volumes/Argus/unk/snap/c1/1708473600.c1.snap.jpg,0.7672529
2024-02-21 00:30:00,/Volumes/Argus/unk/snap/c1/1708475400.c1.snap.jpg,0.5451209
2024-02-21 01:00:00,/Volumes/Argus/unk/snap/c1/1708477200.c1.snap.jpg,0.7500814
2024-02-21 01:30:00,/Volumes/Argus/unk/snap/c1/1708479000.c1.snap.jpg,0.7278536
2024-02-21 02:00:00,/Volumes/Argus/unk/snap/c1/1708480800.c1.snap.jpg,0.6373861
2024-02-21 02:30:00,/Volumes/Argus/unk/snap/c1/1708482600.c1.snap.jpg,0.6753116
2024-02-21 03:00:00,/Volumes/Argus/unk/snap/c1/1708484400.c1.snap.jpg,0.6150806
2024-02-21 03:30:00,/Volumes/Argus/unk/snap/c1/1708486200.c1.snap.jpg,0.55363446
2024-02-21 04:00:00,/Volumes/Argus/unk/snap/c1/1708488000.c1.snap.jpg,0.5166184
2024-02-21 18:00:00,/Volumes/Argus/unk/snap/c1/1708538400.c1.snap.jpg,0.62325513
2024-02-21 19:00:00,/Volumes/Argus/unk/snap/c1/1708542000.c1.snap.jpg,0.5887089
2024-02-21 19:30:00,/Volumes/Argus/unk/snap/c1/1708543800.c1.snap.jpg,0.711306
2024-02-21 20:00:00,/Volumes/Argus/unk/snap/c1/1708545600.c1.snap.jpg,0.730587
2024-02-21 20:30:00,/Volumes/Argus/unk/snap/c1/1708547400.c1.snap.jpg,0.73950744
2024-02-21 21:00:00,/Volumes/Argus/unk/snap/c1/1708549200.c1.snap.jpg,0.67496276
2024-02-21 21:30:00,/Volumes/Argus/unk/snap/c1/1708551000.c1.snap.jpg,0.5537804
2024-02-21 22:00:00,/Volumes/Argus/unk/snap/c1/1708552800.c1.snap.jpg,0.7221148
2024-02-21 23:00:00,/Volumes/Argus/unk/snap/c1/1708556400.c1.snap.jpg,0.5161068
2024-02-21 23:30:00,/Volumes/Argus/unk/snap/c1/1708558200.c1.snap.jpg,0.448108
2024-02-22 00:00:00,/Volumes/Argus/unk/snap/c1/1708560000.c1.snap.jpg,0.503678
2024-02-22 00:30:00,/Volumes/Argus/unk/snap/c1/1708561800.c1.snap.jpg,0.54040664
2024-02-22 01:00:00,/Volumes/Argus/unk/snap/c1/1708563600.c1.snap.jpg,0.76263106
2024-02-22 01:30:00,/Volumes/Argus/unk/snap/c1/1708565400.c1.snap.jpg,0.82437694
2024-02-22 02:00:00,/Volumes/Argus/unk/snap/c1/1708567200.c1.snap.jpg,0.7452051
2024-02-22 03:00:00,/Volumes/Argus/unk/snap/c1/1708570800.c1.snap.jpg,0.74912155
2024-02-22 03:30:00,/Volumes/Argus/unk/snap/c1/1708572600.c1.snap.jpg,0.8321829
2024-02-22 04:00:00,/Volumes/Argus/unk/snap/c1/1708574400.c1.snap.jpg,0.88888323
2024-02-22 18:00:00,/Volumes/Argus/unk/snap/c1/1708624800.c1.snap.jpg,0.7322184
2024-02-22 18:30:00,/Volumes/Argus/unk/snap/c1/1708626600.c1.snap.jpg,0.8447207
2024-02-22 19:00:00,/Volumes/Argus/unk/snap/c1/1708628400.c1.snap.jpg,0.53955305
2024-02-22 19:30:00,/Volumes/Argus/unk/snap/c1/1708630200.c1.snap.jpg,0.7484363
2024-02-22 20:00:00,/Volumes/Argus/unk/snap/c1/1708632000.c1.snap.jpg,0.82685745
2024-02-22 20:30:00,/Volumes/Argus/unk/snap/c1/1708633800.c1.snap.jpg,0.6371741
2024-02-22 21:00:00,/Volumes/Argus/unk/snap/c1/1708635600.c1.snap.jpg,0.6357618
2024-02-22 21:30:00,/Volumes/Argus/unk/snap/c1/1708637400.c1.snap.jpg,0.68647766
2024-02-22 22:00:00,/Volumes/Argus/unk/snap/c1/1708639200.c1.snap.jpg,0.68756795
2024-02-22 22:30:00,/Volumes/Argus/unk/snap/c1/1708641000.c1.snap.jpg,0.7187362
2024-02-22 23:00:00,/Volumes/Argus/unk/snap/c1/1708642800.c1.snap.jpg,0.6749074
2024-02-22 23:30:00,/Volumes/Argus/unk/snap/c1/1708644600.c1.snap.jpg,0.5861888
2024-02-23 00:00:00,/Volumes/Argus/unk/snap/c1/1708646400.c1.snap.jpg,0.6296524
2024-02-23 00:30:00,/Volumes/Argus/unk/snap/c1/1708648200.c1.snap.jpg,0.64260554
2024-02-23 02:30:00,/Volumes/Argus/unk/snap/c1/1708655400.c1.snap.jpg,0.8264933
2024-02-23 03:00:00,/Volumes/Argus/unk/snap/c1/1708657200.c1.snap.jpg,0.9675473
2024-02-23 03:30:00,/Volumes/Argus/unk/snap/c1/1708659000.c1.snap.jpg,0.8039885
2024-02-23 17:30:00,/Volumes/Argus/unk/snap/c1/1708709400.c1.snap.jpg,0.6953665
2024-02-23 18:00:00,/Volumes/Argus/unk/snap/c1/1708711200.c1.snap.jpg,0.69358444
2024-02-23 18:30:00,/Volumes/Argus/unk/snap/c1/1708713000.c1.snap.jpg,0.6793621
2024-02-23 19:00:00,/Volumes/Argus/unk/snap/c1/1708714800.c1.snap.jpg,0.53674865
2024-02-23 19:30:00,/Volumes/Argus/unk/snap/c1/1708716600.c1.snap.jpg,0.60100746
2024-02-23 20:00:00,/Volumes/Argus/unk/snap/c1/1708718400.c1.snap.jpg,0.6302928
2024-02-23 20:30:00,/Volumes/Argus/unk/snap/c1/1708720200.c1.snap.jpg,0.69184315
2024-02-23 21:00:00,/Volumes/Argus/unk/snap/c1/1708722000.c1.snap.jpg,0.7310934
2024-02-23 21:30:00,/Volumes/Argus/unk/snap/c1/1708723800.c1.snap.jpg,0.69610584
2024-02-23 22:00:00,/Volumes/Argus/unk/snap/c1/1708725600.c1.snap.jpg,0.72146237
2024-02-23 22:30:00,/Volumes/Argus/unk/snap/c1/1708727400.c1.snap.jpg,0.6825966
2024-02-23 23:00:00,/Volumes/Argus/unk/snap/c1/1708729200.c1.snap.jpg,0.6441532
2024-02-23 23:30:00,/Volumes/Argus/unk/snap/c1/1708731000.c1.snap.jpg,0.6799376
2024-02-24 00:00:00,/Volumes/Argus/unk/snap/c1/1708732800.c1.snap.jpg,0.6325375
2024-02-24 00:30:00,/Volumes/Argus/unk/snap/c1/1708734600.c1.snap.jpg,0.58895904
2024-02-24 01:00:00,/Volumes/Argus/unk/snap/c1/1708736400.c1.snap.jpg,0.6830286
2024-02-24 02:30:00,/Volumes/Argus/unk/snap/c1/1708741800.c1.snap.jpg,0.6363225
2024-02-24 03:00:00,/Volumes/Argus/unk/snap/c1/1708743600.c1.snap.jpg,0.6431142
2024-02-24 17:30:00,/Volumes/Argus/unk/snap/c1/1708795800.c1.snap.jpg,0.95453453
2024-02-24 18:00:00,/Volumes/Argus/unk/snap/c1/1708797600.c1.snap.jpg,0.98748004
2024-02-24 18:30:00,/Volumes/Argus/unk/snap/c1/1708799400.c1.snap.jpg,0.9479588
2024-02-24 19:00:00,/Volumes/Argus/unk/snap/c1/1708801200.c1.snap.jpg,0.9507425
2024-02-24 19:30:00,/Volumes/Argus/unk/snap/c1/1708803000.c1.snap.jpg,0.96054685
2024-02-24 20:00:00,/Volumes/Argus/unk/snap/c1/1708804800.c1.snap.jpg,0.8642555
2024-02-24 20:30:00,/Volumes/Argus/unk/snap/c1/1708806600.c1.snap.jpg,0.9256319
2024-02-24 21:00:00,/Volumes/Argus/unk/snap/c1/1708808400.c1.snap.jpg,0.60129356
2024-02-24 21:30:00,/Volumes/Argus/unk/snap/c1/1708810200.c1.snap.jpg,0.8031217
2024-02-24 22:00:00,/Volumes/Argus/unk/snap/c1/1708812000.c1.snap.jpg,0.97889686
2024-02-24 22:30:00,/Volumes/Argus/unk/snap/c1/1708813800.c1.snap.jpg,0.9110726
2024-02-24 23:00:00,/Volumes/Argus/unk/snap/c1/1708815600.c1.snap.jpg,0.9259113
2024-02-25 00:00:00,/Volumes/Argus/unk/snap/c1/1708819200.c1.snap.jpg,1.339359
2024-02-25 00:30:00,/Volumes/Argus/unk/snap/c1/1708821000.c1.snap.jpg,1.2801601
2024-02-25 01:00:00,/Volumes/Argus/unk/snap/c1/1708822800.c1.snap.jpg,1.2895578
2024-02-25 01:30:00,/Volumes/Argus/unk/snap/c1/1708824600.c1.snap.jpg,1.245043
2024-02-25 02:00:00,/Volumes/Argus/unk/snap/c1/1708826400.c1.snap.jpg,1.3517519
2024-02-25 02:30:00,/Volumes/Argus/unk/snap/c1/1708828200.c1.snap.jpg,1.1971774
2024-02-25 03:00:00,/Volumes/Argus/unk/snap/c1/1708830000.c1.snap.jpg,1.283424
2024-02-25 03:30:00,/Volumes/Argus/unk/snap/c1/1708831800.c1.snap.jpg,1.2216866
2024-02-25 04:00:00,/Volumes/Argus/unk/snap/c1/1708833600.c1.snap.jpg,1.2310941
2024-02-25 17:30:00,/Volumes/Argus/unk/snap/c1/1708882200.c1.snap.jpg,0.8660615
2024-02-25 18:00:00,/Volumes/Argus/unk/snap/c1/1708884000.c1.snap.jpg,0.82022315
2024-02-25 18:30:00,/Volumes/Argus/unk/snap/c1/1708885800.c1.snap.jpg,0.81712186
2024-02-25 19:00:00,/Volumes/Argus/unk/snap/c1/1708887600.c1.snap.jpg,0.77457297
2024-02-25 19:30:00,/Volumes/Argus/unk/snap/c1/1708889400.c1.snap.jpg,0.5154659
2024-02-25 20:00:00,/Volumes/Argus/unk/snap/c1/1708891200.c1.snap.jpg,0.87494516
2024-02-25 20:30:00,/Volumes/Argus/unk/snap/c1/1708893000.c1.snap.jpg,0.86240023
2024-02-25 21:00:00,/Volumes/Argus/unk/snap/c1/1708894800.c1.snap.jpg,0.8561931
2024-02-25 21:30:00,/Volumes/Argus/unk/snap/c1/1708896600.c1.snap.jpg,0.8857645
2024-02-25 22:00:00,/Volumes/Argus/unk/snap/c1/1708898400.c1.snap.jpg,1.0254431
2024-02-25 22:30:00,/Volumes/Argus/unk/snap/c1/1708900200.c1.snap.jpg,0.94857156
2024-02-25 23:00:00,/Volumes/Argus/unk/snap/c1/1708902000.c1.snap.jpg,0.72472566
2024-02-25 23:30:00,/Volumes/Argus/unk/snap/c1/1708903800.c1.snap.jpg,0.83031803
2024-02-26 00:00:00,/Volumes/Argus/unk/snap/c1/1708905600.c1.snap.jpg,0.91876626
2024-02-26 00:30:00,/Volumes/Argus/unk/snap/c1/1708907400.c1.snap.jpg,0.82551223
2024-02-26 01:00:00,/Volumes/Argus/unk/snap/c1/1708909200.c1.snap.jpg,1.1126112
2024-02-26 01:30:00,/Volumes/Argus/unk/snap/c1/1708911000.c1.snap.jpg,0.89671177
2024-02-26 02:00:00,/Volumes/Argus/unk/snap/c1/1708912800.c1.snap.jpg,1.0510515
2024-02-26 02:30:00,/Volumes/Argus/unk/snap/c1/1708914600.c1.snap.jpg,0.9281087
2024-02-26 03:00:00,/Volumes/Argus/unk/snap/c1/1708916400.c1.snap.jpg,1.0616953
2024-02-26 03:30:00,/Volumes/Argus/unk/snap/c1/1708918200.c1.snap.jpg,1.1966459
2024-02-26 04:00:00,/Volumes/Argus/unk/snap/c1/1708920000.c1.snap.jpg,1.3634106
2024-02-26 04:30:00,/Volumes/Argus/unk/snap/c1/1708921800.c1.snap.jpg,1.1980118
2024-02-26 17:30:00,/Volumes/Argus/unk/snap/c1/1708968600.c1.snap.jpg,0.66585785
2024-02-26 18:00:00,/Volumes/Argus/unk/snap/c1/1708970400.c1.snap.jpg,0.65782166
2024-02-26 18:30:00,/Volumes/Argus/unk/snap/c1/1708972200.c1.snap.jpg,0.69707716
2024-02-26 19:00:00,/Volumes/Argus/unk/snap/c1/1708974000.c1.snap.jpg,0.48767358
2024-02-26 19:30:00,/Volumes/Argus/unk/snap/c1/1708975800.c1.snap.jpg,0.5369225
2024-02-26 20:00:00,/Volumes/Argus/unk/snap/c1/1708977600.c1.snap.jpg,0.515538
2024-02-26 20:30:00,/Volumes/Argus/unk/snap/c1/1708979400.c1.snap.jpg,0.58017254
2024-02-26 21:00:00,/Volumes/Argus/unk/snap/c1/1708981200.c1.snap.jpg,0.61059594
2024-02-26 21:30:00,/Volumes/Argus/unk/snap/c1/1708983000.c1.snap.jpg,0.72371614
2024-02-26 22:00:00,/Volumes/Argus/unk/snap/c1/1708984800.c1.snap.jpg,0.743053
2024-02-26 22:30:00,/Volumes/Argus/unk/snap/c1/1708986600.c1.snap.jpg,0.84856725
2024-02-26 23:00:00,/Volumes/Argus/unk/snap/c1/1708988400.c1.snap.jpg,0.8137692
2024-02-26 23:30:00,/Volumes/Argus/unk/snap/c1/1708990200.c1.snap.jpg,0.85256594
2024-02-27 00:00:00,/Volumes/Argus/unk/snap/c1/1708992000.c1.snap.jpg,0.7307066
2024-02-27 00:30:00,/Volumes/Argus/unk/snap/c1/1708993800.c1.snap.jpg,0.71613884
2024-02-27 01:00:00,/Volumes/Argus/unk/snap/c1/1708995600.c1.snap.jpg,0.73573434
2024-02-27 01:30:00,/Volumes/Argus/unk/snap/c1/1708997400.c1.snap.jpg,0.7821275
2024-02-27 02:00:00,/Volumes/Argus/unk/snap/c1/1708999200.c1.snap.jpg,0.8507714
2024-02-27 02:30:00,/Volumes/Argus/unk/snap/c1/1709001000.c1.snap.jpg,0.9656191
2024-02-27 03:00:00,/Volumes/Argus/unk/snap/c1/1709002800.c1.snap.jpg,0.86834
2024-02-27 03:30:00,/Volumes/Argus/unk/snap/c1/1709004600.c1.snap.jpg,0.66458726
2024-02-27 04:00:00,/Volumes/Argus/unk/snap/c1/1709006400.c1.snap.jpg,1.3093199
2024-02-27 04:30:00,/Volumes/Argus/unk/snap/c1/1709008200.c1.snap.jpg,1.3191947
2024-02-27 17:30:00,/Volumes/Argus/unk/snap/c1/1709055000.c1.snap.jpg,0.6846717
2024-02-27 18:00:00,/Volumes/Argus/unk/snap/c1/1709056800.c1.snap.jpg,0.7144867
2024-02-27 18:30:00,/Volumes/Argus/unk/snap/c1/1709058600.c1.snap.jpg,0.6452476
2024-02-27 19:00:00,/Volumes/Argus/unk/snap/c1/1709060400.c1.snap.jpg,0.6279742
2024-02-27 19:30:00,/Volumes/Argus/unk/snap/c1/1709062200.c1.snap.jpg,0.7453754
2024-02-27 20:00:00,/Volumes/Argus/unk/snap/c1/1709064000.c1.snap.jpg,0.7040452
2024-02-27 20:30:00,/Volumes/Argus/unk/snap/c1/1709065800.c1.snap.jpg,0.886149
2024-02-27 21:00:00,/Volumes/Argus/unk/snap/c1/1709067600.c1.snap.jpg,0.6419126
2024-02-27 21:30:00,/Volumes/Argus/unk/snap/c1/1709069400.c1.snap.jpg,0.90302867
2024-02-27 22:00:00,/Volumes/Argus/unk/snap/c1/1709071200.c1.snap.jpg,0.667168
2024-02-27 22:30:00,/Volumes/Argus/unk/snap/c1/1709073000.c1.snap.jpg,0.84755975
2024-02-27 23:00:00,/Volumes/Argus/unk/snap/c1/1709074800.c1.snap.jpg,0.8522825
2024-02-27 23:30:00,/Volumes/Argus/unk/snap/c1/1709076600.c1.snap.jpg,0.8026844
2024-02-28 00:00:00,/Volumes/Argus/unk/snap/c1/1709078400.c1.snap.jpg,0.7726758
2024-02-28 00:30:00,/Volumes/Argus/unk/snap/c1/1709080200.c1.snap.jpg,0.7418428
2024-02-28 01:00:00,/Volumes/Argus/unk/snap/c1/1709082000.c1.snap.jpg,0.782016
2024-02-28 01:30:00,/Volumes/Argus/unk/snap/c1/1709083800.c1.snap.jpg,0.8518232
2024-02-28 02:00:00,/Volumes/Argus/unk/snap/c1/1709085600.c1.snap.jpg,0.82956564
2024-02-28 02:30:00,/Volumes/Argus/unk/snap/c1/1709087400.c1.snap.jpg,1.0478451
2024-02-28 03:00:00,/Volumes/Argus/unk/snap/c1/1709089200.c1.snap.jpg,0.84123373
2024-02-28 03:30:00,/Volumes/Argus/unk/snap/c1/1709091000.c1.snap.jpg,0.77040875
2024-02-28 04:00:00,/Volumes/Argus/unk/snap/c1/1709092800.c1.snap.jpg,1.29273
2024-02-28 04:30:00,/Volumes/Argus/unk/snap/c1/1709094600.c1.snap.jpg,1.284795
2024-02-28 17:30:00,/Volumes/Argus/unk/snap/c1/1709141400.c1.snap.jpg,0.8305625
2024-02-28 18:00:00,/Volumes/Argus/unk/snap/c1/1709143200.c1.snap.jpg,0.9156966
2024-02-28 18:30:00,/Volumes/Argus/unk/snap/c1/1709145000.c1.snap.jpg,0.85981905
2024-02-28 19:00:00,/Volumes/Argus/unk/snap/c1/1709146800.c1.snap.jpg,0.82318985
2024-02-28 19:30:00,/Volumes/Argus/unk/snap/c1/1709148600.c1.snap.jpg,0.7776727
2024-02-28 20:00:00,/Volumes/Argus/unk/snap/c1/1709150400.c1.snap.jpg,0.59162617
2024-02-28 20:30:00,/Volumes/Argus/unk/snap/c1/1709152200.c1.snap.jpg,0.76008356
2024-02-28 21:00:00,/Volumes/Argus/unk/snap/c1/1709154000.c1.snap.jpg,0.90189445
2024-02-28 21:30:00,/Volumes/Argus/unk/snap/c1/1709155800.c1.snap.jpg,0.87439394
2024-02-28 22:00:00,/Volumes/Argus/unk/snap/c1/1709157600.c1.snap.jpg,0.79586804
2024-02-28 23:00:00,/Volumes/Argus/unk/snap/c1/1709161200.c1.snap.jpg,0.7938867
2024-02-28 23:30:00,/Volumes/Argus/unk/snap/c1/1709163000.c1.snap.jpg,0.8411629
2024-02-29 00:00:00,/Volumes/Argus/unk/snap/c1/1709164800.c1.snap.jpg,0.8747238
2024-02-29 00:30:00,/Volumes/Argus/unk/snap/c1/1709166600.c1.snap.jpg,0.8023657
2024-02-29 01:30:00,/Volumes/Argus/unk/snap/c1/1709170200.c1.snap.jpg,0.7441876
2024-02-29 02:00:00,/Volumes/Argus/unk/snap/c1/1709172000.c1.snap.jpg,0.66008925
2024-02-29 02:30:00,/Volumes/Argus/unk/snap/c1/1709173800.c1.snap.jpg,0.95273805
2024-02-29 03:00:00,/Volumes/Argus/unk/snap/c1/1709175600.c1.snap.jpg,1.2546425
2024-02-29 03:30:00,/Volumes/Argus/unk/snap/c1/1709177400.c1.snap.jpg,0.68889016
2024-02-29 04:30:00,/Volumes/Argus/unk/snap/c1/1709181000.c1.snap.jpg,1.2804073
2024-02-29 17:30:00,/Volumes/Argus/unk/snap/c1/1709227800.c1.snap.jpg,0.8476459
2024-03-01 17:30:00,/Volumes/Argus/unk/snap/c1/1709314200.c1.snap.jpg,0.76366
2024-03-01 18:00:00,/Volumes/Argus/unk/snap/c1/1709316000.c1.snap.jpg,1.1893522
2024-03-01 18:30:00,/Volumes/Argus/unk/snap/c1/1709317800.c1.snap.jpg,0.5047785
2024-03-01 19:00:00,/Volumes/Argus/unk/snap/c1/1709319600.c1.snap.jpg,0.9038173
2024-03-01 19:30:00,/Volumes/Argus/unk/snap/c1/1709321400.c1.snap.jpg,0.7066245
2024-03-01 20:00:00,/Volumes/Argus/unk/snap/c1/1709323200.c1.snap.jpg,1.0860977
2024-03-01 20:30:00,/Volumes/Argus/unk/snap/c1/1709325000.c1.snap.jpg,1.0717845
2024-03-01 21:00:00,/Volumes/Argus/unk/snap/c1/1709326800.c1.snap.jpg,1.0541179
2024-03-01 21:30:00,/Volumes/Argus/unk/snap/c1/1709328600.c1.snap.jpg,1.054259
2024-03-01 22:00:00,/Volumes/Argus/unk/snap/c1/1709330400.c1.snap.jpg,1.007008
2024-03-01 22:30:00,/Volumes/Argus/unk/snap/c1/1709332200.c1.snap.jpg,0.93710685
2024-03-01 23:00:00,/Volumes/Argus/unk/snap/c1/1709334000.c1.snap.jpg,0.9671075
2024-03-01 23:30:00,/Volumes/Argus/unk/snap/c1/1709335800.c1.snap.jpg,0.9252143
2024-03-02 00:00:00,/Volumes/Argus/unk/snap/c1/1709337600.c1.snap.jpg,0.77311337
2024-03-02 00:30:00,/Volumes/Argus/unk/snap/c1/1709339400.c1.snap.jpg,0.7013047
2024-03-02 02:30:00,/Volumes/Argus/unk/snap/c1/1709346600.c1.snap.jpg,0.6682941
2024-03-02 03:00:00,/Volumes/Argus/unk/snap/c1/1709348400.c1.snap.jpg,0.9440872
2024-03-02 03:30:00,/Volumes/Argus/unk/snap/c1/1709350200.c1.snap.jpg,0.8735038
2024-03-02 04:30:00,/Volumes/Argus/unk/snap/c1/1709353800.c1.snap.jpg,1.2572352
2024-03-02 18:00:00,/Volumes/Argus/unk/snap/c1/1709402400.c1.snap.jpg,0.688403
2024-03-02 18:30:00,/Volumes/Argus/unk/snap/c1/1709404200.c1.snap.jpg,0.5828718
2024-03-02 19:00:00,/Volumes/Argus/unk/snap/c1/1709406000.c1.snap.jpg,0.6602954
2024-03-02 19:30:00,/Volumes/Argus/unk/snap/c1/1709407800.c1.snap.jpg,0.63990766
2024-03-02 20:00:00,/Volumes/Argus/unk/snap/c1/1709409600.c1.snap.jpg,0.6599267
2024-03-02 20:30:00,/Volumes/Argus/unk/snap/c1/1709411400.c1.snap.jpg,0.6509024
2024-03-02 21:00:00,/Volumes/Argus/unk/snap/c1/1709413200.c1.snap.jpg,0.6856349
2024-03-02 21:30:00,/Volumes/Argus/unk/snap/c1/1709415000.c1.snap.jpg,0.7513076
2024-03-02 22:00:00,/Volumes/Argus/unk/snap/c1/1709416800.c1.snap.jpg,0.70911884
2024-03-02 22:30:00,/Volumes/Argus/unk/snap/c1/1709418600.c1.snap.jpg,0.6704638
2024-03-02 23:00:00,/Volumes/Argus/unk/snap/c1/1709420400.c1.snap.jpg,0.6281066
2024-03-02 23:30:00,/Volumes/Argus/unk/snap/c1/1709422200.c1.snap.jpg,0.5604038
2024-03-03 00:00:00,/Volumes/Argus/unk/snap/c1/1709424000.c1.snap.jpg,0.5839107
2024-03-03 00:30:00,/Volumes/Argus/unk/snap/c1/1709425800.c1.snap.jpg,0.5702158
2024-03-03 01:00:00,/Volumes/Argus/unk/snap/c1/1709427600.c1.snap.jpg,0.5818524
2024-03-03 01:30:00,/Volumes/Argus/unk/snap/c1/1709429400.c1.snap.jpg,0.5646819
2024-03-03 02:00:00,/Volumes/Argus/unk/snap/c1/1709431200.c1.snap.jpg,0.5689993
2024-03-03 02:30:00,/Volumes/Argus/unk/snap/c1/1709433000.c1.snap.jpg,0.6091479
2024-03-03 03:00:00,/Volumes/Argus/unk/snap/c1/1709434800.c1.snap.jpg,0.6245332
2024-03-03 03:30:00,/Volumes/Argus/unk/snap/c1/1709436600.c1.snap.jpg,0.67137975
2024-03-03 04:00:00,/Volumes/Argus/unk/snap/c1/1709438400.c1.snap.jpg,0.6329428
2024-03-03 04:30:00,/Volumes/Argus/unk/snap/c1/1709440200.c1.snap.jpg,0.7006086
2024-03-03 17:30:00,/Volumes/Argus/unk/snap/c1/1709487000.c1.snap.jpg,0.42329258
2024-03-03 18:00:00,/Volumes/Argus/unk/snap/c1/1709488800.c1.snap.jpg,0.4736899
2024-03-03 18:30:00,/Volumes/Argus/unk/snap/c1/1709490600.c1.snap.jpg,0.5348462
2024-03-03 19:00:00,/Volumes/Argus/unk/snap/c1/1709492400.c1.snap.jpg,0.5438677
2024-03-03 19:30:00,/Volumes/Argus/unk/snap/c1/1709494200.c1.snap.jpg,0.49825618
2024-03-03 20:00:00,/Volumes/Argus/unk/snap/c1/1709496000.c1.snap.jpg,0.56808525
2024-03-03 20:30:00,/Volumes/Argus/unk/snap/c1/1709497800.c1.snap.jpg,0.55548537
2024-03-03 21:00:00,/Volumes/Argus/unk/snap/c1/1709499600.c1.snap.jpg,0.5594171
2024-03-03 21:30:00,/Volumes/Argus/unk/snap/c1/1709501400.c1.snap.jpg,0.51115346
2024-03-03 22:00:00,/Volumes/Argus/unk/snap/c1/1709503200.c1.snap.jpg,0.5056214
2024-03-03 22:30:00,/Volumes/Argus/unk/snap/c1/1709505000.c1.snap.jpg,0.6041322
2024-03-03 23:00:00,/Volumes/Argus/unk/snap/c1/1709506800.c1.snap.jpg,0.5088823
2024-03-03 23:30:00,/Volumes/Argus/unk/snap/c1/1709508600.c1.snap.jpg,0.56893384
2024-03-04 00:00:00,/Volumes/Argus/unk/snap/c1/1709510400.c1.snap.jpg,0.50861126
2024-03-04 00:30:00,/Volumes/Argus/unk/snap/c1/1709512200.c1.snap.jpg,0.54766846
2024-03-04 01:00:00,/Volumes/Argus/unk/snap/c1/1709514000.c1.snap.jpg,0.6254245
2024-03-04 01:30:00,/Volumes/Argus/unk/snap/c1/1709515800.c1.snap.jpg,0.5116351
2024-03-04 02:00:00,/Volumes/Argus/unk/snap/c1/1709517600.c1.snap.jpg,0.56161225
2024-03-04 02:30:00,/Volumes/Argus/unk/snap/c1/1709519400.c1.snap.jpg,0.55831206
2024-03-04 03:00:00,/Volumes/Argus/unk/snap/c1/1709521200.c1.snap.jpg,0.59844065
2024-03-04 03:30:00,/Volumes/Argus/unk/snap/c1/1709523000.c1.snap.jpg,0.6628519
2024-03-04 04:00:00,/Volumes/Argus/unk/snap/c1/1709524800.c1.snap.jpg,0.52047426
2024-03-04 04:30:00,/Volumes/Argus/unk/snap/c1/1709526600.c1.snap.jpg,0.6504578
2024-03-04 17:00:00,/Volumes/Argus/unk/snap/c1/1709571600.c1.snap.jpg,0.7616671
2024-03-04 17:30:00,/Volumes/Argus/unk/snap/c1/1709573400.c1.snap.jpg,0.55617577
2024-03-04 18:00:00,/Volumes/Argus/unk/snap/c1/1709575200.c1.snap.jpg,0.5473335
2024-03-04 18:30:00,/Volumes/Argus/unk/snap/c1/1709577000.c1.snap.jpg,0.5640747
2024-03-04 19:00:00,/Volumes/Argus/unk/snap/c1/1709578800.c1.snap.jpg,0.6512746
2024-03-04 19:30:00,/Volumes/Argus/unk/snap/c1/1709580600.c1.snap.jpg,0.6453146
2024-03-04 20:00:00,/Volumes/Argus/unk/snap/c1/1709582400.c1.snap.jpg,0.6261347
2024-03-04 20:30:00,/Volumes/Argus/unk/snap/c1/1709584200.c1.snap.jpg,0.6395278
2024-03-04 21:00:00,/Volumes/Argus/unk/snap/c1/1709586000.c1.snap.jpg,0.6251278
2024-03-04 21:30:00,/Volumes/Argus/unk/snap/c1/1709587800.c1.snap.jpg,0.6378709
2024-03-04 22:00:00,/Volumes/Argus/unk/snap/c1/1709589600.c1.snap.jpg,0.49985337
2024-03-04 23:30:00,/Volumes/Argus/unk/snap/c1/1709595000.c1.snap.jpg,0.7040943
2024-03-05 00:00:00,/Volumes/Argus/unk/snap/c1/1709596800.c1.snap.jpg,0.73909026
2024-03-05 00:30:00,/Volumes/Argus/unk/snap/c1/1709598600.c1.snap.jpg,0.8680353
2024-03-05 01:00:00,/Volumes/Argus/unk/snap/c1/1709600400.c1.snap.jpg,1.0831805
2024-03-05 01:30:00,/Volumes/Argus/unk/snap/c1/1709602200.c1.snap.jpg,0.9669183
2024-03-05 02:00:00,/Volumes/Argus/unk/snap/c1/1709604000.c1.snap.jpg,0.6845368
2024-03-05 03:30:00,/Volumes/Argus/unk/snap/c1/1709609400.c1.snap.jpg,0.69118476
2024-03-05 04:00:00,/Volumes/Argus/unk/snap/c1/1709611200.c1.snap.jpg,0.9703327
2024-03-05 04:30:00,/Volumes/Argus/unk/snap/c1/1709613000.c1.snap.jpg,0.9185818
2024-03-05 17:00:00,/Volumes/Argus/unk/snap/c1/1709658000.c1.snap.jpg,0.83992684
2024-03-05 17:30:00,/Volumes/Argus/unk/snap/c1/1709659800.c1.snap.jpg,0.69507885
2024-03-05 18:00:00,/Volumes/Argus/unk/snap/c1/1709661600.c1.snap.jpg,0.6218777
2024-03-05 18:30:00,/Volumes/Argus/unk/snap/c1/1709663400.c1.snap.jpg,0.59870374
2024-03-05 19:00:00,/Volumes/Argus/unk/snap/c1/1709665200.c1.snap.jpg,0.58217764
2024-03-05 19:30:00,/Volumes/Argus/unk/snap/c1/1709667000.c1.snap.jpg,1.0017338
2024-03-05 20:00:00,/Volumes/Argus/unk/snap/c1/1709668800.c1.snap.jpg,0.70569277
2024-03-05 20:30:00,/Volumes/Argus/unk/snap/c1/1709670600.c1.snap.jpg,0.73139906
2024-03-05 21:00:00,/Volumes/Argus/unk/snap/c1/1709672400.c1.snap.jpg,0.8932806
2024-03-05 21:30:00,/Volumes/Argus/unk/snap/c1/1709674200.c1.snap.jpg,0.7671025
2024-03-05 22:00:00,/Volumes/Argus/unk/snap/c1/1709676000.c1.snap.jpg,0.6070558
2024-03-05 22:30:00,/Volumes/Argus/unk/snap/c1/1709677800.c1.snap.jpg,0.69747174
2024-03-05 23:30:00,/Volumes/Argus/unk/snap/c1/1709681400.c1.snap.jpg,0.86892384
2024-03-06 00:00:00,/Volumes/Argus/unk/snap/c1/1709683200.c1.snap.jpg,0.90865654
2024-03-06 00:30:00,/Volumes/Argus/unk/snap/c1/1709685000.c1.snap.jpg,0.83765537
2024-03-06 01:00:00,/Volumes/Argus/unk/snap/c1/1709686800.c1.snap.jpg,0.60727775
2024-03-06 01:30:00,/Volumes/Argus/unk/snap/c1/1709688600.c1.snap.jpg,0.56001544
2024-03-06 02:00:00,/Volumes/Argus/unk/snap/c1/1709690400.c1.snap.jpg,0.71363807
2024-03-06 03:00:00,/Volumes/Argus/unk/snap/c1/1709694000.c1.snap.jpg,0.5109146
2024-03-06 03:30:00,/Volumes/Argus/unk/snap/c1/1709695800.c1.snap.jpg,0.54050183
2024-03-07 02:00:00,/Volumes/Argus/unk/snap/c1/1709776800.c1.snap.jpg,0.79457986
2024-03-07 02:30:00,/Volumes/Argus/unk/snap/c1/1709778600.c1.snap.jpg,0.7127653
2024-03-07 03:00:00,/Volumes/Argus/unk/snap/c1/1709780400.c1.snap.jpg,0.76475143
2024-03-07 03:30:00,/Volumes/Argus/unk/snap/c1/1709782200.c1.snap.jpg,0.6879363
2024-03-07 04:00:00,/Volumes/Argus/unk/snap/c1/1709784000.c1.snap.jpg,0.68288344
2024-03-07 04:30:00,/Volumes/Argus/unk/snap/c1/1709785800.c1.snap.jpg,0.8587494
2024-03-07 05:00:00,/Volumes/Argus/unk/snap/c1/1709787600.c1.snap.jpg,0.73274857
2024-03-07 17:00:00,/Volumes/Argus/unk/snap/c1/1709830800.c1.snap.jpg,0.52865577
2024-03-07 17:30:00,/Volumes/Argus/unk/snap/c1/1709832600.c1.snap.jpg,0.62425876
2024-03-07 18:00:00,/Volumes/Argus/unk/snap/c1/1709834400.c1.snap.jpg,0.68350685
2024-03-07 18:30:00,/Volumes/Argus/unk/snap/c1/1709836200.c1.snap.jpg,0.74830925
2024-03-07 19:00:00,/Volumes/Argus/unk/snap/c1/1709838000.c1.snap.jpg,0.5952823
2024-03-07 19:30:00,/Volumes/Argus/unk/snap/c1/1709839800.c1.snap.jpg,0.548498
2024-03-07 20:00:00,/Volumes/Argus/unk/snap/c1/1709841600.c1.snap.jpg,0.61379886
2024-03-07 20:30:00,/Volumes/Argus/unk/snap/c1/1709843400.c1.snap.jpg,0.6155725
2024-03-07 21:00:00,/Volumes/Argus/unk/snap/c1/1709845200.c1.snap.jpg,0.5253209
2024-03-07 21:30:00,/Volumes/Argus/unk/snap/c1/1709847000.c1.snap.jpg,0.60367775
2024-03-07 22:00:00,/Volumes/Argus/unk/snap/c1/1709848800.c1.snap.jpg,0.5668428
2024-03-07 22:30:00,/Volumes/Argus/unk/snap/c1/1709850600.c1.snap.jpg,0.61402684
2024-03-07 23:00:00,/Volumes/Argus/unk/snap/c1/1709852400.c1.snap.jpg,0.7911937
2024-03-08 00:00:00,/Volumes/Argus/unk/snap/c1/1709856000.c1.snap.jpg,0.66954815
2024-03-08 00:30:00,/Volumes/Argus/unk/snap/c1/1709857800.c1.snap.jpg,0.723086
2024-03-08 02:00:00,/Volumes/Argus/unk/snap/c1/1709863200.c1.snap.jpg,0.64808786
2024-03-08 02:30:00,/Volumes/Argus/unk/snap/c1/1709865000.c1.snap.jpg,0.80953825
2024-03-08 03:00:00,/Volumes/Argus/unk/snap/c1/1709866800.c1.snap.jpg,0.8058197
2024-03-08 03:30:00,/Volumes/Argus/unk/snap/c1/1709868600.c1.snap.jpg,0.7371242
2024-03-08 04:00:00,/Volumes/Argus/unk/snap/c1/1709870400.c1.snap.jpg,0.5926435
2024-03-08 04:30:00,/Volumes/Argus/unk/snap/c1/1709872200.c1.snap.jpg,1.3655235
2024-03-08 05:00:00,/Volumes/Argus/unk/snap/c1/1709874000.c1.snap.jpg,1.8595303
2024-03-08 17:00:00,/Volumes/Argus/unk/snap/c1/1709917200.c1.snap.jpg,0.5889411
2024-03-08 17:30:00,/Volumes/Argus/unk/snap/c1/1709919000.c1.snap.jpg,0.5861634
2024-03-08 18:00:00,/Volumes/Argus/unk/snap/c1/1709920800.c1.snap.jpg,0.405136
2024-03-08 18:30:00,/Volumes/Argus/unk/snap/c1/1709922600.c1.snap.jpg,0.5215489
2024-03-08 19:00:00,/Volumes/Argus/unk/snap/c1/1709924400.c1.snap.jpg,0.46036234
2024-03-08 19:30:00,/Volumes/Argus/unk/snap/c1/1709926200.c1.snap.jpg,0.57892525
2024-03-08 20:00:00,/Volumes/Argus/unk/snap/c1/1709928000.c1.snap.jpg,0.6064995
2024-03-08 20:30:00,/Volumes/Argus/unk/snap/c1/1709929800.c1.snap.jpg,0.6318831
2024-03-08 21:00:00,/Volumes/Argus/unk/snap/c1/1709931600.c1.snap.jpg,0.5863147
2024-03-08 21:30:00,/Volumes/Argus/unk/snap/c1/1709933400.c1.snap.jpg,0.7881574
2024-03-08 22:00:00,/Volumes/Argus/unk/snap/c1/1709935200.c1.snap.jpg,0.7985461
2024-03-08 22:30:00,/Volumes/Argus/unk/snap/c1/1709937000.c1.snap.jpg,0.75469816
2024-03-08 23:00:00,/Volumes/Argus/unk/snap/c1/1709938800.c1.snap.jpg,0.7936338
2024-03-08 23:30:00,/Volumes/Argus/unk/snap/c1/1709940600.c1.snap.jpg,0.8532032
2024-03-09 00:00:00,/Volumes/Argus/unk/snap/c1/1709942400.c1.snap.jpg,0.6993964
2024-03-09 00:30:00,/Volumes/Argus/unk/snap/c1/1709944200.c1.snap.jpg,0.627645
2024-03-09 01:00:00,/Volumes/Argus/unk/snap/c1/1709946000.c1.snap.jpg,0.6181916
2024-03-09 01:30:00,/Volumes/Argus/unk/snap/c1/1709947800.c1.snap.jpg,0.5902298
2024-03-09 02:00:00,/Volumes/Argus/unk/snap/c1/1709949600.c1.snap.jpg,0.6283106
2024-03-09 03:00:00,/Volumes/Argus/unk/snap/c1/1709953200.c1.snap.jpg,1.0549449
2024-03-09 03:30:00,/Volumes/Argus/unk/snap/c1/1709955000.c1.snap.jpg,0.6122089
2024-03-09 04:00:00,/Volumes/Argus/unk/snap/c1/1709956800.c1.snap.jpg,1.0959768
2024-03-09 04:30:00,/Volumes/Argus/unk/snap/c1/1709958600.c1.snap.jpg,1.5927596
2024-03-09 05:00:00,/Volumes/Argus/unk/snap/c1/1709960400.c1.snap.jpg,1.3537291
