time,path,H
2024-03-09 17:00:00,/Volumes/Argus/unk/snap/c1/1710003600.c1.snap.jpg,0.6945392
2024-03-09 17:30:00,/Volumes/Argus/unk/snap/c1/1710005400.c1.snap.jpg,0.91300476
2024-03-09 18:00:00,/Volumes/Argus/unk/snap/c1/1710007200.c1.snap.jpg,0.4409681
2024-03-09 18:30:00,/Volumes/Argus/unk/snap/c1/1710009000.c1.snap.jpg,0.6522442
2024-03-09 19:00:00,/Volumes/Argus/unk/snap/c1/1710010800.c1.snap.jpg,0.793203
2024-03-09 19:30:00,/Volumes/Argus/unk/snap/c1/1710012600.c1.snap.jpg,0.5839925
2024-03-09 20:00:00,/Volumes/Argus/unk/snap/c1/1710014400.c1.snap.jpg,0.6384532
2024-03-09 20:30:00,/Volumes/Argus/unk/snap/c1/1710016200.c1.snap.jpg,0.76433194
2024-03-09 21:00:00,/Volumes/Argus/unk/snap/c1/1710018000.c1.snap.jpg,0.8166537
2024-03-09 21:30:00,/Volumes/Argus/unk/snap/c1/1710019800.c1.snap.jpg,0.730998
2024-03-09 22:00:00,/Volumes/Argus/unk/snap/c1/1710021600.c1.snap.jpg,0.70350647
2024-03-09 23:00:00,/Volumes/Argus/unk/snap/c1/1710025200.c1.snap.jpg,0.772044
2024-03-09 23:30:00,/Volumes/Argus/unk/snap/c1/1710027000.c1.snap.jpg,0.783365
2024-03-10 00:00:00,/Volumes/Argus/unk/snap/c1/1710028800.c1.snap.jpg,0.778313
2024-03-10 00:30:00,/Volumes/Argus/unk/snap/c1/1710030600.c1.snap.jpg,0.734318
2024-03-10 01:00:00,/Volumes/Argus/unk/snap/c1/1710032400.c1.snap.jpg,0.65174294
2024-03-10 01:30:00,/Volumes/Argus/unk/snap/c1/1710034200.c1.snap.jpg,0.7148174
2024-03-10 02:00:00,/Volumes/Argus/unk/snap/c1/1710036000.c1.snap.jpg,0.6278175
2024-03-10 02:30:00,/Volumes/Argus/unk/snap/c1/1710037800.c1.snap.jpg,0.64604926
2024-03-10 03:00:00,/Volumes/Argus/unk/snap/c1/1710039600.c1.snap.jpg,0.660573
2024-03-10 03:30:00,/Volumes/Argus/unk/snap/c1/1710041400.c1.snap.jpg,0.6431563
2024-03-10 04:00:00,/Volumes/Argus/unk/snap/c1/1710043200.c1.snap.jpg,0.7116642
2024-03-10 04:30:00,/Volumes/Argus/unk/snap/c1/1710045000.c1.snap.jpg,1.3386992
2024-03-10 05:00:00,/Volumes/Argus/unk/snap/c1/1710046800.c1.snap.jpg,1.289414
2024-03-10 17:00:00,/Volumes/Argus/unk/snap/c1/1710090000.c1.snap.jpg,0.5722004
2024-03-10 17:30:00,/Volumes/Argus/unk/snap/c1/1710091800.c1.snap.jpg,0.9610275
2024-03-10 18:00:00,/Volumes/Argus/unk/snap/c1/1710093600.c1.snap.jpg,0.34677082
2024-03-10 18:30:00,/Volumes/Argus/unk/snap/c1/1710095400.c1.snap.jpg,0.4783696
2024-03-10 19:00:00,/Volumes/Argus/unk/snap/c1/1710097200.c1.snap.jpg,0.42712975
2024-03-10 19:30:00,/Volumes/Argus/unk/snap/c1/1710099000.c1.snap.jpg,0.51925236
2024-03-10 20:00:00,/Volumes/Argus/unk/snap/c1/1710100800.c1.snap.jpg,0.5569476
2024-03-10 20:30:00,/Volumes/Argus/unk/snap/c1/1710102600.c1.snap.jpg,0.57056546
2024-03-10 21:00:00,/Volumes/Argus/unk/snap/c1/1710104400.c1.snap.jpg,0.6124742
2024-03-10 21:30:00,/Volumes/Argus/unk/snap/c1/1710106200.c1.snap.jpg,0.6327716
2024-03-10 22:00:00,/Volumes/Argus/unk/snap/c1/1710108000.c1.snap.jpg,0.64873844
2024-03-10 22:30:00,/Volumes/Argus/unk/snap/c1/1710109800.c1.snap.jpg,0.6576134
2024-03-10 23:00:00,/Volumes/Argus/unk/snap/c1/1710111600.c1.snap.jpg,0.7025905
2024-03-11 00:00:00,/Volumes/Argus/unk/snap/c1/1710115200.c1.snap.jpg,0.64236546
2024-03-11 00:30:00,/Volumes/Argus/unk/snap/c1/1710117000.c1.snap.jpg,0.661477
2024-03-11 01:00:00,/Volumes/Argus/unk/snap/c1/1710118800.c1.snap.jpg,0.6605195
2024-03-11 01:30:00,/Volumes/Argus/unk/snap/c1/1710120600.c1.snap.jpg,0.68161166
2024-03-11 02:00:00,/Volumes/Argus/unk/snap/c1/1710122400.c1.snap.jpg,0.6326838
2024-03-11 02:30:00,/Volumes/Argus/unk/snap/c1/1710124200.c1.snap.jpg,0.61706424
2024-03-11 03:00:00,/Volumes/Argus/unk/snap/c1/1710126000.c1.snap.jpg,0.6567622
2024-03-11 03:30:00,/Volumes/Argus/unk/snap/c1/1710127800.c1.snap.jpg,0.6681885
2024-03-11 04:00:00,/Volumes/Argus/unk/snap/c1/1710129600.c1.snap.jpg,1.2257
2024-03-11 04:30:00,/Volumes/Argus/unk/snap/c1/1710131400.c1.snap.jpg,0.93358713
2024-03-11 05:00:00,/Volumes/Argus/unk/snap/c1/1710133200.c1.snap.jpg,1.4114088
2024-03-11 17:00:00,/Volumes/Argus/unk/snap/c1/1710176400.c1.snap.jpg,0.58321023
2024-03-11 17:30:00,/Volumes/Argus/unk/snap/c1/1710178200.c1.snap.jpg,0.75264347
2024-03-11 18:00:00,/Volumes/Argus/unk/snap/c1/1710180000.c1.snap.jpg,0.41145033
2024-03-11 18:30:00,/Volumes/Argus/unk/snap/c1/1710181800.c1.snap.jpg,0.5156652
2024-03-11 19:00:00,/Volumes/Argus/unk/snap/c1/1710183600.c1.snap.jpg,0.47083095
2024-03-11 19:30:00,/Volumes/Argus/unk/snap/c1/1710185400.c1.snap.jpg,0.5296904
2024-03-11 20:00:00,/Volumes/Argus/unk/snap/c1/1710187200.c1.snap.jpg,0.60603315
2024-03-11 20:30:00,/Volumes/Argus/unk/snap/c1/1710189000.c1.snap.jpg,0.6203945
2024-03-11 21:00:00,/Volumes/Argus/unk/snap/c1/1710190800.c1.snap.jpg,0.5873623
2024-03-11 21:30:00,/Volumes/Argus/unk/snap/c1/1710192600.c1.snap.jpg,0.63404965
2024-03-11 22:30:00,/Volumes/Argus/unk/snap/c1/1710196200.c1.snap.jpg,0.66227686
2024-03-11 23:00:00,/Volumes/Argus/unk/snap/c1/1710198000.c1.snap.jpg,0.60756296
2024-03-11 23:30:00,/Volumes/Argus/unk/snap/c1/1710199800.c1.snap.jpg,0.6018248
2024-03-12 00:00:00,/Volumes/Argus/unk/snap/c1/1710201600.c1.snap.jpg,0.5414326
2024-03-12 00:30:00,/Volumes/Argus/unk/snap/c1/1710203400.c1.snap.jpg,0.60129774
2024-03-12 01:00:00,/Volumes/Argus/unk/snap/c1/1710205200.c1.snap.jpg,0.64722705
2024-03-12 01:30:00,/Volumes/Argus/unk/snap/c1/1710207000.c1.snap.jpg,0.6760235
2024-03-12 02:00:00,/Volumes/Argus/unk/snap/c1/1710208800.c1.snap.jpg,0.7219511
2024-03-12 03:30:00,/Volumes/Argus/unk/snap/c1/1710214200.c1.snap.jpg,0.98134893
2024-03-12 04:00:00,/Volumes/Argus/unk/snap/c1/1710216000.c1.snap.jpg,0.7291329
2024-03-12 04:30:00,/Volumes/Argus/unk/snap/c1/1710217800.c1.snap.jpg,0.8297742
2024-03-12 05:00:00,/Volumes/Argus/unk/snap/c1/1710219600.c1.snap.jpg,1.0789605
2024-03-12 17:00:00,/Volumes/Argus/unk/snap/c1/1710262800.c1.snap.jpg,0.6109468
2024-03-12 18:00:00,/Volumes/Argus/unk/snap/c1/1710266400.c1.snap.jpg,0.40032122
2024-03-12 18:30:00,/Volumes/Argus/unk/snap/c1/1710268200.c1.snap.jpg,0.45961896
2024-03-12 19:00:00,/Volumes/Argus/unk/snap/c1/1710270000.c1.snap.jpg,0.44869137
2024-03-12 19:30:00,/Volumes/Argus/unk/snap/c1/1710271800.c1.snap.jpg,0.52613413
2024-03-12 20:00:00,/Volumes/Argus/unk/snap/c1/1710273600.c1.snap.jpg,0.62102664
2024-03-12 20:30:00,/Volumes/Argus/unk/snap/c1/1710275400.c1.snap.jpg,0.66453815
2024-03-12 21:00:00,/Volumes/Argus/unk/snap/c1/1710277200.c1.snap.jpg,0.6045375
2024-03-12 21:30:00,/Volumes/Argus/unk/snap/c1/1710279000.c1.snap.jpg,0.6358666
2024-03-12 22:00:00,/Volumes/Argus/unk/snap/c1/1710280800.c1.snap.jpg,0.6015966
2024-03-12 22:30:00,/Volumes/Argus/unk/snap/c1/1710282600.c1.snap.jpg,0.6163826
2024-03-12 23:00:00,/Volumes/Argus/unk/snap/c1/1710284400.c1.snap.jpg,0.62144685
2024-03-13 00:00:00,/Volumes/Argus/unk/snap/c1/1710288000.c1.snap.jpg,0.5316912
2024-03-13 01:00:00,/Volumes/Argus/unk/snap/c1/1710291600.c1.snap.jpg,0.6598222
2024-03-13 01:30:00,/Volumes/Argus/unk/snap/c1/1710293400.c1.snap.jpg,0.6799879
2024-03-13 02:00:00,/Volumes/Argus/unk/snap/c1/1710295200.c1.snap.jpg,0.83402956
2024-03-13 02:30:00,/Volumes/Argus/unk/snap/c1/1710297000.c1.snap.jpg,0.63520473
2024-03-13 03:00:00,/Volumes/Argus/unk/snap/c1/1710298800.c1.snap.jpg,0.5996524
2024-03-13 03:30:00,/Volumes/Argus/unk/snap/c1/1710300600.c1.snap.jpg,0.91579044
2024-03-13 04:00:00,/Volumes/Argus/unk/snap/c1/1710302400.c1.snap.jpg,1.061244
2024-03-13 04:30:00,/Volumes/Argus/unk/snap/c1/1710304200.c1.snap.jpg,0.7970446
2024-03-13 05:00:00,/Volumes/Argus/unk/snap/c1/1710306000.c1.snap.jpg,1.3428808
2024-03-13 16:30:00,/Volumes/Argus/unk/snap/c1/1710347400.c1.snap.jpg,0.54165775
2024-03-13 17:00:00,/Volumes/Argus/unk/snap/c1/1710349200.c1.snap.jpg,0.6070241
2024-03-13 17:30:00,/Volumes/Argus/unk/snap/c1/1710351000.c1.snap.jpg,0.45987186
2024-03-13 18:00:00,/Volumes/Argus/unk/snap/c1/1710352800.c1.snap.jpg,0.500656
2024-03-13 18:30:00,/Volumes/Argus/unk/snap/c1/1710354600.c1.snap.jpg,0.59851825
2024-03-13 19:00:00,/Volumes/Argus/unk/snap/c1/1710356400.c1.snap.jpg,0.851629
2024-03-13 19:30:00,/Volumes/Argus/unk/snap/c1/1710358200.c1.snap.jpg,0.7348717
2024-03-13 20:00:00,/Volumes/Argus/unk/snap/c1/1710360000.c1.snap.jpg,0.72736716
2024-03-13 20:30:00,/Volumes/Argus/unk/snap/c1/1710361800.c1.snap.jpg,0.557609
2024-03-13 21:00:00,/Volumes/Argus/unk/snap/c1/1710363600.c1.snap.jpg,0.60623145
2024-03-13 21:30:00,/Volumes/Argus/unk/snap/c1/1710365400.c1.snap.jpg,0.5772841
2024-03-13 22:00:00,/Volumes/Argus/unk/snap/c1/1710367200.c1.snap.jpg,0.6752635
2024-03-13 22:30:00,/Volumes/Argus/unk/snap/c1/1710369000.c1.snap.jpg,0.6308762
2024-03-13 23:00:00,/Volumes/Argus/unk/snap/c1/1710370800.c1.snap.jpg,0.59650934
2024-03-13 23:30:00,/Volumes/Argus/unk/snap/c1/1710372600.c1.snap.jpg,0.59861505
2024-03-14 00:00:00,/Volumes/Argus/unk/snap/c1/1710374400.c1.snap.jpg,0.5214281
2024-03-14 00:30:00,/Volumes/Argus/unk/snap/c1/1710376200.c1.snap.jpg,0.5777134
2024-03-14 01:00:00,/Volumes/Argus/unk/snap/c1/1710378000.c1.snap.jpg,0.64352185
2024-03-14 03:00:00,/Volumes/Argus/unk/snap/c1/1710385200.c1.snap.jpg,0.7056067
2024-03-14 04:30:00,/Volumes/Argus/unk/snap/c1/1710390600.c1.snap.jpg,0.78537846
2024-03-14 05:00:00,/Volumes/Argus/unk/snap/c1/1710392400.c1.snap.jpg,0.941439
2024-03-14 16:30:00,/Volumes/Argus/unk/snap/c1/1710433800.c1.snap.jpg,0.57654494
2024-03-14 17:00:00,/Volumes/Argus/unk/snap/c1/1710435600.c1.snap.jpg,0.62499523
2024-03-14 17:30:00,/Volumes/Argus/unk/snap/c1/1710437400.c1.snap.jpg,0.46204713
2024-03-14 18:00:00,/Volumes/Argus/unk/snap/c1/1710439200.c1.snap.jpg,0.47686374
2024-03-14 18:30:00,/Volumes/Argus/unk/snap/c1/1710441000.c1.snap.jpg,0.50333333
2024-03-14 19:00:00,/Volumes/Argus/unk/snap/c1/1710442800.c1.snap.jpg,0.47095585
2024-03-14 19:30:00,/Volumes/Argus/unk/snap/c1/1710444600.c1.snap.jpg,0.48968968
2024-03-14 20:00:00,/Volumes/Argus/unk/snap/c1/1710446400.c1.snap.jpg,0.6409389
2024-03-14 20:30:00,/Volumes/Argus/unk/snap/c1/1710448200.c1.snap.jpg,0.6303433
2024-03-14 21:00:00,/Volumes/Argus/unk/snap/c1/1710450000.c1.snap.jpg,0.5993589
2024-03-14 22:00:00,/Volumes/Argus/unk/snap/c1/1710453600.c1.snap.jpg,0.6632115
2024-03-14 23:00:00,/Volumes/Argus/unk/snap/c1/1710457200.c1.snap.jpg,0.6340269
2024-03-14 23:30:00,/Volumes/Argus/unk/snap/c1/1710459000.c1.snap.jpg,0.5402092
2024-03-15 00:00:00,/Volumes/Argus/unk/snap/c1/1710460800.c1.snap.jpg,0.5460288
2024-03-15 00:30:00,/Volumes/Argus/unk/snap/c1/1710462600.c1.snap.jpg,0.60153395
2024-03-15 01:00:00,/Volumes/Argus/unk/snap/c1/1710464400.c1.snap.jpg,0.6671479
2024-03-15 01:30:00,/Volumes/Argus/unk/snap/c1/1710466200.c1.snap.jpg,0.6889571
2024-03-15 02:00:00,/Volumes/Argus/unk/snap/c1/1710468000.c1.snap.jpg,0.70611787
2024-03-15 02:30:00,/Volumes/Argus/unk/snap/c1/1710469800.c1.snap.jpg,0.70208794
2024-03-15 03:00:00,/Volumes/Argus/unk/snap/c1/1710471600.c1.snap.jpg,0.7161028
2024-03-15 03:30:00,/Volumes/Argus/unk/snap/c1/1710473400.c1.snap.jpg,1.1863425
2024-03-15 04:00:00,/Volumes/Argus/unk/snap/c1/1710475200.c1.snap.jpg,0.7664219
2024-03-15 04:30:00,/Volumes/Argus/unk/snap/c1/1710477000.c1.snap.jpg,1.0739636
2024-03-15 16:30:00,/Volumes/Argus/unk/snap/c1/1710520200.c1.snap.jpg,0.68375504
2024-03-15 17:00:00,/Volumes/Argus/unk/snap/c1/1710522000.c1.snap.jpg,0.6502509
2024-03-15 17:30:00,/Volumes/Argus/unk/snap/c1/1710523800.c1.snap.jpg,0.50739986
2024-03-15 18:00:00,/Volumes/Argus/unk/snap/c1/1710525600.c1.snap.jpg,0.5218629
2024-03-15 18:30:00,/Volumes/Argus/unk/snap/c1/1710527400.c1.snap.jpg,0.54444605
2024-03-15 19:00:00,/Volumes/Argus/unk/snap/c1/1710529200.c1.snap.jpg,0.47689903
2024-03-15 19:30:00,/Volumes/Argus/unk/snap/c1/1710531000.c1.snap.jpg,0.5532064
2024-03-15 20:00:00,/Volumes/Argus/unk/snap/c1/1710532800.c1.snap.jpg,0.57452065
2024-03-15 20:30:00,/Volumes/Argus/unk/snap/c1/1710534600.c1.snap.jpg,0.6004244
2024-03-15 21:00:00,/Volumes/Argus/unk/snap/c1/1710536400.c1.snap.jpg,0.5460166
2024-03-15 21:30:00,/Volumes/Argus/unk/snap/c1/1710538200.c1.snap.jpg,0.6103215
2024-03-15 22:00:00,/Volumes/Argus/unk/snap/c1/1710540000.c1.snap.jpg,0.6616804
2024-03-15 22:30:00,/Volumes/Argus/unk/snap/c1/1710541800.c1.snap.jpg,0.7561454
2024-03-15 23:00:00,/Volumes/Argus/unk/snap/c1/1710543600.c1.snap.jpg,0.7187909
2024-03-15 23:30:00,/Volumes/Argus/unk/snap/c1/1710545400.c1.snap.jpg,0.6249571
2024-03-16 00:00:00,/Volumes/Argus/unk/snap/c1/1710547200.c1.snap.jpg,0.6058953
2024-03-16 00:30:00,/Volumes/Argus/unk/snap/c1/1710549000.c1.snap.jpg,0.5746142
2024-03-16 01:00:00,/Volumes/Argus/unk/snap/c1/1710550800.c1.snap.jpg,0.6813464
2024-03-16 01:30:00,/Volumes/Argus/unk/snap/c1/1710552600.c1.snap.jpg,0.6524308
2024-03-16 02:00:00,/Volumes/Argus/unk/snap/c1/1710554400.c1.snap.jpg,0.68818164
2024-03-16 02:30:00,/Volumes/Argus/unk/snap/c1/1710556200.c1.snap.jpg,0.6729978
2024-03-16 03:00:00,/Volumes/Argus/unk/snap/c1/1710558000.c1.snap.jpg,0.6845441
2024-03-16 03:30:00,/Volumes/Argus/unk/snap/c1/1710559800.c1.snap.jpg,0.7961123
2024-03-16 04:00:00,/Volumes/Argus/unk/snap/c1/1710561600.c1.snap.jpg,0.7638263
2024-03-16 04:30:00,/Volumes/Argus/unk/snap/c1/1710563400.c1.snap.jpg,0.62950444
2024-03-16 17:00:00,/Volumes/Argus/unk/snap/c1/1710608400.c1.snap.jpg,0.64422727
2024-03-16 17:30:00,/Volumes/Argus/unk/snap/c1/1710610200.c1.snap.jpg,0.43327522
2024-03-16 18:30:00,/Volumes/Argus/unk/snap/c1/1710613800.c1.snap.jpg,0.51180136
2024-03-16 19:00:00,/Volumes/Argus/unk/snap/c1/1710615600.c1.snap.jpg,0.4934354
2024-03-16 19:30:00,/Volumes/Argus/unk/snap/c1/1710617400.c1.snap.jpg,0.47645605
2024-03-16 20:00:00,/Volumes/Argus/unk/snap/c1/1710619200.c1.snap.jpg,0.5390897
2024-03-16 20:30:00,/Volumes/Argus/unk/snap/c1/1710621000.c1.snap.jpg,0.5059608
2024-03-16 21:00:00,/Volumes/Argus/unk/snap/c1/1710622800.c1.snap.jpg,0.51047736
2024-03-16 21:30:00,/Volumes/Argus/unk/snap/c1/1710624600.c1.snap.jpg,0.5724044
2024-03-16 22:00:00,/Volumes/Argus/unk/snap/c1/1710626400.c1.snap.jpg,0.6689619
2024-03-16 22:30:00,/Volumes/Argus/unk/snap/c1/1710628200.c1.snap.jpg,0.706324
2024-03-16 23:00:00,/Volumes/Argus/unk/snap/c1/1710630000.c1.snap.jpg,0.6722606
2024-03-16 23:30:00,/Volumes/Argus/unk/snap/c1/1710631800.c1.snap.jpg,0.63626146
2024-03-17 00:00:00,/Volumes/Argus/unk/snap/c1/1710633600.c1.snap.jpg,0.5788405
2024-03-17 00:30:00,/Volumes/Argus/unk/snap/c1/1710635400.c1.snap.jpg,0.5781677
2024-03-17 01:00:00,/Volumes/Argus/unk/snap/c1/1710637200.c1.snap.jpg,0.60729927
2024-03-17 01:30:00,/Volumes/Argus/unk/snap/c1/1710639000.c1.snap.jpg,0.64348745
2024-03-17 02:00:00,/Volumes/Argus/unk/snap/c1/1710640800.c1.snap.jpg,0.6614567
2024-03-17 03:00:00,/Volumes/Argus/unk/snap/c1/1710644400.c1.snap.jpg,0.67544323
2024-03-17 03:30:00,/Volumes/Argus/unk/snap/c1/1710646200.c1.snap.jpg,0.8130524
2024-03-17 04:00:00,/Volumes/Argus/unk/snap/c1/1710648000.c1.snap.jpg,0.7422096
2024-03-17 04:30:00,/Volumes/Argus/unk/snap/c1/1710649800.c1.snap.jpg,0.6884526
2024-03-17 05:00:00,/Volumes/Argus/unk/snap/c1/1710651600.c1.snap.jpg,1.0121841
2024-03-17 05:30:00,/Volumes/Argus/unk/snap/c1/1710653400.c1.snap.jpg,0.8655648
2024-03-17 16:30:00,/Volumes/Argus/unk/snap/c1/1710693000.c1.snap.jpg,0.5787692
2024-03-17 17:00:00,/Volumes/Argus/unk/snap/c1/1710694800.c1.snap.jpg,0.6371671
2024-03-17 17:30:00,/Volumes/Argus/unk/snap/c1/1710696600.c1.snap.jpg,0.57955056
2024-03-17 18:00:00,/Volumes/Argus/unk/snap/c1/1710698400.c1.snap.jpg,0.57126445
2024-03-17 18:30:00,/Volumes/Argus/unk/snap/c1/1710700200.c1.snap.jpg,0.864791
2024-03-17 19:00:00,/Volumes/Argus/unk/snap/c1/1710702000.c1.snap.jpg,0.64562654
2024-03-17 19:30:00,/Volumes/Argus/unk/snap/c1/1710703800.c1.snap.jpg,0.960276
2024-03-17 20:00:00,/Volumes/Argus/unk/snap/c1/1710705600.c1.snap.jpg,0.68439174
2024-03-17 20:30:00,/Volumes/Argus/unk/snap/c1/1710707400.c1.snap.jpg,0.58661723
2024-03-17 21:00:00,/Volumes/Argus/unk/snap/c1/1710709200.c1.snap.jpg,0.56014967
2024-03-17 21:30:00,/Volumes/Argus/unk/snap/c1/1710711000.c1.snap.jpg,0.63599825
2024-03-17 22:00:00,/Volumes/Argus/unk/snap/c1/1710712800.c1.snap.jpg,0.50051
2024-03-17 22:30:00,/Volumes/Argus/unk/snap/c1/1710714600.c1.snap.jpg,0.7078667
2024-03-17 23:00:00,/Volumes/Argus/unk/snap/c1/1710716400.c1.snap.jpg,0.70047206
2024-03-17 23:30:00,/Volumes/Argus/unk/snap/c1/1710718200.c1.snap.jpg,0.6808928
2024-03-18 00:00:00,/Volumes/Argus/unk/snap/c1/1710720000.c1.snap.jpg,0.617766
2024-03-18 00:30:00,/Volumes/Argus/unk/snap/c1/1710721800.c1.snap.jpg,0.69050926
2024-03-18 01:00:00,/Volumes/Argus/unk/snap/c1/1710723600.c1.snap.jpg,0.9566778
2024-03-18 01:30:00,/Volumes/Argus/unk/snap/c1/1710725400.c1.snap.jpg,0.6487565
2024-03-18 02:00:00,/Volumes/Argus/unk/snap/c1/1710727200.c1.snap.jpg,0.7904336
2024-03-18 02:30:00,/Volumes/Argus/unk/snap/c1/1710729000.c1.snap.jpg,1.1026864
2024-03-18 03:00:00,/Volumes/Argus/unk/snap/c1/1710730800.c1.snap.jpg,0.9157571
2024-03-18 03:30:00,/Volumes/Argus/unk/snap/c1/1710732600.c1.snap.jpg,0.99672693
2024-03-18 04:00:00,/Volumes/Argus/unk/snap/c1/1710734400.c1.snap.jpg,0.8199159
2024-03-18 04:30:00,/Volumes/Argus/unk/snap/c1/1710736200.c1.snap.jpg,0.61048794
2024-03-18 05:00:00,/Volumes/Argus/unk/snap/c1/1710738000.c1.snap.jpg,0.6206934
2024-03-18 05:30:00,/Volumes/Argus/unk/snap/c1/1710739800.c1.snap.jpg,0.6491606
2024-03-18 16:30:00,/Volumes/Argus/unk/snap/c1/1710779400.c1.snap.jpg,0.54259336
2024-03-18 17:00:00,/Volumes/Argus/unk/snap/c1/1710781200.c1.snap.jpg,0.63164246
2024-03-18 17:30:00,/Volumes/Argus/unk/snap/c1/1710783000.c1.snap.jpg,0.44736353
2024-03-18 18:30:00,/Volumes/Argus/unk/snap/c1/1710786600.c1.snap.jpg,0.5648613
2024-03-18 19:00:00,/Volumes/Argus/unk/snap/c1/1710788400.c1.snap.jpg,0.50274336
2024-03-18 19:30:00,/Volumes/Argus/unk/snap/c1/1710790200.c1.snap.jpg,0.53770226
2024-03-18 20:00:00,/Volumes/Argus/unk/snap/c1/1710792000.c1.snap.jpg,0.58282804
2024-03-18 20:30:00,/Volumes/Argus/unk/snap/c1/1710793800.c1.snap.jpg,0.5924398
2024-03-18 21:30:00,/Volumes/Argus/unk/snap/c1/1710797400.c1.snap.jpg,0.7143925
2024-03-18 22:00:00,/Volumes/Argus/unk/snap/c1/1710799200.c1.snap.jpg,0.6877673
2024-03-18 22:30:00,/Volumes/Argus/unk/snap/c1/1710801000.c1.snap.jpg,0.73315716
2024-03-18 23:00:00,/Volumes/Argus/unk/snap/c1/1710802800.c1.snap.jpg,0.65814483
2024-03-19 00:30:00,/Volumes/Argus/unk/snap/c1/1710808200.c1.snap.jpg,0.644897
2024-03-19 01:00:00,/Volumes/Argus/unk/snap/c1/1710810000.c1.snap.jpg,0.66075814
2024-03-19 01:30:00,/Volumes/Argus/unk/snap/c1/1710811800.c1.snap.jpg,0.66880643
2024-03-19 02:00:00,/Volumes/Argus/unk/snap/c1/1710813600.c1.snap.jpg,0.59809536
2024-03-19 02:30:00,/Volumes/Argus/unk/snap/c1/1710815400.c1.snap.jpg,0.69058746
2024-03-19 03:00:00,/Volumes/Argus/unk/snap/c1/1710817200.c1.snap.jpg,0.6471877
2024-03-19 03:30:00,/Volumes/Argus/unk/snap/c1/1710819000.c1.snap.jpg,0.6487835
2024-03-19 04:00:00,/Volumes/Argus/unk/snap/c1/1710820800.c1.snap.jpg,0.6757196
2024-03-19 05:30:00,/Volumes/Argus/unk/snap/c1/1710826200.c1.snap.jpg,0.6472194
2024-03-19 16:30:00,/Volumes/Argus/unk/snap/c1/1710865800.c1.snap.jpg,0.6257996
2024-03-19 17:00:00,/Volumes/Argus/unk/snap/c1/1710867600.c1.snap.jpg,0.52214396
2024-03-19 17:30:00,/Volumes/Argus/unk/snap/c1/1710869400.c1.snap.jpg,0.6144489
2024-03-19 18:00:00,/Volumes/Argus/unk/snap/c1/1710871200.c1.snap.jpg,0.6137423
2024-03-19 18:30:00,/Volumes/Argus/unk/snap/c1/1710873000.c1.snap.jpg,0.609028
2024-03-19 19:00:00,/Volumes/Argus/unk/snap/c1/1710874800.c1.snap.jpg,0.578024
2024-03-19 19:30:00,/Volumes/Argus/unk/snap/c1/1710876600.c1.snap.jpg,0.7053582
2024-03-19 20:00:00,/Volumes/Argus/unk/snap/c1/1710878400.c1.snap.jpg,0.7353068
2024-03-19 20:30:00,/Volumes/Argus/unk/snap/c1/1710880200.c1.snap.jpg,0.7264685
2024-03-19 21:00:00,/Volumes/Argus/unk/snap/c1/1710882000.c1.snap.jpg,0.71038306
2024-03-19 21:30:00,/Volumes/Argus/unk/snap/c1/1710883800.c1.snap.jpg,0.6793587
2024-03-19 22:00:00,/Volumes/Argus/unk/snap/c1/1710885600.c1.snap.jpg,0.67087114
2024-03-19 22:30:00,/Volumes/Argus/unk/snap/c1/1710887400.c1.snap.jpg,0.63124907
2024-03-19 23:30:00,/Volumes/Argus/unk/snap/c1/1710891000.c1.snap.jpg,0.60355645
2024-03-20 00:00:00,/Volumes/Argus/unk/snap/c1/1710892800.c1.snap.jpg,0.6546539
2024-03-20 00:30:00,/Volumes/Argus/unk/snap/c1/1710894600.c1.snap.jpg,0.6473826
2024-03-20 01:00:00,/Volumes/Argus/unk/snap/c1/1710896400.c1.snap.jpg,0.6487016
2024-03-20 01:30:00,/Volumes/Argus/unk/snap/c1/1710898200.c1.snap.jpg,0.67375463
2024-03-20 02:00:00,/Volumes/Argus/unk/snap/c1/1710900000.c1.snap.jpg,0.6698171
2024-03-20 02:30:00,/Volumes/Argus/unk/snap/c1/1710901800.c1.snap.jpg,0.6691532
2024-03-20 03:00:00,/Volumes/Argus/unk/snap/c1/1710903600.c1.snap.jpg,0.65146756
2024-03-20 03:30:00,/Volumes/Argus/unk/snap/c1/1710905400.c1.snap.jpg,0.68688554
2024-03-20 04:00:00,/Volumes/Argus/unk/snap/c1/1710907200.c1.snap.jpg,0.6856596
2024-03-20 16:30:00,/Volumes/Argus/unk/snap/c1/1710952200.c1.snap.jpg,0.67076737
2024-03-20 17:00:00,/Volumes/Argus/unk/snap/c1/1710954000.c1.snap.jpg,0.65590036
2024-03-20 17:30:00,/Volumes/Argus/unk/snap/c1/1710955800.c1.snap.jpg,0.79910266
2024-03-20 18:00:00,/Volumes/Argus/unk/snap/c1/1710957600.c1.snap.jpg,0.60978556
2024-03-20 18:30:00,/Volumes/Argus/unk/snap/c1/1710959400.c1.snap.jpg,0.6223117
2024-03-20 19:00:00,/Volumes/Argus/unk/snap/c1/1710961200.c1.snap.jpg,0.6789943
2024-03-20 19:30:00,/Volumes/Argus/unk/snap/c1/1710963000.c1.snap.jpg,0.5779101
2024-03-20 20:00:00,/Volumes/Argus/unk/snap/c1/1710964800.c1.snap.jpg,0.77361023
2024-03-20 20:30:00,/Volumes/Argus/unk/snap/c1/1710966600.c1.snap.jpg,0.6152107
2024-03-20 21:00:00,/Volumes/Argus/unk/snap/c1/1710968400.c1.snap.jpg,0.80342615
2024-03-20 21:30:00,/Volumes/Argus/unk/snap/c1/1710970200.c1.snap.jpg,0.67449754
2024-03-20 22:00:00,/Volumes/Argus/unk/snap/c1/1710972000.c1.snap.jpg,0.610511
2024-03-20 22:30:00,/Volumes/Argus/unk/snap/c1/1710973800.c1.snap.jpg,0.65283614
2024-03-20 23:00:00,/Volumes/Argus/unk/snap/c1/1710975600.c1.snap.jpg,0.7108455
2024-03-20 23:30:00,/Volumes/Argus/unk/snap/c1/1710977400.c1.snap.jpg,0.66624427
2024-03-21 00:00:00,/Volumes/Argus/unk/snap/c1/1710979200.c1.snap.jpg,0.695014
2024-03-21 00:30:00,/Volumes/Argus/unk/snap/c1/1710981000.c1.snap.jpg,0.6821389
2024-03-21 01:00:00,/Volumes/Argus/unk/snap/c1/1710982800.c1.snap.jpg,0.7025435
2024-03-21 01:30:00,/Volumes/Argus/unk/snap/c1/1710984600.c1.snap.jpg,0.6869048
2024-03-21 02:30:00,/Volumes/Argus/unk/snap/c1/1710988200.c1.snap.jpg,0.8183689
2024-03-21 03:00:00,/Volumes/Argus/unk/snap/c1/1710990000.c1.snap.jpg,0.73872817
2024-03-21 03:30:00,/Volumes/Argus/unk/snap/c1/1710991800.c1.snap.jpg,0.741247
2024-03-21 04:00:00,/Volumes/Argus/unk/snap/c1/1710993600.c1.snap.jpg,0.6452721
2024-03-21 04:30:00,/Volumes/Argus/unk/snap/c1/1710995400.c1.snap.jpg,0.6627271
2024-03-21 05:00:00,/Volumes/Argus/unk/snap/c1/1710997200.c1.snap.jpg,0.68946195
2024-03-21 05:30:00,/Volumes/Argus/unk/snap/c1/1710999000.c1.snap.jpg,0.8501226
2024-03-21 16:00:00,/Volumes/Argus/unk/snap/c1/1711036800.c1.snap.jpg,0.73745483
2024-03-21 16:30:00,/Volumes/Argus/unk/snap/c1/1711038600.c1.snap.jpg,0.6536046
2024-03-21 17:00:00,/Volumes/Argus/unk/snap/c1/1711040400.c1.snap.jpg,0.6683201
2024-03-21 17:30:00,/Volumes/Argus/unk/snap/c1/1711042200.c1.snap.jpg,0.70972306
2024-03-21 18:00:00,/Volumes/Argus/unk/snap/c1/1711044000.c1.snap.jpg,0.71469516
2024-03-21 18:30:00,/Volumes/Argus/unk/snap/c1/1711045800.c1.snap.jpg,0.7065122
2024-03-21 19:00:00,/Volumes/Argus/unk/snap/c1/1711047600.c1.snap.jpg,0.6690077
2024-03-21 19:30:00,/Volumes/Argus/unk/snap/c1/1711049400.c1.snap.jpg,0.75234324
2024-03-21 20:00:00,/Volumes/Argus/unk/snap/c1/1711051200.c1.snap.jpg,0.6640841
2024-03-21 20:30:00,/Volumes/Argus/unk/snap/c1/1711053000.c1.snap.jpg,0.7260625
2024-03-21 21:00:00,/Volumes/Argus/unk/snap/c1/1711054800.c1.snap.jpg,0.6083796
2024-03-21 21:30:00,/Volumes/Argus/unk/snap/c1/1711056600.c1.snap.jpg,0.7817671
2024-03-21 22:00:00,/Volumes/Argus/unk/snap/c1/1711058400.c1.snap.jpg,0.838666
2024-03-21 22:30:00,/Volumes/Argus/unk/snap/c1/1711060200.c1.snap.jpg,0.79810226
2024-03-22 00:30:00,/Volumes/Argus/unk/snap/c1/1711067400.c1.snap.jpg,0.69101775
2024-03-22 01:00:00,/Volumes/Argus/unk/snap/c1/1711069200.c1.snap.jpg,0.74075377
2024-03-22 02:30:00,/Volumes/Argus/unk/snap/c1/1711074600.c1.snap.jpg,0.6804626
2024-03-22 03:00:00,/Volumes/Argus/unk/snap/c1/1711076400.c1.snap.jpg,0.7944974
2024-03-22 03:30:00,/Volumes/Argus/unk/snap/c1/1711078200.c1.snap.jpg,0.6956333
2024-03-22 04:00:00,/Volumes/Argus/unk/snap/c1/1711080000.c1.snap.jpg,0.71936315
2024-03-22 04:30:00,/Volumes/Argus/unk/snap/c1/1711081800.c1.snap.jpg,0.6677593
2024-03-22 05:00:00,/Volumes/Argus/unk/snap/c1/1711083600.c1.snap.jpg,0.73964024
2024-03-22 05:30:00,/Volumes/Argus/unk/snap/c1/1711085400.c1.snap.jpg,0.7322091
2024-03-22 16:00:00,/Volumes/Argus/unk/snap/c1/1711123200.c1.snap.jpg,0.78574425
2024-03-22 16:30:00,/Volumes/Argus/unk/snap/c1/1711125000.c1.snap.jpg,0.87882006
2024-03-22 17:00:00,/Volumes/Argus/unk/snap/c1/1711126800.c1.snap.jpg,0.938775
2024-03-22 17:30:00,/Volumes/Argus/unk/snap/c1/1711128600.c1.snap.jpg,0.77983195
2024-03-22 18:00:00,/Volumes/Argus/unk/snap/c1/1711130400.c1.snap.jpg,0.7522429
2024-03-22 18:30:00,/Volumes/Argus/unk/snap/c1/1711132200.c1.snap.jpg,0.8872125
2024-03-22 19:00:00,/Volumes/Argus/unk/snap/c1/1711134000.c1.snap.jpg,0.7906575
2024-03-22 19:30:00,/Volumes/Argus/unk/snap/c1/1711135800.c1.snap.jpg,0.9223552
2024-03-22 20:00:00,/Volumes/Argus/unk/snap/c1/1711137600.c1.snap.jpg,0.8764286
2024-03-22 20:30:00,/Volumes/Argus/unk/snap/c1/1711139400.c1.snap.jpg,0.8416542
2024-03-22 21:00:00,/Volumes/Argus/unk/snap/c1/1711141200.c1.snap.jpg,0.782565
2024-03-22 21:30:00,/Volumes/Argus/unk/snap/c1/1711143000.c1.snap.jpg,0.9569422
2024-03-22 22:00:00,/Volumes/Argus/unk/snap/c1/1711144800.c1.snap.jpg,0.8911454
2024-03-22 22:30:00,/Volumes/Argus/unk/snap/c1/1711146600.c1.snap.jpg,0.9000181
2024-03-22 23:00:00,/Volumes/Argus/unk/snap/c1/1711148400.c1.snap.jpg,0.8928307
2024-03-22 23:30:00,/Volumes/Argus/unk/snap/c1/1711150200.c1.snap.jpg,0.9518994
2024-03-23 00:00:00,/Volumes/Argus/unk/snap/c1/1711152000.c1.snap.jpg,0.7565173
2024-03-23 00:30:00,/Volumes/Argus/unk/snap/c1/1711153800.c1.snap.jpg,0.7464794
2024-03-23 01:00:00,/Volumes/Argus/unk/snap/c1/1711155600.c1.snap.jpg,1.0393286
2024-03-23 01:30:00,/Volumes/Argus/unk/snap/c1/1711157400.c1.snap.jpg,1.0211363
2024-03-23 02:00:00,/Volumes/Argus/unk/snap/c1/1711159200.c1.snap.jpg,1.1300821
2024-03-23 02:30:00,/Volumes/Argus/unk/snap/c1/1711161000.c1.snap.jpg,0.9954981
2024-03-23 03:00:00,/Volumes/Argus/unk/snap/c1/1711162800.c1.snap.jpg,1.1784065
2024-03-23 03:30:00,/Volumes/Argus/unk/snap/c1/1711164600.c1.snap.jpg,0.9847424
2024-03-23 04:00:00,/Volumes/Argus/unk/snap/c1/1711166400.c1.snap.jpg,0.87891257
2024-03-23 04:30:00,/Volumes/Argus/unk/snap/c1/1711168200.c1.snap.jpg,0.8330447
2024-03-23 05:00:00,/Volumes/Argus/unk/snap/c1/1711170000.c1.snap.jpg,0.8824701
2024-03-23 05:30:00,/Volumes/Argus/unk/snap/c1/1711171800.c1.snap.jpg,0.84405535
2024-03-23 16:00:00,/Volumes/Argus/unk/snap/c1/1711209600.c1.snap.jpg,0.863994
2024-03-23 16:30:00,/Volumes/Argus/unk/snap/c1/1711211400.c1.snap.jpg,0.74931073
2024-03-23 17:00:00,/Volumes/Argus/unk/snap/c1/1711213200.c1.snap.jpg,0.7084658
2024-03-23 17:30:00,/Volumes/Argus/unk/snap/c1/1711215000.c1.snap.jpg,0.74666935
2024-03-23 18:00:00,/Volumes/Argus/unk/snap/c1/1711216800.c1.snap.jpg,1.0698507
2024-03-23 18:30:00,/Volumes/Argus/unk/snap/c1/1711218600.c1.snap.jpg,0.844898
2024-03-23 19:00:00,/Volumes/Argus/unk/snap/c1/1711220400.c1.snap.jpg,0.81509507
2024-03-23 19:30:00,/Volumes/Argus/unk/snap/c1/1711222200.c1.snap.jpg,0.94095504
2024-03-23 20:00:00,/Volumes/Argus/unk/snap/c1/1711224000.c1.snap.jpg,1.0067426
2024-03-23 20:30:00,/Volumes/Argus/unk/snap/c1/1711225800.c1.snap.jpg,0.9828544
2024-03-23 21:00:00,/Volumes/Argus/unk/snap/c1/1711227600.c1.snap.jpg,0.89215803
2024-03-23 21:30:00,/Volumes/Argus/unk/snap/c1/1711229400.c1.snap.jpg,0.86307675
2024-03-23 22:00:00,/Volumes/Argus/unk/snap/c1/1711231200.c1.snap.jpg,0.7752056
2024-03-23 22:30:00,/Volumes/Argus/unk/snap/c1/1711233000.c1.snap.jpg,0.7825445
2024-03-23 23:00:00,/Volumes/Argus/unk/snap/c1/1711234800.c1.snap.jpg,0.80203474
2024-03-23 23:30:00,/Volumes/Argus/unk/snap/c1/1711236600.c1.snap.jpg,0.9316149
2024-03-24 00:00:00,/Volumes/Argus/unk/snap/c1/1711238400.c1.snap.jpg,0.8295436
2024-03-24 01:00:00,/Volumes/Argus/unk/snap/c1/1711242000.c1.snap.jpg,0.77675354
2024-03-24 01:30:00,/Volumes/Argus/unk/snap/c1/1711243800.c1.snap.jpg,0.9461643
2024-03-24 02:00:00,/Volumes/Argus/unk/snap/c1/1711245600.c1.snap.jpg,0.88582456
2024-03-24 02:30:00,/Volumes/Argus/unk/snap/c1/1711247400.c1.snap.jpg,0.81195855
2024-03-24 03:00:00,/Volumes/Argus/unk/snap/c1/1711249200.c1.snap.jpg,0.8016883
2024-03-24 03:30:00,/Volumes/Argus/unk/snap/c1/1711251000.c1.snap.jpg,0.6161245
2024-03-24 04:00:00,/Volumes/Argus/unk/snap/c1/1711252800.c1.snap.jpg,0.61650395
2024-03-24 04:30:00,/Volumes/Argus/unk/snap/c1/1711254600.c1.snap.jpg,0.7145001
2024-03-24 05:30:00,/Volumes/Argus/unk/snap/c1/1711258200.c1.snap.jpg,0.79602945
2024-03-24 16:00:00,/Volumes/Argus/unk/snap/c1/1711296000.c1.snap.jpg,0.6926876
2024-03-24 16:30:00,/Volumes/Argus/unk/snap/c1/1711297800.c1.snap.jpg,0.6836211
2024-03-24 17:00:00,/Volumes/Argus/unk/snap/c1/1711299600.c1.snap.jpg,0.67519695
2024-03-24 17:30:00,/Volumes/Argus/unk/snap/c1/1711301400.c1.snap.jpg,0.67570907
2024-03-24 18:00:00,/Volumes/Argus/unk/snap/c1/1711303200.c1.snap.jpg,0.67345273
2024-03-24 18:30:00,/Volumes/Argus/unk/snap/c1/1711305000.c1.snap.jpg,0.6770492
2024-03-24 19:30:00,/Volumes/Argus/unk/snap/c1/1711308600.c1.snap.jpg,0.8124804
2024-03-24 20:00:00,/Volumes/Argus/unk/snap/c1/1711310400.c1.snap.jpg,0.70460033
2024-03-24 20:30:00,/Volumes/Argus/unk/snap/c1/1711312200.c1.snap.jpg,0.7375424
2024-03-24 21:00:00,/Volumes/Argus/unk/snap/c1/1711314000.c1.snap.jpg,0.628154
2024-03-24 21:30:00,/Volumes/Argus/unk/snap/c1/1711315800.c1.snap.jpg,0.81010437
2024-03-24 22:00:00,/Volumes/Argus/unk/snap/c1/1711317600.c1.snap.jpg,0.8888854
2024-03-24 22:30:00,/Volumes/Argus/unk/snap/c1/1711319400.c1.snap.jpg,0.8664032
2024-03-24 23:00:00,/Volumes/Argus/unk/snap/c1/1711321200.c1.snap.jpg,0.9339073
2024-03-24 23:30:00,/Volumes/Argus/unk/snap/c1/1711323000.c1.snap.jpg,0.7702302
2024-03-25 00:00:00,/Volumes/Argus/unk/snap/c1/1711324800.c1.snap.jpg,0.94286156
2024-03-25 00:30:00,/Volumes/Argus/unk/snap/c1/1711326600.c1.snap.jpg,0.7561852
2024-03-25 02:00:00,/Volumes/Argus/unk/snap/c1/1711332000.c1.snap.jpg,0.7014966
2024-03-25 02:30:00,/Volumes/Argus/unk/snap/c1/1711333800.c1.snap.jpg,0.7908165
2024-03-25 03:00:00,/Volumes/Argus/unk/snap/c1/1711335600.c1.snap.jpg,1.2220939
2024-03-25 03:30:00,/Volumes/Argus/unk/snap/c1/1711337400.c1.snap.jpg,0.6240216
2024-03-25 04:00:00,/Volumes/Argus/unk/snap/c1/1711339200.c1.snap.jpg,0.7886963
2024-03-25 04:30:00,/Volumes/Argus/unk/snap/c1/1711341000.c1.snap.jpg,0.8914043
2024-03-25 05:00:00,/Volumes/Argus/unk/snap/c1/1711342800.c1.snap.jpg,0.80284435
2024-03-25 05:30:00,/Volumes/Argus/unk/snap/c1/1711344600.c1.snap.jpg,0.7617533
2024-03-25 16:00:00,/Volumes/Argus/unk/snap/c1/1711382400.c1.snap.jpg,0.8132108
2024-03-25 16:30:00,/Volumes/Argus/unk/snap/c1/1711384200.c1.snap.jpg,0.77874315
2024-03-25 17:00:00,/Volumes/Argus/unk/snap/c1/1711386000.c1.snap.jpg,0.90258545
2024-03-25 17:30:00,/Volumes/Argus/unk/snap/c1/1711387800.c1.snap.jpg,0.86449236
2024-03-25 18:00:00,/Volumes/Argus/unk/snap/c1/1711389600.c1.snap.jpg,1.1391609
2024-03-25 18:30:00,/Volumes/Argus/unk/snap/c1/1711391400.c1.snap.jpg,0.9131216
2024-03-25 19:00:00,/Volumes/Argus/unk/snap/c1/1711393200.c1.snap.jpg,0.9479623
2024-03-25 20:00:00,/Volumes/Argus/unk/snap/c1/1711396800.c1.snap.jpg,0.9515008
2024-03-25 20:30:00,/Volumes/Argus/unk/snap/c1/1711398600.c1.snap.jpg,0.9387946
2024-03-25 21:00:00,/Volumes/Argus/unk/snap/c1/1711400400.c1.snap.jpg,0.9882773
2024-03-25 21:30:00,/Volumes/Argus/unk/snap/c1/1711402200.c1.snap.jpg,0.98056746
2024-03-25 22:00:00,/Volumes/Argus/unk/snap/c1/1711404000.c1.snap.jpg,1.0538293
2024-03-25 22:30:00,/Volumes/Argus/unk/snap/c1/1711405800.c1.snap.jpg,0.94680774
2024-03-25 23:00:00,/Volumes/Argus/unk/snap/c1/1711407600.c1.snap.jpg,0.95220774
2024-03-25 23:30:00,/Volumes/Argus/unk/snap/c1/1711409400.c1.snap.jpg,0.92405176
2024-03-26 00:00:00,/Volumes/Argus/unk/snap/c1/1711411200.c1.snap.jpg,0.7947049
2024-03-26 00:30:00,/Volumes/Argus/unk/snap/c1/1711413000.c1.snap.jpg,0.9802869
2024-03-26 01:00:00,/Volumes/Argus/unk/snap/c1/1711414800.c1.snap.jpg,0.9484091
2024-03-26 01:30:00,/Volumes/Argus/unk/snap/c1/1711416600.c1.snap.jpg,0.932793
2024-03-26 02:00:00,/Volumes/Argus/unk/snap/c1/1711418400.c1.snap.jpg,0.7859175
2024-03-26 02:30:00,/Volumes/Argus/unk/snap/c1/1711420200.c1.snap.jpg,0.69931734
2024-03-26 03:30:00,/Volumes/Argus/unk/snap/c1/1711423800.c1.snap.jpg,0.89342976
2024-03-26 04:00:00,/Volumes/Argus/unk/snap/c1/1711425600.c1.snap.jpg,0.8066327
2024-03-26 04:30:00,/Volumes/Argus/unk/snap/c1/1711427400.c1.snap.jpg,0.8412783
2024-03-26 05:00:00,/Volumes/Argus/unk/snap/c1/1711429200.c1.snap.jpg,0.867733
2024-03-26 05:30:00,/Volumes/Argus/unk/snap/c1/1711431000.c1.snap.jpg,0.84275603
2024-03-26 16:00:00,/Volumes/Argus/unk/snap/c1/1711468800.c1.snap.jpg,0.9039688
2024-03-26 16:30:00,/Volumes/Argus/unk/snap/c1/1711470600.c1.snap.jpg,0.7965397
2024-03-26 17:00:00,/Volumes/Argus/unk/snap/c1/1711472400.c1.snap.jpg,0.7454326
2024-03-26 17:30:00,/Volumes/Argus/unk/snap/c1/1711474200.c1.snap.jpg,0.7582061
2024-03-26 18:00:00,/Volumes/Argus/unk/snap/c1/1711476000.c1.snap.jpg,0.7647513
2024-03-26 18:30:00,/Volumes/Argus/unk/snap/c1/1711477800.c1.snap.jpg,0.92333084
2024-03-26 19:00:00,/Volumes/Argus/unk/snap/c1/1711479600.c1.snap.jpg,0.88683695
2024-03-26 19:30:00,/Volumes/Argus/unk/snap/c1/1711481400.c1.snap.jpg,0.87671155
2024-03-26 20:00:00,/Volumes/Argus/unk/snap/c1/1711483200.c1.snap.jpg,1.0424734
2024-03-26 20:30:00,/Volumes/Argus/unk/snap/c1/1711485000.c1.snap.jpg,0.88429964
2024-03-26 21:00:00,/Volumes/Argus/unk/snap/c1/1711486800.c1.snap.jpg,0.6999826
2024-03-26 21:30:00,/Volumes/Argus/unk/snap/c1/1711488600.c1.snap.jpg,0.72744566
2024-03-26 22:00:00,/Volumes/Argus/unk/snap/c1/1711490400.c1.snap.jpg,0.5897418
2024-03-26 22:30:00,/Volumes/Argus/unk/snap/c1/1711492200.c1.snap.jpg,0.7575111
2024-03-26 23:00:00,/Volumes/Argus/unk/snap/c1/1711494000.c1.snap.jpg,0.8128185
2024-03-26 23:30:00,/Volumes/Argus/unk/snap/c1/1711495800.c1.snap.jpg,0.7935713
2024-03-27 00:00:00,/Volumes/Argus/unk/snap/c1/1711497600.c1.snap.jpg,0.7416999
2024-03-27 00:30:00,/Volumes/Argus/unk/snap/c1/1711499400.c1.snap.jpg,0.6883551
2024-03-27 01:00:00,/Volumes/Argus/unk/snap/c1/1711501200.c1.snap.jpg,0.7497649
2024-03-27 01:30:00,/Volumes/Argus/unk/snap/c1/1711503000.c1.snap.jpg,0.76082546
2024-03-27 02:30:00,/Volumes/Argus/unk/snap/c1/1711506600.c1.snap.jpg,0.75720316
2024-03-27 03:00:00,/Volumes/Argus/unk/snap/c1/1711508400.c1.snap.jpg,0.73478746
2024-03-27 03:30:00,/Volumes/Argus/unk/snap/c1/1711510200.c1.snap.jpg,0.7748947
2024-03-27 04:00:00,/Volumes/Argus/unk/snap/c1/1711512000.c1.snap.jpg,0.77642834
2024-03-27 04:30:00,/Volumes/Argus/unk/snap/c1/1711513800.c1.snap.jpg,0.8369937
2024-03-27 05:00:00,/Volumes/Argus/unk/snap/c1/1711515600.c1.snap.jpg,0.7576258
2024-03-27 05:30:00,/Volumes/Argus/unk/snap/c1/1711517400.c1.snap.jpg,0.66181684
2024-03-27 06:00:00,/Volumes/Argus/unk/snap/c1/1711519200.c1.snap.jpg,0.7014361
2024-03-27 16:00:00,/Volumes/Argus/unk/snap/c1/1711555200.c1.snap.jpg,0.70087355
2024-03-27 16:30:00,/Volumes/Argus/unk/snap/c1/1711557000.c1.snap.jpg,0.7394381
2024-03-27 17:00:00,/Volumes/Argus/unk/snap/c1/1711558800.c1.snap.jpg,0.62366176
2024-03-27 17:30:00,/Volumes/Argus/unk/snap/c1/1711560600.c1.snap.jpg,0.6758749
2024-03-27 18:00:00,/Volumes/Argus/unk/snap/c1/1711562400.c1.snap.jpg,0.64772373
2024-03-27 18:30:00,/Volumes/Argus/unk/snap/c1/1711564200.c1.snap.jpg,0.7590195
2024-03-27 19:00:00,/Volumes/Argus/unk/snap/c1/1711566000.c1.snap.jpg,0.6775485
2024-03-27 19:30:00,/Volumes/Argus/unk/snap/c1/1711567800.c1.snap.jpg,0.5030972
2024-03-27 20:00:00,/Volumes/Argus/unk/snap/c1/1711569600.c1.snap.jpg,0.7531929
2024-03-27 20:30:00,/Volumes/Argus/unk/snap/c1/1711571400.c1.snap.jpg,0.70424783
2024-03-27 21:00:00,/Volumes/Argus/unk/snap/c1/1711573200.c1.snap.jpg,0.74902284
2024-03-27 21:30:00,/Volumes/Argus/unk/snap/c1/1711575000.c1.snap.jpg,0.76365703
2024-03-27 22:00:00,/Volumes/Argus/unk/snap/c1/1711576800.c1.snap.jpg,0.7135816
2024-03-27 22:30:00,/Volumes/Argus/unk/snap/c1/1711578600.c1.snap.jpg,0.6621439
2024-03-27 23:00:00,/Volumes/Argus/unk/snap/c1/1711580400.c1.snap.jpg,0.6443407
2024-03-27 23:30:00,/Volumes/Argus/unk/snap/c1/1711582200.c1.snap.jpg,0.65948987
2024-03-28 00:00:00,/Volumes/Argus/unk/snap/c1/1711584000.c1.snap.jpg,0.65474164
2024-03-28 00:30:00,/Volumes/Argus/unk/snap/c1/1711585800.c1.snap.jpg,0.61715174
2024-03-28 01:00:00,/Volumes/Argus/unk/snap/c1/1711587600.c1.snap.jpg,0.6334126
2024-03-28 01:30:00,/Volumes/Argus/unk/snap/c1/1711589400.c1.snap.jpg,0.7094451
2024-03-28 02:00:00,/Volumes/Argus/unk/snap/c1/1711591200.c1.snap.jpg,0.8718908
2024-03-28 03:00:00,/Volumes/Argus/unk/snap/c1/1711594800.c1.snap.jpg,0.90145445
2024-03-28 03:30:00,/Volumes/Argus/unk/snap/c1/1711596600.c1.snap.jpg,0.95075315
2024-03-28 04:00:00,/Volumes/Argus/unk/snap/c1/1711598400.c1.snap.jpg,1.2908102
2024-03-28 04:30:00,/Volumes/Argus/unk/snap/c1/1711600200.c1.snap.jpg,1.2226629
2024-03-28 05:00:00,/Volumes/Argus/unk/snap/c1/1711602000.c1.snap.jpg,1.2460139
2024-03-28 05:30:00,/Volumes/Argus/unk/snap/c1/1711603800.c1.snap.jpg,1.0031655
2024-03-28 06:00:00,/Volumes/Argus/unk/snap/c1/1711605600.c1.snap.jpg,1.4743912
2024-03-28 18:00:00,/Volumes/Argus/unk/snap/c1/1711648800.c1.snap.jpg,0.58053154
2024-03-28 18:30:00,/Volumes/Argus/unk/snap/c1/1711650600.c1.snap.jpg,0.71154106
2024-03-28 19:00:00,/Volumes/Argus/unk/snap/c1/1711652400.c1.snap.jpg,0.7071991
2024-03-28 19:30:00,/Volumes/Argus/unk/snap/c1/1711654200.c1.snap.jpg,0.7505667
2024-03-28 20:00:00,/Volumes/Argus/unk/snap/c1/1711656000.c1.snap.jpg,0.7768903
2024-03-28 20:30:00,/Volumes/Argus/unk/snap/c1/1711657800.c1.snap.jpg,0.7957951
2024-03-28 21:00:00,/Volumes/Argus/unk/snap/c1/1711659600.c1.snap.jpg,0.804819
2024-03-28 21:30:00,/Volumes/Argus/unk/snap/c1/1711661400.c1.snap.jpg,0.82336885
2024-03-28 22:00:00,/Volumes/Argus/unk/snap/c1/1711663200.c1.snap.jpg,0.8295698
2024-03-28 22:30:00,/Volumes/Argus/unk/snap/c1/1711665000.c1.snap.jpg,0.8563832
2024-03-28 23:00:00,/Volumes/Argus/unk/snap/c1/1711666800.c1.snap.jpg,0.835592
2024-03-28 23:30:00,/Volumes/Argus/unk/snap/c1/1711668600.c1.snap.jpg,0.84161854
2024-03-29 00:00:00,/Volumes/Argus/unk/snap/c1/1711670400.c1.snap.jpg,0.8158987
2024-03-29 00:30:00,/Volumes/Argus/unk/snap/c1/1711672200.c1.snap.jpg,0.7369727
2024-03-29 01:00:00,/Volumes/Argus/unk/snap/c1/1711674000.c1.snap.jpg,0.7830274
2024-03-29 02:30:00,/Volumes/Argus/unk/snap/c1/1711679400.c1.snap.jpg,0.89112186
2024-03-29 03:00:00,/Volumes/Argus/unk/snap/c1/1711681200.c1.snap.jpg,0.99879205
2024-03-29 03:30:00,/Volumes/Argus/unk/snap/c1/1711683000.c1.snap.jpg,1.0004786
2024-03-29 04:00:00,/Volumes/Argus/unk/snap/c1/1711684800.c1.snap.jpg,1.0809996
2024-03-29 05:00:00,/Volumes/Argus/unk/snap/c1/1711688400.c1.snap.jpg,0.96311593
2024-03-29 05:30:00,/Volumes/Argus/unk/snap/c1/1711690200.c1.snap.jpg,0.8123994
2024-03-29 06:00:00,/Volumes/Argus/unk/snap/c1/1711692000.c1.snap.jpg,1.1061213
2024-03-29 15:30:00,/Volumes/Argus/unk/snap/c1/1711726200.c1.snap.jpg,1.016531
2024-03-29 16:00:00,/Volumes/Argus/unk/snap/c1/1711728000.c1.snap.jpg,0.93052363
2024-03-29 16:30:00,/Volumes/Argus/unk/snap/c1/1711729800.c1.snap.jpg,1.0382612
2024-03-29 17:00:00,/Volumes/Argus/unk/snap/c1/1711731600.c1.snap.jpg,1.0165583
2024-03-29 17:30:00,/Volumes/Argus/unk/snap/c1/1711733400.c1.snap.jpg,1.0341976
2024-03-29 18:00:00,/Volumes/Argus/unk/snap/c1/1711735200.c1.snap.jpg,0.9843174
2024-03-29 18:30:00,/Volumes/Argus/unk/snap/c1/1711737000.c1.snap.jpg,0.9754275
2024-03-29 19:00:00,/Volumes/Argus/unk/snap/c1/1711738800.c1.snap.jpg,0.9634826
2024-03-29 20:00:00,/Volumes/Argus/unk/snap/c1/1711742400.c1.snap.jpg,0.99893785
2024-03-29 20:30:00,/Volumes/Argus/unk/snap/c1/1711744200.c1.snap.jpg,0.99717414
2024-03-29 21:00:00,/Volumes/Argus/unk/snap/c1/1711746000.c1.snap.jpg,1.0349265
2024-03-29 21:30:00,/Volumes/Argus/unk/snap/c1/1711747800.c1.snap.jpg,1.0306609
2024-03-29 22:00:00,/Volumes/Argus/unk/snap/c1/1711749600.c1.snap.jpg,1.1036396
2024-03-29 22:30:00,/Volumes/Argus/unk/snap/c1/1711751400.c1.snap.jpg,1.0609307
2024-03-29 23:00:00,/Volumes/Argus/unk/snap/c1/1711753200.c1.snap.jpg,1.0753233
2024-03-29 23:30:00,/Volumes/Argus/unk/snap/c1/1711755000.c1.snap.jpg,0.7949547
2024-03-30 00:00:00,/Volumes/Argus/unk/snap/c1/1711756800.c1.snap.jpg,0.8720073
2024-03-30 00:30:00,/Volumes/Argus/unk/snap/c1/1711758600.c1.snap.jpg,0.99935627
2024-03-30 01:00:00,/Volumes/Argus/unk/snap/c1/1711760400.c1.snap.jpg,0.70098174
2024-03-30 01:30:00,/Volumes/Argus/unk/snap/c1/1711762200.c1.snap.jpg,1.0181078
2024-03-30 02:00:00,/Volumes/Argus/unk/snap/c1/1711764000.c1.snap.jpg,0.7331399
2024-03-30 03:00:00,/Volumes/Argus/unk/snap/c1/1711767600.c1.snap.jpg,1.1790879
2024-03-30 03:30:00,/Volumes/Argus/unk/snap/c1/1711769400.c1.snap.jpg,1.0696576
2024-03-30 04:00:00,/Volumes/Argus/unk/snap/c1/1711771200.c1.snap.jpg,1.1379093
2024-03-30 04:30:00,/Volumes/Argus/unk/snap/c1/1711773000.c1.snap.jpg,1.1221561
2024-03-30 05:00:00,/Volumes/Argus/unk/snap/c1/1711774800.c1.snap.jpg,1.1255765
2024-03-30 05:30:00,/Volumes/Argus/unk/snap/c1/1711776600.c1.snap.jpg,0.93195206
2024-03-30 06:00:00,/Volumes/Argus/unk/snap/c1/1711778400.c1.snap.jpg,0.79325765
2024-03-30 15:30:00,/Volumes/Argus/unk/snap/c1/1711812600.c1.snap.jpg,0.8400763
2024-03-30 16:00:00,/Volumes/Argus/unk/snap/c1/1711814400.c1.snap.jpg,0.8507199
2024-03-30 16:30:00,/Volumes/Argus/unk/snap/c1/1711816200.c1.snap.jpg,0.890697
2024-03-30 17:00:00,/Volumes/Argus/unk/snap/c1/1711818000.c1.snap.jpg,0.6898278
2024-03-30 17:30:00,/Volumes/Argus/unk/snap/c1/1711819800.c1.snap.jpg,0.74598396
2024-03-30 18:00:00,/Volumes/Argus/unk/snap/c1/1711821600.c1.snap.jpg,0.709069
2024-03-30 18:30:00,/Volumes/Argus/unk/snap/c1/1711823400.c1.snap.jpg,0.822917
2024-03-30 19:00:00,/Volumes/Argus/unk/snap/c1/1711825200.c1.snap.jpg,0.84607166
2024-03-30 19:30:00,/Volumes/Argus/unk/snap/c1/1711827000.c1.snap.jpg,0.89531165
2024-03-30 20:00:00,/Volumes/Argus/unk/snap/c1/1711828800.c1.snap.jpg,0.80508196
2024-03-30 21:00:00,/Volumes/Argus/unk/snap/c1/1711832400.c1.snap.jpg,0.879817
2024-03-30 21:30:00,/Volumes/Argus/unk/snap/c1/1711834200.c1.snap.jpg,0.6752618
2024-03-30 22:00:00,/Volumes/Argus/unk/snap/c1/1711836000.c1.snap.jpg,0.7288177
2024-03-30 22:30:00,/Volumes/Argus/unk/snap/c1/1711837800.c1.snap.jpg,0.78866374
2024-03-30 23:00:00,/Volumes/Argus/unk/snap/c1/1711839600.c1.snap.jpg,0.80065894
2024-03-30 23:30:00,/Volumes/Argus/unk/snap/c1/1711841400.c1.snap.jpg,0.82513976
2024-03-31 00:00:00,/Volumes/Argus/unk/snap/c1/1711843200.c1.snap.jpg,0.7322447
2024-03-31 00:30:00,/Volumes/Argus/unk/snap/c1/1711845000.c1.snap.jpg,0.87789243
2024-03-31 01:00:00,/Volumes/Argus/unk/snap/c1/1711846800.c1.snap.jpg,0.86180294
2024-03-31 01:30:00,/Volumes/Argus/unk/snap/c1/1711848600.c1.snap.jpg,0.845158
2024-03-31 02:00:00,/Volumes/Argus/unk/snap/c1/1711850400.c1.snap.jpg,0.7559454
2024-03-31 02:30:00,/Volumes/Argus/unk/snap/c1/1711852200.c1.snap.jpg,0.63556564
2024-03-31 03:00:00,/Volumes/Argus/unk/snap/c1/1711854000.c1.snap.jpg,0.8335302
2024-03-31 03:30:00,/Volumes/Argus/unk/snap/c1/1711855800.c1.snap.jpg,0.5867444
2024-03-31 04:00:00,/Volumes/Argus/unk/snap/c1/1711857600.c1.snap.jpg,0.5435293
2024-03-31 04:30:00,/Volumes/Argus/unk/snap/c1/1711859400.c1.snap.jpg,0.54795814
2024-03-31 05:00:00,/Volumes/Argus/unk/snap/c1/1711861200.c1.snap.jpg,0.61557364
2024-03-31 05:30:00,/Volumes/Argus/unk/snap/c1/1711863000.c1.snap.jpg,0.85592204
2024-03-31 06:00:00,/Volumes/Argus/unk/snap/c1/1711864800.c1.snap.jpg,0.9320102
2024-03-31 15:30:00,/Volumes/Argus/unk/snap/c1/1711899000.c1.snap.jpg,0.8489022
2024-03-31 16:00:00,/Volumes/Argus/unk/snap/c1/1711900800.c1.snap.jpg,0.6613396
2024-03-31 16:30:00,/Volumes/Argus/unk/snap/c1/1711902600.c1.snap.jpg,0.64023244
2024-03-31 17:00:00,/Volumes/Argus/unk/snap/c1/1711904400.c1.snap.jpg,0.61542904
2024-03-31 17:30:00,/Volumes/Argus/unk/snap/c1/1711906200.c1.snap.jpg,0.6069704
2024-03-31 18:00:00,/Volumes/Argus/unk/snap/c1/1711908000.c1.snap.jpg,0.5929505
2024-03-31 18:30:00,/Volumes/Argus/unk/snap/c1/1711909800.c1.snap.jpg,0.54951984
2024-03-31 19:00:00,/Volumes/Argus/unk/snap/c1/1711911600.c1.snap.jpg,0.63869387
2024-03-31 19:30:00,/Volumes/Argus/unk/snap/c1/1711913400.c1.snap.jpg,0.67881155
2024-03-31 20:00:00,/Volumes/Argus/unk/snap/c1/1711915200.c1.snap.jpg,0.6668086
2024-03-31 20:30:00,/Volumes/Argus/unk/snap/c1/1711917000.c1.snap.jpg,0.62513673
2024-03-31 21:00:00,/Volumes/Argus/unk/snap/c1/1711918800.c1.snap.jpg,0.6337541
2024-03-31 21:30:00,/Volumes/Argus/unk/snap/c1/1711920600.c1.snap.jpg,0.68354845
2024-03-31 22:00:00,/Volumes/Argus/unk/snap/c1/1711922400.c1.snap.jpg,0.69824135
2024-03-31 23:00:00,/Volumes/Argus/unk/snap/c1/1711926000.c1.snap.jpg,0.68019444
2024-03-31 23:30:00,/Volumes/Argus/unk/snap/c1/1711927800.c1.snap.jpg,0.7277882
2024-04-01 00:00:00,/Volumes/Argus/unk/snap/c1/1711929600.c1.snap.jpg,0.7597865
2024-04-01 00:30:00,/Volumes/Argus/unk/snap/c1/1711931400.c1.snap.jpg,0.7242902
2024-04-01 01:00:00,/Volumes/Argus/unk/snap/c1/1711933200.c1.snap.jpg,0.7949665
2024-04-01 01:30:00,/Volumes/Argus/unk/snap/c1/1711935000.c1.snap.jpg,0.77977717
2024-04-01 02:00:00,/Volumes/Argus/unk/snap/c1/1711936800.c1.snap.jpg,0.73208976
2024-04-01 02:30:00,/Volumes/Argus/unk/snap/c1/1711938600.c1.snap.jpg,0.6454185
2024-04-01 03:00:00,/Volumes/Argus/unk/snap/c1/1711940400.c1.snap.jpg,0.6108669
2024-04-01 03:30:00,/Volumes/Argus/unk/snap/c1/1711942200.c1.snap.jpg,0.7983827
2024-04-01 04:00:00,/Volumes/Argus/unk/snap/c1/1711944000.c1.snap.jpg,0.6897136
2024-04-01 04:30:00,/Volumes/Argus/unk/snap/c1/1711945800.c1.snap.jpg,0.58522093
2024-04-01 05:00:00,/Volumes/Argus/unk/snap/c1/1711947600.c1.snap.jpg,0.6233023
2024-04-01 05:30:00,/Volumes/Argus/unk/snap/c1/1711949400.c1.snap.jpg,0.6417603
2024-04-01 06:00:00,/Volumes/Argus/unk/snap/c1/1711951200.c1.snap.jpg,0.7996393
2024-04-01 15:30:00,/Volumes/Argus/unk/snap/c1/1711985400.c1.snap.jpg,1.0319464
2024-04-01 16:00:00,/Volumes/Argus/unk/snap/c1/1711987200.c1.snap.jpg,0.89178514
2024-04-01 16:30:00,/Volumes/Argus/unk/snap/c1/1711989000.c1.snap.jpg,0.9935563
2024-04-01 17:00:00,/Volumes/Argus/unk/snap/c1/1711990800.c1.snap.jpg,0.9424052
2024-04-01 17:30:00,/Volumes/Argus/unk/snap/c1/1711992600.c1.snap.jpg,1.0980955
2024-04-01 18:00:00,/Volumes/Argus/unk/snap/c1/1711994400.c1.snap.jpg,1.0857699
2024-04-01 18:30:00,/Volumes/Argus/unk/snap/c1/1711996200.c1.snap.jpg,0.9902415
2024-04-01 19:30:00,/Volumes/Argus/unk/snap/c1/1711999800.c1.snap.jpg,0.9333021
2024-04-01 20:00:00,/Volumes/Argus/unk/snap/c1/1712001600.c1.snap.jpg,0.8389951
2024-04-01 20:30:00,/Volumes/Argus/unk/snap/c1/1712003400.c1.snap.jpg,0.8725056
2024-04-01 21:00:00,/Volumes/Argus/unk/snap/c1/1712005200.c1.snap.jpg,0.94547
2024-04-01 21:30:00,/Volumes/Argus/unk/snap/c1/1712007000.c1.snap.jpg,1.0036368
2024-04-01 22:00:00,/Volumes/Argus/unk/snap/c1/1712008800.c1.snap.jpg,0.94234234
2024-04-01 22:30:00,/Volumes/Argus/unk/snap/c1/1712010600.c1.snap.jpg,0.96931654
2024-04-01 23:00:00,/Volumes/Argus/unk/snap/c1/1712012400.c1.snap.jpg,1.0383667
2024-04-01 23:30:00,/Volumes/Argus/unk/snap/c1/1712014200.c1.snap.jpg,0.97440815
2024-04-02 00:00:00,/Volumes/Argus/unk/snap/c1/1712016000.c1.snap.jpg,0.92624074
2024-04-02 00:30:00,/Volumes/Argus/unk/snap/c1/1712017800.c1.snap.jpg,0.9118347
2024-04-02 01:00:00,/Volumes/Argus/unk/snap/c1/1712019600.c1.snap.jpg,0.9115237
2024-04-02 01:30:00,/Volumes/Argus/unk/snap/c1/1712021400.c1.snap.jpg,0.7706543
2024-04-02 02:00:00,/Volumes/Argus/unk/snap/c1/1712023200.c1.snap.jpg,0.7930985
2024-04-02 02:30:00,/Volumes/Argus/unk/snap/c1/1712025000.c1.snap.jpg,0.6658366
2024-04-02 03:00:00,/Volumes/Argus/unk/snap/c1/1712026800.c1.snap.jpg,0.71278083
2024-04-02 03:30:00,/Volumes/Argus/unk/snap/c1/1712028600.c1.snap.jpg,0.77755266
2024-04-02 04:00:00,/Volumes/Argus/unk/snap/c1/1712030400.c1.snap.jpg,0.72552335
2024-04-02 04:30:00,/Volumes/Argus/unk/snap/c1/1712032200.c1.snap.jpg,0.76004374
2024-04-02 05:00:00,/Volumes/Argus/unk/snap/c1/1712034000.c1.snap.jpg,0.68090284
2024-04-02 05:30:00,/Volumes/Argus/unk/snap/c1/1712035800.c1.snap.jpg,1.2080768
2024-04-02 06:00:00,/Volumes/Argus/unk/snap/c1/1712037600.c1.snap.jpg,0.975408
2024-04-02 15:30:00,/Volumes/Argus/unk/snap/c1/1712071800.c1.snap.jpg,0.87722635
2024-04-02 16:00:00,/Volumes/Argus/unk/snap/c1/1712073600.c1.snap.jpg,0.98773843
2024-04-02 16:30:00,/Volumes/Argus/unk/snap/c1/1712075400.c1.snap.jpg,1.2476636
2024-04-02 17:00:00,/Volumes/Argus/unk/snap/c1/1712077200.c1.snap.jpg,1.1659372
2024-04-02 17:30:00,/Volumes/Argus/unk/snap/c1/1712079000.c1.snap.jpg,0.68515706
2024-04-02 18:00:00,/Volumes/Argus/unk/snap/c1/1712080800.c1.snap.jpg,0.7976343
2024-04-02 18:30:00,/Volumes/Argus/unk/snap/c1/1712082600.c1.snap.jpg,0.84767336
2024-04-02 19:00:00,/Volumes/Argus/unk/snap/c1/1712084400.c1.snap.jpg,0.86486423
2024-04-02 19:30:00,/Volumes/Argus/unk/snap/c1/1712086200.c1.snap.jpg,0.81455135
2024-04-02 20:00:00,/Volumes/Argus/unk/snap/c1/1712088000.c1.snap.jpg,0.7914742
2024-04-02 20:30:00,/Volumes/Argus/unk/snap/c1/1712089800.c1.snap.jpg,0.8292836
2024-04-02 21:00:00,/Volumes/Argus/unk/snap/c1/1712091600.c1.snap.jpg,0.8172606
2024-04-02 21:30:00,/Volumes/Argus/unk/snap/c1/1712093400.c1.snap.jpg,0.8121045
2024-04-02 22:00:00,/Volumes/Argus/unk/snap/c1/1712095200.c1.snap.jpg,0.8593066
2024-04-02 23:00:00,/Volumes/Argus/unk/snap/c1/1712098800.c1.snap.jpg,0.86914366
2024-04-02 23:30:00,/Volumes/Argus/unk/snap/c1/1712100600.c1.snap.jpg,0.87998056
2024-04-03 00:00:00,/Volumes/Argus/unk/snap/c1/1712102400.c1.snap.jpg,0.9001924
2024-04-03 00:30:00,/Volumes/Argus/unk/snap/c1/1712104200.c1.snap.jpg,0.8670109
2024-04-03 01:00:00,/Volumes/Argus/unk/snap/c1/1712106000.c1.snap.jpg,0.78543574
2024-04-03 02:30:00,/Volumes/Argus/unk/snap/c1/1712111400.c1.snap.jpg,0.84797937
2024-04-03 03:00:00,/Volumes/Argus/unk/snap/c1/1712113200.c1.snap.jpg,0.72091067
2024-04-03 03:30:00,/Volumes/Argus/unk/snap/c1/1712115000.c1.snap.jpg,0.7442469
2024-04-03 04:00:00,/Volumes/Argus/unk/snap/c1/1712116800.c1.snap.jpg,0.7358502
2024-04-03 04:30:00,/Volumes/Argus/unk/snap/c1/1712118600.c1.snap.jpg,0.7009131
2024-04-03 05:00:00,/Volumes/Argus/unk/snap/c1/1712120400.c1.snap.jpg,0.7366401
2024-04-03 05:30:00,/Volumes/Argus/unk/snap/c1/1712122200.c1.snap.jpg,0.70991004
2024-04-03 06:00:00,/Volumes/Argus/unk/snap/c1/1712124000.c1.snap.jpg,0.68889976
2024-04-03 15:30:00,/Volumes/Argus/unk/snap/c1/1712158200.c1.snap.jpg,0.8147223
2024-04-03 16:00:00,/Volumes/Argus/unk/snap/c1/1712160000.c1.snap.jpg,0.52945775
2024-04-03 16:30:00,/Volumes/Argus/unk/snap/c1/1712161800.c1.snap.jpg,0.7135488
2024-04-03 17:00:00,/Volumes/Argus/unk/snap/c1/1712163600.c1.snap.jpg,0.6143745
2024-04-03 17:30:00,/Volumes/Argus/unk/snap/c1/1712165400.c1.snap.jpg,0.7703685
2024-04-03 18:00:00,/Volumes/Argus/unk/snap/c1/1712167200.c1.snap.jpg,0.68521714
2024-04-03 18:30:00,/Volumes/Argus/unk/snap/c1/1712169000.c1.snap.jpg,0.7251141
2024-04-03 19:00:00,/Volumes/Argus/unk/snap/c1/1712170800.c1.snap.jpg,0.71682066
2024-04-03 19:30:00,/Volumes/Argus/unk/snap/c1/1712172600.c1.snap.jpg,0.6655512
2024-04-03 20:00:00,/Volumes/Argus/unk/snap/c1/1712174400.c1.snap.jpg,1.1002581
2024-04-03 20:30:00,/Volumes/Argus/unk/snap/c1/1712176200.c1.snap.jpg,1.0927751
2024-04-03 21:00:00,/Volumes/Argus/unk/snap/c1/1712178000.c1.snap.jpg,1.0640006
2024-04-03 21:30:00,/Volumes/Argus/unk/snap/c1/1712179800.c1.snap.jpg,0.98978627
2024-04-03 22:00:00,/Volumes/Argus/unk/snap/c1/1712181600.c1.snap.jpg,0.9778554
2024-04-03 22:30:00,/Volumes/Argus/unk/snap/c1/1712183400.c1.snap.jpg,0.91244674
2024-04-03 23:00:00,/Volumes/Argus/unk/snap/c1/1712185200.c1.snap.jpg,0.8423792
2024-04-03 23:30:00,/Volumes/Argus/unk/snap/c1/1712187000.c1.snap.jpg,0.813661
2024-04-04 00:00:00,/Volumes/Argus/unk/snap/c1/1712188800.c1.snap.jpg,0.8715943
2024-04-04 00:30:00,/Volumes/Argus/unk/snap/c1/1712190600.c1.snap.jpg,0.9278438
2024-04-04 01:00:00,/Volumes/Argus/unk/snap/c1/1712192400.c1.snap.jpg,0.7766893
2024-04-04 01:30:00,/Volumes/Argus/unk/snap/c1/1712194200.c1.snap.jpg,0.8832689
2024-04-04 02:30:00,/Volumes/Argus/unk/snap/c1/1712197800.c1.snap.jpg,0.81113356
2024-04-04 03:00:00,/Volumes/Argus/unk/snap/c1/1712199600.c1.snap.jpg,0.8017204
2024-04-04 03:30:00,/Volumes/Argus/unk/snap/c1/1712201400.c1.snap.jpg,0.8051809
2024-04-04 04:00:00,/Volumes/Argus/unk/snap/c1/1712203200.c1.snap.jpg,0.80505997
2024-04-04 04:30:00,/Volumes/Argus/unk/snap/c1/1712205000.c1.snap.jpg,0.8532133
2024-04-04 05:00:00,/Volumes/Argus/unk/snap/c1/1712206800.c1.snap.jpg,0.92880934
2024-04-04 05:30:00,/Volumes/Argus/unk/snap/c1/1712208600.c1.snap.jpg,0.9141749
2024-04-04 06:00:00,/Volumes/Argus/unk/snap/c1/1712210400.c1.snap.jpg,0.99644643
2024-04-04 15:30:00,/Volumes/Argus/unk/snap/c1/1712244600.c1.snap.jpg,1.0743871
2024-04-04 16:00:00,/Volumes/Argus/unk/snap/c1/1712246400.c1.snap.jpg,0.50935245
2024-04-04 16:30:00,/Volumes/Argus/unk/snap/c1/1712248200.c1.snap.jpg,0.91077745
2024-04-04 17:00:00,/Volumes/Argus/unk/snap/c1/1712250000.c1.snap.jpg,0.9300193
2024-04-04 17:30:00,/Volumes/Argus/unk/snap/c1/1712251800.c1.snap.jpg,0.8869158
2024-04-04 18:00:00,/Volumes/Argus/unk/snap/c1/1712253600.c1.snap.jpg,0.9399456
2024-04-04 18:30:00,/Volumes/Argus/unk/snap/c1/1712255400.c1.snap.jpg,1.0380905
2024-04-04 19:00:00,/Volumes/Argus/unk/snap/c1/1712257200.c1.snap.jpg,1.1569073
2024-04-04 19:30:00,/Volumes/Argus/unk/snap/c1/1712259000.c1.snap.jpg,0.96296406
2024-04-04 20:00:00,/Volumes/Argus/unk/snap/c1/1712260800.c1.snap.jpg,1.0466266
2024-04-04 20:30:00,/Volumes/Argus/unk/snap/c1/1712262600.c1.snap.jpg,0.9031791
2024-04-04 21:00:00,/Volumes/Argus/unk/snap/c1/1712264400.c1.snap.jpg,0.9668677
2024-04-04 21:30:00,/Volumes/Argus/unk/snap/c1/1712266200.c1.snap.jpg,0.9185348
2024-04-04 22:00:00,/Volumes/Argus/unk/snap/c1/1712268000.c1.snap.jpg,0.9137436
2024-04-04 22:30:00,/Volumes/Argus/unk/snap/c1/1712269800.c1.snap.jpg,0.9216319
2024-04-04 23:00:00,/Volumes/Argus/unk/snap/c1/1712271600.c1.snap.jpg,1.0309503
2024-04-04 23:30:00,/Volumes/Argus/unk/snap/c1/1712273400.c1.snap.jpg,1.0442992
2024-04-05 01:00:00,/Volumes/Argus/unk/snap/c1/1712278800.c1.snap.jpg,1.0214423
2024-04-05 02:00:00,/Volumes/Argus/unk/snap/c1/1712282400.c1.snap.jpg,0.87758785
2024-04-05 02:30:00,/Volumes/Argus/unk/snap/c1/1712284200.c1.snap.jpg,0.9906572
2024-04-05 03:00:00,/Volumes/Argus/unk/snap/c1/1712286000.c1.snap.jpg,0.88073266
2024-04-05 03:30:00,/Volumes/Argus/unk/snap/c1/1712287800.c1.snap.jpg,0.88325876
2024-04-05 05:00:00,/Volumes/Argus/unk/snap/c1/1712293200.c1.snap.jpg,0.8512216
2024-04-05 06:00:00,/Volumes/Argus/unk/snap/c1/1712296800.c1.snap.jpg,0.8623985
2024-04-05 15:30:00,/Volumes/Argus/unk/snap/c1/1712331000.c1.snap.jpg,0.6166957
2024-04-05 16:00:00,/Volumes/Argus/unk/snap/c1/1712332800.c1.snap.jpg,0.67484254
2024-04-05 16:30:00,/Volumes/Argus/unk/snap/c1/1712334600.c1.snap.jpg,0.68905324
2024-04-05 17:00:00,/Volumes/Argus/unk/snap/c1/1712336400.c1.snap.jpg,0.6265359
2024-04-05 17:30:00,/Volumes/Argus/unk/snap/c1/1712338200.c1.snap.jpg,0.73791784
2024-04-05 18:00:00,/Volumes/Argus/unk/snap/c1/1712340000.c1.snap.jpg,0.6466247
2024-04-05 18:30:00,/Volumes/Argus/unk/snap/c1/1712341800.c1.snap.jpg,0.7490989
2024-04-05 19:00:00,/Volumes/Argus/unk/snap/c1/1712343600.c1.snap.jpg,0.56187415
2024-04-05 19:30:00,/Volumes/Argus/unk/snap/c1/1712345400.c1.snap.jpg,0.7907604
2024-04-05 20:00:00,/Volumes/Argus/unk/snap/c1/1712347200.c1.snap.jpg,0.7525544
2024-04-05 20:30:00,/Volumes/Argus/unk/snap/c1/1712349000.c1.snap.jpg,0.79453456
2024-04-05 21:00:00,/Volumes/Argus/unk/snap/c1/1712350800.c1.snap.jpg,0.7252271
2024-04-05 21:30:00,/Volumes/Argus/unk/snap/c1/1712352600.c1.snap.jpg,0.703185
2024-04-05 22:00:00,/Volumes/Argus/unk/snap/c1/1712354400.c1.snap.jpg,0.73136276
2024-04-05 22:30:00,/Volumes/Argus/unk/snap/c1/1712356200.c1.snap.jpg,0.8429218
2024-04-05 23:00:00,/Volumes/Argus/unk/snap/c1/1712358000.c1.snap.jpg,0.6452831
2024-04-05 23:30:00,/Volumes/Argus/unk/snap/c1/1712359800.c1.snap.jpg,0.6872728
2024-04-06 00:00:00,/Volumes/Argus/unk/snap/c1/1712361600.c1.snap.jpg,0.70993847
2024-04-06 01:00:00,/Volumes/Argus/unk/snap/c1/1712365200.c1.snap.jpg,0.5465784
2024-04-06 01:30:00,/Volumes/Argus/unk/snap/c1/1712367000.c1.snap.jpg,0.51246685
2024-04-06 02:00:00,/Volumes/Argus/unk/snap/c1/1712368800.c1.snap.jpg,0.5973271
2024-04-06 02:30:00,/Volumes/Argus/unk/snap/c1/1712370600.c1.snap.jpg,0.60714597
2024-04-06 03:00:00,/Volumes/Argus/unk/snap/c1/1712372400.c1.snap.jpg,0.6803184
2024-04-06 03:30:00,/Volumes/Argus/unk/snap/c1/1712374200.c1.snap.jpg,0.6482076
2024-04-06 04:30:00,/Volumes/Argus/unk/snap/c1/1712377800.c1.snap.jpg,0.87937015
2024-04-06 05:00:00,/Volumes/Argus/unk/snap/c1/1712379600.c1.snap.jpg,0.5024409
2024-04-06 05:30:00,/Volumes/Argus/unk/snap/c1/1712381400.c1.snap.jpg,0.9328579
2024-04-06 06:00:00,/Volumes/Argus/unk/snap/c1/1712383200.c1.snap.jpg,0.46067327
2024-04-06 15:00:00,/Volumes/Argus/unk/snap/c1/1712415600.c1.snap.jpg,0.8138497
2024-04-06 15:30:00,/Volumes/Argus/unk/snap/c1/1712417400.c1.snap.jpg,0.7454095
2024-04-06 16:00:00,/Volumes/Argus/unk/snap/c1/1712419200.c1.snap.jpg,0.75898933
2024-04-06 16:30:00,/Volumes/Argus/unk/snap/c1/1712421000.c1.snap.jpg,0.7696254
2024-04-06 18:00:00,/Volumes/Argus/unk/snap/c1/1712426400.c1.snap.jpg,0.77602965
2024-04-06 18:30:00,/Volumes/Argus/unk/snap/c1/1712428200.c1.snap.jpg,0.7838235
2024-04-06 19:00:00,/Volumes/Argus/unk/snap/c1/1712430000.c1.snap.jpg,0.7575497
2024-04-06 19:30:00,/Volumes/Argus/unk/snap/c1/1712431800.c1.snap.jpg,0.7540592
2024-04-06 20:00:00,/Volumes/Argus/unk/snap/c1/1712433600.c1.snap.jpg,0.66346526
2024-04-06 20:30:00,/Volumes/Argus/unk/snap/c1/1712435400.c1.snap.jpg,0.6871638
2024-04-06 21:00:00,/Volumes/Argus/unk/snap/c1/1712437200.c1.snap.jpg,0.644626
2024-04-06 21:30:00,/Volumes/Argus/unk/snap/c1/1712439000.c1.snap.jpg,0.72464025
2024-04-06 22:00:00,/Volumes/Argus/unk/snap/c1/1712440800.c1.snap.jpg,0.7610034
2024-04-06 23:00:00,/Volumes/Argus/unk/snap/c1/1712444400.c1.snap.jpg,0.7799917
2024-04-06 23:30:00,/Volumes/Argus/unk/snap/c1/1712446200.c1.snap.jpg,0.75302005
2024-04-07 00:00:00,/Volumes/Argus/unk/snap/c1/1712448000.c1.snap.jpg,0.7574286
2024-04-07 00:30:00,/Volumes/Argus/unk/snap/c1/1712449800.c1.snap.jpg,0.7187043
2024-04-07 01:00:00,/Volumes/Argus/unk/snap/c1/1712451600.c1.snap.jpg,0.65365607
2024-04-07 01:30:00,/Volumes/Argus/unk/snap/c1/1712453400.c1.snap.jpg,0.6794677
2024-04-07 02:00:00,/Volumes/Argus/unk/snap/c1/1712455200.c1.snap.jpg,0.76899576
2024-04-07 02:30:00,/Volumes/Argus/unk/snap/c1/1712457000.c1.snap.jpg,0.799252
2024-04-07 03:00:00,/Volumes/Argus/unk/snap/c1/1712458800.c1.snap.jpg,0.82683206
2024-04-07 03:30:00,/Volumes/Argus/unk/snap/c1/1712460600.c1.snap.jpg,0.9168857
2024-04-07 04:00:00,/Volumes/Argus/unk/snap/c1/1712462400.c1.snap.jpg,0.88389635
2024-04-07 04:30:00,/Volumes/Argus/unk/snap/c1/1712464200.c1.snap.jpg,0.8092927
2024-04-07 05:30:00,/Volumes/Argus/unk/snap/c1/1712467800.c1.snap.jpg,0.8334196
2024-04-07 06:00:00,/Volumes/Argus/unk/snap/c1/1712469600.c1.snap.jpg,0.8143296
2024-04-07 06:30:00,/Volumes/Argus/unk/snap/c1/1712471400.c1.snap.jpg,0.83334786
2024-04-07 15:00:00,/Volumes/Argus/unk/snap/c1/1712502000.c1.snap.jpg,0.713013
2024-04-07 15:30:00,/Volumes/Argus/unk/snap/c1/1712503800.c1.snap.jpg,0.6315445
2024-04-07 16:00:00,/Volumes/Argus/unk/snap/c1/1712505600.c1.snap.jpg,0.7383189
2024-04-07 16:30:00,/Volumes/Argus/unk/snap/c1/1712507400.c1.snap.jpg,0.8051388
2024-04-07 17:00:00,/Volumes/Argus/unk/snap/c1/1712509200.c1.snap.jpg,0.74542624
2024-04-07 17:30:00,/Volumes/Argus/unk/snap/c1/1712511000.c1.snap.jpg,0.614343
2024-04-07 18:00:00,/Volumes/Argus/unk/snap/c1/1712512800.c1.snap.jpg,0.6458714
2024-04-07 18:30:00,/Volumes/Argus/unk/snap/c1/1712514600.c1.snap.jpg,0.61933684
2024-04-07 19:00:00,/Volumes/Argus/unk/snap/c1/1712516400.c1.snap.jpg,0.6209823
2024-04-07 19:30:00,/Volumes/Argus/unk/snap/c1/1712518200.c1.snap.jpg,0.6496967
2024-04-07 21:00:00,/Volumes/Argus/unk/snap/c1/1712523600.c1.snap.jpg,0.8026321
2024-04-07 22:30:00,/Volumes/Argus/unk/snap/c1/1712529000.c1.snap.jpg,0.85249597
2024-04-07 23:00:00,/Volumes/Argus/unk/snap/c1/1712530800.c1.snap.jpg,0.87930125
2024-04-07 23:30:00,/Volumes/Argus/unk/snap/c1/1712532600.c1.snap.jpg,0.84892565
2024-04-08 00:00:00,/Volumes/Argus/unk/snap/c1/1712534400.c1.snap.jpg,0.8122053
2024-04-08 00:30:00,/Volumes/Argus/unk/snap/c1/1712536200.c1.snap.jpg,0.7513579
2024-04-08 01:00:00,/Volumes/Argus/unk/snap/c1/1712538000.c1.snap.jpg,0.7228313
2024-04-08 01:30:00,/Volumes/Argus/unk/snap/c1/1712539800.c1.snap.jpg,0.69130677
2024-04-08 02:00:00,/Volumes/Argus/unk/snap/c1/1712541600.c1.snap.jpg,0.6964933
2024-04-08 02:30:00,/Volumes/Argus/unk/snap/c1/1712543400.c1.snap.jpg,0.6776773
2024-04-08 03:00:00,/Volumes/Argus/unk/snap/c1/1712545200.c1.snap.jpg,0.6633171
2024-04-08 03:30:00,/Volumes/Argus/unk/snap/c1/1712547000.c1.snap.jpg,0.73887634
2024-04-08 04:00:00,/Volumes/Argus/unk/snap/c1/1712548800.c1.snap.jpg,1.0489448
2024-04-08 04:30:00,/Volumes/Argus/unk/snap/c1/1712550600.c1.snap.jpg,1.1928139
2024-04-08 05:30:00,/Volumes/Argus/unk/snap/c1/1712554200.c1.snap.jpg,1.0676613
2024-04-08 06:00:00,/Volumes/Argus/unk/snap/c1/1712556000.c1.snap.jpg,0.9480546
2024-04-08 06:30:00,/Volumes/Argus/unk/snap/c1/1712557800.c1.snap.jpg,0.877048
2024-04-08 15:00:00,/Volumes/Argus/unk/snap/c1/1712588400.c1.snap.jpg,0.6961925
2024-04-08 15:30:00,/Volumes/Argus/unk/snap/c1/1712590200.c1.snap.jpg,0.71221775
2024-04-08 16:00:00,/Volumes/Argus/unk/snap/c1/1712592000.c1.snap.jpg,0.7016277
2024-04-08 16:30:00,/Volumes/Argus/unk/snap/c1/1712593800.c1.snap.jpg,0.70857406
2024-04-08 17:00:00,/Volumes/Argus/unk/snap/c1/1712595600.c1.snap.jpg,0.73238146
2024-04-08 17:30:00,/Volumes/Argus/unk/snap/c1/1712597400.c1.snap.jpg,0.66120934
2024-04-08 18:00:00,/Volumes/Argus/unk/snap/c1/1712599200.c1.snap.jpg,0.63379145
2024-04-08 18:30:00,/Volumes/Argus/unk/snap/c1/1712601000.c1.snap.jpg,0.58160406
2024-04-08 19:00:00,/Volumes/Argus/unk/snap/c1/1712602800.c1.snap.jpg,0.58909637
2024-04-08 19:30:00,/Volumes/Argus/unk/snap/c1/1712604600.c1.snap.jpg,0.62119323
2024-04-08 20:00:00,/Volumes/Argus/unk/snap/c1/1712606400.c1.snap.jpg,0.60341024
2024-04-08 20:30:00,/Volumes/Argus/unk/snap/c1/1712608200.c1.snap.jpg,0.64817786
2024-04-08 21:00:00,/Volumes/Argus/unk/snap/c1/1712610000.c1.snap.jpg,0.7151697
2024-04-08 23:30:00,/Volumes/Argus/unk/snap/c1/1712619000.c1.snap.jpg,0.9078386
2024-04-09 00:00:00,/Volumes/Argus/unk/snap/c1/1712620800.c1.snap.jpg,0.81437236
2024-04-09 00:30:00,/Volumes/Argus/unk/snap/c1/1712622600.c1.snap.jpg,0.7622555
2024-04-09 01:00:00,/Volumes/Argus/unk/snap/c1/1712624400.c1.snap.jpg,0.74552935
2024-04-09 02:00:00,/Volumes/Argus/unk/snap/c1/1712628000.c1.snap.jpg,0.76401794
2024-04-09 02:30:00,/Volumes/Argus/unk/snap/c1/1712629800.c1.snap.jpg,0.7030477
2024-04-09 03:00:00,/Volumes/Argus/unk/snap/c1/1712631600.c1.snap.jpg,0.71774423
2024-04-09 03:30:00,/Volumes/Argus/unk/snap/c1/1712633400.c1.snap.jpg,0.68937004
2024-04-09 04:00:00,/Volumes/Argus/unk/snap/c1/1712635200.c1.snap.jpg,0.95178545
2024-04-09 04:30:00,/Volumes/Argus/unk/snap/c1/1712637000.c1.snap.jpg,1.0654093
2024-04-09 05:00:00,/Volumes/Argus/unk/snap/c1/1712638800.c1.snap.jpg,1.1594082
2024-04-09 05:30:00,/Volumes/Argus/unk/snap/c1/1712640600.c1.snap.jpg,0.8060467
2024-04-09 06:00:00,/Volumes/Argus/unk/snap/c1/1712642400.c1.snap.jpg,1.2010379
2024-04-09 06:30:00,/Volumes/Argus/unk/snap/c1/1712644200.c1.snap.jpg,1.2132765
2024-04-09 15:00:00,/Volumes/Argus/unk/snap/c1/1712674800.c1.snap.jpg,0.62700206
2024-04-09 15:30:00,/Volumes/Argus/unk/snap/c1/1712676600.c1.snap.jpg,0.595657
2024-04-09 16:00:00,/Volumes/Argus/unk/snap/c1/1712678400.c1.snap.jpg,1.1548293
2024-04-09 16:30:00,/Volumes/Argus/unk/snap/c1/1712680200.c1.snap.jpg,0.81327975
2024-04-09 17:00:00,/Volumes/Argus/unk/snap/c1/1712682000.c1.snap.jpg,0.6731751
2024-04-09 17:30:00,/Volumes/Argus/unk/snap/c1/1712683800.c1.snap.jpg,0.71336114
2024-04-09 18:00:00,/Volumes/Argus/unk/snap/c1/1712685600.c1.snap.jpg,0.767656
2024-04-09 18:30:00,/Volumes/Argus/unk/snap/c1/1712687400.c1.snap.jpg,0.65468025
2024-04-09 19:00:00,/Volumes/Argus/unk/snap/c1/1712689200.c1.snap.jpg,0.6714491
2024-04-09 19:30:00,/Volumes/Argus/unk/snap/c1/1712691000.c1.snap.jpg,0.6607689
2024-04-09 20:00:00,/Volumes/Argus/unk/snap/c1/1712692800.c1.snap.jpg,0.6448679
2024-04-09 20:30:00,/Volumes/Argus/unk/snap/c1/1712694600.c1.snap.jpg,0.7126259
2024-04-09 21:00:00,/Volumes/Argus/unk/snap/c1/1712696400.c1.snap.jpg,0.77216804
2024-04-09 21:30:00,/Volumes/Argus/unk/snap/c1/1712698200.c1.snap.jpg,0.78409994
2024-04-09 22:00:00,/Volumes/Argus/unk/snap/c1/1712700000.c1.snap.jpg,0.83909065
2024-04-09 22:30:00,/Volumes/Argus/unk/snap/c1/1712701800.c1.snap.jpg,0.8832661
2024-04-09 23:00:00,/Volumes/Argus/unk/snap/c1/1712703600.c1.snap.jpg,0.9037816
2024-04-09 23:30:00,/Volumes/Argus/unk/snap/c1/1712705400.c1.snap.jpg,0.9257689
2024-04-10 00:00:00,/Volumes/Argus/unk/snap/c1/1712707200.c1.snap.jpg,0.8318391
2024-04-10 00:30:00,/Volumes/Argus/unk/snap/c1/1712709000.c1.snap.jpg,0.74193615
2024-04-10 01:00:00,/Volumes/Argus/unk/snap/c1/1712710800.c1.snap.jpg,0.6676018
2024-04-10 01:30:00,/Volumes/Argus/unk/snap/c1/1712712600.c1.snap.jpg,0.64514273
2024-04-10 02:00:00,/Volumes/Argus/unk/snap/c1/1712714400.c1.snap.jpg,0.6505401
2024-04-10 03:00:00,/Volumes/Argus/unk/snap/c1/1712718000.c1.snap.jpg,0.5636984
2024-04-10 04:00:00,/Volumes/Argus/unk/snap/c1/1712721600.c1.snap.jpg,0.75824314
2024-04-10 06:00:00,/Volumes/Argus/unk/snap/c1/1712728800.c1.snap.jpg,1.2076653
2024-04-10 06:30:00,/Volumes/Argus/unk/snap/c1/1712730600.c1.snap.jpg,1.2099472
2024-04-10 15:00:00,/Volumes/Argus/unk/snap/c1/1712761200.c1.snap.jpg,0.7061603
2024-04-10 15:30:00,/Volumes/Argus/unk/snap/c1/1712763000.c1.snap.jpg,0.68587416
2024-04-10 16:00:00,/Volumes/Argus/unk/snap/c1/1712764800.c1.snap.jpg,0.7131344
2024-04-10 16:30:00,/Volumes/Argus/unk/snap/c1/1712766600.c1.snap.jpg,0.73161
2024-04-10 17:00:00,/Volumes/Argus/unk/snap/c1/1712768400.c1.snap.jpg,0.67213726
2024-04-10 17:30:00,/Volumes/Argus/unk/snap/c1/1712770200.c1.snap.jpg,0.7480285
2024-04-10 18:00:00,/Volumes/Argus/unk/snap/c1/1712772000.c1.snap.jpg,0.72879755
2024-04-10 18:30:00,/Volumes/Argus/unk/snap/c1/1712773800.c1.snap.jpg,0.77993304
2024-04-10 19:00:00,/Volumes/Argus/unk/snap/c1/1712775600.c1.snap.jpg,0.76809084
2024-04-10 19:30:00,/Volumes/Argus/unk/snap/c1/1712777400.c1.snap.jpg,0.7493769
2024-04-10 20:00:00,/Volumes/Argus/unk/snap/c1/1712779200.c1.snap.jpg,0.7904757
2024-04-10 20:30:00,/Volumes/Argus/unk/snap/c1/1712781000.c1.snap.jpg,0.78934884
2024-04-10 21:00:00,/Volumes/Argus/unk/snap/c1/1712782800.c1.snap.jpg,0.78905797
2024-04-10 21:30:00,/Volumes/Argus/unk/snap/c1/1712784600.c1.snap.jpg,0.828938
2024-04-10 22:00:00,/Volumes/Argus/unk/snap/c1/1712786400.c1.snap.jpg,0.7057293
2024-04-10 22:30:00,/Volumes/Argus/unk/snap/c1/1712788200.c1.snap.jpg,0.8146751
2024-04-10 23:00:00,/Volumes/Argus/unk/snap/c1/1712790000.c1.snap.jpg,0.7820262
2024-04-10 23:30:00,/Volumes/Argus/unk/snap/c1/1712791800.c1.snap.jpg,0.8265314
2024-04-11 00:00:00,/Volumes/Argus/unk/snap/c1/1712793600.c1.snap.jpg,0.7396623
2024-04-11 00:30:00,/Volumes/Argus/unk/snap/c1/1712795400.c1.snap.jpg,0.6566179
2024-04-11 01:00:00,/Volumes/Argus/unk/snap/c1/1712797200.c1.snap.jpg,0.6510893
2024-04-11 01:30:00,/Volumes/Argus/unk/snap/c1/1712799000.c1.snap.jpg,0.7715938
2024-04-11 02:00:00,/Volumes/Argus/unk/snap/c1/1712800800.c1.snap.jpg,0.7657523
2024-04-11 02:30:00,/Volumes/Argus/unk/snap/c1/1712802600.c1.snap.jpg,0.829413
2024-04-11 03:00:00,/Volumes/Argus/unk/snap/c1/1712804400.c1.snap.jpg,0.7454602
2024-04-11 03:30:00,/Volumes/Argus/unk/snap/c1/1712806200.c1.snap.jpg,0.81332046
2024-04-11 04:00:00,/Volumes/Argus/unk/snap/c1/1712808000.c1.snap.jpg,0.81899333
2024-04-11 05:30:00,/Volumes/Argus/unk/snap/c1/1712813400.c1.snap.jpg,0.83379126
2024-04-11 06:00:00,/Volumes/Argus/unk/snap/c1/1712815200.c1.snap.jpg,0.83494556
2024-04-11 06:30:00,/Volumes/Argus/unk/snap/c1/1712817000.c1.snap.jpg,0.79448843
2024-04-11 15:00:00,/Volumes/Argus/unk/snap/c1/1712847600.c1.snap.jpg,0.73206675
2024-04-11 15:30:00,/Volumes/Argus/unk/snap/c1/1712849400.c1.snap.jpg,0.7833908
2024-04-11 16:00:00,/Volumes/Argus/unk/snap/c1/1712851200.c1.snap.jpg,0.66017294
2024-04-11 16:30:00,/Volumes/Argus/unk/snap/c1/1712853000.c1.snap.jpg,0.8037196
2024-04-11 17:00:00,/Volumes/Argus/unk/snap/c1/1712854800.c1.snap.jpg,0.68339956
2024-04-11 17:30:00,/Volumes/Argus/unk/snap/c1/1712856600.c1.snap.jpg,0.89520997
2024-04-11 18:00:00,/Volumes/Argus/unk/snap/c1/1712858400.c1.snap.jpg,0.8437464
2024-04-11 18:30:00,/Volumes/Argus/unk/snap/c1/1712860200.c1.snap.jpg,0.789502
2024-04-11 19:00:00,/Volumes/Argus/unk/snap/c1/1712862000.c1.snap.jpg,0.8835079
2024-04-11 19:30:00,/Volumes/Argus/unk/snap/c1/1712863800.c1.snap.jpg,0.7962382
2024-04-11 20:00:00,/Volumes/Argus/unk/snap/c1/1712865600.c1.snap.jpg,0.85117203
2024-04-11 20:30:00,/Volumes/Argus/unk/snap/c1/1712867400.c1.snap.jpg,0.86587405
2024-04-11 21:00:00,/Volumes/Argus/unk/snap/c1/1712869200.c1.snap.jpg,0.7566346
2024-04-11 21:30:00,/Volumes/Argus/unk/snap/c1/1712871000.c1.snap.jpg,0.87448215
2024-04-11 22:00:00,/Volumes/Argus/unk/snap/c1/1712872800.c1.snap.jpg,0.8586494
2024-04-11 22:30:00,/Volumes/Argus/unk/snap/c1/1712874600.c1.snap.jpg,0.8055067
2024-04-11 23:00:00,/Volumes/Argus/unk/snap/c1/1712876400.c1.snap.jpg,0.8951812
2024-04-11 23:30:00,/Volumes/Argus/unk/snap/c1/1712878200.c1.snap.jpg,0.8969723
2024-04-12 00:00:00,/Volumes/Argus/unk/snap/c1/1712880000.c1.snap.jpg,0.80858696
2024-04-12 00:30:00,/Volumes/Argus/unk/snap/c1/1712881800.c1.snap.jpg,0.8953943
2024-04-12 01:00:00,/Volumes/Argus/unk/snap/c1/1712883600.c1.snap.jpg,0.8322669
2024-04-12 01:30:00,/Volumes/Argus/unk/snap/c1/1712885400.c1.snap.jpg,0.8858572
2024-04-12 02:00:00,/Volumes/Argus/unk/snap/c1/1712887200.c1.snap.jpg,0.9577651
2024-04-12 02:30:00,/Volumes/Argus/unk/snap/c1/1712889000.c1.snap.jpg,0.95035917
2024-04-12 03:00:00,/Volumes/Argus/unk/snap/c1/1712890800.c1.snap.jpg,0.80221224
2024-04-12 03:30:00,/Volumes/Argus/unk/snap/c1/1712892600.c1.snap.jpg,0.8173766
2024-04-12 04:00:00,/Volumes/Argus/unk/snap/c1/1712894400.c1.snap.jpg,0.757445
2024-04-12 04:30:00,/Volumes/Argus/unk/snap/c1/1712896200.c1.snap.jpg,0.5604966
2024-04-12 05:00:00,/Volumes/Argus/unk/snap/c1/1712898000.c1.snap.jpg,0.5790952
2024-04-12 05:30:00,/Volumes/Argus/unk/snap/c1/1712899800.c1.snap.jpg,0.5899457
2024-04-12 06:00:00,/Volumes/Argus/unk/snap/c1/1712901600.c1.snap.jpg,0.6180427
2024-04-12 06:30:00,/Volumes/Argus/unk/snap/c1/1712903400.c1.snap.jpg,0.64040905
2024-04-12 15:00:00,/Volumes/Argus/unk/snap/c1/1712934000.c1.snap.jpg,0.8486892
2024-04-12 15:30:00,/Volumes/Argus/unk/snap/c1/1712935800.c1.snap.jpg,0.9885199
2024-04-12 16:00:00,/Volumes/Argus/unk/snap/c1/1712937600.c1.snap.jpg,1.162955
2024-04-12 16:30:00,/Volumes/Argus/unk/snap/c1/1712939400.c1.snap.jpg,0.9584167
2024-04-12 17:00:00,/Volumes/Argus/unk/snap/c1/1712941200.c1.snap.jpg,0.93496084
2024-04-12 17:30:00,/Volumes/Argus/unk/snap/c1/1712943000.c1.snap.jpg,0.9358726
2024-04-12 18:00:00,/Volumes/Argus/unk/snap/c1/1712944800.c1.snap.jpg,1.0558348
2024-04-12 18:30:00,/Volumes/Argus/unk/snap/c1/1712946600.c1.snap.jpg,1.02712
2024-04-12 19:00:00,/Volumes/Argus/unk/snap/c1/1712948400.c1.snap.jpg,0.9935143
2024-04-12 19:30:00,/Volumes/Argus/unk/snap/c1/1712950200.c1.snap.jpg,1.0486712
2024-04-12 20:00:00,/Volumes/Argus/unk/snap/c1/1712952000.c1.snap.jpg,1.0182613
2024-04-12 21:00:00,/Volumes/Argus/unk/snap/c1/1712955600.c1.snap.jpg,1.059949
2024-04-12 21:30:00,/Volumes/Argus/unk/snap/c1/1712957400.c1.snap.jpg,1.0247358
2024-04-12 22:00:00,/Volumes/Argus/unk/snap/c1/1712959200.c1.snap.jpg,0.997903
2024-04-12 22:30:00,/Volumes/Argus/unk/snap/c1/1712961000.c1.snap.jpg,0.85345167
2024-04-12 23:00:00,/Volumes/Argus/unk/snap/c1/1712962800.c1.snap.jpg,0.806652
2024-04-12 23:30:00,/Volumes/Argus/unk/snap/c1/1712964600.c1.snap.jpg,0.86354953
2024-04-13 00:00:00,/Volumes/Argus/unk/snap/c1/1712966400.c1.snap.jpg,0.8649312
2024-04-13 00:30:00,/Volumes/Argus/unk/snap/c1/1712968200.c1.snap.jpg,0.9027002
2024-04-13 01:00:00,/Volumes/Argus/unk/snap/c1/1712970000.c1.snap.jpg,0.83633065
2024-04-13 01:30:00,/Volumes/Argus/unk/snap/c1/1712971800.c1.snap.jpg,0.8213242
2024-04-13 02:00:00,/Volumes/Argus/unk/snap/c1/1712973600.c1.snap.jpg,0.7790408
2024-04-13 03:00:00,/Volumes/Argus/unk/snap/c1/1712977200.c1.snap.jpg,0.7180627
2024-04-13 03:30:00,/Volumes/Argus/unk/snap/c1/1712979000.c1.snap.jpg,0.6044532
2024-04-13 04:00:00,/Volumes/Argus/unk/snap/c1/1712980800.c1.snap.jpg,0.6367471
2024-04-13 04:30:00,/Volumes/Argus/unk/snap/c1/1712982600.c1.snap.jpg,0.6663703
2024-04-13 05:00:00,/Volumes/Argus/unk/snap/c1/1712984400.c1.snap.jpg,0.89875895
2024-04-13 05:30:00,/Volumes/Argus/unk/snap/c1/1712986200.c1.snap.jpg,0.9321966
2024-04-13 06:00:00,/Volumes/Argus/unk/snap/c1/1712988000.c1.snap.jpg,0.87120235
2024-04-13 06:30:00,/Volumes/Argus/unk/snap/c1/1712989800.c1.snap.jpg,0.9337933
2024-04-13 15:00:00,/Volumes/Argus/unk/snap/c1/1713020400.c1.snap.jpg,0.8090236
2024-04-13 15:30:00,/Volumes/Argus/unk/snap/c1/1713022200.c1.snap.jpg,0.8056418
2024-04-13 16:30:00,/Volumes/Argus/unk/snap/c1/1713025800.c1.snap.jpg,0.82075644
2024-04-13 17:00:00,/Volumes/Argus/unk/snap/c1/1713027600.c1.snap.jpg,0.8336948
2024-04-13 18:00:00,/Volumes/Argus/unk/snap/c1/1713031200.c1.snap.jpg,0.93114334
2024-04-13 18:30:00,/Volumes/Argus/unk/snap/c1/1713033000.c1.snap.jpg,0.93894845
2024-04-13 19:00:00,/Volumes/Argus/unk/snap/c1/1713034800.c1.snap.jpg,0.95379287
2024-04-13 19:30:00,/Volumes/Argus/unk/snap/c1/1713036600.c1.snap.jpg,0.87599754
2024-04-13 20:00:00,/Volumes/Argus/unk/snap/c1/1713038400.c1.snap.jpg,0.8828384
2024-04-13 20:30:00,/Volumes/Argus/unk/snap/c1/1713040200.c1.snap.jpg,0.9259559
2024-04-13 21:00:00,/Volumes/Argus/unk/snap/c1/1713042000.c1.snap.jpg,0.8618434
2024-04-13 21:30:00,/Volumes/Argus/unk/snap/c1/1713043800.c1.snap.jpg,0.9241781
2024-04-13 22:00:00,/Volumes/Argus/unk/snap/c1/1713045600.c1.snap.jpg,0.96210515
2024-04-13 22:30:00,/Volumes/Argus/unk/snap/c1/1713047400.c1.snap.jpg,0.86370134
2024-04-13 23:00:00,/Volumes/Argus/unk/snap/c1/1713049200.c1.snap.jpg,0.9993387
2024-04-13 23:30:00,/Volumes/Argus/unk/snap/c1/1713051000.c1.snap.jpg,0.8364817
2024-04-14 00:00:00,/Volumes/Argus/unk/snap/c1/1713052800.c1.snap.jpg,0.8385762
2024-04-14 00:30:00,/Volumes/Argus/unk/snap/c1/1713054600.c1.snap.jpg,0.87324506
2024-04-14 02:00:00,/Volumes/Argus/unk/snap/c1/1713060000.c1.snap.jpg,0.8424754
2024-04-14 02:30:00,/Volumes/Argus/unk/snap/c1/1713061800.c1.snap.jpg,0.8060185
2024-04-14 03:30:00,/Volumes/Argus/unk/snap/c1/1713065400.c1.snap.jpg,0.66122985
2024-04-14 04:00:00,/Volumes/Argus/unk/snap/c1/1713067200.c1.snap.jpg,0.71028584
2024-04-14 04:30:00,/Volumes/Argus/unk/snap/c1/1713069000.c1.snap.jpg,0.8492055
2024-04-14 05:00:00,/Volumes/Argus/unk/snap/c1/1713070800.c1.snap.jpg,0.79956716
2024-04-14 05:30:00,/Volumes/Argus/unk/snap/c1/1713072600.c1.snap.jpg,0.83245945
2024-04-14 06:00:00,/Volumes/Argus/unk/snap/c1/1713074400.c1.snap.jpg,0.79048526
2024-04-14 06:30:00,/Volumes/Argus/unk/snap/c1/1713076200.c1.snap.jpg,0.8010098
2024-04-14 14:30:00,/Volumes/Argus/unk/snap/c1/1713105000.c1.snap.jpg,0.8657698
2024-04-14 15:00:00,/Volumes/Argus/unk/snap/c1/1713106800.c1.snap.jpg,0.76972646
2024-04-14 15:30:00,/Volumes/Argus/unk/snap/c1/1713108600.c1.snap.jpg,0.7894001
2024-04-14 16:00:00,/Volumes/Argus/unk/snap/c1/1713110400.c1.snap.jpg,0.7572162
2024-04-14 16:30:00,/Volumes/Argus/unk/snap/c1/1713112200.c1.snap.jpg,0.72514486
2024-04-14 17:00:00,/Volumes/Argus/unk/snap/c1/1713114000.c1.snap.jpg,0.8165873
2024-04-14 17:30:00,/Volumes/Argus/unk/snap/c1/1713115800.c1.snap.jpg,0.79744405
2024-04-14 18:00:00,/Volumes/Argus/unk/snap/c1/1713117600.c1.snap.jpg,0.8117569
2024-04-14 18:30:00,/Volumes/Argus/unk/snap/c1/1713119400.c1.snap.jpg,0.90027434
2024-04-14 19:00:00,/Volumes/Argus/unk/snap/c1/1713121200.c1.snap.jpg,0.7820821
2024-04-14 19:30:00,/Volumes/Argus/unk/snap/c1/1713123000.c1.snap.jpg,0.76623523
2024-04-14 20:00:00,/Volumes/Argus/unk/snap/c1/1713124800.c1.snap.jpg,0.8183146
2024-04-14 20:30:00,/Volumes/Argus/unk/snap/c1/1713126600.c1.snap.jpg,0.80736864
2024-04-14 21:00:00,/Volumes/Argus/unk/snap/c1/1713128400.c1.snap.jpg,0.74070066
2024-04-14 21:30:00,/Volumes/Argus/unk/snap/c1/1713130200.c1.snap.jpg,0.7913461
2024-04-14 22:00:00,/Volumes/Argus/unk/snap/c1/1713132000.c1.snap.jpg,0.8241546
2024-04-15 00:00:00,/Volumes/Argus/unk/snap/c1/1713139200.c1.snap.jpg,0.86697865
2024-04-15 00:30:00,/Volumes/Argus/unk/snap/c1/1713141000.c1.snap.jpg,0.8130615
2024-04-15 01:00:00,/Volumes/Argus/unk/snap/c1/1713142800.c1.snap.jpg,0.82668537
2024-04-15 01:30:00,/Volumes/Argus/unk/snap/c1/1713144600.c1.snap.jpg,0.8937747
2024-04-15 02:00:00,/Volumes/Argus/unk/snap/c1/1713146400.c1.snap.jpg,0.83287734
2024-04-15 03:00:00,/Volumes/Argus/unk/snap/c1/1713150000.c1.snap.jpg,0.8026027
2024-04-15 03:30:00,/Volumes/Argus/unk/snap/c1/1713151800.c1.snap.jpg,0.86699545
2024-04-15 05:00:00,/Volumes/Argus/unk/snap/c1/1713157200.c1.snap.jpg,0.7947138
2024-04-15 05:30:00,/Volumes/Argus/unk/snap/c1/1713159000.c1.snap.jpg,0.7885057
2024-04-15 06:00:00,/Volumes/Argus/unk/snap/c1/1713160800.c1.snap.jpg,0.7646756
2024-04-15 06:30:00,/Volumes/Argus/unk/snap/c1/1713162600.c1.snap.jpg,0.7812469
2024-04-15 07:00:00,/Volumes/Argus/unk/snap/c1/1713164400.c1.snap.jpg,0.8381673
2024-04-15 14:30:00,/Volumes/Argus/unk/snap/c1/1713191400.c1.snap.jpg,0.88381505
2024-04-15 15:00:00,/Volumes/Argus/unk/snap/c1/1713193200.c1.snap.jpg,0.8726525
2024-04-15 15:30:00,/Volumes/Argus/unk/snap/c1/1713195000.c1.snap.jpg,0.8347815
2024-04-15 16:00:00,/Volumes/Argus/unk/snap/c1/1713196800.c1.snap.jpg,0.8983787
2024-04-15 16:30:00,/Volumes/Argus/unk/snap/c1/1713198600.c1.snap.jpg,0.8544791
2024-04-15 18:00:00,/Volumes/Argus/unk/snap/c1/1713204000.c1.snap.jpg,0.8307396
2024-04-15 18:30:00,/Volumes/Argus/unk/snap/c1/1713205800.c1.snap.jpg,0.8837898
2024-04-15 19:00:00,/Volumes/Argus/unk/snap/c1/1713207600.c1.snap.jpg,0.81885886
2024-04-15 19:30:00,/Volumes/Argus/unk/snap/c1/1713209400.c1.snap.jpg,0.9380708
2024-04-15 20:00:00,/Volumes/Argus/unk/snap/c1/1713211200.c1.snap.jpg,0.8889042
2024-04-15 20:30:00,/Volumes/Argus/unk/snap/c1/1713213000.c1.snap.jpg,0.8575282
2024-04-15 21:00:00,/Volumes/Argus/unk/snap/c1/1713214800.c1.snap.jpg,0.8930377
2024-04-15 21:30:00,/Volumes/Argus/unk/snap/c1/1713216600.c1.snap.jpg,0.89042604
2024-04-15 22:00:00,/Volumes/Argus/unk/snap/c1/1713218400.c1.snap.jpg,0.8298104
2024-04-15 22:30:00,/Volumes/Argus/unk/snap/c1/1713220200.c1.snap.jpg,0.83134705
2024-04-15 23:00:00,/Volumes/Argus/unk/snap/c1/1713222000.c1.snap.jpg,0.8369149
2024-04-15 23:30:00,/Volumes/Argus/unk/snap/c1/1713223800.c1.snap.jpg,0.8655278
2024-04-16 00:00:00,/Volumes/Argus/unk/snap/c1/1713225600.c1.snap.jpg,0.81919324
2024-04-16 00:30:00,/Volumes/Argus/unk/snap/c1/1713227400.c1.snap.jpg,0.8121232
2024-04-16 01:00:00,/Volumes/Argus/unk/snap/c1/1713229200.c1.snap.jpg,0.8151659
2024-04-16 01:30:00,/Volumes/Argus/unk/snap/c1/1713231000.c1.snap.jpg,0.8535987
2024-04-16 02:00:00,/Volumes/Argus/unk/snap/c1/1713232800.c1.snap.jpg,0.86849976
2024-04-16 02:30:00,/Volumes/Argus/unk/snap/c1/1713234600.c1.snap.jpg,0.86209786
2024-04-16 03:00:00,/Volumes/Argus/unk/snap/c1/1713236400.c1.snap.jpg,0.7880477
2024-04-16 03:30:00,/Volumes/Argus/unk/snap/c1/1713238200.c1.snap.jpg,0.8082932
2024-04-16 04:00:00,/Volumes/Argus/unk/snap/c1/1713240000.c1.snap.jpg,0.87033534
2024-04-16 04:30:00,/Volumes/Argus/unk/snap/c1/1713241800.c1.snap.jpg,0.7971918
2024-04-16 05:00:00,/Volumes/Argus/unk/snap/c1/1713243600.c1.snap.jpg,0.87899023
2024-04-16 05:30:00,/Volumes/Argus/unk/snap/c1/1713245400.c1.snap.jpg,0.875854
2024-04-16 06:00:00,/Volumes/Argus/unk/snap/c1/1713247200.c1.snap.jpg,0.86664474
2024-04-16 06:30:00,/Volumes/Argus/unk/snap/c1/1713249000.c1.snap.jpg,0.8673057
2024-04-16 07:00:00,/Volumes/Argus/unk/snap/c1/1713250800.c1.snap.jpg,0.85959685
2024-04-16 14:30:00,/Volumes/Argus/unk/snap/c1/1713277800.c1.snap.jpg,0.8702698
2024-04-16 15:00:00,/Volumes/Argus/unk/snap/c1/1713279600.c1.snap.jpg,0.8082756
2024-04-16 15:30:00,/Volumes/Argus/unk/snap/c1/1713281400.c1.snap.jpg,0.81871635
2024-04-16 16:00:00,/Volumes/Argus/unk/snap/c1/1713283200.c1.snap.jpg,0.90630174
2024-04-16 16:30:00,/Volumes/Argus/unk/snap/c1/1713285000.c1.snap.jpg,0.8648875
2024-04-16 17:00:00,/Volumes/Argus/unk/snap/c1/1713286800.c1.snap.jpg,0.8304355
2024-04-16 17:30:00,/Volumes/Argus/unk/snap/c1/1713288600.c1.snap.jpg,0.8135943
2024-04-16 18:00:00,/Volumes/Argus/unk/snap/c1/1713290400.c1.snap.jpg,0.82137287
2024-04-16 18:30:00,/Volumes/Argus/unk/snap/c1/1713292200.c1.snap.jpg,0.8450161
2024-04-16 19:00:00,/Volumes/Argus/unk/snap/c1/1713294000.c1.snap.jpg,0.83558905
2024-04-16 19:30:00,/Volumes/Argus/unk/snap/c1/1713295800.c1.snap.jpg,0.8626131
2024-04-16 20:00:00,/Volumes/Argus/unk/snap/c1/1713297600.c1.snap.jpg,0.85629725
2024-04-16 20:30:00,/Volumes/Argus/unk/snap/c1/1713299400.c1.snap.jpg,0.7991783
2024-04-16 21:00:00,/Volumes/Argus/unk/snap/c1/1713301200.c1.snap.jpg,0.8386216
2024-04-16 22:00:00,/Volumes/Argus/unk/snap/c1/1713304800.c1.snap.jpg,0.8607279
2024-04-16 22:30:00,/Volumes/Argus/unk/snap/c1/1713306600.c1.snap.jpg,0.85109746
2024-04-16 23:00:00,/Volumes/Argus/unk/snap/c1/1713308400.c1.snap.jpg,0.85960615
2024-04-16 23:30:00,/Volumes/Argus/unk/snap/c1/1713310200.c1.snap.jpg,0.795926
2024-04-17 00:00:00,/Volumes/Argus/unk/snap/c1/1713312000.c1.snap.jpg,0.82937336
2024-04-17 00:30:00,/Volumes/Argus/unk/snap/c1/1713313800.c1.snap.jpg,0.82272536
2024-04-17 01:00:00,/Volumes/Argus/unk/snap/c1/1713315600.c1.snap.jpg,0.82776994
2024-04-17 01:30:00,/Volumes/Argus/unk/snap/c1/1713317400.c1.snap.jpg,0.8028533
2024-04-17 02:30:00,/Volumes/Argus/unk/snap/c1/1713321000.c1.snap.jpg,0.79411215
2024-04-17 03:00:00,/Volumes/Argus/unk/snap/c1/1713322800.c1.snap.jpg,0.6880541
2024-04-17 03:30:00,/Volumes/Argus/unk/snap/c1/1713324600.c1.snap.jpg,0.6539362
2024-04-17 04:00:00,/Volumes/Argus/unk/snap/c1/1713326400.c1.snap.jpg,0.6949074
2024-04-17 04:30:00,/Volumes/Argus/unk/snap/c1/1713328200.c1.snap.jpg,0.6333699
2024-04-17 05:00:00,/Volumes/Argus/unk/snap/c1/1713330000.c1.snap.jpg,0.7207641
2024-04-17 05:30:00,/Volumes/Argus/unk/snap/c1/1713331800.c1.snap.jpg,0.6734518
2024-04-17 06:00:00,/Volumes/Argus/unk/snap/c1/1713333600.c1.snap.jpg,0.7075765
2024-04-17 06:30:00,/Volumes/Argus/unk/snap/c1/1713335400.c1.snap.jpg,0.70453846
2024-04-17 07:00:00,/Volumes/Argus/unk/snap/c1/1713337200.c1.snap.jpg,0.66115475
2024-04-17 14:30:00,/Volumes/Argus/unk/snap/c1/1713364200.c1.snap.jpg,0.7209714
2024-04-17 15:00:00,/Volumes/Argus/unk/snap/c1/1713366000.c1.snap.jpg,0.7122649
2024-04-17 15:30:00,/Volumes/Argus/unk/snap/c1/1713367800.c1.snap.jpg,0.6139291
2024-04-17 16:00:00,/Volumes/Argus/unk/snap/c1/1713369600.c1.snap.jpg,0.64230263
2024-04-17 16:30:00,/Volumes/Argus/unk/snap/c1/1713371400.c1.snap.jpg,0.6181038
2024-04-17 17:00:00,/Volumes/Argus/unk/snap/c1/1713373200.c1.snap.jpg,0.55065376
2024-04-17 17:30:00,/Volumes/Argus/unk/snap/c1/1713375000.c1.snap.jpg,0.5618269
2024-04-17 18:00:00,/Volumes/Argus/unk/snap/c1/1713376800.c1.snap.jpg,0.5863117
2024-04-17 18:30:00,/Volumes/Argus/unk/snap/c1/1713378600.c1.snap.jpg,0.57765615
2024-04-17 19:00:00,/Volumes/Argus/unk/snap/c1/1713380400.c1.snap.jpg,0.6220635
2024-04-17 19:30:00,/Volumes/Argus/unk/snap/c1/1713382200.c1.snap.jpg,0.6622157
2024-04-17 20:00:00,/Volumes/Argus/unk/snap/c1/1713384000.c1.snap.jpg,0.73540586
2024-04-17 20:30:00,/Volumes/Argus/unk/snap/c1/1713385800.c1.snap.jpg,0.7361207
2024-04-17 21:00:00,/Volumes/Argus/unk/snap/c1/1713387600.c1.snap.jpg,0.61826897
2024-04-17 21:30:00,/Volumes/Argus/unk/snap/c1/1713389400.c1.snap.jpg,0.5871649
2024-04-17 22:00:00,/Volumes/Argus/unk/snap/c1/1713391200.c1.snap.jpg,0.6270189
2024-04-17 23:00:00,/Volumes/Argus/unk/snap/c1/1713394800.c1.snap.jpg,0.62291396
2024-04-17 23:30:00,/Volumes/Argus/unk/snap/c1/1713396600.c1.snap.jpg,0.6273298
2024-04-18 00:00:00,/Volumes/Argus/unk/snap/c1/1713398400.c1.snap.jpg,0.6009213
2024-04-18 00:30:00,/Volumes/Argus/unk/snap/c1/1713400200.c1.snap.jpg,0.599285
2024-04-18 01:00:00,/Volumes/Argus/unk/snap/c1/1713402000.c1.snap.jpg,0.64794445
2024-04-18 01:30:00,/Volumes/Argus/unk/snap/c1/1713403800.c1.snap.jpg,0.5328185
2024-04-18 02:00:00,/Volumes/Argus/unk/snap/c1/1713405600.c1.snap.jpg,0.6243416
2024-04-18 02:30:00,/Volumes/Argus/unk/snap/c1/1713407400.c1.snap.jpg,0.632797
2024-04-18 03:00:00,/Volumes/Argus/unk/snap/c1/1713409200.c1.snap.jpg,0.6071235
2024-04-18 03:30:00,/Volumes/Argus/unk/snap/c1/1713411000.c1.snap.jpg,0.6379511
2024-04-18 04:00:00,/Volumes/Argus/unk/snap/c1/1713412800.c1.snap.jpg,0.58316475
2024-04-18 05:00:00,/Volumes/Argus/unk/snap/c1/1713416400.c1.snap.jpg,0.58300114
2024-04-18 05:30:00,/Volumes/Argus/unk/snap/c1/1713418200.c1.snap.jpg,0.6945981
2024-04-18 06:00:00,/Volumes/Argus/unk/snap/c1/1713420000.c1.snap.jpg,0.6161467
2024-04-18 06:30:00,/Volumes/Argus/unk/snap/c1/1713421800.c1.snap.jpg,0.648015
2024-04-18 07:00:00,/Volumes/Argus/unk/snap/c1/1713423600.c1.snap.jpg,0.8003188
2024-04-18 14:30:00,/Volumes/Argus/unk/snap/c1/1713450600.c1.snap.jpg,0.68583417
2024-04-18 15:00:00,/Volumes/Argus/unk/snap/c1/1713452400.c1.snap.jpg,0.78340775
2024-04-18 15:30:00,/Volumes/Argus/unk/snap/c1/1713454200.c1.snap.jpg,0.75788254
2024-04-18 16:00:00,/Volumes/Argus/unk/snap/c1/1713456000.c1.snap.jpg,0.71974915
2024-04-18 16:30:00,/Volumes/Argus/unk/snap/c1/1713457800.c1.snap.jpg,0.76700854
2024-04-18 17:00:00,/Volumes/Argus/unk/snap/c1/1713459600.c1.snap.jpg,0.69126225
2024-04-18 17:30:00,/Volumes/Argus/unk/snap/c1/1713461400.c1.snap.jpg,0.68392843
2024-04-18 18:00:00,/Volumes/Argus/unk/snap/c1/1713463200.c1.snap.jpg,0.61204207
2024-04-18 18:30:00,/Volumes/Argus/unk/snap/c1/1713465000.c1.snap.jpg,0.61197066
2024-04-18 19:00:00,/Volumes/Argus/unk/snap/c1/1713466800.c1.snap.jpg,0.6709488
2024-04-18 19:30:00,/Volumes/Argus/unk/snap/c1/1713468600.c1.snap.jpg,0.6954087
2024-04-18 20:00:00,/Volumes/Argus/unk/snap/c1/1713470400.c1.snap.jpg,0.6819455
2024-04-18 20:30:00,/Volumes/Argus/unk/snap/c1/1713472200.c1.snap.jpg,0.72599334
2024-04-18 21:00:00,/Volumes/Argus/unk/snap/c1/1713474000.c1.snap.jpg,0.7187922
2024-04-18 21:30:00,/Volumes/Argus/unk/snap/c1/1713475800.c1.snap.jpg,0.7042842
2024-04-18 22:00:00,/Volumes/Argus/unk/snap/c1/1713477600.c1.snap.jpg,0.7815588
2024-04-18 22:30:00,/Volumes/Argus/unk/snap/c1/1713479400.c1.snap.jpg,0.8250698
2024-04-18 23:00:00,/Volumes/Argus/unk/snap/c1/1713481200.c1.snap.jpg,0.80493426
2024-04-18 23:30:00,/Volumes/Argus/unk/snap/c1/1713483000.c1.snap.jpg,0.8299813
2024-04-19 00:00:00,/Volumes/Argus/unk/snap/c1/1713484800.c1.snap.jpg,0.887453
2024-04-19 00:30:00,/Volumes/Argus/unk/snap/c1/1713486600.c1.snap.jpg,0.8536782
2024-04-19 02:00:00,/Volumes/Argus/unk/snap/c1/1713492000.c1.snap.jpg,0.6769884
2024-04-19 02:30:00,/Volumes/Argus/unk/snap/c1/1713493800.c1.snap.jpg,0.84826475
2024-04-19 03:00:00,/Volumes/Argus/unk/snap/c1/1713495600.c1.snap.jpg,0.8215887
2024-04-19 03:30:00,/Volumes/Argus/unk/snap/c1/1713497400.c1.snap.jpg,0.8302305
2024-04-19 04:30:00,/Volumes/Argus/unk/snap/c1/1713501000.c1.snap.jpg,0.83094996
2024-04-19 05:00:00,/Volumes/Argus/unk/snap/c1/1713502800.c1.snap.jpg,0.8189589
2024-04-19 05:30:00,/Volumes/Argus/unk/snap/c1/1713504600.c1.snap.jpg,0.79335654
2024-04-19 06:00:00,/Volumes/Argus/unk/snap/c1/1713506400.c1.snap.jpg,0.8049653
2024-04-19 06:30:00,/Volumes/Argus/unk/snap/c1/1713508200.c1.snap.jpg,0.8239252
2024-04-19 07:00:00,/Volumes/Argus/unk/snap/c1/1713510000.c1.snap.jpg,0.7414887
2024-04-19 14:30:00,/Volumes/Argus/unk/snap/c1/1713537000.c1.snap.jpg,0.78605676
2024-04-19 15:30:00,/Volumes/Argus/unk/snap/c1/1713540600.c1.snap.jpg,0.77429444
2024-04-19 16:00:00,/Volumes/Argus/unk/snap/c1/1713542400.c1.snap.jpg,0.8548541
2024-04-19 16:30:00,/Volumes/Argus/unk/snap/c1/1713544200.c1.snap.jpg,0.8444229
2024-04-19 17:00:00,/Volumes/Argus/unk/snap/c1/1713546000.c1.snap.jpg,0.5954447
2024-04-19 17:30:00,/Volumes/Argus/unk/snap/c1/1713547800.c1.snap.jpg,0.6469905
2024-04-19 18:00:00,/Volumes/Argus/unk/snap/c1/1713549600.c1.snap.jpg,0.7935221
2024-04-19 18:30:00,/Volumes/Argus/unk/snap/c1/1713551400.c1.snap.jpg,0.81100726
2024-04-19 19:00:00,/Volumes/Argus/unk/snap/c1/1713553200.c1.snap.jpg,0.70407706
2024-04-19 20:30:00,/Volumes/Argus/unk/snap/c1/1713558600.c1.snap.jpg,0.7629069
2024-04-19 21:00:00,/Volumes/Argus/unk/snap/c1/1713560400.c1.snap.jpg,0.78255564
2024-04-20 00:00:00,/Volumes/Argus/unk/snap/c1/1713571200.c1.snap.jpg,0.77499723
2024-04-20 00:30:00,/Volumes/Argus/unk/snap/c1/1713573000.c1.snap.jpg,0.75131714
2024-04-20 01:00:00,/Volumes/Argus/unk/snap/c1/1713574800.c1.snap.jpg,0.7685184
2024-04-20 01:30:00,/Volumes/Argus/unk/snap/c1/1713576600.c1.snap.jpg,0.91550684
2024-04-20 02:00:00,/Volumes/Argus/unk/snap/c1/1713578400.c1.snap.jpg,0.7565297
2024-04-20 02:30:00,/Volumes/Argus/unk/snap/c1/1713580200.c1.snap.jpg,0.86106646
2024-04-20 03:00:00,/Volumes/Argus/unk/snap/c1/1713582000.c1.snap.jpg,0.7742347
2024-04-20 04:00:00,/Volumes/Argus/unk/snap/c1/1713585600.c1.snap.jpg,0.7925997
2024-04-20 05:00:00,/Volumes/Argus/unk/snap/c1/1713589200.c1.snap.jpg,0.856634
2024-04-20 05:30:00,/Volumes/Argus/unk/snap/c1/1713591000.c1.snap.jpg,0.84537894
2024-04-20 06:30:00,/Volumes/Argus/unk/snap/c1/1713594600.c1.snap.jpg,0.8180804
2024-04-20 14:30:00,/Volumes/Argus/unk/snap/c1/1713623400.c1.snap.jpg,0.632208
2024-04-20 15:00:00,/Volumes/Argus/unk/snap/c1/1713625200.c1.snap.jpg,0.68066347
2024-04-20 15:30:00,/Volumes/Argus/unk/snap/c1/1713627000.c1.snap.jpg,0.6717086
2024-04-20 16:00:00,/Volumes/Argus/unk/snap/c1/1713628800.c1.snap.jpg,0.7411847
2024-04-20 16:30:00,/Volumes/Argus/unk/snap/c1/1713630600.c1.snap.jpg,0.7100192
2024-04-20 17:00:00,/Volumes/Argus/unk/snap/c1/1713632400.c1.snap.jpg,0.66726017
2024-04-20 17:30:00,/Volumes/Argus/unk/snap/c1/1713634200.c1.snap.jpg,0.86800516
2024-04-20 18:00:00,/Volumes/Argus/unk/snap/c1/1713636000.c1.snap.jpg,0.8113219
2024-04-20 18:30:00,/Volumes/Argus/unk/snap/c1/1713637800.c1.snap.jpg,0.85709095
2024-04-20 19:00:00,/Volumes/Argus/unk/snap/c1/1713639600.c1.snap.jpg,0.78197694
2024-04-20 19:30:00,/Volumes/Argus/unk/snap/c1/1713641400.c1.snap.jpg,0.8760157
2024-04-20 20:00:00,/Volumes/Argus/unk/snap/c1/1713643200.c1.snap.jpg,0.8090805
2024-04-20 20:30:00,/Volumes/Argus/unk/snap/c1/1713645000.c1.snap.jpg,0.82928574
2024-04-20 21:00:00,/Volumes/Argus/unk/snap/c1/1713646800.c1.snap.jpg,0.73619014
2024-04-20 21:30:00,/Volumes/Argus/unk/snap/c1/1713648600.c1.snap.jpg,0.7171656
2024-04-20 22:00:00,/Volumes/Argus/unk/snap/c1/1713650400.c1.snap.jpg,0.6757447
2024-04-20 22:30:00,/Volumes/Argus/unk/snap/c1/1713652200.c1.snap.jpg,0.75568247
2024-04-20 23:00:00,/Volumes/Argus/unk/snap/c1/1713654000.c1.snap.jpg,0.76061004
2024-04-20 23:30:00,/Volumes/Argus/unk/snap/c1/1713655800.c1.snap.jpg,0.9116479
2024-04-21 00:00:00,/Volumes/Argus/unk/snap/c1/1713657600.c1.snap.jpg,0.8513769
2024-04-21 01:00:00,/Volumes/Argus/unk/snap/c1/1713661200.c1.snap.jpg,1.0611136
2024-04-21 01:30:00,/Volumes/Argus/unk/snap/c1/1713663000.c1.snap.jpg,0.72451013
2024-04-21 02:00:00,/Volumes/Argus/unk/snap/c1/1713664800.c1.snap.jpg,1.0269182
2024-04-21 02:30:00,/Volumes/Argus/unk/snap/c1/1713666600.c1.snap.jpg,1.0309372
2024-04-21 04:00:00,/Volumes/Argus/unk/snap/c1/1713672000.c1.snap.jpg,1.2655917
2024-04-21 04:30:00,/Volumes/Argus/unk/snap/c1/1713673800.c1.snap.jpg,0.51158553
2024-04-21 06:00:00,/Volumes/Argus/unk/snap/c1/1713679200.c1.snap.jpg,0.6558794
2024-04-21 06:30:00,/Volumes/Argus/unk/snap/c1/1713681000.c1.snap.jpg,0.81953216
2024-04-21 07:00:00,/Volumes/Argus/unk/snap/c1/1713682800.c1.snap.jpg,1.0571476
2024-04-21 14:00:00,/Volumes/Argus/unk/snap/c1/1713708000.c1.snap.jpg,0.94858235
2024-04-21 14:30:00,/Volumes/Argus/unk/snap/c1/1713709800.c1.snap.jpg,0.9069733
2024-04-21 15:00:00,/Volumes/Argus/unk/snap/c1/1713711600.c1.snap.jpg,0.94531906
2024-04-21 15:30:00,/Volumes/Argus/unk/snap/c1/1713713400.c1.snap.jpg,0.8163697
2024-04-21 16:00:00,/Volumes/Argus/unk/snap/c1/1713715200.c1.snap.jpg,0.8254777
2024-04-21 16:30:00,/Volumes/Argus/unk/snap/c1/1713717000.c1.snap.jpg,0.75225484
2024-04-21 17:00:00,/Volumes/Argus/unk/snap/c1/1713718800.c1.snap.jpg,0.901905
2024-04-21 17:30:00,/Volumes/Argus/unk/snap/c1/1713720600.c1.snap.jpg,0.8846408
2024-04-21 18:00:00,/Volumes/Argus/unk/snap/c1/1713722400.c1.snap.jpg,0.9519695
2024-04-21 18:30:00,/Volumes/Argus/unk/snap/c1/1713724200.c1.snap.jpg,0.96331215
2024-04-21 19:00:00,/Volumes/Argus/unk/snap/c1/1713726000.c1.snap.jpg,0.95847297
2024-04-21 19:30:00,/Volumes/Argus/unk/snap/c1/1713727800.c1.snap.jpg,0.95511454
2024-04-21 20:00:00,/Volumes/Argus/unk/snap/c1/1713729600.c1.snap.jpg,1.0634638
2024-04-21 20:30:00,/Volumes/Argus/unk/snap/c1/1713731400.c1.snap.jpg,0.8358555
2024-04-21 21:00:00,/Volumes/Argus/unk/snap/c1/1713733200.c1.snap.jpg,1.0284109
2024-04-21 21:30:00,/Volumes/Argus/unk/snap/c1/1713735000.c1.snap.jpg,1.0171685
2024-04-21 22:00:00,/Volumes/Argus/unk/snap/c1/1713736800.c1.snap.jpg,1.0203207
2024-04-21 22:30:00,/Volumes/Argus/unk/snap/c1/1713738600.c1.snap.jpg,0.9295647
2024-04-21 23:00:00,/Volumes/Argus/unk/snap/c1/1713740400.c1.snap.jpg,0.8902418
2024-04-21 23:30:00,/Volumes/Argus/unk/snap/c1/1713742200.c1.snap.jpg,1.0505483
2024-04-22 00:00:00,/Volumes/Argus/unk/snap/c1/1713744000.c1.snap.jpg,1.0945451
2024-04-22 02:00:00,/Volumes/Argus/unk/snap/c1/1713751200.c1.snap.jpg,0.60447633
2024-04-22 02:30:00,/Volumes/Argus/unk/snap/c1/1713753000.c1.snap.jpg,0.8499247
2024-04-22 03:00:00,/Volumes/Argus/unk/snap/c1/1713754800.c1.snap.jpg,0.5851737
2024-04-22 03:30:00,/Volumes/Argus/unk/snap/c1/1713756600.c1.snap.jpg,0.6217476
2024-04-22 04:00:00,/Volumes/Argus/unk/snap/c1/1713758400.c1.snap.jpg,0.6327078
2024-04-22 04:30:00,/Volumes/Argus/unk/snap/c1/1713760200.c1.snap.jpg,0.5692089
2024-04-22 05:00:00,/Volumes/Argus/unk/snap/c1/1713762000.c1.snap.jpg,0.78839016
2024-04-22 05:30:00,/Volumes/Argus/unk/snap/c1/1713763800.c1.snap.jpg,0.7093364
2024-04-22 06:00:00,/Volumes/Argus/unk/snap/c1/1713765600.c1.snap.jpg,0.62105894
2024-04-22 06:30:00,/Volumes/Argus/unk/snap/c1/1713767400.c1.snap.jpg,0.6154979
2024-04-22 07:00:00,/Volumes/Argus/unk/snap/c1/1713769200.c1.snap.jpg,0.8246973
2024-04-22 14:00:00,/Volumes/Argus/unk/snap/c1/1713794400.c1.snap.jpg,0.83215207
2024-04-22 14:30:00,/Volumes/Argus/unk/snap/c1/1713796200.c1.snap.jpg,1.1290746
2024-04-22 15:00:00,/Volumes/Argus/unk/snap/c1/1713798000.c1.snap.jpg,0.88375753
2024-04-22 15:30:00,/Volumes/Argus/unk/snap/c1/1713799800.c1.snap.jpg,1.0526376
2024-04-22 16:00:00,/Volumes/Argus/unk/snap/c1/1713801600.c1.snap.jpg,1.0996451
2024-04-22 16:30:00,/Volumes/Argus/unk/snap/c1/1713803400.c1.snap.jpg,1.0003054
2024-04-22 17:00:00,/Volumes/Argus/unk/snap/c1/1713805200.c1.snap.jpg,1.0235791
2024-04-22 17:30:00,/Volumes/Argus/unk/snap/c1/1713807000.c1.snap.jpg,0.76347953
2024-04-22 18:00:00,/Volumes/Argus/unk/snap/c1/1713808800.c1.snap.jpg,0.6996885
2024-04-22 18:30:00,/Volumes/Argus/unk/snap/c1/1713810600.c1.snap.jpg,0.8511574
2024-04-22 19:00:00,/Volumes/Argus/unk/snap/c1/1713812400.c1.snap.jpg,0.78278005
2024-04-22 19:30:00,/Volumes/Argus/unk/snap/c1/1713814200.c1.snap.jpg,0.78005576
2024-04-22 20:00:00,/Volumes/Argus/unk/snap/c1/1713816000.c1.snap.jpg,0.80397165
2024-04-22 20:30:00,/Volumes/Argus/unk/snap/c1/1713817800.c1.snap.jpg,0.9691866
2024-04-22 21:00:00,/Volumes/Argus/unk/snap/c1/1713819600.c1.snap.jpg,0.6112363
2024-04-22 21:30:00,/Volumes/Argus/unk/snap/c1/1713821400.c1.snap.jpg,0.91186535
2024-04-22 22:00:00,/Volumes/Argus/unk/snap/c1/1713823200.c1.snap.jpg,0.5237398
2024-04-22 22:30:00,/Volumes/Argus/unk/snap/c1/1713825000.c1.snap.jpg,1.0131339
2024-04-22 23:00:00,/Volumes/Argus/unk/snap/c1/1713826800.c1.snap.jpg,0.7611949
2024-04-22 23:30:00,/Volumes/Argus/unk/snap/c1/1713828600.c1.snap.jpg,0.6168574
2024-04-23 00:00:00,/Volumes/Argus/unk/snap/c1/1713830400.c1.snap.jpg,0.7511094
2024-04-23 00:30:00,/Volumes/Argus/unk/snap/c1/1713832200.c1.snap.jpg,1.5417289
2024-04-23 01:00:00,/Volumes/Argus/unk/snap/c1/1713834000.c1.snap.jpg,1.367075
2024-04-23 02:00:00,/Volumes/Argus/unk/snap/c1/1713837600.c1.snap.jpg,0.81020355
2024-04-23 03:00:00,/Volumes/Argus/unk/snap/c1/1713841200.c1.snap.jpg,0.7643011
2024-04-23 03:30:00,/Volumes/Argus/unk/snap/c1/1713843000.c1.snap.jpg,0.71333003
2024-04-23 04:00:00,/Volumes/Argus/unk/snap/c1/1713844800.c1.snap.jpg,0.8769584
2024-04-23 04:30:00,/Volumes/Argus/unk/snap/c1/1713846600.c1.snap.jpg,0.5561085
2024-04-23 05:00:00,/Volumes/Argus/unk/snap/c1/1713848400.c1.snap.jpg,0.62245816
2024-04-23 05:30:00,/Volumes/Argus/unk/snap/c1/1713850200.c1.snap.jpg,0.5944649
2024-04-23 06:00:00,/Volumes/Argus/unk/snap/c1/1713852000.c1.snap.jpg,0.5290278
2024-04-23 06:30:00,/Volumes/Argus/unk/snap/c1/1713853800.c1.snap.jpg,0.55198616
2024-04-23 07:00:00,/Volumes/Argus/unk/snap/c1/1713855600.c1.snap.jpg,0.7296211
2024-04-23 07:30:00,/Volumes/Argus/unk/snap/c1/1713857400.c1.snap.jpg,0.65802586
2024-04-23 14:00:00,/Volumes/Argus/unk/snap/c1/1713880800.c1.snap.jpg,0.86603975
2024-04-23 14:30:00,/Volumes/Argus/unk/snap/c1/1713882600.c1.snap.jpg,1.0635755
2024-04-23 15:00:00,/Volumes/Argus/unk/snap/c1/1713884400.c1.snap.jpg,1.0570043
2024-04-23 15:30:00,/Volumes/Argus/unk/snap/c1/1713886200.c1.snap.jpg,0.9240016
2024-04-23 16:00:00,/Volumes/Argus/unk/snap/c1/1713888000.c1.snap.jpg,0.8226123
2024-04-23 16:30:00,/Volumes/Argus/unk/snap/c1/1713889800.c1.snap.jpg,0.76537365
2024-04-23 17:00:00,/Volumes/Argus/unk/snap/c1/1713891600.c1.snap.jpg,0.60649467
2024-04-23 17:30:00,/Volumes/Argus/unk/snap/c1/1713893400.c1.snap.jpg,0.54659057
2024-04-23 18:00:00,/Volumes/Argus/unk/snap/c1/1713895200.c1.snap.jpg,0.6873984
2024-04-23 19:00:00,/Volumes/Argus/unk/snap/c1/1713898800.c1.snap.jpg,0.65547353
2024-04-23 19:30:00,/Volumes/Argus/unk/snap/c1/1713900600.c1.snap.jpg,0.66557837
2024-04-23 20:00:00,/Volumes/Argus/unk/snap/c1/1713902400.c1.snap.jpg,0.75289583
2024-04-24 00:00:00,/Volumes/Argus/unk/snap/c1/1713916800.c1.snap.jpg,0.4882692
2024-04-24 00:30:00,/Volumes/Argus/unk/snap/c1/1713918600.c1.snap.jpg,0.6858809
2024-04-24 01:00:00,/Volumes/Argus/unk/snap/c1/1713920400.c1.snap.jpg,0.50387955
2024-04-24 02:00:00,/Volumes/Argus/unk/snap/c1/1713924000.c1.snap.jpg,0.5409516
2024-04-24 03:30:00,/Volumes/Argus/unk/snap/c1/1713929400.c1.snap.jpg,0.62073934
2024-04-24 04:00:00,/Volumes/Argus/unk/snap/c1/1713931200.c1.snap.jpg,0.5856035
2024-04-24 05:00:00,/Volumes/Argus/unk/snap/c1/1713934800.c1.snap.jpg,0.4816956
2024-04-24 05:30:00,/Volumes/Argus/unk/snap/c1/1713936600.c1.snap.jpg,0.43511662
2024-04-24 06:00:00,/Volumes/Argus/unk/snap/c1/1713938400.c1.snap.jpg,0.57176185
2024-04-24 06:30:00,/Volumes/Argus/unk/snap/c1/1713940200.c1.snap.jpg,0.5471686
2024-04-24 14:00:00,/Volumes/Argus/unk/snap/c1/1713967200.c1.snap.jpg,1.174251
2024-04-24 14:30:00,/Volumes/Argus/unk/snap/c1/1713969000.c1.snap.jpg,1.083311
2024-04-24 15:00:00,/Volumes/Argus/unk/snap/c1/1713970800.c1.snap.jpg,1.0187731
2024-04-24 15:30:00,/Volumes/Argus/unk/snap/c1/1713972600.c1.snap.jpg,1.0682983
2024-04-24 16:00:00,/Volumes/Argus/unk/snap/c1/1713974400.c1.snap.jpg,0.8085371
2024-04-24 16:30:00,/Volumes/Argus/unk/snap/c1/1713976200.c1.snap.jpg,1.0499628
2024-04-24 17:00:00,/Volumes/Argus/unk/snap/c1/1713978000.c1.snap.jpg,1.0208105
2024-04-24 17:30:00,/Volumes/Argus/unk/snap/c1/1713979800.c1.snap.jpg,0.49990243
2024-04-24 18:00:00,/Volumes/Argus/unk/snap/c1/1713981600.c1.snap.jpg,0.9916847
2024-04-24 18:30:00,/Volumes/Argus/unk/snap/c1/1713983400.c1.snap.jpg,0.964126
2024-04-24 20:00:00,/Volumes/Argus/unk/snap/c1/1713988800.c1.snap.jpg,0.9402402
2024-04-24 20:30:00,/Volumes/Argus/unk/snap/c1/1713990600.c1.snap.jpg,0.8558875
2024-04-24 21:00:00,/Volumes/Argus/unk/snap/c1/1713992400.c1.snap.jpg,0.9341594
2024-04-24 22:00:00,/Volumes/Argus/unk/snap/c1/1713996000.c1.snap.jpg,0.979939
2024-04-24 22:30:00,/Volumes/Argus/unk/snap/c1/1713997800.c1.snap.jpg,0.80001986
2024-04-24 23:00:00,/Volumes/Argus/unk/snap/c1/1713999600.c1.snap.jpg,1.0234735
2024-04-24 23:30:00,/Volumes/Argus/unk/snap/c1/1714001400.c1.snap.jpg,0.7222283
2024-04-25 00:00:00,/Volumes/Argus/unk/snap/c1/1714003200.c1.snap.jpg,0.80584717
2024-04-25 00:30:00,/Volumes/Argus/unk/snap/c1/1714005000.c1.snap.jpg,0.5148095
2024-04-25 01:00:00,/Volumes/Argus/unk/snap/c1/1714006800.c1.snap.jpg,0.5452589
2024-04-25 01:30:00,/Volumes/Argus/unk/snap/c1/1714008600.c1.snap.jpg,0.5431094
2024-04-25 02:00:00,/Volumes/Argus/unk/snap/c1/1714010400.c1.snap.jpg,0.57604504
2024-04-25 02:30:00,/Volumes/Argus/unk/snap/c1/1714012200.c1.snap.jpg,0.5316746
2024-04-25 03:00:00,/Volumes/Argus/unk/snap/c1/1714014000.c1.snap.jpg,0.60593414
2024-04-25 03:30:00,/Volumes/Argus/unk/snap/c1/1714015800.c1.snap.jpg,0.57636553
2024-04-25 04:00:00,/Volumes/Argus/unk/snap/c1/1714017600.c1.snap.jpg,0.64740473
2024-04-25 04:30:00,/Volumes/Argus/unk/snap/c1/1714019400.c1.snap.jpg,0.4479955
2024-04-25 05:00:00,/Volumes/Argus/unk/snap/c1/1714021200.c1.snap.jpg,0.49279785
2024-04-25 05:30:00,/Volumes/Argus/unk/snap/c1/1714023000.c1.snap.jpg,0.54699
2024-04-25 06:00:00,/Volumes/Argus/unk/snap/c1/1714024800.c1.snap.jpg,0.48985228
2024-04-25 06:30:00,/Volumes/Argus/unk/snap/c1/1714026600.c1.snap.jpg,0.5051702
2024-04-25 07:00:00,/Volumes/Argus/unk/snap/c1/1714028400.c1.snap.jpg,0.89403105
2024-04-25 07:30:00,/Volumes/Argus/unk/snap/c1/1714030200.c1.snap.jpg,0.93643254
2024-04-25 14:00:00,/Volumes/Argus/unk/snap/c1/1714053600.c1.snap.jpg,0.74154943
2024-04-25 14:30:00,/Volumes/Argus/unk/snap/c1/1714055400.c1.snap.jpg,0.48311192
2024-04-25 15:00:00,/Volumes/Argus/unk/snap/c1/1714057200.c1.snap.jpg,0.44883907
2024-04-25 15:30:00,/Volumes/Argus/unk/snap/c1/1714059000.c1.snap.jpg,0.49970967
2024-04-25 16:00:00,/Volumes/Argus/unk/snap/c1/1714060800.c1.snap.jpg,0.5950148
2024-04-25 16:30:00,/Volumes/Argus/unk/snap/c1/1714062600.c1.snap.jpg,0.6359671
2024-04-25 17:00:00,/Volumes/Argus/unk/snap/c1/1714064400.c1.snap.jpg,0.4232437
2024-04-25 17:30:00,/Volumes/Argus/unk/snap/c1/1714066200.c1.snap.jpg,0.42615157
2024-04-25 18:00:00,/Volumes/Argus/unk/snap/c1/1714068000.c1.snap.jpg,0.42323855
2024-04-25 18:30:00,/Volumes/Argus/unk/snap/c1/1714069800.c1.snap.jpg,0.46383035
2024-04-25 19:00:00,/Volumes/Argus/unk/snap/c1/1714071600.c1.snap.jpg,0.4945158
2024-04-25 19:30:00,/Volumes/Argus/unk/snap/c1/1714073400.c1.snap.jpg,0.53802377
2024-04-25 20:00:00,/Volumes/Argus/unk/snap/c1/1714075200.c1.snap.jpg,0.5197988
2024-04-25 20:30:00,/Volumes/Argus/unk/snap/c1/1714077000.c1.snap.jpg,0.7520685
2024-04-25 21:00:00,/Volumes/Argus/unk/snap/c1/1714078800.c1.snap.jpg,0.8491168
2024-04-25 21:30:00,/Volumes/Argus/unk/snap/c1/1714080600.c1.snap.jpg,0.76556265
2024-04-25 22:00:00,/Volumes/Argus/unk/snap/c1/1714082400.c1.snap.jpg,0.5582342
2024-04-25 22:30:00,/Volumes/Argus/unk/snap/c1/1714084200.c1.snap.jpg,0.6236466
2024-04-25 23:00:00,/Volumes/Argus/unk/snap/c1/1714086000.c1.snap.jpg,0.34711683
2024-04-25 23:30:00,/Volumes/Argus/unk/snap/c1/1714087800.c1.snap.jpg,0.7813085
2024-04-26 00:00:00,/Volumes/Argus/unk/snap/c1/1714089600.c1.snap.jpg,0.489575
2024-04-26 00:30:00,/Volumes/Argus/unk/snap/c1/1714091400.c1.snap.jpg,0.5022707
2024-04-26 01:00:00,/Volumes/Argus/unk/snap/c1/1714093200.c1.snap.jpg,0.5359653
2024-04-26 01:30:00,/Volumes/Argus/unk/snap/c1/1714095000.c1.snap.jpg,0.6306138
2024-04-26 02:00:00,/Volumes/Argus/unk/snap/c1/1714096800.c1.snap.jpg,0.51840276
2024-04-26 02:30:00,/Volumes/Argus/unk/snap/c1/1714098600.c1.snap.jpg,0.636119
2024-04-26 03:00:00,/Volumes/Argus/unk/snap/c1/1714100400.c1.snap.jpg,0.57701033
2024-04-26 03:30:00,/Volumes/Argus/unk/snap/c1/1714102200.c1.snap.jpg,0.70515466
2024-04-26 04:00:00,/Volumes/Argus/unk/snap/c1/1714104000.c1.snap.jpg,0.4108274
2024-04-26 04:30:00,/Volumes/Argus/unk/snap/c1/1714105800.c1.snap.jpg,0.92850316
2024-04-26 05:00:00,/Volumes/Argus/unk/snap/c1/1714107600.c1.snap.jpg,0.5610582
2024-04-26 05:30:00,/Volumes/Argus/unk/snap/c1/1714109400.c1.snap.jpg,1.0102811
2024-04-26 06:00:00,/Volumes/Argus/unk/snap/c1/1714111200.c1.snap.jpg,0.5530959
2024-04-26 06:30:00,/Volumes/Argus/unk/snap/c1/1714113000.c1.snap.jpg,0.7126023
2024-04-26 07:00:00,/Volumes/Argus/unk/snap/c1/1714114800.c1.snap.jpg,0.4743393
2024-04-26 07:30:00,/Volumes/Argus/unk/snap/c1/1714116600.c1.snap.jpg,0.63209206
2024-04-26 14:00:00,/Volumes/Argus/unk/snap/c1/1714140000.c1.snap.jpg,0.9015492
2024-04-26 15:00:00,/Volumes/Argus/unk/snap/c1/1714143600.c1.snap.jpg,0.92528635
2024-04-26 15:30:00,/Volumes/Argus/unk/snap/c1/1714145400.c1.snap.jpg,0.7779272
2024-04-26 16:00:00,/Volumes/Argus/unk/snap/c1/1714147200.c1.snap.jpg,0.850673
2024-04-26 16:30:00,/Volumes/Argus/unk/snap/c1/1714149000.c1.snap.jpg,0.9597688
2024-04-26 17:00:00,/Volumes/Argus/unk/snap/c1/1714150800.c1.snap.jpg,0.9041028
2024-04-26 17:30:00,/Volumes/Argus/unk/snap/c1/1714152600.c1.snap.jpg,0.8343892
2024-04-26 18:00:00,/Volumes/Argus/unk/snap/c1/1714154400.c1.snap.jpg,0.44829333
2024-04-26 18:30:00,/Volumes/Argus/unk/snap/c1/1714156200.c1.snap.jpg,0.52952427
2024-04-26 19:00:00,/Volumes/Argus/unk/snap/c1/1714158000.c1.snap.jpg,0.5186789
2024-04-26 19:30:00,/Volumes/Argus/unk/snap/c1/1714159800.c1.snap.jpg,0.63543546
2024-04-26 20:30:00,/Volumes/Argus/unk/snap/c1/1714163400.c1.snap.jpg,0.8295038
2024-04-26 21:00:00,/Volumes/Argus/unk/snap/c1/1714165200.c1.snap.jpg,0.4776753
2024-04-26 21:30:00,/Volumes/Argus/unk/snap/c1/1714167000.c1.snap.jpg,0.94551766
2024-04-26 22:00:00,/Volumes/Argus/unk/snap/c1/1714168800.c1.snap.jpg,0.6074196
2024-04-26 22:30:00,/Volumes/Argus/unk/snap/c1/1714170600.c1.snap.jpg,0.6200644
2024-04-26 23:00:00,/Volumes/Argus/unk/snap/c1/1714172400.c1.snap.jpg,0.94919187
2024-04-26 23:30:00,/Volumes/Argus/unk/snap/c1/1714174200.c1.snap.jpg,0.81988406
2024-04-27 00:30:00,/Volumes/Argus/unk/snap/c1/1714177800.c1.snap.jpg,0.89804375
2024-04-27 01:00:00,/Volumes/Argus/unk/snap/c1/1714179600.c1.snap.jpg,0.5041332
2024-04-27 01:30:00,/Volumes/Argus/unk/snap/c1/1714181400.c1.snap.jpg,0.534864
2024-04-27 02:00:00,/Volumes/Argus/unk/snap/c1/1714183200.c1.snap.jpg,0.91781545
2024-04-27 02:30:00,/Volumes/Argus/unk/snap/c1/1714185000.c1.snap.jpg,0.91291606
2024-04-27 03:00:00,/Volumes/Argus/unk/snap/c1/1714186800.c1.snap.jpg,0.55101806
2024-04-27 03:30:00,/Volumes/Argus/unk/snap/c1/1714188600.c1.snap.jpg,0.6327567
2024-04-27 04:00:00,/Volumes/Argus/unk/snap/c1/1714190400.c1.snap.jpg,0.4794441
2024-04-27 04:30:00,/Volumes/Argus/unk/snap/c1/1714192200.c1.snap.jpg,0.698661
2024-04-27 05:00:00,/Volumes/Argus/unk/snap/c1/1714194000.c1.snap.jpg,0.7499682
2024-04-27 05:30:00,/Volumes/Argus/unk/snap/c1/1714195800.c1.snap.jpg,0.5390368
2024-04-27 06:00:00,/Volumes/Argus/unk/snap/c1/1714197600.c1.snap.jpg,0.4536137
2024-04-27 06:30:00,/Volumes/Argus/unk/snap/c1/1714199400.c1.snap.jpg,0.4697668
2024-04-27 07:00:00,/Volumes/Argus/unk/snap/c1/1714201200.c1.snap.jpg,0.43711567
2024-04-27 07:30:00,/Volumes/Argus/unk/snap/c1/1714203000.c1.snap.jpg,0.45511496
2024-04-27 14:00:00,/Volumes/Argus/unk/snap/c1/1714226400.c1.snap.jpg,0.5220352
2024-04-27 14:30:00,/Volumes/Argus/unk/snap/c1/1714228200.c1.snap.jpg,1.2065119
2024-04-27 15:00:00,/Volumes/Argus/unk/snap/c1/1714230000.c1.snap.jpg,0.8170995
2024-04-27 15:30:00,/Volumes/Argus/unk/snap/c1/1714231800.c1.snap.jpg,0.7282254
2024-04-27 16:30:00,/Volumes/Argus/unk/snap/c1/1714235400.c1.snap.jpg,0.95704645
2024-04-27 17:00:00,/Volumes/Argus/unk/snap/c1/1714237200.c1.snap.jpg,0.76353776
2024-04-27 17:30:00,/Volumes/Argus/unk/snap/c1/1714239000.c1.snap.jpg,0.930964
2024-04-27 18:00:00,/Volumes/Argus/unk/snap/c1/1714240800.c1.snap.jpg,1.0337402
2024-04-27 18:30:00,/Volumes/Argus/unk/snap/c1/1714242600.c1.snap.jpg,0.9035964
2024-04-27 19:00:00,/Volumes/Argus/unk/snap/c1/1714244400.c1.snap.jpg,0.38710457
2024-04-27 19:30:00,/Volumes/Argus/unk/snap/c1/1714246200.c1.snap.jpg,0.48925772
2024-04-27 20:00:00,/Volumes/Argus/unk/snap/c1/1714248000.c1.snap.jpg,0.61707306
2024-04-27 20:30:00,/Volumes/Argus/unk/snap/c1/1714249800.c1.snap.jpg,0.74618804
2024-04-27 21:00:00,/Volumes/Argus/unk/snap/c1/1714251600.c1.snap.jpg,0.77243114
2024-04-27 21:30:00,/Volumes/Argus/unk/snap/c1/1714253400.c1.snap.jpg,0.94993603
2024-04-27 23:00:00,/Volumes/Argus/unk/snap/c1/1714258800.c1.snap.jpg,0.8755945
2024-04-27 23:30:00,/Volumes/Argus/unk/snap/c1/1714260600.c1.snap.jpg,0.80179214
2024-04-28 00:00:00,/Volumes/Argus/unk/snap/c1/1714262400.c1.snap.jpg,1.4699984
2024-04-28 00:30:00,/Volumes/Argus/unk/snap/c1/1714264200.c1.snap.jpg,1.167517
2024-04-28 01:00:00,/Volumes/Argus/unk/snap/c1/1714266000.c1.snap.jpg,0.4681767
2024-04-28 01:30:00,/Volumes/Argus/unk/snap/c1/1714267800.c1.snap.jpg,0.48182136
2024-04-28 02:00:00,/Volumes/Argus/unk/snap/c1/1714269600.c1.snap.jpg,0.38524425
2024-04-28 02:30:00,/Volumes/Argus/unk/snap/c1/1714271400.c1.snap.jpg,0.7675139
2024-04-28 03:00:00,/Volumes/Argus/unk/snap/c1/1714273200.c1.snap.jpg,0.48406968
2024-04-28 03:30:00,/Volumes/Argus/unk/snap/c1/1714275000.c1.snap.jpg,0.37267393
2024-04-28 04:00:00,/Volumes/Argus/unk/snap/c1/1714276800.c1.snap.jpg,0.47050655
2024-04-28 06:00:00,/Volumes/Argus/unk/snap/c1/1714284000.c1.snap.jpg,0.38182706
2024-04-28 06:30:00,/Volumes/Argus/unk/snap/c1/1714285800.c1.snap.jpg,0.46846002
2024-04-28 07:00:00,/Volumes/Argus/unk/snap/c1/1714287600.c1.snap.jpg,0.4123811
2024-04-28 07:30:00,/Volumes/Argus/unk/snap/c1/1714289400.c1.snap.jpg,0.49474624
2024-04-28 14:00:00,/Volumes/Argus/unk/snap/c1/1714312800.c1.snap.jpg,1.0106837
2024-04-28 14:30:00,/Volumes/Argus/unk/snap/c1/1714314600.c1.snap.jpg,1.0835323
2024-04-28 15:00:00,/Volumes/Argus/unk/snap/c1/1714316400.c1.snap.jpg,0.9380255
2024-04-28 15:30:00,/Volumes/Argus/unk/snap/c1/1714318200.c1.snap.jpg,0.51061696
2024-04-28 16:00:00,/Volumes/Argus/unk/snap/c1/1714320000.c1.snap.jpg,0.8460342
2024-04-28 16:30:00,/Volumes/Argus/unk/snap/c1/1714321800.c1.snap.jpg,1.0256275
2024-04-28 17:00:00,/Volumes/Argus/unk/snap/c1/1714323600.c1.snap.jpg,1.0656307
2024-04-28 17:30:00,/Volumes/Argus/unk/snap/c1/1714325400.c1.snap.jpg,1.1157995
2024-04-28 18:00:00,/Volumes/Argus/unk/snap/c1/1714327200.c1.snap.jpg,1.1968402
2024-04-28 18:30:00,/Volumes/Argus/unk/snap/c1/1714329000.c1.snap.jpg,0.7733119
2024-04-28 19:00:00,/Volumes/Argus/unk/snap/c1/1714330800.c1.snap.jpg,1.0530343
2024-04-28 19:30:00,/Volumes/Argus/unk/snap/c1/1714332600.c1.snap.jpg,0.9170905
2024-04-28 20:00:00,/Volumes/Argus/unk/snap/c1/1714334400.c1.snap.jpg,1.2228223
2024-04-28 20:30:00,/Volumes/Argus/unk/snap/c1/1714336200.c1.snap.jpg,1.1840346
2024-04-28 21:30:00,/Volumes/Argus/unk/snap/c1/1714339800.c1.snap.jpg,0.768602
2024-04-28 22:00:00,/Volumes/Argus/unk/snap/c1/1714341600.c1.snap.jpg,0.9330175
2024-04-28 23:00:00,/Volumes/Argus/unk/snap/c1/1714345200.c1.snap.jpg,0.94276613
2024-04-28 23:30:00,/Volumes/Argus/unk/snap/c1/1714347000.c1.snap.jpg,1.088598
2024-04-29 00:00:00,/Volumes/Argus/unk/snap/c1/1714348800.c1.snap.jpg,1.0102615
2024-04-29 00:30:00,/Volumes/Argus/unk/snap/c1/1714350600.c1.snap.jpg,0.65660244
2024-04-29 01:00:00,/Volumes/Argus/unk/snap/c1/1714352400.c1.snap.jpg,0.6020959
2024-04-29 01:30:00,/Volumes/Argus/unk/snap/c1/1714354200.c1.snap.jpg,0.5353062
2024-04-29 02:00:00,/Volumes/Argus/unk/snap/c1/1714356000.c1.snap.jpg,0.48394915
2024-05-01 05:00:00,/Volumes/Argus/unk/snap/c1/1714539600.c1.snap.jpg,0.44440436
2024-05-01 05:30:00,/Volumes/Argus/unk/snap/c1/1714541400.c1.snap.jpg,0.46432775
2024-05-01 06:00:00,/Volumes/Argus/unk/snap/c1/1714543200.c1.snap.jpg,0.5282196
2024-05-01 06:30:00,/Volumes/Argus/unk/snap/c1/1714545000.c1.snap.jpg,0.5588037
2024-05-01 07:00:00,/Volumes/Argus/unk/snap/c1/1714546800.c1.snap.jpg,0.6736172
2024-05-01 07:30:00,/Volumes/Argus/unk/snap/c1/1714548600.c1.snap.jpg,0.4947422
2024-05-01 08:00:00,/Volumes/Argus/unk/snap/c1/1714550400.c1.snap.jpg,0.6399172
2024-05-01 14:00:00,/Volumes/Argus/unk/snap/c1/1714572000.c1.snap.jpg,0.8972687
2024-05-01 14:30:00,/Volumes/Argus/unk/snap/c1/1714573800.c1.snap.jpg,0.65343654
2024-05-01 15:00:00,/Volumes/Argus/unk/snap/c1/1714575600.c1.snap.jpg,0.70234054
2024-05-01 15:30:00,/Volumes/Argus/unk/snap/c1/1714577400.c1.snap.jpg,0.7301285
2024-05-01 16:00:00,/Volumes/Argus/unk/snap/c1/1714579200.c1.snap.jpg,0.62955946
2024-05-01 16:30:00,/Volumes/Argus/unk/snap/c1/1714581000.c1.snap.jpg,0.8258741
2024-05-01 17:00:00,/Volumes/Argus/unk/snap/c1/1714582800.c1.snap.jpg,0.62574226
2024-05-01 17:30:00,/Volumes/Argus/unk/snap/c1/1714584600.c1.snap.jpg,0.5912529
2024-05-01 18:00:00,/Volumes/Argus/unk/snap/c1/1714586400.c1.snap.jpg,0.6220478
2024-05-01 18:30:00,/Volumes/Argus/unk/snap/c1/1714588200.c1.snap.jpg,0.67885244
2024-05-01 19:00:00,/Volumes/Argus/unk/snap/c1/1714590000.c1.snap.jpg,0.8269479
2024-05-01 19:30:00,/Volumes/Argus/unk/snap/c1/1714591800.c1.snap.jpg,0.8164005
2024-05-01 20:00:00,/Volumes/Argus/unk/snap/c1/1714593600.c1.snap.jpg,0.66051525
2024-05-01 20:30:00,/Volumes/Argus/unk/snap/c1/1714595400.c1.snap.jpg,0.7524038
2024-05-01 21:00:00,/Volumes/Argus/unk/snap/c1/1714597200.c1.snap.jpg,0.58883727
2024-05-01 21:30:00,/Volumes/Argus/unk/snap/c1/1714599000.c1.snap.jpg,0.74636173
2024-05-01 22:00:00,/Volumes/Argus/unk/snap/c1/1714600800.c1.snap.jpg,0.73735166
2024-05-01 22:30:00,/Volumes/Argus/unk/snap/c1/1714602600.c1.snap.jpg,0.67265195
2024-05-01 23:00:00,/Volumes/Argus/unk/snap/c1/1714604400.c1.snap.jpg,0.6049168
2024-05-01 23:30:00,/Volumes/Argus/unk/snap/c1/1714606200.c1.snap.jpg,0.41624546
2024-05-02 00:00:00,/Volumes/Argus/unk/snap/c1/1714608000.c1.snap.jpg,0.6563356
2024-05-02 00:30:00,/Volumes/Argus/unk/snap/c1/1714609800.c1.snap.jpg,0.56525016
2024-05-02 01:00:00,/Volumes/Argus/unk/snap/c1/1714611600.c1.snap.jpg,0.49171
2024-05-02 01:30:00,/Volumes/Argus/unk/snap/c1/1714613400.c1.snap.jpg,0.4014691
2024-05-02 02:00:00,/Volumes/Argus/unk/snap/c1/1714615200.c1.snap.jpg,0.42258903
2024-05-02 02:30:00,/Volumes/Argus/unk/snap/c1/1714617000.c1.snap.jpg,0.2733032
2024-05-02 03:00:00,/Volumes/Argus/unk/snap/c1/1714618800.c1.snap.jpg,0.4065141
2024-05-02 03:30:00,/Volumes/Argus/unk/snap/c1/1714620600.c1.snap.jpg,0.37046158
2024-05-02 04:00:00,/Volumes/Argus/unk/snap/c1/1714622400.c1.snap.jpg,0.45057988
2024-05-02 04:30:00,/Volumes/Argus/unk/snap/c1/1714624200.c1.snap.jpg,0.5678055
2024-05-02 05:00:00,/Volumes/Argus/unk/snap/c1/1714626000.c1.snap.jpg,0.62204814
2024-05-02 05:30:00,/Volumes/Argus/unk/snap/c1/1714627800.c1.snap.jpg,0.5006221
2024-05-02 06:00:00,/Volumes/Argus/unk/snap/c1/1714629600.c1.snap.jpg,0.52698594
2024-05-02 06:30:00,/Volumes/Argus/unk/snap/c1/1714631400.c1.snap.jpg,0.5450114
2024-05-02 07:00:00,/Volumes/Argus/unk/snap/c1/1714633200.c1.snap.jpg,0.5525658
2024-05-02 07:30:00,/Volumes/Argus/unk/snap/c1/1714635000.c1.snap.jpg,0.5906055
2024-05-02 08:00:00,/Volumes/Argus/unk/snap/c1/1714636800.c1.snap.jpg,0.6006345
2024-05-02 13:30:00,/Volumes/Argus/unk/snap/c1/1714656600.c1.snap.jpg,0.70208746
2024-05-02 14:00:00,/Volumes/Argus/unk/snap/c1/1714658400.c1.snap.jpg,0.4928342
2024-05-02 14:30:00,/Volumes/Argus/unk/snap/c1/1714660200.c1.snap.jpg,0.5976976
2024-05-02 15:00:00,/Volumes/Argus/unk/snap/c1/1714662000.c1.snap.jpg,0.42239487
2024-05-02 15:30:00,/Volumes/Argus/unk/snap/c1/1714663800.c1.snap.jpg,0.45114142
2024-05-02 17:00:00,/Volumes/Argus/unk/snap/c1/1714669200.c1.snap.jpg,0.5423
2024-05-02 17:30:00,/Volumes/Argus/unk/snap/c1/1714671000.c1.snap.jpg,0.49835327
2024-05-02 18:00:00,/Volumes/Argus/unk/snap/c1/1714672800.c1.snap.jpg,0.7118612
2024-05-02 18:30:00,/Volumes/Argus/unk/snap/c1/1714674600.c1.snap.jpg,0.6483897
2024-05-02 19:00:00,/Volumes/Argus/unk/snap/c1/1714676400.c1.snap.jpg,0.33564404
2024-05-02 19:30:00,/Volumes/Argus/unk/snap/c1/1714678200.c1.snap.jpg,0.3785187
2024-05-02 20:00:00,/Volumes/Argus/unk/snap/c1/1714680000.c1.snap.jpg,0.40665486
2024-05-02 20:30:00,/Volumes/Argus/unk/snap/c1/1714681800.c1.snap.jpg,0.46895796
2024-05-02 21:00:00,/Volumes/Argus/unk/snap/c1/1714683600.c1.snap.jpg,0.35402888
2024-05-02 21:30:00,/Volumes/Argus/unk/snap/c1/1714685400.c1.snap.jpg,0.44057065
2024-05-02 22:00:00,/Volumes/Argus/unk/snap/c1/1714687200.c1.snap.jpg,0.37588698
2024-05-02 22:30:00,/Volumes/Argus/unk/snap/c1/1714689000.c1.snap.jpg,0.40505463
2024-05-02 23:00:00,/Volumes/Argus/unk/snap/c1/1714690800.c1.snap.jpg,0.4479296
2024-05-02 23:30:00,/Volumes/Argus/unk/snap/c1/1714692600.c1.snap.jpg,0.47750425
2024-05-03 00:00:00,/Volumes/Argus/unk/snap/c1/1714694400.c1.snap.jpg,0.8244145
2024-05-03 00:30:00,/Volumes/Argus/unk/snap/c1/1714696200.c1.snap.jpg,0.7644466
2024-05-03 01:00:00,/Volumes/Argus/unk/snap/c1/1714698000.c1.snap.jpg,0.5733383
2024-05-03 01:30:00,/Volumes/Argus/unk/snap/c1/1714699800.c1.snap.jpg,0.79788125
2024-05-03 02:00:00,/Volumes/Argus/unk/snap/c1/1714701600.c1.snap.jpg,0.6500586
2024-05-03 02:30:00,/Volumes/Argus/unk/snap/c1/1714703400.c1.snap.jpg,0.769189
2024-05-03 03:00:00,/Volumes/Argus/unk/snap/c1/1714705200.c1.snap.jpg,0.53459406
2024-05-03 03:30:00,/Volumes/Argus/unk/snap/c1/1714707000.c1.snap.jpg,0.52066207
2024-05-03 04:00:00,/Volumes/Argus/unk/snap/c1/1714708800.c1.snap.jpg,0.66922784
2024-05-03 04:30:00,/Volumes/Argus/unk/snap/c1/1714710600.c1.snap.jpg,0.6360734
2024-05-03 05:00:00,/Volumes/Argus/unk/snap/c1/1714712400.c1.snap.jpg,0.5950353
2024-05-03 05:30:00,/Volumes/Argus/unk/snap/c1/1714714200.c1.snap.jpg,0.62423646
2024-05-03 06:00:00,/Volumes/Argus/unk/snap/c1/1714716000.c1.snap.jpg,0.49110556
2024-05-03 07:00:00,/Volumes/Argus/unk/snap/c1/1714719600.c1.snap.jpg,0.41170222
2024-05-03 07:30:00,/Volumes/Argus/unk/snap/c1/1714721400.c1.snap.jpg,0.33632052
2024-05-03 14:00:00,/Volumes/Argus/unk/snap/c1/1714744800.c1.snap.jpg,0.61335063
2024-05-03 14:30:00,/Volumes/Argus/unk/snap/c1/1714746600.c1.snap.jpg,0.55773395
2024-05-03 15:00:00,/Volumes/Argus/unk/snap/c1/1714748400.c1.snap.jpg,0.55605745
2024-05-03 15:30:00,/Volumes/Argus/unk/snap/c1/1714750200.c1.snap.jpg,0.5244752
2024-05-03 16:00:00,/Volumes/Argus/unk/snap/c1/1714752000.c1.snap.jpg,0.48442602
2024-05-03 16:30:00,/Volumes/Argus/unk/snap/c1/1714753800.c1.snap.jpg,0.45920047
2024-05-03 17:00:00,/Volumes/Argus/unk/snap/c1/1714755600.c1.snap.jpg,0.4632577
2024-05-03 17:30:00,/Volumes/Argus/unk/snap/c1/1714757400.c1.snap.jpg,0.48716477
2024-05-03 18:00:00,/Volumes/Argus/unk/snap/c1/1714759200.c1.snap.jpg,0.44147968
2024-05-03 19:00:00,/Volumes/Argus/unk/snap/c1/1714762800.c1.snap.jpg,0.569921
2024-05-03 19:30:00,/Volumes/Argus/unk/snap/c1/1714764600.c1.snap.jpg,0.48060074
2024-05-03 20:00:00,/Volumes/Argus/unk/snap/c1/1714766400.c1.snap.jpg,0.49675637
2024-05-03 20:30:00,/Volumes/Argus/unk/snap/c1/1714768200.c1.snap.jpg,0.482187
2024-05-03 21:00:00,/Volumes/Argus/unk/snap/c1/1714770000.c1.snap.jpg,0.48055395
2024-05-03 21:30:00,/Volumes/Argus/unk/snap/c1/1714771800.c1.snap.jpg,0.39284492
2024-05-03 22:00:00,/Volumes/Argus/unk/snap/c1/1714773600.c1.snap.jpg,0.4504382
2024-05-03 22:30:00,/Volumes/Argus/unk/snap/c1/1714775400.c1.snap.jpg,0.43926638
2024-05-03 23:00:00,/Volumes/Argus/unk/snap/c1/1714777200.c1.snap.jpg,0.41421503
2024-05-03 23:30:00,/Volumes/Argus/unk/snap/c1/1714779000.c1.snap.jpg,0.43405706
2024-05-04 00:00:00,/Volumes/Argus/unk/snap/c1/1714780800.c1.snap.jpg,0.50529313
2024-05-04 00:30:00,/Volumes/Argus/unk/snap/c1/1714782600.c1.snap.jpg,0.31662554
2024-05-04 01:00:00,/Volumes/Argus/unk/snap/c1/1714784400.c1.snap.jpg,0.36774927
2024-05-04 01:30:00,/Volumes/Argus/unk/snap/c1/1714786200.c1.snap.jpg,0.35881317
2024-05-04 02:00:00,/Volumes/Argus/unk/snap/c1/1714788000.c1.snap.jpg,0.49489293
2024-05-04 03:00:00,/Volumes/Argus/unk/snap/c1/1714791600.c1.snap.jpg,0.3800725
2024-05-04 03:30:00,/Volumes/Argus/unk/snap/c1/1714793400.c1.snap.jpg,0.37724888
2024-05-04 04:00:00,/Volumes/Argus/unk/snap/c1/1714795200.c1.snap.jpg,0.41651744
2024-05-04 04:30:00,/Volumes/Argus/unk/snap/c1/1714797000.c1.snap.jpg,0.43126723
2024-05-04 05:00:00,/Volumes/Argus/unk/snap/c1/1714798800.c1.snap.jpg,0.39369503
2024-05-04 05:30:00,/Volumes/Argus/unk/snap/c1/1714800600.c1.snap.jpg,0.4400761
2024-05-04 06:00:00,/Volumes/Argus/unk/snap/c1/1714802400.c1.snap.jpg,0.39216572
2024-05-04 06:30:00,/Volumes/Argus/unk/snap/c1/1714804200.c1.snap.jpg,0.47650135
2024-05-04 07:00:00,/Volumes/Argus/unk/snap/c1/1714806000.c1.snap.jpg,0.43957925
2024-05-04 07:30:00,/Volumes/Argus/unk/snap/c1/1714807800.c1.snap.jpg,0.49021834
2024-05-04 08:00:00,/Volumes/Argus/unk/snap/c1/1714809600.c1.snap.jpg,0.5087854
2024-05-04 14:00:00,/Volumes/Argus/unk/snap/c1/1714831200.c1.snap.jpg,0.49663514
2024-05-04 14:30:00,/Volumes/Argus/unk/snap/c1/1714833000.c1.snap.jpg,0.47371843
2024-05-04 15:00:00,/Volumes/Argus/unk/snap/c1/1714834800.c1.snap.jpg,0.4745077
2024-05-04 15:30:00,/Volumes/Argus/unk/snap/c1/1714836600.c1.snap.jpg,0.3419652
2024-05-04 16:00:00,/Volumes/Argus/unk/snap/c1/1714838400.c1.snap.jpg,0.47331777
2024-05-04 16:30:00,/Volumes/Argus/unk/snap/c1/1714840200.c1.snap.jpg,0.59612954
2024-05-04 17:00:00,/Volumes/Argus/unk/snap/c1/1714842000.c1.snap.jpg,0.5122913
2024-05-04 17:30:00,/Volumes/Argus/unk/snap/c1/1714843800.c1.snap.jpg,0.44057506
2024-05-04 18:00:00,/Volumes/Argus/unk/snap/c1/1714845600.c1.snap.jpg,0.39556912
2024-05-04 18:30:00,/Volumes/Argus/unk/snap/c1/1714847400.c1.snap.jpg,0.42143416
2024-05-04 19:00:00,/Volumes/Argus/unk/snap/c1/1714849200.c1.snap.jpg,0.514233
2024-05-04 19:30:00,/Volumes/Argus/unk/snap/c1/1714851000.c1.snap.jpg,0.4904618
2024-05-04 20:00:00,/Volumes/Argus/unk/snap/c1/1714852800.c1.snap.jpg,0.6480889
2024-05-04 20:30:00,/Volumes/Argus/unk/snap/c1/1714854600.c1.snap.jpg,0.59397817
2024-05-04 21:00:00,/Volumes/Argus/unk/snap/c1/1714856400.c1.snap.jpg,0.40686995
2024-05-04 21:30:00,/Volumes/Argus/unk/snap/c1/1714858200.c1.snap.jpg,0.40443033
2024-05-04 22:00:00,/Volumes/Argus/unk/snap/c1/1714860000.c1.snap.jpg,0.46827546
2024-05-04 22:30:00,/Volumes/Argus/unk/snap/c1/1714861800.c1.snap.jpg,0.48587963
2024-05-04 23:00:00,/Volumes/Argus/unk/snap/c1/1714863600.c1.snap.jpg,0.47029
2024-05-04 23:30:00,/Volumes/Argus/unk/snap/c1/1714865400.c1.snap.jpg,0.4395169
2024-05-05 00:00:00,/Volumes/Argus/unk/snap/c1/1714867200.c1.snap.jpg,0.36761695
2024-05-05 00:30:00,/Volumes/Argus/unk/snap/c1/1714869000.c1.snap.jpg,0.4247402
2024-05-05 01:00:00,/Volumes/Argus/unk/snap/c1/1714870800.c1.snap.jpg,0.40391505
2024-05-05 01:30:00,/Volumes/Argus/unk/snap/c1/1714872600.c1.snap.jpg,0.54039866
2024-05-05 02:00:00,/Volumes/Argus/unk/snap/c1/1714874400.c1.snap.jpg,0.5814869
2024-05-05 02:30:00,/Volumes/Argus/unk/snap/c1/1714876200.c1.snap.jpg,0.59993494
2024-05-05 03:00:00,/Volumes/Argus/unk/snap/c1/1714878000.c1.snap.jpg,0.45967203
2024-05-05 03:30:00,/Volumes/Argus/unk/snap/c1/1714879800.c1.snap.jpg,0.50903887
2024-05-05 04:00:00,/Volumes/Argus/unk/snap/c1/1714881600.c1.snap.jpg,0.9806688
2024-05-05 04:30:00,/Volumes/Argus/unk/snap/c1/1714883400.c1.snap.jpg,0.6965401
2024-05-05 05:00:00,/Volumes/Argus/unk/snap/c1/1714885200.c1.snap.jpg,0.6489016
2024-05-05 05:30:00,/Volumes/Argus/unk/snap/c1/1714887000.c1.snap.jpg,0.6424904
2024-05-05 06:00:00,/Volumes/Argus/unk/snap/c1/1714888800.c1.snap.jpg,0.750901
2024-05-05 06:30:00,/Volumes/Argus/unk/snap/c1/1714890600.c1.snap.jpg,0.87474024
2024-05-05 07:00:00,/Volumes/Argus/unk/snap/c1/1714892400.c1.snap.jpg,0.850101
2024-05-05 07:30:00,/Volumes/Argus/unk/snap/c1/1714894200.c1.snap.jpg,0.7254457
2024-05-05 08:00:00,/Volumes/Argus/unk/snap/c1/1714896000.c1.snap.jpg,0.7215598
2024-05-05 14:00:00,/Volumes/Argus/unk/snap/c1/1714917600.c1.snap.jpg,0.80587375
2024-05-05 14:30:00,/Volumes/Argus/unk/snap/c1/1714919400.c1.snap.jpg,0.6983341
2024-05-05 15:00:00,/Volumes/Argus/unk/snap/c1/1714921200.c1.snap.jpg,0.5449023
2024-05-05 15:30:00,/Volumes/Argus/unk/snap/c1/1714923000.c1.snap.jpg,0.7917948
2024-05-05 16:00:00,/Volumes/Argus/unk/snap/c1/1714924800.c1.snap.jpg,0.7264043
2024-05-05 16:30:00,/Volumes/Argus/unk/snap/c1/1714926600.c1.snap.jpg,0.7518159
2024-05-05 17:30:00,/Volumes/Argus/unk/snap/c1/1714930200.c1.snap.jpg,0.73644423
2024-05-05 18:00:00,/Volumes/Argus/unk/snap/c1/1714932000.c1.snap.jpg,0.70302534
2024-05-05 18:30:00,/Volumes/Argus/unk/snap/c1/1714933800.c1.snap.jpg,0.6893672
2024-05-05 19:00:00,/Volumes/Argus/unk/snap/c1/1714935600.c1.snap.jpg,0.76002526
2024-05-05 19:30:00,/Volumes/Argus/unk/snap/c1/1714937400.c1.snap.jpg,0.7255189
2024-05-05 20:00:00,/Volumes/Argus/unk/snap/c1/1714939200.c1.snap.jpg,0.7040118
2024-05-05 20:30:00,/Volumes/Argus/unk/snap/c1/1714941000.c1.snap.jpg,0.9176503
2024-05-05 21:00:00,/Volumes/Argus/unk/snap/c1/1714942800.c1.snap.jpg,0.82684857
2024-05-05 21:30:00,/Volumes/Argus/unk/snap/c1/1714944600.c1.snap.jpg,0.7507151
2024-05-05 22:00:00,/Volumes/Argus/unk/snap/c1/1714946400.c1.snap.jpg,0.9924564
2024-05-05 22:30:00,/Volumes/Argus/unk/snap/c1/1714948200.c1.snap.jpg,0.6868246
2024-05-05 23:00:00,/Volumes/Argus/unk/snap/c1/1714950000.c1.snap.jpg,0.719773
2024-05-05 23:30:00,/Volumes/Argus/unk/snap/c1/1714951800.c1.snap.jpg,0.67493236
2024-05-06 00:00:00,/Volumes/Argus/unk/snap/c1/1714953600.c1.snap.jpg,0.79228187
2024-05-06 00:30:00,/Volumes/Argus/unk/snap/c1/1714955400.c1.snap.jpg,0.68161213
2024-05-06 01:00:00,/Volumes/Argus/unk/snap/c1/1714957200.c1.snap.jpg,0.7299483
2024-05-06 01:30:00,/Volumes/Argus/unk/snap/c1/1714959000.c1.snap.jpg,0.74866647
2024-05-06 02:00:00,/Volumes/Argus/unk/snap/c1/1714960800.c1.snap.jpg,0.49192488
2024-05-06 02:30:00,/Volumes/Argus/unk/snap/c1/1714962600.c1.snap.jpg,0.5075773
2024-05-06 03:30:00,/Volumes/Argus/unk/snap/c1/1714966200.c1.snap.jpg,0.31673548
2024-05-06 04:00:00,/Volumes/Argus/unk/snap/c1/1714968000.c1.snap.jpg,0.45911375
2024-05-06 04:30:00,/Volumes/Argus/unk/snap/c1/1714969800.c1.snap.jpg,0.6030496
2024-05-06 05:00:00,/Volumes/Argus/unk/snap/c1/1714971600.c1.snap.jpg,0.646512
2024-05-06 05:30:00,/Volumes/Argus/unk/snap/c1/1714973400.c1.snap.jpg,0.62546116
2024-05-06 06:00:00,/Volumes/Argus/unk/snap/c1/1714975200.c1.snap.jpg,0.6276684
2024-05-06 07:00:00,/Volumes/Argus/unk/snap/c1/1714978800.c1.snap.jpg,0.651177
2024-05-06 07:30:00,/Volumes/Argus/unk/snap/c1/1714980600.c1.snap.jpg,0.8459076
2024-05-06 08:00:00,/Volumes/Argus/unk/snap/c1/1714982400.c1.snap.jpg,0.83755314
2024-05-06 14:00:00,/Volumes/Argus/unk/snap/c1/1715004000.c1.snap.jpg,0.745453
2024-05-06 14:30:00,/Volumes/Argus/unk/snap/c1/1715005800.c1.snap.jpg,0.688719
2024-05-06 15:00:00,/Volumes/Argus/unk/snap/c1/1715007600.c1.snap.jpg,0.6937545
2024-05-06 15:30:00,/Volumes/Argus/unk/snap/c1/1715009400.c1.snap.jpg,0.5832522
2024-05-06 16:00:00,/Volumes/Argus/unk/snap/c1/1715011200.c1.snap.jpg,0.56017333
2024-05-06 16:30:00,/Volumes/Argus/unk/snap/c1/1715013000.c1.snap.jpg,0.7422524
2024-05-06 17:00:00,/Volumes/Argus/unk/snap/c1/1715014800.c1.snap.jpg,0.9348311
2024-05-06 17:30:00,/Volumes/Argus/unk/snap/c1/1715016600.c1.snap.jpg,0.8386488
2024-05-06 18:00:00,/Volumes/Argus/unk/snap/c1/1715018400.c1.snap.jpg,0.90676326
2024-05-06 18:30:00,/Volumes/Argus/unk/snap/c1/1715020200.c1.snap.jpg,0.8152982
2024-05-06 19:00:00,/Volumes/Argus/unk/snap/c1/1715022000.c1.snap.jpg,0.75524396
2024-05-06 19:30:00,/Volumes/Argus/unk/snap/c1/1715023800.c1.snap.jpg,0.7919464
2024-05-06 20:00:00,/Volumes/Argus/unk/snap/c1/1715025600.c1.snap.jpg,0.6961439
2024-05-06 20:30:00,/Volumes/Argus/unk/snap/c1/1715027400.c1.snap.jpg,0.66383976
2024-05-06 21:00:00,/Volumes/Argus/unk/snap/c1/1715029200.c1.snap.jpg,0.8831797
2024-05-06 21:30:00,/Volumes/Argus/unk/snap/c1/1715031000.c1.snap.jpg,1.0057786
2024-05-06 22:00:00,/Volumes/Argus/unk/snap/c1/1715032800.c1.snap.jpg,0.88100386
2024-05-06 23:00:00,/Volumes/Argus/unk/snap/c1/1715036400.c1.snap.jpg,1.0069513
2024-05-06 23:30:00,/Volumes/Argus/unk/snap/c1/1715038200.c1.snap.jpg,0.8622401
2024-05-07 00:30:00,/Volumes/Argus/unk/snap/c1/1715041800.c1.snap.jpg,0.778796
2024-05-07 01:00:00,/Volumes/Argus/unk/snap/c1/1715043600.c1.snap.jpg,1.0589237
2024-05-07 01:30:00,/Volumes/Argus/unk/snap/c1/1715045400.c1.snap.jpg,1.0432353
2024-05-07 02:00:00,/Volumes/Argus/unk/snap/c1/1715047200.c1.snap.jpg,1.0666151
2024-05-07 02:30:00,/Volumes/Argus/unk/snap/c1/1715049000.c1.snap.jpg,0.50676847
2024-05-07 03:00:00,/Volumes/Argus/unk/snap/c1/1715050800.c1.snap.jpg,0.54018974
2024-05-07 03:30:00,/Volumes/Argus/unk/snap/c1/1715052600.c1.snap.jpg,0.53689706
2024-05-07 04:00:00,/Volumes/Argus/unk/snap/c1/1715054400.c1.snap.jpg,0.54401326
2024-05-07 04:30:00,/Volumes/Argus/unk/snap/c1/1715056200.c1.snap.jpg,0.630228
2024-05-07 05:00:00,/Volumes/Argus/unk/snap/c1/1715058000.c1.snap.jpg,0.6829305
2024-05-07 05:30:00,/Volumes/Argus/unk/snap/c1/1715059800.c1.snap.jpg,0.657691
2024-05-07 06:00:00,/Volumes/Argus/unk/snap/c1/1715061600.c1.snap.jpg,0.6243146
2024-05-07 06:30:00,/Volumes/Argus/unk/snap/c1/1715063400.c1.snap.jpg,0.88181067
2024-05-07 07:00:00,/Volumes/Argus/unk/snap/c1/1715065200.c1.snap.jpg,1.1215684
2024-05-07 08:00:00,/Volumes/Argus/unk/snap/c1/1715068800.c1.snap.jpg,1.0230896
2024-05-07 08:30:00,/Volumes/Argus/unk/snap/c1/1715070600.c1.snap.jpg,1.1653776
2024-05-07 14:00:00,/Volumes/Argus/unk/snap/c1/1715090400.c1.snap.jpg,0.7549577
2024-05-07 14:30:00,/Volumes/Argus/unk/snap/c1/1715092200.c1.snap.jpg,0.9362725
2024-05-07 15:00:00,/Volumes/Argus/unk/snap/c1/1715094000.c1.snap.jpg,0.51306015
2024-05-07 15:30:00,/Volumes/Argus/unk/snap/c1/1715095800.c1.snap.jpg,0.8167565
2024-05-07 16:00:00,/Volumes/Argus/unk/snap/c1/1715097600.c1.snap.jpg,0.4583963
2024-05-07 16:30:00,/Volumes/Argus/unk/snap/c1/1715099400.c1.snap.jpg,0.38032037
2024-05-07 17:30:00,/Volumes/Argus/unk/snap/c1/1715103000.c1.snap.jpg,0.46972638
2024-05-07 18:00:00,/Volumes/Argus/unk/snap/c1/1715104800.c1.snap.jpg,0.46783474
2024-05-07 18:30:00,/Volumes/Argus/unk/snap/c1/1715106600.c1.snap.jpg,0.4973583
2024-05-07 19:00:00,/Volumes/Argus/unk/snap/c1/1715108400.c1.snap.jpg,0.5095277
2024-05-07 19:30:00,/Volumes/Argus/unk/snap/c1/1715110200.c1.snap.jpg,0.7244632
2024-05-07 20:00:00,/Volumes/Argus/unk/snap/c1/1715112000.c1.snap.jpg,0.6318183
2024-05-07 20:30:00,/Volumes/Argus/unk/snap/c1/1715113800.c1.snap.jpg,0.5080125
2024-05-07 21:00:00,/Volumes/Argus/unk/snap/c1/1715115600.c1.snap.jpg,0.5507341
2024-05-07 21:30:00,/Volumes/Argus/unk/snap/c1/1715117400.c1.snap.jpg,0.5668719
2024-05-07 22:00:00,/Volumes/Argus/unk/snap/c1/1715119200.c1.snap.jpg,0.52683973
2024-05-07 22:30:00,/Volumes/Argus/unk/snap/c1/1715121000.c1.snap.jpg,0.67382425
2024-05-07 23:00:00,/Volumes/Argus/unk/snap/c1/1715122800.c1.snap.jpg,0.5540041
2024-05-07 23:30:00,/Volumes/Argus/unk/snap/c1/1715124600.c1.snap.jpg,0.57174253
2024-05-08 00:00:00,/Volumes/Argus/unk/snap/c1/1715126400.c1.snap.jpg,0.7962278
2024-05-08 00:30:00,/Volumes/Argus/unk/snap/c1/1715128200.c1.snap.jpg,0.5391151
2024-05-08 01:00:00,/Volumes/Argus/unk/snap/c1/1715130000.c1.snap.jpg,0.68193305
2024-05-08 01:30:00,/Volumes/Argus/unk/snap/c1/1715131800.c1.snap.jpg,0.55801475
2024-05-08 02:00:00,/Volumes/Argus/unk/snap/c1/1715133600.c1.snap.jpg,0.80321544
2024-05-08 02:30:00,/Volumes/Argus/unk/snap/c1/1715135400.c1.snap.jpg,0.4578976
2024-05-08 03:00:00,/Volumes/Argus/unk/snap/c1/1715137200.c1.snap.jpg,0.4470081
2024-05-08 03:30:00,/Volumes/Argus/unk/snap/c1/1715139000.c1.snap.jpg,0.50590825
2024-05-08 04:00:00,/Volumes/Argus/unk/snap/c1/1715140800.c1.snap.jpg,0.51894706
2024-05-08 04:30:00,/Volumes/Argus/unk/snap/c1/1715142600.c1.snap.jpg,0.5362434
2024-05-08 05:00:00,/Volumes/Argus/unk/snap/c1/1715144400.c1.snap.jpg,0.27832574
2024-05-08 06:00:00,/Volumes/Argus/unk/snap/c1/1715148000.c1.snap.jpg,0.51826084
2024-05-08 06:30:00,/Volumes/Argus/unk/snap/c1/1715149800.c1.snap.jpg,0.5290755
2024-05-08 07:00:00,/Volumes/Argus/unk/snap/c1/1715151600.c1.snap.jpg,0.53009105
2024-05-08 07:30:00,/Volumes/Argus/unk/snap/c1/1715153400.c1.snap.jpg,0.49787086
2024-05-08 08:00:00,/Volumes/Argus/unk/snap/c1/1715155200.c1.snap.jpg,0.51803136
2024-05-08 08:30:00,/Volumes/Argus/unk/snap/c1/1715157000.c1.snap.jpg,0.4827542
2024-05-08 14:00:00,/Volumes/Argus/unk/snap/c1/1715176800.c1.snap.jpg,0.44629273
2024-05-08 14:30:00,/Volumes/Argus/unk/snap/c1/1715178600.c1.snap.jpg,0.45746297
2024-05-08 15:00:00,/Volumes/Argus/unk/snap/c1/1715180400.c1.snap.jpg,0.46209204
2024-05-08 15:30:00,/Volumes/Argus/unk/snap/c1/1715182200.c1.snap.jpg,0.46325988
2024-05-08 16:00:00,/Volumes/Argus/unk/snap/c1/1715184000.c1.snap.jpg,0.4768867
2024-05-08 16:30:00,/Volumes/Argus/unk/snap/c1/1715185800.c1.snap.jpg,0.426294
2024-05-08 17:00:00,/Volumes/Argus/unk/snap/c1/1715187600.c1.snap.jpg,0.39102292
2024-05-08 17:30:00,/Volumes/Argus/unk/snap/c1/1715189400.c1.snap.jpg,0.47323382
2024-05-08 18:00:00,/Volumes/Argus/unk/snap/c1/1715191200.c1.snap.jpg,0.41217646
2024-05-08 18:30:00,/Volumes/Argus/unk/snap/c1/1715193000.c1.snap.jpg,0.36397293
2024-05-08 19:00:00,/Volumes/Argus/unk/snap/c1/1715194800.c1.snap.jpg,0.50347733
2024-05-08 19:30:00,/Volumes/Argus/unk/snap/c1/1715196600.c1.snap.jpg,0.4840548
2024-05-08 20:00:00,/Volumes/Argus/unk/snap/c1/1715198400.c1.snap.jpg,0.3974611
2024-05-08 20:30:00,/Volumes/Argus/unk/snap/c1/1715200200.c1.snap.jpg,0.4932065
2024-05-08 21:00:00,/Volumes/Argus/unk/snap/c1/1715202000.c1.snap.jpg,0.453712
2024-05-08 21:30:00,/Volumes/Argus/unk/snap/c1/1715203800.c1.snap.jpg,0.3931482
2024-05-08 22:00:00,/Volumes/Argus/unk/snap/c1/1715205600.c1.snap.jpg,0.46555254
2024-05-08 22:30:00,/Volumes/Argus/unk/snap/c1/1715207400.c1.snap.jpg,0.5443171
2024-05-08 23:00:00,/Volumes/Argus/unk/snap/c1/1715209200.c1.snap.jpg,0.56712097
2024-05-08 23:30:00,/Volumes/Argus/unk/snap/c1/1715211000.c1.snap.jpg,0.54158485
2024-05-09 00:00:00,/Volumes/Argus/unk/snap/c1/1715212800.c1.snap.jpg,0.5041487
2024-05-09 00:30:00,/Volumes/Argus/unk/snap/c1/1715214600.c1.snap.jpg,0.3828552
2024-05-09 01:00:00,/Volumes/Argus/unk/snap/c1/1715216400.c1.snap.jpg,0.41752496
2024-05-09 01:30:00,/Volumes/Argus/unk/snap/c1/1715218200.c1.snap.jpg,0.4201054
2024-05-09 02:00:00,/Volumes/Argus/unk/snap/c1/1715220000.c1.snap.jpg,0.52886915
2024-05-09 02:30:00,/Volumes/Argus/unk/snap/c1/1715221800.c1.snap.jpg,0.43809545
2024-05-09 03:00:00,/Volumes/Argus/unk/snap/c1/1715223600.c1.snap.jpg,0.45720634
2024-05-09 03:30:00,/Volumes/Argus/unk/snap/c1/1715225400.c1.snap.jpg,0.4824277
2024-05-09 04:00:00,/Volumes/Argus/unk/snap/c1/1715227200.c1.snap.jpg,0.42045677
2024-05-09 04:30:00,/Volumes/Argus/unk/snap/c1/1715229000.c1.snap.jpg,0.3444932
2024-05-09 05:00:00,/Volumes/Argus/unk/snap/c1/1715230800.c1.snap.jpg,0.42254007
2024-05-09 05:30:00,/Volumes/Argus/unk/snap/c1/1715232600.c1.snap.jpg,0.4484209
2024-05-09 06:00:00,/Volumes/Argus/unk/snap/c1/1715234400.c1.snap.jpg,0.3874531
2024-05-09 06:30:00,/Volumes/Argus/unk/snap/c1/1715236200.c1.snap.jpg,0.55082494
2024-05-09 07:30:00,/Volumes/Argus/unk/snap/c1/1715239800.c1.snap.jpg,0.5391824
2024-05-09 08:00:00,/Volumes/Argus/unk/snap/c1/1715241600.c1.snap.jpg,0.549004
2024-05-09 08:30:00,/Volumes/Argus/unk/snap/c1/1715243400.c1.snap.jpg,0.5609153
2024-05-09 16:00:00,/Volumes/Argus/unk/snap/c1/1715270400.c1.snap.jpg,0.56481874
2024-05-09 16:30:00,/Volumes/Argus/unk/snap/c1/1715272200.c1.snap.jpg,0.5497353
2024-05-09 17:00:00,/Volumes/Argus/unk/snap/c1/1715274000.c1.snap.jpg,0.58574784
2024-05-09 17:30:00,/Volumes/Argus/unk/snap/c1/1715275800.c1.snap.jpg,0.5709788
2024-05-09 18:00:00,/Volumes/Argus/unk/snap/c1/1715277600.c1.snap.jpg,0.5764453
2024-05-09 19:00:00,/Volumes/Argus/unk/snap/c1/1715281200.c1.snap.jpg,1.0057073
2024-05-09 19:30:00,/Volumes/Argus/unk/snap/c1/1715283000.c1.snap.jpg,1.0243337
2024-05-09 20:00:00,/Volumes/Argus/unk/snap/c1/1715284800.c1.snap.jpg,0.9040627
2024-05-09 20:30:00,/Volumes/Argus/unk/snap/c1/1715286600.c1.snap.jpg,0.5468638
2024-05-09 21:00:00,/Volumes/Argus/unk/snap/c1/1715288400.c1.snap.jpg,0.5191019
2024-05-09 21:30:00,/Volumes/Argus/unk/snap/c1/1715290200.c1.snap.jpg,0.70888376
2024-05-09 22:00:00,/Volumes/Argus/unk/snap/c1/1715292000.c1.snap.jpg,0.6981023
2024-05-09 22:30:00,/Volumes/Argus/unk/snap/c1/1715293800.c1.snap.jpg,0.63294697
2024-05-09 23:00:00,/Volumes/Argus/unk/snap/c1/1715295600.c1.snap.jpg,0.4923975
2024-05-09 23:30:00,/Volumes/Argus/unk/snap/c1/1715297400.c1.snap.jpg,0.6570725
2024-05-10 00:00:00,/Volumes/Argus/unk/snap/c1/1715299200.c1.snap.jpg,0.9537823
2024-05-10 00:30:00,/Volumes/Argus/unk/snap/c1/1715301000.c1.snap.jpg,0.49940968
2024-05-10 01:00:00,/Volumes/Argus/unk/snap/c1/1715302800.c1.snap.jpg,0.5043982
2024-05-10 01:30:00,/Volumes/Argus/unk/snap/c1/1715304600.c1.snap.jpg,0.6017691
2024-05-10 02:30:00,/Volumes/Argus/unk/snap/c1/1715308200.c1.snap.jpg,0.5304638
2024-05-10 03:00:00,/Volumes/Argus/unk/snap/c1/1715310000.c1.snap.jpg,0.55677533
2024-05-10 03:30:00,/Volumes/Argus/unk/snap/c1/1715311800.c1.snap.jpg,0.39841408
2024-05-10 04:00:00,/Volumes/Argus/unk/snap/c1/1715313600.c1.snap.jpg,0.32117411
2024-05-10 04:30:00,/Volumes/Argus/unk/snap/c1/1715315400.c1.snap.jpg,0.36921915
2024-05-10 05:00:00,/Volumes/Argus/unk/snap/c1/1715317200.c1.snap.jpg,0.4338868
2024-05-10 05:30:00,/Volumes/Argus/unk/snap/c1/1715319000.c1.snap.jpg,0.3930535
2024-05-10 06:00:00,/Volumes/Argus/unk/snap/c1/1715320800.c1.snap.jpg,0.42317572
2024-05-10 06:30:00,/Volumes/Argus/unk/snap/c1/1715322600.c1.snap.jpg,0.36459714
2024-05-10 07:00:00,/Volumes/Argus/unk/snap/c1/1715324400.c1.snap.jpg,0.347476
2024-05-10 07:30:00,/Volumes/Argus/unk/snap/c1/1715326200.c1.snap.jpg,0.24329507
2024-05-10 08:00:00,/Volumes/Argus/unk/snap/c1/1715328000.c1.snap.jpg,0.3070951
2024-05-10 08:30:00,/Volumes/Argus/unk/snap/c1/1715329800.c1.snap.jpg,0.33309585
2024-05-10 14:00:00,/Volumes/Argus/unk/snap/c1/1715349600.c1.snap.jpg,0.413491
2024-05-10 14:30:00,/Volumes/Argus/unk/snap/c1/1715351400.c1.snap.jpg,0.5287912
2024-05-10 15:00:00,/Volumes/Argus/unk/snap/c1/1715353200.c1.snap.jpg,0.5172416
2024-05-10 15:30:00,/Volumes/Argus/unk/snap/c1/1715355000.c1.snap.jpg,0.5198231
2024-05-10 16:00:00,/Volumes/Argus/unk/snap/c1/1715356800.c1.snap.jpg,0.5602733
2024-05-10 16:30:00,/Volumes/Argus/unk/snap/c1/1715358600.c1.snap.jpg,0.6113912
2024-05-10 17:00:00,/Volumes/Argus/unk/snap/c1/1715360400.c1.snap.jpg,0.6635773
2024-05-10 17:30:00,/Volumes/Argus/unk/snap/c1/1715362200.c1.snap.jpg,0.62351274
2024-05-10 18:00:00,/Volumes/Argus/unk/snap/c1/1715364000.c1.snap.jpg,0.83181185
2024-05-10 18:30:00,/Volumes/Argus/unk/snap/c1/1715365800.c1.snap.jpg,0.5482578
2024-05-10 19:00:00,/Volumes/Argus/unk/snap/c1/1715367600.c1.snap.jpg,0.5329356
2024-05-10 19:30:00,/Volumes/Argus/unk/snap/c1/1715369400.c1.snap.jpg,0.706349
2024-05-10 20:00:00,/Volumes/Argus/unk/snap/c1/1715371200.c1.snap.jpg,0.61825866
2024-05-10 20:30:00,/Volumes/Argus/unk/snap/c1/1715373000.c1.snap.jpg,0.5419786
2024-05-10 21:00:00,/Volumes/Argus/unk/snap/c1/1715374800.c1.snap.jpg,0.5416292
2024-05-10 21:30:00,/Volumes/Argus/unk/snap/c1/1715376600.c1.snap.jpg,0.46545035
2024-05-10 22:00:00,/Volumes/Argus/unk/snap/c1/1715378400.c1.snap.jpg,0.5119314
2024-05-10 22:30:00,/Volumes/Argus/unk/snap/c1/1715380200.c1.snap.jpg,0.56163514
2024-05-10 23:00:00,/Volumes/Argus/unk/snap/c1/1715382000.c1.snap.jpg,0.46126363
2024-05-10 23:30:00,/Volumes/Argus/unk/snap/c1/1715383800.c1.snap.jpg,0.5422529
2024-05-11 00:00:00,/Volumes/Argus/unk/snap/c1/1715385600.c1.snap.jpg,0.51784307
2024-05-11 00:30:00,/Volumes/Argus/unk/snap/c1/1715387400.c1.snap.jpg,0.49316645
2024-05-11 01:00:00,/Volumes/Argus/unk/snap/c1/1715389200.c1.snap.jpg,0.511746
2024-05-11 01:30:00,/Volumes/Argus/unk/snap/c1/1715391000.c1.snap.jpg,0.43998703
2024-05-11 02:00:00,/Volumes/Argus/unk/snap/c1/1715392800.c1.snap.jpg,0.26989043
2024-05-11 02:30:00,/Volumes/Argus/unk/snap/c1/1715394600.c1.snap.jpg,0.39551893
2024-05-11 03:00:00,/Volumes/Argus/unk/snap/c1/1715396400.c1.snap.jpg,0.37461475
2024-05-11 03:30:00,/Volumes/Argus/unk/snap/c1/1715398200.c1.snap.jpg,0.22281702
2024-05-11 04:00:00,/Volumes/Argus/unk/snap/c1/1715400000.c1.snap.jpg,0.40437627
2024-05-11 04:30:00,/Volumes/Argus/unk/snap/c1/1715401800.c1.snap.jpg,0.49957225
2024-05-11 05:00:00,/Volumes/Argus/unk/snap/c1/1715403600.c1.snap.jpg,0.5760707
2024-05-11 05:30:00,/Volumes/Argus/unk/snap/c1/1715405400.c1.snap.jpg,0.55304193
2024-05-11 06:00:00,/Volumes/Argus/unk/snap/c1/1715407200.c1.snap.jpg,0.47476187
2024-05-11 06:30:00,/Volumes/Argus/unk/snap/c1/1715409000.c1.snap.jpg,0.46684378
2024-05-11 07:00:00,/Volumes/Argus/unk/snap/c1/1715410800.c1.snap.jpg,0.42719266
2024-05-11 07:30:00,/Volumes/Argus/unk/snap/c1/1715412600.c1.snap.jpg,0.4366394
2024-05-11 08:00:00,/Volumes/Argus/unk/snap/c1/1715414400.c1.snap.jpg,0.25383878
2024-05-11 08:30:00,/Volumes/Argus/unk/snap/c1/1715416200.c1.snap.jpg,0.28211665
2024-05-11 14:00:00,/Volumes/Argus/unk/snap/c1/1715436000.c1.snap.jpg,0.56290853
2024-05-11 14:30:00,/Volumes/Argus/unk/snap/c1/1715437800.c1.snap.jpg,0.58512264
2024-05-11 15:00:00,/Volumes/Argus/unk/snap/c1/1715439600.c1.snap.jpg,0.6659968
2024-05-11 15:30:00,/Volumes/Argus/unk/snap/c1/1715441400.c1.snap.jpg,0.67101985
2024-05-11 16:00:00,/Volumes/Argus/unk/snap/c1/1715443200.c1.snap.jpg,0.60793567
2024-05-11 16:30:00,/Volumes/Argus/unk/snap/c1/1715445000.c1.snap.jpg,0.5831857
2024-05-11 17:00:00,/Volumes/Argus/unk/snap/c1/1715446800.c1.snap.jpg,0.551154
2024-05-11 17:30:00,/Volumes/Argus/unk/snap/c1/1715448600.c1.snap.jpg,0.49140036
2024-05-11 18:00:00,/Volumes/Argus/unk/snap/c1/1715450400.c1.snap.jpg,0.55609643
2024-05-11 18:30:00,/Volumes/Argus/unk/snap/c1/1715452200.c1.snap.jpg,0.53561735
2024-05-11 19:00:00,/Volumes/Argus/unk/snap/c1/1715454000.c1.snap.jpg,0.62611556
2024-05-11 19:30:00,/Volumes/Argus/unk/snap/c1/1715455800.c1.snap.jpg,0.50232315
2024-05-11 20:00:00,/Volumes/Argus/unk/snap/c1/1715457600.c1.snap.jpg,0.5891895
2024-05-11 20:30:00,/Volumes/Argus/unk/snap/c1/1715459400.c1.snap.jpg,0.67575777
2024-05-11 21:00:00,/Volumes/Argus/unk/snap/c1/1715461200.c1.snap.jpg,0.7798544
2024-05-11 21:30:00,/Volumes/Argus/unk/snap/c1/1715463000.c1.snap.jpg,0.5907971
2024-05-11 22:00:00,/Volumes/Argus/unk/snap/c1/1715464800.c1.snap.jpg,0.47694528
2024-05-11 22:30:00,/Volumes/Argus/unk/snap/c1/1715466600.c1.snap.jpg,0.7167553
2024-05-11 23:00:00,/Volumes/Argus/unk/snap/c1/1715468400.c1.snap.jpg,1.0149956
2024-05-11 23:30:00,/Volumes/Argus/unk/snap/c1/1715470200.c1.snap.jpg,0.60166705
2024-05-12 00:00:00,/Volumes/Argus/unk/snap/c1/1715472000.c1.snap.jpg,0.8483575
2024-05-12 00:30:00,/Volumes/Argus/unk/snap/c1/1715473800.c1.snap.jpg,0.8301125
2024-05-12 01:00:00,/Volumes/Argus/unk/snap/c1/1715475600.c1.snap.jpg,0.9147438
2024-05-12 01:30:00,/Volumes/Argus/unk/snap/c1/1715477400.c1.snap.jpg,0.8168025
2024-05-12 02:00:00,/Volumes/Argus/unk/snap/c1/1715479200.c1.snap.jpg,0.68094283
2024-05-12 02:30:00,/Volumes/Argus/unk/snap/c1/1715481000.c1.snap.jpg,0.6694263
2024-05-12 03:00:00,/Volumes/Argus/unk/snap/c1/1715482800.c1.snap.jpg,0.6110368
2024-05-12 03:30:00,/Volumes/Argus/unk/snap/c1/1715484600.c1.snap.jpg,0.58756965
2024-05-12 04:00:00,/Volumes/Argus/unk/snap/c1/1715486400.c1.snap.jpg,0.72506434
2024-05-12 04:30:00,/Volumes/Argus/unk/snap/c1/1715488200.c1.snap.jpg,0.71300304
2024-05-12 05:00:00,/Volumes/Argus/unk/snap/c1/1715490000.c1.snap.jpg,1.624756
2024-05-12 05:30:00,/Volumes/Argus/unk/snap/c1/1715491800.c1.snap.jpg,0.85937864
2024-05-12 06:00:00,/Volumes/Argus/unk/snap/c1/1715493600.c1.snap.jpg,0.702338
2024-05-12 06:30:00,/Volumes/Argus/unk/snap/c1/1715495400.c1.snap.jpg,0.6737646
2024-05-12 07:00:00,/Volumes/Argus/unk/snap/c1/1715497200.c1.snap.jpg,0.58950037
2024-05-12 07:30:00,/Volumes/Argus/unk/snap/c1/1715499000.c1.snap.jpg,0.6307776
2024-05-12 08:00:00,/Volumes/Argus/unk/snap/c1/1715500800.c1.snap.jpg,0.5286976
2024-05-12 08:30:00,/Volumes/Argus/unk/snap/c1/1715502600.c1.snap.jpg,0.44369036
2024-05-12 16:00:00,/Volumes/Argus/unk/snap/c1/1715529600.c1.snap.jpg,0.6518012
2024-05-12 17:00:00,/Volumes/Argus/unk/snap/c1/1715533200.c1.snap.jpg,0.5499828
2024-05-12 17:30:00,/Volumes/Argus/unk/snap/c1/1715535000.c1.snap.jpg,0.56046534
2024-05-12 18:00:00,/Volumes/Argus/unk/snap/c1/1715536800.c1.snap.jpg,0.66625386
2024-05-12 18:30:00,/Volumes/Argus/unk/snap/c1/1715538600.c1.snap.jpg,0.5822258
2024-05-12 19:00:00,/Volumes/Argus/unk/snap/c1/1715540400.c1.snap.jpg,0.4879524
2024-05-12 19:30:00,/Volumes/Argus/unk/snap/c1/1715542200.c1.snap.jpg,0.48216182
2024-05-12 20:00:00,/Volumes/Argus/unk/snap/c1/1715544000.c1.snap.jpg,0.473184
2024-05-12 20:30:00,/Volumes/Argus/unk/snap/c1/1715545800.c1.snap.jpg,0.4255645
2024-05-12 21:00:00,/Volumes/Argus/unk/snap/c1/1715547600.c1.snap.jpg,0.48603737
2024-05-12 21:30:00,/Volumes/Argus/unk/snap/c1/1715549400.c1.snap.jpg,0.58300614
2024-05-12 22:00:00,/Volumes/Argus/unk/snap/c1/1715551200.c1.snap.jpg,0.6599672
2024-05-12 22:30:00,/Volumes/Argus/unk/snap/c1/1715553000.c1.snap.jpg,0.7532122
2024-05-12 23:00:00,/Volumes/Argus/unk/snap/c1/1715554800.c1.snap.jpg,0.6786597
2024-05-12 23:30:00,/Volumes/Argus/unk/snap/c1/1715556600.c1.snap.jpg,0.7621596
2024-05-13 00:00:00,/Volumes/Argus/unk/snap/c1/1715558400.c1.snap.jpg,0.7192587
2024-05-13 00:30:00,/Volumes/Argus/unk/snap/c1/1715560200.c1.snap.jpg,0.56591046
2024-05-13 01:00:00,/Volumes/Argus/unk/snap/c1/1715562000.c1.snap.jpg,0.5188448
2024-05-13 01:30:00,/Volumes/Argus/unk/snap/c1/1715563800.c1.snap.jpg,0.5024767
2024-05-13 02:00:00,/Volumes/Argus/unk/snap/c1/1715565600.c1.snap.jpg,0.5153215
2024-05-13 02:30:00,/Volumes/Argus/unk/snap/c1/1715567400.c1.snap.jpg,0.44866788
2024-05-13 03:00:00,/Volumes/Argus/unk/snap/c1/1715569200.c1.snap.jpg,0.4001391
2024-05-13 03:30:00,/Volumes/Argus/unk/snap/c1/1715571000.c1.snap.jpg,0.30900463
2024-05-13 04:00:00,/Volumes/Argus/unk/snap/c1/1715572800.c1.snap.jpg,0.49026784
2024-05-13 04:30:00,/Volumes/Argus/unk/snap/c1/1715574600.c1.snap.jpg,0.48100808
2024-05-13 05:00:00,/Volumes/Argus/unk/snap/c1/1715576400.c1.snap.jpg,0.4445489
2024-05-13 05:30:00,/Volumes/Argus/unk/snap/c1/1715578200.c1.snap.jpg,0.4690578
2024-05-13 06:30:00,/Volumes/Argus/unk/snap/c1/1715581800.c1.snap.jpg,0.48618332
2024-05-13 07:00:00,/Volumes/Argus/unk/snap/c1/1715583600.c1.snap.jpg,0.48814833
2024-05-13 07:30:00,/Volumes/Argus/unk/snap/c1/1715585400.c1.snap.jpg,0.50256836
2024-05-13 08:00:00,/Volumes/Argus/unk/snap/c1/1715587200.c1.snap.jpg,0.47666648
2024-05-13 08:30:00,/Volumes/Argus/unk/snap/c1/1715589000.c1.snap.jpg,0.50508434
2024-05-13 09:00:00,/Volumes/Argus/unk/snap/c1/1715590800.c1.snap.jpg,0.42384607
2024-05-13 16:00:00,/Volumes/Argus/unk/snap/c1/1715616000.c1.snap.jpg,0.43231863
2024-05-13 16:30:00,/Volumes/Argus/unk/snap/c1/1715617800.c1.snap.jpg,0.29374614
2024-05-13 17:00:00,/Volumes/Argus/unk/snap/c1/1715619600.c1.snap.jpg,0.43680096
2024-05-13 17:30:00,/Volumes/Argus/unk/snap/c1/1715621400.c1.snap.jpg,0.45746773
2024-05-13 18:00:00,/Volumes/Argus/unk/snap/c1/1715623200.c1.snap.jpg,0.39032733
2024-05-13 18:30:00,/Volumes/Argus/unk/snap/c1/1715625000.c1.snap.jpg,0.35840768
2024-05-13 19:00:00,/Volumes/Argus/unk/snap/c1/1715626800.c1.snap.jpg,0.34487745
2024-05-13 19:30:00,/Volumes/Argus/unk/snap/c1/1715628600.c1.snap.jpg,0.32258785
2024-05-13 20:30:00,/Volumes/Argus/unk/snap/c1/1715632200.c1.snap.jpg,0.65585136
2024-05-13 21:00:00,/Volumes/Argus/unk/snap/c1/1715634000.c1.snap.jpg,0.5950341
2024-05-13 21:30:00,/Volumes/Argus/unk/snap/c1/1715635800.c1.snap.jpg,0.5203742
2024-05-13 22:00:00,/Volumes/Argus/unk/snap/c1/1715637600.c1.snap.jpg,0.42156267
2024-05-13 22:30:00,/Volumes/Argus/unk/snap/c1/1715639400.c1.snap.jpg,0.50386775
2024-05-13 23:00:00,/Volumes/Argus/unk/snap/c1/1715641200.c1.snap.jpg,0.46616167
2024-05-13 23:30:00,/Volumes/Argus/unk/snap/c1/1715643000.c1.snap.jpg,0.47046
2024-05-14 00:00:00,/Volumes/Argus/unk/snap/c1/1715644800.c1.snap.jpg,0.4554392
2024-05-14 00:30:00,/Volumes/Argus/unk/snap/c1/1715646600.c1.snap.jpg,0.45547014
2024-05-14 01:00:00,/Volumes/Argus/unk/snap/c1/1715648400.c1.snap.jpg,0.4895608
2024-05-14 01:30:00,/Volumes/Argus/unk/snap/c1/1715650200.c1.snap.jpg,0.5002333
2024-05-14 02:00:00,/Volumes/Argus/unk/snap/c1/1715652000.c1.snap.jpg,0.45389083
2024-05-14 02:30:00,/Volumes/Argus/unk/snap/c1/1715653800.c1.snap.jpg,0.39185825
2024-05-14 03:00:00,/Volumes/Argus/unk/snap/c1/1715655600.c1.snap.jpg,0.3379451
2024-05-14 03:30:00,/Volumes/Argus/unk/snap/c1/1715657400.c1.snap.jpg,0.40790927
2024-05-14 04:00:00,/Volumes/Argus/unk/snap/c1/1715659200.c1.snap.jpg,0.35982347
2024-05-14 04:30:00,/Volumes/Argus/unk/snap/c1/1715661000.c1.snap.jpg,0.38356152
2024-05-14 05:00:00,/Volumes/Argus/unk/snap/c1/1715662800.c1.snap.jpg,0.31099194
2024-05-14 05:30:00,/Volumes/Argus/unk/snap/c1/1715664600.c1.snap.jpg,0.2762611
2024-05-14 06:00:00,/Volumes/Argus/unk/snap/c1/1715666400.c1.snap.jpg,0.34726852
2024-05-14 06:30:00,/Volumes/Argus/unk/snap/c1/1715668200.c1.snap.jpg,0.35864064
2024-05-14 07:00:00,/Volumes/Argus/unk/snap/c1/1715670000.c1.snap.jpg,0.44292092
2024-05-14 07:30:00,/Volumes/Argus/unk/snap/c1/1715671800.c1.snap.jpg,0.3227638
2024-05-14 08:00:00,/Volumes/Argus/unk/snap/c1/1715673600.c1.snap.jpg,0.3869845
2024-05-14 08:30:00,/Volumes/Argus/unk/snap/c1/1715675400.c1.snap.jpg,0.38857695
2024-05-14 09:00:00,/Volumes/Argus/unk/snap/c1/1715677200.c1.snap.jpg,0.4953725
2024-05-14 16:00:00,/Volumes/Argus/unk/snap/c1/1715702400.c1.snap.jpg,0.3791909
2024-05-14 16:30:00,/Volumes/Argus/unk/snap/c1/1715704200.c1.snap.jpg,0.33654085
2024-05-14 17:00:00,/Volumes/Argus/unk/snap/c1/1715706000.c1.snap.jpg,0.36451674
2024-05-14 17:30:00,/Volumes/Argus/unk/snap/c1/1715707800.c1.snap.jpg,0.35686353
2024-05-14 18:00:00,/Volumes/Argus/unk/snap/c1/1715709600.c1.snap.jpg,0.302188
2024-05-14 18:30:00,/Volumes/Argus/unk/snap/c1/1715711400.c1.snap.jpg,0.36259386
2024-05-14 19:00:00,/Volumes/Argus/unk/snap/c1/1715713200.c1.snap.jpg,0.3686936
2024-05-14 19:30:00,/Volumes/Argus/unk/snap/c1/1715715000.c1.snap.jpg,0.50932086
2024-05-14 20:00:00,/Volumes/Argus/unk/snap/c1/1715716800.c1.snap.jpg,0.31389958
2024-05-14 20:30:00,/Volumes/Argus/unk/snap/c1/1715718600.c1.snap.jpg,0.39089048
2024-05-14 21:00:00,/Volumes/Argus/unk/snap/c1/1715720400.c1.snap.jpg,0.37338567
2024-05-14 21:30:00,/Volumes/Argus/unk/snap/c1/1715722200.c1.snap.jpg,0.47281334
2024-05-14 22:00:00,/Volumes/Argus/unk/snap/c1/1715724000.c1.snap.jpg,0.43512166
2024-05-14 22:30:00,/Volumes/Argus/unk/snap/c1/1715725800.c1.snap.jpg,0.5017569
2024-05-14 23:00:00,/Volumes/Argus/unk/snap/c1/1715727600.c1.snap.jpg,0.54987943
2024-05-14 23:30:00,/Volumes/Argus/unk/snap/c1/1715729400.c1.snap.jpg,0.47851717
2024-05-15 00:00:00,/Volumes/Argus/unk/snap/c1/1715731200.c1.snap.jpg,0.5674275
2024-05-15 00:30:00,/Volumes/Argus/unk/snap/c1/1715733000.c1.snap.jpg,0.3811716
2024-05-15 01:00:00,/Volumes/Argus/unk/snap/c1/1715734800.c1.snap.jpg,0.40728462
2024-05-15 01:30:00,/Volumes/Argus/unk/snap/c1/1715736600.c1.snap.jpg,0.4534093
2024-05-15 02:00:00,/Volumes/Argus/unk/snap/c1/1715738400.c1.snap.jpg,0.41318178
2024-05-15 02:30:00,/Volumes/Argus/unk/snap/c1/1715740200.c1.snap.jpg,0.27581263
2024-05-15 03:00:00,/Volumes/Argus/unk/snap/c1/1715742000.c1.snap.jpg,0.3246483
2024-05-15 03:30:00,/Volumes/Argus/unk/snap/c1/1715743800.c1.snap.jpg,0.33293265
2024-05-15 04:00:00,/Volumes/Argus/unk/snap/c1/1715745600.c1.snap.jpg,0.39604783
2024-05-15 04:30:00,/Volumes/Argus/unk/snap/c1/1715747400.c1.snap.jpg,0.2658833
2024-05-15 05:00:00,/Volumes/Argus/unk/snap/c1/1715749200.c1.snap.jpg,0.22594434
2024-05-15 05:30:00,/Volumes/Argus/unk/snap/c1/1715751000.c1.snap.jpg,0.24068606
2024-05-15 06:00:00,/Volumes/Argus/unk/snap/c1/1715752800.c1.snap.jpg,0.28585774
2024-05-15 06:30:00,/Volumes/Argus/unk/snap/c1/1715754600.c1.snap.jpg,0.2431117
2024-05-15 07:00:00,/Volumes/Argus/unk/snap/c1/1715756400.c1.snap.jpg,0.37521273
2024-05-15 07:30:00,/Volumes/Argus/unk/snap/c1/1715758200.c1.snap.jpg,0.45850965
2024-05-15 08:00:00,/Volumes/Argus/unk/snap/c1/1715760000.c1.snap.jpg,0.25048032
2024-05-15 08:30:00,/Volumes/Argus/unk/snap/c1/1715761800.c1.snap.jpg,0.3122021
2024-05-15 09:00:00,/Volumes/Argus/unk/snap/c1/1715763600.c1.snap.jpg,0.5418235
2024-05-15 14:00:00,/Volumes/Argus/unk/snap/c1/1715781600.c1.snap.jpg,0.36588427
2024-05-15 14:30:00,/Volumes/Argus/unk/snap/c1/1715783400.c1.snap.jpg,0.3815876
2024-05-15 15:00:00,/Volumes/Argus/unk/snap/c1/1715785200.c1.snap.jpg,0.3970098
2024-05-15 15:30:00,/Volumes/Argus/unk/snap/c1/1715787000.c1.snap.jpg,0.5326725
2024-05-15 16:00:00,/Volumes/Argus/unk/snap/c1/1715788800.c1.snap.jpg,0.57321405
2024-05-15 16:30:00,/Volumes/Argus/unk/snap/c1/1715790600.c1.snap.jpg,0.627046
2024-05-15 17:00:00,/Volumes/Argus/unk/snap/c1/1715792400.c1.snap.jpg,0.55860907
2024-05-15 17:30:00,/Volumes/Argus/unk/snap/c1/1715794200.c1.snap.jpg,0.6474216
2024-05-15 18:00:00,/Volumes/Argus/unk/snap/c1/1715796000.c1.snap.jpg,0.7394981
2024-05-15 18:30:00,/Volumes/Argus/unk/snap/c1/1715797800.c1.snap.jpg,0.56397533
2024-05-15 19:00:00,/Volumes/Argus/unk/snap/c1/1715799600.c1.snap.jpg,0.6473013
2024-05-15 19:30:00,/Volumes/Argus/unk/snap/c1/1715801400.c1.snap.jpg,0.5637225
2024-05-15 20:00:00,/Volumes/Argus/unk/snap/c1/1715803200.c1.snap.jpg,0.5728146
2024-05-15 20:30:00,/Volumes/Argus/unk/snap/c1/1715805000.c1.snap.jpg,0.63954496
2024-05-15 21:00:00,/Volumes/Argus/unk/snap/c1/1715806800.c1.snap.jpg,0.66364396
2024-05-15 21:30:00,/Volumes/Argus/unk/snap/c1/1715808600.c1.snap.jpg,0.4965288
2024-05-15 22:00:00,/Volumes/Argus/unk/snap/c1/1715810400.c1.snap.jpg,0.5257807
2024-05-15 22:30:00,/Volumes/Argus/unk/snap/c1/1715812200.c1.snap.jpg,0.776158
2024-05-15 23:00:00,/Volumes/Argus/unk/snap/c1/1715814000.c1.snap.jpg,0.60161746
2024-05-15 23:30:00,/Volumes/Argus/unk/snap/c1/1715815800.c1.snap.jpg,0.53577554
2024-05-16 00:00:00,/Volumes/Argus/unk/snap/c1/1715817600.c1.snap.jpg,0.5245692
2024-05-16 01:00:00,/Volumes/Argus/unk/snap/c1/1715821200.c1.snap.jpg,0.48090705
2024-05-16 01:30:00,/Volumes/Argus/unk/snap/c1/1715823000.c1.snap.jpg,0.7008182
2024-05-16 02:00:00,/Volumes/Argus/unk/snap/c1/1715824800.c1.snap.jpg,0.5860747
2024-05-16 02:30:00,/Volumes/Argus/unk/snap/c1/1715826600.c1.snap.jpg,0.55939686
2024-05-16 03:00:00,/Volumes/Argus/unk/snap/c1/1715828400.c1.snap.jpg,0.5429668
2024-05-16 03:30:00,/Volumes/Argus/unk/snap/c1/1715830200.c1.snap.jpg,0.79014605
2024-05-16 04:00:00,/Volumes/Argus/unk/snap/c1/1715832000.c1.snap.jpg,0.55471605
2024-05-16 04:30:00,/Volumes/Argus/unk/snap/c1/1715833800.c1.snap.jpg,0.52299213
2024-05-16 05:00:00,/Volumes/Argus/unk/snap/c1/1715835600.c1.snap.jpg,0.5728659
2024-05-16 05:30:00,/Volumes/Argus/unk/snap/c1/1715837400.c1.snap.jpg,0.46290094
2024-05-16 06:00:00,/Volumes/Argus/unk/snap/c1/1715839200.c1.snap.jpg,0.46663964
2024-05-16 06:30:00,/Volumes/Argus/unk/snap/c1/1715841000.c1.snap.jpg,0.6137307
2024-05-16 07:00:00,/Volumes/Argus/unk/snap/c1/1715842800.c1.snap.jpg,0.5604249
2024-05-16 07:30:00,/Volumes/Argus/unk/snap/c1/1715844600.c1.snap.jpg,0.5589105
2024-05-16 08:00:00,/Volumes/Argus/unk/snap/c1/1715846400.c1.snap.jpg,0.45986256
2024-05-16 08:30:00,/Volumes/Argus/unk/snap/c1/1715848200.c1.snap.jpg,0.43476522
2024-05-16 09:00:00,/Volumes/Argus/unk/snap/c1/1715850000.c1.snap.jpg,0.29195696
2024-05-16 12:00:00,/Volumes/Argus/unk/snap/c1/1715860800.c1.snap.jpg,0.40939212
2024-05-16 14:00:00,/Volumes/Argus/unk/snap/c1/1715868000.c1.snap.jpg,0.29238904
2024-05-16 14:30:00,/Volumes/Argus/unk/snap/c1/1715869800.c1.snap.jpg,0.39009732
2024-05-16 15:00:00,/Volumes/Argus/unk/snap/c1/1715871600.c1.snap.jpg,0.3530555
2024-05-16 16:00:00,/Volumes/Argus/unk/snap/c1/1715875200.c1.snap.jpg,0.433332
2024-05-16 16:30:00,/Volumes/Argus/unk/snap/c1/1715877000.c1.snap.jpg,0.46822968
2024-05-16 17:00:00,/Volumes/Argus/unk/snap/c1/1715878800.c1.snap.jpg,0.4779727
2024-05-16 17:30:00,/Volumes/Argus/unk/snap/c1/1715880600.c1.snap.jpg,0.45230365
2024-05-16 18:00:00,/Volumes/Argus/unk/snap/c1/1715882400.c1.snap.jpg,0.44955677
2024-05-16 18:30:00,/Volumes/Argus/unk/snap/c1/1715884200.c1.snap.jpg,0.5081668
2024-05-16 19:00:00,/Volumes/Argus/unk/snap/c1/1715886000.c1.snap.jpg,0.56637335
2024-05-16 19:30:00,/Volumes/Argus/unk/snap/c1/1715887800.c1.snap.jpg,0.496699
2024-05-16 20:30:00,/Volumes/Argus/unk/snap/c1/1715891400.c1.snap.jpg,0.433045
2024-05-16 21:00:00,/Volumes/Argus/unk/snap/c1/1715893200.c1.snap.jpg,0.41263404
2024-05-16 21:30:00,/Volumes/Argus/unk/snap/c1/1715895000.c1.snap.jpg,0.38684857
2024-05-16 22:00:00,/Volumes/Argus/unk/snap/c1/1715896800.c1.snap.jpg,0.46445766
2024-05-16 22:30:00,/Volumes/Argus/unk/snap/c1/1715898600.c1.snap.jpg,0.3621886
2024-05-16 23:00:00,/Volumes/Argus/unk/snap/c1/1715900400.c1.snap.jpg,0.39445466
2024-05-16 23:30:00,/Volumes/Argus/unk/snap/c1/1715902200.c1.snap.jpg,0.40537745
2024-05-17 00:00:00,/Volumes/Argus/unk/snap/c1/1715904000.c1.snap.jpg,0.3449275
2024-05-17 00:30:00,/Volumes/Argus/unk/snap/c1/1715905800.c1.snap.jpg,0.48533744
2024-05-17 01:00:00,/Volumes/Argus/unk/snap/c1/1715907600.c1.snap.jpg,0.38222587
2024-05-17 01:30:00,/Volumes/Argus/unk/snap/c1/1715909400.c1.snap.jpg,0.2965536
2024-05-17 02:00:00,/Volumes/Argus/unk/snap/c1/1715911200.c1.snap.jpg,0.22472394
2024-05-17 02:30:00,/Volumes/Argus/unk/snap/c1/1715913000.c1.snap.jpg,0.3822822
2024-05-17 03:30:00,/Volumes/Argus/unk/snap/c1/1715916600.c1.snap.jpg,0.28765625
2024-05-17 04:00:00,/Volumes/Argus/unk/snap/c1/1715918400.c1.snap.jpg,0.29089895
2024-05-17 04:30:00,/Volumes/Argus/unk/snap/c1/1715920200.c1.snap.jpg,0.3180253
2024-05-17 05:00:00,/Volumes/Argus/unk/snap/c1/1715922000.c1.snap.jpg,0.3618227
2024-05-17 05:30:00,/Volumes/Argus/unk/snap/c1/1715923800.c1.snap.jpg,0.249944
2024-05-17 06:00:00,/Volumes/Argus/unk/snap/c1/1715925600.c1.snap.jpg,0.36521697
2024-05-17 06:30:00,/Volumes/Argus/unk/snap/c1/1715927400.c1.snap.jpg,0.3785393
2024-05-17 07:00:00,/Volumes/Argus/unk/snap/c1/1715929200.c1.snap.jpg,0.34591478
2024-05-17 07:30:00,/Volumes/Argus/unk/snap/c1/1715931000.c1.snap.jpg,0.39911687
2024-05-17 08:00:00,/Volumes/Argus/unk/snap/c1/1715932800.c1.snap.jpg,0.30285197
2024-05-17 08:30:00,/Volumes/Argus/unk/snap/c1/1715934600.c1.snap.jpg,0.28792548
2024-05-17 09:00:00,/Volumes/Argus/unk/snap/c1/1715936400.c1.snap.jpg,0.36340395
2024-05-17 12:00:00,/Volumes/Argus/unk/snap/c1/1715947200.c1.snap.jpg,0.18248212
2024-05-17 14:00:00,/Volumes/Argus/unk/snap/c1/1715954400.c1.snap.jpg,0.3553005
2024-05-17 14:30:00,/Volumes/Argus/unk/snap/c1/1715956200.c1.snap.jpg,0.3200701
2024-05-17 15:00:00,/Volumes/Argus/unk/snap/c1/1715958000.c1.snap.jpg,0.3318691
2024-05-17 15:30:00,/Volumes/Argus/unk/snap/c1/1715959800.c1.snap.jpg,0.2214346
2024-05-17 16:00:00,/Volumes/Argus/unk/snap/c1/1715961600.c1.snap.jpg,0.37736523
2024-05-17 16:30:00,/Volumes/Argus/unk/snap/c1/1715963400.c1.snap.jpg,0.36992052
2024-05-17 17:00:00,/Volumes/Argus/unk/snap/c1/1715965200.c1.snap.jpg,0.4074623
2024-05-17 17:30:00,/Volumes/Argus/unk/snap/c1/1715967000.c1.snap.jpg,0.3998611
2024-05-17 18:00:00,/Volumes/Argus/unk/snap/c1/1715968800.c1.snap.jpg,0.32924896
2024-05-17 18:30:00,/Volumes/Argus/unk/snap/c1/1715970600.c1.snap.jpg,0.43458515
2024-05-17 19:00:00,/Volumes/Argus/unk/snap/c1/1715972400.c1.snap.jpg,0.32272202
2024-05-17 19:30:00,/Volumes/Argus/unk/snap/c1/1715974200.c1.snap.jpg,0.32054526
2024-05-17 20:00:00,/Volumes/Argus/unk/snap/c1/1715976000.c1.snap.jpg,0.30476904
2024-05-17 20:30:00,/Volumes/Argus/unk/snap/c1/1715977800.c1.snap.jpg,0.33141148
2024-05-17 21:30:00,/Volumes/Argus/unk/snap/c1/1715981400.c1.snap.jpg,0.44450217
2024-05-17 22:00:00,/Volumes/Argus/unk/snap/c1/1715983200.c1.snap.jpg,0.36392695
2024-05-17 22:30:00,/Volumes/Argus/unk/snap/c1/1715985000.c1.snap.jpg,0.3192153
2024-05-17 23:00:00,/Volumes/Argus/unk/snap/c1/1715986800.c1.snap.jpg,0.33593488
2024-05-17 23:30:00,/Volumes/Argus/unk/snap/c1/1715988600.c1.snap.jpg,0.3769689
2024-05-18 00:00:00,/Volumes/Argus/unk/snap/c1/1715990400.c1.snap.jpg,0.27781743
2024-05-18 00:30:00,/Volumes/Argus/unk/snap/c1/1715992200.c1.snap.jpg,0.26498234
2024-05-18 01:00:00,/Volumes/Argus/unk/snap/c1/1715994000.c1.snap.jpg,0.26329568
2024-05-18 01:30:00,/Volumes/Argus/unk/snap/c1/1715995800.c1.snap.jpg,0.3225027
2024-05-18 02:00:00,/Volumes/Argus/unk/snap/c1/1715997600.c1.snap.jpg,0.3184895
2024-05-18 02:30:00,/Volumes/Argus/unk/snap/c1/1715999400.c1.snap.jpg,0.31860644
2024-05-18 03:00:00,/Volumes/Argus/unk/snap/c1/1716001200.c1.snap.jpg,0.35835907
2024-05-18 03:30:00,/Volumes/Argus/unk/snap/c1/1716003000.c1.snap.jpg,0.2814228
2024-05-18 04:00:00,/Volumes/Argus/unk/snap/c1/1716004800.c1.snap.jpg,0.355489
2024-05-18 04:30:00,/Volumes/Argus/unk/snap/c1/1716006600.c1.snap.jpg,0.3343415
2024-05-18 05:00:00,/Volumes/Argus/unk/snap/c1/1716008400.c1.snap.jpg,0.35110438
2024-05-18 05:30:00,/Volumes/Argus/unk/snap/c1/1716010200.c1.snap.jpg,0.37393117
2024-05-18 06:00:00,/Volumes/Argus/unk/snap/c1/1716012000.c1.snap.jpg,0.361111
2024-05-18 06:30:00,/Volumes/Argus/unk/snap/c1/1716013800.c1.snap.jpg,0.31567666
2024-05-18 07:00:00,/Volumes/Argus/unk/snap/c1/1716015600.c1.snap.jpg,0.3034335
2024-05-18 07:30:00,/Volumes/Argus/unk/snap/c1/1716017400.c1.snap.jpg,0.28943437
2024-05-18 08:00:00,/Volumes/Argus/unk/snap/c1/1716019200.c1.snap.jpg,0.33594167
2024-05-18 08:30:00,/Volumes/Argus/unk/snap/c1/1716021000.c1.snap.jpg,0.29713017
2024-05-18 09:00:00,/Volumes/Argus/unk/snap/c1/1716022800.c1.snap.jpg,0.24670619
2024-05-18 09:30:00,/Volumes/Argus/unk/snap/c1/1716024600.c1.snap.jpg,0.3343062
2024-05-18 12:00:00,/Volumes/Argus/unk/snap/c1/1716033600.c1.snap.jpg,0.23382907
2024-05-18 14:00:00,/Volumes/Argus/unk/snap/c1/1716040800.c1.snap.jpg,0.37963134
2024-05-18 14:30:00,/Volumes/Argus/unk/snap/c1/1716042600.c1.snap.jpg,0.4086172
2024-05-18 15:00:00,/Volumes/Argus/unk/snap/c1/1716044400.c1.snap.jpg,0.36516696
2024-05-18 15:30:00,/Volumes/Argus/unk/snap/c1/1716046200.c1.snap.jpg,0.32437706
2024-05-18 16:00:00,/Volumes/Argus/unk/snap/c1/1716048000.c1.snap.jpg,0.87839437
2024-05-18 16:30:00,/Volumes/Argus/unk/snap/c1/1716049800.c1.snap.jpg,0.3247152
2024-05-18 17:00:00,/Volumes/Argus/unk/snap/c1/1716051600.c1.snap.jpg,0.31558353
2024-05-18 18:00:00,/Volumes/Argus/unk/snap/c1/1716055200.c1.snap.jpg,0.282932
2024-05-18 18:30:00,/Volumes/Argus/unk/snap/c1/1716057000.c1.snap.jpg,0.3254485
2024-05-18 19:00:00,/Volumes/Argus/unk/snap/c1/1716058800.c1.snap.jpg,0.29547727
2024-05-18 19:30:00,/Volumes/Argus/unk/snap/c1/1716060600.c1.snap.jpg,0.4226265
2024-05-18 20:00:00,/Volumes/Argus/unk/snap/c1/1716062400.c1.snap.jpg,0.2777092
2024-05-18 20:30:00,/Volumes/Argus/unk/snap/c1/1716064200.c1.snap.jpg,0.30117512
2024-05-18 21:00:00,/Volumes/Argus/unk/snap/c1/1716066000.c1.snap.jpg,0.4206075
2024-05-18 21:30:00,/Volumes/Argus/unk/snap/c1/1716067800.c1.snap.jpg,0.35500413
2024-05-18 22:00:00,/Volumes/Argus/unk/snap/c1/1716069600.c1.snap.jpg,0.4858921
2024-05-18 22:30:00,/Volumes/Argus/unk/snap/c1/1716071400.c1.snap.jpg,0.3420192
2024-05-18 23:00:00,/Volumes/Argus/unk/snap/c1/1716073200.c1.snap.jpg,0.37099516
2024-05-18 23:30:00,/Volumes/Argus/unk/snap/c1/1716075000.c1.snap.jpg,0.35621873
2024-05-19 00:00:00,/Volumes/Argus/unk/snap/c1/1716076800.c1.snap.jpg,0.25506753
2024-05-19 00:30:00,/Volumes/Argus/unk/snap/c1/1716078600.c1.snap.jpg,0.36135012
2024-05-19 01:00:00,/Volumes/Argus/unk/snap/c1/1716080400.c1.snap.jpg,0.44548652
2024-05-19 01:30:00,/Volumes/Argus/unk/snap/c1/1716082200.c1.snap.jpg,0.41716963
2024-05-19 02:00:00,/Volumes/Argus/unk/snap/c1/1716084000.c1.snap.jpg,0.23098616
2024-05-19 02:30:00,/Volumes/Argus/unk/snap/c1/1716085800.c1.snap.jpg,0.288782
2024-05-19 03:00:00,/Volumes/Argus/unk/snap/c1/1716087600.c1.snap.jpg,0.375601
2024-05-19 03:30:00,/Volumes/Argus/unk/snap/c1/1716089400.c1.snap.jpg,0.24430887
2024-05-19 04:00:00,/Volumes/Argus/unk/snap/c1/1716091200.c1.snap.jpg,0.24797562
2024-05-19 04:30:00,/Volumes/Argus/unk/snap/c1/1716093000.c1.snap.jpg,0.36001047
2024-05-19 05:00:00,/Volumes/Argus/unk/snap/c1/1716094800.c1.snap.jpg,0.23432392
2024-05-19 05:30:00,/Volumes/Argus/unk/snap/c1/1716096600.c1.snap.jpg,0.26743817
2024-05-19 06:00:00,/Volumes/Argus/unk/snap/c1/1716098400.c1.snap.jpg,0.33116484
2024-05-19 07:00:00,/Volumes/Argus/unk/snap/c1/1716102000.c1.snap.jpg,0.30455005
2024-05-19 07:30:00,/Volumes/Argus/unk/snap/c1/1716103800.c1.snap.jpg,0.23751324
2024-05-19 08:00:00,/Volumes/Argus/unk/snap/c1/1716105600.c1.snap.jpg,0.26246268
2024-05-19 08:30:00,/Volumes/Argus/unk/snap/c1/1716107400.c1.snap.jpg,0.26295894
2024-05-19 09:00:00,/Volumes/Argus/unk/snap/c1/1716109200.c1.snap.jpg,0.20432709
2024-05-19 09:30:00,/Volumes/Argus/unk/snap/c1/1716111000.c1.snap.jpg,0.24846184
2024-05-19 11:30:00,/Volumes/Argus/unk/snap/c1/1716118200.c1.snap.jpg,0.3347417
2024-05-19 12:00:00,/Volumes/Argus/unk/snap/c1/1716120000.c1.snap.jpg,0.283106
2024-05-19 14:00:00,/Volumes/Argus/unk/snap/c1/1716127200.c1.snap.jpg,0.2950372
2024-05-19 14:30:00,/Volumes/Argus/unk/snap/c1/1716129000.c1.snap.jpg,0.34907806
2024-05-19 15:00:00,/Volumes/Argus/unk/snap/c1/1716130800.c1.snap.jpg,0.28949153
2024-05-19 15:30:00,/Volumes/Argus/unk/snap/c1/1716132600.c1.snap.jpg,0.4018933
2024-05-19 16:00:00,/Volumes/Argus/unk/snap/c1/1716134400.c1.snap.jpg,0.380938
2024-05-19 16:30:00,/Volumes/Argus/unk/snap/c1/1716136200.c1.snap.jpg,0.3019045
2024-05-19 17:00:00,/Volumes/Argus/unk/snap/c1/1716138000.c1.snap.jpg,0.3982271
2024-05-19 17:30:00,/Volumes/Argus/unk/snap/c1/1716139800.c1.snap.jpg,0.34544167
2024-05-19 18:00:00,/Volumes/Argus/unk/snap/c1/1716141600.c1.snap.jpg,0.33006683
2024-05-19 18:30:00,/Volumes/Argus/unk/snap/c1/1716143400.c1.snap.jpg,0.2734703
2024-05-19 19:00:00,/Volumes/Argus/unk/snap/c1/1716145200.c1.snap.jpg,0.28675708
2024-05-19 19:30:00,/Volumes/Argus/unk/snap/c1/1716147000.c1.snap.jpg,0.35362053
2024-05-19 20:00:00,/Volumes/Argus/unk/snap/c1/1716148800.c1.snap.jpg,0.30993873
2024-05-19 20:30:00,/Volumes/Argus/unk/snap/c1/1716150600.c1.snap.jpg,0.30403686
2024-05-19 21:00:00,/Volumes/Argus/unk/snap/c1/1716152400.c1.snap.jpg,0.277744
2024-05-19 21:30:00,/Volumes/Argus/unk/snap/c1/1716154200.c1.snap.jpg,0.4467258
2024-05-19 22:00:00,/Volumes/Argus/unk/snap/c1/1716156000.c1.snap.jpg,0.36835814
2024-05-19 22:30:00,/Volumes/Argus/unk/snap/c1/1716157800.c1.snap.jpg,0.3337356
2024-05-19 23:00:00,/Volumes/Argus/unk/snap/c1/1716159600.c1.snap.jpg,0.39788073
2024-05-19 23:30:00,/Volumes/Argus/unk/snap/c1/1716161400.c1.snap.jpg,0.4155975
2024-05-20 00:00:00,/Volumes/Argus/unk/snap/c1/1716163200.c1.snap.jpg,0.40164453
2024-05-20 00:30:00,/Volumes/Argus/unk/snap/c1/1716165000.c1.snap.jpg,0.3889189
2024-05-20 01:00:00,/Volumes/Argus/unk/snap/c1/1716166800.c1.snap.jpg,0.35109854
2024-05-20 01:30:00,/Volumes/Argus/unk/snap/c1/1716168600.c1.snap.jpg,0.24568959
2024-05-20 03:30:00,/Volumes/Argus/unk/snap/c1/1716175800.c1.snap.jpg,0.38915253
2024-05-20 04:00:00,/Volumes/Argus/unk/snap/c1/1716177600.c1.snap.jpg,0.31370205
2024-05-20 04:30:00,/Volumes/Argus/unk/snap/c1/1716179400.c1.snap.jpg,0.30213383
2024-05-20 05:00:00,/Volumes/Argus/unk/snap/c1/1716181200.c1.snap.jpg,0.3069816
2024-05-20 05:30:00,/Volumes/Argus/unk/snap/c1/1716183000.c1.snap.jpg,0.32620692
2024-05-20 06:00:00,/Volumes/Argus/unk/snap/c1/1716184800.c1.snap.jpg,0.35485858
2024-05-20 06:30:00,/Volumes/Argus/unk/snap/c1/1716186600.c1.snap.jpg,0.3610975
2024-05-20 07:00:00,/Volumes/Argus/unk/snap/c1/1716188400.c1.snap.jpg,0.3890905
2024-05-20 07:30:00,/Volumes/Argus/unk/snap/c1/1716190200.c1.snap.jpg,0.41042924
2024-05-20 08:00:00,/Volumes/Argus/unk/snap/c1/1716192000.c1.snap.jpg,0.2694209
2024-05-20 08:30:00,/Volumes/Argus/unk/snap/c1/1716193800.c1.snap.jpg,0.37681335
2024-05-20 09:00:00,/Volumes/Argus/unk/snap/c1/1716195600.c1.snap.jpg,0.2909285
2024-05-20 09:30:00,/Volumes/Argus/unk/snap/c1/1716197400.c1.snap.jpg,0.31046766
2024-05-20 11:30:00,/Volumes/Argus/unk/snap/c1/1716204600.c1.snap.jpg,0.4649821
2024-05-20 12:00:00,/Volumes/Argus/unk/snap/c1/1716206400.c1.snap.jpg,0.3542386
2024-05-20 12:30:00,/Volumes/Argus/unk/snap/c1/1716208200.c1.snap.jpg,0.36209095
2024-05-20 13:00:00,/Volumes/Argus/unk/snap/c1/1716210000.c1.snap.jpg,0.37978616
2024-05-20 13:30:00,/Volumes/Argus/unk/snap/c1/1716211800.c1.snap.jpg,0.34733582
2024-05-20 14:00:00,/Volumes/Argus/unk/snap/c1/1716213600.c1.snap.jpg,0.3473677
2024-05-20 14:30:00,/Volumes/Argus/unk/snap/c1/1716215400.c1.snap.jpg,0.3756323
2024-05-20 15:00:00,/Volumes/Argus/unk/snap/c1/1716217200.c1.snap.jpg,0.3103943
2024-05-20 15:30:00,/Volumes/Argus/unk/snap/c1/1716219000.c1.snap.jpg,0.25461993
2024-05-20 16:00:00,/Volumes/Argus/unk/snap/c1/1716220800.c1.snap.jpg,0.47177708
2024-05-20 16:30:00,/Volumes/Argus/unk/snap/c1/1716222600.c1.snap.jpg,0.41353914
2024-05-20 17:00:00,/Volumes/Argus/unk/snap/c1/1716224400.c1.snap.jpg,0.30585915
2024-05-20 17:30:00,/Volumes/Argus/unk/snap/c1/1716226200.c1.snap.jpg,0.357872
2024-05-20 18:00:00,/Volumes/Argus/unk/snap/c1/1716228000.c1.snap.jpg,0.55279803
2024-05-20 18:30:00,/Volumes/Argus/unk/snap/c1/1716229800.c1.snap.jpg,0.497903
2024-05-20 19:00:00,/Volumes/Argus/unk/snap/c1/1716231600.c1.snap.jpg,0.37328407
2024-05-20 19:30:00,/Volumes/Argus/unk/snap/c1/1716233400.c1.snap.jpg,0.4142729
2024-05-20 20:00:00,/Volumes/Argus/unk/snap/c1/1716235200.c1.snap.jpg,0.37558413
2024-05-20 20:30:00,/Volumes/Argus/unk/snap/c1/1716237000.c1.snap.jpg,0.33479157
2024-05-20 21:00:00,/Volumes/Argus/unk/snap/c1/1716238800.c1.snap.jpg,0.37264702
2024-05-20 21:30:00,/Volumes/Argus/unk/snap/c1/1716240600.c1.snap.jpg,0.47013518
2024-05-20 22:00:00,/Volumes/Argus/unk/snap/c1/1716242400.c1.snap.jpg,0.4494376
2024-05-20 22:30:00,/Volumes/Argus/unk/snap/c1/1716244200.c1.snap.jpg,0.3179379
2024-05-20 23:00:00,/Volumes/Argus/unk/snap/c1/1716246000.c1.snap.jpg,0.34960526
2024-05-20 23:30:00,/Volumes/Argus/unk/snap/c1/1716247800.c1.snap.jpg,0.39771137
2024-05-21 00:00:00,/Volumes/Argus/unk/snap/c1/1716249600.c1.snap.jpg,0.31597197
2024-05-21 01:00:00,/Volumes/Argus/unk/snap/c1/1716253200.c1.snap.jpg,0.34196904
2024-05-21 01:30:00,/Volumes/Argus/unk/snap/c1/1716255000.c1.snap.jpg,0.3137583
2024-05-21 02:00:00,/Volumes/Argus/unk/snap/c1/1716256800.c1.snap.jpg,0.30398452
2024-05-21 02:30:00,/Volumes/Argus/unk/snap/c1/1716258600.c1.snap.jpg,0.40769166
2024-05-21 03:00:00,/Volumes/Argus/unk/snap/c1/1716260400.c1.snap.jpg,0.30092677
2024-05-21 03:30:00,/Volumes/Argus/unk/snap/c1/1716262200.c1.snap.jpg,0.31736547
2024-05-21 04:00:00,/Volumes/Argus/unk/snap/c1/1716264000.c1.snap.jpg,0.28151515
2024-05-21 04:30:00,/Volumes/Argus/unk/snap/c1/1716265800.c1.snap.jpg,0.3254785
2024-05-21 05:00:00,/Volumes/Argus/unk/snap/c1/1716267600.c1.snap.jpg,0.40381664
2024-05-21 05:30:00,/Volumes/Argus/unk/snap/c1/1716269400.c1.snap.jpg,0.3450812
2024-05-21 06:00:00,/Volumes/Argus/unk/snap/c1/1716271200.c1.snap.jpg,0.32746246
2024-05-21 06:30:00,/Volumes/Argus/unk/snap/c1/1716273000.c1.snap.jpg,0.33587515
2024-05-21 07:00:00,/Volumes/Argus/unk/snap/c1/1716274800.c1.snap.jpg,0.28626984
2024-05-21 07:30:00,/Volumes/Argus/unk/snap/c1/1716276600.c1.snap.jpg,0.3590467
2024-05-21 08:00:00,/Volumes/Argus/unk/snap/c1/1716278400.c1.snap.jpg,0.36014408
2024-05-21 08:30:00,/Volumes/Argus/unk/snap/c1/1716280200.c1.snap.jpg,0.43279997
2024-05-21 09:00:00,/Volumes/Argus/unk/snap/c1/1716282000.c1.snap.jpg,0.40399373
2024-05-21 09:30:00,/Volumes/Argus/unk/snap/c1/1716283800.c1.snap.jpg,0.2994774
2024-05-21 10:00:00,/Volumes/Argus/unk/snap/c1/1716285600.c1.snap.jpg,0.4160287
2024-05-21 11:30:00,/Volumes/Argus/unk/snap/c1/1716291000.c1.snap.jpg,0.5146382
2024-05-21 12:00:00,/Volumes/Argus/unk/snap/c1/1716292800.c1.snap.jpg,0.38872224
2024-05-21 14:00:00,/Volumes/Argus/unk/snap/c1/1716300000.c1.snap.jpg,0.39067647
2024-05-21 14:30:00,/Volumes/Argus/unk/snap/c1/1716301800.c1.snap.jpg,0.34383604
2024-05-21 15:00:00,/Volumes/Argus/unk/snap/c1/1716303600.c1.snap.jpg,0.33955318
2024-05-21 15:30:00,/Volumes/Argus/unk/snap/c1/1716305400.c1.snap.jpg,0.37799865
2024-05-21 16:00:00,/Volumes/Argus/unk/snap/c1/1716307200.c1.snap.jpg,0.33157992
2024-05-21 16:30:00,/Volumes/Argus/unk/snap/c1/1716309000.c1.snap.jpg,0.37933397
2024-05-21 17:00:00,/Volumes/Argus/unk/snap/c1/1716310800.c1.snap.jpg,0.32122508
2024-05-21 17:30:00,/Volumes/Argus/unk/snap/c1/1716312600.c1.snap.jpg,0.47833306
2024-05-21 18:00:00,/Volumes/Argus/unk/snap/c1/1716314400.c1.snap.jpg,0.45475984
2024-05-21 18:30:00,/Volumes/Argus/unk/snap/c1/1716316200.c1.snap.jpg,0.32332262
2024-05-21 19:30:00,/Volumes/Argus/unk/snap/c1/1716319800.c1.snap.jpg,0.37629586
2024-05-21 20:00:00,/Volumes/Argus/unk/snap/c1/1716321600.c1.snap.jpg,0.4041605
2024-05-21 20:30:00,/Volumes/Argus/unk/snap/c1/1716323400.c1.snap.jpg,0.37796947
2024-05-21 21:00:00,/Volumes/Argus/unk/snap/c1/1716325200.c1.snap.jpg,0.41619137
2024-05-21 21:30:00,/Volumes/Argus/unk/snap/c1/1716327000.c1.snap.jpg,0.3518779
2024-05-21 22:00:00,/Volumes/Argus/unk/snap/c1/1716328800.c1.snap.jpg,0.3300181
2024-05-21 22:30:00,/Volumes/Argus/unk/snap/c1/1716330600.c1.snap.jpg,0.34741622
2024-05-21 23:00:00,/Volumes/Argus/unk/snap/c1/1716332400.c1.snap.jpg,0.38819426
2024-05-22 00:00:00,/Volumes/Argus/unk/snap/c1/1716336000.c1.snap.jpg,0.26717126
2024-05-22 00:30:00,/Volumes/Argus/unk/snap/c1/1716337800.c1.snap.jpg,0.3801398
2024-05-22 01:00:00,/Volumes/Argus/unk/snap/c1/1716339600.c1.snap.jpg,0.35893363
2024-05-22 01:30:00,/Volumes/Argus/unk/snap/c1/1716341400.c1.snap.jpg,0.4071908
2024-05-22 02:30:00,/Volumes/Argus/unk/snap/c1/1716345000.c1.snap.jpg,0.30459574
2024-05-22 03:00:00,/Volumes/Argus/unk/snap/c1/1716346800.c1.snap.jpg,0.28605473
2024-05-22 03:30:00,/Volumes/Argus/unk/snap/c1/1716348600.c1.snap.jpg,0.31659788
2024-05-22 04:00:00,/Volumes/Argus/unk/snap/c1/1716350400.c1.snap.jpg,0.28765842
2024-05-22 04:30:00,/Volumes/Argus/unk/snap/c1/1716352200.c1.snap.jpg,0.31115013
2024-05-22 05:00:00,/Volumes/Argus/unk/snap/c1/1716354000.c1.snap.jpg,0.19963236
2024-05-22 05:30:00,/Volumes/Argus/unk/snap/c1/1716355800.c1.snap.jpg,0.2811408
2024-05-22 06:00:00,/Volumes/Argus/unk/snap/c1/1716357600.c1.snap.jpg,0.2589236
2024-05-22 06:30:00,/Volumes/Argus/unk/snap/c1/1716359400.c1.snap.jpg,0.24935403
2024-05-22 07:00:00,/Volumes/Argus/unk/snap/c1/1716361200.c1.snap.jpg,0.25914305
2024-05-22 07:30:00,/Volumes/Argus/unk/snap/c1/1716363000.c1.snap.jpg,0.3759262
2024-05-22 08:00:00,/Volumes/Argus/unk/snap/c1/1716364800.c1.snap.jpg,0.23846813
2024-05-22 08:30:00,/Volumes/Argus/unk/snap/c1/1716366600.c1.snap.jpg,0.3953882
2024-05-22 09:00:00,/Volumes/Argus/unk/snap/c1/1716368400.c1.snap.jpg,0.29206306
2024-05-22 09:30:00,/Volumes/Argus/unk/snap/c1/1716370200.c1.snap.jpg,0.26286435
2024-05-22 10:00:00,/Volumes/Argus/unk/snap/c1/1716372000.c1.snap.jpg,0.35485393
2024-05-22 11:00:00,/Volumes/Argus/unk/snap/c1/1716375600.c1.snap.jpg,0.47521907
2024-05-22 11:30:00,/Volumes/Argus/unk/snap/c1/1716377400.c1.snap.jpg,0.41722512
2024-05-22 12:00:00,/Volumes/Argus/unk/snap/c1/1716379200.c1.snap.jpg,0.4021728
2024-05-22 14:00:00,/Volumes/Argus/unk/snap/c1/1716386400.c1.snap.jpg,0.42536223
2024-05-22 14:30:00,/Volumes/Argus/unk/snap/c1/1716388200.c1.snap.jpg,0.3759567
2024-05-22 15:00:00,/Volumes/Argus/unk/snap/c1/1716390000.c1.snap.jpg,0.31528676
2024-05-22 15:30:00,/Volumes/Argus/unk/snap/c1/1716391800.c1.snap.jpg,0.36747557
2024-05-22 16:00:00,/Volumes/Argus/unk/snap/c1/1716393600.c1.snap.jpg,0.31999582
2024-05-22 16:30:00,/Volumes/Argus/unk/snap/c1/1716395400.c1.snap.jpg,0.3729908
2024-05-22 17:00:00,/Volumes/Argus/unk/snap/c1/1716397200.c1.snap.jpg,0.42971265
2024-05-22 17:30:00,/Volumes/Argus/unk/snap/c1/1716399000.c1.snap.jpg,0.42855573
2024-05-22 18:00:00,/Volumes/Argus/unk/snap/c1/1716400800.c1.snap.jpg,0.36901549
2024-05-22 18:30:00,/Volumes/Argus/unk/snap/c1/1716402600.c1.snap.jpg,0.45988062
2024-05-22 19:00:00,/Volumes/Argus/unk/snap/c1/1716404400.c1.snap.jpg,0.39282802
2024-05-22 19:30:00,/Volumes/Argus/unk/snap/c1/1716406200.c1.snap.jpg,0.45543012
2024-05-22 20:00:00,/Volumes/Argus/unk/snap/c1/1716408000.c1.snap.jpg,0.44559878
2024-05-22 20:30:00,/Volumes/Argus/unk/snap/c1/1716409800.c1.snap.jpg,0.4060724
2024-05-22 21:00:00,/Volumes/Argus/unk/snap/c1/1716411600.c1.snap.jpg,0.26529676
2024-05-22 21:30:00,/Volumes/Argus/unk/snap/c1/1716413400.c1.snap.jpg,0.33306175
2024-05-22 22:00:00,/Volumes/Argus/unk/snap/c1/1716415200.c1.snap.jpg,0.31614077
2024-05-22 22:30:00,/Volumes/Argus/unk/snap/c1/1716417000.c1.snap.jpg,0.29020256
2024-05-22 23:00:00,/Volumes/Argus/unk/snap/c1/1716418800.c1.snap.jpg,0.24202457
2024-05-22 23:30:00,/Volumes/Argus/unk/snap/c1/1716420600.c1.snap.jpg,0.40793702
2024-05-23 00:00:00,/Volumes/Argus/unk/snap/c1/1716422400.c1.snap.jpg,0.28543377
2024-05-23 00:30:00,/Volumes/Argus/unk/snap/c1/1716424200.c1.snap.jpg,0.3009566
2024-05-23 01:00:00,/Volumes/Argus/unk/snap/c1/1716426000.c1.snap.jpg,0.26523802
2024-05-23 01:30:00,/Volumes/Argus/unk/snap/c1/1716427800.c1.snap.jpg,0.25931153
2024-05-23 02:00:00,/Volumes/Argus/unk/snap/c1/1716429600.c1.snap.jpg,0.31830698
2024-05-23 02:30:00,/Volumes/Argus/unk/snap/c1/1716431400.c1.snap.jpg,0.31042653
2024-05-23 03:30:00,/Volumes/Argus/unk/snap/c1/1716435000.c1.snap.jpg,0.22829475
2024-05-23 04:00:00,/Volumes/Argus/unk/snap/c1/1716436800.c1.snap.jpg,0.3002619
2024-05-23 04:30:00,/Volumes/Argus/unk/snap/c1/1716438600.c1.snap.jpg,0.37527823
2024-05-23 05:30:00,/Volumes/Argus/unk/snap/c1/1716442200.c1.snap.jpg,0.45286354
2024-05-23 06:00:00,/Volumes/Argus/unk/snap/c1/1716444000.c1.snap.jpg,0.30036157
2024-05-23 06:30:00,/Volumes/Argus/unk/snap/c1/1716445800.c1.snap.jpg,0.3174261
2024-05-23 07:00:00,/Volumes/Argus/unk/snap/c1/1716447600.c1.snap.jpg,0.37769833
2024-05-23 07:30:00,/Volumes/Argus/unk/snap/c1/1716449400.c1.snap.jpg,0.44802657
2024-05-23 08:00:00,/Volumes/Argus/unk/snap/c1/1716451200.c1.snap.jpg,0.26304054
2024-05-23 08:30:00,/Volumes/Argus/unk/snap/c1/1716453000.c1.snap.jpg,0.23403712
2024-05-23 09:00:00,/Volumes/Argus/unk/snap/c1/1716454800.c1.snap.jpg,0.29398686
2024-05-23 09:30:00,/Volumes/Argus/unk/snap/c1/1716456600.c1.snap.jpg,0.35595635
2024-05-23 10:00:00,/Volumes/Argus/unk/snap/c1/1716458400.c1.snap.jpg,0.32599694
2024-05-23 11:00:00,/Volumes/Argus/unk/snap/c1/1716462000.c1.snap.jpg,0.37256247
2024-05-23 11:30:00,/Volumes/Argus/unk/snap/c1/1716463800.c1.snap.jpg,0.4001664
2024-05-23 12:00:00,/Volumes/Argus/unk/snap/c1/1716465600.c1.snap.jpg,0.298799
2024-05-23 14:30:00,/Volumes/Argus/unk/snap/c1/1716474600.c1.snap.jpg,0.34381115
2024-05-23 15:00:00,/Volumes/Argus/unk/snap/c1/1716476400.c1.snap.jpg,0.28056312
2024-05-23 15:30:00,/Volumes/Argus/unk/snap/c1/1716478200.c1.snap.jpg,0.2853061
2024-05-23 16:00:00,/Volumes/Argus/unk/snap/c1/1716480000.c1.snap.jpg,0.48464787
2024-05-23 16:30:00,/Volumes/Argus/unk/snap/c1/1716481800.c1.snap.jpg,0.44684485
2024-05-23 17:00:00,/Volumes/Argus/unk/snap/c1/1716483600.c1.snap.jpg,0.3251347
2024-05-23 17:30:00,/Volumes/Argus/unk/snap/c1/1716485400.c1.snap.jpg,0.54660684
2024-05-23 18:00:00,/Volumes/Argus/unk/snap/c1/1716487200.c1.snap.jpg,0.42663985
2024-05-23 18:30:00,/Volumes/Argus/unk/snap/c1/1716489000.c1.snap.jpg,0.42260134
2024-05-23 19:00:00,/Volumes/Argus/unk/snap/c1/1716490800.c1.snap.jpg,0.48430097
2024-05-23 19:30:00,/Volumes/Argus/unk/snap/c1/1716492600.c1.snap.jpg,0.4444672
2024-05-23 20:00:00,/Volumes/Argus/unk/snap/c1/1716494400.c1.snap.jpg,0.4122718
2024-05-23 20:30:00,/Volumes/Argus/unk/snap/c1/1716496200.c1.snap.jpg,0.39481077
2024-05-23 21:00:00,/Volumes/Argus/unk/snap/c1/1716498000.c1.snap.jpg,0.38815856
2024-05-23 21:30:00,/Volumes/Argus/unk/snap/c1/1716499800.c1.snap.jpg,0.25611794
2024-05-23 22:00:00,/Volumes/Argus/unk/snap/c1/1716501600.c1.snap.jpg,0.32659107
2024-05-23 22:30:00,/Volumes/Argus/unk/snap/c1/1716503400.c1.snap.jpg,0.3562013
2024-05-23 23:30:00,/Volumes/Argus/unk/snap/c1/1716507000.c1.snap.jpg,0.3873003
2024-05-24 00:00:00,/Volumes/Argus/unk/snap/c1/1716508800.c1.snap.jpg,0.40022925
2024-05-24 00:30:00,/Volumes/Argus/unk/snap/c1/1716510600.c1.snap.jpg,0.37207946
2024-05-24 01:30:00,/Volumes/Argus/unk/snap/c1/1716514200.c1.snap.jpg,0.29387668
2024-05-24 02:00:00,/Volumes/Argus/unk/snap/c1/1716516000.c1.snap.jpg,0.44415498
2024-05-24 02:30:00,/Volumes/Argus/unk/snap/c1/1716517800.c1.snap.jpg,0.39588696
2024-05-24 03:00:00,/Volumes/Argus/unk/snap/c1/1716519600.c1.snap.jpg,0.30609375
2024-05-24 03:30:00,/Volumes/Argus/unk/snap/c1/1716521400.c1.snap.jpg,0.2040444
2024-05-24 04:00:00,/Volumes/Argus/unk/snap/c1/1716523200.c1.snap.jpg,0.33529174
2024-05-24 04:30:00,/Volumes/Argus/unk/snap/c1/1716525000.c1.snap.jpg,0.4145543
2024-05-24 05:00:00,/Volumes/Argus/unk/snap/c1/1716526800.c1.snap.jpg,0.5260341
2024-05-24 05:30:00,/Volumes/Argus/unk/snap/c1/1716528600.c1.snap.jpg,0.51024264
2024-05-24 06:00:00,/Volumes/Argus/unk/snap/c1/1716530400.c1.snap.jpg,0.46203545
2024-05-24 06:30:00,/Volumes/Argus/unk/snap/c1/1716532200.c1.snap.jpg,0.34198308
2024-05-24 07:00:00,/Volumes/Argus/unk/snap/c1/1716534000.c1.snap.jpg,0.48440567
2024-05-24 07:30:00,/Volumes/Argus/unk/snap/c1/1716535800.c1.snap.jpg,0.45091343
2024-05-24 08:00:00,/Volumes/Argus/unk/snap/c1/1716537600.c1.snap.jpg,0.36592227
2024-05-24 08:30:00,/Volumes/Argus/unk/snap/c1/1716539400.c1.snap.jpg,0.27202463
2024-05-24 09:00:00,/Volumes/Argus/unk/snap/c1/1716541200.c1.snap.jpg,0.34223786
2024-05-24 09:30:00,/Volumes/Argus/unk/snap/c1/1716543000.c1.snap.jpg,0.39234272
2024-05-24 10:00:00,/Volumes/Argus/unk/snap/c1/1716544800.c1.snap.jpg,0.2305498
2024-05-24 10:30:00,/Volumes/Argus/unk/snap/c1/1716546600.c1.snap.jpg,0.30217755
2024-05-24 11:30:00,/Volumes/Argus/unk/snap/c1/1716550200.c1.snap.jpg,0.5456842
2024-05-24 12:00:00,/Volumes/Argus/unk/snap/c1/1716552000.c1.snap.jpg,0.33275914
2024-05-24 12:30:00,/Volumes/Argus/unk/snap/c1/1716553800.c1.snap.jpg,0.3252027
2024-05-24 13:00:00,/Volumes/Argus/unk/snap/c1/1716555600.c1.snap.jpg,0.35757345
2024-05-24 13:30:00,/Volumes/Argus/unk/snap/c1/1716557400.c1.snap.jpg,0.40248877
2024-05-24 14:00:00,/Volumes/Argus/unk/snap/c1/1716559200.c1.snap.jpg,0.3993014
2024-05-24 14:30:00,/Volumes/Argus/unk/snap/c1/1716561000.c1.snap.jpg,0.332623
2024-05-24 15:00:00,/Volumes/Argus/unk/snap/c1/1716562800.c1.snap.jpg,0.39668405
2024-05-24 15:30:00,/Volumes/Argus/unk/snap/c1/1716564600.c1.snap.jpg,0.28725982
2024-05-24 16:00:00,/Volumes/Argus/unk/snap/c1/1716566400.c1.snap.jpg,0.40445083
2024-05-24 16:30:00,/Volumes/Argus/unk/snap/c1/1716568200.c1.snap.jpg,0.4046863
2024-05-24 17:00:00,/Volumes/Argus/unk/snap/c1/1716570000.c1.snap.jpg,0.3653931
2024-05-24 17:30:00,/Volumes/Argus/unk/snap/c1/1716571800.c1.snap.jpg,0.3666306
2024-05-24 18:00:00,/Volumes/Argus/unk/snap/c1/1716573600.c1.snap.jpg,0.65531754
2024-05-24 19:00:00,/Volumes/Argus/unk/snap/c1/1716577200.c1.snap.jpg,0.3313914
2024-05-24 19:30:00,/Volumes/Argus/unk/snap/c1/1716579000.c1.snap.jpg,0.44277802
2024-05-24 20:00:00,/Volumes/Argus/unk/snap/c1/1716580800.c1.snap.jpg,0.4077186
2024-05-24 20:30:00,/Volumes/Argus/unk/snap/c1/1716582600.c1.snap.jpg,0.37457818
2024-05-24 21:00:00,/Volumes/Argus/unk/snap/c1/1716584400.c1.snap.jpg,0.369448
2024-05-24 21:30:00,/Volumes/Argus/unk/snap/c1/1716586200.c1.snap.jpg,0.4186411
2024-05-24 22:00:00,/Volumes/Argus/unk/snap/c1/1716588000.c1.snap.jpg,0.4128729
2024-05-24 22:30:00,/Volumes/Argus/unk/snap/c1/1716589800.c1.snap.jpg,0.47898647
2024-05-24 23:00:00,/Volumes/Argus/unk/snap/c1/1716591600.c1.snap.jpg,0.2910844
2024-05-24 23:30:00,/Volumes/Argus/unk/snap/c1/1716593400.c1.snap.jpg,0.50637716
2024-05-25 00:00:00,/Volumes/Argus/unk/snap/c1/1716595200.c1.snap.jpg,0.29598206
2024-05-25 00:30:00,/Volumes/Argus/unk/snap/c1/1716597000.c1.snap.jpg,0.44672278
2024-05-25 01:00:00,/Volumes/Argus/unk/snap/c1/1716598800.c1.snap.jpg,0.46019384
2024-05-25 01:30:00,/Volumes/Argus/unk/snap/c1/1716600600.c1.snap.jpg,0.35025197
2024-05-25 02:00:00,/Volumes/Argus/unk/snap/c1/1716602400.c1.snap.jpg,0.39477608
2024-05-25 02:30:00,/Volumes/Argus/unk/snap/c1/1716604200.c1.snap.jpg,0.41992754
2024-05-25 03:00:00,/Volumes/Argus/unk/snap/c1/1716606000.c1.snap.jpg,0.45376083
2024-05-25 03:30:00,/Volumes/Argus/unk/snap/c1/1716607800.c1.snap.jpg,0.412403
2024-05-25 04:00:00,/Volumes/Argus/unk/snap/c1/1716609600.c1.snap.jpg,0.35625637
2024-05-25 04:30:00,/Volumes/Argus/unk/snap/c1/1716611400.c1.snap.jpg,0.52078944
2024-05-25 05:30:00,/Volumes/Argus/unk/snap/c1/1716615000.c1.snap.jpg,0.42552048
2024-05-25 06:00:00,/Volumes/Argus/unk/snap/c1/1716616800.c1.snap.jpg,0.3976819
2024-05-25 06:30:00,/Volumes/Argus/unk/snap/c1/1716618600.c1.snap.jpg,0.47397232
2024-05-25 07:00:00,/Volumes/Argus/unk/snap/c1/1716620400.c1.snap.jpg,0.4171386
2024-05-25 07:30:00,/Volumes/Argus/unk/snap/c1/1716622200.c1.snap.jpg,0.43597886
2024-05-25 08:00:00,/Volumes/Argus/unk/snap/c1/1716624000.c1.snap.jpg,0.3304397
2024-05-25 08:30:00,/Volumes/Argus/unk/snap/c1/1716625800.c1.snap.jpg,0.45027897
2024-05-25 09:00:00,/Volumes/Argus/unk/snap/c1/1716627600.c1.snap.jpg,0.48929113
2024-05-25 09:30:00,/Volumes/Argus/unk/snap/c1/1716629400.c1.snap.jpg,0.24692029
2024-05-25 10:00:00,/Volumes/Argus/unk/snap/c1/1716631200.c1.snap.jpg,0.3227564
2024-05-25 10:30:00,/Volumes/Argus/unk/snap/c1/1716633000.c1.snap.jpg,0.4638547
2024-05-25 11:30:00,/Volumes/Argus/unk/snap/c1/1716636600.c1.snap.jpg,0.3130634
2024-05-25 12:00:00,/Volumes/Argus/unk/snap/c1/1716638400.c1.snap.jpg,0.34290087
2024-05-25 14:00:00,/Volumes/Argus/unk/snap/c1/1716645600.c1.snap.jpg,0.5529418
2024-05-25 14:30:00,/Volumes/Argus/unk/snap/c1/1716647400.c1.snap.jpg,0.77922773
2024-05-25 15:00:00,/Volumes/Argus/unk/snap/c1/1716649200.c1.snap.jpg,0.65233076
2024-05-25 15:30:00,/Volumes/Argus/unk/snap/c1/1716651000.c1.snap.jpg,0.62120396
2024-05-25 16:00:00,/Volumes/Argus/unk/snap/c1/1716652800.c1.snap.jpg,0.6499816
2024-05-25 16:30:00,/Volumes/Argus/unk/snap/c1/1716654600.c1.snap.jpg,0.59462965
2024-05-25 17:00:00,/Volumes/Argus/unk/snap/c1/1716656400.c1.snap.jpg,0.55795527
2024-05-25 17:30:00,/Volumes/Argus/unk/snap/c1/1716658200.c1.snap.jpg,0.47286654
2024-05-25 18:00:00,/Volumes/Argus/unk/snap/c1/1716660000.c1.snap.jpg,0.4986898
2024-05-25 18:30:00,/Volumes/Argus/unk/snap/c1/1716661800.c1.snap.jpg,0.5345305
2024-05-25 19:00:00,/Volumes/Argus/unk/snap/c1/1716663600.c1.snap.jpg,0.58631146
2024-05-25 19:30:00,/Volumes/Argus/unk/snap/c1/1716665400.c1.snap.jpg,0.4761269
2024-05-25 20:00:00,/Volumes/Argus/unk/snap/c1/1716667200.c1.snap.jpg,0.3603662
2024-05-25 20:30:00,/Volumes/Argus/unk/snap/c1/1716669000.c1.snap.jpg,0.32287863
2024-05-25 21:00:00,/Volumes/Argus/unk/snap/c1/1716670800.c1.snap.jpg,0.4099457
2024-05-25 21:30:00,/Volumes/Argus/unk/snap/c1/1716672600.c1.snap.jpg,0.3840121
2024-05-25 22:00:00,/Volumes/Argus/unk/snap/c1/1716674400.c1.snap.jpg,0.4420032
2024-05-25 22:30:00,/Volumes/Argus/unk/snap/c1/1716676200.c1.snap.jpg,0.5608248
2024-05-25 23:00:00,/Volumes/Argus/unk/snap/c1/1716678000.c1.snap.jpg,0.7261497
2024-05-25 23:30:00,/Volumes/Argus/unk/snap/c1/1716679800.c1.snap.jpg,0.72695196
2024-05-26 00:00:00,/Volumes/Argus/unk/snap/c1/1716681600.c1.snap.jpg,0.6327268
2024-05-26 00:30:00,/Volumes/Argus/unk/snap/c1/1716683400.c1.snap.jpg,0.60473865
2024-05-26 01:00:00,/Volumes/Argus/unk/snap/c1/1716685200.c1.snap.jpg,0.5506318
2024-05-26 01:30:00,/Volumes/Argus/unk/snap/c1/1716687000.c1.snap.jpg,0.32870412
2024-05-26 02:00:00,/Volumes/Argus/unk/snap/c1/1716688800.c1.snap.jpg,0.34176654
2024-05-26 02:30:00,/Volumes/Argus/unk/snap/c1/1716690600.c1.snap.jpg,0.37479013
2024-05-26 03:00:00,/Volumes/Argus/unk/snap/c1/1716692400.c1.snap.jpg,0.35487345
2024-05-26 03:30:00,/Volumes/Argus/unk/snap/c1/1716694200.c1.snap.jpg,0.19819391
2024-05-26 04:00:00,/Volumes/Argus/unk/snap/c1/1716696000.c1.snap.jpg,0.367293
2024-05-26 04:30:00,/Volumes/Argus/unk/snap/c1/1716697800.c1.snap.jpg,0.4070413
2024-05-26 05:00:00,/Volumes/Argus/unk/snap/c1/1716699600.c1.snap.jpg,0.5436804
2024-05-26 05:30:00,/Volumes/Argus/unk/snap/c1/1716701400.c1.snap.jpg,0.67372584
2024-05-26 06:00:00,/Volumes/Argus/unk/snap/c1/1716703200.c1.snap.jpg,0.5665943
2024-05-26 06:30:00,/Volumes/Argus/unk/snap/c1/1716705000.c1.snap.jpg,0.51618576
2024-05-26 07:00:00,/Volumes/Argus/unk/snap/c1/1716706800.c1.snap.jpg,0.5260836
2024-05-26 07:30:00,/Volumes/Argus/unk/snap/c1/1716708600.c1.snap.jpg,0.4807665
2024-05-26 08:00:00,/Volumes/Argus/unk/snap/c1/1716710400.c1.snap.jpg,0.46358848
2024-05-26 08:30:00,/Volumes/Argus/unk/snap/c1/1716712200.c1.snap.jpg,0.47843927
2024-05-26 09:00:00,/Volumes/Argus/unk/snap/c1/1716714000.c1.snap.jpg,0.48292327
2024-05-26 09:30:00,/Volumes/Argus/unk/snap/c1/1716715800.c1.snap.jpg,0.57005715
2024-05-26 10:00:00,/Volumes/Argus/unk/snap/c1/1716717600.c1.snap.jpg,0.584115
2024-05-26 10:30:00,/Volumes/Argus/unk/snap/c1/1716719400.c1.snap.jpg,0.69231427
2024-05-26 11:00:00,/Volumes/Argus/unk/snap/c1/1716721200.c1.snap.jpg,0.8523012
2024-05-26 11:30:00,/Volumes/Argus/unk/snap/c1/1716723000.c1.snap.jpg,0.7430287
2024-05-26 12:00:00,/Volumes/Argus/unk/snap/c1/1716724800.c1.snap.jpg,0.6714864
2024-05-26 14:00:00,/Volumes/Argus/unk/snap/c1/1716732000.c1.snap.jpg,0.58080924
2024-05-26 14:30:00,/Volumes/Argus/unk/snap/c1/1716733800.c1.snap.jpg,0.6697787
2024-05-26 15:30:00,/Volumes/Argus/unk/snap/c1/1716737400.c1.snap.jpg,0.70787436
2024-05-26 16:00:00,/Volumes/Argus/unk/snap/c1/1716739200.c1.snap.jpg,0.48006105
2024-05-26 16:30:00,/Volumes/Argus/unk/snap/c1/1716741000.c1.snap.jpg,0.42711097
2024-05-26 17:00:00,/Volumes/Argus/unk/snap/c1/1716742800.c1.snap.jpg,0.5675827
2024-05-26 17:30:00,/Volumes/Argus/unk/snap/c1/1716744600.c1.snap.jpg,0.76237124
2024-05-26 18:30:00,/Volumes/Argus/unk/snap/c1/1716748200.c1.snap.jpg,0.6752924
2024-05-26 19:00:00,/Volumes/Argus/unk/snap/c1/1716750000.c1.snap.jpg,0.49511692
2024-05-26 19:30:00,/Volumes/Argus/unk/snap/c1/1716751800.c1.snap.jpg,0.84451675
2024-05-26 20:00:00,/Volumes/Argus/unk/snap/c1/1716753600.c1.snap.jpg,0.74108744
2024-05-26 20:30:00,/Volumes/Argus/unk/snap/c1/1716755400.c1.snap.jpg,0.5897047
2024-05-26 21:00:00,/Volumes/Argus/unk/snap/c1/1716757200.c1.snap.jpg,0.49020666
2024-05-26 21:30:00,/Volumes/Argus/unk/snap/c1/1716759000.c1.snap.jpg,0.86249137
2024-05-26 22:00:00,/Volumes/Argus/unk/snap/c1/1716760800.c1.snap.jpg,0.5034281
2024-05-26 22:30:00,/Volumes/Argus/unk/snap/c1/1716762600.c1.snap.jpg,0.65290415
2024-05-26 23:00:00,/Volumes/Argus/unk/snap/c1/1716764400.c1.snap.jpg,0.6648514
2024-05-26 23:30:00,/Volumes/Argus/unk/snap/c1/1716766200.c1.snap.jpg,0.73372483
2024-05-27 00:00:00,/Volumes/Argus/unk/snap/c1/1716768000.c1.snap.jpg,0.6994988
2024-05-27 00:30:00,/Volumes/Argus/unk/snap/c1/1716769800.c1.snap.jpg,0.6286863
2024-05-27 01:00:00,/Volumes/Argus/unk/snap/c1/1716771600.c1.snap.jpg,0.40915203
2024-05-27 01:30:00,/Volumes/Argus/unk/snap/c1/1716773400.c1.snap.jpg,0.32119274
2024-05-27 02:00:00,/Volumes/Argus/unk/snap/c1/1716775200.c1.snap.jpg,0.29928768
2024-05-27 02:30:00,/Volumes/Argus/unk/snap/c1/1716777000.c1.snap.jpg,0.40839267
2024-05-27 03:00:00,/Volumes/Argus/unk/snap/c1/1716778800.c1.snap.jpg,0.3565297
2024-05-27 03:30:00,/Volumes/Argus/unk/snap/c1/1716780600.c1.snap.jpg,0.45425916
2024-05-27 04:00:00,/Volumes/Argus/unk/snap/c1/1716782400.c1.snap.jpg,0.30631387
2024-05-27 04:30:00,/Volumes/Argus/unk/snap/c1/1716784200.c1.snap.jpg,0.29212683
2024-05-27 05:00:00,/Volumes/Argus/unk/snap/c1/1716786000.c1.snap.jpg,0.40428147
2024-05-27 05:30:00,/Volumes/Argus/unk/snap/c1/1716787800.c1.snap.jpg,0.3967319
2024-05-27 06:00:00,/Volumes/Argus/unk/snap/c1/1716789600.c1.snap.jpg,0.42319065
2024-05-27 06:30:00,/Volumes/Argus/unk/snap/c1/1716791400.c1.snap.jpg,0.48506242
2024-05-27 07:00:00,/Volumes/Argus/unk/snap/c1/1716793200.c1.snap.jpg,0.46060425
2024-05-27 07:30:00,/Volumes/Argus/unk/snap/c1/1716795000.c1.snap.jpg,0.5425682
2024-05-27 08:00:00,/Volumes/Argus/unk/snap/c1/1716796800.c1.snap.jpg,0.52919424
2024-05-27 08:30:00,/Volumes/Argus/unk/snap/c1/1716798600.c1.snap.jpg,0.42672795
2024-05-27 09:00:00,/Volumes/Argus/unk/snap/c1/1716800400.c1.snap.jpg,0.5227891
2024-05-27 09:30:00,/Volumes/Argus/unk/snap/c1/1716802200.c1.snap.jpg,0.47468707
2024-05-27 10:00:00,/Volumes/Argus/unk/snap/c1/1716804000.c1.snap.jpg,0.47577554
2024-05-27 10:30:00,/Volumes/Argus/unk/snap/c1/1716805800.c1.snap.jpg,0.44301683
2024-05-27 11:00:00,/Volumes/Argus/unk/snap/c1/1716807600.c1.snap.jpg,0.28693646
2024-05-27 11:30:00,/Volumes/Argus/unk/snap/c1/1716809400.c1.snap.jpg,0.301326
2024-05-27 12:00:00,/Volumes/Argus/unk/snap/c1/1716811200.c1.snap.jpg,0.29785183
2024-05-27 14:00:00,/Volumes/Argus/unk/snap/c1/1716818400.c1.snap.jpg,0.53469133
2024-05-27 14:30:00,/Volumes/Argus/unk/snap/c1/1716820200.c1.snap.jpg,0.3966501
2024-05-27 15:00:00,/Volumes/Argus/unk/snap/c1/1716822000.c1.snap.jpg,0.50604236
2024-05-27 15:30:00,/Volumes/Argus/unk/snap/c1/1716823800.c1.snap.jpg,0.6193874
2024-05-27 16:00:00,/Volumes/Argus/unk/snap/c1/1716825600.c1.snap.jpg,0.5903388
2024-05-27 16:30:00,/Volumes/Argus/unk/snap/c1/1716827400.c1.snap.jpg,0.3781435
2024-05-27 17:00:00,/Volumes/Argus/unk/snap/c1/1716829200.c1.snap.jpg,0.5155963
2024-05-27 17:30:00,/Volumes/Argus/unk/snap/c1/1716831000.c1.snap.jpg,0.45823792
2024-05-27 18:00:00,/Volumes/Argus/unk/snap/c1/1716832800.c1.snap.jpg,0.33527365
2024-05-27 18:30:00,/Volumes/Argus/unk/snap/c1/1716834600.c1.snap.jpg,0.35227466
2024-05-27 19:00:00,/Volumes/Argus/unk/snap/c1/1716836400.c1.snap.jpg,0.42803293
2024-05-27 19:30:00,/Volumes/Argus/unk/snap/c1/1716838200.c1.snap.jpg,0.4087551
2024-05-27 20:00:00,/Volumes/Argus/unk/snap/c1/1716840000.c1.snap.jpg,0.45193607
2024-05-27 20:30:00,/Volumes/Argus/unk/snap/c1/1716841800.c1.snap.jpg,0.43193293
2024-05-27 21:00:00,/Volumes/Argus/unk/snap/c1/1716843600.c1.snap.jpg,0.4043187
2024-05-27 21:30:00,/Volumes/Argus/unk/snap/c1/1716845400.c1.snap.jpg,0.3838357
2024-05-27 22:00:00,/Volumes/Argus/unk/snap/c1/1716847200.c1.snap.jpg,0.4262965
2024-05-27 22:30:00,/Volumes/Argus/unk/snap/c1/1716849000.c1.snap.jpg,0.43748856
2024-05-27 23:00:00,/Volumes/Argus/unk/snap/c1/1716850800.c1.snap.jpg,0.35025474
2024-05-27 23:30:00,/Volumes/Argus/unk/snap/c1/1716852600.c1.snap.jpg,0.38545886
2024-05-28 00:00:00,/Volumes/Argus/unk/snap/c1/1716854400.c1.snap.jpg,0.35001943
2024-05-28 00:30:00,/Volumes/Argus/unk/snap/c1/1716856200.c1.snap.jpg,0.322701
2024-05-28 01:00:00,/Volumes/Argus/unk/snap/c1/1716858000.c1.snap.jpg,0.36387384
2024-05-28 01:30:00,/Volumes/Argus/unk/snap/c1/1716859800.c1.snap.jpg,0.36371294
2024-05-28 02:30:00,/Volumes/Argus/unk/snap/c1/1716863400.c1.snap.jpg,0.2546252
2024-05-28 03:30:00,/Volumes/Argus/unk/snap/c1/1716867000.c1.snap.jpg,0.17547305
2024-05-28 04:00:00,/Volumes/Argus/unk/snap/c1/1716868800.c1.snap.jpg,0.34195033
2024-05-28 04:30:00,/Volumes/Argus/unk/snap/c1/1716870600.c1.snap.jpg,0.28757447
2024-05-28 05:00:00,/Volumes/Argus/unk/snap/c1/1716872400.c1.snap.jpg,0.3717434
2024-05-28 05:30:00,/Volumes/Argus/unk/snap/c1/1716874200.c1.snap.jpg,0.4009134
2024-05-28 06:00:00,/Volumes/Argus/unk/snap/c1/1716876000.c1.snap.jpg,0.50978774
2024-05-28 06:30:00,/Volumes/Argus/unk/snap/c1/1716877800.c1.snap.jpg,0.47235078
2024-05-28 07:30:00,/Volumes/Argus/unk/snap/c1/1716881400.c1.snap.jpg,0.50331676
2024-05-28 08:00:00,/Volumes/Argus/unk/snap/c1/1716883200.c1.snap.jpg,0.42083415
2024-05-28 08:30:00,/Volumes/Argus/unk/snap/c1/1716885000.c1.snap.jpg,0.4188453
2024-05-28 09:00:00,/Volumes/Argus/unk/snap/c1/1716886800.c1.snap.jpg,0.44435132
2024-05-28 09:30:00,/Volumes/Argus/unk/snap/c1/1716888600.c1.snap.jpg,0.49898714
2024-05-28 10:00:00,/Volumes/Argus/unk/snap/c1/1716890400.c1.snap.jpg,0.5010525
2024-05-28 10:30:00,/Volumes/Argus/unk/snap/c1/1716892200.c1.snap.jpg,0.46646193
2024-05-28 11:30:00,/Volumes/Argus/unk/snap/c1/1716895800.c1.snap.jpg,0.40266156
2024-05-28 12:00:00,/Volumes/Argus/unk/snap/c1/1716897600.c1.snap.jpg,0.36810666
2024-05-28 18:30:00,/Volumes/Argus/unk/snap/c1/1716921000.c1.snap.jpg,0.26901475
2024-05-28 19:00:00,/Volumes/Argus/unk/snap/c1/1716922800.c1.snap.jpg,0.2700752
2024-05-28 19:30:00,/Volumes/Argus/unk/snap/c1/1716924600.c1.snap.jpg,0.3378064
2024-05-28 20:00:00,/Volumes/Argus/unk/snap/c1/1716926400.c1.snap.jpg,0.292196
2024-05-28 20:30:00,/Volumes/Argus/unk/snap/c1/1716928200.c1.snap.jpg,0.28958905
2024-05-28 21:00:00,/Volumes/Argus/unk/snap/c1/1716930000.c1.snap.jpg,0.42192805
2024-05-28 21:30:00,/Volumes/Argus/unk/snap/c1/1716931800.c1.snap.jpg,0.33786938
2024-05-28 22:00:00,/Volumes/Argus/unk/snap/c1/1716933600.c1.snap.jpg,0.37054825
2024-05-28 22:30:00,/Volumes/Argus/unk/snap/c1/1716935400.c1.snap.jpg,0.29890823
2024-05-28 23:00:00,/Volumes/Argus/unk/snap/c1/1716937200.c1.snap.jpg,0.35983062
2024-05-28 23:30:00,/Volumes/Argus/unk/snap/c1/1716939000.c1.snap.jpg,0.35161617
2024-05-29 00:00:00,/Volumes/Argus/unk/snap/c1/1716940800.c1.snap.jpg,0.3236994
2024-05-29 00:30:00,/Volumes/Argus/unk/snap/c1/1716942600.c1.snap.jpg,0.31442478
2024-05-29 01:00:00,/Volumes/Argus/unk/snap/c1/1716944400.c1.snap.jpg,0.24657167
2024-05-29 01:30:00,/Volumes/Argus/unk/snap/c1/1716946200.c1.snap.jpg,0.3252988
2024-05-29 02:00:00,/Volumes/Argus/unk/snap/c1/1716948000.c1.snap.jpg,0.29467624
2024-05-29 02:30:00,/Volumes/Argus/unk/snap/c1/1716949800.c1.snap.jpg,0.3228029
2024-05-29 03:30:00,/Volumes/Argus/unk/snap/c1/1716953400.c1.snap.jpg,0.169292
2024-05-29 04:00:00,/Volumes/Argus/unk/snap/c1/1716955200.c1.snap.jpg,0.25775188
2024-05-29 04:30:00,/Volumes/Argus/unk/snap/c1/1716957000.c1.snap.jpg,0.2297267
2024-05-29 05:00:00,/Volumes/Argus/unk/snap/c1/1716958800.c1.snap.jpg,0.31913078
2024-05-29 05:30:00,/Volumes/Argus/unk/snap/c1/1716960600.c1.snap.jpg,0.29749
2024-05-29 06:00:00,/Volumes/Argus/unk/snap/c1/1716962400.c1.snap.jpg,0.31596765
2024-05-29 06:30:00,/Volumes/Argus/unk/snap/c1/1716964200.c1.snap.jpg,0.30462846
2024-05-29 07:00:00,/Volumes/Argus/unk/snap/c1/1716966000.c1.snap.jpg,0.38231796
2024-05-29 07:30:00,/Volumes/Argus/unk/snap/c1/1716967800.c1.snap.jpg,0.42299622
2024-05-29 08:00:00,/Volumes/Argus/unk/snap/c1/1716969600.c1.snap.jpg,0.3226894
2024-05-29 08:30:00,/Volumes/Argus/unk/snap/c1/1716971400.c1.snap.jpg,0.33663118
2024-05-29 09:00:00,/Volumes/Argus/unk/snap/c1/1716973200.c1.snap.jpg,0.42516857
2024-05-29 09:30:00,/Volumes/Argus/unk/snap/c1/1716975000.c1.snap.jpg,0.31063116
2024-05-29 10:00:00,/Volumes/Argus/unk/snap/c1/1716976800.c1.snap.jpg,0.47756994
2024-05-29 10:30:00,/Volumes/Argus/unk/snap/c1/1716978600.c1.snap.jpg,0.34423676
2024-05-29 11:00:00,/Volumes/Argus/unk/snap/c1/1716980400.c1.snap.jpg,0.28427795
2024-05-29 11:30:00,/Volumes/Argus/unk/snap/c1/1716982200.c1.snap.jpg,0.43163455
2024-05-29 12:00:00,/Volumes/Argus/unk/snap/c1/1716984000.c1.snap.jpg,0.46042082
2024-05-29 14:00:00,/Volumes/Argus/unk/snap/c1/1716991200.c1.snap.jpg,0.359487
2024-05-29 14:30:00,/Volumes/Argus/unk/snap/c1/1716993000.c1.snap.jpg,0.33308813
2024-05-29 15:00:00,/Volumes/Argus/unk/snap/c1/1716994800.c1.snap.jpg,0.21085206
2024-05-29 15:30:00,/Volumes/Argus/unk/snap/c1/1716996600.c1.snap.jpg,0.34446076
2024-05-29 16:00:00,/Volumes/Argus/unk/snap/c1/1716998400.c1.snap.jpg,0.37583393
2024-05-29 16:30:00,/Volumes/Argus/unk/snap/c1/1717000200.c1.snap.jpg,0.339508
2024-05-29 17:00:00,/Volumes/Argus/unk/snap/c1/1717002000.c1.snap.jpg,0.32571435
2024-05-29 17:30:00,/Volumes/Argus/unk/snap/c1/1717003800.c1.snap.jpg,0.39172798
2024-05-29 18:00:00,/Volumes/Argus/unk/snap/c1/1717005600.c1.snap.jpg,0.32192028
2024-05-29 18:30:00,/Volumes/Argus/unk/snap/c1/1717007400.c1.snap.jpg,0.33659285
2024-05-29 19:00:00,/Volumes/Argus/unk/snap/c1/1717009200.c1.snap.jpg,0.30637467
2024-05-29 19:30:00,/Volumes/Argus/unk/snap/c1/1717011000.c1.snap.jpg,0.5178859
2024-05-29 20:00:00,/Volumes/Argus/unk/snap/c1/1717012800.c1.snap.jpg,0.35103253
2024-05-29 20:30:00,/Volumes/Argus/unk/snap/c1/1717014600.c1.snap.jpg,0.29754505
2024-05-29 21:00:00,/Volumes/Argus/unk/snap/c1/1717016400.c1.snap.jpg,0.3154059
2024-05-29 21:30:00,/Volumes/Argus/unk/snap/c1/1717018200.c1.snap.jpg,0.51940453
2024-05-29 22:00:00,/Volumes/Argus/unk/snap/c1/1717020000.c1.snap.jpg,0.3514126
2024-05-29 22:30:00,/Volumes/Argus/unk/snap/c1/1717021800.c1.snap.jpg,0.32494622
2024-05-29 23:00:00,/Volumes/Argus/unk/snap/c1/1717023600.c1.snap.jpg,0.35348576
2024-05-29 23:30:00,/Volumes/Argus/unk/snap/c1/1717025400.c1.snap.jpg,0.36949527
2024-05-30 00:00:00,/Volumes/Argus/unk/snap/c1/1717027200.c1.snap.jpg,0.43285114
2024-05-30 00:30:00,/Volumes/Argus/unk/snap/c1/1717029000.c1.snap.jpg,0.36397433
2024-05-30 01:00:00,/Volumes/Argus/unk/snap/c1/1717030800.c1.snap.jpg,0.2942654
2024-05-30 01:30:00,/Volumes/Argus/unk/snap/c1/1717032600.c1.snap.jpg,0.39250004
2024-05-30 02:00:00,/Volumes/Argus/unk/snap/c1/1717034400.c1.snap.jpg,0.37273788
2024-05-30 03:00:00,/Volumes/Argus/unk/snap/c1/1717038000.c1.snap.jpg,0.32683128
2024-05-30 03:30:00,/Volumes/Argus/unk/snap/c1/1717039800.c1.snap.jpg,0.32597965
2024-05-30 04:00:00,/Volumes/Argus/unk/snap/c1/1717041600.c1.snap.jpg,0.2399908
2024-05-30 04:30:00,/Volumes/Argus/unk/snap/c1/1717043400.c1.snap.jpg,0.22026071
2024-05-30 05:00:00,/Volumes/Argus/unk/snap/c1/1717045200.c1.snap.jpg,0.2827027
2024-05-30 05:30:00,/Volumes/Argus/unk/snap/c1/1717047000.c1.snap.jpg,0.24042028
2024-05-30 06:00:00,/Volumes/Argus/unk/snap/c1/1717048800.c1.snap.jpg,0.43728727
2024-05-30 06:30:00,/Volumes/Argus/unk/snap/c1/1717050600.c1.snap.jpg,0.3520404
2024-05-30 07:00:00,/Volumes/Argus/unk/snap/c1/1717052400.c1.snap.jpg,0.36714336
2024-05-30 07:30:00,/Volumes/Argus/unk/snap/c1/1717054200.c1.snap.jpg,0.5654145
2024-05-30 08:00:00,/Volumes/Argus/unk/snap/c1/1717056000.c1.snap.jpg,0.5034905
2024-05-30 08:30:00,/Volumes/Argus/unk/snap/c1/1717057800.c1.snap.jpg,0.3724239
2024-05-30 09:00:00,/Volumes/Argus/unk/snap/c1/1717059600.c1.snap.jpg,0.4960121
2024-05-30 09:30:00,/Volumes/Argus/unk/snap/c1/1717061400.c1.snap.jpg,0.50373226
2024-05-30 10:00:00,/Volumes/Argus/unk/snap/c1/1717063200.c1.snap.jpg,0.35307562
2024-05-30 10:30:00,/Volumes/Argus/unk/snap/c1/1717065000.c1.snap.jpg,0.29917455
2024-05-30 11:00:00,/Volumes/Argus/unk/snap/c1/1717066800.c1.snap.jpg,0.25957078
2024-05-30 11:30:00,/Volumes/Argus/unk/snap/c1/1717068600.c1.snap.jpg,0.47142518
2024-05-30 12:00:00,/Volumes/Argus/unk/snap/c1/1717070400.c1.snap.jpg,0.3132905
2024-05-30 14:00:00,/Volumes/Argus/unk/snap/c1/1717077600.c1.snap.jpg,0.32634157
2024-05-30 14:30:00,/Volumes/Argus/unk/snap/c1/1717079400.c1.snap.jpg,0.31939062
2024-05-30 15:00:00,/Volumes/Argus/unk/snap/c1/1717081200.c1.snap.jpg,0.3071586
2024-05-30 15:30:00,/Volumes/Argus/unk/snap/c1/1717083000.c1.snap.jpg,0.27527133
2024-05-30 16:00:00,/Volumes/Argus/unk/snap/c1/1717084800.c1.snap.jpg,0.20487471
2024-05-30 16:30:00,/Volumes/Argus/unk/snap/c1/1717086600.c1.snap.jpg,0.26850793
2024-05-30 17:30:00,/Volumes/Argus/unk/snap/c1/1717090200.c1.snap.jpg,0.2992361
2024-05-30 18:00:00,/Volumes/Argus/unk/snap/c1/1717092000.c1.snap.jpg,0.39624494
2024-05-30 18:30:00,/Volumes/Argus/unk/snap/c1/1717093800.c1.snap.jpg,0.28978267
2024-05-30 19:00:00,/Volumes/Argus/unk/snap/c1/1717095600.c1.snap.jpg,0.6436825
2024-05-30 19:30:00,/Volumes/Argus/unk/snap/c1/1717097400.c1.snap.jpg,0.45718393
2024-05-30 20:00:00,/Volumes/Argus/unk/snap/c1/1717099200.c1.snap.jpg,0.49830782
2024-05-30 20:30:00,/Volumes/Argus/unk/snap/c1/1717101000.c1.snap.jpg,0.42105532
2024-05-30 21:00:00,/Volumes/Argus/unk/snap/c1/1717102800.c1.snap.jpg,0.3217848
2024-05-30 21:30:00,/Volumes/Argus/unk/snap/c1/1717104600.c1.snap.jpg,0.3989762
2024-05-30 22:00:00,/Volumes/Argus/unk/snap/c1/1717106400.c1.snap.jpg,0.41779968
2024-05-30 22:30:00,/Volumes/Argus/unk/snap/c1/1717108200.c1.snap.jpg,0.41281694
2024-05-30 23:30:00,/Volumes/Argus/unk/snap/c1/1717111800.c1.snap.jpg,0.3175933
2024-05-31 00:00:00,/Volumes/Argus/unk/snap/c1/1717113600.c1.snap.jpg,0.27471262
2024-05-31 00:30:00,/Volumes/Argus/unk/snap/c1/1717115400.c1.snap.jpg,0.332601
2024-05-31 01:00:00,/Volumes/Argus/unk/snap/c1/1717117200.c1.snap.jpg,0.286089
2024-05-31 01:30:00,/Volumes/Argus/unk/snap/c1/1717119000.c1.snap.jpg,0.66585743
2024-05-31 02:00:00,/Volumes/Argus/unk/snap/c1/1717120800.c1.snap.jpg,0.35942158
2024-05-31 02:30:00,/Volumes/Argus/unk/snap/c1/1717122600.c1.snap.jpg,0.24918096
2024-05-31 03:30:00,/Volumes/Argus/unk/snap/c1/1717126200.c1.snap.jpg,0.23918612
2024-05-31 04:00:00,/Volumes/Argus/unk/snap/c1/1717128000.c1.snap.jpg,0.28767192
2024-05-31 04:30:00,/Volumes/Argus/unk/snap/c1/1717129800.c1.snap.jpg,0.2825879
2024-05-31 05:00:00,/Volumes/Argus/unk/snap/c1/1717131600.c1.snap.jpg,0.21236752
2024-05-31 05:30:00,/Volumes/Argus/unk/snap/c1/1717133400.c1.snap.jpg,0.25138405
2024-05-31 06:00:00,/Volumes/Argus/unk/snap/c1/1717135200.c1.snap.jpg,0.29438654
2024-05-31 06:30:00,/Volumes/Argus/unk/snap/c1/1717137000.c1.snap.jpg,0.3390922
2024-05-31 07:00:00,/Volumes/Argus/unk/snap/c1/1717138800.c1.snap.jpg,0.48936808
2024-05-31 07:30:00,/Volumes/Argus/unk/snap/c1/1717140600.c1.snap.jpg,0.41543335
2024-05-31 08:00:00,/Volumes/Argus/unk/snap/c1/1717142400.c1.snap.jpg,0.425965
2024-05-31 08:30:00,/Volumes/Argus/unk/snap/c1/1717144200.c1.snap.jpg,0.39048302
2024-05-31 09:00:00,/Volumes/Argus/unk/snap/c1/1717146000.c1.snap.jpg,0.3319561
2024-05-31 09:30:00,/Volumes/Argus/unk/snap/c1/1717147800.c1.snap.jpg,0.344876
2024-05-31 10:00:00,/Volumes/Argus/unk/snap/c1/1717149600.c1.snap.jpg,0.35738742
2024-05-31 10:30:00,/Volumes/Argus/unk/snap/c1/1717151400.c1.snap.jpg,0.34572822
2024-05-31 11:00:00,/Volumes/Argus/unk/snap/c1/1717153200.c1.snap.jpg,0.44056642
2024-05-31 11:30:00,/Volumes/Argus/unk/snap/c1/1717155000.c1.snap.jpg,0.40257734
2024-05-31 12:00:00,/Volumes/Argus/unk/snap/c1/1717156800.c1.snap.jpg,0.3906115
2024-05-31 14:00:00,/Volumes/Argus/unk/snap/c1/1717164000.c1.snap.jpg,0.27898794
2024-05-31 15:00:00,/Volumes/Argus/unk/snap/c1/1717167600.c1.snap.jpg,0.23854317
2024-05-31 16:00:00,/Volumes/Argus/unk/snap/c1/1717171200.c1.snap.jpg,0.34343383
2024-05-31 16:30:00,/Volumes/Argus/unk/snap/c1/1717173000.c1.snap.jpg,0.23810433
2024-05-31 17:00:00,/Volumes/Argus/unk/snap/c1/1717174800.c1.snap.jpg,0.28585124
2024-05-31 17:30:00,/Volumes/Argus/unk/snap/c1/1717176600.c1.snap.jpg,0.4357453
2024-05-31 18:00:00,/Volumes/Argus/unk/snap/c1/1717178400.c1.snap.jpg,0.3295899
2024-05-31 18:30:00,/Volumes/Argus/unk/snap/c1/1717180200.c1.snap.jpg,0.55720305
2024-05-31 19:00:00,/Volumes/Argus/unk/snap/c1/1717182000.c1.snap.jpg,0.3896811
2024-05-31 19:30:00,/Volumes/Argus/unk/snap/c1/1717183800.c1.snap.jpg,0.35293463
2024-05-31 20:00:00,/Volumes/Argus/unk/snap/c1/1717185600.c1.snap.jpg,0.35997587
2024-05-31 21:00:00,/Volumes/Argus/unk/snap/c1/1717189200.c1.snap.jpg,0.6039413
2024-05-31 21:30:00,/Volumes/Argus/unk/snap/c1/1717191000.c1.snap.jpg,0.41844422
2024-05-31 22:00:00,/Volumes/Argus/unk/snap/c1/1717192800.c1.snap.jpg,0.560632
2024-05-31 22:30:00,/Volumes/Argus/unk/snap/c1/1717194600.c1.snap.jpg,0.42086083
2024-05-31 23:00:00,/Volumes/Argus/unk/snap/c1/1717196400.c1.snap.jpg,0.38814235
2024-05-31 23:30:00,/Volumes/Argus/unk/snap/c1/1717198200.c1.snap.jpg,0.33920497
2024-06-01 00:00:00,/Volumes/Argus/unk/snap/c1/1717200000.c1.snap.jpg,0.46543935
2024-06-01 00:30:00,/Volumes/Argus/unk/snap/c1/1717201800.c1.snap.jpg,0.31813577
2024-06-01 01:00:00,/Volumes/Argus/unk/snap/c1/1717203600.c1.snap.jpg,0.5557873
2024-06-01 01:30:00,/Volumes/Argus/unk/snap/c1/1717205400.c1.snap.jpg,0.42278945
2024-06-01 02:00:00,/Volumes/Argus/unk/snap/c1/1717207200.c1.snap.jpg,0.35903865
2024-06-01 02:30:00,/Volumes/Argus/unk/snap/c1/1717209000.c1.snap.jpg,0.3620813
2024-06-01 03:00:00,/Volumes/Argus/unk/snap/c1/1717210800.c1.snap.jpg,0.39476272
2024-06-01 03:30:00,/Volumes/Argus/unk/snap/c1/1717212600.c1.snap.jpg,0.363037
2024-06-01 04:00:00,/Volumes/Argus/unk/snap/c1/1717214400.c1.snap.jpg,0.3301285
2024-06-01 04:30:00,/Volumes/Argus/unk/snap/c1/1717216200.c1.snap.jpg,0.30197442
2024-06-01 05:00:00,/Volumes/Argus/unk/snap/c1/1717218000.c1.snap.jpg,0.3855074
2024-06-01 05:30:00,/Volumes/Argus/unk/snap/c1/1717219800.c1.snap.jpg,0.26016492
2024-06-01 06:00:00,/Volumes/Argus/unk/snap/c1/1717221600.c1.snap.jpg,0.28873992
2024-06-01 06:30:00,/Volumes/Argus/unk/snap/c1/1717223400.c1.snap.jpg,0.26195875
2024-06-01 07:00:00,/Volumes/Argus/unk/snap/c1/1717225200.c1.snap.jpg,0.44436878
2024-06-01 07:30:00,/Volumes/Argus/unk/snap/c1/1717227000.c1.snap.jpg,0.3026897
2024-06-01 08:00:00,/Volumes/Argus/unk/snap/c1/1717228800.c1.snap.jpg,0.31136402
2024-06-01 08:30:00,/Volumes/Argus/unk/snap/c1/1717230600.c1.snap.jpg,0.33516186
2024-06-01 09:00:00,/Volumes/Argus/unk/snap/c1/1717232400.c1.snap.jpg,0.3591764
2024-06-01 09:30:00,/Volumes/Argus/unk/snap/c1/1717234200.c1.snap.jpg,0.27989435
2024-06-01 10:00:00,/Volumes/Argus/unk/snap/c1/1717236000.c1.snap.jpg,0.31374377
2024-06-01 10:30:00,/Volumes/Argus/unk/snap/c1/1717237800.c1.snap.jpg,0.28420705
2024-06-01 11:30:00,/Volumes/Argus/unk/snap/c1/1717241400.c1.snap.jpg,0.35855955
2024-06-01 12:00:00,/Volumes/Argus/unk/snap/c1/1717243200.c1.snap.jpg,0.25744557
2024-06-01 16:00:00,/Volumes/Argus/unk/snap/c1/1717257600.c1.snap.jpg,0.39653403
2024-06-01 16:30:00,/Volumes/Argus/unk/snap/c1/1717259400.c1.snap.jpg,0.3839329
2024-06-01 17:00:00,/Volumes/Argus/unk/snap/c1/1717261200.c1.snap.jpg,0.40873015
2024-06-01 17:30:00,/Volumes/Argus/unk/snap/c1/1717263000.c1.snap.jpg,0.44981506
2024-06-01 18:00:00,/Volumes/Argus/unk/snap/c1/1717264800.c1.snap.jpg,0.38048083
2024-06-01 18:30:00,/Volumes/Argus/unk/snap/c1/1717266600.c1.snap.jpg,0.29666746
2024-06-01 19:00:00,/Volumes/Argus/unk/snap/c1/1717268400.c1.snap.jpg,0.36195567
2024-06-01 19:30:00,/Volumes/Argus/unk/snap/c1/1717270200.c1.snap.jpg,0.31280157
2024-06-01 20:00:00,/Volumes/Argus/unk/snap/c1/1717272000.c1.snap.jpg,0.45537233
2024-06-01 20:30:00,/Volumes/Argus/unk/snap/c1/1717273800.c1.snap.jpg,0.34296924
2024-06-01 21:30:00,/Volumes/Argus/unk/snap/c1/1717277400.c1.snap.jpg,0.3452915
2024-06-01 22:00:00,/Volumes/Argus/unk/snap/c1/1717279200.c1.snap.jpg,0.3381654
2024-06-01 22:30:00,/Volumes/Argus/unk/snap/c1/1717281000.c1.snap.jpg,0.39951316
2024-06-01 23:00:00,/Volumes/Argus/unk/snap/c1/1717282800.c1.snap.jpg,0.32115105
2024-06-01 23:30:00,/Volumes/Argus/unk/snap/c1/1717284600.c1.snap.jpg,0.34591985
2024-06-02 00:00:00,/Volumes/Argus/unk/snap/c1/1717286400.c1.snap.jpg,0.35473675
2024-06-02 00:30:00,/Volumes/Argus/unk/snap/c1/1717288200.c1.snap.jpg,0.3021447
2024-06-02 01:00:00,/Volumes/Argus/unk/snap/c1/1717290000.c1.snap.jpg,0.30418834
2024-06-02 01:30:00,/Volumes/Argus/unk/snap/c1/1717291800.c1.snap.jpg,0.27965665
2024-06-02 02:00:00,/Volumes/Argus/unk/snap/c1/1717293600.c1.snap.jpg,0.27536145
2024-06-02 02:30:00,/Volumes/Argus/unk/snap/c1/1717295400.c1.snap.jpg,0.27375296
2024-06-02 03:30:00,/Volumes/Argus/unk/snap/c1/1717299000.c1.snap.jpg,0.28847948
2024-06-02 04:00:00,/Volumes/Argus/unk/snap/c1/1717300800.c1.snap.jpg,0.28499153
2024-06-02 04:30:00,/Volumes/Argus/unk/snap/c1/1717302600.c1.snap.jpg,0.30627233
2024-06-02 05:00:00,/Volumes/Argus/unk/snap/c1/1717304400.c1.snap.jpg,0.2686801
2024-06-02 05:30:00,/Volumes/Argus/unk/snap/c1/1717306200.c1.snap.jpg,0.30333358
2024-06-02 06:00:00,/Volumes/Argus/unk/snap/c1/1717308000.c1.snap.jpg,0.24282643
2024-06-02 06:30:00,/Volumes/Argus/unk/snap/c1/1717309800.c1.snap.jpg,0.28557244
2024-06-02 07:00:00,/Volumes/Argus/unk/snap/c1/1717311600.c1.snap.jpg,0.347536
2024-06-02 07:30:00,/Volumes/Argus/unk/snap/c1/1717313400.c1.snap.jpg,0.29892406
2024-06-02 08:00:00,/Volumes/Argus/unk/snap/c1/1717315200.c1.snap.jpg,0.2633619
2024-06-02 08:30:00,/Volumes/Argus/unk/snap/c1/1717317000.c1.snap.jpg,0.46451324
2024-06-02 09:00:00,/Volumes/Argus/unk/snap/c1/1717318800.c1.snap.jpg,0.41746458
2024-06-02 09:30:00,/Volumes/Argus/unk/snap/c1/1717320600.c1.snap.jpg,0.34685495
2024-06-02 10:00:00,/Volumes/Argus/unk/snap/c1/1717322400.c1.snap.jpg,0.3255424
2024-06-02 10:30:00,/Volumes/Argus/unk/snap/c1/1717324200.c1.snap.jpg,0.34002936
2024-06-02 11:30:00,/Volumes/Argus/unk/snap/c1/1717327800.c1.snap.jpg,0.4055007
2024-06-02 12:00:00,/Volumes/Argus/unk/snap/c1/1717329600.c1.snap.jpg,0.4614125
2024-06-02 17:30:00,/Volumes/Argus/unk/snap/c1/1717349400.c1.snap.jpg,0.29411158
2024-06-02 18:00:00,/Volumes/Argus/unk/snap/c1/1717351200.c1.snap.jpg,0.42815703
2024-06-02 18:30:00,/Volumes/Argus/unk/snap/c1/1717353000.c1.snap.jpg,0.5225984
2024-06-02 19:00:00,/Volumes/Argus/unk/snap/c1/1717354800.c1.snap.jpg,0.49783456
2024-06-02 19:30:00,/Volumes/Argus/unk/snap/c1/1717356600.c1.snap.jpg,0.5399238
2024-06-02 20:00:00,/Volumes/Argus/unk/snap/c1/1717358400.c1.snap.jpg,0.55598617
2024-06-02 20:30:00,/Volumes/Argus/unk/snap/c1/1717360200.c1.snap.jpg,0.47679204
2024-06-02 21:00:00,/Volumes/Argus/unk/snap/c1/1717362000.c1.snap.jpg,0.46559632
2024-06-02 21:30:00,/Volumes/Argus/unk/snap/c1/1717363800.c1.snap.jpg,0.4990406
2024-06-02 22:00:00,/Volumes/Argus/unk/snap/c1/1717365600.c1.snap.jpg,0.4303437
2024-06-02 22:30:00,/Volumes/Argus/unk/snap/c1/1717367400.c1.snap.jpg,0.60360503
2024-06-02 23:00:00,/Volumes/Argus/unk/snap/c1/1717369200.c1.snap.jpg,0.6710898
2024-06-02 23:30:00,/Volumes/Argus/unk/snap/c1/1717371000.c1.snap.jpg,0.6439674
2024-06-03 00:00:00,/Volumes/Argus/unk/snap/c1/1717372800.c1.snap.jpg,0.56175977
2024-06-03 00:30:00,/Volumes/Argus/unk/snap/c1/1717374600.c1.snap.jpg,0.5652925
2024-06-03 01:00:00,/Volumes/Argus/unk/snap/c1/1717376400.c1.snap.jpg,0.37454402
2024-06-03 01:30:00,/Volumes/Argus/unk/snap/c1/1717378200.c1.snap.jpg,0.34150797
2024-06-03 02:00:00,/Volumes/Argus/unk/snap/c1/1717380000.c1.snap.jpg,0.28090978
2024-06-03 02:30:00,/Volumes/Argus/unk/snap/c1/1717381800.c1.snap.jpg,0.3322516
2024-06-03 03:00:00,/Volumes/Argus/unk/snap/c1/1717383600.c1.snap.jpg,0.37672263
2024-06-03 03:30:00,/Volumes/Argus/unk/snap/c1/1717385400.c1.snap.jpg,0.17332587
2024-06-03 04:00:00,/Volumes/Argus/unk/snap/c1/1717387200.c1.snap.jpg,0.24088404
2024-06-03 04:30:00,/Volumes/Argus/unk/snap/c1/1717389000.c1.snap.jpg,0.2948654
2024-06-03 05:00:00,/Volumes/Argus/unk/snap/c1/1717390800.c1.snap.jpg,0.3515877
2024-06-03 05:30:00,/Volumes/Argus/unk/snap/c1/1717392600.c1.snap.jpg,0.43767005
2024-06-03 06:00:00,/Volumes/Argus/unk/snap/c1/1717394400.c1.snap.jpg,0.56358135
2024-06-03 06:30:00,/Volumes/Argus/unk/snap/c1/1717396200.c1.snap.jpg,0.5137503
2024-06-03 07:00:00,/Volumes/Argus/unk/snap/c1/1717398000.c1.snap.jpg,0.52918875
2024-06-03 07:30:00,/Volumes/Argus/unk/snap/c1/1717399800.c1.snap.jpg,0.42337465
2024-06-03 08:00:00,/Volumes/Argus/unk/snap/c1/1717401600.c1.snap.jpg,0.4779612
2024-06-03 08:30:00,/Volumes/Argus/unk/snap/c1/1717403400.c1.snap.jpg,0.44762045
2024-06-03 09:00:00,/Volumes/Argus/unk/snap/c1/1717405200.c1.snap.jpg,0.40220815
2024-06-03 09:30:00,/Volumes/Argus/unk/snap/c1/1717407000.c1.snap.jpg,0.3778389
2024-06-03 10:00:00,/Volumes/Argus/unk/snap/c1/1717408800.c1.snap.jpg,0.5551628
2024-06-03 10:30:00,/Volumes/Argus/unk/snap/c1/1717410600.c1.snap.jpg,0.5412886
2024-06-03 11:00:00,/Volumes/Argus/unk/snap/c1/1717412400.c1.snap.jpg,0.73939854
2024-06-03 11:30:00,/Volumes/Argus/unk/snap/c1/1717414200.c1.snap.jpg,0.65227586
2024-06-03 12:00:00,/Volumes/Argus/unk/snap/c1/1717416000.c1.snap.jpg,0.59958494
2024-06-03 16:00:00,/Volumes/Argus/unk/snap/c1/1717430400.c1.snap.jpg,0.6004251
2024-06-03 16:30:00,/Volumes/Argus/unk/snap/c1/1717432200.c1.snap.jpg,0.40679157
2024-06-03 17:00:00,/Volumes/Argus/unk/snap/c1/1717434000.c1.snap.jpg,0.76326334
2024-06-03 17:30:00,/Volumes/Argus/unk/snap/c1/1717435800.c1.snap.jpg,0.3563547
2024-06-03 18:00:00,/Volumes/Argus/unk/snap/c1/1717437600.c1.snap.jpg,0.3800104
2024-06-03 19:00:00,/Volumes/Argus/unk/snap/c1/1717441200.c1.snap.jpg,0.33005863
2024-06-03 19:30:00,/Volumes/Argus/unk/snap/c1/1717443000.c1.snap.jpg,0.34860295
2024-06-03 20:00:00,/Volumes/Argus/unk/snap/c1/1717444800.c1.snap.jpg,0.3476041
2024-06-03 20:30:00,/Volumes/Argus/unk/snap/c1/1717446600.c1.snap.jpg,0.39036357
2024-06-03 21:00:00,/Volumes/Argus/unk/snap/c1/1717448400.c1.snap.jpg,0.4468283
2024-06-03 21:30:00,/Volumes/Argus/unk/snap/c1/1717450200.c1.snap.jpg,0.5111773
2024-06-03 22:00:00,/Volumes/Argus/unk/snap/c1/1717452000.c1.snap.jpg,0.6028292
2024-06-03 22:30:00,/Volumes/Argus/unk/snap/c1/1717453800.c1.snap.jpg,0.7152723
2024-06-03 23:00:00,/Volumes/Argus/unk/snap/c1/1717455600.c1.snap.jpg,0.8483979
2024-06-03 23:30:00,/Volumes/Argus/unk/snap/c1/1717457400.c1.snap.jpg,0.8771569
2024-06-04 00:00:00,/Volumes/Argus/unk/snap/c1/1717459200.c1.snap.jpg,0.77114755
2024-06-04 00:30:00,/Volumes/Argus/unk/snap/c1/1717461000.c1.snap.jpg,0.5905981
2024-06-04 01:00:00,/Volumes/Argus/unk/snap/c1/1717462800.c1.snap.jpg,0.45588517
2024-06-04 01:30:00,/Volumes/Argus/unk/snap/c1/1717464600.c1.snap.jpg,0.3051067
2024-06-04 02:00:00,/Volumes/Argus/unk/snap/c1/1717466400.c1.snap.jpg,0.2741555
2024-06-04 03:00:00,/Volumes/Argus/unk/snap/c1/1717470000.c1.snap.jpg,0.22809295
2024-06-04 03:30:00,/Volumes/Argus/unk/snap/c1/1717471800.c1.snap.jpg,0.23550397
2024-06-04 04:00:00,/Volumes/Argus/unk/snap/c1/1717473600.c1.snap.jpg,0.36297172
2024-06-04 04:30:00,/Volumes/Argus/unk/snap/c1/1717475400.c1.snap.jpg,0.46732986
2024-06-04 05:00:00,/Volumes/Argus/unk/snap/c1/1717477200.c1.snap.jpg,0.44899833
2024-06-04 05:30:00,/Volumes/Argus/unk/snap/c1/1717479000.c1.snap.jpg,0.47629836
2024-06-04 06:00:00,/Volumes/Argus/unk/snap/c1/1717480800.c1.snap.jpg,0.55803907
2024-06-04 06:30:00,/Volumes/Argus/unk/snap/c1/1717482600.c1.snap.jpg,0.4161064
2024-06-04 07:00:00,/Volumes/Argus/unk/snap/c1/1717484400.c1.snap.jpg,0.36672014
2024-06-04 07:30:00,/Volumes/Argus/unk/snap/c1/1717486200.c1.snap.jpg,0.32316622
2024-06-04 08:00:00,/Volumes/Argus/unk/snap/c1/1717488000.c1.snap.jpg,0.37853587
2024-06-04 08:30:00,/Volumes/Argus/unk/snap/c1/1717489800.c1.snap.jpg,0.40308875
2024-06-04 09:00:00,/Volumes/Argus/unk/snap/c1/1717491600.c1.snap.jpg,0.35432425
2024-06-04 09:30:00,/Volumes/Argus/unk/snap/c1/1717493400.c1.snap.jpg,0.7158783
2024-06-04 10:00:00,/Volumes/Argus/unk/snap/c1/1717495200.c1.snap.jpg,0.61364615
2024-06-04 10:30:00,/Volumes/Argus/unk/snap/c1/1717497000.c1.snap.jpg,0.5486901
2024-06-04 11:00:00,/Volumes/Argus/unk/snap/c1/1717498800.c1.snap.jpg,0.5518878
2024-06-04 11:30:00,/Volumes/Argus/unk/snap/c1/1717500600.c1.snap.jpg,0.58290577
2024-06-04 12:00:00,/Volumes/Argus/unk/snap/c1/1717502400.c1.snap.jpg,0.6699728
2024-06-04 14:00:00,/Volumes/Argus/unk/snap/c1/1717509600.c1.snap.jpg,0.5039084
2024-06-04 14:30:00,/Volumes/Argus/unk/snap/c1/1717511400.c1.snap.jpg,0.47884142
2024-06-04 15:00:00,/Volumes/Argus/unk/snap/c1/1717513200.c1.snap.jpg,0.47775966
2024-06-04 15:30:00,/Volumes/Argus/unk/snap/c1/1717515000.c1.snap.jpg,0.55910224
2024-06-04 16:00:00,/Volumes/Argus/unk/snap/c1/1717516800.c1.snap.jpg,0.4979474
2024-06-04 16:30:00,/Volumes/Argus/unk/snap/c1/1717518600.c1.snap.jpg,0.51636076
2024-06-04 17:00:00,/Volumes/Argus/unk/snap/c1/1717520400.c1.snap.jpg,0.45501137
2024-06-04 17:30:00,/Volumes/Argus/unk/snap/c1/1717522200.c1.snap.jpg,0.5431864
2024-06-04 18:00:00,/Volumes/Argus/unk/snap/c1/1717524000.c1.snap.jpg,0.49056867
2024-06-04 19:00:00,/Volumes/Argus/unk/snap/c1/1717527600.c1.snap.jpg,0.4629005
2024-06-04 19:30:00,/Volumes/Argus/unk/snap/c1/1717529400.c1.snap.jpg,0.5760647
2024-06-04 20:00:00,/Volumes/Argus/unk/snap/c1/1717531200.c1.snap.jpg,0.5009231
2024-06-04 20:30:00,/Volumes/Argus/unk/snap/c1/1717533000.c1.snap.jpg,0.47290316
2024-06-04 21:00:00,/Volumes/Argus/unk/snap/c1/1717534800.c1.snap.jpg,0.55151874
2024-06-04 21:30:00,/Volumes/Argus/unk/snap/c1/1717536600.c1.snap.jpg,0.4375236
2024-06-04 22:00:00,/Volumes/Argus/unk/snap/c1/1717538400.c1.snap.jpg,0.5054064
2024-06-04 22:30:00,/Volumes/Argus/unk/snap/c1/1717540200.c1.snap.jpg,0.5718882
2024-06-04 23:00:00,/Volumes/Argus/unk/snap/c1/1717542000.c1.snap.jpg,0.49998027
2024-06-04 23:30:00,/Volumes/Argus/unk/snap/c1/1717543800.c1.snap.jpg,0.5122762
2024-06-05 00:00:00,/Volumes/Argus/unk/snap/c1/1717545600.c1.snap.jpg,0.45395067
2024-06-05 00:30:00,/Volumes/Argus/unk/snap/c1/1717547400.c1.snap.jpg,0.5222003
2024-06-05 01:00:00,/Volumes/Argus/unk/snap/c1/1717549200.c1.snap.jpg,0.43537325
2024-06-05 01:30:00,/Volumes/Argus/unk/snap/c1/1717551000.c1.snap.jpg,0.4614161
2024-06-05 02:00:00,/Volumes/Argus/unk/snap/c1/1717552800.c1.snap.jpg,0.348866
2024-06-05 02:30:00,/Volumes/Argus/unk/snap/c1/1717554600.c1.snap.jpg,0.42364407
2024-06-05 03:00:00,/Volumes/Argus/unk/snap/c1/1717556400.c1.snap.jpg,0.50628006
2024-06-05 03:30:00,/Volumes/Argus/unk/snap/c1/1717558200.c1.snap.jpg,0.45599484
2024-06-05 04:00:00,/Volumes/Argus/unk/snap/c1/1717560000.c1.snap.jpg,0.33816892
2024-06-05 04:30:00,/Volumes/Argus/unk/snap/c1/1717561800.c1.snap.jpg,0.34053636
2024-06-05 05:00:00,/Volumes/Argus/unk/snap/c1/1717563600.c1.snap.jpg,0.27542013
2024-06-05 05:30:00,/Volumes/Argus/unk/snap/c1/1717565400.c1.snap.jpg,0.3488106
2024-06-05 06:30:00,/Volumes/Argus/unk/snap/c1/1717569000.c1.snap.jpg,0.33052868
2024-06-05 07:00:00,/Volumes/Argus/unk/snap/c1/1717570800.c1.snap.jpg,0.36923105
2024-06-05 07:30:00,/Volumes/Argus/unk/snap/c1/1717572600.c1.snap.jpg,0.3959977
2024-06-05 08:00:00,/Volumes/Argus/unk/snap/c1/1717574400.c1.snap.jpg,0.37753513
2024-06-05 08:30:00,/Volumes/Argus/unk/snap/c1/1717576200.c1.snap.jpg,0.3635916
2024-06-05 09:00:00,/Volumes/Argus/unk/snap/c1/1717578000.c1.snap.jpg,0.37713322
2024-06-05 09:30:00,/Volumes/Argus/unk/snap/c1/1717579800.c1.snap.jpg,0.37501198
2024-06-05 10:00:00,/Volumes/Argus/unk/snap/c1/1717581600.c1.snap.jpg,0.35453278
2024-06-05 10:30:00,/Volumes/Argus/unk/snap/c1/1717583400.c1.snap.jpg,0.25085676
2024-06-05 11:00:00,/Volumes/Argus/unk/snap/c1/1717585200.c1.snap.jpg,0.25903112
2024-06-05 11:30:00,/Volumes/Argus/unk/snap/c1/1717587000.c1.snap.jpg,0.2647099
2024-06-05 12:00:00,/Volumes/Argus/unk/snap/c1/1717588800.c1.snap.jpg,0.2647437
2024-06-05 14:00:00,/Volumes/Argus/unk/snap/c1/1717596000.c1.snap.jpg,0.33889204
2024-06-05 14:30:00,/Volumes/Argus/unk/snap/c1/1717597800.c1.snap.jpg,0.32368073
2024-06-05 15:00:00,/Volumes/Argus/unk/snap/c1/1717599600.c1.snap.jpg,0.3160542
2024-06-05 15:30:00,/Volumes/Argus/unk/snap/c1/1717601400.c1.snap.jpg,0.27079
2024-06-05 16:00:00,/Volumes/Argus/unk/snap/c1/1717603200.c1.snap.jpg,0.31213868
2024-06-05 16:30:00,/Volumes/Argus/unk/snap/c1/1717605000.c1.snap.jpg,0.3410737
2024-06-05 17:00:00,/Volumes/Argus/unk/snap/c1/1717606800.c1.snap.jpg,0.3405119
2024-06-05 17:30:00,/Volumes/Argus/unk/snap/c1/1717608600.c1.snap.jpg,0.4636662
2024-06-05 18:00:00,/Volumes/Argus/unk/snap/c1/1717610400.c1.snap.jpg,0.3736624
2024-06-05 18:30:00,/Volumes/Argus/unk/snap/c1/1717612200.c1.snap.jpg,0.33810776
2024-06-05 19:00:00,/Volumes/Argus/unk/snap/c1/1717614000.c1.snap.jpg,0.32401824
2024-06-05 19:30:00,/Volumes/Argus/unk/snap/c1/1717615800.c1.snap.jpg,0.4322045
2024-06-05 20:00:00,/Volumes/Argus/unk/snap/c1/1717617600.c1.snap.jpg,0.3965268
2024-06-05 20:30:00,/Volumes/Argus/unk/snap/c1/1717619400.c1.snap.jpg,0.3597047
2024-06-05 21:00:00,/Volumes/Argus/unk/snap/c1/1717621200.c1.snap.jpg,0.29721817
2024-06-05 21:30:00,/Volumes/Argus/unk/snap/c1/1717623000.c1.snap.jpg,0.35203022
2024-06-05 22:00:00,/Volumes/Argus/unk/snap/c1/1717624800.c1.snap.jpg,0.2784711
2024-06-05 22:30:00,/Volumes/Argus/unk/snap/c1/1717626600.c1.snap.jpg,0.3605016
2024-06-05 23:00:00,/Volumes/Argus/unk/snap/c1/1717628400.c1.snap.jpg,0.32744992
2024-06-05 23:30:00,/Volumes/Argus/unk/snap/c1/1717630200.c1.snap.jpg,0.37310705
2024-06-06 00:00:00,/Volumes/Argus/unk/snap/c1/1717632000.c1.snap.jpg,0.49745053
2024-06-06 00:30:00,/Volumes/Argus/unk/snap/c1/1717633800.c1.snap.jpg,0.45634982
2024-06-06 01:00:00,/Volumes/Argus/unk/snap/c1/1717635600.c1.snap.jpg,0.42914587
2024-06-06 01:30:00,/Volumes/Argus/unk/snap/c1/1717637400.c1.snap.jpg,0.40721744
2024-06-06 02:00:00,/Volumes/Argus/unk/snap/c1/1717639200.c1.snap.jpg,0.329225
2024-06-06 02:30:00,/Volumes/Argus/unk/snap/c1/1717641000.c1.snap.jpg,0.4108055
2024-06-06 03:00:00,/Volumes/Argus/unk/snap/c1/1717642800.c1.snap.jpg,0.31746235
2024-06-06 03:30:00,/Volumes/Argus/unk/snap/c1/1717644600.c1.snap.jpg,0.4345639
2024-06-06 04:00:00,/Volumes/Argus/unk/snap/c1/1717646400.c1.snap.jpg,0.40937576
2024-06-06 04:30:00,/Volumes/Argus/unk/snap/c1/1717648200.c1.snap.jpg,0.40780038
2024-06-06 05:00:00,/Volumes/Argus/unk/snap/c1/1717650000.c1.snap.jpg,0.42225763
2024-06-06 05:30:00,/Volumes/Argus/unk/snap/c1/1717651800.c1.snap.jpg,0.49009168
2024-06-06 06:00:00,/Volumes/Argus/unk/snap/c1/1717653600.c1.snap.jpg,0.41439983
2024-06-06 06:30:00,/Volumes/Argus/unk/snap/c1/1717655400.c1.snap.jpg,0.32440913
2024-06-06 07:00:00,/Volumes/Argus/unk/snap/c1/1717657200.c1.snap.jpg,0.5271528
2024-06-06 07:30:00,/Volumes/Argus/unk/snap/c1/1717659000.c1.snap.jpg,0.29682797
2024-06-06 08:00:00,/Volumes/Argus/unk/snap/c1/1717660800.c1.snap.jpg,0.39033365
2024-06-06 08:30:00,/Volumes/Argus/unk/snap/c1/1717662600.c1.snap.jpg,0.47043118
2024-06-06 09:00:00,/Volumes/Argus/unk/snap/c1/1717664400.c1.snap.jpg,0.3263119
2024-06-06 09:30:00,/Volumes/Argus/unk/snap/c1/1717666200.c1.snap.jpg,0.49330202
2024-06-06 10:00:00,/Volumes/Argus/unk/snap/c1/1717668000.c1.snap.jpg,0.4118203
2024-06-06 10:30:00,/Volumes/Argus/unk/snap/c1/1717669800.c1.snap.jpg,0.27227283
2024-06-06 11:00:00,/Volumes/Argus/unk/snap/c1/1717671600.c1.snap.jpg,0.44667614
2024-06-06 11:30:00,/Volumes/Argus/unk/snap/c1/1717673400.c1.snap.jpg,0.39519787
2024-06-06 12:00:00,/Volumes/Argus/unk/snap/c1/1717675200.c1.snap.jpg,0.42797843
2024-06-06 14:00:00,/Volumes/Argus/unk/snap/c1/1717682400.c1.snap.jpg,0.33477545
2024-06-06 14:30:00,/Volumes/Argus/unk/snap/c1/1717684200.c1.snap.jpg,0.30703634
2024-06-06 15:00:00,/Volumes/Argus/unk/snap/c1/1717686000.c1.snap.jpg,0.34079674
2024-06-06 15:30:00,/Volumes/Argus/unk/snap/c1/1717687800.c1.snap.jpg,0.2958352
2024-06-06 16:00:00,/Volumes/Argus/unk/snap/c1/1717689600.c1.snap.jpg,0.33144408
2024-06-06 16:30:00,/Volumes/Argus/unk/snap/c1/1717691400.c1.snap.jpg,0.2875734
2024-06-06 17:00:00,/Volumes/Argus/unk/snap/c1/1717693200.c1.snap.jpg,0.28000805
2024-06-06 17:30:00,/Volumes/Argus/unk/snap/c1/1717695000.c1.snap.jpg,0.25470662
2024-06-06 18:00:00,/Volumes/Argus/unk/snap/c1/1717696800.c1.snap.jpg,0.27111584
2024-06-06 18:30:00,/Volumes/Argus/unk/snap/c1/1717698600.c1.snap.jpg,0.30936325
2024-06-06 19:00:00,/Volumes/Argus/unk/snap/c1/1717700400.c1.snap.jpg,0.28182527
2024-06-06 19:30:00,/Volumes/Argus/unk/snap/c1/1717702200.c1.snap.jpg,0.4550832
2024-06-06 20:00:00,/Volumes/Argus/unk/snap/c1/1717704000.c1.snap.jpg,0.36413497
2024-06-06 20:30:00,/Volumes/Argus/unk/snap/c1/1717705800.c1.snap.jpg,0.44336522
2024-06-06 21:00:00,/Volumes/Argus/unk/snap/c1/1717707600.c1.snap.jpg,0.38796008
2024-06-06 21:30:00,/Volumes/Argus/unk/snap/c1/1717709400.c1.snap.jpg,0.28347126
2024-06-06 22:00:00,/Volumes/Argus/unk/snap/c1/1717711200.c1.snap.jpg,0.33191746
2024-06-06 22:30:00,/Volumes/Argus/unk/snap/c1/1717713000.c1.snap.jpg,0.23233315
2024-06-06 23:30:00,/Volumes/Argus/unk/snap/c1/1717716600.c1.snap.jpg,0.29898688
2024-06-07 00:00:00,/Volumes/Argus/unk/snap/c1/1717718400.c1.snap.jpg,0.22856484
2024-06-07 00:30:00,/Volumes/Argus/unk/snap/c1/1717720200.c1.snap.jpg,0.23688348
2024-06-07 01:00:00,/Volumes/Argus/unk/snap/c1/1717722000.c1.snap.jpg,0.33024317
2024-06-07 01:30:00,/Volumes/Argus/unk/snap/c1/1717723800.c1.snap.jpg,0.30505803
2024-06-07 02:00:00,/Volumes/Argus/unk/snap/c1/1717725600.c1.snap.jpg,0.28395462
2024-06-07 02:30:00,/Volumes/Argus/unk/snap/c1/1717727400.c1.snap.jpg,0.26817095
2024-06-07 03:00:00,/Volumes/Argus/unk/snap/c1/1717729200.c1.snap.jpg,0.3074173
2024-06-07 03:30:00,/Volumes/Argus/unk/snap/c1/1717731000.c1.snap.jpg,0.33842993
2024-06-07 04:00:00,/Volumes/Argus/unk/snap/c1/1717732800.c1.snap.jpg,0.29444373
2024-06-07 04:30:00,/Volumes/Argus/unk/snap/c1/1717734600.c1.snap.jpg,0.26065132
2024-06-07 05:00:00,/Volumes/Argus/unk/snap/c1/1717736400.c1.snap.jpg,0.25777495
2024-06-07 05:30:00,/Volumes/Argus/unk/snap/c1/1717738200.c1.snap.jpg,0.4105338
2024-06-07 06:00:00,/Volumes/Argus/unk/snap/c1/1717740000.c1.snap.jpg,0.46705705
2024-06-07 06:30:00,/Volumes/Argus/unk/snap/c1/1717741800.c1.snap.jpg,0.21082431
2024-06-07 07:00:00,/Volumes/Argus/unk/snap/c1/1717743600.c1.snap.jpg,0.37681884
2024-06-07 07:30:00,/Volumes/Argus/unk/snap/c1/1717745400.c1.snap.jpg,0.3683944
2024-06-07 08:00:00,/Volumes/Argus/unk/snap/c1/1717747200.c1.snap.jpg,0.30746794
2024-06-07 08:30:00,/Volumes/Argus/unk/snap/c1/1717749000.c1.snap.jpg,0.36446384
2024-06-07 09:00:00,/Volumes/Argus/unk/snap/c1/1717750800.c1.snap.jpg,0.21878639
2024-06-07 09:30:00,/Volumes/Argus/unk/snap/c1/1717752600.c1.snap.jpg,0.22636849
2024-06-07 10:00:00,/Volumes/Argus/unk/snap/c1/1717754400.c1.snap.jpg,0.19017893
2024-06-07 10:30:00,/Volumes/Argus/unk/snap/c1/1717756200.c1.snap.jpg,0.28474194
2024-06-07 11:00:00,/Volumes/Argus/unk/snap/c1/1717758000.c1.snap.jpg,0.41068277
2024-06-07 11:30:00,/Volumes/Argus/unk/snap/c1/1717759800.c1.snap.jpg,0.28331935
2024-06-07 12:00:00,/Volumes/Argus/unk/snap/c1/1717761600.c1.snap.jpg,0.27133435
2024-06-07 14:00:00,/Volumes/Argus/unk/snap/c1/1717768800.c1.snap.jpg,0.30032402
2024-06-07 14:30:00,/Volumes/Argus/unk/snap/c1/1717770600.c1.snap.jpg,0.39208907
2024-06-07 15:30:00,/Volumes/Argus/unk/snap/c1/1717774200.c1.snap.jpg,0.43015808
2024-06-07 16:00:00,/Volumes/Argus/unk/snap/c1/1717776000.c1.snap.jpg,0.4005863
2024-06-07 16:30:00,/Volumes/Argus/unk/snap/c1/1717777800.c1.snap.jpg,0.42135754
2024-06-07 17:00:00,/Volumes/Argus/unk/snap/c1/1717779600.c1.snap.jpg,0.48772255
2024-06-07 17:30:00,/Volumes/Argus/unk/snap/c1/1717781400.c1.snap.jpg,0.39000887
2024-06-07 18:00:00,/Volumes/Argus/unk/snap/c1/1717783200.c1.snap.jpg,0.29823178
2024-06-07 18:30:00,/Volumes/Argus/unk/snap/c1/1717785000.c1.snap.jpg,1.8550023
2024-06-07 19:00:00,/Volumes/Argus/unk/snap/c1/1717786800.c1.snap.jpg,0.6169133
2024-06-07 19:30:00,/Volumes/Argus/unk/snap/c1/1717788600.c1.snap.jpg,0.403319
2024-06-07 20:00:00,/Volumes/Argus/unk/snap/c1/1717790400.c1.snap.jpg,0.40167934
2024-06-07 20:30:00,/Volumes/Argus/unk/snap/c1/1717792200.c1.snap.jpg,0.44285077
2024-06-07 21:00:00,/Volumes/Argus/unk/snap/c1/1717794000.c1.snap.jpg,0.32304332
2024-06-07 21:30:00,/Volumes/Argus/unk/snap/c1/1717795800.c1.snap.jpg,0.36287153
2024-06-07 22:00:00,/Volumes/Argus/unk/snap/c1/1717797600.c1.snap.jpg,0.40139857
2024-06-07 22:30:00,/Volumes/Argus/unk/snap/c1/1717799400.c1.snap.jpg,0.37523282
2024-06-07 23:00:00,/Volumes/Argus/unk/snap/c1/1717801200.c1.snap.jpg,0.4638102
2024-06-07 23:30:00,/Volumes/Argus/unk/snap/c1/1717803000.c1.snap.jpg,0.36011785
2024-06-08 00:00:00,/Volumes/Argus/unk/snap/c1/1717804800.c1.snap.jpg,0.28313988
2024-06-08 00:30:00,/Volumes/Argus/unk/snap/c1/1717806600.c1.snap.jpg,0.31442046
2024-06-08 01:00:00,/Volumes/Argus/unk/snap/c1/1717808400.c1.snap.jpg,0.25355256
2024-06-08 01:30:00,/Volumes/Argus/unk/snap/c1/1717810200.c1.snap.jpg,0.3554641
2024-06-08 02:00:00,/Volumes/Argus/unk/snap/c1/1717812000.c1.snap.jpg,0.38605458
2024-06-08 02:30:00,/Volumes/Argus/unk/snap/c1/1717813800.c1.snap.jpg,0.40205777
2024-06-08 03:00:00,/Volumes/Argus/unk/snap/c1/1717815600.c1.snap.jpg,0.35369128
2024-06-08 03:30:00,/Volumes/Argus/unk/snap/c1/1717817400.c1.snap.jpg,0.32132894
2024-06-08 04:00:00,/Volumes/Argus/unk/snap/c1/1717819200.c1.snap.jpg,0.4478844
2024-06-08 04:30:00,/Volumes/Argus/unk/snap/c1/1717821000.c1.snap.jpg,0.33123362
2024-06-08 05:00:00,/Volumes/Argus/unk/snap/c1/1717822800.c1.snap.jpg,0.31796277
2024-06-08 05:30:00,/Volumes/Argus/unk/snap/c1/1717824600.c1.snap.jpg,0.30488917
2024-06-08 06:00:00,/Volumes/Argus/unk/snap/c1/1717826400.c1.snap.jpg,0.33192354
2024-06-08 06:30:00,/Volumes/Argus/unk/snap/c1/1717828200.c1.snap.jpg,0.41092476
2024-06-08 07:00:00,/Volumes/Argus/unk/snap/c1/1717830000.c1.snap.jpg,0.37645847
2024-06-08 07:30:00,/Volumes/Argus/unk/snap/c1/1717831800.c1.snap.jpg,0.32577083
2024-06-08 08:00:00,/Volumes/Argus/unk/snap/c1/1717833600.c1.snap.jpg,0.30077434
2024-06-08 08:30:00,/Volumes/Argus/unk/snap/c1/1717835400.c1.snap.jpg,0.26292214
2024-06-08 09:00:00,/Volumes/Argus/unk/snap/c1/1717837200.c1.snap.jpg,0.34423807
2024-06-08 09:30:00,/Volumes/Argus/unk/snap/c1/1717839000.c1.snap.jpg,0.2710269
2024-06-08 10:00:00,/Volumes/Argus/unk/snap/c1/1717840800.c1.snap.jpg,0.24175318
2024-06-08 10:30:00,/Volumes/Argus/unk/snap/c1/1717842600.c1.snap.jpg,0.23244329
2024-06-08 11:00:00,/Volumes/Argus/unk/snap/c1/1717844400.c1.snap.jpg,0.2861237
2024-06-08 11:30:00,/Volumes/Argus/unk/snap/c1/1717846200.c1.snap.jpg,0.23731397
2024-06-08 12:00:00,/Volumes/Argus/unk/snap/c1/1717848000.c1.snap.jpg,0.27926993
2024-06-08 17:00:00,/Volumes/Argus/unk/snap/c1/1717866000.c1.snap.jpg,0.30240935
2024-06-08 17:30:00,/Volumes/Argus/unk/snap/c1/1717867800.c1.snap.jpg,0.29758573
2024-06-08 18:00:00,/Volumes/Argus/unk/snap/c1/1717869600.c1.snap.jpg,0.4396296
2024-06-08 18:30:00,/Volumes/Argus/unk/snap/c1/1717871400.c1.snap.jpg,0.28255042
2024-06-08 19:00:00,/Volumes/Argus/unk/snap/c1/1717873200.c1.snap.jpg,0.39291602
2024-06-08 19:30:00,/Volumes/Argus/unk/snap/c1/1717875000.c1.snap.jpg,0.32196635
2024-06-08 20:00:00,/Volumes/Argus/unk/snap/c1/1717876800.c1.snap.jpg,0.2785868
2024-06-08 20:30:00,/Volumes/Argus/unk/snap/c1/1717878600.c1.snap.jpg,0.35200706
2024-06-08 21:00:00,/Volumes/Argus/unk/snap/c1/1717880400.c1.snap.jpg,0.33798254
2024-06-08 21:30:00,/Volumes/Argus/unk/snap/c1/1717882200.c1.snap.jpg,0.43494123
2024-06-08 22:00:00,/Volumes/Argus/unk/snap/c1/1717884000.c1.snap.jpg,0.30525756
2024-06-08 22:30:00,/Volumes/Argus/unk/snap/c1/1717885800.c1.snap.jpg,0.4258356
2024-06-08 23:00:00,/Volumes/Argus/unk/snap/c1/1717887600.c1.snap.jpg,0.40837693
2024-06-08 23:30:00,/Volumes/Argus/unk/snap/c1/1717889400.c1.snap.jpg,0.4064501
2024-06-09 00:00:00,/Volumes/Argus/unk/snap/c1/1717891200.c1.snap.jpg,0.3627667
2024-06-09 00:30:00,/Volumes/Argus/unk/snap/c1/1717893000.c1.snap.jpg,0.2661631
2024-06-09 01:00:00,/Volumes/Argus/unk/snap/c1/1717894800.c1.snap.jpg,0.45384604
2024-06-09 01:30:00,/Volumes/Argus/unk/snap/c1/1717896600.c1.snap.jpg,0.42701343
2024-06-09 02:00:00,/Volumes/Argus/unk/snap/c1/1717898400.c1.snap.jpg,0.34804803
2024-06-09 02:30:00,/Volumes/Argus/unk/snap/c1/1717900200.c1.snap.jpg,0.24002849
2024-06-09 03:00:00,/Volumes/Argus/unk/snap/c1/1717902000.c1.snap.jpg,0.39128166
2024-06-09 03:30:00,/Volumes/Argus/unk/snap/c1/1717903800.c1.snap.jpg,0.364335
2024-06-09 04:00:00,/Volumes/Argus/unk/snap/c1/1717905600.c1.snap.jpg,0.3459034
2024-06-09 04:30:00,/Volumes/Argus/unk/snap/c1/1717907400.c1.snap.jpg,0.29284388
2024-06-09 05:00:00,/Volumes/Argus/unk/snap/c1/1717909200.c1.snap.jpg,0.3191062
2024-06-09 05:30:00,/Volumes/Argus/unk/snap/c1/1717911000.c1.snap.jpg,0.28908223
2024-06-09 06:00:00,/Volumes/Argus/unk/snap/c1/1717912800.c1.snap.jpg,0.38962036
2024-06-09 06:30:00,/Volumes/Argus/unk/snap/c1/1717914600.c1.snap.jpg,0.3412291
2024-06-09 07:00:00,/Volumes/Argus/unk/snap/c1/1717916400.c1.snap.jpg,0.30296493
2024-06-09 07:30:00,/Volumes/Argus/unk/snap/c1/1717918200.c1.snap.jpg,0.23190197
2024-06-09 08:30:00,/Volumes/Argus/unk/snap/c1/1717921800.c1.snap.jpg,0.2190912
2024-06-09 09:00:00,/Volumes/Argus/unk/snap/c1/1717923600.c1.snap.jpg,0.17825201
2024-06-09 09:30:00,/Volumes/Argus/unk/snap/c1/1717925400.c1.snap.jpg,0.17340529
2024-06-09 10:00:00,/Volumes/Argus/unk/snap/c1/1717927200.c1.snap.jpg,0.15321015
2024-06-09 10:30:00,/Volumes/Argus/unk/snap/c1/1717929000.c1.snap.jpg,0.19639161
2024-06-09 11:00:00,/Volumes/Argus/unk/snap/c1/1717930800.c1.snap.jpg,0.22112927
2024-06-09 11:30:00,/Volumes/Argus/unk/snap/c1/1717932600.c1.snap.jpg,0.21842244
2024-06-09 12:00:00,/Volumes/Argus/unk/snap/c1/1717934400.c1.snap.jpg,0.23245342
2024-06-09 14:00:00,/Volumes/Argus/unk/snap/c1/1717941600.c1.snap.jpg,0.2128105
2024-06-09 14:30:00,/Volumes/Argus/unk/snap/c1/1717943400.c1.snap.jpg,0.21598181
2024-06-09 15:00:00,/Volumes/Argus/unk/snap/c1/1717945200.c1.snap.jpg,0.2370562
2024-06-09 15:30:00,/Volumes/Argus/unk/snap/c1/1717947000.c1.snap.jpg,0.23559867
2024-06-09 16:00:00,/Volumes/Argus/unk/snap/c1/1717948800.c1.snap.jpg,0.374927
2024-06-09 16:30:00,/Volumes/Argus/unk/snap/c1/1717950600.c1.snap.jpg,0.34797078
2024-06-09 17:00:00,/Volumes/Argus/unk/snap/c1/1717952400.c1.snap.jpg,0.5347661
2024-06-09 17:30:00,/Volumes/Argus/unk/snap/c1/1717954200.c1.snap.jpg,0.37616235
2024-06-09 18:00:00,/Volumes/Argus/unk/snap/c1/1717956000.c1.snap.jpg,0.54157937
2024-06-09 18:30:00,/Volumes/Argus/unk/snap/c1/1717957800.c1.snap.jpg,0.4694064
2024-06-09 19:00:00,/Volumes/Argus/unk/snap/c1/1717959600.c1.snap.jpg,0.42962098
2024-06-09 19:30:00,/Volumes/Argus/unk/snap/c1/1717961400.c1.snap.jpg,0.24895403
2024-06-09 20:00:00,/Volumes/Argus/unk/snap/c1/1717963200.c1.snap.jpg,0.2719644
2024-06-09 20:30:00,/Volumes/Argus/unk/snap/c1/1717965000.c1.snap.jpg,0.3547303
2024-06-09 21:00:00,/Volumes/Argus/unk/snap/c1/1717966800.c1.snap.jpg,0.41276583
2024-06-09 21:30:00,/Volumes/Argus/unk/snap/c1/1717968600.c1.snap.jpg,0.77355385
2024-06-09 22:00:00,/Volumes/Argus/unk/snap/c1/1717970400.c1.snap.jpg,0.35736808
2024-06-09 22:30:00,/Volumes/Argus/unk/snap/c1/1717972200.c1.snap.jpg,0.26534662
2024-06-09 23:00:00,/Volumes/Argus/unk/snap/c1/1717974000.c1.snap.jpg,0.47573796
2024-06-09 23:30:00,/Volumes/Argus/unk/snap/c1/1717975800.c1.snap.jpg,0.31564435
2024-06-10 00:30:00,/Volumes/Argus/unk/snap/c1/1717979400.c1.snap.jpg,0.36905867
2024-06-10 01:00:00,/Volumes/Argus/unk/snap/c1/1717981200.c1.snap.jpg,0.29742712
2024-06-10 01:30:00,/Volumes/Argus/unk/snap/c1/1717983000.c1.snap.jpg,0.30801195
2024-06-10 02:00:00,/Volumes/Argus/unk/snap/c1/1717984800.c1.snap.jpg,0.2184337
2024-06-10 02:30:00,/Volumes/Argus/unk/snap/c1/1717986600.c1.snap.jpg,0.24121062
2024-06-10 03:00:00,/Volumes/Argus/unk/snap/c1/1717988400.c1.snap.jpg,0.26023817
2024-06-10 03:30:00,/Volumes/Argus/unk/snap/c1/1717990200.c1.snap.jpg,0.1773315
2024-06-10 04:00:00,/Volumes/Argus/unk/snap/c1/1717992000.c1.snap.jpg,0.4150694
2024-06-10 04:30:00,/Volumes/Argus/unk/snap/c1/1717993800.c1.snap.jpg,0.27425888
2024-06-10 05:00:00,/Volumes/Argus/unk/snap/c1/1717995600.c1.snap.jpg,0.24168023
2024-06-10 05:30:00,/Volumes/Argus/unk/snap/c1/1717997400.c1.snap.jpg,0.20280503
2024-06-10 06:00:00,/Volumes/Argus/unk/snap/c1/1717999200.c1.snap.jpg,0.2211331
2024-06-10 06:30:00,/Volumes/Argus/unk/snap/c1/1718001000.c1.snap.jpg,0.28155407
2024-06-10 07:00:00,/Volumes/Argus/unk/snap/c1/1718002800.c1.snap.jpg,0.3583423
2024-06-10 07:30:00,/Volumes/Argus/unk/snap/c1/1718004600.c1.snap.jpg,0.44582993
2024-06-10 08:00:00,/Volumes/Argus/unk/snap/c1/1718006400.c1.snap.jpg,0.6304447
2024-06-10 08:30:00,/Volumes/Argus/unk/snap/c1/1718008200.c1.snap.jpg,0.6041191
2024-06-10 09:00:00,/Volumes/Argus/unk/snap/c1/1718010000.c1.snap.jpg,0.39646882
2024-06-10 09:30:00,/Volumes/Argus/unk/snap/c1/1718011800.c1.snap.jpg,0.32533717
2024-06-10 10:00:00,/Volumes/Argus/unk/snap/c1/1718013600.c1.snap.jpg,0.2582197
2024-06-10 10:30:00,/Volumes/Argus/unk/snap/c1/1718015400.c1.snap.jpg,0.23068555
2024-06-10 11:00:00,/Volumes/Argus/unk/snap/c1/1718017200.c1.snap.jpg,0.20413245
2024-06-10 11:30:00,/Volumes/Argus/unk/snap/c1/1718019000.c1.snap.jpg,0.24802026
2024-06-10 12:00:00,/Volumes/Argus/unk/snap/c1/1718020800.c1.snap.jpg,0.30018604
2024-06-10 14:00:00,/Volumes/Argus/unk/snap/c1/1718028000.c1.snap.jpg,0.32659334
2024-06-10 14:30:00,/Volumes/Argus/unk/snap/c1/1718029800.c1.snap.jpg,0.46039215
2024-06-10 15:00:00,/Volumes/Argus/unk/snap/c1/1718031600.c1.snap.jpg,0.52430135
2024-06-10 15:30:00,/Volumes/Argus/unk/snap/c1/1718033400.c1.snap.jpg,0.3371877
2024-06-10 16:00:00,/Volumes/Argus/unk/snap/c1/1718035200.c1.snap.jpg,0.30557692
2024-06-10 16:30:00,/Volumes/Argus/unk/snap/c1/1718037000.c1.snap.jpg,0.2544552
2024-06-10 17:00:00,/Volumes/Argus/unk/snap/c1/1718038800.c1.snap.jpg,0.29630738
2024-06-10 17:30:00,/Volumes/Argus/unk/snap/c1/1718040600.c1.snap.jpg,0.46350744
2024-06-10 18:00:00,/Volumes/Argus/unk/snap/c1/1718042400.c1.snap.jpg,0.43849757
2024-06-10 18:30:00,/Volumes/Argus/unk/snap/c1/1718044200.c1.snap.jpg,0.3357304
2024-06-10 19:00:00,/Volumes/Argus/unk/snap/c1/1718046000.c1.snap.jpg,0.25712374
2024-06-10 19:30:00,/Volumes/Argus/unk/snap/c1/1718047800.c1.snap.jpg,0.342135
2024-06-10 20:00:00,/Volumes/Argus/unk/snap/c1/1718049600.c1.snap.jpg,0.44998288
2024-06-10 20:30:00,/Volumes/Argus/unk/snap/c1/1718051400.c1.snap.jpg,0.28220865
2024-06-10 21:00:00,/Volumes/Argus/unk/snap/c1/1718053200.c1.snap.jpg,0.29531378
2024-06-10 21:30:00,/Volumes/Argus/unk/snap/c1/1718055000.c1.snap.jpg,0.3288849
2024-06-10 22:00:00,/Volumes/Argus/unk/snap/c1/1718056800.c1.snap.jpg,0.24317692
2024-06-10 22:30:00,/Volumes/Argus/unk/snap/c1/1718058600.c1.snap.jpg,0.30797464
2024-06-10 23:00:00,/Volumes/Argus/unk/snap/c1/1718060400.c1.snap.jpg,0.2586191
2024-06-10 23:30:00,/Volumes/Argus/unk/snap/c1/1718062200.c1.snap.jpg,0.32646176
2024-06-11 00:00:00,/Volumes/Argus/unk/snap/c1/1718064000.c1.snap.jpg,0.3262105
2024-06-11 00:30:00,/Volumes/Argus/unk/snap/c1/1718065800.c1.snap.jpg,0.3387751
2024-06-11 01:00:00,/Volumes/Argus/unk/snap/c1/1718067600.c1.snap.jpg,0.27868342
2024-06-11 01:30:00,/Volumes/Argus/unk/snap/c1/1718069400.c1.snap.jpg,0.2392374
2024-06-11 02:00:00,/Volumes/Argus/unk/snap/c1/1718071200.c1.snap.jpg,0.28726804
2024-06-11 02:30:00,/Volumes/Argus/unk/snap/c1/1718073000.c1.snap.jpg,0.24773847
2024-06-11 03:00:00,/Volumes/Argus/unk/snap/c1/1718074800.c1.snap.jpg,0.23656577
2024-06-11 03:30:00,/Volumes/Argus/unk/snap/c1/1718076600.c1.snap.jpg,0.2110866
2024-06-11 04:00:00,/Volumes/Argus/unk/snap/c1/1718078400.c1.snap.jpg,0.23374414
2024-06-11 05:00:00,/Volumes/Argus/unk/snap/c1/1718082000.c1.snap.jpg,0.21268612
2024-06-11 06:00:00,/Volumes/Argus/unk/snap/c1/1718085600.c1.snap.jpg,0.2116113
2024-06-11 06:30:00,/Volumes/Argus/unk/snap/c1/1718087400.c1.snap.jpg,0.24742593
2024-06-11 07:00:00,/Volumes/Argus/unk/snap/c1/1718089200.c1.snap.jpg,0.29891127
2024-06-11 07:30:00,/Volumes/Argus/unk/snap/c1/1718091000.c1.snap.jpg,0.31665945
2024-06-11 08:00:00,/Volumes/Argus/unk/snap/c1/1718092800.c1.snap.jpg,0.26800272
2024-06-11 08:30:00,/Volumes/Argus/unk/snap/c1/1718094600.c1.snap.jpg,0.29110697
2024-06-11 09:00:00,/Volumes/Argus/unk/snap/c1/1718096400.c1.snap.jpg,0.27156815
2024-06-11 09:30:00,/Volumes/Argus/unk/snap/c1/1718098200.c1.snap.jpg,0.24097966
2024-06-11 10:00:00,/Volumes/Argus/unk/snap/c1/1718100000.c1.snap.jpg,0.21290636
2024-06-11 10:30:00,/Volumes/Argus/unk/snap/c1/1718101800.c1.snap.jpg,0.17516397
2024-06-11 11:00:00,/Volumes/Argus/unk/snap/c1/1718103600.c1.snap.jpg,0.22709781
2024-06-11 11:30:00,/Volumes/Argus/unk/snap/c1/1718105400.c1.snap.jpg,0.26390716
2024-06-11 12:00:00,/Volumes/Argus/unk/snap/c1/1718107200.c1.snap.jpg,0.22805272
2024-06-11 14:00:00,/Volumes/Argus/unk/snap/c1/1718114400.c1.snap.jpg,0.2645533
2024-06-11 14:30:00,/Volumes/Argus/unk/snap/c1/1718116200.c1.snap.jpg,0.22920664
2024-06-11 15:00:00,/Volumes/Argus/unk/snap/c1/1718118000.c1.snap.jpg,0.23595752
2024-06-11 15:30:00,/Volumes/Argus/unk/snap/c1/1718119800.c1.snap.jpg,0.33112288
2024-06-11 16:00:00,/Volumes/Argus/unk/snap/c1/1718121600.c1.snap.jpg,0.28057757
2024-06-11 16:30:00,/Volumes/Argus/unk/snap/c1/1718123400.c1.snap.jpg,0.26806307
2024-06-11 17:00:00,/Volumes/Argus/unk/snap/c1/1718125200.c1.snap.jpg,0.2873181
2024-06-11 17:30:00,/Volumes/Argus/unk/snap/c1/1718127000.c1.snap.jpg,0.45760247
2024-06-11 18:00:00,/Volumes/Argus/unk/snap/c1/1718128800.c1.snap.jpg,0.36072344
2024-06-11 18:30:00,/Volumes/Argus/unk/snap/c1/1718130600.c1.snap.jpg,0.3324348
2024-06-11 19:00:00,/Volumes/Argus/unk/snap/c1/1718132400.c1.snap.jpg,0.5546632
2024-06-11 19:30:00,/Volumes/Argus/unk/snap/c1/1718134200.c1.snap.jpg,0.43160698
2024-06-11 20:00:00,/Volumes/Argus/unk/snap/c1/1718136000.c1.snap.jpg,0.34713852
2024-06-11 20:30:00,/Volumes/Argus/unk/snap/c1/1718137800.c1.snap.jpg,0.32490337
2024-06-11 21:30:00,/Volumes/Argus/unk/snap/c1/1718141400.c1.snap.jpg,0.39453027
2024-06-11 22:00:00,/Volumes/Argus/unk/snap/c1/1718143200.c1.snap.jpg,0.3458998
2024-06-11 22:30:00,/Volumes/Argus/unk/snap/c1/1718145000.c1.snap.jpg,0.5032381
2024-06-11 23:00:00,/Volumes/Argus/unk/snap/c1/1718146800.c1.snap.jpg,0.52966917
2024-06-11 23:30:00,/Volumes/Argus/unk/snap/c1/1718148600.c1.snap.jpg,0.5307114
2024-06-12 00:00:00,/Volumes/Argus/unk/snap/c1/1718150400.c1.snap.jpg,0.61697835
2024-06-12 00:30:00,/Volumes/Argus/unk/snap/c1/1718152200.c1.snap.jpg,0.6016266
2024-06-12 01:00:00,/Volumes/Argus/unk/snap/c1/1718154000.c1.snap.jpg,0.6390834
2024-06-12 01:30:00,/Volumes/Argus/unk/snap/c1/1718155800.c1.snap.jpg,0.55437315
2024-06-12 02:00:00,/Volumes/Argus/unk/snap/c1/1718157600.c1.snap.jpg,0.42994905
2024-06-12 02:30:00,/Volumes/Argus/unk/snap/c1/1718159400.c1.snap.jpg,0.3808132
2024-06-12 03:00:00,/Volumes/Argus/unk/snap/c1/1718161200.c1.snap.jpg,0.29144335
2024-06-12 03:30:00,/Volumes/Argus/unk/snap/c1/1718163000.c1.snap.jpg,0.47133827
2024-06-12 04:00:00,/Volumes/Argus/unk/snap/c1/1718164800.c1.snap.jpg,0.2855736
2024-06-12 04:30:00,/Volumes/Argus/unk/snap/c1/1718166600.c1.snap.jpg,0.39051616
2024-06-12 05:00:00,/Volumes/Argus/unk/snap/c1/1718168400.c1.snap.jpg,0.4363314
2024-06-12 05:30:00,/Volumes/Argus/unk/snap/c1/1718170200.c1.snap.jpg,0.29818407
2024-06-12 06:00:00,/Volumes/Argus/unk/snap/c1/1718172000.c1.snap.jpg,0.27218342
2024-06-12 06:30:00,/Volumes/Argus/unk/snap/c1/1718173800.c1.snap.jpg,0.27094272
2024-06-12 07:00:00,/Volumes/Argus/unk/snap/c1/1718175600.c1.snap.jpg,0.32934755
2024-06-12 07:30:00,/Volumes/Argus/unk/snap/c1/1718177400.c1.snap.jpg,0.32747704
2024-06-12 08:00:00,/Volumes/Argus/unk/snap/c1/1718179200.c1.snap.jpg,0.30874306
2024-06-12 08:30:00,/Volumes/Argus/unk/snap/c1/1718181000.c1.snap.jpg,0.24891512
2024-06-12 09:00:00,/Volumes/Argus/unk/snap/c1/1718182800.c1.snap.jpg,0.31195045
2024-06-12 10:00:00,/Volumes/Argus/unk/snap/c1/1718186400.c1.snap.jpg,0.25283492
2024-06-12 10:30:00,/Volumes/Argus/unk/snap/c1/1718188200.c1.snap.jpg,0.26441753
2024-06-12 11:00:00,/Volumes/Argus/unk/snap/c1/1718190000.c1.snap.jpg,0.3427257
2024-06-12 11:30:00,/Volumes/Argus/unk/snap/c1/1718191800.c1.snap.jpg,0.3003244
2024-06-12 12:00:00,/Volumes/Argus/unk/snap/c1/1718193600.c1.snap.jpg,0.28020054
2024-06-12 14:00:00,/Volumes/Argus/unk/snap/c1/1718200800.c1.snap.jpg,0.27547425
2024-06-12 14:30:00,/Volumes/Argus/unk/snap/c1/1718202600.c1.snap.jpg,0.33469647
2024-06-12 15:00:00,/Volumes/Argus/unk/snap/c1/1718204400.c1.snap.jpg,0.34839928
2024-06-12 15:30:00,/Volumes/Argus/unk/snap/c1/1718206200.c1.snap.jpg,0.37127823
2024-06-12 16:00:00,/Volumes/Argus/unk/snap/c1/1718208000.c1.snap.jpg,0.32827646
2024-06-12 16:30:00,/Volumes/Argus/unk/snap/c1/1718209800.c1.snap.jpg,0.35047504
2024-06-12 17:00:00,/Volumes/Argus/unk/snap/c1/1718211600.c1.snap.jpg,0.4218164
2024-06-12 17:30:00,/Volumes/Argus/unk/snap/c1/1718213400.c1.snap.jpg,0.39506787
2024-06-12 18:00:00,/Volumes/Argus/unk/snap/c1/1718215200.c1.snap.jpg,0.311331
2024-06-12 18:30:00,/Volumes/Argus/unk/snap/c1/1718217000.c1.snap.jpg,0.38312256
2024-06-12 19:00:00,/Volumes/Argus/unk/snap/c1/1718218800.c1.snap.jpg,0.37873358
2024-06-12 19:30:00,/Volumes/Argus/unk/snap/c1/1718220600.c1.snap.jpg,0.3670863
2024-06-12 20:00:00,/Volumes/Argus/unk/snap/c1/1718222400.c1.snap.jpg,0.33398354
2024-06-12 20:30:00,/Volumes/Argus/unk/snap/c1/1718224200.c1.snap.jpg,0.28301203
2024-06-12 21:00:00,/Volumes/Argus/unk/snap/c1/1718226000.c1.snap.jpg,0.42101076
2024-06-12 22:00:00,/Volumes/Argus/unk/snap/c1/1718229600.c1.snap.jpg,0.35583454
2024-06-12 23:00:00,/Volumes/Argus/unk/snap/c1/1718233200.c1.snap.jpg,0.4391897
2024-06-12 23:30:00,/Volumes/Argus/unk/snap/c1/1718235000.c1.snap.jpg,0.36930674
2024-06-13 00:00:00,/Volumes/Argus/unk/snap/c1/1718236800.c1.snap.jpg,0.45412067
2024-06-13 00:30:00,/Volumes/Argus/unk/snap/c1/1718238600.c1.snap.jpg,0.4311468
2024-06-13 01:00:00,/Volumes/Argus/unk/snap/c1/1718240400.c1.snap.jpg,0.4962237
2024-06-13 01:30:00,/Volumes/Argus/unk/snap/c1/1718242200.c1.snap.jpg,0.44528982
2024-06-13 02:00:00,/Volumes/Argus/unk/snap/c1/1718244000.c1.snap.jpg,0.4601259
2024-06-13 02:30:00,/Volumes/Argus/unk/snap/c1/1718245800.c1.snap.jpg,0.46922672
2024-06-13 03:00:00,/Volumes/Argus/unk/snap/c1/1718247600.c1.snap.jpg,0.27075374
2024-06-13 03:30:00,/Volumes/Argus/unk/snap/c1/1718249400.c1.snap.jpg,0.38028026
2024-06-13 04:00:00,/Volumes/Argus/unk/snap/c1/1718251200.c1.snap.jpg,0.4871166
2024-06-13 04:30:00,/Volumes/Argus/unk/snap/c1/1718253000.c1.snap.jpg,0.47341096
2024-06-13 05:00:00,/Volumes/Argus/unk/snap/c1/1718254800.c1.snap.jpg,0.46305525
2024-06-13 05:30:00,/Volumes/Argus/unk/snap/c1/1718256600.c1.snap.jpg,0.47909063
2024-06-13 06:00:00,/Volumes/Argus/unk/snap/c1/1718258400.c1.snap.jpg,0.49485698
2024-06-13 06:30:00,/Volumes/Argus/unk/snap/c1/1718260200.c1.snap.jpg,0.44023684
2024-06-13 07:00:00,/Volumes/Argus/unk/snap/c1/1718262000.c1.snap.jpg,0.39688927
2024-06-13 07:30:00,/Volumes/Argus/unk/snap/c1/1718263800.c1.snap.jpg,0.37093598
2024-06-13 08:00:00,/Volumes/Argus/unk/snap/c1/1718265600.c1.snap.jpg,0.35790983
2024-06-13 08:30:00,/Volumes/Argus/unk/snap/c1/1718267400.c1.snap.jpg,0.35725492
2024-06-13 09:00:00,/Volumes/Argus/unk/snap/c1/1718269200.c1.snap.jpg,0.36645615
2024-06-13 09:30:00,/Volumes/Argus/unk/snap/c1/1718271000.c1.snap.jpg,0.32932785
2024-06-13 10:00:00,/Volumes/Argus/unk/snap/c1/1718272800.c1.snap.jpg,0.40274572
2024-06-13 10:30:00,/Volumes/Argus/unk/snap/c1/1718274600.c1.snap.jpg,0.39048368
2024-06-13 11:00:00,/Volumes/Argus/unk/snap/c1/1718276400.c1.snap.jpg,0.4507831
2024-06-13 11:30:00,/Volumes/Argus/unk/snap/c1/1718278200.c1.snap.jpg,0.3553273
2024-06-13 12:00:00,/Volumes/Argus/unk/snap/c1/1718280000.c1.snap.jpg,0.5304187
2024-06-13 14:00:00,/Volumes/Argus/unk/snap/c1/1718287200.c1.snap.jpg,0.5539107
2024-06-13 14:30:00,/Volumes/Argus/unk/snap/c1/1718289000.c1.snap.jpg,0.6184213
2024-06-13 15:30:00,/Volumes/Argus/unk/snap/c1/1718292600.c1.snap.jpg,0.57285666
2024-06-13 16:00:00,/Volumes/Argus/unk/snap/c1/1718294400.c1.snap.jpg,0.54496646
2024-06-13 16:30:00,/Volumes/Argus/unk/snap/c1/1718296200.c1.snap.jpg,0.6476736
2024-06-13 17:00:00,/Volumes/Argus/unk/snap/c1/1718298000.c1.snap.jpg,0.5272567
2024-06-13 17:30:00,/Volumes/Argus/unk/snap/c1/1718299800.c1.snap.jpg,0.4785311
2024-06-13 18:00:00,/Volumes/Argus/unk/snap/c1/1718301600.c1.snap.jpg,0.6352363
2024-06-13 18:30:00,/Volumes/Argus/unk/snap/c1/1718303400.c1.snap.jpg,0.39267403
2024-06-13 19:00:00,/Volumes/Argus/unk/snap/c1/1718305200.c1.snap.jpg,0.5238402
2024-06-13 19:30:00,/Volumes/Argus/unk/snap/c1/1718307000.c1.snap.jpg,0.46445283
2024-06-13 20:00:00,/Volumes/Argus/unk/snap/c1/1718308800.c1.snap.jpg,0.39524162
2024-06-13 20:30:00,/Volumes/Argus/unk/snap/c1/1718310600.c1.snap.jpg,0.46823928
2024-06-13 21:00:00,/Volumes/Argus/unk/snap/c1/1718312400.c1.snap.jpg,0.44501033
2024-06-13 21:30:00,/Volumes/Argus/unk/snap/c1/1718314200.c1.snap.jpg,0.4650169
2024-06-13 22:00:00,/Volumes/Argus/unk/snap/c1/1718316000.c1.snap.jpg,0.36411735
2024-06-13 22:30:00,/Volumes/Argus/unk/snap/c1/1718317800.c1.snap.jpg,0.37680742
2024-06-13 23:00:00,/Volumes/Argus/unk/snap/c1/1718319600.c1.snap.jpg,0.3968082
2024-06-13 23:30:00,/Volumes/Argus/unk/snap/c1/1718321400.c1.snap.jpg,0.4309278
2024-06-14 00:00:00,/Volumes/Argus/unk/snap/c1/1718323200.c1.snap.jpg,0.42917734
2024-06-14 00:30:00,/Volumes/Argus/unk/snap/c1/1718325000.c1.snap.jpg,0.49690378
2024-06-14 01:00:00,/Volumes/Argus/unk/snap/c1/1718326800.c1.snap.jpg,0.47587216
2024-06-14 01:30:00,/Volumes/Argus/unk/snap/c1/1718328600.c1.snap.jpg,0.33213878
2024-06-14 02:00:00,/Volumes/Argus/unk/snap/c1/1718330400.c1.snap.jpg,0.33481643
2024-06-14 02:30:00,/Volumes/Argus/unk/snap/c1/1718332200.c1.snap.jpg,0.30622682
2024-06-14 03:00:00,/Volumes/Argus/unk/snap/c1/1718334000.c1.snap.jpg,0.36232328
2024-06-14 03:30:00,/Volumes/Argus/unk/snap/c1/1718335800.c1.snap.jpg,0.32113272
2024-06-14 04:00:00,/Volumes/Argus/unk/snap/c1/1718337600.c1.snap.jpg,0.31291822
2024-06-14 04:30:00,/Volumes/Argus/unk/snap/c1/1718339400.c1.snap.jpg,0.36476398
2024-06-14 05:00:00,/Volumes/Argus/unk/snap/c1/1718341200.c1.snap.jpg,0.3090461
2024-06-14 05:30:00,/Volumes/Argus/unk/snap/c1/1718343000.c1.snap.jpg,0.28177702
2024-06-14 06:00:00,/Volumes/Argus/unk/snap/c1/1718344800.c1.snap.jpg,0.28229907
2024-06-14 06:30:00,/Volumes/Argus/unk/snap/c1/1718346600.c1.snap.jpg,0.19682057
2024-06-14 07:00:00,/Volumes/Argus/unk/snap/c1/1718348400.c1.snap.jpg,0.27079123
2024-06-14 07:30:00,/Volumes/Argus/unk/snap/c1/1718350200.c1.snap.jpg,0.2733053
2024-06-14 08:00:00,/Volumes/Argus/unk/snap/c1/1718352000.c1.snap.jpg,0.24698357
2024-06-14 08:30:00,/Volumes/Argus/unk/snap/c1/1718353800.c1.snap.jpg,0.29198456
2024-06-14 09:00:00,/Volumes/Argus/unk/snap/c1/1718355600.c1.snap.jpg,0.2799152
2024-06-14 09:30:00,/Volumes/Argus/unk/snap/c1/1718357400.c1.snap.jpg,0.25473753
2024-06-14 10:00:00,/Volumes/Argus/unk/snap/c1/1718359200.c1.snap.jpg,0.26410186
2024-06-14 10:30:00,/Volumes/Argus/unk/snap/c1/1718361000.c1.snap.jpg,0.20991066
2024-06-14 11:00:00,/Volumes/Argus/unk/snap/c1/1718362800.c1.snap.jpg,0.23159212
2024-06-14 11:30:00,/Volumes/Argus/unk/snap/c1/1718364600.c1.snap.jpg,0.3648753
2024-06-14 12:00:00,/Volumes/Argus/unk/snap/c1/1718366400.c1.snap.jpg,0.24479729
2024-06-14 18:00:00,/Volumes/Argus/unk/snap/c1/1718388000.c1.snap.jpg,0.4823451
2024-06-14 18:30:00,/Volumes/Argus/unk/snap/c1/1718389800.c1.snap.jpg,0.31779277
2024-06-14 19:00:00,/Volumes/Argus/unk/snap/c1/1718391600.c1.snap.jpg,0.33063862
2024-06-14 19:30:00,/Volumes/Argus/unk/snap/c1/1718393400.c1.snap.jpg,0.26429555
2024-06-14 20:30:00,/Volumes/Argus/unk/snap/c1/1718397000.c1.snap.jpg,0.42936614
2024-06-14 21:00:00,/Volumes/Argus/unk/snap/c1/1718398800.c1.snap.jpg,0.35846287
2024-06-14 21:30:00,/Volumes/Argus/unk/snap/c1/1718400600.c1.snap.jpg,0.3714937
2024-06-14 22:00:00,/Volumes/Argus/unk/snap/c1/1718402400.c1.snap.jpg,0.31240448
2024-06-14 22:30:00,/Volumes/Argus/unk/snap/c1/1718404200.c1.snap.jpg,0.30947948
2024-06-14 23:00:00,/Volumes/Argus/unk/snap/c1/1718406000.c1.snap.jpg,0.2849862
2024-06-14 23:30:00,/Volumes/Argus/unk/snap/c1/1718407800.c1.snap.jpg,0.2509078
2024-06-15 00:00:00,/Volumes/Argus/unk/snap/c1/1718409600.c1.snap.jpg,0.26685673
2024-06-15 00:30:00,/Volumes/Argus/unk/snap/c1/1718411400.c1.snap.jpg,0.29586333
2024-06-15 01:00:00,/Volumes/Argus/unk/snap/c1/1718413200.c1.snap.jpg,0.28254998
2024-06-15 01:30:00,/Volumes/Argus/unk/snap/c1/1718415000.c1.snap.jpg,0.29009637
2024-06-15 02:00:00,/Volumes/Argus/unk/snap/c1/1718416800.c1.snap.jpg,0.31161025
2024-06-15 02:30:00,/Volumes/Argus/unk/snap/c1/1718418600.c1.snap.jpg,0.31751496
2024-06-15 03:00:00,/Volumes/Argus/unk/snap/c1/1718420400.c1.snap.jpg,0.3264141
2024-06-15 03:30:00,/Volumes/Argus/unk/snap/c1/1718422200.c1.snap.jpg,0.2636787
2024-06-15 04:00:00,/Volumes/Argus/unk/snap/c1/1718424000.c1.snap.jpg,0.30439255
2024-06-15 04:30:00,/Volumes/Argus/unk/snap/c1/1718425800.c1.snap.jpg,0.29308316
2024-06-15 05:00:00,/Volumes/Argus/unk/snap/c1/1718427600.c1.snap.jpg,0.41079995
2024-06-15 05:30:00,/Volumes/Argus/unk/snap/c1/1718429400.c1.snap.jpg,0.32709268
2024-06-15 06:30:00,/Volumes/Argus/unk/snap/c1/1718433000.c1.snap.jpg,0.26252955
2024-06-15 07:30:00,/Volumes/Argus/unk/snap/c1/1718436600.c1.snap.jpg,0.3081725
2024-06-15 08:00:00,/Volumes/Argus/unk/snap/c1/1718438400.c1.snap.jpg,0.2995979
2024-06-15 08:30:00,/Volumes/Argus/unk/snap/c1/1718440200.c1.snap.jpg,0.29709196
2024-06-15 09:00:00,/Volumes/Argus/unk/snap/c1/1718442000.c1.snap.jpg,0.40914768
2024-06-15 09:30:00,/Volumes/Argus/unk/snap/c1/1718443800.c1.snap.jpg,0.40906116
2024-06-15 10:00:00,/Volumes/Argus/unk/snap/c1/1718445600.c1.snap.jpg,0.32958883
2024-06-15 10:30:00,/Volumes/Argus/unk/snap/c1/1718447400.c1.snap.jpg,0.3121219
2024-06-15 11:00:00,/Volumes/Argus/unk/snap/c1/1718449200.c1.snap.jpg,0.29557264
2024-06-15 11:30:00,/Volumes/Argus/unk/snap/c1/1718451000.c1.snap.jpg,0.3672529
2024-06-15 12:00:00,/Volumes/Argus/unk/snap/c1/1718452800.c1.snap.jpg,0.2999345
2024-06-15 14:00:00,/Volumes/Argus/unk/snap/c1/1718460000.c1.snap.jpg,0.25871196
2024-06-15 14:30:00,/Volumes/Argus/unk/snap/c1/1718461800.c1.snap.jpg,0.24651605
2024-06-15 15:00:00,/Volumes/Argus/unk/snap/c1/1718463600.c1.snap.jpg,0.26501295
2024-06-15 15:30:00,/Volumes/Argus/unk/snap/c1/1718465400.c1.snap.jpg,0.3757717
2024-06-15 16:00:00,/Volumes/Argus/unk/snap/c1/1718467200.c1.snap.jpg,0.38790792
2024-06-15 16:30:00,/Volumes/Argus/unk/snap/c1/1718469000.c1.snap.jpg,0.31030893
2024-06-15 17:00:00,/Volumes/Argus/unk/snap/c1/1718470800.c1.snap.jpg,0.2620871
2024-06-15 17:30:00,/Volumes/Argus/unk/snap/c1/1718472600.c1.snap.jpg,0.3640015
2024-06-15 18:00:00,/Volumes/Argus/unk/snap/c1/1718474400.c1.snap.jpg,0.30902192
2024-06-15 19:00:00,/Volumes/Argus/unk/snap/c1/1718478000.c1.snap.jpg,0.2450733
2024-06-15 19:30:00,/Volumes/Argus/unk/snap/c1/1718479800.c1.snap.jpg,0.26376358
2024-06-15 20:00:00,/Volumes/Argus/unk/snap/c1/1718481600.c1.snap.jpg,0.31049013
2024-06-15 20:30:00,/Volumes/Argus/unk/snap/c1/1718483400.c1.snap.jpg,0.3020724
2024-06-15 21:00:00,/Volumes/Argus/unk/snap/c1/1718485200.c1.snap.jpg,0.32810527
2024-06-15 21:30:00,/Volumes/Argus/unk/snap/c1/1718487000.c1.snap.jpg,0.242652
2024-06-15 22:00:00,/Volumes/Argus/unk/snap/c1/1718488800.c1.snap.jpg,0.2262663
2024-06-15 22:30:00,/Volumes/Argus/unk/snap/c1/1718490600.c1.snap.jpg,0.24323756
2024-06-15 23:00:00,/Volumes/Argus/unk/snap/c1/1718492400.c1.snap.jpg,0.261742
2024-06-15 23:30:00,/Volumes/Argus/unk/snap/c1/1718494200.c1.snap.jpg,0.28136456
2024-06-16 00:00:00,/Volumes/Argus/unk/snap/c1/1718496000.c1.snap.jpg,0.27425408
2024-06-16 00:30:00,/Volumes/Argus/unk/snap/c1/1718497800.c1.snap.jpg,0.2619452
2024-06-16 01:00:00,/Volumes/Argus/unk/snap/c1/1718499600.c1.snap.jpg,0.23791379
2024-06-16 01:30:00,/Volumes/Argus/unk/snap/c1/1718501400.c1.snap.jpg,0.23917681
2024-06-16 02:00:00,/Volumes/Argus/unk/snap/c1/1718503200.c1.snap.jpg,0.2467789
2024-06-16 02:30:00,/Volumes/Argus/unk/snap/c1/1718505000.c1.snap.jpg,0.3389063
2024-06-16 03:00:00,/Volumes/Argus/unk/snap/c1/1718506800.c1.snap.jpg,0.36674333
2024-06-16 03:30:00,/Volumes/Argus/unk/snap/c1/1718508600.c1.snap.jpg,0.26606986
2024-06-16 04:00:00,/Volumes/Argus/unk/snap/c1/1718510400.c1.snap.jpg,0.33836317
2024-06-16 04:30:00,/Volumes/Argus/unk/snap/c1/1718512200.c1.snap.jpg,0.31601012
2024-06-16 05:00:00,/Volumes/Argus/unk/snap/c1/1718514000.c1.snap.jpg,0.27554712
2024-06-16 06:00:00,/Volumes/Argus/unk/snap/c1/1718517600.c1.snap.jpg,0.2854831
2024-06-16 06:30:00,/Volumes/Argus/unk/snap/c1/1718519400.c1.snap.jpg,0.3236804
2024-06-16 07:00:00,/Volumes/Argus/unk/snap/c1/1718521200.c1.snap.jpg,0.25935888
2024-06-16 07:30:00,/Volumes/Argus/unk/snap/c1/1718523000.c1.snap.jpg,0.25640953
2024-06-16 08:30:00,/Volumes/Argus/unk/snap/c1/1718526600.c1.snap.jpg,0.29610732
2024-06-16 09:00:00,/Volumes/Argus/unk/snap/c1/1718528400.c1.snap.jpg,0.33267432
2024-06-16 09:30:00,/Volumes/Argus/unk/snap/c1/1718530200.c1.snap.jpg,0.2683123
2024-06-16 10:00:00,/Volumes/Argus/unk/snap/c1/1718532000.c1.snap.jpg,0.30716956
2024-06-16 10:30:00,/Volumes/Argus/unk/snap/c1/1718533800.c1.snap.jpg,0.3159839
2024-06-16 11:00:00,/Volumes/Argus/unk/snap/c1/1718535600.c1.snap.jpg,0.34060356
2024-06-16 11:30:00,/Volumes/Argus/unk/snap/c1/1718537400.c1.snap.jpg,0.410374
2024-06-16 12:00:00,/Volumes/Argus/unk/snap/c1/1718539200.c1.snap.jpg,0.42678043
2024-06-16 23:00:00,/Volumes/Argus/unk/snap/c1/1718578800.c1.snap.jpg,0.2863013
2024-06-16 23:30:00,/Volumes/Argus/unk/snap/c1/1718580600.c1.snap.jpg,0.24643299
2024-06-17 00:00:00,/Volumes/Argus/unk/snap/c1/1718582400.c1.snap.jpg,0.25082862
2024-06-17 00:30:00,/Volumes/Argus/unk/snap/c1/1718584200.c1.snap.jpg,0.25372243
2024-06-17 01:00:00,/Volumes/Argus/unk/snap/c1/1718586000.c1.snap.jpg,0.25047803
2024-06-17 01:30:00,/Volumes/Argus/unk/snap/c1/1718587800.c1.snap.jpg,0.23766343
2024-06-17 02:00:00,/Volumes/Argus/unk/snap/c1/1718589600.c1.snap.jpg,0.23444813
2024-06-17 02:30:00,/Volumes/Argus/unk/snap/c1/1718591400.c1.snap.jpg,0.28215253
2024-06-17 03:00:00,/Volumes/Argus/unk/snap/c1/1718593200.c1.snap.jpg,0.31429705
2024-06-17 03:30:00,/Volumes/Argus/unk/snap/c1/1718595000.c1.snap.jpg,0.230419
2024-06-17 04:30:00,/Volumes/Argus/unk/snap/c1/1718598600.c1.snap.jpg,0.25117928
2024-06-17 05:00:00,/Volumes/Argus/unk/snap/c1/1718600400.c1.snap.jpg,0.23711547
2024-06-17 05:30:00,/Volumes/Argus/unk/snap/c1/1718602200.c1.snap.jpg,0.26697952
2024-06-17 06:30:00,/Volumes/Argus/unk/snap/c1/1718605800.c1.snap.jpg,0.2281953
2024-06-17 07:00:00,/Volumes/Argus/unk/snap/c1/1718607600.c1.snap.jpg,0.26300457
2024-06-17 07:30:00,/Volumes/Argus/unk/snap/c1/1718609400.c1.snap.jpg,0.23844963
2024-06-17 08:00:00,/Volumes/Argus/unk/snap/c1/1718611200.c1.snap.jpg,0.19861372
2024-06-17 08:30:00,/Volumes/Argus/unk/snap/c1/1718613000.c1.snap.jpg,0.21684329
2024-06-17 09:00:00,/Volumes/Argus/unk/snap/c1/1718614800.c1.snap.jpg,0.26548535
2024-06-17 09:30:00,/Volumes/Argus/unk/snap/c1/1718616600.c1.snap.jpg,0.25818688
2024-06-17 10:00:00,/Volumes/Argus/unk/snap/c1/1718618400.c1.snap.jpg,0.3173171
2024-06-17 10:30:00,/Volumes/Argus/unk/snap/c1/1718620200.c1.snap.jpg,0.29888058
2024-06-17 11:00:00,/Volumes/Argus/unk/snap/c1/1718622000.c1.snap.jpg,0.28451267
2024-06-17 11:30:00,/Volumes/Argus/unk/snap/c1/1718623800.c1.snap.jpg,0.35963178
2024-06-17 12:00:00,/Volumes/Argus/unk/snap/c1/1718625600.c1.snap.jpg,0.37837273
2024-06-17 14:00:00,/Volumes/Argus/unk/snap/c1/1718632800.c1.snap.jpg,0.28786677
2024-06-17 14:30:00,/Volumes/Argus/unk/snap/c1/1718634600.c1.snap.jpg,0.32784694
2024-06-17 15:00:00,/Volumes/Argus/unk/snap/c1/1718636400.c1.snap.jpg,0.37117085
2024-06-17 15:30:00,/Volumes/Argus/unk/snap/c1/1718638200.c1.snap.jpg,0.44376862
2024-06-17 16:00:00,/Volumes/Argus/unk/snap/c1/1718640000.c1.snap.jpg,0.51090324
2024-06-17 16:30:00,/Volumes/Argus/unk/snap/c1/1718641800.c1.snap.jpg,0.5599795
2024-06-17 17:00:00,/Volumes/Argus/unk/snap/c1/1718643600.c1.snap.jpg,0.4627905
2024-06-17 17:30:00,/Volumes/Argus/unk/snap/c1/1718645400.c1.snap.jpg,0.49431252
2024-06-17 18:00:00,/Volumes/Argus/unk/snap/c1/1718647200.c1.snap.jpg,0.42179775
2024-06-17 18:30:00,/Volumes/Argus/unk/snap/c1/1718649000.c1.snap.jpg,0.43603736
2024-06-17 19:00:00,/Volumes/Argus/unk/snap/c1/1718650800.c1.snap.jpg,0.37216818
2024-06-17 19:30:00,/Volumes/Argus/unk/snap/c1/1718652600.c1.snap.jpg,0.4121618
2024-06-17 20:00:00,/Volumes/Argus/unk/snap/c1/1718654400.c1.snap.jpg,0.44137666
2024-06-17 20:30:00,/Volumes/Argus/unk/snap/c1/1718656200.c1.snap.jpg,0.33658713
2024-06-17 21:00:00,/Volumes/Argus/unk/snap/c1/1718658000.c1.snap.jpg,0.31395835
2024-06-17 21:30:00,/Volumes/Argus/unk/snap/c1/1718659800.c1.snap.jpg,0.3436848
2024-06-17 22:00:00,/Volumes/Argus/unk/snap/c1/1718661600.c1.snap.jpg,0.39797235
2024-06-17 22:30:00,/Volumes/Argus/unk/snap/c1/1718663400.c1.snap.jpg,0.31193903
2024-06-17 23:00:00,/Volumes/Argus/unk/snap/c1/1718665200.c1.snap.jpg,0.30513895
2024-06-17 23:30:00,/Volumes/Argus/unk/snap/c1/1718667000.c1.snap.jpg,0.27841038
2024-06-18 00:00:00,/Volumes/Argus/unk/snap/c1/1718668800.c1.snap.jpg,0.23653002
2024-06-18 00:30:00,/Volumes/Argus/unk/snap/c1/1718670600.c1.snap.jpg,0.30849972
2024-06-18 01:00:00,/Volumes/Argus/unk/snap/c1/1718672400.c1.snap.jpg,0.27886343
2024-06-18 01:30:00,/Volumes/Argus/unk/snap/c1/1718674200.c1.snap.jpg,0.2420905
2024-06-18 02:00:00,/Volumes/Argus/unk/snap/c1/1718676000.c1.snap.jpg,0.26237553
2024-06-18 02:30:00,/Volumes/Argus/unk/snap/c1/1718677800.c1.snap.jpg,0.23952746
2024-06-18 03:00:00,/Volumes/Argus/unk/snap/c1/1718679600.c1.snap.jpg,0.2532743
2024-06-18 03:30:00,/Volumes/Argus/unk/snap/c1/1718681400.c1.snap.jpg,0.20570318
2024-06-18 04:00:00,/Volumes/Argus/unk/snap/c1/1718683200.c1.snap.jpg,0.3361237
2024-06-18 04:30:00,/Volumes/Argus/unk/snap/c1/1718685000.c1.snap.jpg,0.2613322
2024-06-18 05:00:00,/Volumes/Argus/unk/snap/c1/1718686800.c1.snap.jpg,0.22649233
2024-06-18 05:30:00,/Volumes/Argus/unk/snap/c1/1718688600.c1.snap.jpg,0.23412961
2024-06-18 06:00:00,/Volumes/Argus/unk/snap/c1/1718690400.c1.snap.jpg,0.2363936
2024-06-18 06:30:00,/Volumes/Argus/unk/snap/c1/1718692200.c1.snap.jpg,0.2313096
2024-06-18 07:00:00,/Volumes/Argus/unk/snap/c1/1718694000.c1.snap.jpg,0.22892606
2024-06-18 07:30:00,/Volumes/Argus/unk/snap/c1/1718695800.c1.snap.jpg,0.24857187
2024-06-18 08:00:00,/Volumes/Argus/unk/snap/c1/1718697600.c1.snap.jpg,0.24142416
2024-06-18 08:30:00,/Volumes/Argus/unk/snap/c1/1718699400.c1.snap.jpg,0.1860229
2024-06-18 09:00:00,/Volumes/Argus/unk/snap/c1/1718701200.c1.snap.jpg,0.19144501
2024-06-18 09:30:00,/Volumes/Argus/unk/snap/c1/1718703000.c1.snap.jpg,0.2210648
2024-06-18 10:00:00,/Volumes/Argus/unk/snap/c1/1718704800.c1.snap.jpg,0.27174675
2024-06-18 10:30:00,/Volumes/Argus/unk/snap/c1/1718706600.c1.snap.jpg,0.2789405
2024-06-18 11:00:00,/Volumes/Argus/unk/snap/c1/1718708400.c1.snap.jpg,0.23015374
2024-06-18 11:30:00,/Volumes/Argus/unk/snap/c1/1718710200.c1.snap.jpg,0.26637435
2024-06-18 12:00:00,/Volumes/Argus/unk/snap/c1/1718712000.c1.snap.jpg,0.2609987
2024-06-18 14:00:00,/Volumes/Argus/unk/snap/c1/1718719200.c1.snap.jpg,0.37575936
2024-06-18 14:30:00,/Volumes/Argus/unk/snap/c1/1718721000.c1.snap.jpg,0.35924554
2024-06-18 15:00:00,/Volumes/Argus/unk/snap/c1/1718722800.c1.snap.jpg,0.40012163
2024-06-18 15:30:00,/Volumes/Argus/unk/snap/c1/1718724600.c1.snap.jpg,0.34820962
2024-06-18 16:00:00,/Volumes/Argus/unk/snap/c1/1718726400.c1.snap.jpg,0.32987946
2024-06-18 16:30:00,/Volumes/Argus/unk/snap/c1/1718728200.c1.snap.jpg,0.41424593
2024-06-18 17:00:00,/Volumes/Argus/unk/snap/c1/1718730000.c1.snap.jpg,0.37177455
2024-06-18 17:30:00,/Volumes/Argus/unk/snap/c1/1718731800.c1.snap.jpg,0.32198578
2024-06-18 18:00:00,/Volumes/Argus/unk/snap/c1/1718733600.c1.snap.jpg,0.30354324
2024-06-18 18:30:00,/Volumes/Argus/unk/snap/c1/1718735400.c1.snap.jpg,0.42648017
2024-06-18 19:00:00,/Volumes/Argus/unk/snap/c1/1718737200.c1.snap.jpg,0.2961808
2024-06-18 19:30:00,/Volumes/Argus/unk/snap/c1/1718739000.c1.snap.jpg,0.46712914
2024-06-18 20:00:00,/Volumes/Argus/unk/snap/c1/1718740800.c1.snap.jpg,0.43183222
2024-06-18 20:30:00,/Volumes/Argus/unk/snap/c1/1718742600.c1.snap.jpg,0.38768357
2024-06-18 21:00:00,/Volumes/Argus/unk/snap/c1/1718744400.c1.snap.jpg,0.40644753
2024-06-18 21:30:00,/Volumes/Argus/unk/snap/c1/1718746200.c1.snap.jpg,0.3748089
2024-06-18 22:00:00,/Volumes/Argus/unk/snap/c1/1718748000.c1.snap.jpg,0.33872035
2024-06-18 22:30:00,/Volumes/Argus/unk/snap/c1/1718749800.c1.snap.jpg,0.32330447
2024-06-18 23:00:00,/Volumes/Argus/unk/snap/c1/1718751600.c1.snap.jpg,0.31651425
2024-06-18 23:30:00,/Volumes/Argus/unk/snap/c1/1718753400.c1.snap.jpg,0.26859763
2024-06-19 00:00:00,/Volumes/Argus/unk/snap/c1/1718755200.c1.snap.jpg,0.2823609
2024-06-19 00:30:00,/Volumes/Argus/unk/snap/c1/1718757000.c1.snap.jpg,0.3758906
2024-06-19 01:00:00,/Volumes/Argus/unk/snap/c1/1718758800.c1.snap.jpg,0.33116043
2024-06-19 01:30:00,/Volumes/Argus/unk/snap/c1/1718760600.c1.snap.jpg,0.38198364
2024-06-19 02:00:00,/Volumes/Argus/unk/snap/c1/1718762400.c1.snap.jpg,0.4525598
2024-06-19 02:30:00,/Volumes/Argus/unk/snap/c1/1718764200.c1.snap.jpg,0.38983232
2024-06-19 03:00:00,/Volumes/Argus/unk/snap/c1/1718766000.c1.snap.jpg,0.45354515
2024-06-19 03:30:00,/Volumes/Argus/unk/snap/c1/1718767800.c1.snap.jpg,0.45845383
2024-06-19 04:00:00,/Volumes/Argus/unk/snap/c1/1718769600.c1.snap.jpg,0.40397102
2024-06-19 04:30:00,/Volumes/Argus/unk/snap/c1/1718771400.c1.snap.jpg,0.38500202
2024-06-19 05:00:00,/Volumes/Argus/unk/snap/c1/1718773200.c1.snap.jpg,0.33177155
2024-06-19 05:30:00,/Volumes/Argus/unk/snap/c1/1718775000.c1.snap.jpg,0.32487357
2024-06-19 06:00:00,/Volumes/Argus/unk/snap/c1/1718776800.c1.snap.jpg,0.31786618
2024-06-19 06:30:00,/Volumes/Argus/unk/snap/c1/1718778600.c1.snap.jpg,0.29470733
2024-06-19 07:00:00,/Volumes/Argus/unk/snap/c1/1718780400.c1.snap.jpg,0.37556854
2024-06-19 07:30:00,/Volumes/Argus/unk/snap/c1/1718782200.c1.snap.jpg,0.3062721
2024-06-19 08:00:00,/Volumes/Argus/unk/snap/c1/1718784000.c1.snap.jpg,0.49129686
2024-06-19 08:30:00,/Volumes/Argus/unk/snap/c1/1718785800.c1.snap.jpg,0.49141806
2024-06-19 09:00:00,/Volumes/Argus/unk/snap/c1/1718787600.c1.snap.jpg,0.4922338
2024-06-19 09:30:00,/Volumes/Argus/unk/snap/c1/1718789400.c1.snap.jpg,0.4622935
2024-06-19 10:00:00,/Volumes/Argus/unk/snap/c1/1718791200.c1.snap.jpg,0.44170666
2024-06-19 10:30:00,/Volumes/Argus/unk/snap/c1/1718793000.c1.snap.jpg,0.557313
2024-06-19 11:00:00,/Volumes/Argus/unk/snap/c1/1718794800.c1.snap.jpg,0.49157715
2024-06-19 11:30:00,/Volumes/Argus/unk/snap/c1/1718796600.c1.snap.jpg,0.4532581
2024-06-19 12:00:00,/Volumes/Argus/unk/snap/c1/1718798400.c1.snap.jpg,0.39836884
2024-06-19 14:00:00,/Volumes/Argus/unk/snap/c1/1718805600.c1.snap.jpg,0.5049826
2024-06-19 14:30:00,/Volumes/Argus/unk/snap/c1/1718807400.c1.snap.jpg,0.5484139
2024-06-19 15:00:00,/Volumes/Argus/unk/snap/c1/1718809200.c1.snap.jpg,0.4555324
2024-06-19 15:30:00,/Volumes/Argus/unk/snap/c1/1718811000.c1.snap.jpg,0.6443074
2024-06-19 16:00:00,/Volumes/Argus/unk/snap/c1/1718812800.c1.snap.jpg,0.6827943
2024-06-19 16:30:00,/Volumes/Argus/unk/snap/c1/1718814600.c1.snap.jpg,0.6436155
2024-06-19 17:00:00,/Volumes/Argus/unk/snap/c1/1718816400.c1.snap.jpg,0.6888803
2024-06-19 17:30:00,/Volumes/Argus/unk/snap/c1/1718818200.c1.snap.jpg,0.60130155
2024-06-19 18:00:00,/Volumes/Argus/unk/snap/c1/1718820000.c1.snap.jpg,0.6194447
2024-06-19 18:30:00,/Volumes/Argus/unk/snap/c1/1718821800.c1.snap.jpg,0.56339794
2024-06-19 19:00:00,/Volumes/Argus/unk/snap/c1/1718823600.c1.snap.jpg,0.5511581
2024-06-19 19:30:00,/Volumes/Argus/unk/snap/c1/1718825400.c1.snap.jpg,0.75906706
2024-06-19 20:00:00,/Volumes/Argus/unk/snap/c1/1718827200.c1.snap.jpg,0.84232813
2024-06-19 20:30:00,/Volumes/Argus/unk/snap/c1/1718829000.c1.snap.jpg,0.5799961
2024-06-19 21:00:00,/Volumes/Argus/unk/snap/c1/1718830800.c1.snap.jpg,0.42848834
2024-06-19 21:30:00,/Volumes/Argus/unk/snap/c1/1718832600.c1.snap.jpg,0.47324395
2024-06-19 22:00:00,/Volumes/Argus/unk/snap/c1/1718834400.c1.snap.jpg,0.4123928
2024-06-19 22:30:00,/Volumes/Argus/unk/snap/c1/1718836200.c1.snap.jpg,0.38369766
2024-06-19 23:00:00,/Volumes/Argus/unk/snap/c1/1718838000.c1.snap.jpg,0.38082087
2024-06-19 23:30:00,/Volumes/Argus/unk/snap/c1/1718839800.c1.snap.jpg,0.36479104
2024-06-20 00:00:00,/Volumes/Argus/unk/snap/c1/1718841600.c1.snap.jpg,0.27784747
2024-06-20 00:30:00,/Volumes/Argus/unk/snap/c1/1718843400.c1.snap.jpg,0.34809092
2024-06-20 01:00:00,/Volumes/Argus/unk/snap/c1/1718845200.c1.snap.jpg,0.33726466
2024-06-20 01:30:00,/Volumes/Argus/unk/snap/c1/1718847000.c1.snap.jpg,0.32059297
2024-06-20 02:00:00,/Volumes/Argus/unk/snap/c1/1718848800.c1.snap.jpg,0.31458986
2024-06-20 02:30:00,/Volumes/Argus/unk/snap/c1/1718850600.c1.snap.jpg,0.5340035
2024-06-20 03:00:00,/Volumes/Argus/unk/snap/c1/1718852400.c1.snap.jpg,0.34288952
2024-06-20 03:30:00,/Volumes/Argus/unk/snap/c1/1718854200.c1.snap.jpg,0.28120285
2024-06-20 04:00:00,/Volumes/Argus/unk/snap/c1/1718856000.c1.snap.jpg,0.42411694
2024-06-20 04:30:00,/Volumes/Argus/unk/snap/c1/1718857800.c1.snap.jpg,0.25646937
2024-06-20 05:00:00,/Volumes/Argus/unk/snap/c1/1718859600.c1.snap.jpg,0.29425713
2024-06-20 05:30:00,/Volumes/Argus/unk/snap/c1/1718861400.c1.snap.jpg,0.31466353
2024-06-20 06:00:00,/Volumes/Argus/unk/snap/c1/1718863200.c1.snap.jpg,0.3968846
2024-06-20 06:30:00,/Volumes/Argus/unk/snap/c1/1718865000.c1.snap.jpg,0.29007623
2024-06-20 07:00:00,/Volumes/Argus/unk/snap/c1/1718866800.c1.snap.jpg,0.26854044
2024-06-20 07:30:00,/Volumes/Argus/unk/snap/c1/1718868600.c1.snap.jpg,0.29564488
2024-06-20 08:00:00,/Volumes/Argus/unk/snap/c1/1718870400.c1.snap.jpg,0.32796514
2024-06-20 09:00:00,/Volumes/Argus/unk/snap/c1/1718874000.c1.snap.jpg,0.26655123
2024-06-20 09:30:00,/Volumes/Argus/unk/snap/c1/1718875800.c1.snap.jpg,0.21504745
2024-06-20 10:00:00,/Volumes/Argus/unk/snap/c1/1718877600.c1.snap.jpg,0.384146
2024-06-20 10:30:00,/Volumes/Argus/unk/snap/c1/1718879400.c1.snap.jpg,0.2550571
2024-06-20 11:00:00,/Volumes/Argus/unk/snap/c1/1718881200.c1.snap.jpg,0.25080246
2024-06-20 11:30:00,/Volumes/Argus/unk/snap/c1/1718883000.c1.snap.jpg,0.2059033
2024-06-20 12:00:00,/Volumes/Argus/unk/snap/c1/1718884800.c1.snap.jpg,0.21814117
2024-06-20 14:00:00,/Volumes/Argus/unk/snap/c1/1718892000.c1.snap.jpg,0.24092056
2024-06-20 14:30:00,/Volumes/Argus/unk/snap/c1/1718893800.c1.snap.jpg,0.28796208
2024-06-20 15:00:00,/Volumes/Argus/unk/snap/c1/1718895600.c1.snap.jpg,0.25412863
2024-06-20 15:30:00,/Volumes/Argus/unk/snap/c1/1718897400.c1.snap.jpg,0.30662367
2024-06-20 16:00:00,/Volumes/Argus/unk/snap/c1/1718899200.c1.snap.jpg,0.28106585
2024-06-20 16:30:00,/Volumes/Argus/unk/snap/c1/1718901000.c1.snap.jpg,0.20190345
2024-06-20 17:00:00,/Volumes/Argus/unk/snap/c1/1718902800.c1.snap.jpg,0.24149327
2024-06-20 17:30:00,/Volumes/Argus/unk/snap/c1/1718904600.c1.snap.jpg,0.24348427
2024-06-20 18:00:00,/Volumes/Argus/unk/snap/c1/1718906400.c1.snap.jpg,0.27320394
2024-06-20 18:30:00,/Volumes/Argus/unk/snap/c1/1718908200.c1.snap.jpg,0.4098014
2024-06-20 19:00:00,/Volumes/Argus/unk/snap/c1/1718910000.c1.snap.jpg,0.31210715
2024-06-20 19:30:00,/Volumes/Argus/unk/snap/c1/1718911800.c1.snap.jpg,0.25102735
2024-06-20 20:00:00,/Volumes/Argus/unk/snap/c1/1718913600.c1.snap.jpg,0.30432177
2024-06-20 20:30:00,/Volumes/Argus/unk/snap/c1/1718915400.c1.snap.jpg,0.39375544
2024-06-20 21:00:00,/Volumes/Argus/unk/snap/c1/1718917200.c1.snap.jpg,0.35136676
2024-06-20 21:30:00,/Volumes/Argus/unk/snap/c1/1718919000.c1.snap.jpg,0.29143783
2024-06-20 22:00:00,/Volumes/Argus/unk/snap/c1/1718920800.c1.snap.jpg,0.29076612
2024-06-20 22:30:00,/Volumes/Argus/unk/snap/c1/1718922600.c1.snap.jpg,0.22654802
2024-06-20 23:00:00,/Volumes/Argus/unk/snap/c1/1718924400.c1.snap.jpg,0.27489972
2024-06-20 23:30:00,/Volumes/Argus/unk/snap/c1/1718926200.c1.snap.jpg,0.2569741
2024-06-21 00:00:00,/Volumes/Argus/unk/snap/c1/1718928000.c1.snap.jpg,0.24399662
2024-06-21 00:30:00,/Volumes/Argus/unk/snap/c1/1718929800.c1.snap.jpg,0.24771999
2024-06-21 01:00:00,/Volumes/Argus/unk/snap/c1/1718931600.c1.snap.jpg,0.23944739
2024-06-21 01:30:00,/Volumes/Argus/unk/snap/c1/1718933400.c1.snap.jpg,0.26820648
2024-06-21 02:00:00,/Volumes/Argus/unk/snap/c1/1718935200.c1.snap.jpg,0.2435936
2024-06-21 02:30:00,/Volumes/Argus/unk/snap/c1/1718937000.c1.snap.jpg,0.25499028
2024-06-21 03:00:00,/Volumes/Argus/unk/snap/c1/1718938800.c1.snap.jpg,0.22933519
2024-06-21 03:30:00,/Volumes/Argus/unk/snap/c1/1718940600.c1.snap.jpg,0.28274632
2024-06-21 04:00:00,/Volumes/Argus/unk/snap/c1/1718942400.c1.snap.jpg,0.32470298
2024-06-21 04:30:00,/Volumes/Argus/unk/snap/c1/1718944200.c1.snap.jpg,0.27089566
2024-06-21 05:00:00,/Volumes/Argus/unk/snap/c1/1718946000.c1.snap.jpg,0.301519
2024-06-21 05:30:00,/Volumes/Argus/unk/snap/c1/1718947800.c1.snap.jpg,0.30687806
2024-06-21 06:00:00,/Volumes/Argus/unk/snap/c1/1718949600.c1.snap.jpg,0.36206314
2024-06-21 06:30:00,/Volumes/Argus/unk/snap/c1/1718951400.c1.snap.jpg,0.44562405
2024-06-21 07:00:00,/Volumes/Argus/unk/snap/c1/1718953200.c1.snap.jpg,0.279056
2024-06-21 07:30:00,/Volumes/Argus/unk/snap/c1/1718955000.c1.snap.jpg,0.30347982
2024-06-21 08:00:00,/Volumes/Argus/unk/snap/c1/1718956800.c1.snap.jpg,0.29656124
2024-06-21 08:30:00,/Volumes/Argus/unk/snap/c1/1718958600.c1.snap.jpg,0.35079908
2024-06-21 09:30:00,/Volumes/Argus/unk/snap/c1/1718962200.c1.snap.jpg,0.3058325
2024-06-21 10:00:00,/Volumes/Argus/unk/snap/c1/1718964000.c1.snap.jpg,0.24774727
2024-06-21 10:30:00,/Volumes/Argus/unk/snap/c1/1718965800.c1.snap.jpg,0.28153616
2024-06-21 11:00:00,/Volumes/Argus/unk/snap/c1/1718967600.c1.snap.jpg,0.31399745
2024-06-21 11:30:00,/Volumes/Argus/unk/snap/c1/1718969400.c1.snap.jpg,0.27693263
2024-06-21 14:00:00,/Volumes/Argus/unk/snap/c1/1718978400.c1.snap.jpg,0.24482499
2024-06-21 14:30:00,/Volumes/Argus/unk/snap/c1/1718980200.c1.snap.jpg,0.2586596
2024-06-21 15:00:00,/Volumes/Argus/unk/snap/c1/1718982000.c1.snap.jpg,0.26252156
2024-06-21 15:30:00,/Volumes/Argus/unk/snap/c1/1718983800.c1.snap.jpg,0.26106957
2024-06-21 16:00:00,/Volumes/Argus/unk/snap/c1/1718985600.c1.snap.jpg,0.26251915
2024-06-21 16:30:00,/Volumes/Argus/unk/snap/c1/1718987400.c1.snap.jpg,0.4447208
2024-06-21 17:00:00,/Volumes/Argus/unk/snap/c1/1718989200.c1.snap.jpg,0.5207691
2024-06-21 17:30:00,/Volumes/Argus/unk/snap/c1/1718991000.c1.snap.jpg,0.35500276
2024-06-21 18:00:00,/Volumes/Argus/unk/snap/c1/1718992800.c1.snap.jpg,0.38068986
2024-06-21 18:30:00,/Volumes/Argus/unk/snap/c1/1718994600.c1.snap.jpg,0.3126273
2024-06-21 19:00:00,/Volumes/Argus/unk/snap/c1/1718996400.c1.snap.jpg,0.38365656
2024-06-21 19:30:00,/Volumes/Argus/unk/snap/c1/1718998200.c1.snap.jpg,0.2684834
2024-06-21 20:00:00,/Volumes/Argus/unk/snap/c1/1719000000.c1.snap.jpg,0.29509634
2024-06-21 20:30:00,/Volumes/Argus/unk/snap/c1/1719001800.c1.snap.jpg,0.4423943
2024-06-21 21:00:00,/Volumes/Argus/unk/snap/c1/1719003600.c1.snap.jpg,0.23965001
2024-06-21 21:30:00,/Volumes/Argus/unk/snap/c1/1719005400.c1.snap.jpg,0.31451598
2024-06-21 22:00:00,/Volumes/Argus/unk/snap/c1/1719007200.c1.snap.jpg,0.27028757
2024-06-21 22:30:00,/Volumes/Argus/unk/snap/c1/1719009000.c1.snap.jpg,0.2572357
2024-06-21 23:00:00,/Volumes/Argus/unk/snap/c1/1719010800.c1.snap.jpg,0.2852003
2024-06-21 23:30:00,/Volumes/Argus/unk/snap/c1/1719012600.c1.snap.jpg,0.26876277
2024-06-22 00:00:00,/Volumes/Argus/unk/snap/c1/1719014400.c1.snap.jpg,0.30420443
2024-06-22 00:30:00,/Volumes/Argus/unk/snap/c1/1719016200.c1.snap.jpg,0.35900754
2024-06-22 01:00:00,/Volumes/Argus/unk/snap/c1/1719018000.c1.snap.jpg,0.27166322
2024-06-22 01:30:00,/Volumes/Argus/unk/snap/c1/1719019800.c1.snap.jpg,0.23220968
2024-06-22 02:00:00,/Volumes/Argus/unk/snap/c1/1719021600.c1.snap.jpg,0.22441006
2024-06-22 02:30:00,/Volumes/Argus/unk/snap/c1/1719023400.c1.snap.jpg,0.26759237
2024-06-22 03:00:00,/Volumes/Argus/unk/snap/c1/1719025200.c1.snap.jpg,0.30546278
2024-06-22 03:30:00,/Volumes/Argus/unk/snap/c1/1719027000.c1.snap.jpg,0.23813882
2024-06-22 04:00:00,/Volumes/Argus/unk/snap/c1/1719028800.c1.snap.jpg,0.29101014
2024-06-22 05:00:00,/Volumes/Argus/unk/snap/c1/1719032400.c1.snap.jpg,0.23388688
2024-06-22 05:30:00,/Volumes/Argus/unk/snap/c1/1719034200.c1.snap.jpg,0.23359796
2024-06-22 06:00:00,/Volumes/Argus/unk/snap/c1/1719036000.c1.snap.jpg,0.30420017
2024-06-22 06:30:00,/Volumes/Argus/unk/snap/c1/1719037800.c1.snap.jpg,0.36846784
2024-06-22 07:00:00,/Volumes/Argus/unk/snap/c1/1719039600.c1.snap.jpg,0.5714307
2024-06-22 07:30:00,/Volumes/Argus/unk/snap/c1/1719041400.c1.snap.jpg,0.6427391
2024-06-22 08:00:00,/Volumes/Argus/unk/snap/c1/1719043200.c1.snap.jpg,0.6132865
2024-06-22 08:30:00,/Volumes/Argus/unk/snap/c1/1719045000.c1.snap.jpg,0.74042696
2024-06-22 09:00:00,/Volumes/Argus/unk/snap/c1/1719046800.c1.snap.jpg,0.77829456
2024-06-22 09:30:00,/Volumes/Argus/unk/snap/c1/1719048600.c1.snap.jpg,0.7974928
2024-06-22 10:00:00,/Volumes/Argus/unk/snap/c1/1719050400.c1.snap.jpg,0.77945906
2024-06-22 11:00:00,/Volumes/Argus/unk/snap/c1/1719054000.c1.snap.jpg,0.6994304
2024-06-22 11:30:00,/Volumes/Argus/unk/snap/c1/1719055800.c1.snap.jpg,0.74972236
2024-06-22 12:00:00,/Volumes/Argus/unk/snap/c1/1719057600.c1.snap.jpg,0.71291065
2024-06-22 14:00:00,/Volumes/Argus/unk/snap/c1/1719064800.c1.snap.jpg,0.682791
2024-06-22 14:30:00,/Volumes/Argus/unk/snap/c1/1719066600.c1.snap.jpg,0.59561086
2024-06-22 15:00:00,/Volumes/Argus/unk/snap/c1/1719068400.c1.snap.jpg,0.7580555
2024-06-22 16:00:00,/Volumes/Argus/unk/snap/c1/1719072000.c1.snap.jpg,0.7645904
2024-06-22 16:30:00,/Volumes/Argus/unk/snap/c1/1719073800.c1.snap.jpg,0.7174348
2024-06-22 17:00:00,/Volumes/Argus/unk/snap/c1/1719075600.c1.snap.jpg,0.8454273
2024-06-22 17:30:00,/Volumes/Argus/unk/snap/c1/1719077400.c1.snap.jpg,0.7515675
2024-06-22 18:00:00,/Volumes/Argus/unk/snap/c1/1719079200.c1.snap.jpg,0.74618423
2024-06-22 18:30:00,/Volumes/Argus/unk/snap/c1/1719081000.c1.snap.jpg,0.8219469
2024-06-22 19:00:00,/Volumes/Argus/unk/snap/c1/1719082800.c1.snap.jpg,0.69970596
2024-06-22 19:30:00,/Volumes/Argus/unk/snap/c1/1719084600.c1.snap.jpg,0.7827815
2024-06-22 20:00:00,/Volumes/Argus/unk/snap/c1/1719086400.c1.snap.jpg,0.6141141
2024-06-22 20:30:00,/Volumes/Argus/unk/snap/c1/1719088200.c1.snap.jpg,0.5089922
2024-06-22 21:00:00,/Volumes/Argus/unk/snap/c1/1719090000.c1.snap.jpg,0.6392284
2024-06-22 21:30:00,/Volumes/Argus/unk/snap/c1/1719091800.c1.snap.jpg,0.575252
2024-06-22 22:00:00,/Volumes/Argus/unk/snap/c1/1719093600.c1.snap.jpg,0.68602145
2024-06-22 22:30:00,/Volumes/Argus/unk/snap/c1/1719095400.c1.snap.jpg,0.58110046
2024-06-22 23:00:00,/Volumes/Argus/unk/snap/c1/1719097200.c1.snap.jpg,0.50637573
2024-06-22 23:30:00,/Volumes/Argus/unk/snap/c1/1719099000.c1.snap.jpg,0.6005412
2024-06-23 00:00:00,/Volumes/Argus/unk/snap/c1/1719100800.c1.snap.jpg,0.4573078
2024-06-23 00:30:00,/Volumes/Argus/unk/snap/c1/1719102600.c1.snap.jpg,0.32499468
2024-06-23 01:00:00,/Volumes/Argus/unk/snap/c1/1719104400.c1.snap.jpg,0.49949825
2024-06-23 01:30:00,/Volumes/Argus/unk/snap/c1/1719106200.c1.snap.jpg,0.36059853
2024-06-23 02:00:00,/Volumes/Argus/unk/snap/c1/1719108000.c1.snap.jpg,0.37170148
2024-06-23 02:30:00,/Volumes/Argus/unk/snap/c1/1719109800.c1.snap.jpg,0.31880927
2024-06-23 03:00:00,/Volumes/Argus/unk/snap/c1/1719111600.c1.snap.jpg,0.37917724
2024-06-23 03:30:00,/Volumes/Argus/unk/snap/c1/1719113400.c1.snap.jpg,0.31572556
2024-06-23 04:00:00,/Volumes/Argus/unk/snap/c1/1719115200.c1.snap.jpg,0.43634313
2024-06-23 04:30:00,/Volumes/Argus/unk/snap/c1/1719117000.c1.snap.jpg,0.44989762
2024-06-23 05:00:00,/Volumes/Argus/unk/snap/c1/1719118800.c1.snap.jpg,0.5265257
2024-06-23 05:30:00,/Volumes/Argus/unk/snap/c1/1719120600.c1.snap.jpg,0.5757084
2024-06-23 06:00:00,/Volumes/Argus/unk/snap/c1/1719122400.c1.snap.jpg,0.48805064
2024-06-23 06:30:00,/Volumes/Argus/unk/snap/c1/1719124200.c1.snap.jpg,0.54189944
2024-06-23 07:00:00,/Volumes/Argus/unk/snap/c1/1719126000.c1.snap.jpg,0.46087992
2024-06-23 07:30:00,/Volumes/Argus/unk/snap/c1/1719127800.c1.snap.jpg,0.60602677
2024-06-23 08:00:00,/Volumes/Argus/unk/snap/c1/1719129600.c1.snap.jpg,0.7988373
2024-06-23 08:30:00,/Volumes/Argus/unk/snap/c1/1719131400.c1.snap.jpg,0.8913956
2024-06-23 09:00:00,/Volumes/Argus/unk/snap/c1/1719133200.c1.snap.jpg,0.79835033
2024-06-23 09:30:00,/Volumes/Argus/unk/snap/c1/1719135000.c1.snap.jpg,0.9061265
2024-06-23 10:00:00,/Volumes/Argus/unk/snap/c1/1719136800.c1.snap.jpg,0.89541733
2024-06-23 10:30:00,/Volumes/Argus/unk/snap/c1/1719138600.c1.snap.jpg,0.9357347
2024-06-23 11:00:00,/Volumes/Argus/unk/snap/c1/1719140400.c1.snap.jpg,0.87725294
2024-06-23 11:30:00,/Volumes/Argus/unk/snap/c1/1719142200.c1.snap.jpg,0.9089777
2024-06-23 12:00:00,/Volumes/Argus/unk/snap/c1/1719144000.c1.snap.jpg,0.90836334
2024-06-23 14:00:00,/Volumes/Argus/unk/snap/c1/1719151200.c1.snap.jpg,0.826478
2024-06-23 14:30:00,/Volumes/Argus/unk/snap/c1/1719153000.c1.snap.jpg,0.82044137
2024-06-23 15:00:00,/Volumes/Argus/unk/snap/c1/1719154800.c1.snap.jpg,0.78890944
2024-06-23 15:30:00,/Volumes/Argus/unk/snap/c1/1719156600.c1.snap.jpg,0.87214917
2024-06-23 16:00:00,/Volumes/Argus/unk/snap/c1/1719158400.c1.snap.jpg,0.8414868
2024-06-23 16:30:00,/Volumes/Argus/unk/snap/c1/1719160200.c1.snap.jpg,0.8602411
2024-06-23 17:00:00,/Volumes/Argus/unk/snap/c1/1719162000.c1.snap.jpg,0.84683686
2024-06-23 17:30:00,/Volumes/Argus/unk/snap/c1/1719163800.c1.snap.jpg,0.7490543
2024-06-23 18:00:00,/Volumes/Argus/unk/snap/c1/1719165600.c1.snap.jpg,0.5776358
2024-06-23 18:30:00,/Volumes/Argus/unk/snap/c1/1719167400.c1.snap.jpg,0.7688356
2024-06-23 19:00:00,/Volumes/Argus/unk/snap/c1/1719169200.c1.snap.jpg,0.6183875
2024-06-23 19:30:00,/Volumes/Argus/unk/snap/c1/1719171000.c1.snap.jpg,0.7416723
2024-06-23 20:00:00,/Volumes/Argus/unk/snap/c1/1719172800.c1.snap.jpg,0.6650436
2024-06-23 20:30:00,/Volumes/Argus/unk/snap/c1/1719174600.c1.snap.jpg,0.67010605
2024-06-23 21:00:00,/Volumes/Argus/unk/snap/c1/1719176400.c1.snap.jpg,0.5603304
2024-06-23 21:30:00,/Volumes/Argus/unk/snap/c1/1719178200.c1.snap.jpg,0.55344
2024-06-23 22:00:00,/Volumes/Argus/unk/snap/c1/1719180000.c1.snap.jpg,0.51621187
2024-06-23 22:30:00,/Volumes/Argus/unk/snap/c1/1719181800.c1.snap.jpg,0.55938256
2024-06-23 23:00:00,/Volumes/Argus/unk/snap/c1/1719183600.c1.snap.jpg,0.48883677
2024-06-23 23:30:00,/Volumes/Argus/unk/snap/c1/1719185400.c1.snap.jpg,0.548334
2024-06-24 00:00:00,/Volumes/Argus/unk/snap/c1/1719187200.c1.snap.jpg,0.53872174
2024-06-24 00:30:00,/Volumes/Argus/unk/snap/c1/1719189000.c1.snap.jpg,0.5701972
2024-06-24 01:00:00,/Volumes/Argus/unk/snap/c1/1719190800.c1.snap.jpg,0.60584706
2024-06-24 01:30:00,/Volumes/Argus/unk/snap/c1/1719192600.c1.snap.jpg,0.664317
2024-06-24 02:00:00,/Volumes/Argus/unk/snap/c1/1719194400.c1.snap.jpg,0.6444378
2024-06-24 02:30:00,/Volumes/Argus/unk/snap/c1/1719196200.c1.snap.jpg,0.44130558
2024-06-24 03:00:00,/Volumes/Argus/unk/snap/c1/1719198000.c1.snap.jpg,0.43378198
2024-06-24 03:30:00,/Volumes/Argus/unk/snap/c1/1719199800.c1.snap.jpg,0.2977696
2024-06-24 04:00:00,/Volumes/Argus/unk/snap/c1/1719201600.c1.snap.jpg,0.41798893
2024-06-24 04:30:00,/Volumes/Argus/unk/snap/c1/1719203400.c1.snap.jpg,0.4253211
2024-06-24 05:00:00,/Volumes/Argus/unk/snap/c1/1719205200.c1.snap.jpg,0.5091638
2024-06-24 05:30:00,/Volumes/Argus/unk/snap/c1/1719207000.c1.snap.jpg,0.5544472
2024-06-24 06:00:00,/Volumes/Argus/unk/snap/c1/1719208800.c1.snap.jpg,0.5912064
2024-06-24 06:30:00,/Volumes/Argus/unk/snap/c1/1719210600.c1.snap.jpg,0.52442324
2024-06-24 07:00:00,/Volumes/Argus/unk/snap/c1/1719212400.c1.snap.jpg,0.48056728
2024-06-24 07:30:00,/Volumes/Argus/unk/snap/c1/1719214200.c1.snap.jpg,0.48135877
2024-06-24 08:00:00,/Volumes/Argus/unk/snap/c1/1719216000.c1.snap.jpg,0.38553578
2024-06-24 08:30:00,/Volumes/Argus/unk/snap/c1/1719217800.c1.snap.jpg,0.44786537
2024-06-24 09:00:00,/Volumes/Argus/unk/snap/c1/1719219600.c1.snap.jpg,0.5712588
2024-06-24 09:30:00,/Volumes/Argus/unk/snap/c1/1719221400.c1.snap.jpg,0.5579162
2024-06-24 10:00:00,/Volumes/Argus/unk/snap/c1/1719223200.c1.snap.jpg,0.50779575
2024-06-24 10:30:00,/Volumes/Argus/unk/snap/c1/1719225000.c1.snap.jpg,0.546278
2024-06-24 11:00:00,/Volumes/Argus/unk/snap/c1/1719226800.c1.snap.jpg,0.51731443
2024-06-24 11:30:00,/Volumes/Argus/unk/snap/c1/1719228600.c1.snap.jpg,0.5047489
2024-06-24 12:00:00,/Volumes/Argus/unk/snap/c1/1719230400.c1.snap.jpg,0.56149304
2024-06-24 14:00:00,/Volumes/Argus/unk/snap/c1/1719237600.c1.snap.jpg,0.5382281
2024-06-24 14:30:00,/Volumes/Argus/unk/snap/c1/1719239400.c1.snap.jpg,0.51185596
2024-06-24 15:30:00,/Volumes/Argus/unk/snap/c1/1719243000.c1.snap.jpg,0.7187048
2024-06-24 16:30:00,/Volumes/Argus/unk/snap/c1/1719246600.c1.snap.jpg,0.62778187
2024-06-24 17:00:00,/Volumes/Argus/unk/snap/c1/1719248400.c1.snap.jpg,0.56502455
2024-06-24 17:30:00,/Volumes/Argus/unk/snap/c1/1719250200.c1.snap.jpg,0.5289496
2024-06-24 18:00:00,/Volumes/Argus/unk/snap/c1/1719252000.c1.snap.jpg,0.48207727
2024-06-24 18:30:00,/Volumes/Argus/unk/snap/c1/1719253800.c1.snap.jpg,0.5775831
2024-06-24 19:00:00,/Volumes/Argus/unk/snap/c1/1719255600.c1.snap.jpg,0.54159176
2024-06-24 19:30:00,/Volumes/Argus/unk/snap/c1/1719257400.c1.snap.jpg,0.4314577
2024-06-24 20:00:00,/Volumes/Argus/unk/snap/c1/1719259200.c1.snap.jpg,0.3484077
2024-06-24 20:30:00,/Volumes/Argus/unk/snap/c1/1719261000.c1.snap.jpg,0.41336372
2024-06-24 21:00:00,/Volumes/Argus/unk/snap/c1/1719262800.c1.snap.jpg,0.47405782
2024-06-24 21:30:00,/Volumes/Argus/unk/snap/c1/1719264600.c1.snap.jpg,0.45040148
2024-06-24 22:00:00,/Volumes/Argus/unk/snap/c1/1719266400.c1.snap.jpg,0.58898646
2024-06-24 22:30:00,/Volumes/Argus/unk/snap/c1/1719268200.c1.snap.jpg,0.47955334
2024-06-24 23:00:00,/Volumes/Argus/unk/snap/c1/1719270000.c1.snap.jpg,0.3801165
2024-06-24 23:30:00,/Volumes/Argus/unk/snap/c1/1719271800.c1.snap.jpg,0.40325794
2024-06-25 00:00:00,/Volumes/Argus/unk/snap/c1/1719273600.c1.snap.jpg,0.3899982
2024-06-25 00:30:00,/Volumes/Argus/unk/snap/c1/1719275400.c1.snap.jpg,0.4576127
2024-06-25 01:00:00,/Volumes/Argus/unk/snap/c1/1719277200.c1.snap.jpg,0.4822423
2024-06-25 01:30:00,/Volumes/Argus/unk/snap/c1/1719279000.c1.snap.jpg,0.50145125
2024-06-25 02:00:00,/Volumes/Argus/unk/snap/c1/1719280800.c1.snap.jpg,0.33132297
2024-06-25 02:30:00,/Volumes/Argus/unk/snap/c1/1719282600.c1.snap.jpg,0.3155702
2024-06-25 03:00:00,/Volumes/Argus/unk/snap/c1/1719284400.c1.snap.jpg,0.27927583
2024-06-25 03:30:00,/Volumes/Argus/unk/snap/c1/1719286200.c1.snap.jpg,0.1551283
2024-06-25 04:00:00,/Volumes/Argus/unk/snap/c1/1719288000.c1.snap.jpg,0.37437558
2024-06-25 04:30:00,/Volumes/Argus/unk/snap/c1/1719289800.c1.snap.jpg,0.37248534
2024-06-25 05:00:00,/Volumes/Argus/unk/snap/c1/1719291600.c1.snap.jpg,0.33625048
2024-06-25 05:30:00,/Volumes/Argus/unk/snap/c1/1719293400.c1.snap.jpg,0.3271989
2024-06-25 06:00:00,/Volumes/Argus/unk/snap/c1/1719295200.c1.snap.jpg,0.34341574
2024-06-25 06:30:00,/Volumes/Argus/unk/snap/c1/1719297000.c1.snap.jpg,0.4408675
2024-06-25 07:00:00,/Volumes/Argus/unk/snap/c1/1719298800.c1.snap.jpg,0.37408003
2024-06-25 07:30:00,/Volumes/Argus/unk/snap/c1/1719300600.c1.snap.jpg,0.41094223
2024-06-25 08:00:00,/Volumes/Argus/unk/snap/c1/1719302400.c1.snap.jpg,0.3490798
2024-06-25 08:30:00,/Volumes/Argus/unk/snap/c1/1719304200.c1.snap.jpg,0.29581234
2024-06-25 09:00:00,/Volumes/Argus/unk/snap/c1/1719306000.c1.snap.jpg,0.22546816
2024-06-25 09:30:00,/Volumes/Argus/unk/snap/c1/1719307800.c1.snap.jpg,0.3752059
2024-06-25 10:00:00,/Volumes/Argus/unk/snap/c1/1719309600.c1.snap.jpg,0.26029673
2024-06-25 10:30:00,/Volumes/Argus/unk/snap/c1/1719311400.c1.snap.jpg,0.21328384
2024-06-25 11:00:00,/Volumes/Argus/unk/snap/c1/1719313200.c1.snap.jpg,0.25742662
2024-06-25 11:30:00,/Volumes/Argus/unk/snap/c1/1719315000.c1.snap.jpg,0.1846514
2024-06-25 12:00:00,/Volumes/Argus/unk/snap/c1/1719316800.c1.snap.jpg,0.20484497
2024-06-25 14:00:00,/Volumes/Argus/unk/snap/c1/1719324000.c1.snap.jpg,0.28893232
2024-06-25 14:30:00,/Volumes/Argus/unk/snap/c1/1719325800.c1.snap.jpg,0.24247019
2024-06-25 15:00:00,/Volumes/Argus/unk/snap/c1/1719327600.c1.snap.jpg,0.25438198
2024-06-25 15:30:00,/Volumes/Argus/unk/snap/c1/1719329400.c1.snap.jpg,0.41798836
2024-06-25 16:00:00,/Volumes/Argus/unk/snap/c1/1719331200.c1.snap.jpg,0.24682958
2024-06-25 16:30:00,/Volumes/Argus/unk/snap/c1/1719333000.c1.snap.jpg,0.31128973
2024-06-25 17:00:00,/Volumes/Argus/unk/snap/c1/1719334800.c1.snap.jpg,0.3330114
2024-06-25 17:30:00,/Volumes/Argus/unk/snap/c1/1719336600.c1.snap.jpg,0.31287047
2024-06-25 18:00:00,/Volumes/Argus/unk/snap/c1/1719338400.c1.snap.jpg,0.24049106
2024-06-25 18:30:00,/Volumes/Argus/unk/snap/c1/1719340200.c1.snap.jpg,0.3563362
2024-06-25 19:00:00,/Volumes/Argus/unk/snap/c1/1719342000.c1.snap.jpg,0.24968831
2024-06-25 19:30:00,/Volumes/Argus/unk/snap/c1/1719343800.c1.snap.jpg,0.4723966
2024-06-25 20:00:00,/Volumes/Argus/unk/snap/c1/1719345600.c1.snap.jpg,0.35286698
2024-06-25 20:30:00,/Volumes/Argus/unk/snap/c1/1719347400.c1.snap.jpg,0.39568347
2024-06-25 21:00:00,/Volumes/Argus/unk/snap/c1/1719349200.c1.snap.jpg,0.4142027
2024-06-25 21:30:00,/Volumes/Argus/unk/snap/c1/1719351000.c1.snap.jpg,0.26645368
2024-06-25 22:00:00,/Volumes/Argus/unk/snap/c1/1719352800.c1.snap.jpg,0.25794697
2024-06-25 22:30:00,/Volumes/Argus/unk/snap/c1/1719354600.c1.snap.jpg,0.35174894
2024-06-25 23:00:00,/Volumes/Argus/unk/snap/c1/1719356400.c1.snap.jpg,0.3220028
2024-06-25 23:30:00,/Volumes/Argus/unk/snap/c1/1719358200.c1.snap.jpg,0.38284087
2024-06-26 00:00:00,/Volumes/Argus/unk/snap/c1/1719360000.c1.snap.jpg,0.4456287
2024-06-26 00:30:00,/Volumes/Argus/unk/snap/c1/1719361800.c1.snap.jpg,0.42064416
2024-06-26 01:00:00,/Volumes/Argus/unk/snap/c1/1719363600.c1.snap.jpg,0.32456452
2024-06-26 01:30:00,/Volumes/Argus/unk/snap/c1/1719365400.c1.snap.jpg,0.3375404
2024-06-26 02:00:00,/Volumes/Argus/unk/snap/c1/1719367200.c1.snap.jpg,0.40763807
2024-06-26 02:30:00,/Volumes/Argus/unk/snap/c1/1719369000.c1.snap.jpg,0.31993145
2024-06-26 03:00:00,/Volumes/Argus/unk/snap/c1/1719370800.c1.snap.jpg,0.3934723
2024-06-26 03:30:00,/Volumes/Argus/unk/snap/c1/1719372600.c1.snap.jpg,0.2572976
2024-06-26 04:00:00,/Volumes/Argus/unk/snap/c1/1719374400.c1.snap.jpg,0.4298005
2024-06-26 04:30:00,/Volumes/Argus/unk/snap/c1/1719376200.c1.snap.jpg,0.34918588
2024-06-26 05:00:00,/Volumes/Argus/unk/snap/c1/1719378000.c1.snap.jpg,0.48015934
2024-06-26 05:30:00,/Volumes/Argus/unk/snap/c1/1719379800.c1.snap.jpg,0.319851
2024-06-26 06:00:00,/Volumes/Argus/unk/snap/c1/1719381600.c1.snap.jpg,0.31647664
2024-06-26 07:00:00,/Volumes/Argus/unk/snap/c1/1719385200.c1.snap.jpg,0.23491713
2024-06-26 07:30:00,/Volumes/Argus/unk/snap/c1/1719387000.c1.snap.jpg,0.25209326
2024-06-26 08:00:00,/Volumes/Argus/unk/snap/c1/1719388800.c1.snap.jpg,0.3596022
2024-06-26 08:30:00,/Volumes/Argus/unk/snap/c1/1719390600.c1.snap.jpg,0.31702238
2024-06-26 09:00:00,/Volumes/Argus/unk/snap/c1/1719392400.c1.snap.jpg,0.21682346
2024-06-26 09:30:00,/Volumes/Argus/unk/snap/c1/1719394200.c1.snap.jpg,0.2211537
2024-06-26 10:00:00,/Volumes/Argus/unk/snap/c1/1719396000.c1.snap.jpg,0.19632684
2024-06-26 10:30:00,/Volumes/Argus/unk/snap/c1/1719397800.c1.snap.jpg,0.23586333
2024-06-26 11:00:00,/Volumes/Argus/unk/snap/c1/1719399600.c1.snap.jpg,0.30385274
2024-06-26 11:30:00,/Volumes/Argus/unk/snap/c1/1719401400.c1.snap.jpg,0.22499111
2024-06-26 12:00:00,/Volumes/Argus/unk/snap/c1/1719403200.c1.snap.jpg,0.19656141
2024-06-26 14:00:00,/Volumes/Argus/unk/snap/c1/1719410400.c1.snap.jpg,0.34551644
2024-06-26 14:30:00,/Volumes/Argus/unk/snap/c1/1719412200.c1.snap.jpg,0.24284567
2024-06-26 15:30:00,/Volumes/Argus/unk/snap/c1/1719415800.c1.snap.jpg,0.47050744
2024-06-26 16:30:00,/Volumes/Argus/unk/snap/c1/1719419400.c1.snap.jpg,0.2873173
2024-06-26 17:00:00,/Volumes/Argus/unk/snap/c1/1719421200.c1.snap.jpg,0.33502126
2024-06-26 17:30:00,/Volumes/Argus/unk/snap/c1/1719423000.c1.snap.jpg,0.3403556
2024-06-26 18:00:00,/Volumes/Argus/unk/snap/c1/1719424800.c1.snap.jpg,0.36889392
2024-06-26 18:30:00,/Volumes/Argus/unk/snap/c1/1719426600.c1.snap.jpg,0.35638124
2024-06-26 19:00:00,/Volumes/Argus/unk/snap/c1/1719428400.c1.snap.jpg,0.29773274
2024-06-26 19:30:00,/Volumes/Argus/unk/snap/c1/1719430200.c1.snap.jpg,0.3403992
2024-06-26 20:00:00,/Volumes/Argus/unk/snap/c1/1719432000.c1.snap.jpg,0.4278748
2024-06-26 20:30:00,/Volumes/Argus/unk/snap/c1/1719433800.c1.snap.jpg,0.37930205
2024-06-26 21:00:00,/Volumes/Argus/unk/snap/c1/1719435600.c1.snap.jpg,0.37720168
2024-06-26 22:00:00,/Volumes/Argus/unk/snap/c1/1719439200.c1.snap.jpg,0.41595063
2024-06-26 22:30:00,/Volumes/Argus/unk/snap/c1/1719441000.c1.snap.jpg,0.35847962
2024-06-26 23:00:00,/Volumes/Argus/unk/snap/c1/1719442800.c1.snap.jpg,0.39633536
2024-06-26 23:30:00,/Volumes/Argus/unk/snap/c1/1719444600.c1.snap.jpg,0.5216921
2024-06-27 00:00:00,/Volumes/Argus/unk/snap/c1/1719446400.c1.snap.jpg,0.47849673
2024-06-27 00:30:00,/Volumes/Argus/unk/snap/c1/1719448200.c1.snap.jpg,0.56718695
2024-06-27 01:00:00,/Volumes/Argus/unk/snap/c1/1719450000.c1.snap.jpg,0.42752996
2024-06-27 01:30:00,/Volumes/Argus/unk/snap/c1/1719451800.c1.snap.jpg,0.40316275
2024-06-27 02:00:00,/Volumes/Argus/unk/snap/c1/1719453600.c1.snap.jpg,0.44562432
2024-06-27 02:30:00,/Volumes/Argus/unk/snap/c1/1719455400.c1.snap.jpg,0.43890637
2024-06-27 03:00:00,/Volumes/Argus/unk/snap/c1/1719457200.c1.snap.jpg,0.3718301
2024-06-27 03:30:00,/Volumes/Argus/unk/snap/c1/1719459000.c1.snap.jpg,0.32099265
2024-06-27 04:00:00,/Volumes/Argus/unk/snap/c1/1719460800.c1.snap.jpg,0.25553775
2024-06-27 04:30:00,/Volumes/Argus/unk/snap/c1/1719462600.c1.snap.jpg,0.3740772
2024-06-27 05:00:00,/Volumes/Argus/unk/snap/c1/1719464400.c1.snap.jpg,0.29275718
2024-06-27 05:30:00,/Volumes/Argus/unk/snap/c1/1719466200.c1.snap.jpg,0.25109217
2024-06-27 06:00:00,/Volumes/Argus/unk/snap/c1/1719468000.c1.snap.jpg,0.27208957
2024-06-27 06:30:00,/Volumes/Argus/unk/snap/c1/1719469800.c1.snap.jpg,0.25074488
2024-06-27 07:00:00,/Volumes/Argus/unk/snap/c1/1719471600.c1.snap.jpg,0.34580404
2024-06-27 07:30:00,/Volumes/Argus/unk/snap/c1/1719473400.c1.snap.jpg,0.35137865
2024-06-27 08:00:00,/Volumes/Argus/unk/snap/c1/1719475200.c1.snap.jpg,0.3268551
2024-06-27 08:30:00,/Volumes/Argus/unk/snap/c1/1719477000.c1.snap.jpg,0.29657394
2024-06-27 09:00:00,/Volumes/Argus/unk/snap/c1/1719478800.c1.snap.jpg,0.31201518
2024-06-27 09:30:00,/Volumes/Argus/unk/snap/c1/1719480600.c1.snap.jpg,0.26956663
2024-06-27 10:00:00,/Volumes/Argus/unk/snap/c1/1719482400.c1.snap.jpg,0.23233926
2024-06-27 10:30:00,/Volumes/Argus/unk/snap/c1/1719484200.c1.snap.jpg,0.14958161
2024-06-27 11:00:00,/Volumes/Argus/unk/snap/c1/1719486000.c1.snap.jpg,0.19839454
2024-06-27 11:30:00,/Volumes/Argus/unk/snap/c1/1719487800.c1.snap.jpg,0.29670918
2024-06-27 12:00:00,/Volumes/Argus/unk/snap/c1/1719489600.c1.snap.jpg,0.24890071
2024-06-27 14:00:00,/Volumes/Argus/unk/snap/c1/1719496800.c1.snap.jpg,0.30281347
2024-06-27 14:30:00,/Volumes/Argus/unk/snap/c1/1719498600.c1.snap.jpg,0.34179962
2024-06-27 15:00:00,/Volumes/Argus/unk/snap/c1/1719500400.c1.snap.jpg,0.32805115
2024-06-27 15:30:00,/Volumes/Argus/unk/snap/c1/1719502200.c1.snap.jpg,0.32053834
2024-06-27 16:00:00,/Volumes/Argus/unk/snap/c1/1719504000.c1.snap.jpg,0.443744
2024-06-27 16:30:00,/Volumes/Argus/unk/snap/c1/1719505800.c1.snap.jpg,0.33971792
2024-06-27 17:00:00,/Volumes/Argus/unk/snap/c1/1719507600.c1.snap.jpg,0.3318976
2024-06-27 17:30:00,/Volumes/Argus/unk/snap/c1/1719509400.c1.snap.jpg,0.2978196
2024-06-27 18:00:00,/Volumes/Argus/unk/snap/c1/1719511200.c1.snap.jpg,0.3487638
2024-06-27 18:30:00,/Volumes/Argus/unk/snap/c1/1719513000.c1.snap.jpg,0.4118765
2024-06-27 19:00:00,/Volumes/Argus/unk/snap/c1/1719514800.c1.snap.jpg,0.40292108
2024-06-27 19:30:00,/Volumes/Argus/unk/snap/c1/1719516600.c1.snap.jpg,0.41424856
2024-06-27 20:00:00,/Volumes/Argus/unk/snap/c1/1719518400.c1.snap.jpg,0.3987516
2024-06-27 20:30:00,/Volumes/Argus/unk/snap/c1/1719520200.c1.snap.jpg,0.4791552
2024-06-27 21:00:00,/Volumes/Argus/unk/snap/c1/1719522000.c1.snap.jpg,0.31805456
2024-06-27 21:30:00,/Volumes/Argus/unk/snap/c1/1719523800.c1.snap.jpg,0.5722444
2024-06-27 22:00:00,/Volumes/Argus/unk/snap/c1/1719525600.c1.snap.jpg,0.43163824
2024-06-27 22:30:00,/Volumes/Argus/unk/snap/c1/1719527400.c1.snap.jpg,0.41062593
2024-06-27 23:00:00,/Volumes/Argus/unk/snap/c1/1719529200.c1.snap.jpg,0.30266294
2024-06-27 23:30:00,/Volumes/Argus/unk/snap/c1/1719531000.c1.snap.jpg,0.3030573
2024-06-28 00:00:00,/Volumes/Argus/unk/snap/c1/1719532800.c1.snap.jpg,0.3556902
2024-06-28 00:30:00,/Volumes/Argus/unk/snap/c1/1719534600.c1.snap.jpg,0.36337334
2024-06-28 01:00:00,/Volumes/Argus/unk/snap/c1/1719536400.c1.snap.jpg,0.3979763
2024-06-28 01:30:00,/Volumes/Argus/unk/snap/c1/1719538200.c1.snap.jpg,0.31667984
2024-06-28 02:00:00,/Volumes/Argus/unk/snap/c1/1719540000.c1.snap.jpg,0.33818364
2024-06-28 02:30:00,/Volumes/Argus/unk/snap/c1/1719541800.c1.snap.jpg,0.44686124
2024-06-28 03:00:00,/Volumes/Argus/unk/snap/c1/1719543600.c1.snap.jpg,0.38282633
2024-06-28 03:30:00,/Volumes/Argus/unk/snap/c1/1719545400.c1.snap.jpg,0.4632044
2024-06-28 04:00:00,/Volumes/Argus/unk/snap/c1/1719547200.c1.snap.jpg,0.3367045
2024-06-28 04:30:00,/Volumes/Argus/unk/snap/c1/1719549000.c1.snap.jpg,0.48354834
2024-06-28 05:00:00,/Volumes/Argus/unk/snap/c1/1719550800.c1.snap.jpg,0.3109467
2024-06-28 05:30:00,/Volumes/Argus/unk/snap/c1/1719552600.c1.snap.jpg,0.4118622
2024-06-28 06:00:00,/Volumes/Argus/unk/snap/c1/1719554400.c1.snap.jpg,0.33071768
2024-06-28 06:30:00,/Volumes/Argus/unk/snap/c1/1719556200.c1.snap.jpg,0.31697434
2024-06-28 07:00:00,/Volumes/Argus/unk/snap/c1/1719558000.c1.snap.jpg,0.275461
2024-06-28 07:30:00,/Volumes/Argus/unk/snap/c1/1719559800.c1.snap.jpg,0.2510032
2024-06-28 08:00:00,/Volumes/Argus/unk/snap/c1/1719561600.c1.snap.jpg,0.2916122
2024-06-28 08:30:00,/Volumes/Argus/unk/snap/c1/1719563400.c1.snap.jpg,0.24667549
2024-06-28 09:00:00,/Volumes/Argus/unk/snap/c1/1719565200.c1.snap.jpg,0.29504493
2024-06-28 09:30:00,/Volumes/Argus/unk/snap/c1/1719567000.c1.snap.jpg,0.2523495
2024-06-28 10:00:00,/Volumes/Argus/unk/snap/c1/1719568800.c1.snap.jpg,0.3099759
2024-06-28 10:30:00,/Volumes/Argus/unk/snap/c1/1719570600.c1.snap.jpg,0.24612258
2024-06-28 11:00:00,/Volumes/Argus/unk/snap/c1/1719572400.c1.snap.jpg,0.35246515
2024-06-28 11:30:00,/Volumes/Argus/unk/snap/c1/1719574200.c1.snap.jpg,0.2887079
2024-06-28 12:00:00,/Volumes/Argus/unk/snap/c1/1719576000.c1.snap.jpg,0.26623058
2024-06-28 14:00:00,/Volumes/Argus/unk/snap/c1/1719583200.c1.snap.jpg,0.30132413
2024-06-28 14:30:00,/Volumes/Argus/unk/snap/c1/1719585000.c1.snap.jpg,0.24401036
2024-06-28 15:00:00,/Volumes/Argus/unk/snap/c1/1719586800.c1.snap.jpg,0.2983752
2024-06-28 15:30:00,/Volumes/Argus/unk/snap/c1/1719588600.c1.snap.jpg,0.2947585
2024-06-28 16:00:00,/Volumes/Argus/unk/snap/c1/1719590400.c1.snap.jpg,0.31302714
2024-06-28 16:30:00,/Volumes/Argus/unk/snap/c1/1719592200.c1.snap.jpg,0.36289686
2024-06-28 17:00:00,/Volumes/Argus/unk/snap/c1/1719594000.c1.snap.jpg,0.35229507
2024-06-28 17:30:00,/Volumes/Argus/unk/snap/c1/1719595800.c1.snap.jpg,0.42005214
2024-06-28 18:00:00,/Volumes/Argus/unk/snap/c1/1719597600.c1.snap.jpg,0.50019157
2024-06-28 18:30:00,/Volumes/Argus/unk/snap/c1/1719599400.c1.snap.jpg,0.46360207
2024-06-28 19:00:00,/Volumes/Argus/unk/snap/c1/1719601200.c1.snap.jpg,0.3173256
2024-06-28 19:30:00,/Volumes/Argus/unk/snap/c1/1719603000.c1.snap.jpg,0.31254184
2024-06-28 20:00:00,/Volumes/Argus/unk/snap/c1/1719604800.c1.snap.jpg,0.35710216
2024-06-28 20:30:00,/Volumes/Argus/unk/snap/c1/1719606600.c1.snap.jpg,0.3043032
2024-06-28 21:00:00,/Volumes/Argus/unk/snap/c1/1719608400.c1.snap.jpg,0.3331303
2024-06-28 21:30:00,/Volumes/Argus/unk/snap/c1/1719610200.c1.snap.jpg,0.37423235
2024-06-28 22:00:00,/Volumes/Argus/unk/snap/c1/1719612000.c1.snap.jpg,0.29360065
2024-06-28 22:30:00,/Volumes/Argus/unk/snap/c1/1719613800.c1.snap.jpg,0.30710477
2024-06-28 23:00:00,/Volumes/Argus/unk/snap/c1/1719615600.c1.snap.jpg,0.29186055
2024-06-28 23:30:00,/Volumes/Argus/unk/snap/c1/1719617400.c1.snap.jpg,0.26337504
2024-06-29 00:00:00,/Volumes/Argus/unk/snap/c1/1719619200.c1.snap.jpg,0.3776827
2024-06-29 00:30:00,/Volumes/Argus/unk/snap/c1/1719621000.c1.snap.jpg,0.3906747
2024-06-29 01:00:00,/Volumes/Argus/unk/snap/c1/1719622800.c1.snap.jpg,0.3182552
2024-06-29 01:30:00,/Volumes/Argus/unk/snap/c1/1719624600.c1.snap.jpg,0.31829822
2024-06-29 02:00:00,/Volumes/Argus/unk/snap/c1/1719626400.c1.snap.jpg,0.2993592
2024-06-29 02:30:00,/Volumes/Argus/unk/snap/c1/1719628200.c1.snap.jpg,0.39287123
2024-06-29 03:00:00,/Volumes/Argus/unk/snap/c1/1719630000.c1.snap.jpg,0.3364268
2024-06-29 04:00:00,/Volumes/Argus/unk/snap/c1/1719633600.c1.snap.jpg,0.2455857
2024-06-29 04:30:00,/Volumes/Argus/unk/snap/c1/1719635400.c1.snap.jpg,0.21705009
2024-06-29 05:00:00,/Volumes/Argus/unk/snap/c1/1719637200.c1.snap.jpg,0.49222156
2024-06-29 05:30:00,/Volumes/Argus/unk/snap/c1/1719639000.c1.snap.jpg,0.21967238
2024-06-29 06:00:00,/Volumes/Argus/unk/snap/c1/1719640800.c1.snap.jpg,0.28377756
2024-06-29 06:30:00,/Volumes/Argus/unk/snap/c1/1719642600.c1.snap.jpg,0.315525
2024-06-29 07:00:00,/Volumes/Argus/unk/snap/c1/1719644400.c1.snap.jpg,0.29635465
2024-06-29 07:30:00,/Volumes/Argus/unk/snap/c1/1719646200.c1.snap.jpg,0.3189919
2024-06-29 08:00:00,/Volumes/Argus/unk/snap/c1/1719648000.c1.snap.jpg,0.29770628
2024-06-29 08:30:00,/Volumes/Argus/unk/snap/c1/1719649800.c1.snap.jpg,0.24004333
2024-06-29 09:00:00,/Volumes/Argus/unk/snap/c1/1719651600.c1.snap.jpg,0.24799514
2024-06-29 09:30:00,/Volumes/Argus/unk/snap/c1/1719653400.c1.snap.jpg,0.3458656
2024-06-29 10:00:00,/Volumes/Argus/unk/snap/c1/1719655200.c1.snap.jpg,0.2647426
2024-06-29 10:30:00,/Volumes/Argus/unk/snap/c1/1719657000.c1.snap.jpg,0.30687007
2024-06-29 11:00:00,/Volumes/Argus/unk/snap/c1/1719658800.c1.snap.jpg,0.23433653
2024-06-29 11:30:00,/Volumes/Argus/unk/snap/c1/1719660600.c1.snap.jpg,0.2689493
2024-06-29 12:00:00,/Volumes/Argus/unk/snap/c1/1719662400.c1.snap.jpg,0.26686466
2024-06-29 14:00:00,/Volumes/Argus/unk/snap/c1/1719669600.c1.snap.jpg,0.21663737
2024-06-29 14:30:00,/Volumes/Argus/unk/snap/c1/1719671400.c1.snap.jpg,0.25067875
2024-06-29 15:00:00,/Volumes/Argus/unk/snap/c1/1719673200.c1.snap.jpg,0.22520408
2024-06-29 15:30:00,/Volumes/Argus/unk/snap/c1/1719675000.c1.snap.jpg,0.28968555
2024-06-29 16:00:00,/Volumes/Argus/unk/snap/c1/1719676800.c1.snap.jpg,0.2846003
2024-06-29 16:30:00,/Volumes/Argus/unk/snap/c1/1719678600.c1.snap.jpg,0.24943748
2024-06-29 17:00:00,/Volumes/Argus/unk/snap/c1/1719680400.c1.snap.jpg,0.22621298
2024-06-29 17:30:00,/Volumes/Argus/unk/snap/c1/1719682200.c1.snap.jpg,0.21807648
2024-06-29 18:00:00,/Volumes/Argus/unk/snap/c1/1719684000.c1.snap.jpg,0.28799614
2024-06-29 18:30:00,/Volumes/Argus/unk/snap/c1/1719685800.c1.snap.jpg,0.38806212
2024-06-29 19:00:00,/Volumes/Argus/unk/snap/c1/1719687600.c1.snap.jpg,0.24488667
2024-06-29 19:30:00,/Volumes/Argus/unk/snap/c1/1719689400.c1.snap.jpg,0.26069164
2024-06-29 20:00:00,/Volumes/Argus/unk/snap/c1/1719691200.c1.snap.jpg,0.2377802
2024-06-29 20:30:00,/Volumes/Argus/unk/snap/c1/1719693000.c1.snap.jpg,0.29278097
2024-06-29 21:00:00,/Volumes/Argus/unk/snap/c1/1719694800.c1.snap.jpg,0.22061323
2024-06-29 21:30:00,/Volumes/Argus/unk/snap/c1/1719696600.c1.snap.jpg,0.25233927
2024-06-29 22:00:00,/Volumes/Argus/unk/snap/c1/1719698400.c1.snap.jpg,0.1995899
2024-06-29 22:30:00,/Volumes/Argus/unk/snap/c1/1719700200.c1.snap.jpg,0.20113215
2024-06-29 23:00:00,/Volumes/Argus/unk/snap/c1/1719702000.c1.snap.jpg,0.22173086
2024-06-29 23:30:00,/Volumes/Argus/unk/snap/c1/1719703800.c1.snap.jpg,0.26257515
2024-06-30 00:00:00,/Volumes/Argus/unk/snap/c1/1719705600.c1.snap.jpg,0.33270055
2024-06-30 00:30:00,/Volumes/Argus/unk/snap/c1/1719707400.c1.snap.jpg,0.3430215
2024-06-30 01:00:00,/Volumes/Argus/unk/snap/c1/1719709200.c1.snap.jpg,0.30607027
2024-06-30 02:00:00,/Volumes/Argus/unk/snap/c1/1719712800.c1.snap.jpg,0.33044374
2024-06-30 02:30:00,/Volumes/Argus/unk/snap/c1/1719714600.c1.snap.jpg,0.33839196
2024-06-30 03:00:00,/Volumes/Argus/unk/snap/c1/1719716400.c1.snap.jpg,0.3019259
2024-06-30 03:30:00,/Volumes/Argus/unk/snap/c1/1719718200.c1.snap.jpg,0.28012455
2024-06-30 04:00:00,/Volumes/Argus/unk/snap/c1/1719720000.c1.snap.jpg,0.32732671
2024-06-30 04:30:00,/Volumes/Argus/unk/snap/c1/1719721800.c1.snap.jpg,0.2607731
2024-06-30 05:00:00,/Volumes/Argus/unk/snap/c1/1719723600.c1.snap.jpg,0.21309432
2024-06-30 05:30:00,/Volumes/Argus/unk/snap/c1/1719725400.c1.snap.jpg,0.22782286
2024-06-30 06:00:00,/Volumes/Argus/unk/snap/c1/1719727200.c1.snap.jpg,0.22079867
2024-06-30 06:30:00,/Volumes/Argus/unk/snap/c1/1719729000.c1.snap.jpg,0.21401304
2024-06-30 07:00:00,/Volumes/Argus/unk/snap/c1/1719730800.c1.snap.jpg,0.19011174
2024-06-30 08:00:00,/Volumes/Argus/unk/snap/c1/1719734400.c1.snap.jpg,0.23517196
2024-06-30 08:30:00,/Volumes/Argus/unk/snap/c1/1719736200.c1.snap.jpg,0.2800467
2024-06-30 09:00:00,/Volumes/Argus/unk/snap/c1/1719738000.c1.snap.jpg,0.25090206
2024-06-30 09:30:00,/Volumes/Argus/unk/snap/c1/1719739800.c1.snap.jpg,0.2548462
2024-06-30 10:00:00,/Volumes/Argus/unk/snap/c1/1719741600.c1.snap.jpg,0.20091769
2024-06-30 10:30:00,/Volumes/Argus/unk/snap/c1/1719743400.c1.snap.jpg,0.26625508
2024-06-30 11:00:00,/Volumes/Argus/unk/snap/c1/1719745200.c1.snap.jpg,0.31713024
2024-06-30 11:30:00,/Volumes/Argus/unk/snap/c1/1719747000.c1.snap.jpg,0.29414976
2024-06-30 12:00:00,/Volumes/Argus/unk/snap/c1/1719748800.c1.snap.jpg,0.3666572
2024-06-30 14:00:00,/Volumes/Argus/unk/snap/c1/1719756000.c1.snap.jpg,0.32624784
2024-06-30 14:30:00,/Volumes/Argus/unk/snap/c1/1719757800.c1.snap.jpg,0.3559409
2024-06-30 15:00:00,/Volumes/Argus/unk/snap/c1/1719759600.c1.snap.jpg,0.29998332
2024-06-30 15:30:00,/Volumes/Argus/unk/snap/c1/1719761400.c1.snap.jpg,0.43208927
2024-06-30 16:00:00,/Volumes/Argus/unk/snap/c1/1719763200.c1.snap.jpg,0.33182317
2024-06-30 16:30:00,/Volumes/Argus/unk/snap/c1/1719765000.c1.snap.jpg,0.286458
2024-06-30 17:00:00,/Volumes/Argus/unk/snap/c1/1719766800.c1.snap.jpg,0.351156
2024-06-30 17:30:00,/Volumes/Argus/unk/snap/c1/1719768600.c1.snap.jpg,0.21799308
2024-06-30 18:00:00,/Volumes/Argus/unk/snap/c1/1719770400.c1.snap.jpg,0.26094097
2024-06-30 18:30:00,/Volumes/Argus/unk/snap/c1/1719772200.c1.snap.jpg,0.23779231
2024-06-30 19:00:00,/Volumes/Argus/unk/snap/c1/1719774000.c1.snap.jpg,0.20935595
2024-06-30 19:30:00,/Volumes/Argus/unk/snap/c1/1719775800.c1.snap.jpg,0.28587937
2024-06-30 20:00:00,/Volumes/Argus/unk/snap/c1/1719777600.c1.snap.jpg,0.25754333
2024-06-30 20:30:00,/Volumes/Argus/unk/snap/c1/1719779400.c1.snap.jpg,0.2641381
2024-06-30 21:00:00,/Volumes/Argus/unk/snap/c1/1719781200.c1.snap.jpg,0.31864578
2024-06-30 21:30:00,/Volumes/Argus/unk/snap/c1/1719783000.c1.snap.jpg,0.44021165
2024-06-30 22:00:00,/Volumes/Argus/unk/snap/c1/1719784800.c1.snap.jpg,0.35726976
2024-06-30 22:30:00,/Volumes/Argus/unk/snap/c1/1719786600.c1.snap.jpg,0.35339332
2024-06-30 23:00:00,/Volumes/Argus/unk/snap/c1/1719788400.c1.snap.jpg,0.24731654
2024-07-01 00:00:00,/Volumes/Argus/unk/snap/c1/1719792000.c1.snap.jpg,0.31047243
2024-07-01 00:30:00,/Volumes/Argus/unk/snap/c1/1719793800.c1.snap.jpg,0.31319818
2024-07-01 01:00:00,/Volumes/Argus/unk/snap/c1/1719795600.c1.snap.jpg,0.34238362
2024-07-01 01:30:00,/Volumes/Argus/unk/snap/c1/1719797400.c1.snap.jpg,0.32291722
2024-07-01 02:00:00,/Volumes/Argus/unk/snap/c1/1719799200.c1.snap.jpg,0.325544
2024-07-01 02:30:00,/Volumes/Argus/unk/snap/c1/1719801000.c1.snap.jpg,0.26467156
2024-07-01 03:00:00,/Volumes/Argus/unk/snap/c1/1719802800.c1.snap.jpg,0.30562234
2024-07-01 03:30:00,/Volumes/Argus/unk/snap/c1/1719804600.c1.snap.jpg,0.34453088
2024-07-01 04:00:00,/Volumes/Argus/unk/snap/c1/1719806400.c1.snap.jpg,0.29516566
2024-07-01 04:30:00,/Volumes/Argus/unk/snap/c1/1719808200.c1.snap.jpg,0.2688786
2024-07-01 05:00:00,/Volumes/Argus/unk/snap/c1/1719810000.c1.snap.jpg,0.2614269
2024-07-01 05:30:00,/Volumes/Argus/unk/snap/c1/1719811800.c1.snap.jpg,0.25332594
2024-07-01 06:00:00,/Volumes/Argus/unk/snap/c1/1719813600.c1.snap.jpg,0.33610144
2024-07-01 06:30:00,/Volumes/Argus/unk/snap/c1/1719815400.c1.snap.jpg,0.2882227
2024-07-01 07:00:00,/Volumes/Argus/unk/snap/c1/1719817200.c1.snap.jpg,0.32223058
2024-07-01 07:30:00,/Volumes/Argus/unk/snap/c1/1719819000.c1.snap.jpg,0.34546036
2024-07-01 08:00:00,/Volumes/Argus/unk/snap/c1/1719820800.c1.snap.jpg,0.37434673
2024-07-01 08:30:00,/Volumes/Argus/unk/snap/c1/1719822600.c1.snap.jpg,0.29389206
2024-07-01 09:00:00,/Volumes/Argus/unk/snap/c1/1719824400.c1.snap.jpg,0.2847193
2024-07-01 09:30:00,/Volumes/Argus/unk/snap/c1/1719826200.c1.snap.jpg,0.28074095
2024-07-01 10:00:00,/Volumes/Argus/unk/snap/c1/1719828000.c1.snap.jpg,0.26959693
2024-07-01 10:30:00,/Volumes/Argus/unk/snap/c1/1719829800.c1.snap.jpg,0.28642452
2024-07-01 11:00:00,/Volumes/Argus/unk/snap/c1/1719831600.c1.snap.jpg,0.37021613
2024-07-01 11:30:00,/Volumes/Argus/unk/snap/c1/1719833400.c1.snap.jpg,0.34716895
2024-07-01 12:00:00,/Volumes/Argus/unk/snap/c1/1719835200.c1.snap.jpg,0.3289299
2024-07-01 14:00:00,/Volumes/Argus/unk/snap/c1/1719842400.c1.snap.jpg,0.6120753
2024-07-01 14:30:00,/Volumes/Argus/unk/snap/c1/1719844200.c1.snap.jpg,0.5548868
2024-07-01 15:00:00,/Volumes/Argus/unk/snap/c1/1719846000.c1.snap.jpg,0.37612253
2024-07-01 15:30:00,/Volumes/Argus/unk/snap/c1/1719847800.c1.snap.jpg,0.5620233
2024-07-01 16:00:00,/Volumes/Argus/unk/snap/c1/1719849600.c1.snap.jpg,0.605206
2024-07-01 16:30:00,/Volumes/Argus/unk/snap/c1/1719851400.c1.snap.jpg,0.48055238
2024-07-01 17:00:00,/Volumes/Argus/unk/snap/c1/1719853200.c1.snap.jpg,0.350882
2024-07-01 17:30:00,/Volumes/Argus/unk/snap/c1/1719855000.c1.snap.jpg,0.36142123
2024-07-01 18:00:00,/Volumes/Argus/unk/snap/c1/1719856800.c1.snap.jpg,0.37920552
2024-07-01 18:30:00,/Volumes/Argus/unk/snap/c1/1719858600.c1.snap.jpg,0.403749
2024-07-01 19:00:00,/Volumes/Argus/unk/snap/c1/1719860400.c1.snap.jpg,0.38219634
2024-07-01 19:30:00,/Volumes/Argus/unk/snap/c1/1719862200.c1.snap.jpg,0.31186786
2024-07-01 20:00:00,/Volumes/Argus/unk/snap/c1/1719864000.c1.snap.jpg,0.2771294
2024-07-01 20:30:00,/Volumes/Argus/unk/snap/c1/1719865800.c1.snap.jpg,0.27193305
2024-07-01 21:00:00,/Volumes/Argus/unk/snap/c1/1719867600.c1.snap.jpg,0.2540976
2024-07-01 21:30:00,/Volumes/Argus/unk/snap/c1/1719869400.c1.snap.jpg,0.27025408
2024-07-01 22:00:00,/Volumes/Argus/unk/snap/c1/1719871200.c1.snap.jpg,0.22546309
2024-07-01 22:30:00,/Volumes/Argus/unk/snap/c1/1719873000.c1.snap.jpg,0.1736449
2024-07-01 23:00:00,/Volumes/Argus/unk/snap/c1/1719874800.c1.snap.jpg,0.16172966
2024-07-01 23:30:00,/Volumes/Argus/unk/snap/c1/1719876600.c1.snap.jpg,0.2713934
2024-07-02 00:00:00,/Volumes/Argus/unk/snap/c1/1719878400.c1.snap.jpg,0.38901013
2024-07-02 00:30:00,/Volumes/Argus/unk/snap/c1/1719880200.c1.snap.jpg,0.3390432
2024-07-02 01:00:00,/Volumes/Argus/unk/snap/c1/1719882000.c1.snap.jpg,0.31315756
2024-07-02 01:30:00,/Volumes/Argus/unk/snap/c1/1719883800.c1.snap.jpg,0.25046977
2024-07-02 02:00:00,/Volumes/Argus/unk/snap/c1/1719885600.c1.snap.jpg,0.33930314
2024-07-02 02:30:00,/Volumes/Argus/unk/snap/c1/1719887400.c1.snap.jpg,0.31606707
2024-07-02 03:00:00,/Volumes/Argus/unk/snap/c1/1719889200.c1.snap.jpg,0.3578328
2024-07-02 03:30:00,/Volumes/Argus/unk/snap/c1/1719891000.c1.snap.jpg,0.43428484
2024-07-02 04:00:00,/Volumes/Argus/unk/snap/c1/1719892800.c1.snap.jpg,0.38021818
2024-07-02 04:30:00,/Volumes/Argus/unk/snap/c1/1719894600.c1.snap.jpg,0.39802164
2024-07-02 05:00:00,/Volumes/Argus/unk/snap/c1/1719896400.c1.snap.jpg,0.342914
2024-07-02 05:30:00,/Volumes/Argus/unk/snap/c1/1719898200.c1.snap.jpg,0.33109975
2024-07-02 06:00:00,/Volumes/Argus/unk/snap/c1/1719900000.c1.snap.jpg,0.3709306
2024-07-02 06:30:00,/Volumes/Argus/unk/snap/c1/1719901800.c1.snap.jpg,0.3130232
2024-07-02 07:00:00,/Volumes/Argus/unk/snap/c1/1719903600.c1.snap.jpg,0.40592167
2024-07-02 07:30:00,/Volumes/Argus/unk/snap/c1/1719905400.c1.snap.jpg,0.4245118
2024-07-02 08:00:00,/Volumes/Argus/unk/snap/c1/1719907200.c1.snap.jpg,0.40432608
2024-07-02 08:30:00,/Volumes/Argus/unk/snap/c1/1719909000.c1.snap.jpg,0.43296295
2024-07-02 09:00:00,/Volumes/Argus/unk/snap/c1/1719910800.c1.snap.jpg,0.36986393
2024-07-02 09:30:00,/Volumes/Argus/unk/snap/c1/1719912600.c1.snap.jpg,0.39052874
2024-07-02 10:00:00,/Volumes/Argus/unk/snap/c1/1719914400.c1.snap.jpg,0.36920142
2024-07-02 10:30:00,/Volumes/Argus/unk/snap/c1/1719916200.c1.snap.jpg,0.3988525
2024-07-02 11:00:00,/Volumes/Argus/unk/snap/c1/1719918000.c1.snap.jpg,0.4153512
2024-07-02 11:30:00,/Volumes/Argus/unk/snap/c1/1719919800.c1.snap.jpg,0.36213416
2024-07-02 12:00:00,/Volumes/Argus/unk/snap/c1/1719921600.c1.snap.jpg,0.35414246
2024-07-02 14:00:00,/Volumes/Argus/unk/snap/c1/1719928800.c1.snap.jpg,0.6698642
2024-07-02 14:30:00,/Volumes/Argus/unk/snap/c1/1719930600.c1.snap.jpg,0.44105756
2024-07-02 15:00:00,/Volumes/Argus/unk/snap/c1/1719932400.c1.snap.jpg,0.3874086
2024-07-02 15:30:00,/Volumes/Argus/unk/snap/c1/1719934200.c1.snap.jpg,0.4038059
2024-07-02 16:00:00,/Volumes/Argus/unk/snap/c1/1719936000.c1.snap.jpg,0.55392337
2024-07-02 16:30:00,/Volumes/Argus/unk/snap/c1/1719937800.c1.snap.jpg,0.76208305
2024-07-02 17:00:00,/Volumes/Argus/unk/snap/c1/1719939600.c1.snap.jpg,0.7761175
2024-07-02 18:00:00,/Volumes/Argus/unk/snap/c1/1719943200.c1.snap.jpg,0.5577315
2024-07-02 18:30:00,/Volumes/Argus/unk/snap/c1/1719945000.c1.snap.jpg,0.66272306
2024-07-02 19:00:00,/Volumes/Argus/unk/snap/c1/1719946800.c1.snap.jpg,0.737304
2024-07-02 19:30:00,/Volumes/Argus/unk/snap/c1/1719948600.c1.snap.jpg,0.55314416
2024-07-02 20:00:00,/Volumes/Argus/unk/snap/c1/1719950400.c1.snap.jpg,0.6387055
2024-07-02 20:30:00,/Volumes/Argus/unk/snap/c1/1719952200.c1.snap.jpg,0.5286944
2024-07-02 21:00:00,/Volumes/Argus/unk/snap/c1/1719954000.c1.snap.jpg,0.6684437
2024-07-02 21:30:00,/Volumes/Argus/unk/snap/c1/1719955800.c1.snap.jpg,0.685838
2024-07-02 22:00:00,/Volumes/Argus/unk/snap/c1/1719957600.c1.snap.jpg,0.6663668
2024-07-02 22:30:00,/Volumes/Argus/unk/snap/c1/1719959400.c1.snap.jpg,0.63599825
2024-07-02 23:00:00,/Volumes/Argus/unk/snap/c1/1719961200.c1.snap.jpg,0.6190761
2024-07-02 23:30:00,/Volumes/Argus/unk/snap/c1/1719963000.c1.snap.jpg,0.57462484
2024-07-03 00:30:00,/Volumes/Argus/unk/snap/c1/1719966600.c1.snap.jpg,0.579388
2024-07-03 01:00:00,/Volumes/Argus/unk/snap/c1/1719968400.c1.snap.jpg,0.6108912
2024-07-03 01:30:00,/Volumes/Argus/unk/snap/c1/1719970200.c1.snap.jpg,0.6244272
2024-07-03 02:00:00,/Volumes/Argus/unk/snap/c1/1719972000.c1.snap.jpg,0.7120691
2024-07-03 02:30:00,/Volumes/Argus/unk/snap/c1/1719973800.c1.snap.jpg,0.8255937
2024-07-03 03:00:00,/Volumes/Argus/unk/snap/c1/1719975600.c1.snap.jpg,0.8571042
2024-07-03 03:30:00,/Volumes/Argus/unk/snap/c1/1719977400.c1.snap.jpg,0.66014135
2024-07-03 04:00:00,/Volumes/Argus/unk/snap/c1/1719979200.c1.snap.jpg,0.8967147
2024-07-03 04:30:00,/Volumes/Argus/unk/snap/c1/1719981000.c1.snap.jpg,0.9060191
2024-07-03 05:00:00,/Volumes/Argus/unk/snap/c1/1719982800.c1.snap.jpg,0.9712484
2024-07-03 05:30:00,/Volumes/Argus/unk/snap/c1/1719984600.c1.snap.jpg,0.9737837
2024-07-03 06:00:00,/Volumes/Argus/unk/snap/c1/1719986400.c1.snap.jpg,0.9196138
2024-07-03 06:30:00,/Volumes/Argus/unk/snap/c1/1719988200.c1.snap.jpg,0.93769956
2024-07-03 07:00:00,/Volumes/Argus/unk/snap/c1/1719990000.c1.snap.jpg,0.95814645
2024-07-03 07:30:00,/Volumes/Argus/unk/snap/c1/1719991800.c1.snap.jpg,0.9687875
2024-07-03 08:00:00,/Volumes/Argus/unk/snap/c1/1719993600.c1.snap.jpg,1.011673
2024-07-03 08:30:00,/Volumes/Argus/unk/snap/c1/1719995400.c1.snap.jpg,1.0302364
2024-07-03 09:00:00,/Volumes/Argus/unk/snap/c1/1719997200.c1.snap.jpg,0.9232839
2024-07-03 09:30:00,/Volumes/Argus/unk/snap/c1/1719999000.c1.snap.jpg,1.0641565
