time,path,H
2024-07-03 10:00:00,/Volumes/Argus/unk/snap/c1/1720000800.c1.snap.jpg,1.1111467
2024-07-03 10:30:00,/Volumes/Argus/unk/snap/c1/1720002600.c1.snap.jpg,1.1573496
2024-07-03 11:00:00,/Volumes/Argus/unk/snap/c1/1720004400.c1.snap.jpg,1.2009804
2024-07-03 11:30:00,/Volumes/Argus/unk/snap/c1/1720006200.c1.snap.jpg,1.2973385
2024-07-03 12:00:00,/Volumes/Argus/unk/snap/c1/1720008000.c1.snap.jpg,1.3633487
2024-07-03 14:00:00,/Volumes/Argus/unk/snap/c1/1720015200.c1.snap.jpg,1.5818483
2024-07-03 14:30:00,/Volumes/Argus/unk/snap/c1/1720017000.c1.snap.jpg,1.5145273
2024-07-03 15:00:00,/Volumes/Argus/unk/snap/c1/1720018800.c1.snap.jpg,1.4490477
2024-07-03 15:30:00,/Volumes/Argus/unk/snap/c1/1720020600.c1.snap.jpg,1.5037504
2024-07-03 16:00:00,/Volumes/Argus/unk/snap/c1/1720022400.c1.snap.jpg,1.4572772
2024-07-03 16:30:00,/Volumes/Argus/unk/snap/c1/1720024200.c1.snap.jpg,1.3983071
2024-07-03 17:00:00,/Volumes/Argus/unk/snap/c1/1720026000.c1.snap.jpg,1.4803782
2024-07-03 17:30:00,/Volumes/Argus/unk/snap/c1/1720027800.c1.snap.jpg,1.6349578
2024-07-03 18:00:00,/Volumes/Argus/unk/snap/c1/1720029600.c1.snap.jpg,1.6352638
2024-07-03 18:30:00,/Volumes/Argus/unk/snap/c1/1720031400.c1.snap.jpg,1.5144138
2024-07-03 19:00:00,/Volumes/Argus/unk/snap/c1/1720033200.c1.snap.jpg,1.4591757
2024-07-03 19:30:00,/Volumes/Argus/unk/snap/c1/1720035000.c1.snap.jpg,1.3915325
2024-07-03 20:00:00,/Volumes/Argus/unk/snap/c1/1720036800.c1.snap.jpg,1.3307244
2024-07-03 20:30:00,/Volumes/Argus/unk/snap/c1/1720038600.c1.snap.jpg,1.2796506
2024-07-03 21:00:00,/Volumes/Argus/unk/snap/c1/1720040400.c1.snap.jpg,1.2959416
2024-07-03 21:30:00,/Volumes/Argus/unk/snap/c1/1720042200.c1.snap.jpg,1.2110384
2024-07-03 22:00:00,/Volumes/Argus/unk/snap/c1/1720044000.c1.snap.jpg,1.0826302
2024-07-03 22:30:00,/Volumes/Argus/unk/snap/c1/1720045800.c1.snap.jpg,1.073854
2024-07-03 23:00:00,/Volumes/Argus/unk/snap/c1/1720047600.c1.snap.jpg,1.1225932
2024-07-03 23:30:00,/Volumes/Argus/unk/snap/c1/1720049400.c1.snap.jpg,1.0540547
2024-07-04 01:00:00,/Volumes/Argus/unk/snap/c1/1720054800.c1.snap.jpg,1.0283015
2024-07-04 01:30:00,/Volumes/Argus/unk/snap/c1/1720056600.c1.snap.jpg,1.1460116
2024-07-04 02:00:00,/Volumes/Argus/unk/snap/c1/1720058400.c1.snap.jpg,1.0780901
2024-07-04 02:30:00,/Volumes/Argus/unk/snap/c1/1720060200.c1.snap.jpg,0.9597508
2024-07-04 03:00:00,/Volumes/Argus/unk/snap/c1/1720062000.c1.snap.jpg,1.0295415
2024-07-04 03:30:00,/Volumes/Argus/unk/snap/c1/1720063800.c1.snap.jpg,0.84879744
2024-07-04 04:00:00,/Volumes/Argus/unk/snap/c1/1720065600.c1.snap.jpg,0.85077655
2024-07-04 04:30:00,/Volumes/Argus/unk/snap/c1/1720067400.c1.snap.jpg,0.8160602
2024-07-04 05:30:00,/Volumes/Argus/unk/snap/c1/1720071000.c1.snap.jpg,0.7887578
2024-07-04 06:00:00,/Volumes/Argus/unk/snap/c1/1720072800.c1.snap.jpg,0.76524234
2024-07-04 06:30:00,/Volumes/Argus/unk/snap/c1/1720074600.c1.snap.jpg,0.7862471
2024-07-04 07:00:00,/Volumes/Argus/unk/snap/c1/1720076400.c1.snap.jpg,0.8436909
2024-07-04 07:30:00,/Volumes/Argus/unk/snap/c1/1720078200.c1.snap.jpg,0.7954983
2024-07-04 08:00:00,/Volumes/Argus/unk/snap/c1/1720080000.c1.snap.jpg,0.73857784
2024-07-04 08:30:00,/Volumes/Argus/unk/snap/c1/1720081800.c1.snap.jpg,0.76636875
2024-07-04 09:00:00,/Volumes/Argus/unk/snap/c1/1720083600.c1.snap.jpg,0.8563298
2024-07-04 09:30:00,/Volumes/Argus/unk/snap/c1/1720085400.c1.snap.jpg,0.7961011
2024-07-04 10:00:00,/Volumes/Argus/unk/snap/c1/1720087200.c1.snap.jpg,0.8748194
2024-07-04 10:30:00,/Volumes/Argus/unk/snap/c1/1720089000.c1.snap.jpg,0.79140306
2024-07-04 11:00:00,/Volumes/Argus/unk/snap/c1/1720090800.c1.snap.jpg,0.7229976
2024-07-04 11:30:00,/Volumes/Argus/unk/snap/c1/1720092600.c1.snap.jpg,0.85561246
2024-07-04 12:00:00,/Volumes/Argus/unk/snap/c1/1720094400.c1.snap.jpg,0.81457865
2024-07-04 14:00:00,/Volumes/Argus/unk/snap/c1/1720101600.c1.snap.jpg,0.8819719
2024-07-04 14:30:00,/Volumes/Argus/unk/snap/c1/1720103400.c1.snap.jpg,0.8963115
2024-07-04 15:00:00,/Volumes/Argus/unk/snap/c1/1720105200.c1.snap.jpg,0.9702307
2024-07-04 16:00:00,/Volumes/Argus/unk/snap/c1/1720108800.c1.snap.jpg,0.89663315
2024-07-04 16:30:00,/Volumes/Argus/unk/snap/c1/1720110600.c1.snap.jpg,0.8796751
2024-07-04 17:00:00,/Volumes/Argus/unk/snap/c1/1720112400.c1.snap.jpg,0.89103067
2024-07-04 17:30:00,/Volumes/Argus/unk/snap/c1/1720114200.c1.snap.jpg,0.91738325
2024-07-04 18:00:00,/Volumes/Argus/unk/snap/c1/1720116000.c1.snap.jpg,0.89718956
2024-07-04 18:30:00,/Volumes/Argus/unk/snap/c1/1720117800.c1.snap.jpg,0.8545515
2024-07-04 19:00:00,/Volumes/Argus/unk/snap/c1/1720119600.c1.snap.jpg,0.8937758
2024-07-04 19:30:00,/Volumes/Argus/unk/snap/c1/1720121400.c1.snap.jpg,0.74096215
2024-07-04 20:30:00,/Volumes/Argus/unk/snap/c1/1720125000.c1.snap.jpg,0.67857754
2024-07-04 21:00:00,/Volumes/Argus/unk/snap/c1/1720126800.c1.snap.jpg,0.8389211
2024-07-04 21:30:00,/Volumes/Argus/unk/snap/c1/1720128600.c1.snap.jpg,0.80463344
2024-07-04 22:00:00,/Volumes/Argus/unk/snap/c1/1720130400.c1.snap.jpg,0.8048853
2024-07-04 22:30:00,/Volumes/Argus/unk/snap/c1/1720132200.c1.snap.jpg,0.71017015
2024-07-04 23:00:00,/Volumes/Argus/unk/snap/c1/1720134000.c1.snap.jpg,0.75589144
2024-07-04 23:30:00,/Volumes/Argus/unk/snap/c1/1720135800.c1.snap.jpg,1.0369432
2024-07-05 00:00:00,/Volumes/Argus/unk/snap/c1/1720137600.c1.snap.jpg,0.9598968
2024-07-05 00:30:00,/Volumes/Argus/unk/snap/c1/1720139400.c1.snap.jpg,1.0224972
2024-07-05 01:00:00,/Volumes/Argus/unk/snap/c1/1720141200.c1.snap.jpg,0.98457074
2024-07-05 01:30:00,/Volumes/Argus/unk/snap/c1/1720143000.c1.snap.jpg,1.0011425
2024-07-05 02:00:00,/Volumes/Argus/unk/snap/c1/1720144800.c1.snap.jpg,0.9807879
2024-07-05 02:30:00,/Volumes/Argus/unk/snap/c1/1720146600.c1.snap.jpg,0.97553664
2024-07-05 03:00:00,/Volumes/Argus/unk/snap/c1/1720148400.c1.snap.jpg,0.9510493
2024-07-05 03:30:00,/Volumes/Argus/unk/snap/c1/1720150200.c1.snap.jpg,0.99072784
2024-07-05 04:00:00,/Volumes/Argus/unk/snap/c1/1720152000.c1.snap.jpg,0.95261854
2024-07-05 04:30:00,/Volumes/Argus/unk/snap/c1/1720153800.c1.snap.jpg,1.0597932
2024-07-05 05:00:00,/Volumes/Argus/unk/snap/c1/1720155600.c1.snap.jpg,0.9686981
2024-07-05 05:30:00,/Volumes/Argus/unk/snap/c1/1720157400.c1.snap.jpg,1.1477667
2024-07-05 06:00:00,/Volumes/Argus/unk/snap/c1/1720159200.c1.snap.jpg,1.1577022
2024-07-05 06:30:00,/Volumes/Argus/unk/snap/c1/1720161000.c1.snap.jpg,1.0189745
2024-07-05 07:00:00,/Volumes/Argus/unk/snap/c1/1720162800.c1.snap.jpg,1.1074247
2024-07-05 07:30:00,/Volumes/Argus/unk/snap/c1/1720164600.c1.snap.jpg,1.2019106
2024-07-05 08:00:00,/Volumes/Argus/unk/snap/c1/1720166400.c1.snap.jpg,1.230892
2024-07-05 08:30:00,/Volumes/Argus/unk/snap/c1/1720168200.c1.snap.jpg,1.2791263
2024-07-05 09:00:00,/Volumes/Argus/unk/snap/c1/1720170000.c1.snap.jpg,1.2558658
2024-07-05 09:30:00,/Volumes/Argus/unk/snap/c1/1720171800.c1.snap.jpg,1.2620596
2024-07-05 10:00:00,/Volumes/Argus/unk/snap/c1/1720173600.c1.snap.jpg,1.2639067
2024-07-05 10:30:00,/Volumes/Argus/unk/snap/c1/1720175400.c1.snap.jpg,1.2747891
2024-07-05 11:00:00,/Volumes/Argus/unk/snap/c1/1720177200.c1.snap.jpg,1.2697225
2024-07-05 11:30:00,/Volumes/Argus/unk/snap/c1/1720179000.c1.snap.jpg,1.1874926
2024-07-05 12:00:00,/Volumes/Argus/unk/snap/c1/1720180800.c1.snap.jpg,1.2903824
2024-07-05 14:00:00,/Volumes/Argus/unk/snap/c1/1720188000.c1.snap.jpg,1.404028
2024-07-05 14:30:00,/Volumes/Argus/unk/snap/c1/1720189800.c1.snap.jpg,1.3620563
2024-07-05 15:00:00,/Volumes/Argus/unk/snap/c1/1720191600.c1.snap.jpg,1.3594742
2024-07-05 15:30:00,/Volumes/Argus/unk/snap/c1/1720193400.c1.snap.jpg,1.4198086
2024-07-05 16:00:00,/Volumes/Argus/unk/snap/c1/1720195200.c1.snap.jpg,1.4640354
2024-07-05 16:30:00,/Volumes/Argus/unk/snap/c1/1720197000.c1.snap.jpg,1.3308543
2024-07-05 17:00:00,/Volumes/Argus/unk/snap/c1/1720198800.c1.snap.jpg,1.299345
2024-07-05 17:30:00,/Volumes/Argus/unk/snap/c1/1720200600.c1.snap.jpg,1.2604097
2024-07-05 18:00:00,/Volumes/Argus/unk/snap/c1/1720202400.c1.snap.jpg,1.231953
2024-07-05 18:30:00,/Volumes/Argus/unk/snap/c1/1720204200.c1.snap.jpg,1.191345
2024-07-05 19:00:00,/Volumes/Argus/unk/snap/c1/1720206000.c1.snap.jpg,1.1139463
2024-07-05 19:30:00,/Volumes/Argus/unk/snap/c1/1720207800.c1.snap.jpg,0.920635
2024-07-05 20:00:00,/Volumes/Argus/unk/snap/c1/1720209600.c1.snap.jpg,0.9189291
2024-07-05 20:30:00,/Volumes/Argus/unk/snap/c1/1720211400.c1.snap.jpg,0.74359906
2024-07-05 21:00:00,/Volumes/Argus/unk/snap/c1/1720213200.c1.snap.jpg,0.7983969
2024-07-05 21:30:00,/Volumes/Argus/unk/snap/c1/1720215000.c1.snap.jpg,0.8372338
2024-07-05 22:00:00,/Volumes/Argus/unk/snap/c1/1720216800.c1.snap.jpg,0.750507
2024-07-05 22:30:00,/Volumes/Argus/unk/snap/c1/1720218600.c1.snap.jpg,0.7796867
2024-07-05 23:00:00,/Volumes/Argus/unk/snap/c1/1720220400.c1.snap.jpg,0.7312416
2024-07-05 23:30:00,/Volumes/Argus/unk/snap/c1/1720222200.c1.snap.jpg,0.67364454
2024-07-06 00:00:00,/Volumes/Argus/unk/snap/c1/1720224000.c1.snap.jpg,0.6731852
2024-07-06 00:30:00,/Volumes/Argus/unk/snap/c1/1720225800.c1.snap.jpg,0.6158731
2024-07-06 01:00:00,/Volumes/Argus/unk/snap/c1/1720227600.c1.snap.jpg,0.57004774
2024-07-06 01:30:00,/Volumes/Argus/unk/snap/c1/1720229400.c1.snap.jpg,0.44978777
2024-07-06 02:00:00,/Volumes/Argus/unk/snap/c1/1720231200.c1.snap.jpg,0.5181886
2024-07-06 02:30:00,/Volumes/Argus/unk/snap/c1/1720233000.c1.snap.jpg,0.55226105
2024-07-06 03:00:00,/Volumes/Argus/unk/snap/c1/1720234800.c1.snap.jpg,0.6020235
2024-07-06 03:30:00,/Volumes/Argus/unk/snap/c1/1720236600.c1.snap.jpg,0.4175419
2024-07-06 04:00:00,/Volumes/Argus/unk/snap/c1/1720238400.c1.snap.jpg,0.34679076
2024-07-06 04:30:00,/Volumes/Argus/unk/snap/c1/1720240200.c1.snap.jpg,0.5617564
2024-07-06 05:00:00,/Volumes/Argus/unk/snap/c1/1720242000.c1.snap.jpg,0.6614535
2024-07-06 05:30:00,/Volumes/Argus/unk/snap/c1/1720243800.c1.snap.jpg,0.51927227
2024-07-06 06:00:00,/Volumes/Argus/unk/snap/c1/1720245600.c1.snap.jpg,0.7395376
2024-07-06 06:30:00,/Volumes/Argus/unk/snap/c1/1720247400.c1.snap.jpg,0.46726307
2024-07-06 07:00:00,/Volumes/Argus/unk/snap/c1/1720249200.c1.snap.jpg,0.74659944
2024-07-06 07:30:00,/Volumes/Argus/unk/snap/c1/1720251000.c1.snap.jpg,0.8259271
2024-07-06 08:00:00,/Volumes/Argus/unk/snap/c1/1720252800.c1.snap.jpg,0.90719676
2024-07-06 08:30:00,/Volumes/Argus/unk/snap/c1/1720254600.c1.snap.jpg,0.9545214
2024-07-06 09:00:00,/Volumes/Argus/unk/snap/c1/1720256400.c1.snap.jpg,1.0682797
2024-07-06 09:30:00,/Volumes/Argus/unk/snap/c1/1720258200.c1.snap.jpg,1.0894554
2024-07-06 10:00:00,/Volumes/Argus/unk/snap/c1/1720260000.c1.snap.jpg,1.0448567
2024-07-06 10:30:00,/Volumes/Argus/unk/snap/c1/1720261800.c1.snap.jpg,1.1130741
2024-07-06 11:30:00,/Volumes/Argus/unk/snap/c1/1720265400.c1.snap.jpg,1.3114375
2024-07-06 12:00:00,/Volumes/Argus/unk/snap/c1/1720267200.c1.snap.jpg,1.2088461
2024-07-06 14:00:00,/Volumes/Argus/unk/snap/c1/1720274400.c1.snap.jpg,1.445589
2024-07-06 14:30:00,/Volumes/Argus/unk/snap/c1/1720276200.c1.snap.jpg,1.4330742
2024-07-06 15:00:00,/Volumes/Argus/unk/snap/c1/1720278000.c1.snap.jpg,1.4901028
2024-07-06 15:30:00,/Volumes/Argus/unk/snap/c1/1720279800.c1.snap.jpg,1.348698
2024-07-06 16:00:00,/Volumes/Argus/unk/snap/c1/1720281600.c1.snap.jpg,1.4560323
2024-07-06 16:30:00,/Volumes/Argus/unk/snap/c1/1720283400.c1.snap.jpg,1.469365
2024-07-06 17:00:00,/Volumes/Argus/unk/snap/c1/1720285200.c1.snap.jpg,1.4730992
2024-07-06 17:30:00,/Volumes/Argus/unk/snap/c1/1720287000.c1.snap.jpg,1.5215777
2024-07-06 18:00:00,/Volumes/Argus/unk/snap/c1/1720288800.c1.snap.jpg,1.6012543
2024-07-06 19:00:00,/Volumes/Argus/unk/snap/c1/1720292400.c1.snap.jpg,1.4747585
2024-07-06 19:30:00,/Volumes/Argus/unk/snap/c1/1720294200.c1.snap.jpg,1.4399476
2024-07-06 20:00:00,/Volumes/Argus/unk/snap/c1/1720296000.c1.snap.jpg,1.4250869
2024-07-06 20:30:00,/Volumes/Argus/unk/snap/c1/1720297800.c1.snap.jpg,1.4227469
2024-07-06 21:00:00,/Volumes/Argus/unk/snap/c1/1720299600.c1.snap.jpg,1.5711366
2024-07-06 21:30:00,/Volumes/Argus/unk/snap/c1/1720301400.c1.snap.jpg,1.4100509
2024-07-06 22:00:00,/Volumes/Argus/unk/snap/c1/1720303200.c1.snap.jpg,1.3851701
2024-07-06 22:30:00,/Volumes/Argus/unk/snap/c1/1720305000.c1.snap.jpg,1.336351
2024-07-06 23:00:00,/Volumes/Argus/unk/snap/c1/1720306800.c1.snap.jpg,1.2971277
2024-07-06 23:30:00,/Volumes/Argus/unk/snap/c1/1720308600.c1.snap.jpg,1.2376987
2024-07-07 00:00:00,/Volumes/Argus/unk/snap/c1/1720310400.c1.snap.jpg,1.200081
2024-07-07 00:30:00,/Volumes/Argus/unk/snap/c1/1720312200.c1.snap.jpg,1.0984262
2024-07-07 01:00:00,/Volumes/Argus/unk/snap/c1/1720314000.c1.snap.jpg,1.0935459
2024-07-07 01:30:00,/Volumes/Argus/unk/snap/c1/1720315800.c1.snap.jpg,1.0372859
2024-07-07 02:00:00,/Volumes/Argus/unk/snap/c1/1720317600.c1.snap.jpg,1.0457047
2024-07-07 02:30:00,/Volumes/Argus/unk/snap/c1/1720319400.c1.snap.jpg,1.0367169
2024-07-07 03:00:00,/Volumes/Argus/unk/snap/c1/1720321200.c1.snap.jpg,0.8967594
2024-07-07 03:30:00,/Volumes/Argus/unk/snap/c1/1720323000.c1.snap.jpg,0.88928187
2024-07-07 04:00:00,/Volumes/Argus/unk/snap/c1/1720324800.c1.snap.jpg,0.74377954
2024-07-07 04:30:00,/Volumes/Argus/unk/snap/c1/1720326600.c1.snap.jpg,0.8398081
2024-07-07 05:00:00,/Volumes/Argus/unk/snap/c1/1720328400.c1.snap.jpg,0.84364164
2024-07-07 05:30:00,/Volumes/Argus/unk/snap/c1/1720330200.c1.snap.jpg,0.87132347
2024-07-07 06:00:00,/Volumes/Argus/unk/snap/c1/1720332000.c1.snap.jpg,0.86578095
2024-07-07 06:30:00,/Volumes/Argus/unk/snap/c1/1720333800.c1.snap.jpg,0.8162699
2024-07-07 07:00:00,/Volumes/Argus/unk/snap/c1/1720335600.c1.snap.jpg,0.9229935
2024-07-07 07:30:00,/Volumes/Argus/unk/snap/c1/1720337400.c1.snap.jpg,0.8786098
2024-07-07 08:00:00,/Volumes/Argus/unk/snap/c1/1720339200.c1.snap.jpg,0.82359576
2024-07-07 08:30:00,/Volumes/Argus/unk/snap/c1/1720341000.c1.snap.jpg,1.0003263
2024-07-07 09:00:00,/Volumes/Argus/unk/snap/c1/1720342800.c1.snap.jpg,0.8795128
2024-07-07 09:30:00,/Volumes/Argus/unk/snap/c1/1720344600.c1.snap.jpg,1.0135968
2024-07-07 10:00:00,/Volumes/Argus/unk/snap/c1/1720346400.c1.snap.jpg,0.9287703
2024-07-07 10:30:00,/Volumes/Argus/unk/snap/c1/1720348200.c1.snap.jpg,0.90257376
2024-07-07 11:00:00,/Volumes/Argus/unk/snap/c1/1720350000.c1.snap.jpg,0.7820712
2024-07-07 11:30:00,/Volumes/Argus/unk/snap/c1/1720351800.c1.snap.jpg,0.85568917
2024-07-07 12:00:00,/Volumes/Argus/unk/snap/c1/1720353600.c1.snap.jpg,0.83559436
2024-07-07 14:00:00,/Volumes/Argus/unk/snap/c1/1720360800.c1.snap.jpg,0.74266994
2024-07-07 14:30:00,/Volumes/Argus/unk/snap/c1/1720362600.c1.snap.jpg,0.861007
2024-07-07 15:00:00,/Volumes/Argus/unk/snap/c1/1720364400.c1.snap.jpg,0.7756735
2024-07-07 15:30:00,/Volumes/Argus/unk/snap/c1/1720366200.c1.snap.jpg,0.8244661
2024-07-07 16:00:00,/Volumes/Argus/unk/snap/c1/1720368000.c1.snap.jpg,0.7853526
2024-07-07 17:00:00,/Volumes/Argus/unk/snap/c1/1720371600.c1.snap.jpg,0.76931226
2024-07-07 17:30:00,/Volumes/Argus/unk/snap/c1/1720373400.c1.snap.jpg,0.773684
2024-07-07 18:00:00,/Volumes/Argus/unk/snap/c1/1720375200.c1.snap.jpg,0.77669847
2024-07-07 18:30:00,/Volumes/Argus/unk/snap/c1/1720377000.c1.snap.jpg,0.64501095
2024-07-07 19:00:00,/Volumes/Argus/unk/snap/c1/1720378800.c1.snap.jpg,0.69988143
2024-07-07 19:30:00,/Volumes/Argus/unk/snap/c1/1720380600.c1.snap.jpg,0.55003893
2024-07-07 20:30:00,/Volumes/Argus/unk/snap/c1/1720384200.c1.snap.jpg,0.6622969
2024-07-07 21:00:00,/Volumes/Argus/unk/snap/c1/1720386000.c1.snap.jpg,0.5626998
2024-07-07 22:00:00,/Volumes/Argus/unk/snap/c1/1720389600.c1.snap.jpg,0.67096126
2024-07-07 22:30:00,/Volumes/Argus/unk/snap/c1/1720391400.c1.snap.jpg,0.5254999
2024-07-07 23:00:00,/Volumes/Argus/unk/snap/c1/1720393200.c1.snap.jpg,0.5114874
2024-07-07 23:30:00,/Volumes/Argus/unk/snap/c1/1720395000.c1.snap.jpg,0.5311507
2024-07-08 00:00:00,/Volumes/Argus/unk/snap/c1/1720396800.c1.snap.jpg,0.40493459
2024-07-08 00:30:00,/Volumes/Argus/unk/snap/c1/1720398600.c1.snap.jpg,0.48184162
2024-07-08 01:30:00,/Volumes/Argus/unk/snap/c1/1720402200.c1.snap.jpg,0.52829087
2024-07-08 02:00:00,/Volumes/Argus/unk/snap/c1/1720404000.c1.snap.jpg,0.4745843
2024-07-08 02:30:00,/Volumes/Argus/unk/snap/c1/1720405800.c1.snap.jpg,0.4083211
2024-07-08 03:00:00,/Volumes/Argus/unk/snap/c1/1720407600.c1.snap.jpg,0.36091086
2024-07-08 03:30:00,/Volumes/Argus/unk/snap/c1/1720409400.c1.snap.jpg,0.34877068
2024-07-08 04:00:00,/Volumes/Argus/unk/snap/c1/1720411200.c1.snap.jpg,0.56003875
2024-07-08 04:30:00,/Volumes/Argus/unk/snap/c1/1720413000.c1.snap.jpg,0.28342882
2024-07-08 05:00:00,/Volumes/Argus/unk/snap/c1/1720414800.c1.snap.jpg,0.4867757
2024-07-08 05:30:00,/Volumes/Argus/unk/snap/c1/1720416600.c1.snap.jpg,0.5398779
2024-07-08 06:00:00,/Volumes/Argus/unk/snap/c1/1720418400.c1.snap.jpg,0.5535438
2024-07-08 06:30:00,/Volumes/Argus/unk/snap/c1/1720420200.c1.snap.jpg,0.5387968
2024-07-08 07:00:00,/Volumes/Argus/unk/snap/c1/1720422000.c1.snap.jpg,0.46988088
2024-07-08 07:30:00,/Volumes/Argus/unk/snap/c1/1720423800.c1.snap.jpg,0.2077724
2024-07-08 08:00:00,/Volumes/Argus/unk/snap/c1/1720425600.c1.snap.jpg,0.24186929
2024-07-08 08:30:00,/Volumes/Argus/unk/snap/c1/1720427400.c1.snap.jpg,0.17559156
2024-07-08 09:00:00,/Volumes/Argus/unk/snap/c1/1720429200.c1.snap.jpg,0.23416075
2024-07-08 09:30:00,/Volumes/Argus/unk/snap/c1/1720431000.c1.snap.jpg,0.21600926
2024-07-08 10:00:00,/Volumes/Argus/unk/snap/c1/1720432800.c1.snap.jpg,0.16478293
2024-07-08 10:30:00,/Volumes/Argus/unk/snap/c1/1720434600.c1.snap.jpg,0.17215817
2024-07-08 11:00:00,/Volumes/Argus/unk/snap/c1/1720436400.c1.snap.jpg,0.20276189
2024-07-08 11:30:00,/Volumes/Argus/unk/snap/c1/1720438200.c1.snap.jpg,0.18648213
2024-07-08 12:00:00,/Volumes/Argus/unk/snap/c1/1720440000.c1.snap.jpg,0.24020784
2024-07-08 14:00:00,/Volumes/Argus/unk/snap/c1/1720447200.c1.snap.jpg,0.25881135
2024-07-08 14:30:00,/Volumes/Argus/unk/snap/c1/1720449000.c1.snap.jpg,0.24052382
2024-07-08 15:00:00,/Volumes/Argus/unk/snap/c1/1720450800.c1.snap.jpg,0.4922105
2024-07-08 15:30:00,/Volumes/Argus/unk/snap/c1/1720452600.c1.snap.jpg,0.3242578
2024-07-08 16:00:00,/Volumes/Argus/unk/snap/c1/1720454400.c1.snap.jpg,0.3043694
2024-07-08 16:30:00,/Volumes/Argus/unk/snap/c1/1720456200.c1.snap.jpg,0.29498407
2024-07-08 17:00:00,/Volumes/Argus/unk/snap/c1/1720458000.c1.snap.jpg,0.23585849
2024-07-08 17:30:00,/Volumes/Argus/unk/snap/c1/1720459800.c1.snap.jpg,0.32000518
2024-07-08 18:00:00,/Volumes/Argus/unk/snap/c1/1720461600.c1.snap.jpg,0.36877367
2024-07-08 18:30:00,/Volumes/Argus/unk/snap/c1/1720463400.c1.snap.jpg,0.3042322
2024-07-08 19:00:00,/Volumes/Argus/unk/snap/c1/1720465200.c1.snap.jpg,0.2996745
2024-07-08 19:30:00,/Volumes/Argus/unk/snap/c1/1720467000.c1.snap.jpg,0.28237492
2024-07-08 20:00:00,/Volumes/Argus/unk/snap/c1/1720468800.c1.snap.jpg,0.2995842
2024-07-08 20:30:00,/Volumes/Argus/unk/snap/c1/1720470600.c1.snap.jpg,0.26622915
2024-07-08 21:00:00,/Volumes/Argus/unk/snap/c1/1720472400.c1.snap.jpg,0.24580866
2024-07-08 21:30:00,/Volumes/Argus/unk/snap/c1/1720474200.c1.snap.jpg,0.2291027
2024-07-08 22:00:00,/Volumes/Argus/unk/snap/c1/1720476000.c1.snap.jpg,0.36404383
2024-07-08 22:30:00,/Volumes/Argus/unk/snap/c1/1720477800.c1.snap.jpg,0.27534717
2024-07-08 23:00:00,/Volumes/Argus/unk/snap/c1/1720479600.c1.snap.jpg,0.22738253
2024-07-08 23:30:00,/Volumes/Argus/unk/snap/c1/1720481400.c1.snap.jpg,0.23526005
2024-07-09 00:00:00,/Volumes/Argus/unk/snap/c1/1720483200.c1.snap.jpg,0.29426524
2024-07-09 00:30:00,/Volumes/Argus/unk/snap/c1/1720485000.c1.snap.jpg,0.3011558
2024-07-09 01:00:00,/Volumes/Argus/unk/snap/c1/1720486800.c1.snap.jpg,0.2670293
2024-07-09 01:30:00,/Volumes/Argus/unk/snap/c1/1720488600.c1.snap.jpg,0.31910193
2024-07-09 02:00:00,/Volumes/Argus/unk/snap/c1/1720490400.c1.snap.jpg,0.28561038
2024-07-09 02:30:00,/Volumes/Argus/unk/snap/c1/1720492200.c1.snap.jpg,0.26199472
2024-07-09 03:00:00,/Volumes/Argus/unk/snap/c1/1720494000.c1.snap.jpg,0.29350716
2024-07-09 03:30:00,/Volumes/Argus/unk/snap/c1/1720495800.c1.snap.jpg,0.3409603
2024-07-09 04:00:00,/Volumes/Argus/unk/snap/c1/1720497600.c1.snap.jpg,0.48599613
2024-07-09 04:30:00,/Volumes/Argus/unk/snap/c1/1720499400.c1.snap.jpg,0.29804826
2024-07-09 05:00:00,/Volumes/Argus/unk/snap/c1/1720501200.c1.snap.jpg,0.57859707
2024-07-09 05:30:00,/Volumes/Argus/unk/snap/c1/1720503000.c1.snap.jpg,0.61175406
2024-07-09 06:00:00,/Volumes/Argus/unk/snap/c1/1720504800.c1.snap.jpg,0.48472613
2024-07-09 06:30:00,/Volumes/Argus/unk/snap/c1/1720506600.c1.snap.jpg,0.44208246
2024-07-09 07:00:00,/Volumes/Argus/unk/snap/c1/1720508400.c1.snap.jpg,0.68914914
2024-07-09 07:30:00,/Volumes/Argus/unk/snap/c1/1720510200.c1.snap.jpg,0.69401926
2024-07-09 08:00:00,/Volumes/Argus/unk/snap/c1/1720512000.c1.snap.jpg,0.5392222
2024-07-09 08:30:00,/Volumes/Argus/unk/snap/c1/1720513800.c1.snap.jpg,0.5908073
2024-07-09 09:30:00,/Volumes/Argus/unk/snap/c1/1720517400.c1.snap.jpg,0.4576789
2024-07-09 10:00:00,/Volumes/Argus/unk/snap/c1/1720519200.c1.snap.jpg,0.35398695
2024-07-09 10:30:00,/Volumes/Argus/unk/snap/c1/1720521000.c1.snap.jpg,0.46637124
2024-07-09 11:00:00,/Volumes/Argus/unk/snap/c1/1720522800.c1.snap.jpg,0.419113
2024-07-09 11:30:00,/Volumes/Argus/unk/snap/c1/1720524600.c1.snap.jpg,0.5530015
2024-07-09 12:00:00,/Volumes/Argus/unk/snap/c1/1720526400.c1.snap.jpg,0.469535
2024-07-09 14:00:00,/Volumes/Argus/unk/snap/c1/1720533600.c1.snap.jpg,0.6415894
2024-07-09 14:30:00,/Volumes/Argus/unk/snap/c1/1720535400.c1.snap.jpg,0.537237
2024-07-09 15:00:00,/Volumes/Argus/unk/snap/c1/1720537200.c1.snap.jpg,0.56093544
2024-07-09 15:30:00,/Volumes/Argus/unk/snap/c1/1720539000.c1.snap.jpg,0.5119253
2024-07-09 16:00:00,/Volumes/Argus/unk/snap/c1/1720540800.c1.snap.jpg,0.45634606
2024-07-09 16:30:00,/Volumes/Argus/unk/snap/c1/1720542600.c1.snap.jpg,0.580339
2024-07-09 17:00:00,/Volumes/Argus/unk/snap/c1/1720544400.c1.snap.jpg,0.5545364
2024-07-09 17:30:00,/Volumes/Argus/unk/snap/c1/1720546200.c1.snap.jpg,0.65416443
2024-07-09 18:00:00,/Volumes/Argus/unk/snap/c1/1720548000.c1.snap.jpg,0.5979631
2024-07-09 18:30:00,/Volumes/Argus/unk/snap/c1/1720549800.c1.snap.jpg,0.644893
2024-07-09 19:00:00,/Volumes/Argus/unk/snap/c1/1720551600.c1.snap.jpg,0.6100807
2024-07-09 19:30:00,/Volumes/Argus/unk/snap/c1/1720553400.c1.snap.jpg,0.578118
2024-07-09 20:00:00,/Volumes/Argus/unk/snap/c1/1720555200.c1.snap.jpg,0.54124475
2024-07-09 20:30:00,/Volumes/Argus/unk/snap/c1/1720557000.c1.snap.jpg,0.37493366
2024-07-09 21:30:00,/Volumes/Argus/unk/snap/c1/1720560600.c1.snap.jpg,0.3664255
2024-07-09 22:00:00,/Volumes/Argus/unk/snap/c1/1720562400.c1.snap.jpg,0.29860365
2024-07-09 22:30:00,/Volumes/Argus/unk/snap/c1/1720564200.c1.snap.jpg,0.2862295
2024-07-09 23:00:00,/Volumes/Argus/unk/snap/c1/1720566000.c1.snap.jpg,0.4499953
2024-07-09 23:30:00,/Volumes/Argus/unk/snap/c1/1720567800.c1.snap.jpg,0.35610774
2024-07-10 00:00:00,/Volumes/Argus/unk/snap/c1/1720569600.c1.snap.jpg,0.35311198
2024-07-10 00:30:00,/Volumes/Argus/unk/snap/c1/1720571400.c1.snap.jpg,0.29641438
2024-07-10 01:00:00,/Volumes/Argus/unk/snap/c1/1720573200.c1.snap.jpg,0.32329193
2024-07-10 01:30:00,/Volumes/Argus/unk/snap/c1/1720575000.c1.snap.jpg,0.26158136
2024-07-10 02:00:00,/Volumes/Argus/unk/snap/c1/1720576800.c1.snap.jpg,0.2810129
2024-07-10 02:30:00,/Volumes/Argus/unk/snap/c1/1720578600.c1.snap.jpg,0.28125152
2024-07-10 03:00:00,/Volumes/Argus/unk/snap/c1/1720580400.c1.snap.jpg,0.3427025
2024-07-10 03:30:00,/Volumes/Argus/unk/snap/c1/1720582200.c1.snap.jpg,0.34782144
2024-07-10 04:00:00,/Volumes/Argus/unk/snap/c1/1720584000.c1.snap.jpg,0.27015153
2024-07-10 04:30:00,/Volumes/Argus/unk/snap/c1/1720585800.c1.snap.jpg,0.24685541
2024-07-10 05:00:00,/Volumes/Argus/unk/snap/c1/1720587600.c1.snap.jpg,0.258391
2024-07-10 05:30:00,/Volumes/Argus/unk/snap/c1/1720589400.c1.snap.jpg,0.30940098
2024-07-10 06:00:00,/Volumes/Argus/unk/snap/c1/1720591200.c1.snap.jpg,0.26173595
2024-07-10 06:30:00,/Volumes/Argus/unk/snap/c1/1720593000.c1.snap.jpg,0.30595213
2024-07-10 07:00:00,/Volumes/Argus/unk/snap/c1/1720594800.c1.snap.jpg,0.30978554
2024-07-10 07:30:00,/Volumes/Argus/unk/snap/c1/1720596600.c1.snap.jpg,0.24110778
2024-07-10 08:00:00,/Volumes/Argus/unk/snap/c1/1720598400.c1.snap.jpg,0.2385755
2024-07-10 08:30:00,/Volumes/Argus/unk/snap/c1/1720600200.c1.snap.jpg,0.4193076
2024-07-10 09:00:00,/Volumes/Argus/unk/snap/c1/1720602000.c1.snap.jpg,0.33278638
2024-07-10 09:30:00,/Volumes/Argus/unk/snap/c1/1720603800.c1.snap.jpg,0.32133555
2024-07-10 10:00:00,/Volumes/Argus/unk/snap/c1/1720605600.c1.snap.jpg,0.3861119
2024-07-10 10:30:00,/Volumes/Argus/unk/snap/c1/1720607400.c1.snap.jpg,0.31959945
2024-07-10 11:00:00,/Volumes/Argus/unk/snap/c1/1720609200.c1.snap.jpg,0.36338127
2024-07-10 11:30:00,/Volumes/Argus/unk/snap/c1/1720611000.c1.snap.jpg,0.33113816
2024-07-10 12:00:00,/Volumes/Argus/unk/snap/c1/1720612800.c1.snap.jpg,0.31041217
2024-07-10 14:00:00,/Volumes/Argus/unk/snap/c1/1720620000.c1.snap.jpg,0.24375099
2024-07-10 14:30:00,/Volumes/Argus/unk/snap/c1/1720621800.c1.snap.jpg,0.26527053
2024-07-10 15:00:00,/Volumes/Argus/unk/snap/c1/1720623600.c1.snap.jpg,0.3010532
2024-07-10 15:30:00,/Volumes/Argus/unk/snap/c1/1720625400.c1.snap.jpg,0.24478121
2024-07-10 16:00:00,/Volumes/Argus/unk/snap/c1/1720627200.c1.snap.jpg,0.2838771
2024-07-10 16:30:00,/Volumes/Argus/unk/snap/c1/1720629000.c1.snap.jpg,0.27029148
2024-07-10 17:00:00,/Volumes/Argus/unk/snap/c1/1720630800.c1.snap.jpg,0.334515
2024-07-10 17:30:00,/Volumes/Argus/unk/snap/c1/1720632600.c1.snap.jpg,0.30768287
2024-07-10 18:00:00,/Volumes/Argus/unk/snap/c1/1720634400.c1.snap.jpg,0.2998641
2024-07-10 18:30:00,/Volumes/Argus/unk/snap/c1/1720636200.c1.snap.jpg,0.31672478
2024-07-10 19:00:00,/Volumes/Argus/unk/snap/c1/1720638000.c1.snap.jpg,0.3284157
2024-07-10 19:30:00,/Volumes/Argus/unk/snap/c1/1720639800.c1.snap.jpg,0.29443288
2024-07-10 20:00:00,/Volumes/Argus/unk/snap/c1/1720641600.c1.snap.jpg,0.3755415
2024-07-10 20:30:00,/Volumes/Argus/unk/snap/c1/1720643400.c1.snap.jpg,0.35024184
2024-07-10 21:00:00,/Volumes/Argus/unk/snap/c1/1720645200.c1.snap.jpg,0.3532573
2024-07-10 21:30:00,/Volumes/Argus/unk/snap/c1/1720647000.c1.snap.jpg,0.39908588
2024-07-10 22:00:00,/Volumes/Argus/unk/snap/c1/1720648800.c1.snap.jpg,0.40934247
2024-07-10 22:30:00,/Volumes/Argus/unk/snap/c1/1720650600.c1.snap.jpg,0.36442214
2024-07-10 23:00:00,/Volumes/Argus/unk/snap/c1/1720652400.c1.snap.jpg,0.41381446
2024-07-10 23:30:00,/Volumes/Argus/unk/snap/c1/1720654200.c1.snap.jpg,0.5794147
2024-07-11 00:00:00,/Volumes/Argus/unk/snap/c1/1720656000.c1.snap.jpg,0.5320359
2024-07-11 00:30:00,/Volumes/Argus/unk/snap/c1/1720657800.c1.snap.jpg,0.33940372
2024-07-11 01:00:00,/Volumes/Argus/unk/snap/c1/1720659600.c1.snap.jpg,0.3271886
2024-07-11 01:30:00,/Volumes/Argus/unk/snap/c1/1720661400.c1.snap.jpg,0.33374304
2024-07-11 02:00:00,/Volumes/Argus/unk/snap/c1/1720663200.c1.snap.jpg,0.3789506
2024-07-11 02:30:00,/Volumes/Argus/unk/snap/c1/1720665000.c1.snap.jpg,0.32440284
2024-07-11 03:00:00,/Volumes/Argus/unk/snap/c1/1720666800.c1.snap.jpg,0.46400627
2024-07-11 03:30:00,/Volumes/Argus/unk/snap/c1/1720668600.c1.snap.jpg,0.27621958
2024-07-11 04:00:00,/Volumes/Argus/unk/snap/c1/1720670400.c1.snap.jpg,0.4079289
2024-07-11 04:30:00,/Volumes/Argus/unk/snap/c1/1720672200.c1.snap.jpg,0.19089706
2024-07-11 05:00:00,/Volumes/Argus/unk/snap/c1/1720674000.c1.snap.jpg,0.24766107
2024-07-11 05:30:00,/Volumes/Argus/unk/snap/c1/1720675800.c1.snap.jpg,0.2842628
2024-07-11 06:00:00,/Volumes/Argus/unk/snap/c1/1720677600.c1.snap.jpg,0.28747943
2024-07-11 06:30:00,/Volumes/Argus/unk/snap/c1/1720679400.c1.snap.jpg,0.33467978
2024-07-11 07:00:00,/Volumes/Argus/unk/snap/c1/1720681200.c1.snap.jpg,0.27196637
2024-07-11 07:30:00,/Volumes/Argus/unk/snap/c1/1720683000.c1.snap.jpg,0.29498816
2024-07-11 08:00:00,/Volumes/Argus/unk/snap/c1/1720684800.c1.snap.jpg,0.30969608
2024-07-11 08:30:00,/Volumes/Argus/unk/snap/c1/1720686600.c1.snap.jpg,0.24866635
2024-07-11 09:00:00,/Volumes/Argus/unk/snap/c1/1720688400.c1.snap.jpg,0.28477633
2024-07-11 09:30:00,/Volumes/Argus/unk/snap/c1/1720690200.c1.snap.jpg,0.28002357
2024-07-11 10:00:00,/Volumes/Argus/unk/snap/c1/1720692000.c1.snap.jpg,0.39178827
2024-07-11 10:30:00,/Volumes/Argus/unk/snap/c1/1720693800.c1.snap.jpg,0.38388216
2024-07-11 11:00:00,/Volumes/Argus/unk/snap/c1/1720695600.c1.snap.jpg,0.38636458
2024-07-11 11:30:00,/Volumes/Argus/unk/snap/c1/1720697400.c1.snap.jpg,0.3240505
2024-07-11 12:00:00,/Volumes/Argus/unk/snap/c1/1720699200.c1.snap.jpg,0.49069265
2024-07-11 14:00:00,/Volumes/Argus/unk/snap/c1/1720706400.c1.snap.jpg,0.35183156
2024-07-11 14:30:00,/Volumes/Argus/unk/snap/c1/1720708200.c1.snap.jpg,0.3922286
2024-07-11 15:00:00,/Volumes/Argus/unk/snap/c1/1720710000.c1.snap.jpg,0.35153002
2024-07-11 15:30:00,/Volumes/Argus/unk/snap/c1/1720711800.c1.snap.jpg,0.31423563
2024-07-11 16:00:00,/Volumes/Argus/unk/snap/c1/1720713600.c1.snap.jpg,0.36908892
2024-07-11 16:30:00,/Volumes/Argus/unk/snap/c1/1720715400.c1.snap.jpg,0.3516904
2024-07-11 17:00:00,/Volumes/Argus/unk/snap/c1/1720717200.c1.snap.jpg,0.25521085
2024-07-11 17:30:00,/Volumes/Argus/unk/snap/c1/1720719000.c1.snap.jpg,0.2904929
2024-07-11 18:00:00,/Volumes/Argus/unk/snap/c1/1720720800.c1.snap.jpg,0.23621309
2024-07-11 18:30:00,/Volumes/Argus/unk/snap/c1/1720722600.c1.snap.jpg,0.3950479
2024-07-11 19:00:00,/Volumes/Argus/unk/snap/c1/1720724400.c1.snap.jpg,0.28264588
2024-07-11 19:30:00,/Volumes/Argus/unk/snap/c1/1720726200.c1.snap.jpg,0.26842713
2024-07-11 20:00:00,/Volumes/Argus/unk/snap/c1/1720728000.c1.snap.jpg,0.4849675
2024-07-11 20:30:00,/Volumes/Argus/unk/snap/c1/1720729800.c1.snap.jpg,0.33982295
2024-07-11 21:00:00,/Volumes/Argus/unk/snap/c1/1720731600.c1.snap.jpg,0.3346001
2024-07-11 21:30:00,/Volumes/Argus/unk/snap/c1/1720733400.c1.snap.jpg,0.41330376
2024-07-11 22:00:00,/Volumes/Argus/unk/snap/c1/1720735200.c1.snap.jpg,0.40009135
2024-07-11 22:30:00,/Volumes/Argus/unk/snap/c1/1720737000.c1.snap.jpg,0.51542497
2024-07-11 23:00:00,/Volumes/Argus/unk/snap/c1/1720738800.c1.snap.jpg,0.4531969
2024-07-11 23:30:00,/Volumes/Argus/unk/snap/c1/1720740600.c1.snap.jpg,0.40983877
2024-07-12 00:00:00,/Volumes/Argus/unk/snap/c1/1720742400.c1.snap.jpg,0.35498726
2024-07-12 00:30:00,/Volumes/Argus/unk/snap/c1/1720744200.c1.snap.jpg,0.38505203
2024-07-12 01:00:00,/Volumes/Argus/unk/snap/c1/1720746000.c1.snap.jpg,0.40201604
2024-07-12 01:30:00,/Volumes/Argus/unk/snap/c1/1720747800.c1.snap.jpg,0.36930168
2024-07-12 02:00:00,/Volumes/Argus/unk/snap/c1/1720749600.c1.snap.jpg,0.3424626
2024-07-12 02:30:00,/Volumes/Argus/unk/snap/c1/1720751400.c1.snap.jpg,0.2626338
2024-07-12 03:00:00,/Volumes/Argus/unk/snap/c1/1720753200.c1.snap.jpg,0.43107152
2024-07-12 03:30:00,/Volumes/Argus/unk/snap/c1/1720755000.c1.snap.jpg,0.39060307
2024-07-12 04:00:00,/Volumes/Argus/unk/snap/c1/1720756800.c1.snap.jpg,0.298324
2024-07-12 04:30:00,/Volumes/Argus/unk/snap/c1/1720758600.c1.snap.jpg,0.34695715
2024-07-12 05:00:00,/Volumes/Argus/unk/snap/c1/1720760400.c1.snap.jpg,0.5987068
2024-07-12 05:30:00,/Volumes/Argus/unk/snap/c1/1720762200.c1.snap.jpg,0.2531136
2024-07-12 06:00:00,/Volumes/Argus/unk/snap/c1/1720764000.c1.snap.jpg,0.491762
2024-07-12 07:00:00,/Volumes/Argus/unk/snap/c1/1720767600.c1.snap.jpg,0.38827094
2024-07-12 07:30:00,/Volumes/Argus/unk/snap/c1/1720769400.c1.snap.jpg,0.47733954
2024-07-12 08:00:00,/Volumes/Argus/unk/snap/c1/1720771200.c1.snap.jpg,0.3167571
2024-07-12 08:30:00,/Volumes/Argus/unk/snap/c1/1720773000.c1.snap.jpg,0.2648043
2024-07-12 09:00:00,/Volumes/Argus/unk/snap/c1/1720774800.c1.snap.jpg,0.23125203
2024-07-12 09:30:00,/Volumes/Argus/unk/snap/c1/1720776600.c1.snap.jpg,0.37957975
2024-07-12 10:00:00,/Volumes/Argus/unk/snap/c1/1720778400.c1.snap.jpg,0.18407714
2024-07-12 10:30:00,/Volumes/Argus/unk/snap/c1/1720780200.c1.snap.jpg,0.23848452
2024-07-12 11:00:00,/Volumes/Argus/unk/snap/c1/1720782000.c1.snap.jpg,0.2798594
2024-07-12 11:30:00,/Volumes/Argus/unk/snap/c1/1720783800.c1.snap.jpg,0.2923877
2024-07-12 12:00:00,/Volumes/Argus/unk/snap/c1/1720785600.c1.snap.jpg,0.35331446
2024-07-12 14:00:00,/Volumes/Argus/unk/snap/c1/1720792800.c1.snap.jpg,0.29042417
2024-07-12 14:30:00,/Volumes/Argus/unk/snap/c1/1720794600.c1.snap.jpg,0.27558032
2024-07-12 15:00:00,/Volumes/Argus/unk/snap/c1/1720796400.c1.snap.jpg,0.45098194
2024-07-12 15:30:00,/Volumes/Argus/unk/snap/c1/1720798200.c1.snap.jpg,0.32370675
2024-07-12 16:00:00,/Volumes/Argus/unk/snap/c1/1720800000.c1.snap.jpg,0.28225076
2024-07-12 16:30:00,/Volumes/Argus/unk/snap/c1/1720801800.c1.snap.jpg,0.35702497
2024-07-12 17:00:00,/Volumes/Argus/unk/snap/c1/1720803600.c1.snap.jpg,0.30821812
2024-07-12 17:30:00,/Volumes/Argus/unk/snap/c1/1720805400.c1.snap.jpg,0.37859508
2024-07-12 18:00:00,/Volumes/Argus/unk/snap/c1/1720807200.c1.snap.jpg,0.30294293
2024-07-12 18:30:00,/Volumes/Argus/unk/snap/c1/1720809000.c1.snap.jpg,0.28231227
2024-07-12 19:00:00,/Volumes/Argus/unk/snap/c1/1720810800.c1.snap.jpg,0.27659205
2024-07-12 19:30:00,/Volumes/Argus/unk/snap/c1/1720812600.c1.snap.jpg,0.33059835
2024-07-12 20:00:00,/Volumes/Argus/unk/snap/c1/1720814400.c1.snap.jpg,0.28940377
2024-07-12 20:30:00,/Volumes/Argus/unk/snap/c1/1720816200.c1.snap.jpg,0.35811758
2024-07-12 21:00:00,/Volumes/Argus/unk/snap/c1/1720818000.c1.snap.jpg,0.2861869
2024-07-12 21:30:00,/Volumes/Argus/unk/snap/c1/1720819800.c1.snap.jpg,0.2722558
2024-07-12 22:30:00,/Volumes/Argus/unk/snap/c1/1720823400.c1.snap.jpg,0.42082757
2024-07-12 23:00:00,/Volumes/Argus/unk/snap/c1/1720825200.c1.snap.jpg,0.43420258
2024-07-12 23:30:00,/Volumes/Argus/unk/snap/c1/1720827000.c1.snap.jpg,0.465056
2024-07-13 00:00:00,/Volumes/Argus/unk/snap/c1/1720828800.c1.snap.jpg,0.3772089
2024-07-13 00:30:00,/Volumes/Argus/unk/snap/c1/1720830600.c1.snap.jpg,0.3407924
2024-07-13 01:00:00,/Volumes/Argus/unk/snap/c1/1720832400.c1.snap.jpg,0.30037552
2024-07-13 01:30:00,/Volumes/Argus/unk/snap/c1/1720834200.c1.snap.jpg,0.37902457
2024-07-13 02:00:00,/Volumes/Argus/unk/snap/c1/1720836000.c1.snap.jpg,0.31971645
2024-07-13 02:30:00,/Volumes/Argus/unk/snap/c1/1720837800.c1.snap.jpg,0.40102237
2024-07-13 03:00:00,/Volumes/Argus/unk/snap/c1/1720839600.c1.snap.jpg,0.37514096
2024-07-13 03:30:00,/Volumes/Argus/unk/snap/c1/1720841400.c1.snap.jpg,0.45870507
2024-07-13 04:00:00,/Volumes/Argus/unk/snap/c1/1720843200.c1.snap.jpg,0.37973988
2024-07-13 04:30:00,/Volumes/Argus/unk/snap/c1/1720845000.c1.snap.jpg,0.46750656
2024-07-13 05:00:00,/Volumes/Argus/unk/snap/c1/1720846800.c1.snap.jpg,0.46551424
2024-07-13 05:30:00,/Volumes/Argus/unk/snap/c1/1720848600.c1.snap.jpg,0.4268393
2024-07-13 06:00:00,/Volumes/Argus/unk/snap/c1/1720850400.c1.snap.jpg,0.46379453
2024-07-13 06:30:00,/Volumes/Argus/unk/snap/c1/1720852200.c1.snap.jpg,0.49384066
2024-07-13 07:00:00,/Volumes/Argus/unk/snap/c1/1720854000.c1.snap.jpg,0.26581186
2024-07-13 07:30:00,/Volumes/Argus/unk/snap/c1/1720855800.c1.snap.jpg,0.24304667
2024-07-13 08:00:00,/Volumes/Argus/unk/snap/c1/1720857600.c1.snap.jpg,0.28211015
2024-07-13 08:30:00,/Volumes/Argus/unk/snap/c1/1720859400.c1.snap.jpg,0.34763426
2024-07-13 09:00:00,/Volumes/Argus/unk/snap/c1/1720861200.c1.snap.jpg,0.49113512
2024-07-13 09:30:00,/Volumes/Argus/unk/snap/c1/1720863000.c1.snap.jpg,0.5390229
2024-07-13 10:00:00,/Volumes/Argus/unk/snap/c1/1720864800.c1.snap.jpg,0.5020696
2024-07-13 10:30:00,/Volumes/Argus/unk/snap/c1/1720866600.c1.snap.jpg,0.48907605
2024-07-13 11:00:00,/Volumes/Argus/unk/snap/c1/1720868400.c1.snap.jpg,0.42087403
2024-07-13 11:30:00,/Volumes/Argus/unk/snap/c1/1720870200.c1.snap.jpg,0.45343438
2024-07-13 12:00:00,/Volumes/Argus/unk/snap/c1/1720872000.c1.snap.jpg,0.5346589
2024-07-13 14:00:00,/Volumes/Argus/unk/snap/c1/1720879200.c1.snap.jpg,0.70013505
2024-07-13 14:30:00,/Volumes/Argus/unk/snap/c1/1720881000.c1.snap.jpg,0.63206613
2024-07-13 15:00:00,/Volumes/Argus/unk/snap/c1/1720882800.c1.snap.jpg,0.6524996
2024-07-13 15:30:00,/Volumes/Argus/unk/snap/c1/1720884600.c1.snap.jpg,0.72860825
2024-07-13 16:00:00,/Volumes/Argus/unk/snap/c1/1720886400.c1.snap.jpg,0.7506496
2024-07-13 16:30:00,/Volumes/Argus/unk/snap/c1/1720888200.c1.snap.jpg,0.72388506
2024-07-13 17:00:00,/Volumes/Argus/unk/snap/c1/1720890000.c1.snap.jpg,0.5583124
2024-07-13 17:30:00,/Volumes/Argus/unk/snap/c1/1720891800.c1.snap.jpg,0.73740554
2024-07-13 18:00:00,/Volumes/Argus/unk/snap/c1/1720893600.c1.snap.jpg,0.72333825
2024-07-13 19:00:00,/Volumes/Argus/unk/snap/c1/1720897200.c1.snap.jpg,0.6758116
2024-07-13 19:30:00,/Volumes/Argus/unk/snap/c1/1720899000.c1.snap.jpg,0.55536634
2024-07-13 20:00:00,/Volumes/Argus/unk/snap/c1/1720900800.c1.snap.jpg,0.6703634
2024-07-13 20:30:00,/Volumes/Argus/unk/snap/c1/1720902600.c1.snap.jpg,0.6080298
2024-07-13 21:00:00,/Volumes/Argus/unk/snap/c1/1720904400.c1.snap.jpg,0.7045094
2024-07-13 21:30:00,/Volumes/Argus/unk/snap/c1/1720906200.c1.snap.jpg,0.3941636
2024-07-13 22:00:00,/Volumes/Argus/unk/snap/c1/1720908000.c1.snap.jpg,0.70418775
2024-07-13 22:30:00,/Volumes/Argus/unk/snap/c1/1720909800.c1.snap.jpg,0.5597038
2024-07-13 23:00:00,/Volumes/Argus/unk/snap/c1/1720911600.c1.snap.jpg,0.6400002
2024-07-13 23:30:00,/Volumes/Argus/unk/snap/c1/1720913400.c1.snap.jpg,0.6583652
2024-07-14 00:00:00,/Volumes/Argus/unk/snap/c1/1720915200.c1.snap.jpg,0.6326261
2024-07-14 00:30:00,/Volumes/Argus/unk/snap/c1/1720917000.c1.snap.jpg,0.7196717
2024-07-14 01:00:00,/Volumes/Argus/unk/snap/c1/1720918800.c1.snap.jpg,0.7335526
2024-07-14 01:30:00,/Volumes/Argus/unk/snap/c1/1720920600.c1.snap.jpg,0.6486847
2024-07-14 02:00:00,/Volumes/Argus/unk/snap/c1/1720922400.c1.snap.jpg,0.66337436
2024-07-14 02:30:00,/Volumes/Argus/unk/snap/c1/1720924200.c1.snap.jpg,0.7176403
2024-07-14 03:00:00,/Volumes/Argus/unk/snap/c1/1720926000.c1.snap.jpg,0.52621543
2024-07-14 03:30:00,/Volumes/Argus/unk/snap/c1/1720927800.c1.snap.jpg,0.44410032
2024-07-14 04:00:00,/Volumes/Argus/unk/snap/c1/1720929600.c1.snap.jpg,0.60176194
2024-07-14 04:30:00,/Volumes/Argus/unk/snap/c1/1720931400.c1.snap.jpg,0.6398742
2024-07-14 05:00:00,/Volumes/Argus/unk/snap/c1/1720933200.c1.snap.jpg,0.5439184
2024-07-14 05:30:00,/Volumes/Argus/unk/snap/c1/1720935000.c1.snap.jpg,0.5846697
2024-07-14 06:00:00,/Volumes/Argus/unk/snap/c1/1720936800.c1.snap.jpg,0.52568865
2024-07-14 06:30:00,/Volumes/Argus/unk/snap/c1/1720938600.c1.snap.jpg,0.5341245
2024-07-14 07:00:00,/Volumes/Argus/unk/snap/c1/1720940400.c1.snap.jpg,0.43760377
2024-07-14 07:30:00,/Volumes/Argus/unk/snap/c1/1720942200.c1.snap.jpg,0.48294201
2024-07-14 08:00:00,/Volumes/Argus/unk/snap/c1/1720944000.c1.snap.jpg,0.39635512
2024-07-14 08:30:00,/Volumes/Argus/unk/snap/c1/1720945800.c1.snap.jpg,0.4354958
2024-07-14 09:00:00,/Volumes/Argus/unk/snap/c1/1720947600.c1.snap.jpg,0.3195626
2024-07-14 09:30:00,/Volumes/Argus/unk/snap/c1/1720949400.c1.snap.jpg,0.29964897
2024-07-14 10:00:00,/Volumes/Argus/unk/snap/c1/1720951200.c1.snap.jpg,0.5150244
2024-07-14 10:30:00,/Volumes/Argus/unk/snap/c1/1720953000.c1.snap.jpg,0.3422937
2024-07-14 11:00:00,/Volumes/Argus/unk/snap/c1/1720954800.c1.snap.jpg,0.36306626
2024-07-14 11:30:00,/Volumes/Argus/unk/snap/c1/1720956600.c1.snap.jpg,0.39611018
2024-07-14 12:00:00,/Volumes/Argus/unk/snap/c1/1720958400.c1.snap.jpg,0.33581004
2024-07-14 14:00:00,/Volumes/Argus/unk/snap/c1/1720965600.c1.snap.jpg,0.2800662
2024-07-14 14:30:00,/Volumes/Argus/unk/snap/c1/1720967400.c1.snap.jpg,0.2438944
2024-07-14 15:00:00,/Volumes/Argus/unk/snap/c1/1720969200.c1.snap.jpg,0.33277234
2024-07-14 15:30:00,/Volumes/Argus/unk/snap/c1/1720971000.c1.snap.jpg,0.35157722
2024-07-14 16:00:00,/Volumes/Argus/unk/snap/c1/1720972800.c1.snap.jpg,0.25357527
2024-07-14 16:30:00,/Volumes/Argus/unk/snap/c1/1720974600.c1.snap.jpg,0.36839703
2024-07-14 17:00:00,/Volumes/Argus/unk/snap/c1/1720976400.c1.snap.jpg,0.29978174
2024-07-14 17:30:00,/Volumes/Argus/unk/snap/c1/1720978200.c1.snap.jpg,0.5012928
2024-07-14 18:00:00,/Volumes/Argus/unk/snap/c1/1720980000.c1.snap.jpg,0.5077728
2024-07-14 18:30:00,/Volumes/Argus/unk/snap/c1/1720981800.c1.snap.jpg,0.42087018
2024-07-14 19:00:00,/Volumes/Argus/unk/snap/c1/1720983600.c1.snap.jpg,0.4759969
2024-07-14 19:30:00,/Volumes/Argus/unk/snap/c1/1720985400.c1.snap.jpg,0.35434246
2024-07-14 20:00:00,/Volumes/Argus/unk/snap/c1/1720987200.c1.snap.jpg,0.3505238
2024-07-14 20:30:00,/Volumes/Argus/unk/snap/c1/1720989000.c1.snap.jpg,0.40882728
2024-07-14 21:00:00,/Volumes/Argus/unk/snap/c1/1720990800.c1.snap.jpg,0.4494358
2024-07-14 21:30:00,/Volumes/Argus/unk/snap/c1/1720992600.c1.snap.jpg,0.5046909
2024-07-14 22:30:00,/Volumes/Argus/unk/snap/c1/1720996200.c1.snap.jpg,0.2944907
2024-07-14 23:00:00,/Volumes/Argus/unk/snap/c1/1720998000.c1.snap.jpg,0.3337296
2024-07-14 23:30:00,/Volumes/Argus/unk/snap/c1/1720999800.c1.snap.jpg,0.41739702
2024-07-15 00:00:00,/Volumes/Argus/unk/snap/c1/1721001600.c1.snap.jpg,0.4107171
2024-07-15 00:30:00,/Volumes/Argus/unk/snap/c1/1721003400.c1.snap.jpg,0.32141504
2024-07-15 01:00:00,/Volumes/Argus/unk/snap/c1/1721005200.c1.snap.jpg,0.45206654
2024-07-15 01:30:00,/Volumes/Argus/unk/snap/c1/1721007000.c1.snap.jpg,0.57680815
2024-07-15 02:00:00,/Volumes/Argus/unk/snap/c1/1721008800.c1.snap.jpg,0.4533569
2024-07-15 02:30:00,/Volumes/Argus/unk/snap/c1/1721010600.c1.snap.jpg,0.39187533
2024-07-15 03:00:00,/Volumes/Argus/unk/snap/c1/1721012400.c1.snap.jpg,0.5741159
2024-07-15 03:30:00,/Volumes/Argus/unk/snap/c1/1721014200.c1.snap.jpg,0.41588086
2024-07-15 04:00:00,/Volumes/Argus/unk/snap/c1/1721016000.c1.snap.jpg,0.515576
2024-07-15 04:30:00,/Volumes/Argus/unk/snap/c1/1721017800.c1.snap.jpg,0.4710105
2024-07-15 05:00:00,/Volumes/Argus/unk/snap/c1/1721019600.c1.snap.jpg,0.45506918
2024-07-15 05:30:00,/Volumes/Argus/unk/snap/c1/1721021400.c1.snap.jpg,0.54670614
2024-07-15 06:00:00,/Volumes/Argus/unk/snap/c1/1721023200.c1.snap.jpg,0.5483091
2024-07-15 06:30:00,/Volumes/Argus/unk/snap/c1/1721025000.c1.snap.jpg,0.3479586
2024-07-15 07:00:00,/Volumes/Argus/unk/snap/c1/1721026800.c1.snap.jpg,0.42610925
2024-07-15 07:30:00,/Volumes/Argus/unk/snap/c1/1721028600.c1.snap.jpg,0.4838251
2024-07-15 08:00:00,/Volumes/Argus/unk/snap/c1/1721030400.c1.snap.jpg,0.39585015
2024-07-15 08:30:00,/Volumes/Argus/unk/snap/c1/1721032200.c1.snap.jpg,0.41927075
2024-07-15 09:00:00,/Volumes/Argus/unk/snap/c1/1721034000.c1.snap.jpg,0.35430405
2024-07-15 09:30:00,/Volumes/Argus/unk/snap/c1/1721035800.c1.snap.jpg,0.46988162
2024-07-15 10:00:00,/Volumes/Argus/unk/snap/c1/1721037600.c1.snap.jpg,0.258499
2024-07-15 10:30:00,/Volumes/Argus/unk/snap/c1/1721039400.c1.snap.jpg,0.35861534
2024-07-15 11:00:00,/Volumes/Argus/unk/snap/c1/1721041200.c1.snap.jpg,0.41413325
2024-07-15 11:30:00,/Volumes/Argus/unk/snap/c1/1721043000.c1.snap.jpg,0.3376249
2024-07-15 12:00:00,/Volumes/Argus/unk/snap/c1/1721044800.c1.snap.jpg,0.3164054
2024-07-15 14:00:00,/Volumes/Argus/unk/snap/c1/1721052000.c1.snap.jpg,0.37771568
2024-07-15 14:30:00,/Volumes/Argus/unk/snap/c1/1721053800.c1.snap.jpg,0.3777887
2024-07-15 15:00:00,/Volumes/Argus/unk/snap/c1/1721055600.c1.snap.jpg,0.4054371
2024-07-15 15:30:00,/Volumes/Argus/unk/snap/c1/1721057400.c1.snap.jpg,0.5217378
2024-07-15 16:00:00,/Volumes/Argus/unk/snap/c1/1721059200.c1.snap.jpg,0.46068585
2024-07-15 16:30:00,/Volumes/Argus/unk/snap/c1/1721061000.c1.snap.jpg,0.49832392
2024-07-15 17:00:00,/Volumes/Argus/unk/snap/c1/1721062800.c1.snap.jpg,0.50516737
2024-07-15 17:30:00,/Volumes/Argus/unk/snap/c1/1721064600.c1.snap.jpg,0.30920818
2024-07-15 18:00:00,/Volumes/Argus/unk/snap/c1/1721066400.c1.snap.jpg,0.3370142
2024-07-15 18:30:00,/Volumes/Argus/unk/snap/c1/1721068200.c1.snap.jpg,0.35438502
2024-07-15 19:00:00,/Volumes/Argus/unk/snap/c1/1721070000.c1.snap.jpg,0.43689156
2024-07-15 19:30:00,/Volumes/Argus/unk/snap/c1/1721071800.c1.snap.jpg,0.40234336
2024-07-15 20:00:00,/Volumes/Argus/unk/snap/c1/1721073600.c1.snap.jpg,0.37025952
2024-07-15 20:30:00,/Volumes/Argus/unk/snap/c1/1721075400.c1.snap.jpg,0.29779434
2024-07-15 21:00:00,/Volumes/Argus/unk/snap/c1/1721077200.c1.snap.jpg,0.34040308
2024-07-15 21:30:00,/Volumes/Argus/unk/snap/c1/1721079000.c1.snap.jpg,0.30125389
2024-07-15 22:00:00,/Volumes/Argus/unk/snap/c1/1721080800.c1.snap.jpg,0.3488054
2024-07-15 22:30:00,/Volumes/Argus/unk/snap/c1/1721082600.c1.snap.jpg,0.24315968
2024-07-15 23:00:00,/Volumes/Argus/unk/snap/c1/1721084400.c1.snap.jpg,0.3346191
2024-07-15 23:30:00,/Volumes/Argus/unk/snap/c1/1721086200.c1.snap.jpg,0.32080337
2024-07-16 00:00:00,/Volumes/Argus/unk/snap/c1/1721088000.c1.snap.jpg,0.35140368
2024-07-16 00:30:00,/Volumes/Argus/unk/snap/c1/1721089800.c1.snap.jpg,0.35147545
2024-07-16 01:00:00,/Volumes/Argus/unk/snap/c1/1721091600.c1.snap.jpg,0.37575448
2024-07-16 01:30:00,/Volumes/Argus/unk/snap/c1/1721093400.c1.snap.jpg,0.39634377
2024-07-16 02:00:00,/Volumes/Argus/unk/snap/c1/1721095200.c1.snap.jpg,0.33704817
2024-07-16 02:30:00,/Volumes/Argus/unk/snap/c1/1721097000.c1.snap.jpg,0.4257575
2024-07-16 03:00:00,/Volumes/Argus/unk/snap/c1/1721098800.c1.snap.jpg,0.5590346
2024-07-16 03:30:00,/Volumes/Argus/unk/snap/c1/1721100600.c1.snap.jpg,0.4141468
2024-07-16 04:00:00,/Volumes/Argus/unk/snap/c1/1721102400.c1.snap.jpg,0.4298783
2024-07-16 04:30:00,/Volumes/Argus/unk/snap/c1/1721104200.c1.snap.jpg,0.38289636
2024-07-16 05:00:00,/Volumes/Argus/unk/snap/c1/1721106000.c1.snap.jpg,0.58638734
2024-07-16 05:30:00,/Volumes/Argus/unk/snap/c1/1721107800.c1.snap.jpg,0.6012409
2024-07-16 06:00:00,/Volumes/Argus/unk/snap/c1/1721109600.c1.snap.jpg,0.5212283
2024-07-16 06:30:00,/Volumes/Argus/unk/snap/c1/1721111400.c1.snap.jpg,0.6696451
2024-07-16 07:00:00,/Volumes/Argus/unk/snap/c1/1721113200.c1.snap.jpg,0.29050827
2024-07-16 07:30:00,/Volumes/Argus/unk/snap/c1/1721115000.c1.snap.jpg,0.30917382
2024-07-16 08:00:00,/Volumes/Argus/unk/snap/c1/1721116800.c1.snap.jpg,0.4526822
2024-07-16 08:30:00,/Volumes/Argus/unk/snap/c1/1721118600.c1.snap.jpg,0.3681898
2024-07-16 09:00:00,/Volumes/Argus/unk/snap/c1/1721120400.c1.snap.jpg,0.4002241
2024-07-16 09:30:00,/Volumes/Argus/unk/snap/c1/1721122200.c1.snap.jpg,0.25462168
2024-07-16 10:00:00,/Volumes/Argus/unk/snap/c1/1721124000.c1.snap.jpg,0.31489268
2024-07-16 10:30:00,/Volumes/Argus/unk/snap/c1/1721125800.c1.snap.jpg,0.41045868
2024-07-16 11:00:00,/Volumes/Argus/unk/snap/c1/1721127600.c1.snap.jpg,0.49709815
2024-07-16 11:30:00,/Volumes/Argus/unk/snap/c1/1721129400.c1.snap.jpg,0.47620937
2024-07-16 12:00:00,/Volumes/Argus/unk/snap/c1/1721131200.c1.snap.jpg,0.6044535
2024-07-16 14:00:00,/Volumes/Argus/unk/snap/c1/1721138400.c1.snap.jpg,0.52145016
2024-07-16 14:30:00,/Volumes/Argus/unk/snap/c1/1721140200.c1.snap.jpg,0.5235992
2024-07-16 15:00:00,/Volumes/Argus/unk/snap/c1/1721142000.c1.snap.jpg,0.7730478
2024-07-16 15:30:00,/Volumes/Argus/unk/snap/c1/1721143800.c1.snap.jpg,0.6212858
2024-07-16 16:00:00,/Volumes/Argus/unk/snap/c1/1721145600.c1.snap.jpg,0.39972964
2024-07-16 16:30:00,/Volumes/Argus/unk/snap/c1/1721147400.c1.snap.jpg,0.5486578
2024-07-16 17:00:00,/Volumes/Argus/unk/snap/c1/1721149200.c1.snap.jpg,0.48708877
2024-07-16 17:30:00,/Volumes/Argus/unk/snap/c1/1721151000.c1.snap.jpg,0.48348337
2024-07-16 18:00:00,/Volumes/Argus/unk/snap/c1/1721152800.c1.snap.jpg,0.5028584
2024-07-16 18:30:00,/Volumes/Argus/unk/snap/c1/1721154600.c1.snap.jpg,0.40762955
2024-07-16 19:00:00,/Volumes/Argus/unk/snap/c1/1721156400.c1.snap.jpg,0.43773937
2024-07-16 19:30:00,/Volumes/Argus/unk/snap/c1/1721158200.c1.snap.jpg,0.46314564
2024-07-16 20:00:00,/Volumes/Argus/unk/snap/c1/1721160000.c1.snap.jpg,0.598164
2024-07-16 20:30:00,/Volumes/Argus/unk/snap/c1/1721161800.c1.snap.jpg,0.4820649
2024-07-16 21:00:00,/Volumes/Argus/unk/snap/c1/1721163600.c1.snap.jpg,0.37435699
2024-07-16 21:30:00,/Volumes/Argus/unk/snap/c1/1721165400.c1.snap.jpg,0.42698073
2024-07-16 22:00:00,/Volumes/Argus/unk/snap/c1/1721167200.c1.snap.jpg,0.37948555
2024-07-16 22:30:00,/Volumes/Argus/unk/snap/c1/1721169000.c1.snap.jpg,0.33483547
2024-07-16 23:00:00,/Volumes/Argus/unk/snap/c1/1721170800.c1.snap.jpg,0.45661983
2024-07-16 23:30:00,/Volumes/Argus/unk/snap/c1/1721172600.c1.snap.jpg,0.51428163
2024-07-17 00:00:00,/Volumes/Argus/unk/snap/c1/1721174400.c1.snap.jpg,0.63706064
2024-07-17 00:30:00,/Volumes/Argus/unk/snap/c1/1721176200.c1.snap.jpg,0.56083715
2024-07-17 01:00:00,/Volumes/Argus/unk/snap/c1/1721178000.c1.snap.jpg,0.65927225
2024-07-17 01:30:00,/Volumes/Argus/unk/snap/c1/1721179800.c1.snap.jpg,0.6423788
2024-07-17 02:00:00,/Volumes/Argus/unk/snap/c1/1721181600.c1.snap.jpg,0.5444685
2024-07-17 02:30:00,/Volumes/Argus/unk/snap/c1/1721183400.c1.snap.jpg,0.6163089
2024-07-17 03:00:00,/Volumes/Argus/unk/snap/c1/1721185200.c1.snap.jpg,0.36384416
2024-07-17 03:30:00,/Volumes/Argus/unk/snap/c1/1721187000.c1.snap.jpg,0.34741318
2024-07-17 04:00:00,/Volumes/Argus/unk/snap/c1/1721188800.c1.snap.jpg,0.32496732
2024-07-17 04:30:00,/Volumes/Argus/unk/snap/c1/1721190600.c1.snap.jpg,0.4409885
2024-07-17 05:00:00,/Volumes/Argus/unk/snap/c1/1721192400.c1.snap.jpg,0.3783195
2024-07-17 05:30:00,/Volumes/Argus/unk/snap/c1/1721194200.c1.snap.jpg,0.2653036
2024-07-17 06:00:00,/Volumes/Argus/unk/snap/c1/1721196000.c1.snap.jpg,0.23112999
2024-07-17 06:30:00,/Volumes/Argus/unk/snap/c1/1721197800.c1.snap.jpg,0.393955
2024-07-17 07:00:00,/Volumes/Argus/unk/snap/c1/1721199600.c1.snap.jpg,0.30037087
2024-07-17 07:30:00,/Volumes/Argus/unk/snap/c1/1721201400.c1.snap.jpg,0.36317584
2024-07-17 08:00:00,/Volumes/Argus/unk/snap/c1/1721203200.c1.snap.jpg,0.43364626
2024-07-17 08:30:00,/Volumes/Argus/unk/snap/c1/1721205000.c1.snap.jpg,0.4696924
2024-07-17 09:00:00,/Volumes/Argus/unk/snap/c1/1721206800.c1.snap.jpg,0.3211039
2024-07-17 09:30:00,/Volumes/Argus/unk/snap/c1/1721208600.c1.snap.jpg,0.33086073
2024-07-17 10:00:00,/Volumes/Argus/unk/snap/c1/1721210400.c1.snap.jpg,0.37330312
2024-07-17 10:30:00,/Volumes/Argus/unk/snap/c1/1721212200.c1.snap.jpg,0.3768073
2024-07-17 11:00:00,/Volumes/Argus/unk/snap/c1/1721214000.c1.snap.jpg,0.46194977
2024-07-17 11:30:00,/Volumes/Argus/unk/snap/c1/1721215800.c1.snap.jpg,0.62379885
2024-07-17 12:00:00,/Volumes/Argus/unk/snap/c1/1721217600.c1.snap.jpg,0.60580444
2024-07-17 14:30:00,/Volumes/Argus/unk/snap/c1/1721226600.c1.snap.jpg,0.49036
2024-07-17 18:00:00,/Volumes/Argus/unk/snap/c1/1721239200.c1.snap.jpg,0.67347443
2024-07-17 18:30:00,/Volumes/Argus/unk/snap/c1/1721241000.c1.snap.jpg,0.48086607
2024-07-17 19:00:00,/Volumes/Argus/unk/snap/c1/1721242800.c1.snap.jpg,0.6339012
2024-07-17 19:30:00,/Volumes/Argus/unk/snap/c1/1721244600.c1.snap.jpg,0.46297142
2024-07-17 20:00:00,/Volumes/Argus/unk/snap/c1/1721246400.c1.snap.jpg,0.63117516
2024-07-18 04:30:00,/Volumes/Argus/unk/snap/c1/1721277000.c1.snap.jpg,0.45740867
2024-07-18 14:00:00,/Volumes/Argus/unk/snap/c1/1721311200.c1.snap.jpg,0.8080055
2024-07-18 14:30:00,/Volumes/Argus/unk/snap/c1/1721313000.c1.snap.jpg,0.7845342
2024-07-18 15:00:00,/Volumes/Argus/unk/snap/c1/1721314800.c1.snap.jpg,0.8452846
2024-07-18 15:30:00,/Volumes/Argus/unk/snap/c1/1721316600.c1.snap.jpg,0.81031847
2024-07-18 16:00:00,/Volumes/Argus/unk/snap/c1/1721318400.c1.snap.jpg,0.835412
2024-07-18 16:30:00,/Volumes/Argus/unk/snap/c1/1721320200.c1.snap.jpg,0.78305477
2024-07-18 17:00:00,/Volumes/Argus/unk/snap/c1/1721322000.c1.snap.jpg,0.80834043
2024-07-18 17:30:00,/Volumes/Argus/unk/snap/c1/1721323800.c1.snap.jpg,0.73016006
2024-07-18 18:00:00,/Volumes/Argus/unk/snap/c1/1721325600.c1.snap.jpg,0.7829076
2024-07-18 18:30:00,/Volumes/Argus/unk/snap/c1/1721327400.c1.snap.jpg,0.78402555
2024-07-18 19:00:00,/Volumes/Argus/unk/snap/c1/1721329200.c1.snap.jpg,0.7317389
2024-07-18 19:30:00,/Volumes/Argus/unk/snap/c1/1721331000.c1.snap.jpg,0.73764455
2024-07-18 20:00:00,/Volumes/Argus/unk/snap/c1/1721332800.c1.snap.jpg,0.7482101
2024-07-18 20:30:00,/Volumes/Argus/unk/snap/c1/1721334600.c1.snap.jpg,0.8105452
2024-07-18 21:00:00,/Volumes/Argus/unk/snap/c1/1721336400.c1.snap.jpg,0.61751616
2024-07-18 21:30:00,/Volumes/Argus/unk/snap/c1/1721338200.c1.snap.jpg,0.77238375
2024-07-18 22:00:00,/Volumes/Argus/unk/snap/c1/1721340000.c1.snap.jpg,0.62411994
2024-07-18 22:30:00,/Volumes/Argus/unk/snap/c1/1721341800.c1.snap.jpg,0.68647397
2024-07-18 23:00:00,/Volumes/Argus/unk/snap/c1/1721343600.c1.snap.jpg,0.6529342
2024-07-18 23:30:00,/Volumes/Argus/unk/snap/c1/1721345400.c1.snap.jpg,0.6011208
2024-07-19 00:00:00,/Volumes/Argus/unk/snap/c1/1721347200.c1.snap.jpg,0.6606314
2024-07-19 00:30:00,/Volumes/Argus/unk/snap/c1/1721349000.c1.snap.jpg,0.6376072
2024-07-19 01:30:00,/Volumes/Argus/unk/snap/c1/1721352600.c1.snap.jpg,0.5867183
2024-07-19 02:00:00,/Volumes/Argus/unk/snap/c1/1721354400.c1.snap.jpg,0.7228174
2024-07-19 02:30:00,/Volumes/Argus/unk/snap/c1/1721356200.c1.snap.jpg,0.5962219
2024-07-19 03:00:00,/Volumes/Argus/unk/snap/c1/1721358000.c1.snap.jpg,0.6515349
2024-07-19 03:30:00,/Volumes/Argus/unk/snap/c1/1721359800.c1.snap.jpg,0.65098953
2024-07-19 04:00:00,/Volumes/Argus/unk/snap/c1/1721361600.c1.snap.jpg,0.58411205
2024-07-19 04:30:00,/Volumes/Argus/unk/snap/c1/1721363400.c1.snap.jpg,0.6104575
2024-07-19 05:00:00,/Volumes/Argus/unk/snap/c1/1721365200.c1.snap.jpg,0.62446415
2024-07-19 05:30:00,/Volumes/Argus/unk/snap/c1/1721367000.c1.snap.jpg,0.63296056
2024-07-19 06:00:00,/Volumes/Argus/unk/snap/c1/1721368800.c1.snap.jpg,0.47822624
2024-07-19 06:30:00,/Volumes/Argus/unk/snap/c1/1721370600.c1.snap.jpg,0.64384776
2024-07-19 07:00:00,/Volumes/Argus/unk/snap/c1/1721372400.c1.snap.jpg,0.6420431
2024-07-19 07:30:00,/Volumes/Argus/unk/snap/c1/1721374200.c1.snap.jpg,0.63409907
2024-07-19 08:00:00,/Volumes/Argus/unk/snap/c1/1721376000.c1.snap.jpg,0.5255505
2024-07-19 08:30:00,/Volumes/Argus/unk/snap/c1/1721377800.c1.snap.jpg,0.64812756
2024-07-19 09:00:00,/Volumes/Argus/unk/snap/c1/1721379600.c1.snap.jpg,0.6183346
2024-07-19 09:30:00,/Volumes/Argus/unk/snap/c1/1721381400.c1.snap.jpg,0.35727707
2024-07-19 10:00:00,/Volumes/Argus/unk/snap/c1/1721383200.c1.snap.jpg,0.37106103
2024-07-19 10:30:00,/Volumes/Argus/unk/snap/c1/1721385000.c1.snap.jpg,0.6376229
2024-07-19 11:00:00,/Volumes/Argus/unk/snap/c1/1721386800.c1.snap.jpg,0.60011446
2024-07-19 11:30:00,/Volumes/Argus/unk/snap/c1/1721388600.c1.snap.jpg,0.6149738
2024-07-19 12:00:00,/Volumes/Argus/unk/snap/c1/1721390400.c1.snap.jpg,0.71082544
2024-07-19 14:00:00,/Volumes/Argus/unk/snap/c1/1721397600.c1.snap.jpg,0.8051915
2024-07-19 14:30:00,/Volumes/Argus/unk/snap/c1/1721399400.c1.snap.jpg,0.91580135
2024-07-19 15:00:00,/Volumes/Argus/unk/snap/c1/1721401200.c1.snap.jpg,0.7728319
2024-07-19 15:30:00,/Volumes/Argus/unk/snap/c1/1721403000.c1.snap.jpg,0.8275984
2024-07-19 16:00:00,/Volumes/Argus/unk/snap/c1/1721404800.c1.snap.jpg,0.8851729
2024-07-19 16:30:00,/Volumes/Argus/unk/snap/c1/1721406600.c1.snap.jpg,0.81509244
2024-07-19 17:00:00,/Volumes/Argus/unk/snap/c1/1721408400.c1.snap.jpg,0.8497194
2024-07-19 17:30:00,/Volumes/Argus/unk/snap/c1/1721410200.c1.snap.jpg,0.827319
2024-07-19 18:00:00,/Volumes/Argus/unk/snap/c1/1721412000.c1.snap.jpg,0.88922334
2024-07-19 18:30:00,/Volumes/Argus/unk/snap/c1/1721413800.c1.snap.jpg,0.8422383
2024-07-19 19:00:00,/Volumes/Argus/unk/snap/c1/1721415600.c1.snap.jpg,0.90617085
2024-07-19 19:30:00,/Volumes/Argus/unk/snap/c1/1721417400.c1.snap.jpg,0.81793946
2024-07-19 20:00:00,/Volumes/Argus/unk/snap/c1/1721419200.c1.snap.jpg,0.81381357
2024-07-19 20:30:00,/Volumes/Argus/unk/snap/c1/1721421000.c1.snap.jpg,0.7418428
2024-07-19 22:00:00,/Volumes/Argus/unk/snap/c1/1721426400.c1.snap.jpg,0.821087
2024-07-19 22:30:00,/Volumes/Argus/unk/snap/c1/1721428200.c1.snap.jpg,0.66779906
2024-07-19 23:00:00,/Volumes/Argus/unk/snap/c1/1721430000.c1.snap.jpg,0.70088136
2024-07-19 23:30:00,/Volumes/Argus/unk/snap/c1/1721431800.c1.snap.jpg,0.640283
2024-07-20 00:00:00,/Volumes/Argus/unk/snap/c1/1721433600.c1.snap.jpg,0.6648116
2024-07-20 00:30:00,/Volumes/Argus/unk/snap/c1/1721435400.c1.snap.jpg,0.54480875
2024-07-20 01:00:00,/Volumes/Argus/unk/snap/c1/1721437200.c1.snap.jpg,0.58773327
2024-07-20 01:30:00,/Volumes/Argus/unk/snap/c1/1721439000.c1.snap.jpg,0.5955868
2024-07-20 02:00:00,/Volumes/Argus/unk/snap/c1/1721440800.c1.snap.jpg,0.6343521
2024-07-20 02:30:00,/Volumes/Argus/unk/snap/c1/1721442600.c1.snap.jpg,0.5923429
2024-07-20 03:00:00,/Volumes/Argus/unk/snap/c1/1721444400.c1.snap.jpg,0.53143454
2024-07-20 03:30:00,/Volumes/Argus/unk/snap/c1/1721446200.c1.snap.jpg,0.5802278
2024-07-20 04:00:00,/Volumes/Argus/unk/snap/c1/1721448000.c1.snap.jpg,0.5440576
2024-07-20 04:30:00,/Volumes/Argus/unk/snap/c1/1721449800.c1.snap.jpg,0.52173054
2024-07-20 05:00:00,/Volumes/Argus/unk/snap/c1/1721451600.c1.snap.jpg,0.55709994
2024-07-20 05:30:00,/Volumes/Argus/unk/snap/c1/1721453400.c1.snap.jpg,0.526883
2024-07-20 06:00:00,/Volumes/Argus/unk/snap/c1/1721455200.c1.snap.jpg,0.4547506
2024-07-20 06:30:00,/Volumes/Argus/unk/snap/c1/1721457000.c1.snap.jpg,0.5254173
2024-07-20 07:00:00,/Volumes/Argus/unk/snap/c1/1721458800.c1.snap.jpg,0.48836032
2024-07-20 07:30:00,/Volumes/Argus/unk/snap/c1/1721460600.c1.snap.jpg,0.6490706
2024-07-20 08:00:00,/Volumes/Argus/unk/snap/c1/1721462400.c1.snap.jpg,0.60458505
2024-07-20 08:30:00,/Volumes/Argus/unk/snap/c1/1721464200.c1.snap.jpg,0.57950616
2024-07-20 09:00:00,/Volumes/Argus/unk/snap/c1/1721466000.c1.snap.jpg,0.5755317
2024-07-20 09:30:00,/Volumes/Argus/unk/snap/c1/1721467800.c1.snap.jpg,0.57120246
2024-07-20 10:00:00,/Volumes/Argus/unk/snap/c1/1721469600.c1.snap.jpg,0.4904525
2024-07-20 10:30:00,/Volumes/Argus/unk/snap/c1/1721471400.c1.snap.jpg,0.576064
2024-07-20 11:00:00,/Volumes/Argus/unk/snap/c1/1721473200.c1.snap.jpg,0.5214401
2024-07-20 12:00:00,/Volumes/Argus/unk/snap/c1/1721476800.c1.snap.jpg,0.5658289
2024-07-20 14:00:00,/Volumes/Argus/unk/snap/c1/1721484000.c1.snap.jpg,0.6174501
2024-07-20 14:30:00,/Volumes/Argus/unk/snap/c1/1721485800.c1.snap.jpg,0.7062526
2024-07-20 15:00:00,/Volumes/Argus/unk/snap/c1/1721487600.c1.snap.jpg,0.5221096
2024-07-20 15:30:00,/Volumes/Argus/unk/snap/c1/1721489400.c1.snap.jpg,0.51200867
2024-07-20 16:30:00,/Volumes/Argus/unk/snap/c1/1721493000.c1.snap.jpg,0.5416627
2024-07-20 17:00:00,/Volumes/Argus/unk/snap/c1/1721494800.c1.snap.jpg,0.36697114
2024-07-20 17:30:00,/Volumes/Argus/unk/snap/c1/1721496600.c1.snap.jpg,0.5836446
2024-07-20 18:00:00,/Volumes/Argus/unk/snap/c1/1721498400.c1.snap.jpg,0.45358944
2024-07-20 18:30:00,/Volumes/Argus/unk/snap/c1/1721500200.c1.snap.jpg,0.58640516
2024-07-20 19:00:00,/Volumes/Argus/unk/snap/c1/1721502000.c1.snap.jpg,0.4836766
2024-07-20 19:30:00,/Volumes/Argus/unk/snap/c1/1721503800.c1.snap.jpg,0.61978006
2024-07-20 20:00:00,/Volumes/Argus/unk/snap/c1/1721505600.c1.snap.jpg,0.44663334
2024-07-20 20:30:00,/Volumes/Argus/unk/snap/c1/1721507400.c1.snap.jpg,0.5238756
2024-07-20 21:00:00,/Volumes/Argus/unk/snap/c1/1721509200.c1.snap.jpg,0.5873307
2024-07-20 21:30:00,/Volumes/Argus/unk/snap/c1/1721511000.c1.snap.jpg,0.5505824
2024-07-20 22:00:00,/Volumes/Argus/unk/snap/c1/1721512800.c1.snap.jpg,0.47612196
2024-07-20 22:30:00,/Volumes/Argus/unk/snap/c1/1721514600.c1.snap.jpg,0.40769047
2024-07-20 23:00:00,/Volumes/Argus/unk/snap/c1/1721516400.c1.snap.jpg,0.37069145
2024-07-20 23:30:00,/Volumes/Argus/unk/snap/c1/1721518200.c1.snap.jpg,0.42161605
2024-07-21 00:00:00,/Volumes/Argus/unk/snap/c1/1721520000.c1.snap.jpg,0.3926288
2024-07-21 00:30:00,/Volumes/Argus/unk/snap/c1/1721521800.c1.snap.jpg,0.35915804
2024-07-21 01:00:00,/Volumes/Argus/unk/snap/c1/1721523600.c1.snap.jpg,0.29629496
2024-07-21 01:30:00,/Volumes/Argus/unk/snap/c1/1721525400.c1.snap.jpg,0.39987803
2024-07-21 02:00:00,/Volumes/Argus/unk/snap/c1/1721527200.c1.snap.jpg,0.4529882
2024-07-21 02:30:00,/Volumes/Argus/unk/snap/c1/1721529000.c1.snap.jpg,0.5430663
2024-07-21 03:30:00,/Volumes/Argus/unk/snap/c1/1721532600.c1.snap.jpg,0.3151105
2024-07-21 04:00:00,/Volumes/Argus/unk/snap/c1/1721534400.c1.snap.jpg,0.52624905
2024-07-21 04:30:00,/Volumes/Argus/unk/snap/c1/1721536200.c1.snap.jpg,0.347014
2024-07-21 05:00:00,/Volumes/Argus/unk/snap/c1/1721538000.c1.snap.jpg,0.39039907
2024-07-21 05:30:00,/Volumes/Argus/unk/snap/c1/1721539800.c1.snap.jpg,0.33343908
2024-07-21 06:00:00,/Volumes/Argus/unk/snap/c1/1721541600.c1.snap.jpg,0.2975645
2024-07-21 06:30:00,/Volumes/Argus/unk/snap/c1/1721543400.c1.snap.jpg,0.2589804
2024-07-21 07:00:00,/Volumes/Argus/unk/snap/c1/1721545200.c1.snap.jpg,0.24386236
2024-07-21 07:30:00,/Volumes/Argus/unk/snap/c1/1721547000.c1.snap.jpg,0.21506862
2024-07-21 08:00:00,/Volumes/Argus/unk/snap/c1/1721548800.c1.snap.jpg,0.25312513
2024-07-21 08:30:00,/Volumes/Argus/unk/snap/c1/1721550600.c1.snap.jpg,0.21250752
2024-07-21 09:00:00,/Volumes/Argus/unk/snap/c1/1721552400.c1.snap.jpg,0.22687459
2024-07-21 09:30:00,/Volumes/Argus/unk/snap/c1/1721554200.c1.snap.jpg,0.2430388
2024-07-21 10:00:00,/Volumes/Argus/unk/snap/c1/1721556000.c1.snap.jpg,0.24734423
2024-07-21 10:30:00,/Volumes/Argus/unk/snap/c1/1721557800.c1.snap.jpg,0.5631536
2024-07-21 11:00:00,/Volumes/Argus/unk/snap/c1/1721559600.c1.snap.jpg,0.49344033
2024-07-21 11:30:00,/Volumes/Argus/unk/snap/c1/1721561400.c1.snap.jpg,0.35594723
2024-07-21 12:00:00,/Volumes/Argus/unk/snap/c1/1721563200.c1.snap.jpg,0.22328779
2024-07-21 14:00:00,/Volumes/Argus/unk/snap/c1/1721570400.c1.snap.jpg,0.6404134
2024-07-21 14:30:00,/Volumes/Argus/unk/snap/c1/1721572200.c1.snap.jpg,0.306131
2024-07-21 15:00:00,/Volumes/Argus/unk/snap/c1/1721574000.c1.snap.jpg,0.27758813
2024-07-21 15:30:00,/Volumes/Argus/unk/snap/c1/1721575800.c1.snap.jpg,0.3259752
2024-07-21 16:00:00,/Volumes/Argus/unk/snap/c1/1721577600.c1.snap.jpg,0.43422666
2024-07-21 16:30:00,/Volumes/Argus/unk/snap/c1/1721579400.c1.snap.jpg,0.30769235
2024-07-21 17:00:00,/Volumes/Argus/unk/snap/c1/1721581200.c1.snap.jpg,0.33895504
2024-07-21 17:30:00,/Volumes/Argus/unk/snap/c1/1721583000.c1.snap.jpg,0.2985394
2024-07-21 18:00:00,/Volumes/Argus/unk/snap/c1/1721584800.c1.snap.jpg,0.5090997
2024-07-21 18:30:00,/Volumes/Argus/unk/snap/c1/1721586600.c1.snap.jpg,0.31710327
2024-07-21 19:00:00,/Volumes/Argus/unk/snap/c1/1721588400.c1.snap.jpg,0.26732472
2024-07-21 19:30:00,/Volumes/Argus/unk/snap/c1/1721590200.c1.snap.jpg,0.4211865
2024-07-21 20:00:00,/Volumes/Argus/unk/snap/c1/1721592000.c1.snap.jpg,0.33035198
2024-07-21 20:30:00,/Volumes/Argus/unk/snap/c1/1721593800.c1.snap.jpg,0.3407017
2024-07-21 21:00:00,/Volumes/Argus/unk/snap/c1/1721595600.c1.snap.jpg,0.32988924
2024-07-21 21:30:00,/Volumes/Argus/unk/snap/c1/1721597400.c1.snap.jpg,0.4386569
2024-07-21 22:00:00,/Volumes/Argus/unk/snap/c1/1721599200.c1.snap.jpg,0.3271171
2024-07-21 22:30:00,/Volumes/Argus/unk/snap/c1/1721601000.c1.snap.jpg,0.28844666
2024-07-21 23:00:00,/Volumes/Argus/unk/snap/c1/1721602800.c1.snap.jpg,0.3369238
2024-07-22 00:00:00,/Volumes/Argus/unk/snap/c1/1721606400.c1.snap.jpg,0.28154758
2024-07-22 00:30:00,/Volumes/Argus/unk/snap/c1/1721608200.c1.snap.jpg,0.28052983
2024-07-22 01:00:00,/Volumes/Argus/unk/snap/c1/1721610000.c1.snap.jpg,0.28194186
2024-07-22 01:30:00,/Volumes/Argus/unk/snap/c1/1721611800.c1.snap.jpg,0.29848602
2024-07-22 02:00:00,/Volumes/Argus/unk/snap/c1/1721613600.c1.snap.jpg,0.30245295
2024-07-22 02:30:00,/Volumes/Argus/unk/snap/c1/1721615400.c1.snap.jpg,0.33265963
2024-07-22 03:00:00,/Volumes/Argus/unk/snap/c1/1721617200.c1.snap.jpg,0.49721682
2024-07-22 03:30:00,/Volumes/Argus/unk/snap/c1/1721619000.c1.snap.jpg,0.31326473
2024-07-22 04:00:00,/Volumes/Argus/unk/snap/c1/1721620800.c1.snap.jpg,0.35312298
2024-07-22 04:30:00,/Volumes/Argus/unk/snap/c1/1721622600.c1.snap.jpg,0.32662827
2024-07-22 05:00:00,/Volumes/Argus/unk/snap/c1/1721624400.c1.snap.jpg,0.49822757
2024-07-22 05:30:00,/Volumes/Argus/unk/snap/c1/1721626200.c1.snap.jpg,0.56112087
2024-07-22 06:00:00,/Volumes/Argus/unk/snap/c1/1721628000.c1.snap.jpg,0.4317893
2024-07-22 06:30:00,/Volumes/Argus/unk/snap/c1/1721629800.c1.snap.jpg,0.3751052
2024-07-22 07:00:00,/Volumes/Argus/unk/snap/c1/1721631600.c1.snap.jpg,0.40554214
2024-07-22 07:30:00,/Volumes/Argus/unk/snap/c1/1721633400.c1.snap.jpg,0.31329268
2024-07-22 08:00:00,/Volumes/Argus/unk/snap/c1/1721635200.c1.snap.jpg,0.2462903
2024-07-22 09:00:00,/Volumes/Argus/unk/snap/c1/1721638800.c1.snap.jpg,0.3001175
2024-07-22 09:30:00,/Volumes/Argus/unk/snap/c1/1721640600.c1.snap.jpg,0.29170215
2024-07-22 10:00:00,/Volumes/Argus/unk/snap/c1/1721642400.c1.snap.jpg,0.2521942
2024-07-22 10:30:00,/Volumes/Argus/unk/snap/c1/1721644200.c1.snap.jpg,0.31088054
2024-07-22 11:00:00,/Volumes/Argus/unk/snap/c1/1721646000.c1.snap.jpg,0.2831953
2024-07-22 11:30:00,/Volumes/Argus/unk/snap/c1/1721647800.c1.snap.jpg,0.30699062
2024-07-22 12:00:00,/Volumes/Argus/unk/snap/c1/1721649600.c1.snap.jpg,0.2707993
2024-07-22 14:00:00,/Volumes/Argus/unk/snap/c1/1721656800.c1.snap.jpg,0.6355579
2024-07-22 14:30:00,/Volumes/Argus/unk/snap/c1/1721658600.c1.snap.jpg,0.43132436
2024-07-22 15:00:00,/Volumes/Argus/unk/snap/c1/1721660400.c1.snap.jpg,0.19180524
2024-07-22 15:30:00,/Volumes/Argus/unk/snap/c1/1721662200.c1.snap.jpg,0.19793847
2024-07-22 16:00:00,/Volumes/Argus/unk/snap/c1/1721664000.c1.snap.jpg,0.38178855
2024-07-22 16:30:00,/Volumes/Argus/unk/snap/c1/1721665800.c1.snap.jpg,0.3847179
2024-07-22 17:00:00,/Volumes/Argus/unk/snap/c1/1721667600.c1.snap.jpg,0.31852484
2024-07-22 17:30:00,/Volumes/Argus/unk/snap/c1/1721669400.c1.snap.jpg,0.5086916
2024-07-22 18:00:00,/Volumes/Argus/unk/snap/c1/1721671200.c1.snap.jpg,0.31694734
2024-07-22 18:30:00,/Volumes/Argus/unk/snap/c1/1721673000.c1.snap.jpg,0.35175127
2024-07-22 19:30:00,/Volumes/Argus/unk/snap/c1/1721676600.c1.snap.jpg,0.3140463
2024-07-22 20:00:00,/Volumes/Argus/unk/snap/c1/1721678400.c1.snap.jpg,0.3084296
2024-07-22 20:30:00,/Volumes/Argus/unk/snap/c1/1721680200.c1.snap.jpg,0.36790967
2024-07-22 21:00:00,/Volumes/Argus/unk/snap/c1/1721682000.c1.snap.jpg,0.49398822
2024-07-22 21:30:00,/Volumes/Argus/unk/snap/c1/1721683800.c1.snap.jpg,0.418679
2024-07-22 22:00:00,/Volumes/Argus/unk/snap/c1/1721685600.c1.snap.jpg,0.43677148
2024-07-22 22:30:00,/Volumes/Argus/unk/snap/c1/1721687400.c1.snap.jpg,0.37884858
2024-07-22 23:00:00,/Volumes/Argus/unk/snap/c1/1721689200.c1.snap.jpg,0.34836844
2024-07-22 23:30:00,/Volumes/Argus/unk/snap/c1/1721691000.c1.snap.jpg,0.25527206
2024-07-23 00:00:00,/Volumes/Argus/unk/snap/c1/1721692800.c1.snap.jpg,0.26530927
2024-07-23 00:30:00,/Volumes/Argus/unk/snap/c1/1721694600.c1.snap.jpg,0.25460014
2024-07-23 01:00:00,/Volumes/Argus/unk/snap/c1/1721696400.c1.snap.jpg,0.30054504
2024-07-23 01:30:00,/Volumes/Argus/unk/snap/c1/1721698200.c1.snap.jpg,0.39041403
2024-07-23 02:30:00,/Volumes/Argus/unk/snap/c1/1721701800.c1.snap.jpg,0.34207729
2024-07-23 03:00:00,/Volumes/Argus/unk/snap/c1/1721703600.c1.snap.jpg,0.33570355
2024-07-23 03:30:00,/Volumes/Argus/unk/snap/c1/1721705400.c1.snap.jpg,0.42501742
2024-07-23 04:00:00,/Volumes/Argus/unk/snap/c1/1721707200.c1.snap.jpg,0.32520962
2024-07-23 04:30:00,/Volumes/Argus/unk/snap/c1/1721709000.c1.snap.jpg,0.5166229
2024-07-23 05:00:00,/Volumes/Argus/unk/snap/c1/1721710800.c1.snap.jpg,0.54765916
2024-07-23 05:30:00,/Volumes/Argus/unk/snap/c1/1721712600.c1.snap.jpg,0.65860176
2024-07-23 06:00:00,/Volumes/Argus/unk/snap/c1/1721714400.c1.snap.jpg,0.63785493
2024-07-23 06:30:00,/Volumes/Argus/unk/snap/c1/1721716200.c1.snap.jpg,0.5567714
2024-07-23 07:00:00,/Volumes/Argus/unk/snap/c1/1721718000.c1.snap.jpg,0.51910686
2024-07-23 07:30:00,/Volumes/Argus/unk/snap/c1/1721719800.c1.snap.jpg,0.3381997
2024-07-23 08:00:00,/Volumes/Argus/unk/snap/c1/1721721600.c1.snap.jpg,0.33408916
2024-07-23 08:30:00,/Volumes/Argus/unk/snap/c1/1721723400.c1.snap.jpg,0.39267024
2024-07-23 09:00:00,/Volumes/Argus/unk/snap/c1/1721725200.c1.snap.jpg,0.31072563
2024-07-23 09:30:00,/Volumes/Argus/unk/snap/c1/1721727000.c1.snap.jpg,0.3558148
2024-07-23 10:00:00,/Volumes/Argus/unk/snap/c1/1721728800.c1.snap.jpg,0.3674131
2024-07-23 10:30:00,/Volumes/Argus/unk/snap/c1/1721730600.c1.snap.jpg,0.42768973
2024-07-23 11:00:00,/Volumes/Argus/unk/snap/c1/1721732400.c1.snap.jpg,0.41136307
2024-07-23 11:30:00,/Volumes/Argus/unk/snap/c1/1721734200.c1.snap.jpg,0.29325843
2024-07-23 12:00:00,/Volumes/Argus/unk/snap/c1/1721736000.c1.snap.jpg,0.49569738
2024-07-23 14:00:00,/Volumes/Argus/unk/snap/c1/1721743200.c1.snap.jpg,0.31456134
2024-07-23 14:30:00,/Volumes/Argus/unk/snap/c1/1721745000.c1.snap.jpg,0.27912998
2024-07-23 15:00:00,/Volumes/Argus/unk/snap/c1/1721746800.c1.snap.jpg,0.22620738
2024-07-23 15:30:00,/Volumes/Argus/unk/snap/c1/1721748600.c1.snap.jpg,0.21179458
2024-07-23 16:00:00,/Volumes/Argus/unk/snap/c1/1721750400.c1.snap.jpg,0.33163628
2024-07-23 16:30:00,/Volumes/Argus/unk/snap/c1/1721752200.c1.snap.jpg,0.35582638
2024-07-23 17:00:00,/Volumes/Argus/unk/snap/c1/1721754000.c1.snap.jpg,0.4645917
2024-07-23 17:30:00,/Volumes/Argus/unk/snap/c1/1721755800.c1.snap.jpg,0.5174311
2024-07-23 18:00:00,/Volumes/Argus/unk/snap/c1/1721757600.c1.snap.jpg,0.29765737
2024-07-23 18:30:00,/Volumes/Argus/unk/snap/c1/1721759400.c1.snap.jpg,0.26482475
2024-07-23 19:00:00,/Volumes/Argus/unk/snap/c1/1721761200.c1.snap.jpg,0.3343606
2024-07-23 19:30:00,/Volumes/Argus/unk/snap/c1/1721763000.c1.snap.jpg,0.2665646
2024-07-23 20:00:00,/Volumes/Argus/unk/snap/c1/1721764800.c1.snap.jpg,0.30465794
2024-07-23 20:30:00,/Volumes/Argus/unk/snap/c1/1721766600.c1.snap.jpg,0.2550309
2024-07-23 21:00:00,/Volumes/Argus/unk/snap/c1/1721768400.c1.snap.jpg,0.3502493
2024-07-23 21:30:00,/Volumes/Argus/unk/snap/c1/1721770200.c1.snap.jpg,0.3214518
2024-07-23 22:00:00,/Volumes/Argus/unk/snap/c1/1721772000.c1.snap.jpg,0.32867748
2024-07-23 22:30:00,/Volumes/Argus/unk/snap/c1/1721773800.c1.snap.jpg,0.29457343
2024-07-23 23:00:00,/Volumes/Argus/unk/snap/c1/1721775600.c1.snap.jpg,0.21905628
2024-07-23 23:30:00,/Volumes/Argus/unk/snap/c1/1721777400.c1.snap.jpg,0.32049015
2024-07-24 00:00:00,/Volumes/Argus/unk/snap/c1/1721779200.c1.snap.jpg,0.2575198
2024-07-24 00:30:00,/Volumes/Argus/unk/snap/c1/1721781000.c1.snap.jpg,0.32567954
2024-07-24 01:00:00,/Volumes/Argus/unk/snap/c1/1721782800.c1.snap.jpg,0.33498713
2024-07-24 01:30:00,/Volumes/Argus/unk/snap/c1/1721784600.c1.snap.jpg,0.40502864
2024-07-24 02:00:00,/Volumes/Argus/unk/snap/c1/1721786400.c1.snap.jpg,0.35387814
2024-07-24 02:30:00,/Volumes/Argus/unk/snap/c1/1721788200.c1.snap.jpg,0.34644336
2024-07-24 03:00:00,/Volumes/Argus/unk/snap/c1/1721790000.c1.snap.jpg,0.41433227
2024-07-24 03:30:00,/Volumes/Argus/unk/snap/c1/1721791800.c1.snap.jpg,0.3369872
2024-07-24 04:00:00,/Volumes/Argus/unk/snap/c1/1721793600.c1.snap.jpg,0.33829176
2024-07-24 04:30:00,/Volumes/Argus/unk/snap/c1/1721795400.c1.snap.jpg,0.27619746
2024-07-24 05:00:00,/Volumes/Argus/unk/snap/c1/1721797200.c1.snap.jpg,0.43967342
2024-07-24 05:30:00,/Volumes/Argus/unk/snap/c1/1721799000.c1.snap.jpg,0.34045637
2024-07-24 06:00:00,/Volumes/Argus/unk/snap/c1/1721800800.c1.snap.jpg,0.543287
2024-07-24 06:30:00,/Volumes/Argus/unk/snap/c1/1721802600.c1.snap.jpg,0.54576397
2024-07-24 07:00:00,/Volumes/Argus/unk/snap/c1/1721804400.c1.snap.jpg,0.42811948
2024-07-24 07:30:00,/Volumes/Argus/unk/snap/c1/1721806200.c1.snap.jpg,0.28426558
2024-07-24 08:00:00,/Volumes/Argus/unk/snap/c1/1721808000.c1.snap.jpg,0.26908815
2024-07-24 08:30:00,/Volumes/Argus/unk/snap/c1/1721809800.c1.snap.jpg,0.26799917
2024-07-24 09:00:00,/Volumes/Argus/unk/snap/c1/1721811600.c1.snap.jpg,0.29324746
2024-07-24 09:30:00,/Volumes/Argus/unk/snap/c1/1721813400.c1.snap.jpg,0.3338554
2024-07-24 10:30:00,/Volumes/Argus/unk/snap/c1/1721817000.c1.snap.jpg,0.34534794
2024-07-24 11:30:00,/Volumes/Argus/unk/snap/c1/1721820600.c1.snap.jpg,0.3479662
2024-07-24 12:00:00,/Volumes/Argus/unk/snap/c1/1721822400.c1.snap.jpg,0.36709356
2024-07-24 14:00:00,/Volumes/Argus/unk/snap/c1/1721829600.c1.snap.jpg,0.22941983
2024-07-24 14:30:00,/Volumes/Argus/unk/snap/c1/1721831400.c1.snap.jpg,0.23160698
2024-07-24 15:00:00,/Volumes/Argus/unk/snap/c1/1721833200.c1.snap.jpg,0.1897988
2024-07-24 15:30:00,/Volumes/Argus/unk/snap/c1/1721835000.c1.snap.jpg,0.20916349
2024-07-24 16:00:00,/Volumes/Argus/unk/snap/c1/1721836800.c1.snap.jpg,0.30129755
2024-07-24 16:30:00,/Volumes/Argus/unk/snap/c1/1721838600.c1.snap.jpg,0.316434
2024-07-24 17:00:00,/Volumes/Argus/unk/snap/c1/1721840400.c1.snap.jpg,0.33342153
2024-07-24 17:30:00,/Volumes/Argus/unk/snap/c1/1721842200.c1.snap.jpg,0.33109885
2024-07-24 18:00:00,/Volumes/Argus/unk/snap/c1/1721844000.c1.snap.jpg,0.26722294
2024-07-24 18:30:00,/Volumes/Argus/unk/snap/c1/1721845800.c1.snap.jpg,0.48733115
2024-07-24 19:00:00,/Volumes/Argus/unk/snap/c1/1721847600.c1.snap.jpg,0.33936036
2024-07-24 19:30:00,/Volumes/Argus/unk/snap/c1/1721849400.c1.snap.jpg,0.36441928
2024-07-24 20:00:00,/Volumes/Argus/unk/snap/c1/1721851200.c1.snap.jpg,0.36657712
2024-07-24 20:30:00,/Volumes/Argus/unk/snap/c1/1721853000.c1.snap.jpg,0.3129588
2024-07-24 21:00:00,/Volumes/Argus/unk/snap/c1/1721854800.c1.snap.jpg,0.29603994
2024-07-24 21:30:00,/Volumes/Argus/unk/snap/c1/1721856600.c1.snap.jpg,0.40157723
2024-07-24 22:00:00,/Volumes/Argus/unk/snap/c1/1721858400.c1.snap.jpg,0.38246882
2024-07-24 22:30:00,/Volumes/Argus/unk/snap/c1/1721860200.c1.snap.jpg,0.32008904
2024-07-24 23:00:00,/Volumes/Argus/unk/snap/c1/1721862000.c1.snap.jpg,0.2893131
2024-07-24 23:30:00,/Volumes/Argus/unk/snap/c1/1721863800.c1.snap.jpg,0.23853181
2024-07-25 00:00:00,/Volumes/Argus/unk/snap/c1/1721865600.c1.snap.jpg,0.31829876
2024-07-25 00:30:00,/Volumes/Argus/unk/snap/c1/1721867400.c1.snap.jpg,0.29908457
2024-07-25 01:00:00,/Volumes/Argus/unk/snap/c1/1721869200.c1.snap.jpg,0.33697897
2024-07-25 01:30:00,/Volumes/Argus/unk/snap/c1/1721871000.c1.snap.jpg,0.38160992
2024-07-25 02:00:00,/Volumes/Argus/unk/snap/c1/1721872800.c1.snap.jpg,0.3456903
2024-07-25 02:30:00,/Volumes/Argus/unk/snap/c1/1721874600.c1.snap.jpg,0.3478254
2024-07-25 03:00:00,/Volumes/Argus/unk/snap/c1/1721876400.c1.snap.jpg,0.3428684
2024-07-25 03:30:00,/Volumes/Argus/unk/snap/c1/1721878200.c1.snap.jpg,0.37547866
2024-07-25 04:00:00,/Volumes/Argus/unk/snap/c1/1721880000.c1.snap.jpg,0.30417296
2024-07-25 04:30:00,/Volumes/Argus/unk/snap/c1/1721881800.c1.snap.jpg,0.297758
2024-07-25 05:30:00,/Volumes/Argus/unk/snap/c1/1721885400.c1.snap.jpg,0.34505695
2024-07-25 06:00:00,/Volumes/Argus/unk/snap/c1/1721887200.c1.snap.jpg,0.22649837
2024-07-25 06:30:00,/Volumes/Argus/unk/snap/c1/1721889000.c1.snap.jpg,0.16869882
2024-07-25 07:00:00,/Volumes/Argus/unk/snap/c1/1721890800.c1.snap.jpg,0.21122196
2024-07-25 07:30:00,/Volumes/Argus/unk/snap/c1/1721892600.c1.snap.jpg,0.21702638
2024-07-25 08:00:00,/Volumes/Argus/unk/snap/c1/1721894400.c1.snap.jpg,0.26685095
2024-07-25 08:30:00,/Volumes/Argus/unk/snap/c1/1721896200.c1.snap.jpg,0.27882704
2024-07-25 09:00:00,/Volumes/Argus/unk/snap/c1/1721898000.c1.snap.jpg,0.29677764
2024-07-25 09:30:00,/Volumes/Argus/unk/snap/c1/1721899800.c1.snap.jpg,0.3461592
2024-07-25 10:00:00,/Volumes/Argus/unk/snap/c1/1721901600.c1.snap.jpg,0.5728631
2024-07-25 11:30:00,/Volumes/Argus/unk/snap/c1/1721907000.c1.snap.jpg,0.664079
2024-07-25 12:00:00,/Volumes/Argus/unk/snap/c1/1721908800.c1.snap.jpg,0.4562888
2024-07-25 14:00:00,/Volumes/Argus/unk/snap/c1/1721916000.c1.snap.jpg,0.63446534
2024-07-25 15:00:00,/Volumes/Argus/unk/snap/c1/1721919600.c1.snap.jpg,0.78048146
2024-07-25 15:30:00,/Volumes/Argus/unk/snap/c1/1721921400.c1.snap.jpg,0.7486978
2024-07-25 16:00:00,/Volumes/Argus/unk/snap/c1/1721923200.c1.snap.jpg,0.69075954
2024-07-25 16:30:00,/Volumes/Argus/unk/snap/c1/1721925000.c1.snap.jpg,0.7337365
2024-07-25 17:00:00,/Volumes/Argus/unk/snap/c1/1721926800.c1.snap.jpg,0.7361685
2024-07-25 17:30:00,/Volumes/Argus/unk/snap/c1/1721928600.c1.snap.jpg,0.7397164
2024-07-25 18:00:00,/Volumes/Argus/unk/snap/c1/1721930400.c1.snap.jpg,0.61415553
2024-07-25 18:30:00,/Volumes/Argus/unk/snap/c1/1721932200.c1.snap.jpg,0.56687653
2024-07-25 19:00:00,/Volumes/Argus/unk/snap/c1/1721934000.c1.snap.jpg,0.5957898
2024-07-25 19:30:00,/Volumes/Argus/unk/snap/c1/1721935800.c1.snap.jpg,0.6015097
2024-07-25 20:00:00,/Volumes/Argus/unk/snap/c1/1721937600.c1.snap.jpg,0.518622
2024-07-25 20:30:00,/Volumes/Argus/unk/snap/c1/1721939400.c1.snap.jpg,0.59648293
2024-07-25 21:00:00,/Volumes/Argus/unk/snap/c1/1721941200.c1.snap.jpg,0.5121266
2024-07-25 22:00:00,/Volumes/Argus/unk/snap/c1/1721944800.c1.snap.jpg,0.5223462
2024-07-25 22:30:00,/Volumes/Argus/unk/snap/c1/1721946600.c1.snap.jpg,0.3637135
2024-07-25 23:00:00,/Volumes/Argus/unk/snap/c1/1721948400.c1.snap.jpg,0.50057423
2024-07-25 23:30:00,/Volumes/Argus/unk/snap/c1/1721950200.c1.snap.jpg,0.46835065
2024-07-26 00:00:00,/Volumes/Argus/unk/snap/c1/1721952000.c1.snap.jpg,0.418199
2024-07-26 00:30:00,/Volumes/Argus/unk/snap/c1/1721953800.c1.snap.jpg,0.29156554
2024-07-26 01:00:00,/Volumes/Argus/unk/snap/c1/1721955600.c1.snap.jpg,0.3689739
2024-07-26 01:30:00,/Volumes/Argus/unk/snap/c1/1721957400.c1.snap.jpg,0.38965666
2024-07-26 02:00:00,/Volumes/Argus/unk/snap/c1/1721959200.c1.snap.jpg,0.37893546
2024-07-26 02:30:00,/Volumes/Argus/unk/snap/c1/1721961000.c1.snap.jpg,0.2984249
2024-07-26 03:00:00,/Volumes/Argus/unk/snap/c1/1721962800.c1.snap.jpg,0.32654402
2024-07-26 03:30:00,/Volumes/Argus/unk/snap/c1/1721964600.c1.snap.jpg,0.34961107
2024-07-26 04:00:00,/Volumes/Argus/unk/snap/c1/1721966400.c1.snap.jpg,0.34243867
2024-07-26 04:30:00,/Volumes/Argus/unk/snap/c1/1721968200.c1.snap.jpg,0.3901705
2024-07-26 05:00:00,/Volumes/Argus/unk/snap/c1/1721970000.c1.snap.jpg,0.51262504
2024-07-26 05:30:00,/Volumes/Argus/unk/snap/c1/1721971800.c1.snap.jpg,0.38480633
2024-07-26 06:00:00,/Volumes/Argus/unk/snap/c1/1721973600.c1.snap.jpg,0.36587644
2024-07-26 07:00:00,/Volumes/Argus/unk/snap/c1/1721977200.c1.snap.jpg,0.40468025
2024-07-26 07:30:00,/Volumes/Argus/unk/snap/c1/1721979000.c1.snap.jpg,0.45392987
2024-07-26 08:00:00,/Volumes/Argus/unk/snap/c1/1721980800.c1.snap.jpg,0.3208444
2024-07-26 08:30:00,/Volumes/Argus/unk/snap/c1/1721982600.c1.snap.jpg,0.39572605
2024-07-26 09:00:00,/Volumes/Argus/unk/snap/c1/1721984400.c1.snap.jpg,0.43662775
2024-07-26 09:30:00,/Volumes/Argus/unk/snap/c1/1721986200.c1.snap.jpg,0.42075765
2024-07-26 10:00:00,/Volumes/Argus/unk/snap/c1/1721988000.c1.snap.jpg,0.5032638
2024-07-26 12:00:00,/Volumes/Argus/unk/snap/c1/1721995200.c1.snap.jpg,0.42399
2024-07-26 14:00:00,/Volumes/Argus/unk/snap/c1/1722002400.c1.snap.jpg,0.5550171
2024-07-26 14:30:00,/Volumes/Argus/unk/snap/c1/1722004200.c1.snap.jpg,0.5296404
2024-07-26 15:00:00,/Volumes/Argus/unk/snap/c1/1722006000.c1.snap.jpg,0.64102864
2024-07-26 15:30:00,/Volumes/Argus/unk/snap/c1/1722007800.c1.snap.jpg,0.75436836
2024-07-26 16:00:00,/Volumes/Argus/unk/snap/c1/1722009600.c1.snap.jpg,0.81973565
2024-07-26 16:30:00,/Volumes/Argus/unk/snap/c1/1722011400.c1.snap.jpg,0.9278227
2024-07-26 17:00:00,/Volumes/Argus/unk/snap/c1/1722013200.c1.snap.jpg,0.80161345
2024-07-26 17:30:00,/Volumes/Argus/unk/snap/c1/1722015000.c1.snap.jpg,0.9660877
2024-07-26 18:00:00,/Volumes/Argus/unk/snap/c1/1722016800.c1.snap.jpg,0.7724565
2024-07-26 18:30:00,/Volumes/Argus/unk/snap/c1/1722018600.c1.snap.jpg,0.8945086
2024-07-26 19:00:00,/Volumes/Argus/unk/snap/c1/1722020400.c1.snap.jpg,0.8762295
2024-07-26 19:30:00,/Volumes/Argus/unk/snap/c1/1722022200.c1.snap.jpg,0.8461399
2024-07-26 20:00:00,/Volumes/Argus/unk/snap/c1/1722024000.c1.snap.jpg,0.9272035
2024-07-26 20:30:00,/Volumes/Argus/unk/snap/c1/1722025800.c1.snap.jpg,1.3646287
2024-07-26 21:00:00,/Volumes/Argus/unk/snap/c1/1722027600.c1.snap.jpg,0.9791012
2024-07-26 21:30:00,/Volumes/Argus/unk/snap/c1/1722029400.c1.snap.jpg,0.9535217
2024-07-26 22:00:00,/Volumes/Argus/unk/snap/c1/1722031200.c1.snap.jpg,1.0191069
2024-07-26 22:30:00,/Volumes/Argus/unk/snap/c1/1722033000.c1.snap.jpg,0.9173953
2024-07-26 23:00:00,/Volumes/Argus/unk/snap/c1/1722034800.c1.snap.jpg,0.8767177
2024-07-26 23:30:00,/Volumes/Argus/unk/snap/c1/1722036600.c1.snap.jpg,0.9129689
2024-07-27 00:00:00,/Volumes/Argus/unk/snap/c1/1722038400.c1.snap.jpg,0.94466746
2024-07-27 00:30:00,/Volumes/Argus/unk/snap/c1/1722040200.c1.snap.jpg,0.7867462
2024-07-27 01:00:00,/Volumes/Argus/unk/snap/c1/1722042000.c1.snap.jpg,0.8198925
2024-07-27 01:30:00,/Volumes/Argus/unk/snap/c1/1722043800.c1.snap.jpg,0.87452793
2024-07-27 02:00:00,/Volumes/Argus/unk/snap/c1/1722045600.c1.snap.jpg,0.881124
2024-07-27 02:30:00,/Volumes/Argus/unk/snap/c1/1722047400.c1.snap.jpg,0.96332735
2024-07-27 03:00:00,/Volumes/Argus/unk/snap/c1/1722049200.c1.snap.jpg,1.0698148
2024-07-27 03:30:00,/Volumes/Argus/unk/snap/c1/1722051000.c1.snap.jpg,1.0065854
2024-07-27 04:00:00,/Volumes/Argus/unk/snap/c1/1722052800.c1.snap.jpg,0.8660356
2024-07-27 04:30:00,/Volumes/Argus/unk/snap/c1/1722054600.c1.snap.jpg,0.50139356
2024-07-27 05:00:00,/Volumes/Argus/unk/snap/c1/1722056400.c1.snap.jpg,0.7346488
2024-07-27 05:30:00,/Volumes/Argus/unk/snap/c1/1722058200.c1.snap.jpg,0.59761405
2024-07-27 06:00:00,/Volumes/Argus/unk/snap/c1/1722060000.c1.snap.jpg,0.5679501
2024-07-27 06:30:00,/Volumes/Argus/unk/snap/c1/1722061800.c1.snap.jpg,0.5543969
2024-07-27 07:00:00,/Volumes/Argus/unk/snap/c1/1722063600.c1.snap.jpg,0.63616574
2024-07-27 07:30:00,/Volumes/Argus/unk/snap/c1/1722065400.c1.snap.jpg,0.56158084
2024-07-27 08:00:00,/Volumes/Argus/unk/snap/c1/1722067200.c1.snap.jpg,0.8938433
2024-07-27 08:30:00,/Volumes/Argus/unk/snap/c1/1722069000.c1.snap.jpg,0.8422705
2024-07-27 09:00:00,/Volumes/Argus/unk/snap/c1/1722070800.c1.snap.jpg,0.97265434
2024-07-27 09:30:00,/Volumes/Argus/unk/snap/c1/1722072600.c1.snap.jpg,0.8089174
2024-07-27 10:00:00,/Volumes/Argus/unk/snap/c1/1722074400.c1.snap.jpg,0.92933035
2024-07-27 14:00:00,/Volumes/Argus/unk/snap/c1/1722088800.c1.snap.jpg,1.065075
2024-07-27 14:30:00,/Volumes/Argus/unk/snap/c1/1722090600.c1.snap.jpg,0.93796134
2024-07-27 15:00:00,/Volumes/Argus/unk/snap/c1/1722092400.c1.snap.jpg,0.9889119
2024-07-27 15:30:00,/Volumes/Argus/unk/snap/c1/1722094200.c1.snap.jpg,0.9740174
2024-07-27 16:00:00,/Volumes/Argus/unk/snap/c1/1722096000.c1.snap.jpg,0.9435013
2024-07-27 16:30:00,/Volumes/Argus/unk/snap/c1/1722097800.c1.snap.jpg,0.9670099
2024-07-27 17:30:00,/Volumes/Argus/unk/snap/c1/1722101400.c1.snap.jpg,0.9227884
2024-07-27 18:00:00,/Volumes/Argus/unk/snap/c1/1722103200.c1.snap.jpg,0.9694581
2024-07-27 18:30:00,/Volumes/Argus/unk/snap/c1/1722105000.c1.snap.jpg,0.9188314
2024-07-27 19:00:00,/Volumes/Argus/unk/snap/c1/1722106800.c1.snap.jpg,1.0012503
2024-07-27 19:30:00,/Volumes/Argus/unk/snap/c1/1722108600.c1.snap.jpg,0.9792391
2024-07-27 20:00:00,/Volumes/Argus/unk/snap/c1/1722110400.c1.snap.jpg,1.1023679
2024-07-27 20:30:00,/Volumes/Argus/unk/snap/c1/1722112200.c1.snap.jpg,1.090905
2024-07-27 21:00:00,/Volumes/Argus/unk/snap/c1/1722114000.c1.snap.jpg,1.0813148
2024-07-27 21:30:00,/Volumes/Argus/unk/snap/c1/1722115800.c1.snap.jpg,1.1385616
2024-07-27 22:00:00,/Volumes/Argus/unk/snap/c1/1722117600.c1.snap.jpg,1.0821478
2024-07-27 22:30:00,/Volumes/Argus/unk/snap/c1/1722119400.c1.snap.jpg,0.99745727
2024-07-27 23:00:00,/Volumes/Argus/unk/snap/c1/1722121200.c1.snap.jpg,0.994697
2024-07-27 23:30:00,/Volumes/Argus/unk/snap/c1/1722123000.c1.snap.jpg,1.0425315
2024-07-28 00:00:00,/Volumes/Argus/unk/snap/c1/1722124800.c1.snap.jpg,1.0463763
2024-07-28 00:30:00,/Volumes/Argus/unk/snap/c1/1722126600.c1.snap.jpg,0.996865
2024-07-28 01:00:00,/Volumes/Argus/unk/snap/c1/1722128400.c1.snap.jpg,1.0598571
2024-07-28 01:30:00,/Volumes/Argus/unk/snap/c1/1722130200.c1.snap.jpg,0.99174637
2024-07-28 02:00:00,/Volumes/Argus/unk/snap/c1/1722132000.c1.snap.jpg,1.0212095
2024-07-28 02:30:00,/Volumes/Argus/unk/snap/c1/1722133800.c1.snap.jpg,0.98617125
2024-07-28 03:00:00,/Volumes/Argus/unk/snap/c1/1722135600.c1.snap.jpg,0.89818925
2024-07-28 03:30:00,/Volumes/Argus/unk/snap/c1/1722137400.c1.snap.jpg,0.9267739
2024-07-28 04:00:00,/Volumes/Argus/unk/snap/c1/1722139200.c1.snap.jpg,0.80720013
2024-07-28 04:30:00,/Volumes/Argus/unk/snap/c1/1722141000.c1.snap.jpg,0.79471767
2024-07-28 05:00:00,/Volumes/Argus/unk/snap/c1/1722142800.c1.snap.jpg,0.69117296
2024-07-28 05:30:00,/Volumes/Argus/unk/snap/c1/1722144600.c1.snap.jpg,0.84764576
2024-07-28 06:00:00,/Volumes/Argus/unk/snap/c1/1722146400.c1.snap.jpg,0.8648101
2024-07-28 06:30:00,/Volumes/Argus/unk/snap/c1/1722148200.c1.snap.jpg,0.8655423
2024-07-28 07:00:00,/Volumes/Argus/unk/snap/c1/1722150000.c1.snap.jpg,0.62586987
2024-07-28 07:30:00,/Volumes/Argus/unk/snap/c1/1722151800.c1.snap.jpg,0.7249199
2024-07-28 08:00:00,/Volumes/Argus/unk/snap/c1/1722153600.c1.snap.jpg,0.74627686
2024-07-28 08:30:00,/Volumes/Argus/unk/snap/c1/1722155400.c1.snap.jpg,0.68430084
2024-07-28 09:00:00,/Volumes/Argus/unk/snap/c1/1722157200.c1.snap.jpg,0.540222
2024-07-28 09:30:00,/Volumes/Argus/unk/snap/c1/1722159000.c1.snap.jpg,0.61015785
2024-07-28 12:00:00,/Volumes/Argus/unk/snap/c1/1722168000.c1.snap.jpg,0.587147
2024-07-28 14:00:00,/Volumes/Argus/unk/snap/c1/1722175200.c1.snap.jpg,0.7396568
2024-07-28 14:30:00,/Volumes/Argus/unk/snap/c1/1722177000.c1.snap.jpg,0.60598385
2024-07-28 15:00:00,/Volumes/Argus/unk/snap/c1/1722178800.c1.snap.jpg,0.6499206
2024-07-28 15:30:00,/Volumes/Argus/unk/snap/c1/1722180600.c1.snap.jpg,0.5116566
2024-07-28 16:00:00,/Volumes/Argus/unk/snap/c1/1722182400.c1.snap.jpg,0.46063313
2024-07-28 16:30:00,/Volumes/Argus/unk/snap/c1/1722184200.c1.snap.jpg,0.43489432
2024-07-28 17:00:00,/Volumes/Argus/unk/snap/c1/1722186000.c1.snap.jpg,0.5201535
2024-07-28 17:30:00,/Volumes/Argus/unk/snap/c1/1722187800.c1.snap.jpg,0.49462718
2024-07-28 18:00:00,/Volumes/Argus/unk/snap/c1/1722189600.c1.snap.jpg,0.36618072
2024-07-28 19:00:00,/Volumes/Argus/unk/snap/c1/1722193200.c1.snap.jpg,0.34895453
2024-07-28 19:30:00,/Volumes/Argus/unk/snap/c1/1722195000.c1.snap.jpg,0.29982543
2024-07-28 20:00:00,/Volumes/Argus/unk/snap/c1/1722196800.c1.snap.jpg,0.29125142
2024-07-28 21:00:00,/Volumes/Argus/unk/snap/c1/1722200400.c1.snap.jpg,0.26270938
2024-07-28 21:30:00,/Volumes/Argus/unk/snap/c1/1722202200.c1.snap.jpg,0.27451387
2024-07-28 22:00:00,/Volumes/Argus/unk/snap/c1/1722204000.c1.snap.jpg,0.24012902
2024-07-28 22:30:00,/Volumes/Argus/unk/snap/c1/1722205800.c1.snap.jpg,0.24290928
2024-07-28 23:00:00,/Volumes/Argus/unk/snap/c1/1722207600.c1.snap.jpg,0.23139161
2024-07-28 23:30:00,/Volumes/Argus/unk/snap/c1/1722209400.c1.snap.jpg,0.29888278
2024-07-29 00:00:00,/Volumes/Argus/unk/snap/c1/1722211200.c1.snap.jpg,0.29155082
2024-07-29 00:30:00,/Volumes/Argus/unk/snap/c1/1722213000.c1.snap.jpg,0.2761366
2024-07-29 01:00:00,/Volumes/Argus/unk/snap/c1/1722214800.c1.snap.jpg,0.27926812
2024-07-29 01:30:00,/Volumes/Argus/unk/snap/c1/1722216600.c1.snap.jpg,0.3270319
2024-07-29 02:00:00,/Volumes/Argus/unk/snap/c1/1722218400.c1.snap.jpg,0.36632282
2024-07-29 02:30:00,/Volumes/Argus/unk/snap/c1/1722220200.c1.snap.jpg,0.29318747
2024-07-29 03:30:00,/Volumes/Argus/unk/snap/c1/1722223800.c1.snap.jpg,0.25953853
2024-07-29 04:00:00,/Volumes/Argus/unk/snap/c1/1722225600.c1.snap.jpg,0.33660424
2024-07-29 04:30:00,/Volumes/Argus/unk/snap/c1/1722227400.c1.snap.jpg,0.25944954
2024-07-29 05:00:00,/Volumes/Argus/unk/snap/c1/1722229200.c1.snap.jpg,0.23582661
2024-07-29 05:30:00,/Volumes/Argus/unk/snap/c1/1722231000.c1.snap.jpg,0.21371941
2024-07-29 06:00:00,/Volumes/Argus/unk/snap/c1/1722232800.c1.snap.jpg,0.2542999
2024-07-29 06:30:00,/Volumes/Argus/unk/snap/c1/1722234600.c1.snap.jpg,0.30606934
2024-07-29 07:00:00,/Volumes/Argus/unk/snap/c1/1722236400.c1.snap.jpg,0.25813776
2024-07-29 07:30:00,/Volumes/Argus/unk/snap/c1/1722238200.c1.snap.jpg,0.24939507
2024-07-29 08:00:00,/Volumes/Argus/unk/snap/c1/1722240000.c1.snap.jpg,0.33360022
2024-07-29 08:30:00,/Volumes/Argus/unk/snap/c1/1722241800.c1.snap.jpg,0.33338875
2024-07-29 09:00:00,/Volumes/Argus/unk/snap/c1/1722243600.c1.snap.jpg,0.4687327
2024-07-29 09:30:00,/Volumes/Argus/unk/snap/c1/1722245400.c1.snap.jpg,0.9721353
2024-07-29 14:00:00,/Volumes/Argus/unk/snap/c1/1722261600.c1.snap.jpg,0.60192615
2024-07-29 14:30:00,/Volumes/Argus/unk/snap/c1/1722263400.c1.snap.jpg,0.66338176
2024-07-29 15:00:00,/Volumes/Argus/unk/snap/c1/1722265200.c1.snap.jpg,0.71867394
2024-07-29 15:30:00,/Volumes/Argus/unk/snap/c1/1722267000.c1.snap.jpg,0.6623521
2024-07-29 16:00:00,/Volumes/Argus/unk/snap/c1/1722268800.c1.snap.jpg,0.96694195
2024-07-29 16:30:00,/Volumes/Argus/unk/snap/c1/1722270600.c1.snap.jpg,1.0073775
2024-07-29 17:00:00,/Volumes/Argus/unk/snap/c1/1722272400.c1.snap.jpg,1.1395471
2024-07-29 17:30:00,/Volumes/Argus/unk/snap/c1/1722274200.c1.snap.jpg,1.0906028
2024-07-29 18:00:00,/Volumes/Argus/unk/snap/c1/1722276000.c1.snap.jpg,1.2059375
2024-07-29 18:30:00,/Volumes/Argus/unk/snap/c1/1722277800.c1.snap.jpg,1.1412921
2024-07-29 19:00:00,/Volumes/Argus/unk/snap/c1/1722279600.c1.snap.jpg,1.1521307
2024-07-29 19:30:00,/Volumes/Argus/unk/snap/c1/1722281400.c1.snap.jpg,1.0368392
2024-07-29 20:00:00,/Volumes/Argus/unk/snap/c1/1722283200.c1.snap.jpg,1.1704906
2024-07-29 20:30:00,/Volumes/Argus/unk/snap/c1/1722285000.c1.snap.jpg,0.92707765
2024-07-29 21:00:00,/Volumes/Argus/unk/snap/c1/1722286800.c1.snap.jpg,0.8091562
2024-07-29 21:30:00,/Volumes/Argus/unk/snap/c1/1722288600.c1.snap.jpg,0.81507134
2024-07-29 22:00:00,/Volumes/Argus/unk/snap/c1/1722290400.c1.snap.jpg,0.7377878
2024-07-29 22:30:00,/Volumes/Argus/unk/snap/c1/1722292200.c1.snap.jpg,0.67754626
2024-07-29 23:00:00,/Volumes/Argus/unk/snap/c1/1722294000.c1.snap.jpg,0.64353514
2024-07-29 23:30:00,/Volumes/Argus/unk/snap/c1/1722295800.c1.snap.jpg,0.6439875
2024-07-30 00:00:00,/Volumes/Argus/unk/snap/c1/1722297600.c1.snap.jpg,0.7407759
2024-07-30 00:30:00,/Volumes/Argus/unk/snap/c1/1722299400.c1.snap.jpg,0.6623874
2024-07-30 01:30:00,/Volumes/Argus/unk/snap/c1/1722303000.c1.snap.jpg,0.56879354
2024-07-30 02:00:00,/Volumes/Argus/unk/snap/c1/1722304800.c1.snap.jpg,0.54845834
2024-07-30 02:30:00,/Volumes/Argus/unk/snap/c1/1722306600.c1.snap.jpg,0.6591537
2024-07-30 03:00:00,/Volumes/Argus/unk/snap/c1/1722308400.c1.snap.jpg,0.7183937
2024-07-30 03:30:00,/Volumes/Argus/unk/snap/c1/1722310200.c1.snap.jpg,0.65043604
2024-07-30 04:00:00,/Volumes/Argus/unk/snap/c1/1722312000.c1.snap.jpg,0.5761162
2024-07-30 04:30:00,/Volumes/Argus/unk/snap/c1/1722313800.c1.snap.jpg,0.36640078
2024-07-30 05:00:00,/Volumes/Argus/unk/snap/c1/1722315600.c1.snap.jpg,0.7877428
2024-07-30 05:30:00,/Volumes/Argus/unk/snap/c1/1722317400.c1.snap.jpg,0.61791325
2024-07-30 06:00:00,/Volumes/Argus/unk/snap/c1/1722319200.c1.snap.jpg,0.70211315
2024-07-30 06:30:00,/Volumes/Argus/unk/snap/c1/1722321000.c1.snap.jpg,0.6412916
2024-07-30 07:00:00,/Volumes/Argus/unk/snap/c1/1722322800.c1.snap.jpg,0.51856565
2024-07-30 07:30:00,/Volumes/Argus/unk/snap/c1/1722324600.c1.snap.jpg,0.6307877
2024-07-30 08:00:00,/Volumes/Argus/unk/snap/c1/1722326400.c1.snap.jpg,0.7369169
2024-07-30 08:30:00,/Volumes/Argus/unk/snap/c1/1722328200.c1.snap.jpg,0.82074416
2024-07-30 09:00:00,/Volumes/Argus/unk/snap/c1/1722330000.c1.snap.jpg,0.7629209
2024-07-30 09:30:00,/Volumes/Argus/unk/snap/c1/1722331800.c1.snap.jpg,0.62070376
2024-07-30 14:00:00,/Volumes/Argus/unk/snap/c1/1722348000.c1.snap.jpg,0.9056011
2024-07-30 14:30:00,/Volumes/Argus/unk/snap/c1/1722349800.c1.snap.jpg,0.787817
2024-07-30 15:00:00,/Volumes/Argus/unk/snap/c1/1722351600.c1.snap.jpg,0.86227643
2024-07-30 15:30:00,/Volumes/Argus/unk/snap/c1/1722353400.c1.snap.jpg,0.87935644
2024-07-30 16:00:00,/Volumes/Argus/unk/snap/c1/1722355200.c1.snap.jpg,0.8682716
2024-07-30 16:30:00,/Volumes/Argus/unk/snap/c1/1722357000.c1.snap.jpg,0.8199889
2024-07-30 17:00:00,/Volumes/Argus/unk/snap/c1/1722358800.c1.snap.jpg,0.8718763
2024-07-30 17:30:00,/Volumes/Argus/unk/snap/c1/1722360600.c1.snap.jpg,0.809736
2024-07-30 18:00:00,/Volumes/Argus/unk/snap/c1/1722362400.c1.snap.jpg,0.7660606
2024-07-30 18:30:00,/Volumes/Argus/unk/snap/c1/1722364200.c1.snap.jpg,0.75022185
2024-07-30 19:00:00,/Volumes/Argus/unk/snap/c1/1722366000.c1.snap.jpg,0.7490778
2024-07-30 19:30:00,/Volumes/Argus/unk/snap/c1/1722367800.c1.snap.jpg,0.69706315
2024-07-30 20:00:00,/Volumes/Argus/unk/snap/c1/1722369600.c1.snap.jpg,0.63549507
2024-07-30 20:30:00,/Volumes/Argus/unk/snap/c1/1722371400.c1.snap.jpg,0.6278395
2024-07-30 21:00:00,/Volumes/Argus/unk/snap/c1/1722373200.c1.snap.jpg,0.6136332
2024-07-30 21:30:00,/Volumes/Argus/unk/snap/c1/1722375000.c1.snap.jpg,0.59849995
2024-07-30 22:00:00,/Volumes/Argus/unk/snap/c1/1722376800.c1.snap.jpg,0.63842964
2024-07-30 22:30:00,/Volumes/Argus/unk/snap/c1/1722378600.c1.snap.jpg,0.6670213
2024-07-30 23:00:00,/Volumes/Argus/unk/snap/c1/1722380400.c1.snap.jpg,0.6966809
2024-07-30 23:30:00,/Volumes/Argus/unk/snap/c1/1722382200.c1.snap.jpg,0.71806026
2024-07-31 00:00:00,/Volumes/Argus/unk/snap/c1/1722384000.c1.snap.jpg,0.8212701
2024-07-31 00:30:00,/Volumes/Argus/unk/snap/c1/1722385800.c1.snap.jpg,0.71648407
2024-07-31 01:00:00,/Volumes/Argus/unk/snap/c1/1722387600.c1.snap.jpg,0.75418407
2024-07-31 01:30:00,/Volumes/Argus/unk/snap/c1/1722389400.c1.snap.jpg,0.6860238
2024-07-31 02:00:00,/Volumes/Argus/unk/snap/c1/1722391200.c1.snap.jpg,0.6696528
2024-07-31 02:30:00,/Volumes/Argus/unk/snap/c1/1722393000.c1.snap.jpg,0.71899205
2024-07-31 03:00:00,/Volumes/Argus/unk/snap/c1/1722394800.c1.snap.jpg,0.68019605
2024-07-31 03:30:00,/Volumes/Argus/unk/snap/c1/1722396600.c1.snap.jpg,0.46427155
2024-07-31 04:00:00,/Volumes/Argus/unk/snap/c1/1722398400.c1.snap.jpg,0.7822225
2024-07-31 04:30:00,/Volumes/Argus/unk/snap/c1/1722400200.c1.snap.jpg,0.71901125
2024-07-31 05:00:00,/Volumes/Argus/unk/snap/c1/1722402000.c1.snap.jpg,0.87414706
2024-07-31 05:30:00,/Volumes/Argus/unk/snap/c1/1722403800.c1.snap.jpg,0.8595984
2024-07-31 06:00:00,/Volumes/Argus/unk/snap/c1/1722405600.c1.snap.jpg,0.8775285
2024-07-31 06:30:00,/Volumes/Argus/unk/snap/c1/1722407400.c1.snap.jpg,0.825158
2024-07-31 07:00:00,/Volumes/Argus/unk/snap/c1/1722409200.c1.snap.jpg,0.90231216
2024-07-31 07:30:00,/Volumes/Argus/unk/snap/c1/1722411000.c1.snap.jpg,0.91434157
2024-07-31 08:00:00,/Volumes/Argus/unk/snap/c1/1722412800.c1.snap.jpg,0.8697539
2024-07-31 08:30:00,/Volumes/Argus/unk/snap/c1/1722414600.c1.snap.jpg,0.8164577
2024-07-31 09:00:00,/Volumes/Argus/unk/snap/c1/1722416400.c1.snap.jpg,0.81394625
2024-07-31 09:30:00,/Volumes/Argus/unk/snap/c1/1722418200.c1.snap.jpg,0.90669477
2024-07-31 14:00:00,/Volumes/Argus/unk/snap/c1/1722434400.c1.snap.jpg,1.0823333
2024-07-31 14:30:00,/Volumes/Argus/unk/snap/c1/1722436200.c1.snap.jpg,1.081918
2024-07-31 15:00:00,/Volumes/Argus/unk/snap/c1/1722438000.c1.snap.jpg,1.069944
2024-07-31 15:30:00,/Volumes/Argus/unk/snap/c1/1722439800.c1.snap.jpg,0.9906167
2024-07-31 16:00:00,/Volumes/Argus/unk/snap/c1/1722441600.c1.snap.jpg,1.11285
2024-07-31 16:30:00,/Volumes/Argus/unk/snap/c1/1722443400.c1.snap.jpg,1.0618842
2024-07-31 17:00:00,/Volumes/Argus/unk/snap/c1/1722445200.c1.snap.jpg,1.0872425
2024-07-31 17:30:00,/Volumes/Argus/unk/snap/c1/1722447000.c1.snap.jpg,1.0505509
2024-07-31 18:00:00,/Volumes/Argus/unk/snap/c1/1722448800.c1.snap.jpg,1.1251055
2024-07-31 18:30:00,/Volumes/Argus/unk/snap/c1/1722450600.c1.snap.jpg,0.98879194
2024-07-31 19:00:00,/Volumes/Argus/unk/snap/c1/1722452400.c1.snap.jpg,1.0653584
2024-07-31 20:00:00,/Volumes/Argus/unk/snap/c1/1722456000.c1.snap.jpg,1.0761547
2024-07-31 20:30:00,/Volumes/Argus/unk/snap/c1/1722457800.c1.snap.jpg,1.0983305
2024-07-31 21:00:00,/Volumes/Argus/unk/snap/c1/1722459600.c1.snap.jpg,1.1341121
2024-07-31 21:30:00,/Volumes/Argus/unk/snap/c1/1722461400.c1.snap.jpg,1.1426352
2024-07-31 22:00:00,/Volumes/Argus/unk/snap/c1/1722463200.c1.snap.jpg,1.089633
2024-07-31 22:30:00,/Volumes/Argus/unk/snap/c1/1722465000.c1.snap.jpg,1.131612
2024-07-31 23:00:00,/Volumes/Argus/unk/snap/c1/1722466800.c1.snap.jpg,1.1336653
2024-07-31 23:30:00,/Volumes/Argus/unk/snap/c1/1722468600.c1.snap.jpg,1.1844997
2024-08-01 00:00:00,/Volumes/Argus/unk/snap/c1/1722470400.c1.snap.jpg,1.1848203
2024-08-01 00:30:00,/Volumes/Argus/unk/snap/c1/1722472200.c1.snap.jpg,1.153855
2024-08-01 01:00:00,/Volumes/Argus/unk/snap/c1/1722474000.c1.snap.jpg,1.1855843
2024-08-01 01:30:00,/Volumes/Argus/unk/snap/c1/1722475800.c1.snap.jpg,1.1827152
2024-08-01 02:00:00,/Volumes/Argus/unk/snap/c1/1722477600.c1.snap.jpg,1.1489551
2024-08-01 02:30:00,/Volumes/Argus/unk/snap/c1/1722479400.c1.snap.jpg,1.1586374
2024-08-01 03:00:00,/Volumes/Argus/unk/snap/c1/1722481200.c1.snap.jpg,1.177242
2024-08-01 04:00:00,/Volumes/Argus/unk/snap/c1/1722484800.c1.snap.jpg,1.1577158
2024-08-01 04:30:00,/Volumes/Argus/unk/snap/c1/1722486600.c1.snap.jpg,1.1977745
2024-08-01 05:00:00,/Volumes/Argus/unk/snap/c1/1722488400.c1.snap.jpg,1.1571077
2024-08-01 05:30:00,/Volumes/Argus/unk/snap/c1/1722490200.c1.snap.jpg,1.1649011
2024-08-01 06:00:00,/Volumes/Argus/unk/snap/c1/1722492000.c1.snap.jpg,1.0530796
2024-08-01 06:30:00,/Volumes/Argus/unk/snap/c1/1722493800.c1.snap.jpg,1.2067264
2024-08-01 07:00:00,/Volumes/Argus/unk/snap/c1/1722495600.c1.snap.jpg,1.26571
2024-08-01 07:30:00,/Volumes/Argus/unk/snap/c1/1722497400.c1.snap.jpg,1.2239636
2024-08-01 08:00:00,/Volumes/Argus/unk/snap/c1/1722499200.c1.snap.jpg,1.1468647
2024-08-01 08:30:00,/Volumes/Argus/unk/snap/c1/1722501000.c1.snap.jpg,1.0478512
2024-08-01 09:00:00,/Volumes/Argus/unk/snap/c1/1722502800.c1.snap.jpg,1.1047776
2024-08-01 14:00:00,/Volumes/Argus/unk/snap/c1/1722520800.c1.snap.jpg,1.4356344
2024-08-01 14:30:00,/Volumes/Argus/unk/snap/c1/1722522600.c1.snap.jpg,1.4121895
2024-08-01 15:00:00,/Volumes/Argus/unk/snap/c1/1722524400.c1.snap.jpg,1.4402696
2024-08-01 15:30:00,/Volumes/Argus/unk/snap/c1/1722526200.c1.snap.jpg,1.3903779
2024-08-01 16:00:00,/Volumes/Argus/unk/snap/c1/1722528000.c1.snap.jpg,1.4865986
2024-08-01 16:30:00,/Volumes/Argus/unk/snap/c1/1722529800.c1.snap.jpg,1.4297503
2024-08-01 17:00:00,/Volumes/Argus/unk/snap/c1/1722531600.c1.snap.jpg,1.376073
2024-08-01 17:30:00,/Volumes/Argus/unk/snap/c1/1722533400.c1.snap.jpg,1.3767713
2024-08-01 18:00:00,/Volumes/Argus/unk/snap/c1/1722535200.c1.snap.jpg,1.3787825
2024-08-01 18:30:00,/Volumes/Argus/unk/snap/c1/1722537000.c1.snap.jpg,1.3130018
2024-08-01 19:00:00,/Volumes/Argus/unk/snap/c1/1722538800.c1.snap.jpg,1.3553485
2024-08-01 19:30:00,/Volumes/Argus/unk/snap/c1/1722540600.c1.snap.jpg,1.3643403
2024-08-01 20:00:00,/Volumes/Argus/unk/snap/c1/1722542400.c1.snap.jpg,1.3843154
2024-08-01 20:30:00,/Volumes/Argus/unk/snap/c1/1722544200.c1.snap.jpg,1.3452008
2024-08-01 21:00:00,/Volumes/Argus/unk/snap/c1/1722546000.c1.snap.jpg,1.3147093
2024-08-01 21:30:00,/Volumes/Argus/unk/snap/c1/1722547800.c1.snap.jpg,1.307953
2024-08-01 22:00:00,/Volumes/Argus/unk/snap/c1/1722549600.c1.snap.jpg,1.2805574
2024-08-01 22:30:00,/Volumes/Argus/unk/snap/c1/1722551400.c1.snap.jpg,1.3387076
2024-08-01 23:00:00,/Volumes/Argus/unk/snap/c1/1722553200.c1.snap.jpg,1.2979094
2024-08-01 23:30:00,/Volumes/Argus/unk/snap/c1/1722555000.c1.snap.jpg,1.3106197
2024-08-02 00:00:00,/Volumes/Argus/unk/snap/c1/1722556800.c1.snap.jpg,1.2706634
2024-08-02 00:30:00,/Volumes/Argus/unk/snap/c1/1722558600.c1.snap.jpg,1.2930636
2024-08-02 01:30:00,/Volumes/Argus/unk/snap/c1/1722562200.c1.snap.jpg,1.3719836
2024-08-02 02:00:00,/Volumes/Argus/unk/snap/c1/1722564000.c1.snap.jpg,1.2453157
2024-08-02 02:30:00,/Volumes/Argus/unk/snap/c1/1722565800.c1.snap.jpg,1.2682692
2024-08-02 03:00:00,/Volumes/Argus/unk/snap/c1/1722567600.c1.snap.jpg,1.2099334
2024-08-02 03:30:00,/Volumes/Argus/unk/snap/c1/1722569400.c1.snap.jpg,1.254913
2024-08-02 04:00:00,/Volumes/Argus/unk/snap/c1/1722571200.c1.snap.jpg,1.265083
2024-08-02 04:30:00,/Volumes/Argus/unk/snap/c1/1722573000.c1.snap.jpg,1.2487772
2024-08-02 05:00:00,/Volumes/Argus/unk/snap/c1/1722574800.c1.snap.jpg,1.2045969
2024-08-02 05:30:00,/Volumes/Argus/unk/snap/c1/1722576600.c1.snap.jpg,1.1475079
2024-08-02 06:00:00,/Volumes/Argus/unk/snap/c1/1722578400.c1.snap.jpg,1.169698
2024-08-02 06:30:00,/Volumes/Argus/unk/snap/c1/1722580200.c1.snap.jpg,1.1878977
2024-08-02 07:00:00,/Volumes/Argus/unk/snap/c1/1722582000.c1.snap.jpg,1.1957622
2024-08-02 07:30:00,/Volumes/Argus/unk/snap/c1/1722583800.c1.snap.jpg,1.1652411
2024-08-02 08:30:00,/Volumes/Argus/unk/snap/c1/1722587400.c1.snap.jpg,1.0663161
2024-08-02 09:00:00,/Volumes/Argus/unk/snap/c1/1722589200.c1.snap.jpg,1.1009903
2024-08-02 14:00:00,/Volumes/Argus/unk/snap/c1/1722607200.c1.snap.jpg,1.174399
2024-08-02 14:30:00,/Volumes/Argus/unk/snap/c1/1722609000.c1.snap.jpg,1.2201078
2024-08-02 15:00:00,/Volumes/Argus/unk/snap/c1/1722610800.c1.snap.jpg,1.2095484
2024-08-02 15:30:00,/Volumes/Argus/unk/snap/c1/1722612600.c1.snap.jpg,1.1288724
2024-08-02 16:00:00,/Volumes/Argus/unk/snap/c1/1722614400.c1.snap.jpg,1.1734358
2024-08-02 16:30:00,/Volumes/Argus/unk/snap/c1/1722616200.c1.snap.jpg,1.1646087
2024-08-02 17:00:00,/Volumes/Argus/unk/snap/c1/1722618000.c1.snap.jpg,1.0372927
2024-08-02 17:30:00,/Volumes/Argus/unk/snap/c1/1722619800.c1.snap.jpg,1.0124421
2024-08-02 18:00:00,/Volumes/Argus/unk/snap/c1/1722621600.c1.snap.jpg,1.0788047
2024-08-02 18:30:00,/Volumes/Argus/unk/snap/c1/1722623400.c1.snap.jpg,1.0628867
2024-08-02 19:00:00,/Volumes/Argus/unk/snap/c1/1722625200.c1.snap.jpg,0.99277544
2024-08-02 19:30:00,/Volumes/Argus/unk/snap/c1/1722627000.c1.snap.jpg,0.9397287
2024-08-02 20:00:00,/Volumes/Argus/unk/snap/c1/1722628800.c1.snap.jpg,0.85203594
2024-08-02 20:30:00,/Volumes/Argus/unk/snap/c1/1722630600.c1.snap.jpg,0.90932065
2024-08-02 21:00:00,/Volumes/Argus/unk/snap/c1/1722632400.c1.snap.jpg,0.83512354
2024-08-02 21:30:00,/Volumes/Argus/unk/snap/c1/1722634200.c1.snap.jpg,0.8447205
2024-08-02 22:00:00,/Volumes/Argus/unk/snap/c1/1722636000.c1.snap.jpg,0.8468844
2024-08-02 22:30:00,/Volumes/Argus/unk/snap/c1/1722637800.c1.snap.jpg,0.7654861
2024-08-02 23:00:00,/Volumes/Argus/unk/snap/c1/1722639600.c1.snap.jpg,0.7845331
2024-08-02 23:30:00,/Volumes/Argus/unk/snap/c1/1722641400.c1.snap.jpg,0.753959
2024-08-03 00:00:00,/Volumes/Argus/unk/snap/c1/1722643200.c1.snap.jpg,0.6597563
2024-08-03 00:30:00,/Volumes/Argus/unk/snap/c1/1722645000.c1.snap.jpg,0.57182693
2024-08-03 01:00:00,/Volumes/Argus/unk/snap/c1/1722646800.c1.snap.jpg,0.6150877
2024-08-03 01:30:00,/Volumes/Argus/unk/snap/c1/1722648600.c1.snap.jpg,0.5936909
2024-08-03 02:00:00,/Volumes/Argus/unk/snap/c1/1722650400.c1.snap.jpg,0.5201171
2024-08-03 02:30:00,/Volumes/Argus/unk/snap/c1/1722652200.c1.snap.jpg,0.59408283
2024-08-03 03:00:00,/Volumes/Argus/unk/snap/c1/1722654000.c1.snap.jpg,0.57790214
2024-08-03 03:30:00,/Volumes/Argus/unk/snap/c1/1722655800.c1.snap.jpg,0.5610324
2024-08-03 04:00:00,/Volumes/Argus/unk/snap/c1/1722657600.c1.snap.jpg,0.58689934
2024-08-03 04:30:00,/Volumes/Argus/unk/snap/c1/1722659400.c1.snap.jpg,0.58687025
2024-08-03 05:00:00,/Volumes/Argus/unk/snap/c1/1722661200.c1.snap.jpg,0.5964533
2024-08-03 05:30:00,/Volumes/Argus/unk/snap/c1/1722663000.c1.snap.jpg,0.7035569
2024-08-03 06:00:00,/Volumes/Argus/unk/snap/c1/1722664800.c1.snap.jpg,0.5511004
2024-08-03 06:30:00,/Volumes/Argus/unk/snap/c1/1722666600.c1.snap.jpg,0.62701976
2024-08-03 07:00:00,/Volumes/Argus/unk/snap/c1/1722668400.c1.snap.jpg,0.530716
2024-08-03 07:30:00,/Volumes/Argus/unk/snap/c1/1722670200.c1.snap.jpg,0.514475
2024-08-03 08:00:00,/Volumes/Argus/unk/snap/c1/1722672000.c1.snap.jpg,0.4837482
2024-08-03 08:30:00,/Volumes/Argus/unk/snap/c1/1722673800.c1.snap.jpg,0.49927413
2024-08-03 09:00:00,/Volumes/Argus/unk/snap/c1/1722675600.c1.snap.jpg,0.8673782
2024-08-03 14:00:00,/Volumes/Argus/unk/snap/c1/1722693600.c1.snap.jpg,0.7332665
2024-08-03 14:30:00,/Volumes/Argus/unk/snap/c1/1722695400.c1.snap.jpg,0.8626114
2024-08-03 15:00:00,/Volumes/Argus/unk/snap/c1/1722697200.c1.snap.jpg,0.86640877
2024-08-03 15:30:00,/Volumes/Argus/unk/snap/c1/1722699000.c1.snap.jpg,0.90472984
2024-08-03 16:00:00,/Volumes/Argus/unk/snap/c1/1722700800.c1.snap.jpg,0.96796817
2024-08-03 16:30:00,/Volumes/Argus/unk/snap/c1/1722702600.c1.snap.jpg,0.895654
2024-08-03 17:00:00,/Volumes/Argus/unk/snap/c1/1722704400.c1.snap.jpg,0.9638114
2024-08-03 17:30:00,/Volumes/Argus/unk/snap/c1/1722706200.c1.snap.jpg,0.89137393
2024-08-03 18:00:00,/Volumes/Argus/unk/snap/c1/1722708000.c1.snap.jpg,0.8705261
2024-08-03 19:00:00,/Volumes/Argus/unk/snap/c1/1722711600.c1.snap.jpg,0.88158524
2024-08-03 19:30:00,/Volumes/Argus/unk/snap/c1/1722713400.c1.snap.jpg,0.89702034
2024-08-03 20:00:00,/Volumes/Argus/unk/snap/c1/1722715200.c1.snap.jpg,0.9265393
2024-08-03 20:30:00,/Volumes/Argus/unk/snap/c1/1722717000.c1.snap.jpg,0.78099513
2024-08-03 21:00:00,/Volumes/Argus/unk/snap/c1/1722718800.c1.snap.jpg,0.8653275
2024-08-03 22:00:00,/Volumes/Argus/unk/snap/c1/1722722400.c1.snap.jpg,0.86245483
2024-08-03 22:30:00,/Volumes/Argus/unk/snap/c1/1722724200.c1.snap.jpg,0.9178598
2024-08-03 23:00:00,/Volumes/Argus/unk/snap/c1/1722726000.c1.snap.jpg,0.91372705
2024-08-03 23:30:00,/Volumes/Argus/unk/snap/c1/1722727800.c1.snap.jpg,0.75859183
2024-08-04 00:00:00,/Volumes/Argus/unk/snap/c1/1722729600.c1.snap.jpg,0.7614081
2024-08-04 00:30:00,/Volumes/Argus/unk/snap/c1/1722731400.c1.snap.jpg,0.7023347
2024-08-04 01:00:00,/Volumes/Argus/unk/snap/c1/1722733200.c1.snap.jpg,0.6752679
2024-08-04 01:30:00,/Volumes/Argus/unk/snap/c1/1722735000.c1.snap.jpg,0.69582784
2024-08-04 02:00:00,/Volumes/Argus/unk/snap/c1/1722736800.c1.snap.jpg,0.7190342
2024-08-04 02:30:00,/Volumes/Argus/unk/snap/c1/1722738600.c1.snap.jpg,0.8063836
2024-08-04 03:00:00,/Volumes/Argus/unk/snap/c1/1722740400.c1.snap.jpg,0.7257161
2024-08-04 03:30:00,/Volumes/Argus/unk/snap/c1/1722742200.c1.snap.jpg,0.6243595
2024-08-04 04:00:00,/Volumes/Argus/unk/snap/c1/1722744000.c1.snap.jpg,0.55212486
2024-08-04 04:30:00,/Volumes/Argus/unk/snap/c1/1722745800.c1.snap.jpg,0.61704826
2024-08-04 05:00:00,/Volumes/Argus/unk/snap/c1/1722747600.c1.snap.jpg,0.6719159
2024-08-04 05:30:00,/Volumes/Argus/unk/snap/c1/1722749400.c1.snap.jpg,0.7338357
2024-08-04 06:00:00,/Volumes/Argus/unk/snap/c1/1722751200.c1.snap.jpg,0.6597781
2024-08-04 06:30:00,/Volumes/Argus/unk/snap/c1/1722753000.c1.snap.jpg,0.52741253
2024-08-04 07:00:00,/Volumes/Argus/unk/snap/c1/1722754800.c1.snap.jpg,0.70233727
2024-08-04 07:30:00,/Volumes/Argus/unk/snap/c1/1722756600.c1.snap.jpg,0.5801978
2024-08-04 08:00:00,/Volumes/Argus/unk/snap/c1/1722758400.c1.snap.jpg,0.53211236
2024-08-04 08:30:00,/Volumes/Argus/unk/snap/c1/1722760200.c1.snap.jpg,0.45625803
2024-08-04 09:00:00,/Volumes/Argus/unk/snap/c1/1722762000.c1.snap.jpg,0.53309596
2024-08-04 14:00:00,/Volumes/Argus/unk/snap/c1/1722780000.c1.snap.jpg,0.6981964
2024-08-04 14:30:00,/Volumes/Argus/unk/snap/c1/1722781800.c1.snap.jpg,0.3967666
2024-08-04 15:00:00,/Volumes/Argus/unk/snap/c1/1722783600.c1.snap.jpg,0.5934063
2024-08-04 15:30:00,/Volumes/Argus/unk/snap/c1/1722785400.c1.snap.jpg,0.38421664
2024-08-04 16:00:00,/Volumes/Argus/unk/snap/c1/1722787200.c1.snap.jpg,0.5809356
2024-08-04 16:30:00,/Volumes/Argus/unk/snap/c1/1722789000.c1.snap.jpg,0.63601255
2024-08-04 17:00:00,/Volumes/Argus/unk/snap/c1/1722790800.c1.snap.jpg,0.69086546
2024-08-04 17:30:00,/Volumes/Argus/unk/snap/c1/1722792600.c1.snap.jpg,0.47006506
2024-08-04 18:00:00,/Volumes/Argus/unk/snap/c1/1722794400.c1.snap.jpg,0.38066736
2024-08-04 18:30:00,/Volumes/Argus/unk/snap/c1/1722796200.c1.snap.jpg,0.35429144
2024-08-04 19:00:00,/Volumes/Argus/unk/snap/c1/1722798000.c1.snap.jpg,0.43726182
2024-08-04 19:30:00,/Volumes/Argus/unk/snap/c1/1722799800.c1.snap.jpg,0.35741916
2024-08-04 20:30:00,/Volumes/Argus/unk/snap/c1/1722803400.c1.snap.jpg,0.35221148
2024-08-04 21:00:00,/Volumes/Argus/unk/snap/c1/1722805200.c1.snap.jpg,0.3905216
2024-08-04 21:30:00,/Volumes/Argus/unk/snap/c1/1722807000.c1.snap.jpg,0.47588196
2024-08-04 22:00:00,/Volumes/Argus/unk/snap/c1/1722808800.c1.snap.jpg,0.47384596
2024-08-04 22:30:00,/Volumes/Argus/unk/snap/c1/1722810600.c1.snap.jpg,0.5153233
2024-08-04 23:00:00,/Volumes/Argus/unk/snap/c1/1722812400.c1.snap.jpg,0.45222682
2024-08-04 23:30:00,/Volumes/Argus/unk/snap/c1/1722814200.c1.snap.jpg,0.4571091
2024-08-05 00:00:00,/Volumes/Argus/unk/snap/c1/1722816000.c1.snap.jpg,0.50793487
2024-08-05 00:30:00,/Volumes/Argus/unk/snap/c1/1722817800.c1.snap.jpg,0.55007327
2024-08-05 01:00:00,/Volumes/Argus/unk/snap/c1/1722819600.c1.snap.jpg,0.46350324
2024-08-05 01:30:00,/Volumes/Argus/unk/snap/c1/1722821400.c1.snap.jpg,0.45698434
2024-08-05 02:00:00,/Volumes/Argus/unk/snap/c1/1722823200.c1.snap.jpg,0.7412296
2024-08-05 02:30:00,/Volumes/Argus/unk/snap/c1/1722825000.c1.snap.jpg,0.49456698
2024-08-05 03:00:00,/Volumes/Argus/unk/snap/c1/1722826800.c1.snap.jpg,0.4521495
2024-08-05 03:30:00,/Volumes/Argus/unk/snap/c1/1722828600.c1.snap.jpg,0.47076946
2024-08-05 04:00:00,/Volumes/Argus/unk/snap/c1/1722830400.c1.snap.jpg,0.6113777
2024-08-05 04:30:00,/Volumes/Argus/unk/snap/c1/1722832200.c1.snap.jpg,0.4958023
2024-08-05 05:00:00,/Volumes/Argus/unk/snap/c1/1722834000.c1.snap.jpg,0.5826141
2024-08-05 05:30:00,/Volumes/Argus/unk/snap/c1/1722835800.c1.snap.jpg,0.5578774
2024-08-05 06:00:00,/Volumes/Argus/unk/snap/c1/1722837600.c1.snap.jpg,0.5233773
2024-08-05 06:30:00,/Volumes/Argus/unk/snap/c1/1722839400.c1.snap.jpg,0.5402677
2024-08-05 07:00:00,/Volumes/Argus/unk/snap/c1/1722841200.c1.snap.jpg,0.48445594
2024-08-05 07:30:00,/Volumes/Argus/unk/snap/c1/1722843000.c1.snap.jpg,0.49371454
2024-08-05 08:00:00,/Volumes/Argus/unk/snap/c1/1722844800.c1.snap.jpg,0.4202177
2024-08-05 08:30:00,/Volumes/Argus/unk/snap/c1/1722846600.c1.snap.jpg,0.43936384
2024-08-05 09:00:00,/Volumes/Argus/unk/snap/c1/1722848400.c1.snap.jpg,0.47863126
2024-08-05 14:00:00,/Volumes/Argus/unk/snap/c1/1722866400.c1.snap.jpg,0.30605286
2024-08-05 14:30:00,/Volumes/Argus/unk/snap/c1/1722868200.c1.snap.jpg,0.43046767
2024-08-05 15:00:00,/Volumes/Argus/unk/snap/c1/1722870000.c1.snap.jpg,0.34752226
2024-08-05 15:30:00,/Volumes/Argus/unk/snap/c1/1722871800.c1.snap.jpg,0.36681122
2024-08-05 16:30:00,/Volumes/Argus/unk/snap/c1/1722875400.c1.snap.jpg,0.32453015
2024-08-05 17:00:00,/Volumes/Argus/unk/snap/c1/1722877200.c1.snap.jpg,0.3970977
2024-08-05 17:30:00,/Volumes/Argus/unk/snap/c1/1722879000.c1.snap.jpg,0.350388
2024-08-05 18:00:00,/Volumes/Argus/unk/snap/c1/1722880800.c1.snap.jpg,0.27154708
2024-08-05 18:30:00,/Volumes/Argus/unk/snap/c1/1722882600.c1.snap.jpg,0.39450467
2024-08-05 19:00:00,/Volumes/Argus/unk/snap/c1/1722884400.c1.snap.jpg,0.481799
2024-08-05 19:30:00,/Volumes/Argus/unk/snap/c1/1722886200.c1.snap.jpg,0.5136216
2024-08-05 20:00:00,/Volumes/Argus/unk/snap/c1/1722888000.c1.snap.jpg,0.5932371
2024-08-05 20:30:00,/Volumes/Argus/unk/snap/c1/1722889800.c1.snap.jpg,0.47207546
2024-08-05 21:00:00,/Volumes/Argus/unk/snap/c1/1722891600.c1.snap.jpg,0.32156098
2024-08-05 21:30:00,/Volumes/Argus/unk/snap/c1/1722893400.c1.snap.jpg,0.36629653
2024-08-05 22:00:00,/Volumes/Argus/unk/snap/c1/1722895200.c1.snap.jpg,0.52413094
2024-08-05 22:30:00,/Volumes/Argus/unk/snap/c1/1722897000.c1.snap.jpg,0.47630197
2024-08-05 23:00:00,/Volumes/Argus/unk/snap/c1/1722898800.c1.snap.jpg,0.34107763
2024-08-05 23:30:00,/Volumes/Argus/unk/snap/c1/1722900600.c1.snap.jpg,0.3984724
2024-08-06 00:00:00,/Volumes/Argus/unk/snap/c1/1722902400.c1.snap.jpg,0.42586964
2024-08-06 00:30:00,/Volumes/Argus/unk/snap/c1/1722904200.c1.snap.jpg,0.57632214
2024-08-06 01:00:00,/Volumes/Argus/unk/snap/c1/1722906000.c1.snap.jpg,0.41426817
2024-08-06 01:30:00,/Volumes/Argus/unk/snap/c1/1722907800.c1.snap.jpg,0.31738454
2024-08-06 02:00:00,/Volumes/Argus/unk/snap/c1/1722909600.c1.snap.jpg,0.42675668
2024-08-06 02:30:00,/Volumes/Argus/unk/snap/c1/1722911400.c1.snap.jpg,0.51185113
2024-08-06 03:00:00,/Volumes/Argus/unk/snap/c1/1722913200.c1.snap.jpg,0.5573422
2024-08-06 03:30:00,/Volumes/Argus/unk/snap/c1/1722915000.c1.snap.jpg,0.41065928
2024-08-06 04:00:00,/Volumes/Argus/unk/snap/c1/1722916800.c1.snap.jpg,0.5084115
2024-08-06 04:30:00,/Volumes/Argus/unk/snap/c1/1722918600.c1.snap.jpg,0.42242774
2024-08-06 05:00:00,/Volumes/Argus/unk/snap/c1/1722920400.c1.snap.jpg,0.4330486
2024-08-06 05:30:00,/Volumes/Argus/unk/snap/c1/1722922200.c1.snap.jpg,0.3175699
2024-08-06 06:00:00,/Volumes/Argus/unk/snap/c1/1722924000.c1.snap.jpg,0.26300898
2024-08-06 06:30:00,/Volumes/Argus/unk/snap/c1/1722925800.c1.snap.jpg,0.32796118
2024-08-06 07:00:00,/Volumes/Argus/unk/snap/c1/1722927600.c1.snap.jpg,0.28933993
2024-08-06 07:30:00,/Volumes/Argus/unk/snap/c1/1722929400.c1.snap.jpg,0.28991163
2024-08-06 08:00:00,/Volumes/Argus/unk/snap/c1/1722931200.c1.snap.jpg,0.4189079
2024-08-06 08:30:00,/Volumes/Argus/unk/snap/c1/1722933000.c1.snap.jpg,0.41913128
2024-08-06 14:00:00,/Volumes/Argus/unk/snap/c1/1722952800.c1.snap.jpg,0.60265464
2024-08-06 14:30:00,/Volumes/Argus/unk/snap/c1/1722954600.c1.snap.jpg,0.5563613
2024-08-06 15:00:00,/Volumes/Argus/unk/snap/c1/1722956400.c1.snap.jpg,0.35307264
2024-08-06 15:30:00,/Volumes/Argus/unk/snap/c1/1722958200.c1.snap.jpg,0.35284603
2024-08-06 16:00:00,/Volumes/Argus/unk/snap/c1/1722960000.c1.snap.jpg,0.36644596
2024-08-06 16:30:00,/Volumes/Argus/unk/snap/c1/1722961800.c1.snap.jpg,0.30984083
2024-08-06 17:00:00,/Volumes/Argus/unk/snap/c1/1722963600.c1.snap.jpg,0.39223585
2024-08-06 17:30:00,/Volumes/Argus/unk/snap/c1/1722965400.c1.snap.jpg,0.3452834
2024-08-06 18:00:00,/Volumes/Argus/unk/snap/c1/1722967200.c1.snap.jpg,0.29983455
2024-08-06 18:30:00,/Volumes/Argus/unk/snap/c1/1722969000.c1.snap.jpg,0.47135627
2024-08-06 19:00:00,/Volumes/Argus/unk/snap/c1/1722970800.c1.snap.jpg,0.47889546
2024-08-06 19:30:00,/Volumes/Argus/unk/snap/c1/1722972600.c1.snap.jpg,0.4492586
2024-08-06 20:00:00,/Volumes/Argus/unk/snap/c1/1722974400.c1.snap.jpg,0.49306196
2024-08-06 20:30:00,/Volumes/Argus/unk/snap/c1/1722976200.c1.snap.jpg,0.52039504
2024-08-06 21:00:00,/Volumes/Argus/unk/snap/c1/1722978000.c1.snap.jpg,0.6659335
2024-08-06 21:30:00,/Volumes/Argus/unk/snap/c1/1722979800.c1.snap.jpg,0.5407028
2024-08-06 22:00:00,/Volumes/Argus/unk/snap/c1/1722981600.c1.snap.jpg,0.7197802
2024-08-06 22:30:00,/Volumes/Argus/unk/snap/c1/1722983400.c1.snap.jpg,0.6554548
2024-08-06 23:00:00,/Volumes/Argus/unk/snap/c1/1722985200.c1.snap.jpg,0.65062857
2024-08-07 00:00:00,/Volumes/Argus/unk/snap/c1/1722988800.c1.snap.jpg,0.65409565
2024-08-07 00:30:00,/Volumes/Argus/unk/snap/c1/1722990600.c1.snap.jpg,0.69284725
2024-08-07 01:00:00,/Volumes/Argus/unk/snap/c1/1722992400.c1.snap.jpg,0.6895741
2024-08-07 01:30:00,/Volumes/Argus/unk/snap/c1/1722994200.c1.snap.jpg,0.6957308
2024-08-07 02:00:00,/Volumes/Argus/unk/snap/c1/1722996000.c1.snap.jpg,0.6383605
2024-08-07 02:30:00,/Volumes/Argus/unk/snap/c1/1722997800.c1.snap.jpg,0.6481483
2024-08-07 03:00:00,/Volumes/Argus/unk/snap/c1/1722999600.c1.snap.jpg,0.55196035
2024-08-07 03:30:00,/Volumes/Argus/unk/snap/c1/1723001400.c1.snap.jpg,0.4192873
2024-08-07 04:00:00,/Volumes/Argus/unk/snap/c1/1723003200.c1.snap.jpg,0.47666043
2024-08-07 04:30:00,/Volumes/Argus/unk/snap/c1/1723005000.c1.snap.jpg,0.87059283
2024-08-07 05:00:00,/Volumes/Argus/unk/snap/c1/1723006800.c1.snap.jpg,0.59318125
2024-08-07 05:30:00,/Volumes/Argus/unk/snap/c1/1723008600.c1.snap.jpg,0.30595905
2024-08-07 06:30:00,/Volumes/Argus/unk/snap/c1/1723012200.c1.snap.jpg,0.32162324
2024-08-07 07:00:00,/Volumes/Argus/unk/snap/c1/1723014000.c1.snap.jpg,0.354134
2024-08-07 07:30:00,/Volumes/Argus/unk/snap/c1/1723015800.c1.snap.jpg,0.28478414
2024-08-07 08:00:00,/Volumes/Argus/unk/snap/c1/1723017600.c1.snap.jpg,0.32151404
2024-08-07 08:30:00,/Volumes/Argus/unk/snap/c1/1723019400.c1.snap.jpg,0.32246894
2024-08-07 14:00:00,/Volumes/Argus/unk/snap/c1/1723039200.c1.snap.jpg,0.2813195
2024-08-07 14:30:00,/Volumes/Argus/unk/snap/c1/1723041000.c1.snap.jpg,0.311352
2024-08-07 15:00:00,/Volumes/Argus/unk/snap/c1/1723042800.c1.snap.jpg,0.4654931
2024-08-07 15:30:00,/Volumes/Argus/unk/snap/c1/1723044600.c1.snap.jpg,0.52167106
2024-08-07 16:00:00,/Volumes/Argus/unk/snap/c1/1723046400.c1.snap.jpg,0.31947342
2024-08-07 16:30:00,/Volumes/Argus/unk/snap/c1/1723048200.c1.snap.jpg,0.39307386
2024-08-07 17:00:00,/Volumes/Argus/unk/snap/c1/1723050000.c1.snap.jpg,0.46763742
2024-08-07 17:30:00,/Volumes/Argus/unk/snap/c1/1723051800.c1.snap.jpg,0.39292574
2024-08-07 18:00:00,/Volumes/Argus/unk/snap/c1/1723053600.c1.snap.jpg,0.42824084
2024-08-07 18:30:00,/Volumes/Argus/unk/snap/c1/1723055400.c1.snap.jpg,0.4152208
2024-08-07 19:00:00,/Volumes/Argus/unk/snap/c1/1723057200.c1.snap.jpg,0.5386922
2024-08-07 19:30:00,/Volumes/Argus/unk/snap/c1/1723059000.c1.snap.jpg,0.3968027
2024-08-07 20:00:00,/Volumes/Argus/unk/snap/c1/1723060800.c1.snap.jpg,0.7614225
2024-08-07 20:30:00,/Volumes/Argus/unk/snap/c1/1723062600.c1.snap.jpg,0.7521243
2024-08-07 21:00:00,/Volumes/Argus/unk/snap/c1/1723064400.c1.snap.jpg,0.44806898
2024-08-07 21:30:00,/Volumes/Argus/unk/snap/c1/1723066200.c1.snap.jpg,0.54197586
2024-08-07 22:00:00,/Volumes/Argus/unk/snap/c1/1723068000.c1.snap.jpg,0.5416962
2024-08-07 22:30:00,/Volumes/Argus/unk/snap/c1/1723069800.c1.snap.jpg,0.39476234
2024-08-07 23:00:00,/Volumes/Argus/unk/snap/c1/1723071600.c1.snap.jpg,0.41344893
2024-08-07 23:30:00,/Volumes/Argus/unk/snap/c1/1723073400.c1.snap.jpg,0.31386077
2024-08-08 00:00:00,/Volumes/Argus/unk/snap/c1/1723075200.c1.snap.jpg,0.51617384
2024-08-08 00:30:00,/Volumes/Argus/unk/snap/c1/1723077000.c1.snap.jpg,0.30777368
2024-08-08 01:00:00,/Volumes/Argus/unk/snap/c1/1723078800.c1.snap.jpg,0.2688858
2024-08-08 01:30:00,/Volumes/Argus/unk/snap/c1/1723080600.c1.snap.jpg,0.2785465
2024-08-08 02:00:00,/Volumes/Argus/unk/snap/c1/1723082400.c1.snap.jpg,0.3252285
2024-08-08 02:30:00,/Volumes/Argus/unk/snap/c1/1723084200.c1.snap.jpg,0.5094705
2024-08-08 03:30:00,/Volumes/Argus/unk/snap/c1/1723087800.c1.snap.jpg,0.40833598
2024-08-08 04:00:00,/Volumes/Argus/unk/snap/c1/1723089600.c1.snap.jpg,0.33564693
2024-08-08 04:30:00,/Volumes/Argus/unk/snap/c1/1723091400.c1.snap.jpg,0.23347154
2024-08-08 05:00:00,/Volumes/Argus/unk/snap/c1/1723093200.c1.snap.jpg,0.32131797
2024-08-08 05:30:00,/Volumes/Argus/unk/snap/c1/1723095000.c1.snap.jpg,0.43130746
2024-08-08 06:00:00,/Volumes/Argus/unk/snap/c1/1723096800.c1.snap.jpg,0.36784196
2024-08-08 06:30:00,/Volumes/Argus/unk/snap/c1/1723098600.c1.snap.jpg,0.32040262
2024-08-08 07:00:00,/Volumes/Argus/unk/snap/c1/1723100400.c1.snap.jpg,0.29214856
2024-08-08 07:30:00,/Volumes/Argus/unk/snap/c1/1723102200.c1.snap.jpg,0.40248284
2024-08-08 08:00:00,/Volumes/Argus/unk/snap/c1/1723104000.c1.snap.jpg,0.34300053
2024-08-08 08:30:00,/Volumes/Argus/unk/snap/c1/1723105800.c1.snap.jpg,0.44708908
2024-08-08 14:00:00,/Volumes/Argus/unk/snap/c1/1723125600.c1.snap.jpg,0.40907526
2024-08-08 14:30:00,/Volumes/Argus/unk/snap/c1/1723127400.c1.snap.jpg,0.45197502
2024-08-08 15:00:00,/Volumes/Argus/unk/snap/c1/1723129200.c1.snap.jpg,0.4678157
2024-08-08 15:30:00,/Volumes/Argus/unk/snap/c1/1723131000.c1.snap.jpg,0.3850164
2024-08-08 16:00:00,/Volumes/Argus/unk/snap/c1/1723132800.c1.snap.jpg,0.39708117
2024-08-08 16:30:00,/Volumes/Argus/unk/snap/c1/1723134600.c1.snap.jpg,0.5078274
2024-08-08 17:00:00,/Volumes/Argus/unk/snap/c1/1723136400.c1.snap.jpg,0.38506252
2024-08-08 17:30:00,/Volumes/Argus/unk/snap/c1/1723138200.c1.snap.jpg,0.42507294
2024-08-08 18:00:00,/Volumes/Argus/unk/snap/c1/1723140000.c1.snap.jpg,0.44853172
2024-08-08 18:30:00,/Volumes/Argus/unk/snap/c1/1723141800.c1.snap.jpg,0.5091408
2024-08-08 19:00:00,/Volumes/Argus/unk/snap/c1/1723143600.c1.snap.jpg,0.5620649
2024-08-08 19:30:00,/Volumes/Argus/unk/snap/c1/1723145400.c1.snap.jpg,0.5090622
2024-08-08 20:00:00,/Volumes/Argus/unk/snap/c1/1723147200.c1.snap.jpg,0.5833384
2024-08-08 20:30:00,/Volumes/Argus/unk/snap/c1/1723149000.c1.snap.jpg,0.37988037
2024-08-08 21:00:00,/Volumes/Argus/unk/snap/c1/1723150800.c1.snap.jpg,0.53229237
2024-08-08 21:30:00,/Volumes/Argus/unk/snap/c1/1723152600.c1.snap.jpg,0.56768394
2024-08-08 22:00:00,/Volumes/Argus/unk/snap/c1/1723154400.c1.snap.jpg,0.71703446
2024-08-08 22:30:00,/Volumes/Argus/unk/snap/c1/1723156200.c1.snap.jpg,0.50064087
2024-08-08 23:00:00,/Volumes/Argus/unk/snap/c1/1723158000.c1.snap.jpg,0.34151086
2024-08-08 23:30:00,/Volumes/Argus/unk/snap/c1/1723159800.c1.snap.jpg,0.35387912
2024-08-09 00:00:00,/Volumes/Argus/unk/snap/c1/1723161600.c1.snap.jpg,0.34221616
2024-08-09 00:30:00,/Volumes/Argus/unk/snap/c1/1723163400.c1.snap.jpg,0.41804418
2024-08-09 01:00:00,/Volumes/Argus/unk/snap/c1/1723165200.c1.snap.jpg,0.45026186
2024-08-09 01:30:00,/Volumes/Argus/unk/snap/c1/1723167000.c1.snap.jpg,0.40609872
2024-08-09 02:00:00,/Volumes/Argus/unk/snap/c1/1723168800.c1.snap.jpg,0.40694678
2024-08-09 02:30:00,/Volumes/Argus/unk/snap/c1/1723170600.c1.snap.jpg,0.4137077
2024-08-09 03:00:00,/Volumes/Argus/unk/snap/c1/1723172400.c1.snap.jpg,0.40547293
2024-08-09 03:30:00,/Volumes/Argus/unk/snap/c1/1723174200.c1.snap.jpg,0.26238763
2024-08-09 04:00:00,/Volumes/Argus/unk/snap/c1/1723176000.c1.snap.jpg,0.35933945
2024-08-09 04:30:00,/Volumes/Argus/unk/snap/c1/1723177800.c1.snap.jpg,0.2920491
2024-08-09 05:00:00,/Volumes/Argus/unk/snap/c1/1723179600.c1.snap.jpg,0.5995584
2024-08-09 05:30:00,/Volumes/Argus/unk/snap/c1/1723181400.c1.snap.jpg,0.39247245
2024-08-09 06:00:00,/Volumes/Argus/unk/snap/c1/1723183200.c1.snap.jpg,0.4162001
2024-08-09 06:30:00,/Volumes/Argus/unk/snap/c1/1723185000.c1.snap.jpg,0.3855948
2024-08-09 07:00:00,/Volumes/Argus/unk/snap/c1/1723186800.c1.snap.jpg,0.3181876
2024-08-09 07:30:00,/Volumes/Argus/unk/snap/c1/1723188600.c1.snap.jpg,0.54420656
2024-08-09 08:00:00,/Volumes/Argus/unk/snap/c1/1723190400.c1.snap.jpg,0.3400016
2024-08-09 08:30:00,/Volumes/Argus/unk/snap/c1/1723192200.c1.snap.jpg,0.59094405
2024-08-09 14:00:00,/Volumes/Argus/unk/snap/c1/1723212000.c1.snap.jpg,0.41321838
2024-08-09 14:30:00,/Volumes/Argus/unk/snap/c1/1723213800.c1.snap.jpg,0.71020085
2024-08-09 15:00:00,/Volumes/Argus/unk/snap/c1/1723215600.c1.snap.jpg,0.72636175
2024-08-09 15:30:00,/Volumes/Argus/unk/snap/c1/1723217400.c1.snap.jpg,0.6158069
2024-08-09 16:00:00,/Volumes/Argus/unk/snap/c1/1723219200.c1.snap.jpg,0.5500139
2024-08-09 16:30:00,/Volumes/Argus/unk/snap/c1/1723221000.c1.snap.jpg,0.6541127
2024-08-09 17:00:00,/Volumes/Argus/unk/snap/c1/1723222800.c1.snap.jpg,0.71486926
2024-08-09 17:30:00,/Volumes/Argus/unk/snap/c1/1723224600.c1.snap.jpg,0.69404256
2024-08-09 18:00:00,/Volumes/Argus/unk/snap/c1/1723226400.c1.snap.jpg,0.6547867
2024-08-09 18:30:00,/Volumes/Argus/unk/snap/c1/1723228200.c1.snap.jpg,0.7761578
2024-08-09 19:00:00,/Volumes/Argus/unk/snap/c1/1723230000.c1.snap.jpg,0.81591547
2024-08-09 19:30:00,/Volumes/Argus/unk/snap/c1/1723231800.c1.snap.jpg,0.74787605
2024-08-09 20:00:00,/Volumes/Argus/unk/snap/c1/1723233600.c1.snap.jpg,0.70634055
2024-08-09 20:30:00,/Volumes/Argus/unk/snap/c1/1723235400.c1.snap.jpg,0.7365296
2024-08-09 21:00:00,/Volumes/Argus/unk/snap/c1/1723237200.c1.snap.jpg,0.82284456
2024-08-09 21:30:00,/Volumes/Argus/unk/snap/c1/1723239000.c1.snap.jpg,0.76447976
2024-08-09 22:00:00,/Volumes/Argus/unk/snap/c1/1723240800.c1.snap.jpg,0.7151798
2024-08-09 22:30:00,/Volumes/Argus/unk/snap/c1/1723242600.c1.snap.jpg,0.7757745
2024-08-09 23:00:00,/Volumes/Argus/unk/snap/c1/1723244400.c1.snap.jpg,0.8589828
2024-08-09 23:30:00,/Volumes/Argus/unk/snap/c1/1723246200.c1.snap.jpg,0.7586161
2024-08-10 00:00:00,/Volumes/Argus/unk/snap/c1/1723248000.c1.snap.jpg,0.678817
2024-08-10 00:30:00,/Volumes/Argus/unk/snap/c1/1723249800.c1.snap.jpg,0.5918318
2024-08-10 01:00:00,/Volumes/Argus/unk/snap/c1/1723251600.c1.snap.jpg,0.64828354
2024-08-10 02:00:00,/Volumes/Argus/unk/snap/c1/1723255200.c1.snap.jpg,0.47216815
2024-08-10 02:30:00,/Volumes/Argus/unk/snap/c1/1723257000.c1.snap.jpg,0.5350585
2024-08-10 03:00:00,/Volumes/Argus/unk/snap/c1/1723258800.c1.snap.jpg,0.47264817
2024-08-10 03:30:00,/Volumes/Argus/unk/snap/c1/1723260600.c1.snap.jpg,0.34507534
2024-08-10 04:00:00,/Volumes/Argus/unk/snap/c1/1723262400.c1.snap.jpg,0.39888412
2024-08-10 04:30:00,/Volumes/Argus/unk/snap/c1/1723264200.c1.snap.jpg,0.3030204
2024-08-10 05:00:00,/Volumes/Argus/unk/snap/c1/1723266000.c1.snap.jpg,0.43696186
2024-08-10 05:30:00,/Volumes/Argus/unk/snap/c1/1723267800.c1.snap.jpg,0.34966832
2024-08-10 06:00:00,/Volumes/Argus/unk/snap/c1/1723269600.c1.snap.jpg,0.44727442
2024-08-10 06:30:00,/Volumes/Argus/unk/snap/c1/1723271400.c1.snap.jpg,0.3335539
2024-08-10 07:00:00,/Volumes/Argus/unk/snap/c1/1723273200.c1.snap.jpg,0.5280844
2024-08-10 07:30:00,/Volumes/Argus/unk/snap/c1/1723275000.c1.snap.jpg,0.33704332
2024-08-10 08:00:00,/Volumes/Argus/unk/snap/c1/1723276800.c1.snap.jpg,0.31467324
2024-08-10 08:30:00,/Volumes/Argus/unk/snap/c1/1723278600.c1.snap.jpg,0.6177286
2024-08-10 14:00:00,/Volumes/Argus/unk/snap/c1/1723298400.c1.snap.jpg,0.3978208
2024-08-10 14:30:00,/Volumes/Argus/unk/snap/c1/1723300200.c1.snap.jpg,0.3083281
2024-08-10 15:00:00,/Volumes/Argus/unk/snap/c1/1723302000.c1.snap.jpg,0.28368193
2024-08-10 15:30:00,/Volumes/Argus/unk/snap/c1/1723303800.c1.snap.jpg,0.29699844
2024-08-10 16:00:00,/Volumes/Argus/unk/snap/c1/1723305600.c1.snap.jpg,0.25950292
2024-08-10 16:30:00,/Volumes/Argus/unk/snap/c1/1723307400.c1.snap.jpg,0.2955837
2024-08-10 17:00:00,/Volumes/Argus/unk/snap/c1/1723309200.c1.snap.jpg,0.28888226
2024-08-10 17:30:00,/Volumes/Argus/unk/snap/c1/1723311000.c1.snap.jpg,0.28408998
2024-08-10 18:00:00,/Volumes/Argus/unk/snap/c1/1723312800.c1.snap.jpg,0.42981583
2024-08-10 18:30:00,/Volumes/Argus/unk/snap/c1/1723314600.c1.snap.jpg,0.31774718
2024-08-10 19:00:00,/Volumes/Argus/unk/snap/c1/1723316400.c1.snap.jpg,0.38646686
2024-08-10 19:30:00,/Volumes/Argus/unk/snap/c1/1723318200.c1.snap.jpg,0.37203366
2024-08-10 20:00:00,/Volumes/Argus/unk/snap/c1/1723320000.c1.snap.jpg,0.34859648
2024-08-10 20:30:00,/Volumes/Argus/unk/snap/c1/1723321800.c1.snap.jpg,0.26330233
2024-08-10 21:00:00,/Volumes/Argus/unk/snap/c1/1723323600.c1.snap.jpg,0.3325396
2024-08-10 21:30:00,/Volumes/Argus/unk/snap/c1/1723325400.c1.snap.jpg,0.38497517
2024-08-10 22:00:00,/Volumes/Argus/unk/snap/c1/1723327200.c1.snap.jpg,0.38844165
2024-08-10 22:30:00,/Volumes/Argus/unk/snap/c1/1723329000.c1.snap.jpg,0.34348065
2024-08-10 23:00:00,/Volumes/Argus/unk/snap/c1/1723330800.c1.snap.jpg,0.36879742
2024-08-10 23:30:00,/Volumes/Argus/unk/snap/c1/1723332600.c1.snap.jpg,0.26426104
2024-08-11 00:00:00,/Volumes/Argus/unk/snap/c1/1723334400.c1.snap.jpg,0.2944156
2024-08-11 00:30:00,/Volumes/Argus/unk/snap/c1/1723336200.c1.snap.jpg,0.31861207
2024-08-11 01:30:00,/Volumes/Argus/unk/snap/c1/1723339800.c1.snap.jpg,0.2669899
2024-08-11 02:00:00,/Volumes/Argus/unk/snap/c1/1723341600.c1.snap.jpg,0.31214824
2024-08-11 03:00:00,/Volumes/Argus/unk/snap/c1/1723345200.c1.snap.jpg,0.2659284
2024-08-11 03:30:00,/Volumes/Argus/unk/snap/c1/1723347000.c1.snap.jpg,0.30286038
2024-08-11 04:00:00,/Volumes/Argus/unk/snap/c1/1723348800.c1.snap.jpg,0.28076342
2024-08-11 04:30:00,/Volumes/Argus/unk/snap/c1/1723350600.c1.snap.jpg,0.24736694
2024-08-11 05:00:00,/Volumes/Argus/unk/snap/c1/1723352400.c1.snap.jpg,0.24689749
2024-08-11 05:30:00,/Volumes/Argus/unk/snap/c1/1723354200.c1.snap.jpg,0.30858982
2024-08-11 06:00:00,/Volumes/Argus/unk/snap/c1/1723356000.c1.snap.jpg,0.27321434
2024-08-11 06:30:00,/Volumes/Argus/unk/snap/c1/1723357800.c1.snap.jpg,0.26852
2024-08-11 07:00:00,/Volumes/Argus/unk/snap/c1/1723359600.c1.snap.jpg,0.2927865
2024-08-11 07:30:00,/Volumes/Argus/unk/snap/c1/1723361400.c1.snap.jpg,0.38554406
2024-08-11 08:00:00,/Volumes/Argus/unk/snap/c1/1723363200.c1.snap.jpg,0.323153
2024-08-11 08:30:00,/Volumes/Argus/unk/snap/c1/1723365000.c1.snap.jpg,0.8283852
2024-08-11 14:00:00,/Volumes/Argus/unk/snap/c1/1723384800.c1.snap.jpg,0.2639531
2024-08-11 14:30:00,/Volumes/Argus/unk/snap/c1/1723386600.c1.snap.jpg,0.22954671
2024-08-11 15:00:00,/Volumes/Argus/unk/snap/c1/1723388400.c1.snap.jpg,0.25561938
2024-08-11 15:30:00,/Volumes/Argus/unk/snap/c1/1723390200.c1.snap.jpg,0.2989611
2024-08-11 16:00:00,/Volumes/Argus/unk/snap/c1/1723392000.c1.snap.jpg,0.2749303
2024-08-11 16:30:00,/Volumes/Argus/unk/snap/c1/1723393800.c1.snap.jpg,0.3177125
2024-08-11 17:00:00,/Volumes/Argus/unk/snap/c1/1723395600.c1.snap.jpg,0.3697531
2024-08-11 17:30:00,/Volumes/Argus/unk/snap/c1/1723397400.c1.snap.jpg,0.3482144
2024-08-11 18:00:00,/Volumes/Argus/unk/snap/c1/1723399200.c1.snap.jpg,0.2736298
2024-08-11 18:30:00,/Volumes/Argus/unk/snap/c1/1723401000.c1.snap.jpg,0.3773906
2024-08-11 19:00:00,/Volumes/Argus/unk/snap/c1/1723402800.c1.snap.jpg,0.5428565
2024-08-11 19:30:00,/Volumes/Argus/unk/snap/c1/1723404600.c1.snap.jpg,0.26752102
2024-08-11 20:00:00,/Volumes/Argus/unk/snap/c1/1723406400.c1.snap.jpg,0.37575477
2024-08-11 20:30:00,/Volumes/Argus/unk/snap/c1/1723408200.c1.snap.jpg,0.45456558
2024-08-11 21:00:00,/Volumes/Argus/unk/snap/c1/1723410000.c1.snap.jpg,0.39349952
2024-08-11 21:30:00,/Volumes/Argus/unk/snap/c1/1723411800.c1.snap.jpg,0.4370497
2024-08-11 22:30:00,/Volumes/Argus/unk/snap/c1/1723415400.c1.snap.jpg,0.44736928
2024-08-11 23:00:00,/Volumes/Argus/unk/snap/c1/1723417200.c1.snap.jpg,0.6336877
2024-08-11 23:30:00,/Volumes/Argus/unk/snap/c1/1723419000.c1.snap.jpg,0.79661703
2024-08-12 00:00:00,/Volumes/Argus/unk/snap/c1/1723420800.c1.snap.jpg,1.0468837
2024-08-12 00:30:00,/Volumes/Argus/unk/snap/c1/1723422600.c1.snap.jpg,1.153124
2024-08-12 01:00:00,/Volumes/Argus/unk/snap/c1/1723424400.c1.snap.jpg,1.4514228
2024-08-12 01:30:00,/Volumes/Argus/unk/snap/c1/1723426200.c1.snap.jpg,1.1466514
2024-08-12 02:00:00,/Volumes/Argus/unk/snap/c1/1723428000.c1.snap.jpg,1.1396183
2024-08-12 02:30:00,/Volumes/Argus/unk/snap/c1/1723429800.c1.snap.jpg,1.1267052
2024-08-12 03:00:00,/Volumes/Argus/unk/snap/c1/1723431600.c1.snap.jpg,1.1469755
2024-08-12 03:30:00,/Volumes/Argus/unk/snap/c1/1723433400.c1.snap.jpg,1.1384878
2024-08-12 04:00:00,/Volumes/Argus/unk/snap/c1/1723435200.c1.snap.jpg,0.9716675
2024-08-12 04:30:00,/Volumes/Argus/unk/snap/c1/1723437000.c1.snap.jpg,0.93780625
2024-08-12 05:00:00,/Volumes/Argus/unk/snap/c1/1723438800.c1.snap.jpg,0.9254177
2024-08-12 05:30:00,/Volumes/Argus/unk/snap/c1/1723440600.c1.snap.jpg,0.8782248
2024-08-12 06:00:00,/Volumes/Argus/unk/snap/c1/1723442400.c1.snap.jpg,0.85660267
2024-08-12 06:30:00,/Volumes/Argus/unk/snap/c1/1723444200.c1.snap.jpg,0.7217185
2024-08-12 07:00:00,/Volumes/Argus/unk/snap/c1/1723446000.c1.snap.jpg,0.89077264
2024-08-12 07:30:00,/Volumes/Argus/unk/snap/c1/1723447800.c1.snap.jpg,0.7637822
2024-08-12 08:00:00,/Volumes/Argus/unk/snap/c1/1723449600.c1.snap.jpg,0.7230141
2024-08-12 14:00:00,/Volumes/Argus/unk/snap/c1/1723471200.c1.snap.jpg,0.63614416
2024-08-12 14:30:00,/Volumes/Argus/unk/snap/c1/1723473000.c1.snap.jpg,0.5749165
2024-08-12 15:00:00,/Volumes/Argus/unk/snap/c1/1723474800.c1.snap.jpg,0.60669553
2024-08-12 15:30:00,/Volumes/Argus/unk/snap/c1/1723476600.c1.snap.jpg,0.55757785
2024-08-12 16:00:00,/Volumes/Argus/unk/snap/c1/1723478400.c1.snap.jpg,0.56853807
2024-08-12 16:30:00,/Volumes/Argus/unk/snap/c1/1723480200.c1.snap.jpg,0.5214957
2024-08-12 17:00:00,/Volumes/Argus/unk/snap/c1/1723482000.c1.snap.jpg,0.3794292
2024-08-12 17:30:00,/Volumes/Argus/unk/snap/c1/1723483800.c1.snap.jpg,0.3393661
2024-08-12 18:00:00,/Volumes/Argus/unk/snap/c1/1723485600.c1.snap.jpg,0.2570785
2024-08-12 18:30:00,/Volumes/Argus/unk/snap/c1/1723487400.c1.snap.jpg,0.3109766
2024-08-12 19:00:00,/Volumes/Argus/unk/snap/c1/1723489200.c1.snap.jpg,0.4073468
2024-08-12 20:00:00,/Volumes/Argus/unk/snap/c1/1723492800.c1.snap.jpg,0.2880512
2024-08-12 20:30:00,/Volumes/Argus/unk/snap/c1/1723494600.c1.snap.jpg,0.28229797
2024-08-12 21:00:00,/Volumes/Argus/unk/snap/c1/1723496400.c1.snap.jpg,0.310328
2024-08-12 21:30:00,/Volumes/Argus/unk/snap/c1/1723498200.c1.snap.jpg,0.3704192
2024-08-12 22:00:00,/Volumes/Argus/unk/snap/c1/1723500000.c1.snap.jpg,0.32223636
2024-08-12 22:30:00,/Volumes/Argus/unk/snap/c1/1723501800.c1.snap.jpg,0.50480884
2024-08-12 23:00:00,/Volumes/Argus/unk/snap/c1/1723503600.c1.snap.jpg,0.51098335
2024-08-12 23:30:00,/Volumes/Argus/unk/snap/c1/1723505400.c1.snap.jpg,0.6382766
2024-08-13 00:30:00,/Volumes/Argus/unk/snap/c1/1723509000.c1.snap.jpg,0.6823765
2024-08-13 01:00:00,/Volumes/Argus/unk/snap/c1/1723510800.c1.snap.jpg,0.65264755
2024-08-13 01:30:00,/Volumes/Argus/unk/snap/c1/1723512600.c1.snap.jpg,0.736282
2024-08-13 02:00:00,/Volumes/Argus/unk/snap/c1/1723514400.c1.snap.jpg,0.66238797
2024-08-13 02:30:00,/Volumes/Argus/unk/snap/c1/1723516200.c1.snap.jpg,0.6423514
2024-08-13 03:00:00,/Volumes/Argus/unk/snap/c1/1723518000.c1.snap.jpg,0.6362032
2024-08-13 03:30:00,/Volumes/Argus/unk/snap/c1/1723519800.c1.snap.jpg,0.67069495
2024-08-13 04:00:00,/Volumes/Argus/unk/snap/c1/1723521600.c1.snap.jpg,0.4625007
2024-08-13 04:30:00,/Volumes/Argus/unk/snap/c1/1723523400.c1.snap.jpg,0.5562853
2024-08-13 05:00:00,/Volumes/Argus/unk/snap/c1/1723525200.c1.snap.jpg,0.5540117
2024-08-13 05:30:00,/Volumes/Argus/unk/snap/c1/1723527000.c1.snap.jpg,0.42487028
2024-08-13 06:00:00,/Volumes/Argus/unk/snap/c1/1723528800.c1.snap.jpg,0.6679266
2024-08-13 06:30:00,/Volumes/Argus/unk/snap/c1/1723530600.c1.snap.jpg,0.5798047
2024-08-13 07:00:00,/Volumes/Argus/unk/snap/c1/1723532400.c1.snap.jpg,0.53177726
2024-08-13 07:30:00,/Volumes/Argus/unk/snap/c1/1723534200.c1.snap.jpg,0.6010125
2024-08-13 08:00:00,/Volumes/Argus/unk/snap/c1/1723536000.c1.snap.jpg,0.670069
2024-08-13 14:00:00,/Volumes/Argus/unk/snap/c1/1723557600.c1.snap.jpg,0.83394146
2024-08-13 15:00:00,/Volumes/Argus/unk/snap/c1/1723561200.c1.snap.jpg,0.89668405
2024-08-13 15:30:00,/Volumes/Argus/unk/snap/c1/1723563000.c1.snap.jpg,0.87393546
2024-08-13 16:00:00,/Volumes/Argus/unk/snap/c1/1723564800.c1.snap.jpg,0.8528892
2024-08-13 16:30:00,/Volumes/Argus/unk/snap/c1/1723566600.c1.snap.jpg,0.74929404
2024-08-13 17:00:00,/Volumes/Argus/unk/snap/c1/1723568400.c1.snap.jpg,0.8182524
2024-08-13 17:30:00,/Volumes/Argus/unk/snap/c1/1723570200.c1.snap.jpg,0.8112174
2024-08-13 18:00:00,/Volumes/Argus/unk/snap/c1/1723572000.c1.snap.jpg,0.7911588
2024-08-13 18:30:00,/Volumes/Argus/unk/snap/c1/1723573800.c1.snap.jpg,0.80902684
2024-08-13 19:00:00,/Volumes/Argus/unk/snap/c1/1723575600.c1.snap.jpg,0.78195435
2024-08-13 19:30:00,/Volumes/Argus/unk/snap/c1/1723577400.c1.snap.jpg,0.8612769
2024-08-13 20:00:00,/Volumes/Argus/unk/snap/c1/1723579200.c1.snap.jpg,0.87389976
2024-08-13 20:30:00,/Volumes/Argus/unk/snap/c1/1723581000.c1.snap.jpg,0.8783356
2024-08-13 21:00:00,/Volumes/Argus/unk/snap/c1/1723582800.c1.snap.jpg,0.88813925
2024-08-13 21:30:00,/Volumes/Argus/unk/snap/c1/1723584600.c1.snap.jpg,0.88931096
2024-08-13 22:00:00,/Volumes/Argus/unk/snap/c1/1723586400.c1.snap.jpg,0.9278567
2024-08-13 22:30:00,/Volumes/Argus/unk/snap/c1/1723588200.c1.snap.jpg,1.0406767
2024-08-13 23:00:00,/Volumes/Argus/unk/snap/c1/1723590000.c1.snap.jpg,1.0088192
2024-08-13 23:30:00,/Volumes/Argus/unk/snap/c1/1723591800.c1.snap.jpg,1.0297307
2024-08-14 00:00:00,/Volumes/Argus/unk/snap/c1/1723593600.c1.snap.jpg,1.1049495
2024-08-14 00:30:00,/Volumes/Argus/unk/snap/c1/1723595400.c1.snap.jpg,1.136084
2024-08-14 01:00:00,/Volumes/Argus/unk/snap/c1/1723597200.c1.snap.jpg,1.0812061
2024-08-14 01:30:00,/Volumes/Argus/unk/snap/c1/1723599000.c1.snap.jpg,1.1123576
2024-08-14 02:00:00,/Volumes/Argus/unk/snap/c1/1723600800.c1.snap.jpg,1.0280236
2024-08-14 02:30:00,/Volumes/Argus/unk/snap/c1/1723602600.c1.snap.jpg,0.9284602
2024-08-14 03:00:00,/Volumes/Argus/unk/snap/c1/1723604400.c1.snap.jpg,0.93419224
2024-08-14 03:30:00,/Volumes/Argus/unk/snap/c1/1723606200.c1.snap.jpg,0.9179163
2024-08-14 04:00:00,/Volumes/Argus/unk/snap/c1/1723608000.c1.snap.jpg,0.89331436
2024-08-14 04:30:00,/Volumes/Argus/unk/snap/c1/1723609800.c1.snap.jpg,0.8792418
2024-08-14 05:00:00,/Volumes/Argus/unk/snap/c1/1723611600.c1.snap.jpg,0.87586254
2024-08-14 05:30:00,/Volumes/Argus/unk/snap/c1/1723613400.c1.snap.jpg,0.99905676
2024-08-14 06:00:00,/Volumes/Argus/unk/snap/c1/1723615200.c1.snap.jpg,0.8260503
2024-08-14 06:30:00,/Volumes/Argus/unk/snap/c1/1723617000.c1.snap.jpg,0.8462651
2024-08-14 07:00:00,/Volumes/Argus/unk/snap/c1/1723618800.c1.snap.jpg,0.87428033
2024-08-14 07:30:00,/Volumes/Argus/unk/snap/c1/1723620600.c1.snap.jpg,0.93475574
2024-08-14 08:00:00,/Volumes/Argus/unk/snap/c1/1723622400.c1.snap.jpg,0.8468188
2024-08-14 14:00:00,/Volumes/Argus/unk/snap/c1/1723644000.c1.snap.jpg,0.95222557
2024-08-14 14:30:00,/Volumes/Argus/unk/snap/c1/1723645800.c1.snap.jpg,0.9411657
2024-08-14 15:00:00,/Volumes/Argus/unk/snap/c1/1723647600.c1.snap.jpg,0.8980794
2024-08-14 15:30:00,/Volumes/Argus/unk/snap/c1/1723649400.c1.snap.jpg,0.88542527
2024-08-14 16:00:00,/Volumes/Argus/unk/snap/c1/1723651200.c1.snap.jpg,0.8519396
2024-08-14 16:30:00,/Volumes/Argus/unk/snap/c1/1723653000.c1.snap.jpg,0.8017471
2024-08-14 17:00:00,/Volumes/Argus/unk/snap/c1/1723654800.c1.snap.jpg,0.8086568
2024-08-14 17:30:00,/Volumes/Argus/unk/snap/c1/1723656600.c1.snap.jpg,0.8124212
2024-08-14 18:00:00,/Volumes/Argus/unk/snap/c1/1723658400.c1.snap.jpg,0.8441171
2024-08-14 18:30:00,/Volumes/Argus/unk/snap/c1/1723660200.c1.snap.jpg,0.8620922
2024-08-14 19:00:00,/Volumes/Argus/unk/snap/c1/1723662000.c1.snap.jpg,0.87779
2024-08-14 19:30:00,/Volumes/Argus/unk/snap/c1/1723663800.c1.snap.jpg,0.9481296
2024-08-14 20:00:00,/Volumes/Argus/unk/snap/c1/1723665600.c1.snap.jpg,0.8843715
2024-08-14 20:30:00,/Volumes/Argus/unk/snap/c1/1723667400.c1.snap.jpg,0.8532139
2024-08-14 21:00:00,/Volumes/Argus/unk/snap/c1/1723669200.c1.snap.jpg,0.8702868
2024-08-14 21:30:00,/Volumes/Argus/unk/snap/c1/1723671000.c1.snap.jpg,0.770491
2024-08-14 22:00:00,/Volumes/Argus/unk/snap/c1/1723672800.c1.snap.jpg,0.80559754
2024-08-14 22:30:00,/Volumes/Argus/unk/snap/c1/1723674600.c1.snap.jpg,0.8685955
2024-08-14 23:00:00,/Volumes/Argus/unk/snap/c1/1723676400.c1.snap.jpg,0.8350805
2024-08-14 23:30:00,/Volumes/Argus/unk/snap/c1/1723678200.c1.snap.jpg,0.6995497
2024-08-15 00:00:00,/Volumes/Argus/unk/snap/c1/1723680000.c1.snap.jpg,0.7430097
2024-08-15 00:30:00,/Volumes/Argus/unk/snap/c1/1723681800.c1.snap.jpg,0.74041975
2024-08-15 01:00:00,/Volumes/Argus/unk/snap/c1/1723683600.c1.snap.jpg,0.71997726
2024-08-15 01:30:00,/Volumes/Argus/unk/snap/c1/1723685400.c1.snap.jpg,0.6871819
2024-08-15 02:00:00,/Volumes/Argus/unk/snap/c1/1723687200.c1.snap.jpg,0.6113255
2024-08-15 02:30:00,/Volumes/Argus/unk/snap/c1/1723689000.c1.snap.jpg,0.55502474
2024-08-15 03:00:00,/Volumes/Argus/unk/snap/c1/1723690800.c1.snap.jpg,0.48564246
2024-08-15 03:30:00,/Volumes/Argus/unk/snap/c1/1723692600.c1.snap.jpg,0.5327713
2024-08-15 04:00:00,/Volumes/Argus/unk/snap/c1/1723694400.c1.snap.jpg,0.5364985
2024-08-15 04:30:00,/Volumes/Argus/unk/snap/c1/1723696200.c1.snap.jpg,0.6261845
2024-08-15 05:00:00,/Volumes/Argus/unk/snap/c1/1723698000.c1.snap.jpg,0.6270422
2024-08-15 05:30:00,/Volumes/Argus/unk/snap/c1/1723699800.c1.snap.jpg,0.4335272
2024-08-15 06:00:00,/Volumes/Argus/unk/snap/c1/1723701600.c1.snap.jpg,0.6172612
2024-08-15 06:30:00,/Volumes/Argus/unk/snap/c1/1723703400.c1.snap.jpg,0.5433992
2024-08-15 07:00:00,/Volumes/Argus/unk/snap/c1/1723705200.c1.snap.jpg,0.62517893
2024-08-15 07:30:00,/Volumes/Argus/unk/snap/c1/1723707000.c1.snap.jpg,0.5485723
2024-08-15 08:00:00,/Volumes/Argus/unk/snap/c1/1723708800.c1.snap.jpg,0.4865741
2024-08-15 14:00:00,/Volumes/Argus/unk/snap/c1/1723730400.c1.snap.jpg,0.41125822
2024-08-15 14:30:00,/Volumes/Argus/unk/snap/c1/1723732200.c1.snap.jpg,0.35196215
2024-08-15 15:00:00,/Volumes/Argus/unk/snap/c1/1723734000.c1.snap.jpg,0.39249152
2024-08-15 15:30:00,/Volumes/Argus/unk/snap/c1/1723735800.c1.snap.jpg,0.41291988
2024-08-15 16:00:00,/Volumes/Argus/unk/snap/c1/1723737600.c1.snap.jpg,0.3417921
2024-08-15 16:30:00,/Volumes/Argus/unk/snap/c1/1723739400.c1.snap.jpg,0.4146218
2024-08-15 17:00:00,/Volumes/Argus/unk/snap/c1/1723741200.c1.snap.jpg,0.29333156
2024-08-15 17:30:00,/Volumes/Argus/unk/snap/c1/1723743000.c1.snap.jpg,0.44349003
2024-08-15 18:00:00,/Volumes/Argus/unk/snap/c1/1723744800.c1.snap.jpg,0.40771744
2024-08-15 18:30:00,/Volumes/Argus/unk/snap/c1/1723746600.c1.snap.jpg,0.51386964
2024-08-15 19:00:00,/Volumes/Argus/unk/snap/c1/1723748400.c1.snap.jpg,0.41736245
2024-08-15 19:30:00,/Volumes/Argus/unk/snap/c1/1723750200.c1.snap.jpg,0.3985338
2024-08-15 20:00:00,/Volumes/Argus/unk/snap/c1/1723752000.c1.snap.jpg,0.37687814
2024-08-15 20:30:00,/Volumes/Argus/unk/snap/c1/1723753800.c1.snap.jpg,0.49046028
2024-08-15 21:00:00,/Volumes/Argus/unk/snap/c1/1723755600.c1.snap.jpg,0.45262754
2024-08-15 21:30:00,/Volumes/Argus/unk/snap/c1/1723757400.c1.snap.jpg,0.39285737
2024-08-15 22:00:00,/Volumes/Argus/unk/snap/c1/1723759200.c1.snap.jpg,0.3708285
2024-08-15 22:30:00,/Volumes/Argus/unk/snap/c1/1723761000.c1.snap.jpg,0.5862184
2024-08-15 23:00:00,/Volumes/Argus/unk/snap/c1/1723762800.c1.snap.jpg,0.4711846
2024-08-15 23:30:00,/Volumes/Argus/unk/snap/c1/1723764600.c1.snap.jpg,0.5449502
2024-08-16 00:00:00,/Volumes/Argus/unk/snap/c1/1723766400.c1.snap.jpg,0.4469252
2024-08-16 00:30:00,/Volumes/Argus/unk/snap/c1/1723768200.c1.snap.jpg,0.42537054
2024-08-16 01:00:00,/Volumes/Argus/unk/snap/c1/1723770000.c1.snap.jpg,0.40591338
2024-08-16 01:30:00,/Volumes/Argus/unk/snap/c1/1723771800.c1.snap.jpg,0.46239865
2024-08-16 02:00:00,/Volumes/Argus/unk/snap/c1/1723773600.c1.snap.jpg,0.4048025
2024-08-16 02:30:00,/Volumes/Argus/unk/snap/c1/1723775400.c1.snap.jpg,0.4510696
2024-08-16 03:00:00,/Volumes/Argus/unk/snap/c1/1723777200.c1.snap.jpg,0.5546979
2024-08-16 03:30:00,/Volumes/Argus/unk/snap/c1/1723779000.c1.snap.jpg,0.56520534
2024-08-16 04:00:00,/Volumes/Argus/unk/snap/c1/1723780800.c1.snap.jpg,0.49881288
2024-08-16 04:30:00,/Volumes/Argus/unk/snap/c1/1723782600.c1.snap.jpg,0.7247279
2024-08-16 05:00:00,/Volumes/Argus/unk/snap/c1/1723784400.c1.snap.jpg,0.8365605
2024-08-16 05:30:00,/Volumes/Argus/unk/snap/c1/1723786200.c1.snap.jpg,0.7878993
2024-08-16 06:00:00,/Volumes/Argus/unk/snap/c1/1723788000.c1.snap.jpg,0.6458401
2024-08-16 06:30:00,/Volumes/Argus/unk/snap/c1/1723789800.c1.snap.jpg,0.5763503
2024-08-16 07:00:00,/Volumes/Argus/unk/snap/c1/1723791600.c1.snap.jpg,0.6338572
2024-08-16 07:30:00,/Volumes/Argus/unk/snap/c1/1723793400.c1.snap.jpg,0.6723856
2024-08-16 08:00:00,/Volumes/Argus/unk/snap/c1/1723795200.c1.snap.jpg,0.69473904
2024-08-16 14:00:00,/Volumes/Argus/unk/snap/c1/1723816800.c1.snap.jpg,0.8555953
2024-08-16 14:30:00,/Volumes/Argus/unk/snap/c1/1723818600.c1.snap.jpg,0.85831106
2024-08-16 15:00:00,/Volumes/Argus/unk/snap/c1/1723820400.c1.snap.jpg,0.83863485
2024-08-16 15:30:00,/Volumes/Argus/unk/snap/c1/1723822200.c1.snap.jpg,0.85273546
2024-08-16 17:00:00,/Volumes/Argus/unk/snap/c1/1723827600.c1.snap.jpg,1.1046259
2024-08-16 17:30:00,/Volumes/Argus/unk/snap/c1/1723829400.c1.snap.jpg,1.2488613
2024-08-16 18:00:00,/Volumes/Argus/unk/snap/c1/1723831200.c1.snap.jpg,1.1508853
2024-08-16 18:30:00,/Volumes/Argus/unk/snap/c1/1723833000.c1.snap.jpg,1.3373963
2024-08-16 19:30:00,/Volumes/Argus/unk/snap/c1/1723836600.c1.snap.jpg,1.5613283
2024-08-16 20:00:00,/Volumes/Argus/unk/snap/c1/1723838400.c1.snap.jpg,1.7142073
2024-08-16 20:30:00,/Volumes/Argus/unk/snap/c1/1723840200.c1.snap.jpg,1.7375036
2024-08-16 21:00:00,/Volumes/Argus/unk/snap/c1/1723842000.c1.snap.jpg,1.8022262
2024-08-16 21:30:00,/Volumes/Argus/unk/snap/c1/1723843800.c1.snap.jpg,1.6573709
2024-08-16 22:00:00,/Volumes/Argus/unk/snap/c1/1723845600.c1.snap.jpg,1.6482171
2024-08-16 22:30:00,/Volumes/Argus/unk/snap/c1/1723847400.c1.snap.jpg,1.6967981
2024-08-16 23:00:00,/Volumes/Argus/unk/snap/c1/1723849200.c1.snap.jpg,1.7864927
2024-08-16 23:30:00,/Volumes/Argus/unk/snap/c1/1723851000.c1.snap.jpg,1.781454
2024-08-17 00:00:00,/Volumes/Argus/unk/snap/c1/1723852800.c1.snap.jpg,1.7165016
2024-08-17 01:00:00,/Volumes/Argus/unk/snap/c1/1723856400.c1.snap.jpg,1.7273556
2024-08-17 01:30:00,/Volumes/Argus/unk/snap/c1/1723858200.c1.snap.jpg,1.7377347
2024-08-17 02:00:00,/Volumes/Argus/unk/snap/c1/1723860000.c1.snap.jpg,1.3622088
2024-08-17 02:30:00,/Volumes/Argus/unk/snap/c1/1723861800.c1.snap.jpg,1.3831301
2024-08-17 03:00:00,/Volumes/Argus/unk/snap/c1/1723863600.c1.snap.jpg,1.2694359
2024-08-17 03:30:00,/Volumes/Argus/unk/snap/c1/1723865400.c1.snap.jpg,1.2289133
2024-08-17 04:00:00,/Volumes/Argus/unk/snap/c1/1723867200.c1.snap.jpg,1.0678614
2024-08-17 04:30:00,/Volumes/Argus/unk/snap/c1/1723869000.c1.snap.jpg,1.0637366
2024-08-17 05:00:00,/Volumes/Argus/unk/snap/c1/1723870800.c1.snap.jpg,1.0010104
2024-08-17 05:30:00,/Volumes/Argus/unk/snap/c1/1723872600.c1.snap.jpg,1.0884943
2024-08-17 06:00:00,/Volumes/Argus/unk/snap/c1/1723874400.c1.snap.jpg,0.8993266
2024-08-17 06:30:00,/Volumes/Argus/unk/snap/c1/1723876200.c1.snap.jpg,0.87119895
2024-08-17 07:00:00,/Volumes/Argus/unk/snap/c1/1723878000.c1.snap.jpg,0.90323687
2024-08-17 07:30:00,/Volumes/Argus/unk/snap/c1/1723879800.c1.snap.jpg,0.92538637
2024-08-17 08:00:00,/Volumes/Argus/unk/snap/c1/1723881600.c1.snap.jpg,0.67017865
2024-08-17 14:00:00,/Volumes/Argus/unk/snap/c1/1723903200.c1.snap.jpg,0.63030005
2024-08-17 14:30:00,/Volumes/Argus/unk/snap/c1/1723905000.c1.snap.jpg,0.44417566
2024-08-17 15:00:00,/Volumes/Argus/unk/snap/c1/1723906800.c1.snap.jpg,0.43620098
2024-08-17 15:30:00,/Volumes/Argus/unk/snap/c1/1723908600.c1.snap.jpg,0.51808333
2024-08-17 16:00:00,/Volumes/Argus/unk/snap/c1/1723910400.c1.snap.jpg,0.4974284
2024-08-17 16:30:00,/Volumes/Argus/unk/snap/c1/1723912200.c1.snap.jpg,0.4736468
2024-08-17 17:00:00,/Volumes/Argus/unk/snap/c1/1723914000.c1.snap.jpg,0.5059563
2024-08-17 18:00:00,/Volumes/Argus/unk/snap/c1/1723917600.c1.snap.jpg,0.53479683
2024-08-17 18:30:00,/Volumes/Argus/unk/snap/c1/1723919400.c1.snap.jpg,0.5008545
2024-08-17 19:00:00,/Volumes/Argus/unk/snap/c1/1723921200.c1.snap.jpg,0.49789298
2024-08-17 19:30:00,/Volumes/Argus/unk/snap/c1/1723923000.c1.snap.jpg,0.36923686
2024-08-17 20:00:00,/Volumes/Argus/unk/snap/c1/1723924800.c1.snap.jpg,0.30711597
2024-08-17 20:30:00,/Volumes/Argus/unk/snap/c1/1723926600.c1.snap.jpg,0.44214773
2024-08-17 21:00:00,/Volumes/Argus/unk/snap/c1/1723928400.c1.snap.jpg,0.26030323
2024-08-17 21:30:00,/Volumes/Argus/unk/snap/c1/1723930200.c1.snap.jpg,0.31213987
2024-08-17 22:00:00,/Volumes/Argus/unk/snap/c1/1723932000.c1.snap.jpg,0.3710947
2024-08-17 22:30:00,/Volumes/Argus/unk/snap/c1/1723933800.c1.snap.jpg,0.34844923
2024-08-17 23:00:00,/Volumes/Argus/unk/snap/c1/1723935600.c1.snap.jpg,0.4306832
2024-08-17 23:30:00,/Volumes/Argus/unk/snap/c1/1723937400.c1.snap.jpg,0.44307423
2024-08-18 00:00:00,/Volumes/Argus/unk/snap/c1/1723939200.c1.snap.jpg,0.3201397
2024-08-18 00:30:00,/Volumes/Argus/unk/snap/c1/1723941000.c1.snap.jpg,0.540401
2024-08-18 01:00:00,/Volumes/Argus/unk/snap/c1/1723942800.c1.snap.jpg,0.41799077
2024-08-18 01:30:00,/Volumes/Argus/unk/snap/c1/1723944600.c1.snap.jpg,0.21053138
2024-08-18 02:00:00,/Volumes/Argus/unk/snap/c1/1723946400.c1.snap.jpg,0.390457
2024-08-18 02:30:00,/Volumes/Argus/unk/snap/c1/1723948200.c1.snap.jpg,0.3982455
2024-08-18 03:00:00,/Volumes/Argus/unk/snap/c1/1723950000.c1.snap.jpg,0.40768808
2024-08-18 03:30:00,/Volumes/Argus/unk/snap/c1/1723951800.c1.snap.jpg,0.46254086
2024-08-18 04:00:00,/Volumes/Argus/unk/snap/c1/1723953600.c1.snap.jpg,0.45205724
2024-08-18 04:30:00,/Volumes/Argus/unk/snap/c1/1723955400.c1.snap.jpg,0.47004643
2024-08-18 05:00:00,/Volumes/Argus/unk/snap/c1/1723957200.c1.snap.jpg,0.34572774
2024-08-18 05:30:00,/Volumes/Argus/unk/snap/c1/1723959000.c1.snap.jpg,0.5196352
2024-08-18 06:00:00,/Volumes/Argus/unk/snap/c1/1723960800.c1.snap.jpg,0.41046512
2024-08-18 06:30:00,/Volumes/Argus/unk/snap/c1/1723962600.c1.snap.jpg,0.40984753
2024-08-18 07:00:00,/Volumes/Argus/unk/snap/c1/1723964400.c1.snap.jpg,0.45174125
2024-08-18 07:30:00,/Volumes/Argus/unk/snap/c1/1723966200.c1.snap.jpg,0.3860252
2024-08-18 14:00:00,/Volumes/Argus/unk/snap/c1/1723989600.c1.snap.jpg,0.874266
2024-08-18 14:30:00,/Volumes/Argus/unk/snap/c1/1723991400.c1.snap.jpg,0.83813584
2024-08-18 15:00:00,/Volumes/Argus/unk/snap/c1/1723993200.c1.snap.jpg,0.8591153
2024-08-18 15:30:00,/Volumes/Argus/unk/snap/c1/1723995000.c1.snap.jpg,0.86551756
2024-08-18 16:00:00,/Volumes/Argus/unk/snap/c1/1723996800.c1.snap.jpg,0.79016024
2024-08-18 16:30:00,/Volumes/Argus/unk/snap/c1/1723998600.c1.snap.jpg,0.8414887
2024-08-18 17:00:00,/Volumes/Argus/unk/snap/c1/1724000400.c1.snap.jpg,0.81259537
2024-08-18 17:30:00,/Volumes/Argus/unk/snap/c1/1724002200.c1.snap.jpg,0.74975437
2024-08-18 18:00:00,/Volumes/Argus/unk/snap/c1/1724004000.c1.snap.jpg,0.54892933
2024-08-18 18:30:00,/Volumes/Argus/unk/snap/c1/1724005800.c1.snap.jpg,0.7702937
2024-08-18 19:00:00,/Volumes/Argus/unk/snap/c1/1724007600.c1.snap.jpg,0.8381386
2024-08-18 19:30:00,/Volumes/Argus/unk/snap/c1/1724009400.c1.snap.jpg,0.94177103
2024-08-18 20:00:00,/Volumes/Argus/unk/snap/c1/1724011200.c1.snap.jpg,0.87518793
2024-08-18 20:30:00,/Volumes/Argus/unk/snap/c1/1724013000.c1.snap.jpg,0.76923746
2024-08-18 21:00:00,/Volumes/Argus/unk/snap/c1/1724014800.c1.snap.jpg,0.9002357
2024-08-18 21:30:00,/Volumes/Argus/unk/snap/c1/1724016600.c1.snap.jpg,0.85205483
2024-08-18 22:00:00,/Volumes/Argus/unk/snap/c1/1724018400.c1.snap.jpg,0.88826895
2024-08-18 22:30:00,/Volumes/Argus/unk/snap/c1/1724020200.c1.snap.jpg,0.882876
2024-08-18 23:00:00,/Volumes/Argus/unk/snap/c1/1724022000.c1.snap.jpg,0.87816346
2024-08-18 23:30:00,/Volumes/Argus/unk/snap/c1/1724023800.c1.snap.jpg,1.006023
2024-08-19 00:00:00,/Volumes/Argus/unk/snap/c1/1724025600.c1.snap.jpg,0.94282776
2024-08-19 00:30:00,/Volumes/Argus/unk/snap/c1/1724027400.c1.snap.jpg,1.0034974
2024-08-19 01:00:00,/Volumes/Argus/unk/snap/c1/1724029200.c1.snap.jpg,1.0495434
2024-08-19 01:30:00,/Volumes/Argus/unk/snap/c1/1724031000.c1.snap.jpg,1.1351197
2024-08-19 02:00:00,/Volumes/Argus/unk/snap/c1/1724032800.c1.snap.jpg,1.0340701
2024-08-19 02:30:00,/Volumes/Argus/unk/snap/c1/1724034600.c1.snap.jpg,0.85352015
2024-08-19 03:00:00,/Volumes/Argus/unk/snap/c1/1724036400.c1.snap.jpg,1.2428939
2024-08-19 03:30:00,/Volumes/Argus/unk/snap/c1/1724038200.c1.snap.jpg,1.2447879
2024-08-19 04:00:00,/Volumes/Argus/unk/snap/c1/1724040000.c1.snap.jpg,1.6198606
2024-08-19 04:30:00,/Volumes/Argus/unk/snap/c1/1724041800.c1.snap.jpg,1.6408826
2024-08-19 05:30:00,/Volumes/Argus/unk/snap/c1/1724045400.c1.snap.jpg,1.6901615
2024-08-19 06:00:00,/Volumes/Argus/unk/snap/c1/1724047200.c1.snap.jpg,1.6357342
2024-08-19 07:00:00,/Volumes/Argus/unk/snap/c1/1724050800.c1.snap.jpg,1.6007289
2024-08-19 07:30:00,/Volumes/Argus/unk/snap/c1/1724052600.c1.snap.jpg,1.1518025
2024-08-19 14:00:00,/Volumes/Argus/unk/snap/c1/1724076000.c1.snap.jpg,1.7634953
2024-08-19 14:30:00,/Volumes/Argus/unk/snap/c1/1724077800.c1.snap.jpg,1.83459
2024-08-19 15:00:00,/Volumes/Argus/unk/snap/c1/1724079600.c1.snap.jpg,1.9849983
2024-08-19 15:30:00,/Volumes/Argus/unk/snap/c1/1724081400.c1.snap.jpg,2.0315733
2024-08-19 16:00:00,/Volumes/Argus/unk/snap/c1/1724083200.c1.snap.jpg,2.1307807
2024-08-19 16:30:00,/Volumes/Argus/unk/snap/c1/1724085000.c1.snap.jpg,2.220992
2024-08-19 17:00:00,/Volumes/Argus/unk/snap/c1/1724086800.c1.snap.jpg,1.9600006
2024-08-19 17:30:00,/Volumes/Argus/unk/snap/c1/1724088600.c1.snap.jpg,1.9562672
2024-08-19 18:00:00,/Volumes/Argus/unk/snap/c1/1724090400.c1.snap.jpg,1.8652059
2024-08-19 18:30:00,/Volumes/Argus/unk/snap/c1/1724092200.c1.snap.jpg,1.8632474
2024-08-19 19:00:00,/Volumes/Argus/unk/snap/c1/1724094000.c1.snap.jpg,1.898993
2024-08-19 19:30:00,/Volumes/Argus/unk/snap/c1/1724095800.c1.snap.jpg,1.9827329
2024-08-19 20:00:00,/Volumes/Argus/unk/snap/c1/1724097600.c1.snap.jpg,2.0312042
2024-08-19 20:30:00,/Volumes/Argus/unk/snap/c1/1724099400.c1.snap.jpg,2.0001488
2024-08-19 21:00:00,/Volumes/Argus/unk/snap/c1/1724101200.c1.snap.jpg,1.8912462
2024-08-19 21:30:00,/Volumes/Argus/unk/snap/c1/1724103000.c1.snap.jpg,1.8535143
2024-08-19 22:00:00,/Volumes/Argus/unk/snap/c1/1724104800.c1.snap.jpg,1.7327156
2024-08-19 22:30:00,/Volumes/Argus/unk/snap/c1/1724106600.c1.snap.jpg,1.6000047
2024-08-19 23:00:00,/Volumes/Argus/unk/snap/c1/1724108400.c1.snap.jpg,1.5307437
2024-08-19 23:30:00,/Volumes/Argus/unk/snap/c1/1724110200.c1.snap.jpg,1.4488462
2024-08-20 00:00:00,/Volumes/Argus/unk/snap/c1/1724112000.c1.snap.jpg,1.4976398
2024-08-20 00:30:00,/Volumes/Argus/unk/snap/c1/1724113800.c1.snap.jpg,1.458957
2024-08-20 01:00:00,/Volumes/Argus/unk/snap/c1/1724115600.c1.snap.jpg,1.3749765
2024-08-20 01:30:00,/Volumes/Argus/unk/snap/c1/1724117400.c1.snap.jpg,1.453663
2024-08-20 02:00:00,/Volumes/Argus/unk/snap/c1/1724119200.c1.snap.jpg,1.2393001
2024-08-20 03:00:00,/Volumes/Argus/unk/snap/c1/1724122800.c1.snap.jpg,1.434503
2024-08-20 03:30:00,/Volumes/Argus/unk/snap/c1/1724124600.c1.snap.jpg,1.3253478
2024-08-20 04:00:00,/Volumes/Argus/unk/snap/c1/1724126400.c1.snap.jpg,1.2366425
2024-08-20 04:30:00,/Volumes/Argus/unk/snap/c1/1724128200.c1.snap.jpg,1.2256233
2024-08-20 05:00:00,/Volumes/Argus/unk/snap/c1/1724130000.c1.snap.jpg,1.1897614
2024-08-20 05:30:00,/Volumes/Argus/unk/snap/c1/1724131800.c1.snap.jpg,1.1851138
2024-08-20 06:00:00,/Volumes/Argus/unk/snap/c1/1724133600.c1.snap.jpg,1.1791133
2024-08-20 06:30:00,/Volumes/Argus/unk/snap/c1/1724135400.c1.snap.jpg,1.1924369
2024-08-20 07:00:00,/Volumes/Argus/unk/snap/c1/1724137200.c1.snap.jpg,1.0794256
2024-08-20 07:30:00,/Volumes/Argus/unk/snap/c1/1724139000.c1.snap.jpg,0.8944979
2024-08-20 14:00:00,/Volumes/Argus/unk/snap/c1/1724162400.c1.snap.jpg,0.83292043
2024-08-20 14:30:00,/Volumes/Argus/unk/snap/c1/1724164200.c1.snap.jpg,0.91531384
2024-08-20 15:00:00,/Volumes/Argus/unk/snap/c1/1724166000.c1.snap.jpg,0.85582566
2024-08-20 15:30:00,/Volumes/Argus/unk/snap/c1/1724167800.c1.snap.jpg,0.8629669
2024-08-20 16:00:00,/Volumes/Argus/unk/snap/c1/1724169600.c1.snap.jpg,0.7465764
2024-08-20 16:30:00,/Volumes/Argus/unk/snap/c1/1724171400.c1.snap.jpg,0.589075
2024-08-20 17:00:00,/Volumes/Argus/unk/snap/c1/1724173200.c1.snap.jpg,0.62020457
2024-08-20 17:30:00,/Volumes/Argus/unk/snap/c1/1724175000.c1.snap.jpg,0.63028085
2024-08-20 18:00:00,/Volumes/Argus/unk/snap/c1/1724176800.c1.snap.jpg,0.68033385
2024-08-20 18:30:00,/Volumes/Argus/unk/snap/c1/1724178600.c1.snap.jpg,0.6068869
2024-08-20 19:00:00,/Volumes/Argus/unk/snap/c1/1724180400.c1.snap.jpg,0.5655135
2024-08-20 19:30:00,/Volumes/Argus/unk/snap/c1/1724182200.c1.snap.jpg,0.5212072
2024-08-20 20:00:00,/Volumes/Argus/unk/snap/c1/1724184000.c1.snap.jpg,0.61302924
2024-08-20 20:30:00,/Volumes/Argus/unk/snap/c1/1724185800.c1.snap.jpg,0.51453626
2024-08-20 21:00:00,/Volumes/Argus/unk/snap/c1/1724187600.c1.snap.jpg,0.5857849
2024-08-20 21:30:00,/Volumes/Argus/unk/snap/c1/1724189400.c1.snap.jpg,0.5224217
2024-08-20 22:00:00,/Volumes/Argus/unk/snap/c1/1724191200.c1.snap.jpg,0.51635796
2024-08-20 22:30:00,/Volumes/Argus/unk/snap/c1/1724193000.c1.snap.jpg,0.39957067
2024-08-20 23:00:00,/Volumes/Argus/unk/snap/c1/1724194800.c1.snap.jpg,0.40244877
2024-08-20 23:30:00,/Volumes/Argus/unk/snap/c1/1724196600.c1.snap.jpg,0.45705354
2024-08-21 00:00:00,/Volumes/Argus/unk/snap/c1/1724198400.c1.snap.jpg,0.35760736
2024-08-21 00:30:00,/Volumes/Argus/unk/snap/c1/1724200200.c1.snap.jpg,0.46681443
2024-08-21 01:00:00,/Volumes/Argus/unk/snap/c1/1724202000.c1.snap.jpg,0.46915165
2024-08-21 01:30:00,/Volumes/Argus/unk/snap/c1/1724203800.c1.snap.jpg,0.42159462
2024-08-21 02:00:00,/Volumes/Argus/unk/snap/c1/1724205600.c1.snap.jpg,0.5722307
2024-08-21 02:30:00,/Volumes/Argus/unk/snap/c1/1724207400.c1.snap.jpg,0.39809045
2024-08-21 03:00:00,/Volumes/Argus/unk/snap/c1/1724209200.c1.snap.jpg,0.26329112
2024-08-21 03:30:00,/Volumes/Argus/unk/snap/c1/1724211000.c1.snap.jpg,0.27403784
2024-08-21 04:00:00,/Volumes/Argus/unk/snap/c1/1724212800.c1.snap.jpg,0.27569625
2024-08-21 04:30:00,/Volumes/Argus/unk/snap/c1/1724214600.c1.snap.jpg,0.27189875
2024-08-21 05:00:00,/Volumes/Argus/unk/snap/c1/1724216400.c1.snap.jpg,0.43747243
2024-08-21 05:30:00,/Volumes/Argus/unk/snap/c1/1724218200.c1.snap.jpg,0.3736498
2024-08-21 06:00:00,/Volumes/Argus/unk/snap/c1/1724220000.c1.snap.jpg,0.67889243
2024-08-21 06:30:00,/Volumes/Argus/unk/snap/c1/1724221800.c1.snap.jpg,0.38698387
2024-08-21 07:00:00,/Volumes/Argus/unk/snap/c1/1724223600.c1.snap.jpg,0.65169036
2024-08-21 07:30:00,/Volumes/Argus/unk/snap/c1/1724225400.c1.snap.jpg,0.4482764
2024-08-21 14:00:00,/Volumes/Argus/unk/snap/c1/1724248800.c1.snap.jpg,0.51517636
2024-08-21 14:30:00,/Volumes/Argus/unk/snap/c1/1724250600.c1.snap.jpg,0.48300803
2024-08-21 15:00:00,/Volumes/Argus/unk/snap/c1/1724252400.c1.snap.jpg,0.5852645
2024-08-21 15:30:00,/Volumes/Argus/unk/snap/c1/1724254200.c1.snap.jpg,0.66999876
2024-08-21 16:00:00,/Volumes/Argus/unk/snap/c1/1724256000.c1.snap.jpg,0.68499255
2024-08-21 16:30:00,/Volumes/Argus/unk/snap/c1/1724257800.c1.snap.jpg,0.7842328
2024-08-21 17:00:00,/Volumes/Argus/unk/snap/c1/1724259600.c1.snap.jpg,0.8511436
2024-08-21 17:30:00,/Volumes/Argus/unk/snap/c1/1724261400.c1.snap.jpg,0.98785794
2024-08-21 18:00:00,/Volumes/Argus/unk/snap/c1/1724263200.c1.snap.jpg,1.0812738
2024-08-21 18:30:00,/Volumes/Argus/unk/snap/c1/1724265000.c1.snap.jpg,1.216763
2024-08-21 19:00:00,/Volumes/Argus/unk/snap/c1/1724266800.c1.snap.jpg,1.2449105
2024-08-21 19:30:00,/Volumes/Argus/unk/snap/c1/1724268600.c1.snap.jpg,1.2198534
2024-08-21 20:00:00,/Volumes/Argus/unk/snap/c1/1724270400.c1.snap.jpg,1.2951627
2024-08-21 20:30:00,/Volumes/Argus/unk/snap/c1/1724272200.c1.snap.jpg,1.4378651
2024-08-21 21:00:00,/Volumes/Argus/unk/snap/c1/1724274000.c1.snap.jpg,1.4923106
2024-08-21 21:30:00,/Volumes/Argus/unk/snap/c1/1724275800.c1.snap.jpg,1.3975261
2024-08-21 22:00:00,/Volumes/Argus/unk/snap/c1/1724277600.c1.snap.jpg,1.3564945
2024-08-21 22:30:00,/Volumes/Argus/unk/snap/c1/1724279400.c1.snap.jpg,1.5062159
2024-08-21 23:00:00,/Volumes/Argus/unk/snap/c1/1724281200.c1.snap.jpg,1.564195
2024-08-21 23:30:00,/Volumes/Argus/unk/snap/c1/1724283000.c1.snap.jpg,1.4936529
2024-08-22 00:00:00,/Volumes/Argus/unk/snap/c1/1724284800.c1.snap.jpg,1.4797748
2024-08-22 00:30:00,/Volumes/Argus/unk/snap/c1/1724286600.c1.snap.jpg,1.518714
2024-08-22 01:00:00,/Volumes/Argus/unk/snap/c1/1724288400.c1.snap.jpg,1.5700235
2024-08-22 01:30:00,/Volumes/Argus/unk/snap/c1/1724290200.c1.snap.jpg,1.5914615
2024-08-22 02:00:00,/Volumes/Argus/unk/snap/c1/1724292000.c1.snap.jpg,1.6330804
2024-08-22 02:30:00,/Volumes/Argus/unk/snap/c1/1724293800.c1.snap.jpg,1.6379538
2024-08-22 03:00:00,/Volumes/Argus/unk/snap/c1/1724295600.c1.snap.jpg,1.7191764
2024-08-22 03:30:00,/Volumes/Argus/unk/snap/c1/1724297400.c1.snap.jpg,2.2782764
2024-08-22 04:00:00,/Volumes/Argus/unk/snap/c1/1724299200.c1.snap.jpg,1.8607378
2024-08-22 04:30:00,/Volumes/Argus/unk/snap/c1/1724301000.c1.snap.jpg,1.7686894
2024-08-22 05:00:00,/Volumes/Argus/unk/snap/c1/1724302800.c1.snap.jpg,1.8359672
2024-08-22 05:30:00,/Volumes/Argus/unk/snap/c1/1724304600.c1.snap.jpg,1.8876034
2024-08-22 06:00:00,/Volumes/Argus/unk/snap/c1/1724306400.c1.snap.jpg,1.9165945
2024-08-22 06:30:00,/Volumes/Argus/unk/snap/c1/1724308200.c1.snap.jpg,1.9279855
2024-08-22 07:00:00,/Volumes/Argus/unk/snap/c1/1724310000.c1.snap.jpg,1.8694292
2024-08-22 07:30:00,/Volumes/Argus/unk/snap/c1/1724311800.c1.snap.jpg,1.897477
2024-08-22 14:00:00,/Volumes/Argus/unk/snap/c1/1724335200.c1.snap.jpg,1.9547579
2024-08-22 14:30:00,/Volumes/Argus/unk/snap/c1/1724337000.c1.snap.jpg,1.9209473
2024-08-22 15:00:00,/Volumes/Argus/unk/snap/c1/1724338800.c1.snap.jpg,1.9213933
2024-08-22 15:30:00,/Volumes/Argus/unk/snap/c1/1724340600.c1.snap.jpg,1.8356109
2024-08-22 16:00:00,/Volumes/Argus/unk/snap/c1/1724342400.c1.snap.jpg,1.7014197
2024-08-22 16:30:00,/Volumes/Argus/unk/snap/c1/1724344200.c1.snap.jpg,1.7495712
2024-08-22 17:00:00,/Volumes/Argus/unk/snap/c1/1724346000.c1.snap.jpg,1.6675287
2024-08-22 17:30:00,/Volumes/Argus/unk/snap/c1/1724347800.c1.snap.jpg,1.6373329
2024-08-22 18:00:00,/Volumes/Argus/unk/snap/c1/1724349600.c1.snap.jpg,1.4347291
2024-08-22 18:30:00,/Volumes/Argus/unk/snap/c1/1724351400.c1.snap.jpg,1.6509194
2024-08-22 19:00:00,/Volumes/Argus/unk/snap/c1/1724353200.c1.snap.jpg,1.5789937
2024-08-22 19:30:00,/Volumes/Argus/unk/snap/c1/1724355000.c1.snap.jpg,1.4718117
2024-08-22 20:00:00,/Volumes/Argus/unk/snap/c1/1724356800.c1.snap.jpg,1.3870755
2024-08-22 20:30:00,/Volumes/Argus/unk/snap/c1/1724358600.c1.snap.jpg,1.4428575
2024-08-22 21:00:00,/Volumes/Argus/unk/snap/c1/1724360400.c1.snap.jpg,1.3591946
2024-08-22 21:30:00,/Volumes/Argus/unk/snap/c1/1724362200.c1.snap.jpg,1.3250761
2024-08-22 22:00:00,/Volumes/Argus/unk/snap/c1/1724364000.c1.snap.jpg,1.3386948
2024-08-22 22:30:00,/Volumes/Argus/unk/snap/c1/1724365800.c1.snap.jpg,1.2936807
2024-08-22 23:00:00,/Volumes/Argus/unk/snap/c1/1724367600.c1.snap.jpg,1.191232
2024-08-22 23:30:00,/Volumes/Argus/unk/snap/c1/1724369400.c1.snap.jpg,1.211548
2024-08-23 00:00:00,/Volumes/Argus/unk/snap/c1/1724371200.c1.snap.jpg,1.2392827
2024-08-23 00:30:00,/Volumes/Argus/unk/snap/c1/1724373000.c1.snap.jpg,0.98292094
2024-08-23 01:00:00,/Volumes/Argus/unk/snap/c1/1724374800.c1.snap.jpg,0.9772684
2024-08-23 01:30:00,/Volumes/Argus/unk/snap/c1/1724376600.c1.snap.jpg,0.95782197
2024-08-23 02:00:00,/Volumes/Argus/unk/snap/c1/1724378400.c1.snap.jpg,0.8793326
2024-08-23 02:30:00,/Volumes/Argus/unk/snap/c1/1724380200.c1.snap.jpg,0.91827697
2024-08-23 03:00:00,/Volumes/Argus/unk/snap/c1/1724382000.c1.snap.jpg,0.8481518
2024-08-23 03:30:00,/Volumes/Argus/unk/snap/c1/1724383800.c1.snap.jpg,0.90088105
2024-08-23 04:00:00,/Volumes/Argus/unk/snap/c1/1724385600.c1.snap.jpg,0.9024521
2024-08-23 04:30:00,/Volumes/Argus/unk/snap/c1/1724387400.c1.snap.jpg,0.9421202
2024-08-23 05:00:00,/Volumes/Argus/unk/snap/c1/1724389200.c1.snap.jpg,0.92288816
2024-08-23 05:30:00,/Volumes/Argus/unk/snap/c1/1724391000.c1.snap.jpg,0.9201366
2024-08-23 06:00:00,/Volumes/Argus/unk/snap/c1/1724392800.c1.snap.jpg,1.025917
2024-08-23 06:30:00,/Volumes/Argus/unk/snap/c1/1724394600.c1.snap.jpg,0.9270078
2024-08-23 07:00:00,/Volumes/Argus/unk/snap/c1/1724396400.c1.snap.jpg,0.7971028
2024-08-23 07:30:00,/Volumes/Argus/unk/snap/c1/1724398200.c1.snap.jpg,0.97399366
2024-08-23 14:30:00,/Volumes/Argus/unk/snap/c1/1724423400.c1.snap.jpg,0.93809664
2024-08-23 15:00:00,/Volumes/Argus/unk/snap/c1/1724425200.c1.snap.jpg,0.9071007
2024-08-23 15:30:00,/Volumes/Argus/unk/snap/c1/1724427000.c1.snap.jpg,0.9322281
2024-08-23 16:00:00,/Volumes/Argus/unk/snap/c1/1724428800.c1.snap.jpg,0.9952314
2024-08-23 16:30:00,/Volumes/Argus/unk/snap/c1/1724430600.c1.snap.jpg,1.1108644
2024-08-23 17:00:00,/Volumes/Argus/unk/snap/c1/1724432400.c1.snap.jpg,1.0076065
2024-08-23 17:30:00,/Volumes/Argus/unk/snap/c1/1724434200.c1.snap.jpg,0.9449238
2024-08-23 18:00:00,/Volumes/Argus/unk/snap/c1/1724436000.c1.snap.jpg,1.0324001
2024-08-23 18:30:00,/Volumes/Argus/unk/snap/c1/1724437800.c1.snap.jpg,1.1256667
2024-08-23 19:00:00,/Volumes/Argus/unk/snap/c1/1724439600.c1.snap.jpg,1.0237145
2024-08-23 19:30:00,/Volumes/Argus/unk/snap/c1/1724441400.c1.snap.jpg,1.109861
2024-08-23 20:00:00,/Volumes/Argus/unk/snap/c1/1724443200.c1.snap.jpg,1.1080287
2024-08-23 20:30:00,/Volumes/Argus/unk/snap/c1/1724445000.c1.snap.jpg,1.1424416
2024-08-23 21:00:00,/Volumes/Argus/unk/snap/c1/1724446800.c1.snap.jpg,0.93439466
2024-08-23 21:30:00,/Volumes/Argus/unk/snap/c1/1724448600.c1.snap.jpg,0.89749223
2024-08-23 22:00:00,/Volumes/Argus/unk/snap/c1/1724450400.c1.snap.jpg,0.80906916
2024-08-23 22:30:00,/Volumes/Argus/unk/snap/c1/1724452200.c1.snap.jpg,0.70508313
2024-08-23 23:00:00,/Volumes/Argus/unk/snap/c1/1724454000.c1.snap.jpg,0.80941033
2024-08-23 23:30:00,/Volumes/Argus/unk/snap/c1/1724455800.c1.snap.jpg,0.6781008
2024-08-24 00:00:00,/Volumes/Argus/unk/snap/c1/1724457600.c1.snap.jpg,0.6627649
2024-08-24 00:30:00,/Volumes/Argus/unk/snap/c1/1724459400.c1.snap.jpg,0.6373739
2024-08-24 01:00:00,/Volumes/Argus/unk/snap/c1/1724461200.c1.snap.jpg,0.53730536
2024-08-24 01:30:00,/Volumes/Argus/unk/snap/c1/1724463000.c1.snap.jpg,0.5923096
2024-08-24 02:00:00,/Volumes/Argus/unk/snap/c1/1724464800.c1.snap.jpg,0.5681093
2024-08-24 02:30:00,/Volumes/Argus/unk/snap/c1/1724466600.c1.snap.jpg,0.6135679
2024-08-24 03:00:00,/Volumes/Argus/unk/snap/c1/1724468400.c1.snap.jpg,0.6917612
2024-08-24 03:30:00,/Volumes/Argus/unk/snap/c1/1724470200.c1.snap.jpg,0.5420157
2024-08-24 04:00:00,/Volumes/Argus/unk/snap/c1/1724472000.c1.snap.jpg,0.6688863
2024-08-24 04:30:00,/Volumes/Argus/unk/snap/c1/1724473800.c1.snap.jpg,0.5795562
2024-08-24 05:00:00,/Volumes/Argus/unk/snap/c1/1724475600.c1.snap.jpg,0.3035437
2024-08-24 05:30:00,/Volumes/Argus/unk/snap/c1/1724477400.c1.snap.jpg,0.5597893
2024-08-24 06:00:00,/Volumes/Argus/unk/snap/c1/1724479200.c1.snap.jpg,0.5337548
2024-08-24 06:30:00,/Volumes/Argus/unk/snap/c1/1724481000.c1.snap.jpg,0.40072572
2024-08-24 07:00:00,/Volumes/Argus/unk/snap/c1/1724482800.c1.snap.jpg,0.4401393
2024-08-24 07:30:00,/Volumes/Argus/unk/snap/c1/1724484600.c1.snap.jpg,0.50033903
2024-08-24 14:30:00,/Volumes/Argus/unk/snap/c1/1724509800.c1.snap.jpg,0.4702456
2024-08-24 15:00:00,/Volumes/Argus/unk/snap/c1/1724511600.c1.snap.jpg,0.5279257
2024-08-24 15:30:00,/Volumes/Argus/unk/snap/c1/1724513400.c1.snap.jpg,0.6537273
2024-08-24 16:00:00,/Volumes/Argus/unk/snap/c1/1724515200.c1.snap.jpg,0.6130062
2024-08-24 16:30:00,/Volumes/Argus/unk/snap/c1/1724517000.c1.snap.jpg,0.58986866
2024-08-24 17:00:00,/Volumes/Argus/unk/snap/c1/1724518800.c1.snap.jpg,0.58032423
2024-08-24 17:30:00,/Volumes/Argus/unk/snap/c1/1724520600.c1.snap.jpg,0.6340883
2024-08-24 18:00:00,/Volumes/Argus/unk/snap/c1/1724522400.c1.snap.jpg,0.68027997
2024-08-24 18:30:00,/Volumes/Argus/unk/snap/c1/1724524200.c1.snap.jpg,0.59040254
2024-08-24 19:00:00,/Volumes/Argus/unk/snap/c1/1724526000.c1.snap.jpg,0.6819596
2024-08-24 19:30:00,/Volumes/Argus/unk/snap/c1/1724527800.c1.snap.jpg,0.629279
2024-08-24 20:00:00,/Volumes/Argus/unk/snap/c1/1724529600.c1.snap.jpg,0.68326026
2024-08-24 20:30:00,/Volumes/Argus/unk/snap/c1/1724531400.c1.snap.jpg,0.6864312
2024-08-24 21:00:00,/Volumes/Argus/unk/snap/c1/1724533200.c1.snap.jpg,0.6566808
2024-08-24 21:30:00,/Volumes/Argus/unk/snap/c1/1724535000.c1.snap.jpg,0.78807783
2024-08-24 22:00:00,/Volumes/Argus/unk/snap/c1/1724536800.c1.snap.jpg,0.6609413
2024-08-24 22:30:00,/Volumes/Argus/unk/snap/c1/1724538600.c1.snap.jpg,0.66021204
2024-08-24 23:00:00,/Volumes/Argus/unk/snap/c1/1724540400.c1.snap.jpg,0.66205
2024-08-24 23:30:00,/Volumes/Argus/unk/snap/c1/1724542200.c1.snap.jpg,0.6461561
2024-08-25 00:00:00,/Volumes/Argus/unk/snap/c1/1724544000.c1.snap.jpg,0.7202275
2024-08-25 00:30:00,/Volumes/Argus/unk/snap/c1/1724545800.c1.snap.jpg,0.7123025
2024-08-25 01:00:00,/Volumes/Argus/unk/snap/c1/1724547600.c1.snap.jpg,0.6609459
2024-08-25 02:00:00,/Volumes/Argus/unk/snap/c1/1724551200.c1.snap.jpg,0.5446321
2024-08-25 02:30:00,/Volumes/Argus/unk/snap/c1/1724553000.c1.snap.jpg,0.6342492
2024-08-25 03:00:00,/Volumes/Argus/unk/snap/c1/1724554800.c1.snap.jpg,0.67678654
2024-08-25 03:30:00,/Volumes/Argus/unk/snap/c1/1724556600.c1.snap.jpg,0.5596262
2024-08-25 04:00:00,/Volumes/Argus/unk/snap/c1/1724558400.c1.snap.jpg,0.44321093
2024-08-25 04:30:00,/Volumes/Argus/unk/snap/c1/1724560200.c1.snap.jpg,0.39128602
2024-08-25 05:00:00,/Volumes/Argus/unk/snap/c1/1724562000.c1.snap.jpg,0.40148854
2024-08-25 05:30:00,/Volumes/Argus/unk/snap/c1/1724563800.c1.snap.jpg,0.34359062
2024-08-25 06:00:00,/Volumes/Argus/unk/snap/c1/1724565600.c1.snap.jpg,0.49391627
2024-08-25 06:30:00,/Volumes/Argus/unk/snap/c1/1724567400.c1.snap.jpg,0.42755413
2024-08-25 07:00:00,/Volumes/Argus/unk/snap/c1/1724569200.c1.snap.jpg,0.59267306
2024-08-25 14:30:00,/Volumes/Argus/unk/snap/c1/1724596200.c1.snap.jpg,0.28511453
2024-08-25 15:00:00,/Volumes/Argus/unk/snap/c1/1724598000.c1.snap.jpg,0.29160804
2024-08-25 15:30:00,/Volumes/Argus/unk/snap/c1/1724599800.c1.snap.jpg,0.34349805
2024-08-25 16:00:00,/Volumes/Argus/unk/snap/c1/1724601600.c1.snap.jpg,0.2814731
2024-08-25 16:30:00,/Volumes/Argus/unk/snap/c1/1724603400.c1.snap.jpg,0.4324752
2024-08-25 17:00:00,/Volumes/Argus/unk/snap/c1/1724605200.c1.snap.jpg,0.4354274
2024-08-25 17:30:00,/Volumes/Argus/unk/snap/c1/1724607000.c1.snap.jpg,0.42590004
2024-08-25 18:00:00,/Volumes/Argus/unk/snap/c1/1724608800.c1.snap.jpg,0.39443624
2024-08-25 18:30:00,/Volumes/Argus/unk/snap/c1/1724610600.c1.snap.jpg,0.2984607
2024-08-25 19:00:00,/Volumes/Argus/unk/snap/c1/1724612400.c1.snap.jpg,0.29824656
2024-08-25 19:30:00,/Volumes/Argus/unk/snap/c1/1724614200.c1.snap.jpg,0.35359803
2024-08-25 20:00:00,/Volumes/Argus/unk/snap/c1/1724616000.c1.snap.jpg,0.24976486
2024-08-25 20:30:00,/Volumes/Argus/unk/snap/c1/1724617800.c1.snap.jpg,0.3040064
2024-08-25 21:00:00,/Volumes/Argus/unk/snap/c1/1724619600.c1.snap.jpg,0.28287855
2024-08-25 21:30:00,/Volumes/Argus/unk/snap/c1/1724621400.c1.snap.jpg,0.3378144
2024-08-25 22:00:00,/Volumes/Argus/unk/snap/c1/1724623200.c1.snap.jpg,0.32730734
2024-08-25 22:30:00,/Volumes/Argus/unk/snap/c1/1724625000.c1.snap.jpg,0.34764373
2024-08-25 23:00:00,/Volumes/Argus/unk/snap/c1/1724626800.c1.snap.jpg,0.32423112
2024-08-25 23:30:00,/Volumes/Argus/unk/snap/c1/1724628600.c1.snap.jpg,0.3575924
2024-08-26 00:00:00,/Volumes/Argus/unk/snap/c1/1724630400.c1.snap.jpg,0.41519207
2024-08-26 00:30:00,/Volumes/Argus/unk/snap/c1/1724632200.c1.snap.jpg,0.44824547
2024-08-26 01:00:00,/Volumes/Argus/unk/snap/c1/1724634000.c1.snap.jpg,0.47927645
2024-08-26 01:30:00,/Volumes/Argus/unk/snap/c1/1724635800.c1.snap.jpg,0.5513065
2024-08-26 02:30:00,/Volumes/Argus/unk/snap/c1/1724639400.c1.snap.jpg,0.37912464
2024-08-26 03:00:00,/Volumes/Argus/unk/snap/c1/1724641200.c1.snap.jpg,0.3655969
2024-08-26 03:30:00,/Volumes/Argus/unk/snap/c1/1724643000.c1.snap.jpg,0.33879298
2024-08-26 04:00:00,/Volumes/Argus/unk/snap/c1/1724644800.c1.snap.jpg,0.27477545
2024-08-26 04:30:00,/Volumes/Argus/unk/snap/c1/1724646600.c1.snap.jpg,0.36493278
2024-08-26 05:00:00,/Volumes/Argus/unk/snap/c1/1724648400.c1.snap.jpg,0.45917517
2024-08-26 05:30:00,/Volumes/Argus/unk/snap/c1/1724650200.c1.snap.jpg,0.28277582
2024-08-26 06:00:00,/Volumes/Argus/unk/snap/c1/1724652000.c1.snap.jpg,0.29817113
2024-08-26 06:30:00,/Volumes/Argus/unk/snap/c1/1724653800.c1.snap.jpg,0.27822924
2024-08-26 07:00:00,/Volumes/Argus/unk/snap/c1/1724655600.c1.snap.jpg,0.2662915
2024-08-26 14:30:00,/Volumes/Argus/unk/snap/c1/1724682600.c1.snap.jpg,0.18921007
2024-08-26 15:00:00,/Volumes/Argus/unk/snap/c1/1724684400.c1.snap.jpg,0.27704602
2024-08-26 15:30:00,/Volumes/Argus/unk/snap/c1/1724686200.c1.snap.jpg,0.25897855
2024-08-26 16:00:00,/Volumes/Argus/unk/snap/c1/1724688000.c1.snap.jpg,0.23741074
2024-08-26 16:30:00,/Volumes/Argus/unk/snap/c1/1724689800.c1.snap.jpg,0.3138673
2024-08-26 17:00:00,/Volumes/Argus/unk/snap/c1/1724691600.c1.snap.jpg,0.26225048
2024-08-26 17:30:00,/Volumes/Argus/unk/snap/c1/1724693400.c1.snap.jpg,0.3757625
2024-08-26 18:00:00,/Volumes/Argus/unk/snap/c1/1724695200.c1.snap.jpg,0.3770237
2024-08-26 18:30:00,/Volumes/Argus/unk/snap/c1/1724697000.c1.snap.jpg,0.28079677
2024-08-26 19:00:00,/Volumes/Argus/unk/snap/c1/1724698800.c1.snap.jpg,0.3934347
2024-08-26 19:30:00,/Volumes/Argus/unk/snap/c1/1724700600.c1.snap.jpg,0.34293857
2024-08-26 20:00:00,/Volumes/Argus/unk/snap/c1/1724702400.c1.snap.jpg,0.37328306
2024-08-26 20:30:00,/Volumes/Argus/unk/snap/c1/1724704200.c1.snap.jpg,0.4252014
2024-08-26 21:00:00,/Volumes/Argus/unk/snap/c1/1724706000.c1.snap.jpg,0.593857
2024-08-26 21:30:00,/Volumes/Argus/unk/snap/c1/1724707800.c1.snap.jpg,0.3950026
2024-08-26 22:00:00,/Volumes/Argus/unk/snap/c1/1724709600.c1.snap.jpg,0.37625673
2024-08-26 22:30:00,/Volumes/Argus/unk/snap/c1/1724711400.c1.snap.jpg,0.40044647
2024-08-26 23:00:00,/Volumes/Argus/unk/snap/c1/1724713200.c1.snap.jpg,0.4417194
2024-08-26 23:30:00,/Volumes/Argus/unk/snap/c1/1724715000.c1.snap.jpg,0.5335628
2024-08-27 00:00:00,/Volumes/Argus/unk/snap/c1/1724716800.c1.snap.jpg,0.5597062
2024-08-27 00:30:00,/Volumes/Argus/unk/snap/c1/1724718600.c1.snap.jpg,0.45565116
2024-08-27 01:00:00,/Volumes/Argus/unk/snap/c1/1724720400.c1.snap.jpg,0.42128688
2024-08-27 01:30:00,/Volumes/Argus/unk/snap/c1/1724722200.c1.snap.jpg,0.34489745
2024-08-27 02:00:00,/Volumes/Argus/unk/snap/c1/1724724000.c1.snap.jpg,0.66289556
2024-08-27 02:30:00,/Volumes/Argus/unk/snap/c1/1724725800.c1.snap.jpg,0.42597026
2024-08-27 03:00:00,/Volumes/Argus/unk/snap/c1/1724727600.c1.snap.jpg,0.3577746
2024-08-27 03:30:00,/Volumes/Argus/unk/snap/c1/1724729400.c1.snap.jpg,0.32633534
2024-08-27 04:00:00,/Volumes/Argus/unk/snap/c1/1724731200.c1.snap.jpg,0.25516364
2024-08-27 04:30:00,/Volumes/Argus/unk/snap/c1/1724733000.c1.snap.jpg,0.31826133
2024-08-27 05:00:00,/Volumes/Argus/unk/snap/c1/1724734800.c1.snap.jpg,0.35567278
2024-08-27 05:30:00,/Volumes/Argus/unk/snap/c1/1724736600.c1.snap.jpg,0.37512633
2024-08-27 06:00:00,/Volumes/Argus/unk/snap/c1/1724738400.c1.snap.jpg,0.29555497
2024-08-27 06:30:00,/Volumes/Argus/unk/snap/c1/1724740200.c1.snap.jpg,0.4758712
2024-08-27 07:00:00,/Volumes/Argus/unk/snap/c1/1724742000.c1.snap.jpg,0.4645501
2024-08-27 14:30:00,/Volumes/Argus/unk/snap/c1/1724769000.c1.snap.jpg,0.40962788
2024-08-27 15:00:00,/Volumes/Argus/unk/snap/c1/1724770800.c1.snap.jpg,0.4043688
2024-08-27 15:30:00,/Volumes/Argus/unk/snap/c1/1724772600.c1.snap.jpg,0.35649055
2024-08-27 16:00:00,/Volumes/Argus/unk/snap/c1/1724774400.c1.snap.jpg,0.3527691
2024-08-27 16:30:00,/Volumes/Argus/unk/snap/c1/1724776200.c1.snap.jpg,0.27936304
2024-08-27 17:00:00,/Volumes/Argus/unk/snap/c1/1724778000.c1.snap.jpg,0.24650042
2024-08-27 17:30:00,/Volumes/Argus/unk/snap/c1/1724779800.c1.snap.jpg,0.32895127
2024-08-27 18:00:00,/Volumes/Argus/unk/snap/c1/1724781600.c1.snap.jpg,0.3570209
2024-08-27 18:30:00,/Volumes/Argus/unk/snap/c1/1724783400.c1.snap.jpg,0.29154128
2024-08-27 19:00:00,/Volumes/Argus/unk/snap/c1/1724785200.c1.snap.jpg,0.23534015
2024-08-27 20:00:00,/Volumes/Argus/unk/snap/c1/1724788800.c1.snap.jpg,0.29639688
2024-08-27 20:30:00,/Volumes/Argus/unk/snap/c1/1724790600.c1.snap.jpg,0.20939928
2024-08-27 21:00:00,/Volumes/Argus/unk/snap/c1/1724792400.c1.snap.jpg,0.2146984
2024-08-27 21:30:00,/Volumes/Argus/unk/snap/c1/1724794200.c1.snap.jpg,0.40709773
2024-08-27 22:00:00,/Volumes/Argus/unk/snap/c1/1724796000.c1.snap.jpg,0.24357739
2024-08-27 22:30:00,/Volumes/Argus/unk/snap/c1/1724797800.c1.snap.jpg,0.39142963
2024-08-27 23:00:00,/Volumes/Argus/unk/snap/c1/1724799600.c1.snap.jpg,0.28849006
2024-08-27 23:30:00,/Volumes/Argus/unk/snap/c1/1724801400.c1.snap.jpg,0.29264075
2024-08-28 00:00:00,/Volumes/Argus/unk/snap/c1/1724803200.c1.snap.jpg,0.25234646
2024-08-28 00:30:00,/Volumes/Argus/unk/snap/c1/1724805000.c1.snap.jpg,0.39189893
2024-08-28 01:00:00,/Volumes/Argus/unk/snap/c1/1724806800.c1.snap.jpg,0.31696874
2024-08-28 01:30:00,/Volumes/Argus/unk/snap/c1/1724808600.c1.snap.jpg,0.4984204
2024-08-28 02:00:00,/Volumes/Argus/unk/snap/c1/1724810400.c1.snap.jpg,0.30006224
2024-08-28 02:30:00,/Volumes/Argus/unk/snap/c1/1724812200.c1.snap.jpg,0.33363515
2024-08-28 03:00:00,/Volumes/Argus/unk/snap/c1/1724814000.c1.snap.jpg,0.43142217
2024-08-28 03:30:00,/Volumes/Argus/unk/snap/c1/1724815800.c1.snap.jpg,0.29736274
2024-08-28 04:00:00,/Volumes/Argus/unk/snap/c1/1724817600.c1.snap.jpg,0.41006643
2024-08-28 05:00:00,/Volumes/Argus/unk/snap/c1/1724821200.c1.snap.jpg,0.47156373
2024-08-28 05:30:00,/Volumes/Argus/unk/snap/c1/1724823000.c1.snap.jpg,0.42526942
2024-08-28 06:00:00,/Volumes/Argus/unk/snap/c1/1724824800.c1.snap.jpg,0.30928588
2024-08-28 06:30:00,/Volumes/Argus/unk/snap/c1/1724826600.c1.snap.jpg,0.3272766
2024-08-28 07:00:00,/Volumes/Argus/unk/snap/c1/1724828400.c1.snap.jpg,0.4283577
2024-08-28 15:00:00,/Volumes/Argus/unk/snap/c1/1724857200.c1.snap.jpg,0.41478255
2024-08-28 15:30:00,/Volumes/Argus/unk/snap/c1/1724859000.c1.snap.jpg,0.28493333
2024-08-28 16:00:00,/Volumes/Argus/unk/snap/c1/1724860800.c1.snap.jpg,0.23047943
2024-08-28 16:30:00,/Volumes/Argus/unk/snap/c1/1724862600.c1.snap.jpg,0.29573596
2024-08-28 17:00:00,/Volumes/Argus/unk/snap/c1/1724864400.c1.snap.jpg,0.32597637
2024-08-28 17:30:00,/Volumes/Argus/unk/snap/c1/1724866200.c1.snap.jpg,0.2655952
2024-08-28 18:00:00,/Volumes/Argus/unk/snap/c1/1724868000.c1.snap.jpg,0.22750436
2024-08-28 18:30:00,/Volumes/Argus/unk/snap/c1/1724869800.c1.snap.jpg,0.36754093
2024-08-28 19:30:00,/Volumes/Argus/unk/snap/c1/1724873400.c1.snap.jpg,0.31878394
2024-08-28 20:00:00,/Volumes/Argus/unk/snap/c1/1724875200.c1.snap.jpg,0.24234787
2024-08-28 20:30:00,/Volumes/Argus/unk/snap/c1/1724877000.c1.snap.jpg,0.3458602
2024-08-28 21:00:00,/Volumes/Argus/unk/snap/c1/1724878800.c1.snap.jpg,0.40341422
2024-08-28 21:30:00,/Volumes/Argus/unk/snap/c1/1724880600.c1.snap.jpg,0.29568952
2024-08-28 22:00:00,/Volumes/Argus/unk/snap/c1/1724882400.c1.snap.jpg,0.3126042
2024-08-28 22:30:00,/Volumes/Argus/unk/snap/c1/1724884200.c1.snap.jpg,0.31533504
2024-08-28 23:00:00,/Volumes/Argus/unk/snap/c1/1724886000.c1.snap.jpg,0.34015065
2024-08-29 00:00:00,/Volumes/Argus/unk/snap/c1/1724889600.c1.snap.jpg,0.36060748
2024-08-29 00:30:00,/Volumes/Argus/unk/snap/c1/1724891400.c1.snap.jpg,0.22625665
2024-08-29 01:00:00,/Volumes/Argus/unk/snap/c1/1724893200.c1.snap.jpg,0.22168586
2024-08-29 01:30:00,/Volumes/Argus/unk/snap/c1/1724895000.c1.snap.jpg,0.27209935
2024-08-29 02:00:00,/Volumes/Argus/unk/snap/c1/1724896800.c1.snap.jpg,0.20778246
2024-08-29 02:30:00,/Volumes/Argus/unk/snap/c1/1724898600.c1.snap.jpg,0.18915437
2024-08-29 03:00:00,/Volumes/Argus/unk/snap/c1/1724900400.c1.snap.jpg,0.1946206
2024-08-29 03:30:00,/Volumes/Argus/unk/snap/c1/1724902200.c1.snap.jpg,0.20634444
2024-08-29 04:00:00,/Volumes/Argus/unk/snap/c1/1724904000.c1.snap.jpg,0.20306182
2024-08-29 04:30:00,/Volumes/Argus/unk/snap/c1/1724905800.c1.snap.jpg,0.23545092
2024-08-29 05:00:00,/Volumes/Argus/unk/snap/c1/1724907600.c1.snap.jpg,0.273543
2024-08-29 05:30:00,/Volumes/Argus/unk/snap/c1/1724909400.c1.snap.jpg,0.3034714
2024-08-29 06:00:00,/Volumes/Argus/unk/snap/c1/1724911200.c1.snap.jpg,0.2177117
2024-08-29 06:30:00,/Volumes/Argus/unk/snap/c1/1724913000.c1.snap.jpg,0.19253817
2024-08-29 07:00:00,/Volumes/Argus/unk/snap/c1/1724914800.c1.snap.jpg,0.28896996
2024-08-29 14:30:00,/Volumes/Argus/unk/snap/c1/1724941800.c1.snap.jpg,0.43464383
2024-08-29 15:00:00,/Volumes/Argus/unk/snap/c1/1724943600.c1.snap.jpg,0.26243955
2024-08-29 15:30:00,/Volumes/Argus/unk/snap/c1/1724945400.c1.snap.jpg,0.2700724
2024-08-29 16:00:00,/Volumes/Argus/unk/snap/c1/1724947200.c1.snap.jpg,0.2972331
2024-08-29 16:30:00,/Volumes/Argus/unk/snap/c1/1724949000.c1.snap.jpg,0.22252591
2024-08-29 17:00:00,/Volumes/Argus/unk/snap/c1/1724950800.c1.snap.jpg,0.23019741
2024-08-29 17:30:00,/Volumes/Argus/unk/snap/c1/1724952600.c1.snap.jpg,0.29578
2024-08-29 18:00:00,/Volumes/Argus/unk/snap/c1/1724954400.c1.snap.jpg,0.21630347
2024-08-29 18:30:00,/Volumes/Argus/unk/snap/c1/1724956200.c1.snap.jpg,0.24098021
2024-08-29 19:00:00,/Volumes/Argus/unk/snap/c1/1724958000.c1.snap.jpg,0.2602794
2024-08-29 19:30:00,/Volumes/Argus/unk/snap/c1/1724959800.c1.snap.jpg,0.16768532
2024-08-29 20:00:00,/Volumes/Argus/unk/snap/c1/1724961600.c1.snap.jpg,0.24078976
2024-08-29 20:30:00,/Volumes/Argus/unk/snap/c1/1724963400.c1.snap.jpg,0.37299648
2024-08-29 21:00:00,/Volumes/Argus/unk/snap/c1/1724965200.c1.snap.jpg,0.27330536
2024-08-29 21:30:00,/Volumes/Argus/unk/snap/c1/1724967000.c1.snap.jpg,0.28892377
2024-08-29 22:00:00,/Volumes/Argus/unk/snap/c1/1724968800.c1.snap.jpg,0.29414955
2024-08-29 22:30:00,/Volumes/Argus/unk/snap/c1/1724970600.c1.snap.jpg,0.35381106
2024-08-29 23:00:00,/Volumes/Argus/unk/snap/c1/1724972400.c1.snap.jpg,0.34646022
2024-08-29 23:30:00,/Volumes/Argus/unk/snap/c1/1724974200.c1.snap.jpg,0.30621612
2024-08-30 00:00:00,/Volumes/Argus/unk/snap/c1/1724976000.c1.snap.jpg,0.5896262
2024-08-30 01:00:00,/Volumes/Argus/unk/snap/c1/1724979600.c1.snap.jpg,0.4962193
2024-08-30 01:30:00,/Volumes/Argus/unk/snap/c1/1724981400.c1.snap.jpg,0.48597118
2024-08-30 02:00:00,/Volumes/Argus/unk/snap/c1/1724983200.c1.snap.jpg,0.34308332
2024-08-30 03:30:00,/Volumes/Argus/unk/snap/c1/1724988600.c1.snap.jpg,0.47247672
2024-08-30 04:00:00,/Volumes/Argus/unk/snap/c1/1724990400.c1.snap.jpg,0.52545494
2024-08-30 04:30:00,/Volumes/Argus/unk/snap/c1/1724992200.c1.snap.jpg,0.5197488
2024-08-30 05:00:00,/Volumes/Argus/unk/snap/c1/1724994000.c1.snap.jpg,0.48755983
2024-08-30 05:30:00,/Volumes/Argus/unk/snap/c1/1724995800.c1.snap.jpg,0.41728538
2024-08-30 06:00:00,/Volumes/Argus/unk/snap/c1/1724997600.c1.snap.jpg,0.38727495
2024-08-30 06:30:00,/Volumes/Argus/unk/snap/c1/1724999400.c1.snap.jpg,0.41712406
2024-08-30 07:00:00,/Volumes/Argus/unk/snap/c1/1725001200.c1.snap.jpg,0.44944745
2024-08-30 14:30:00,/Volumes/Argus/unk/snap/c1/1725028200.c1.snap.jpg,0.5557437
2024-08-30 15:00:00,/Volumes/Argus/unk/snap/c1/1725030000.c1.snap.jpg,0.33719423
2024-08-30 15:30:00,/Volumes/Argus/unk/snap/c1/1725031800.c1.snap.jpg,0.5216381
2024-08-30 16:00:00,/Volumes/Argus/unk/snap/c1/1725033600.c1.snap.jpg,0.4919551
2024-08-30 16:30:00,/Volumes/Argus/unk/snap/c1/1725035400.c1.snap.jpg,0.40807968
2024-08-30 17:00:00,/Volumes/Argus/unk/snap/c1/1725037200.c1.snap.jpg,0.4208834
2024-08-30 18:00:00,/Volumes/Argus/unk/snap/c1/1725040800.c1.snap.jpg,0.3821439
2024-08-30 18:30:00,/Volumes/Argus/unk/snap/c1/1725042600.c1.snap.jpg,0.38030082
2024-08-30 19:00:00,/Volumes/Argus/unk/snap/c1/1725044400.c1.snap.jpg,0.38860893
2024-08-30 19:30:00,/Volumes/Argus/unk/snap/c1/1725046200.c1.snap.jpg,0.40325004
2024-08-30 20:00:00,/Volumes/Argus/unk/snap/c1/1725048000.c1.snap.jpg,0.42640054
2024-08-30 20:30:00,/Volumes/Argus/unk/snap/c1/1725049800.c1.snap.jpg,0.3367738
2024-08-30 21:00:00,/Volumes/Argus/unk/snap/c1/1725051600.c1.snap.jpg,0.4044455
2024-08-30 21:30:00,/Volumes/Argus/unk/snap/c1/1725053400.c1.snap.jpg,0.38780355
2024-08-30 22:00:00,/Volumes/Argus/unk/snap/c1/1725055200.c1.snap.jpg,0.5462311
2024-08-30 22:30:00,/Volumes/Argus/unk/snap/c1/1725057000.c1.snap.jpg,0.46816432
2024-08-30 23:00:00,/Volumes/Argus/unk/snap/c1/1725058800.c1.snap.jpg,0.50972307
2024-08-30 23:30:00,/Volumes/Argus/unk/snap/c1/1725060600.c1.snap.jpg,0.4923473
2024-08-31 00:00:00,/Volumes/Argus/unk/snap/c1/1725062400.c1.snap.jpg,0.48379523
2024-08-31 00:30:00,/Volumes/Argus/unk/snap/c1/1725064200.c1.snap.jpg,0.5340074
2024-08-31 01:00:00,/Volumes/Argus/unk/snap/c1/1725066000.c1.snap.jpg,0.59458196
2024-08-31 01:30:00,/Volumes/Argus/unk/snap/c1/1725067800.c1.snap.jpg,0.7043685
2024-08-31 02:00:00,/Volumes/Argus/unk/snap/c1/1725069600.c1.snap.jpg,0.7749038
2024-08-31 02:30:00,/Volumes/Argus/unk/snap/c1/1725071400.c1.snap.jpg,0.75440276
2024-08-31 03:00:00,/Volumes/Argus/unk/snap/c1/1725073200.c1.snap.jpg,0.7612874
2024-08-31 03:30:00,/Volumes/Argus/unk/snap/c1/1725075000.c1.snap.jpg,0.6098465
2024-08-31 04:00:00,/Volumes/Argus/unk/snap/c1/1725076800.c1.snap.jpg,0.6122507
2024-08-31 04:30:00,/Volumes/Argus/unk/snap/c1/1725078600.c1.snap.jpg,0.6817889
2024-08-31 05:00:00,/Volumes/Argus/unk/snap/c1/1725080400.c1.snap.jpg,0.6768999
2024-08-31 05:30:00,/Volumes/Argus/unk/snap/c1/1725082200.c1.snap.jpg,0.54292595
2024-08-31 06:00:00,/Volumes/Argus/unk/snap/c1/1725084000.c1.snap.jpg,0.5124588
2024-08-31 06:30:00,/Volumes/Argus/unk/snap/c1/1725085800.c1.snap.jpg,0.4610487
2024-08-31 07:00:00,/Volumes/Argus/unk/snap/c1/1725087600.c1.snap.jpg,0.5169687
2024-08-31 14:30:00,/Volumes/Argus/unk/snap/c1/1725114600.c1.snap.jpg,0.4466106
2024-08-31 15:00:00,/Volumes/Argus/unk/snap/c1/1725116400.c1.snap.jpg,0.50040424
2024-08-31 16:00:00,/Volumes/Argus/unk/snap/c1/1725120000.c1.snap.jpg,0.65036553
2024-08-31 16:30:00,/Volumes/Argus/unk/snap/c1/1725121800.c1.snap.jpg,0.6798457
2024-08-31 17:00:00,/Volumes/Argus/unk/snap/c1/1725123600.c1.snap.jpg,0.63537884
2024-08-31 17:30:00,/Volumes/Argus/unk/snap/c1/1725125400.c1.snap.jpg,0.61597884
2024-08-31 18:00:00,/Volumes/Argus/unk/snap/c1/1725127200.c1.snap.jpg,0.48812896
2024-08-31 18:30:00,/Volumes/Argus/unk/snap/c1/1725129000.c1.snap.jpg,0.53667235
2024-08-31 19:00:00,/Volumes/Argus/unk/snap/c1/1725130800.c1.snap.jpg,0.5948643
2024-08-31 19:30:00,/Volumes/Argus/unk/snap/c1/1725132600.c1.snap.jpg,0.5561842
2024-08-31 20:00:00,/Volumes/Argus/unk/snap/c1/1725134400.c1.snap.jpg,0.55566514
2024-08-31 20:30:00,/Volumes/Argus/unk/snap/c1/1725136200.c1.snap.jpg,0.58435416
2024-08-31 21:00:00,/Volumes/Argus/unk/snap/c1/1725138000.c1.snap.jpg,0.5575994
2024-08-31 21:30:00,/Volumes/Argus/unk/snap/c1/1725139800.c1.snap.jpg,0.5772675
2024-08-31 22:00:00,/Volumes/Argus/unk/snap/c1/1725141600.c1.snap.jpg,0.5990861
2024-08-31 22:30:00,/Volumes/Argus/unk/snap/c1/1725143400.c1.snap.jpg,0.6248505
2024-08-31 23:00:00,/Volumes/Argus/unk/snap/c1/1725145200.c1.snap.jpg,0.7552197
2024-08-31 23:30:00,/Volumes/Argus/unk/snap/c1/1725147000.c1.snap.jpg,0.70485914
2024-09-01 00:00:00,/Volumes/Argus/unk/snap/c1/1725148800.c1.snap.jpg,0.7045235
2024-09-01 00:30:00,/Volumes/Argus/unk/snap/c1/1725150600.c1.snap.jpg,0.69618833
2024-09-01 01:00:00,/Volumes/Argus/unk/snap/c1/1725152400.c1.snap.jpg,0.6805531
2024-09-01 01:30:00,/Volumes/Argus/unk/snap/c1/1725154200.c1.snap.jpg,0.65161467
2024-09-01 02:00:00,/Volumes/Argus/unk/snap/c1/1725156000.c1.snap.jpg,0.5778619
2024-09-01 02:30:00,/Volumes/Argus/unk/snap/c1/1725157800.c1.snap.jpg,0.62201345
2024-09-01 03:00:00,/Volumes/Argus/unk/snap/c1/1725159600.c1.snap.jpg,0.69082856
2024-09-01 03:30:00,/Volumes/Argus/unk/snap/c1/1725161400.c1.snap.jpg,0.65482175
2024-09-01 04:00:00,/Volumes/Argus/unk/snap/c1/1725163200.c1.snap.jpg,0.6528412
2024-09-01 04:30:00,/Volumes/Argus/unk/snap/c1/1725165000.c1.snap.jpg,0.7304939
2024-09-01 05:00:00,/Volumes/Argus/unk/snap/c1/1725166800.c1.snap.jpg,0.67481935
2024-09-01 05:30:00,/Volumes/Argus/unk/snap/c1/1725168600.c1.snap.jpg,0.5588268
2024-09-01 06:00:00,/Volumes/Argus/unk/snap/c1/1725170400.c1.snap.jpg,0.5870606
2024-09-01 06:30:00,/Volumes/Argus/unk/snap/c1/1725172200.c1.snap.jpg,0.49139205
2024-09-01 07:00:00,/Volumes/Argus/unk/snap/c1/1725174000.c1.snap.jpg,0.5114089
2024-09-01 15:00:00,/Volumes/Argus/unk/snap/c1/1725202800.c1.snap.jpg,0.31355992
2024-09-01 15:30:00,/Volumes/Argus/unk/snap/c1/1725204600.c1.snap.jpg,0.50075424
2024-09-01 16:00:00,/Volumes/Argus/unk/snap/c1/1725206400.c1.snap.jpg,0.41226143
2024-09-01 16:30:00,/Volumes/Argus/unk/snap/c1/1725208200.c1.snap.jpg,0.6208594
2024-09-01 17:00:00,/Volumes/Argus/unk/snap/c1/1725210000.c1.snap.jpg,0.57097185
2024-09-01 17:30:00,/Volumes/Argus/unk/snap/c1/1725211800.c1.snap.jpg,0.6223627
2024-09-01 18:00:00,/Volumes/Argus/unk/snap/c1/1725213600.c1.snap.jpg,0.6031129
2024-09-01 18:30:00,/Volumes/Argus/unk/snap/c1/1725215400.c1.snap.jpg,0.5244084
2024-09-01 19:00:00,/Volumes/Argus/unk/snap/c1/1725217200.c1.snap.jpg,0.49536783
2024-09-01 19:30:00,/Volumes/Argus/unk/snap/c1/1725219000.c1.snap.jpg,0.5190682
2024-09-01 20:00:00,/Volumes/Argus/unk/snap/c1/1725220800.c1.snap.jpg,0.47284776
2024-09-01 20:30:00,/Volumes/Argus/unk/snap/c1/1725222600.c1.snap.jpg,0.5113654
2024-09-01 21:00:00,/Volumes/Argus/unk/snap/c1/1725224400.c1.snap.jpg,0.45109928
2024-09-01 21:30:00,/Volumes/Argus/unk/snap/c1/1725226200.c1.snap.jpg,0.41899502
2024-09-01 22:30:00,/Volumes/Argus/unk/snap/c1/1725229800.c1.snap.jpg,0.47113875
2024-09-01 23:00:00,/Volumes/Argus/unk/snap/c1/1725231600.c1.snap.jpg,0.44785643
2024-09-01 23:30:00,/Volumes/Argus/unk/snap/c1/1725233400.c1.snap.jpg,0.52392155
2024-09-02 00:00:00,/Volumes/Argus/unk/snap/c1/1725235200.c1.snap.jpg,0.52954423
2024-09-02 00:30:00,/Volumes/Argus/unk/snap/c1/1725237000.c1.snap.jpg,0.63743806
2024-09-02 01:00:00,/Volumes/Argus/unk/snap/c1/1725238800.c1.snap.jpg,0.6013595
2024-09-02 01:30:00,/Volumes/Argus/unk/snap/c1/1725240600.c1.snap.jpg,0.56029683
2024-09-02 02:00:00,/Volumes/Argus/unk/snap/c1/1725242400.c1.snap.jpg,0.48276258
2024-09-02 02:30:00,/Volumes/Argus/unk/snap/c1/1725244200.c1.snap.jpg,0.56433535
2024-09-02 03:00:00,/Volumes/Argus/unk/snap/c1/1725246000.c1.snap.jpg,0.6605495
2024-09-02 03:30:00,/Volumes/Argus/unk/snap/c1/1725247800.c1.snap.jpg,0.5361868
2024-09-02 04:00:00,/Volumes/Argus/unk/snap/c1/1725249600.c1.snap.jpg,0.61506855
2024-09-02 04:30:00,/Volumes/Argus/unk/snap/c1/1725251400.c1.snap.jpg,0.6253736
2024-09-02 05:00:00,/Volumes/Argus/unk/snap/c1/1725253200.c1.snap.jpg,0.56547076
2024-09-02 05:30:00,/Volumes/Argus/unk/snap/c1/1725255000.c1.snap.jpg,0.48073453
2024-09-02 06:00:00,/Volumes/Argus/unk/snap/c1/1725256800.c1.snap.jpg,0.50048494
2024-09-02 06:30:00,/Volumes/Argus/unk/snap/c1/1725258600.c1.snap.jpg,0.3849374
2024-09-02 15:00:00,/Volumes/Argus/unk/snap/c1/1725289200.c1.snap.jpg,0.32802302
2024-09-02 15:30:00,/Volumes/Argus/unk/snap/c1/1725291000.c1.snap.jpg,0.3795308
2024-09-02 16:00:00,/Volumes/Argus/unk/snap/c1/1725292800.c1.snap.jpg,0.307616
2024-09-02 16:30:00,/Volumes/Argus/unk/snap/c1/1725294600.c1.snap.jpg,0.3162881
2024-09-02 17:00:00,/Volumes/Argus/unk/snap/c1/1725296400.c1.snap.jpg,0.33249038
2024-09-02 17:30:00,/Volumes/Argus/unk/snap/c1/1725298200.c1.snap.jpg,0.40019286
2024-09-02 18:00:00,/Volumes/Argus/unk/snap/c1/1725300000.c1.snap.jpg,0.33220822
2024-09-02 18:30:00,/Volumes/Argus/unk/snap/c1/1725301800.c1.snap.jpg,0.42616895
2024-09-02 19:00:00,/Volumes/Argus/unk/snap/c1/1725303600.c1.snap.jpg,0.34726796
2024-09-02 19:30:00,/Volumes/Argus/unk/snap/c1/1725305400.c1.snap.jpg,0.39512426
2024-09-02 20:00:00,/Volumes/Argus/unk/snap/c1/1725307200.c1.snap.jpg,0.38030463
2024-09-02 20:30:00,/Volumes/Argus/unk/snap/c1/1725309000.c1.snap.jpg,0.3554619
2024-09-02 21:00:00,/Volumes/Argus/unk/snap/c1/1725310800.c1.snap.jpg,0.40238833
2024-09-02 21:30:00,/Volumes/Argus/unk/snap/c1/1725312600.c1.snap.jpg,0.4265254
2024-09-02 22:00:00,/Volumes/Argus/unk/snap/c1/1725314400.c1.snap.jpg,0.36701694
2024-09-02 22:30:00,/Volumes/Argus/unk/snap/c1/1725316200.c1.snap.jpg,0.4256141
2024-09-02 23:00:00,/Volumes/Argus/unk/snap/c1/1725318000.c1.snap.jpg,0.41956002
2024-09-02 23:30:00,/Volumes/Argus/unk/snap/c1/1725319800.c1.snap.jpg,0.38341647
2024-09-03 00:00:00,/Volumes/Argus/unk/snap/c1/1725321600.c1.snap.jpg,0.56290984
2024-09-03 00:30:00,/Volumes/Argus/unk/snap/c1/1725323400.c1.snap.jpg,0.48299164
2024-09-03 01:00:00,/Volumes/Argus/unk/snap/c1/1725325200.c1.snap.jpg,0.5781306
2024-09-03 01:30:00,/Volumes/Argus/unk/snap/c1/1725327000.c1.snap.jpg,0.5927832
2024-09-03 02:00:00,/Volumes/Argus/unk/snap/c1/1725328800.c1.snap.jpg,0.58627295
2024-09-03 02:30:00,/Volumes/Argus/unk/snap/c1/1725330600.c1.snap.jpg,0.49288762
2024-09-03 03:00:00,/Volumes/Argus/unk/snap/c1/1725332400.c1.snap.jpg,0.44351354
2024-09-03 03:30:00,/Volumes/Argus/unk/snap/c1/1725334200.c1.snap.jpg,0.27963698
2024-09-03 04:00:00,/Volumes/Argus/unk/snap/c1/1725336000.c1.snap.jpg,0.30847257
2024-09-03 04:30:00,/Volumes/Argus/unk/snap/c1/1725337800.c1.snap.jpg,0.5789684
2024-09-03 05:00:00,/Volumes/Argus/unk/snap/c1/1725339600.c1.snap.jpg,0.37287402
2024-09-03 05:30:00,/Volumes/Argus/unk/snap/c1/1725341400.c1.snap.jpg,0.29322532
2024-09-03 06:00:00,/Volumes/Argus/unk/snap/c1/1725343200.c1.snap.jpg,0.33491278
2024-09-03 06:30:00,/Volumes/Argus/unk/snap/c1/1725345000.c1.snap.jpg,0.5211978
2024-09-03 15:00:00,/Volumes/Argus/unk/snap/c1/1725375600.c1.snap.jpg,0.55122834
2024-09-03 15:30:00,/Volumes/Argus/unk/snap/c1/1725377400.c1.snap.jpg,0.46179253
2024-09-03 16:00:00,/Volumes/Argus/unk/snap/c1/1725379200.c1.snap.jpg,0.52935284
2024-09-03 16:30:00,/Volumes/Argus/unk/snap/c1/1725381000.c1.snap.jpg,0.5613556
2024-09-03 17:00:00,/Volumes/Argus/unk/snap/c1/1725382800.c1.snap.jpg,0.5110726
2024-09-03 17:30:00,/Volumes/Argus/unk/snap/c1/1725384600.c1.snap.jpg,0.7282935
2024-09-03 18:00:00,/Volumes/Argus/unk/snap/c1/1725386400.c1.snap.jpg,0.40610945
2024-09-03 18:30:00,/Volumes/Argus/unk/snap/c1/1725388200.c1.snap.jpg,0.44350994
2024-09-03 19:00:00,/Volumes/Argus/unk/snap/c1/1725390000.c1.snap.jpg,0.4951492
2024-09-03 19:30:00,/Volumes/Argus/unk/snap/c1/1725391800.c1.snap.jpg,0.44731674
2024-09-03 20:00:00,/Volumes/Argus/unk/snap/c1/1725393600.c1.snap.jpg,0.46036887
2024-09-03 20:30:00,/Volumes/Argus/unk/snap/c1/1725395400.c1.snap.jpg,0.42575365
2024-09-03 21:00:00,/Volumes/Argus/unk/snap/c1/1725397200.c1.snap.jpg,0.49570414
2024-09-03 21:30:00,/Volumes/Argus/unk/snap/c1/1725399000.c1.snap.jpg,0.67797184
2024-09-03 22:00:00,/Volumes/Argus/unk/snap/c1/1725400800.c1.snap.jpg,0.63997716
2024-09-03 22:30:00,/Volumes/Argus/unk/snap/c1/1725402600.c1.snap.jpg,0.5897569
2024-09-03 23:00:00,/Volumes/Argus/unk/snap/c1/1725404400.c1.snap.jpg,0.72303736
2024-09-03 23:30:00,/Volumes/Argus/unk/snap/c1/1725406200.c1.snap.jpg,0.6307777
2024-09-04 00:00:00,/Volumes/Argus/unk/snap/c1/1725408000.c1.snap.jpg,0.5874199
2024-09-04 00:30:00,/Volumes/Argus/unk/snap/c1/1725409800.c1.snap.jpg,0.57584125
2024-09-04 01:00:00,/Volumes/Argus/unk/snap/c1/1725411600.c1.snap.jpg,0.5791227
2024-09-04 01:30:00,/Volumes/Argus/unk/snap/c1/1725413400.c1.snap.jpg,0.5810843
2024-09-04 02:00:00,/Volumes/Argus/unk/snap/c1/1725415200.c1.snap.jpg,0.5554291
2024-09-04 02:30:00,/Volumes/Argus/unk/snap/c1/1725417000.c1.snap.jpg,0.6144357
2024-09-04 03:00:00,/Volumes/Argus/unk/snap/c1/1725418800.c1.snap.jpg,0.58126605
2024-09-04 03:30:00,/Volumes/Argus/unk/snap/c1/1725420600.c1.snap.jpg,0.6072926
2024-09-04 04:00:00,/Volumes/Argus/unk/snap/c1/1725422400.c1.snap.jpg,0.5060936
2024-09-04 04:30:00,/Volumes/Argus/unk/snap/c1/1725424200.c1.snap.jpg,0.40062037
2024-09-04 05:00:00,/Volumes/Argus/unk/snap/c1/1725426000.c1.snap.jpg,0.37485474
2024-09-04 05:30:00,/Volumes/Argus/unk/snap/c1/1725427800.c1.snap.jpg,0.3856014
2024-09-04 06:00:00,/Volumes/Argus/unk/snap/c1/1725429600.c1.snap.jpg,0.54623693
2024-09-04 06:30:00,/Volumes/Argus/unk/snap/c1/1725431400.c1.snap.jpg,0.5451406
2024-09-04 15:00:00,/Volumes/Argus/unk/snap/c1/1725462000.c1.snap.jpg,0.37203228
2024-09-04 15:30:00,/Volumes/Argus/unk/snap/c1/1725463800.c1.snap.jpg,0.36937356
2024-09-04 16:00:00,/Volumes/Argus/unk/snap/c1/1725465600.c1.snap.jpg,0.4337172
2024-09-04 16:30:00,/Volumes/Argus/unk/snap/c1/1725467400.c1.snap.jpg,0.7365496
2024-09-04 17:00:00,/Volumes/Argus/unk/snap/c1/1725469200.c1.snap.jpg,0.59472364
2024-09-04 17:30:00,/Volumes/Argus/unk/snap/c1/1725471000.c1.snap.jpg,0.351687
2024-09-04 18:00:00,/Volumes/Argus/unk/snap/c1/1725472800.c1.snap.jpg,0.4418456
2024-09-04 18:30:00,/Volumes/Argus/unk/snap/c1/1725474600.c1.snap.jpg,0.38862172
2024-09-04 19:00:00,/Volumes/Argus/unk/snap/c1/1725476400.c1.snap.jpg,0.45653296
2024-09-04 19:30:00,/Volumes/Argus/unk/snap/c1/1725478200.c1.snap.jpg,0.5810709
2024-09-04 20:00:00,/Volumes/Argus/unk/snap/c1/1725480000.c1.snap.jpg,0.47664386
2024-09-04 20:30:00,/Volumes/Argus/unk/snap/c1/1725481800.c1.snap.jpg,0.45318618
2024-09-04 21:00:00,/Volumes/Argus/unk/snap/c1/1725483600.c1.snap.jpg,0.37298265
2024-09-04 21:30:00,/Volumes/Argus/unk/snap/c1/1725485400.c1.snap.jpg,0.43389118
2024-09-04 22:00:00,/Volumes/Argus/unk/snap/c1/1725487200.c1.snap.jpg,0.31844884
2024-09-04 23:00:00,/Volumes/Argus/unk/snap/c1/1725490800.c1.snap.jpg,0.32207543
2024-09-04 23:30:00,/Volumes/Argus/unk/snap/c1/1725492600.c1.snap.jpg,0.40542015
2024-09-05 00:00:00,/Volumes/Argus/unk/snap/c1/1725494400.c1.snap.jpg,0.2755146
2024-09-05 00:30:00,/Volumes/Argus/unk/snap/c1/1725496200.c1.snap.jpg,0.23050787
2024-09-05 01:00:00,/Volumes/Argus/unk/snap/c1/1725498000.c1.snap.jpg,0.26595318
2024-09-05 01:30:00,/Volumes/Argus/unk/snap/c1/1725499800.c1.snap.jpg,0.28751025
2024-09-05 02:00:00,/Volumes/Argus/unk/snap/c1/1725501600.c1.snap.jpg,0.41838154
2024-09-05 02:30:00,/Volumes/Argus/unk/snap/c1/1725503400.c1.snap.jpg,0.3624903
2024-09-05 03:00:00,/Volumes/Argus/unk/snap/c1/1725505200.c1.snap.jpg,0.460566
2024-09-05 03:30:00,/Volumes/Argus/unk/snap/c1/1725507000.c1.snap.jpg,0.44470173
2024-09-05 04:00:00,/Volumes/Argus/unk/snap/c1/1725508800.c1.snap.jpg,0.40448195
2024-09-05 04:30:00,/Volumes/Argus/unk/snap/c1/1725510600.c1.snap.jpg,0.5493729
2024-09-05 05:00:00,/Volumes/Argus/unk/snap/c1/1725512400.c1.snap.jpg,0.4012028
2024-09-05 05:30:00,/Volumes/Argus/unk/snap/c1/1725514200.c1.snap.jpg,0.43036318
2024-09-05 06:00:00,/Volumes/Argus/unk/snap/c1/1725516000.c1.snap.jpg,0.3966027
2024-09-05 06:30:00,/Volumes/Argus/unk/snap/c1/1725517800.c1.snap.jpg,0.5658958
2024-09-05 15:00:00,/Volumes/Argus/unk/snap/c1/1725548400.c1.snap.jpg,0.38559717
2024-09-05 15:30:00,/Volumes/Argus/unk/snap/c1/1725550200.c1.snap.jpg,0.2848621
2024-09-05 16:00:00,/Volumes/Argus/unk/snap/c1/1725552000.c1.snap.jpg,0.3068227
2024-09-05 16:30:00,/Volumes/Argus/unk/snap/c1/1725553800.c1.snap.jpg,0.26669294
2024-09-05 17:00:00,/Volumes/Argus/unk/snap/c1/1725555600.c1.snap.jpg,0.39725634
2024-09-05 17:30:00,/Volumes/Argus/unk/snap/c1/1725557400.c1.snap.jpg,0.36378583
2024-09-05 18:00:00,/Volumes/Argus/unk/snap/c1/1725559200.c1.snap.jpg,0.33392978
2024-09-05 18:30:00,/Volumes/Argus/unk/snap/c1/1725561000.c1.snap.jpg,0.29432178
2024-09-05 19:00:00,/Volumes/Argus/unk/snap/c1/1725562800.c1.snap.jpg,0.22542647
2024-09-05 19:30:00,/Volumes/Argus/unk/snap/c1/1725564600.c1.snap.jpg,0.27841818
2024-09-05 20:00:00,/Volumes/Argus/unk/snap/c1/1725566400.c1.snap.jpg,0.29031652
2024-09-05 20:30:00,/Volumes/Argus/unk/snap/c1/1725568200.c1.snap.jpg,0.24193265
2024-09-05 21:00:00,/Volumes/Argus/unk/snap/c1/1725570000.c1.snap.jpg,0.3510672
2024-09-05 21:30:00,/Volumes/Argus/unk/snap/c1/1725571800.c1.snap.jpg,0.59532225
2024-09-05 22:00:00,/Volumes/Argus/unk/snap/c1/1725573600.c1.snap.jpg,0.52629715
2024-09-05 22:30:00,/Volumes/Argus/unk/snap/c1/1725575400.c1.snap.jpg,0.3704148
2024-09-05 23:00:00,/Volumes/Argus/unk/snap/c1/1725577200.c1.snap.jpg,0.45100346
2024-09-05 23:30:00,/Volumes/Argus/unk/snap/c1/1725579000.c1.snap.jpg,0.39071584
2024-09-06 00:00:00,/Volumes/Argus/unk/snap/c1/1725580800.c1.snap.jpg,0.60030556
2024-09-06 00:30:00,/Volumes/Argus/unk/snap/c1/1725582600.c1.snap.jpg,0.44322884
2024-09-06 01:00:00,/Volumes/Argus/unk/snap/c1/1725584400.c1.snap.jpg,0.4299646
2024-09-06 01:30:00,/Volumes/Argus/unk/snap/c1/1725586200.c1.snap.jpg,0.35007495
2024-09-06 02:00:00,/Volumes/Argus/unk/snap/c1/1725588000.c1.snap.jpg,0.3209082
2024-09-06 02:30:00,/Volumes/Argus/unk/snap/c1/1725589800.c1.snap.jpg,0.32815933
2024-09-06 03:00:00,/Volumes/Argus/unk/snap/c1/1725591600.c1.snap.jpg,0.26230437
2024-09-06 03:30:00,/Volumes/Argus/unk/snap/c1/1725593400.c1.snap.jpg,0.28526604
2024-09-06 04:00:00,/Volumes/Argus/unk/snap/c1/1725595200.c1.snap.jpg,0.34575677
2024-09-06 04:30:00,/Volumes/Argus/unk/snap/c1/1725597000.c1.snap.jpg,0.2779559
2024-09-06 05:00:00,/Volumes/Argus/unk/snap/c1/1725598800.c1.snap.jpg,0.28084853
2024-09-06 05:30:00,/Volumes/Argus/unk/snap/c1/1725600600.c1.snap.jpg,0.2599452
2024-09-06 06:00:00,/Volumes/Argus/unk/snap/c1/1725602400.c1.snap.jpg,0.38538587
2024-09-06 06:30:00,/Volumes/Argus/unk/snap/c1/1725604200.c1.snap.jpg,0.38776708
2024-09-06 15:00:00,/Volumes/Argus/unk/snap/c1/1725634800.c1.snap.jpg,0.44808972
2024-09-06 15:30:00,/Volumes/Argus/unk/snap/c1/1725636600.c1.snap.jpg,0.6639021
2024-09-06 16:00:00,/Volumes/Argus/unk/snap/c1/1725638400.c1.snap.jpg,0.77873194
2024-09-06 16:30:00,/Volumes/Argus/unk/snap/c1/1725640200.c1.snap.jpg,0.72971267
2024-09-06 17:00:00,/Volumes/Argus/unk/snap/c1/1725642000.c1.snap.jpg,0.7806733
2024-09-06 17:30:00,/Volumes/Argus/unk/snap/c1/1725643800.c1.snap.jpg,0.77003336
2024-09-06 18:00:00,/Volumes/Argus/unk/snap/c1/1725645600.c1.snap.jpg,0.86103076
2024-09-06 18:30:00,/Volumes/Argus/unk/snap/c1/1725647400.c1.snap.jpg,0.79972625
2024-09-06 19:00:00,/Volumes/Argus/unk/snap/c1/1725649200.c1.snap.jpg,0.844145
2024-09-06 19:30:00,/Volumes/Argus/unk/snap/c1/1725651000.c1.snap.jpg,0.8992874
2024-09-06 20:00:00,/Volumes/Argus/unk/snap/c1/1725652800.c1.snap.jpg,0.8186851
2024-09-06 20:30:00,/Volumes/Argus/unk/snap/c1/1725654600.c1.snap.jpg,0.878746
2024-09-06 21:00:00,/Volumes/Argus/unk/snap/c1/1725656400.c1.snap.jpg,0.8121551
2024-09-06 21:30:00,/Volumes/Argus/unk/snap/c1/1725658200.c1.snap.jpg,0.8911513
2024-09-06 22:00:00,/Volumes/Argus/unk/snap/c1/1725660000.c1.snap.jpg,0.7826366
2024-09-06 22:30:00,/Volumes/Argus/unk/snap/c1/1725661800.c1.snap.jpg,0.79353595
2024-09-06 23:00:00,/Volumes/Argus/unk/snap/c1/1725663600.c1.snap.jpg,0.8434497
2024-09-06 23:30:00,/Volumes/Argus/unk/snap/c1/1725665400.c1.snap.jpg,0.74744314
2024-09-07 00:00:00,/Volumes/Argus/unk/snap/c1/1725667200.c1.snap.jpg,0.83239174
2024-09-07 00:30:00,/Volumes/Argus/unk/snap/c1/1725669000.c1.snap.jpg,0.80722433
2024-09-07 01:00:00,/Volumes/Argus/unk/snap/c1/1725670800.c1.snap.jpg,0.7614275
2024-09-07 01:30:00,/Volumes/Argus/unk/snap/c1/1725672600.c1.snap.jpg,0.71752656
2024-09-07 02:00:00,/Volumes/Argus/unk/snap/c1/1725674400.c1.snap.jpg,0.7513983
2024-09-07 02:30:00,/Volumes/Argus/unk/snap/c1/1725676200.c1.snap.jpg,0.7418487
2024-09-07 03:00:00,/Volumes/Argus/unk/snap/c1/1725678000.c1.snap.jpg,0.6496807
2024-09-07 03:30:00,/Volumes/Argus/unk/snap/c1/1725679800.c1.snap.jpg,0.5822173
2024-09-07 04:30:00,/Volumes/Argus/unk/snap/c1/1725683400.c1.snap.jpg,0.57115304
2024-09-07 05:00:00,/Volumes/Argus/unk/snap/c1/1725685200.c1.snap.jpg,0.5656057
2024-09-07 06:00:00,/Volumes/Argus/unk/snap/c1/1725688800.c1.snap.jpg,0.44581047
2024-09-07 06:30:00,/Volumes/Argus/unk/snap/c1/1725690600.c1.snap.jpg,0.5085348
2024-09-07 15:00:00,/Volumes/Argus/unk/snap/c1/1725721200.c1.snap.jpg,0.5735963
2024-09-07 15:30:00,/Volumes/Argus/unk/snap/c1/1725723000.c1.snap.jpg,0.36999315
2024-09-07 16:00:00,/Volumes/Argus/unk/snap/c1/1725724800.c1.snap.jpg,0.5861094
2024-09-07 16:30:00,/Volumes/Argus/unk/snap/c1/1725726600.c1.snap.jpg,0.59846675
2024-09-07 17:00:00,/Volumes/Argus/unk/snap/c1/1725728400.c1.snap.jpg,0.59330523
2024-09-07 17:30:00,/Volumes/Argus/unk/snap/c1/1725730200.c1.snap.jpg,0.5416562
2024-09-07 18:00:00,/Volumes/Argus/unk/snap/c1/1725732000.c1.snap.jpg,0.4175424
2024-09-07 18:30:00,/Volumes/Argus/unk/snap/c1/1725733800.c1.snap.jpg,0.38656697
2024-09-07 19:00:00,/Volumes/Argus/unk/snap/c1/1725735600.c1.snap.jpg,0.43072402
2024-09-07 19:30:00,/Volumes/Argus/unk/snap/c1/1725737400.c1.snap.jpg,0.48089564
2024-09-07 20:00:00,/Volumes/Argus/unk/snap/c1/1725739200.c1.snap.jpg,0.48953938
2024-09-07 20:30:00,/Volumes/Argus/unk/snap/c1/1725741000.c1.snap.jpg,0.3904635
2024-09-07 21:00:00,/Volumes/Argus/unk/snap/c1/1725742800.c1.snap.jpg,0.37257922
2024-09-07 21:30:00,/Volumes/Argus/unk/snap/c1/1725744600.c1.snap.jpg,0.34503397
2024-09-07 22:00:00,/Volumes/Argus/unk/snap/c1/1725746400.c1.snap.jpg,0.3136934
2024-09-07 22:30:00,/Volumes/Argus/unk/snap/c1/1725748200.c1.snap.jpg,0.32574567
2024-09-07 23:30:00,/Volumes/Argus/unk/snap/c1/1725751800.c1.snap.jpg,0.31943852
2024-09-08 00:00:00,/Volumes/Argus/unk/snap/c1/1725753600.c1.snap.jpg,0.42359078
2024-09-08 01:00:00,/Volumes/Argus/unk/snap/c1/1725757200.c1.snap.jpg,0.42183667
2024-09-08 01:30:00,/Volumes/Argus/unk/snap/c1/1725759000.c1.snap.jpg,0.4199987
2024-09-08 02:00:00,/Volumes/Argus/unk/snap/c1/1725760800.c1.snap.jpg,0.34753016
2024-09-08 02:30:00,/Volumes/Argus/unk/snap/c1/1725762600.c1.snap.jpg,0.42165685
2024-09-08 03:00:00,/Volumes/Argus/unk/snap/c1/1725764400.c1.snap.jpg,0.4330377
2024-09-08 03:30:00,/Volumes/Argus/unk/snap/c1/1725766200.c1.snap.jpg,0.33790386
2024-09-08 04:00:00,/Volumes/Argus/unk/snap/c1/1725768000.c1.snap.jpg,0.39667177
2024-09-08 04:30:00,/Volumes/Argus/unk/snap/c1/1725769800.c1.snap.jpg,0.42736486
2024-09-08 05:00:00,/Volumes/Argus/unk/snap/c1/1725771600.c1.snap.jpg,0.58856416
2024-09-08 05:30:00,/Volumes/Argus/unk/snap/c1/1725773400.c1.snap.jpg,0.5721271
2024-09-08 06:00:00,/Volumes/Argus/unk/snap/c1/1725775200.c1.snap.jpg,0.59614086
2024-09-08 06:30:00,/Volumes/Argus/unk/snap/c1/1725777000.c1.snap.jpg,0.7818053
2024-09-08 15:00:00,/Volumes/Argus/unk/snap/c1/1725807600.c1.snap.jpg,0.88437015
2024-09-08 15:30:00,/Volumes/Argus/unk/snap/c1/1725809400.c1.snap.jpg,0.95621574
2024-09-08 16:00:00,/Volumes/Argus/unk/snap/c1/1725811200.c1.snap.jpg,1.0591365
2024-09-08 16:30:00,/Volumes/Argus/unk/snap/c1/1725813000.c1.snap.jpg,0.99047554
2024-09-08 17:00:00,/Volumes/Argus/unk/snap/c1/1725814800.c1.snap.jpg,0.87146604
2024-09-08 17:30:00,/Volumes/Argus/unk/snap/c1/1725816600.c1.snap.jpg,0.8213187
2024-09-08 18:00:00,/Volumes/Argus/unk/snap/c1/1725818400.c1.snap.jpg,0.8985772
2024-09-08 18:30:00,/Volumes/Argus/unk/snap/c1/1725820200.c1.snap.jpg,0.8726809
2024-09-08 19:00:00,/Volumes/Argus/unk/snap/c1/1725822000.c1.snap.jpg,0.87568283
2024-09-08 19:30:00,/Volumes/Argus/unk/snap/c1/1725823800.c1.snap.jpg,0.79364276
2024-09-08 20:00:00,/Volumes/Argus/unk/snap/c1/1725825600.c1.snap.jpg,0.8429076
2024-09-08 20:30:00,/Volumes/Argus/unk/snap/c1/1725827400.c1.snap.jpg,0.7246978
2024-09-08 21:00:00,/Volumes/Argus/unk/snap/c1/1725829200.c1.snap.jpg,0.71983165
2024-09-08 21:30:00,/Volumes/Argus/unk/snap/c1/1725831000.c1.snap.jpg,0.7504736
2024-09-08 22:00:00,/Volumes/Argus/unk/snap/c1/1725832800.c1.snap.jpg,0.6872114
2024-09-08 22:30:00,/Volumes/Argus/unk/snap/c1/1725834600.c1.snap.jpg,0.6660639
2024-09-08 23:00:00,/Volumes/Argus/unk/snap/c1/1725836400.c1.snap.jpg,0.7290656
2024-09-08 23:30:00,/Volumes/Argus/unk/snap/c1/1725838200.c1.snap.jpg,0.69211763
2024-09-09 00:00:00,/Volumes/Argus/unk/snap/c1/1725840000.c1.snap.jpg,0.7171703
2024-09-09 00:30:00,/Volumes/Argus/unk/snap/c1/1725841800.c1.snap.jpg,0.9301392
2024-09-09 01:00:00,/Volumes/Argus/unk/snap/c1/1725843600.c1.snap.jpg,0.7345511
2024-09-09 01:30:00,/Volumes/Argus/unk/snap/c1/1725845400.c1.snap.jpg,0.77867556
2024-09-09 02:00:00,/Volumes/Argus/unk/snap/c1/1725847200.c1.snap.jpg,0.74191386
2024-09-09 02:30:00,/Volumes/Argus/unk/snap/c1/1725849000.c1.snap.jpg,0.9246346
2024-09-09 03:00:00,/Volumes/Argus/unk/snap/c1/1725850800.c1.snap.jpg,0.75565225
2024-09-09 03:30:00,/Volumes/Argus/unk/snap/c1/1725852600.c1.snap.jpg,0.765975
2024-09-09 04:00:00,/Volumes/Argus/unk/snap/c1/1725854400.c1.snap.jpg,0.8542315
2024-09-09 04:30:00,/Volumes/Argus/unk/snap/c1/1725856200.c1.snap.jpg,0.76730895
2024-09-09 05:00:00,/Volumes/Argus/unk/snap/c1/1725858000.c1.snap.jpg,0.6587875
2024-09-09 05:30:00,/Volumes/Argus/unk/snap/c1/1725859800.c1.snap.jpg,0.7221849
2024-09-09 06:00:00,/Volumes/Argus/unk/snap/c1/1725861600.c1.snap.jpg,0.5812798
2024-09-09 15:00:00,/Volumes/Argus/unk/snap/c1/1725894000.c1.snap.jpg,0.55133975
2024-09-09 15:30:00,/Volumes/Argus/unk/snap/c1/1725895800.c1.snap.jpg,0.6195122
2024-09-09 16:00:00,/Volumes/Argus/unk/snap/c1/1725897600.c1.snap.jpg,0.5461196
2024-09-09 16:30:00,/Volumes/Argus/unk/snap/c1/1725899400.c1.snap.jpg,0.5604539
2024-09-09 17:00:00,/Volumes/Argus/unk/snap/c1/1725901200.c1.snap.jpg,0.5716449
2024-09-09 17:30:00,/Volumes/Argus/unk/snap/c1/1725903000.c1.snap.jpg,0.48200095
2024-09-09 18:00:00,/Volumes/Argus/unk/snap/c1/1725904800.c1.snap.jpg,0.6172129
2024-09-09 18:30:00,/Volumes/Argus/unk/snap/c1/1725906600.c1.snap.jpg,0.5017488
2024-09-09 19:00:00,/Volumes/Argus/unk/snap/c1/1725908400.c1.snap.jpg,0.5101033
2024-09-09 19:30:00,/Volumes/Argus/unk/snap/c1/1725910200.c1.snap.jpg,0.48035347
2024-09-09 20:00:00,/Volumes/Argus/unk/snap/c1/1725912000.c1.snap.jpg,0.5889114
2024-09-09 20:30:00,/Volumes/Argus/unk/snap/c1/1725913800.c1.snap.jpg,0.42059296
2024-09-09 21:00:00,/Volumes/Argus/unk/snap/c1/1725915600.c1.snap.jpg,0.39359814
2024-09-09 21:30:00,/Volumes/Argus/unk/snap/c1/1725917400.c1.snap.jpg,0.37348956
2024-09-09 22:00:00,/Volumes/Argus/unk/snap/c1/1725919200.c1.snap.jpg,0.35009092
2024-09-09 22:30:00,/Volumes/Argus/unk/snap/c1/1725921000.c1.snap.jpg,0.43843096
2024-09-09 23:00:00,/Volumes/Argus/unk/snap/c1/1725922800.c1.snap.jpg,0.44398654
2024-09-09 23:30:00,/Volumes/Argus/unk/snap/c1/1725924600.c1.snap.jpg,0.42633003
2024-09-10 00:00:00,/Volumes/Argus/unk/snap/c1/1725926400.c1.snap.jpg,0.43891782
2024-09-10 00:30:00,/Volumes/Argus/unk/snap/c1/1725928200.c1.snap.jpg,0.5345538
2024-09-10 01:00:00,/Volumes/Argus/unk/snap/c1/1725930000.c1.snap.jpg,0.46992564
2024-09-10 01:30:00,/Volumes/Argus/unk/snap/c1/1725931800.c1.snap.jpg,0.46870655
2024-09-10 02:00:00,/Volumes/Argus/unk/snap/c1/1725933600.c1.snap.jpg,0.45770088
2024-09-10 02:30:00,/Volumes/Argus/unk/snap/c1/1725935400.c1.snap.jpg,0.52227056
2024-09-10 03:00:00,/Volumes/Argus/unk/snap/c1/1725937200.c1.snap.jpg,0.43670073
2024-09-10 03:30:00,/Volumes/Argus/unk/snap/c1/1725939000.c1.snap.jpg,0.46577257
2024-09-10 04:00:00,/Volumes/Argus/unk/snap/c1/1725940800.c1.snap.jpg,0.56013644
2024-09-10 04:30:00,/Volumes/Argus/unk/snap/c1/1725942600.c1.snap.jpg,0.43101224
2024-09-10 05:00:00,/Volumes/Argus/unk/snap/c1/1725944400.c1.snap.jpg,0.50188196
2024-09-10 05:30:00,/Volumes/Argus/unk/snap/c1/1725946200.c1.snap.jpg,0.53666675
2024-09-10 06:00:00,/Volumes/Argus/unk/snap/c1/1725948000.c1.snap.jpg,0.40757513
2024-09-10 15:30:00,/Volumes/Argus/unk/snap/c1/1725982200.c1.snap.jpg,0.5813192
2024-09-10 16:00:00,/Volumes/Argus/unk/snap/c1/1725984000.c1.snap.jpg,0.60819614
2024-09-10 16:30:00,/Volumes/Argus/unk/snap/c1/1725985800.c1.snap.jpg,0.92404455
2024-09-10 17:00:00,/Volumes/Argus/unk/snap/c1/1725987600.c1.snap.jpg,0.8191483
2024-09-10 17:30:00,/Volumes/Argus/unk/snap/c1/1725989400.c1.snap.jpg,0.8988111
2024-09-10 18:00:00,/Volumes/Argus/unk/snap/c1/1725991200.c1.snap.jpg,0.89220834
2024-09-10 18:30:00,/Volumes/Argus/unk/snap/c1/1725993000.c1.snap.jpg,0.8495159
2024-09-10 19:00:00,/Volumes/Argus/unk/snap/c1/1725994800.c1.snap.jpg,0.9335707
2024-09-10 19:30:00,/Volumes/Argus/unk/snap/c1/1725996600.c1.snap.jpg,0.8954513
2024-09-10 20:00:00,/Volumes/Argus/unk/snap/c1/1725998400.c1.snap.jpg,0.8731501
2024-09-10 20:30:00,/Volumes/Argus/unk/snap/c1/1726000200.c1.snap.jpg,0.76692075
2024-09-10 21:00:00,/Volumes/Argus/unk/snap/c1/1726002000.c1.snap.jpg,0.9361149
2024-09-10 21:30:00,/Volumes/Argus/unk/snap/c1/1726003800.c1.snap.jpg,0.6183076
2024-09-10 22:00:00,/Volumes/Argus/unk/snap/c1/1726005600.c1.snap.jpg,0.9476259
2024-09-10 22:30:00,/Volumes/Argus/unk/snap/c1/1726007400.c1.snap.jpg,0.7575563
2024-09-10 23:00:00,/Volumes/Argus/unk/snap/c1/1726009200.c1.snap.jpg,0.7448814
2024-09-10 23:30:00,/Volumes/Argus/unk/snap/c1/1726011000.c1.snap.jpg,0.69130486
2024-09-11 00:00:00,/Volumes/Argus/unk/snap/c1/1726012800.c1.snap.jpg,0.66586107
2024-09-11 00:30:00,/Volumes/Argus/unk/snap/c1/1726014600.c1.snap.jpg,0.67981696
2024-09-11 01:00:00,/Volumes/Argus/unk/snap/c1/1726016400.c1.snap.jpg,0.67122364
2024-09-11 01:30:00,/Volumes/Argus/unk/snap/c1/1726018200.c1.snap.jpg,0.6688949
2024-09-11 02:00:00,/Volumes/Argus/unk/snap/c1/1726020000.c1.snap.jpg,0.7473288
2024-09-11 02:30:00,/Volumes/Argus/unk/snap/c1/1726021800.c1.snap.jpg,0.5787832
2024-09-11 03:00:00,/Volumes/Argus/unk/snap/c1/1726023600.c1.snap.jpg,0.7141316
2024-09-11 03:30:00,/Volumes/Argus/unk/snap/c1/1726025400.c1.snap.jpg,0.661659
2024-09-11 04:00:00,/Volumes/Argus/unk/snap/c1/1726027200.c1.snap.jpg,0.6896734
2024-09-11 04:30:00,/Volumes/Argus/unk/snap/c1/1726029000.c1.snap.jpg,0.6415516
2024-09-11 05:00:00,/Volumes/Argus/unk/snap/c1/1726030800.c1.snap.jpg,0.68991023
2024-09-11 05:30:00,/Volumes/Argus/unk/snap/c1/1726032600.c1.snap.jpg,0.67370504
2024-09-11 06:00:00,/Volumes/Argus/unk/snap/c1/1726034400.c1.snap.jpg,0.40380108
2024-09-11 15:30:00,/Volumes/Argus/unk/snap/c1/1726068600.c1.snap.jpg,0.2863294
2024-09-11 16:00:00,/Volumes/Argus/unk/snap/c1/1726070400.c1.snap.jpg,0.23104525
2024-09-11 17:00:00,/Volumes/Argus/unk/snap/c1/1726074000.c1.snap.jpg,0.34973493
2024-09-11 17:30:00,/Volumes/Argus/unk/snap/c1/1726075800.c1.snap.jpg,0.22561324
2024-09-11 18:00:00,/Volumes/Argus/unk/snap/c1/1726077600.c1.snap.jpg,0.23201878
2024-09-11 18:30:00,/Volumes/Argus/unk/snap/c1/1726079400.c1.snap.jpg,0.2111553
2024-09-11 19:00:00,/Volumes/Argus/unk/snap/c1/1726081200.c1.snap.jpg,0.3240288
2024-09-11 19:30:00,/Volumes/Argus/unk/snap/c1/1726083000.c1.snap.jpg,0.2814747
2024-09-11 20:00:00,/Volumes/Argus/unk/snap/c1/1726084800.c1.snap.jpg,0.31580955
2024-09-11 20:30:00,/Volumes/Argus/unk/snap/c1/1726086600.c1.snap.jpg,0.33435345
2024-09-11 21:30:00,/Volumes/Argus/unk/snap/c1/1726090200.c1.snap.jpg,0.4480267
2024-09-11 22:00:00,/Volumes/Argus/unk/snap/c1/1726092000.c1.snap.jpg,0.60711837
2024-09-11 22:30:00,/Volumes/Argus/unk/snap/c1/1726093800.c1.snap.jpg,0.383262
2024-09-11 23:00:00,/Volumes/Argus/unk/snap/c1/1726095600.c1.snap.jpg,0.40299577
2024-09-11 23:30:00,/Volumes/Argus/unk/snap/c1/1726097400.c1.snap.jpg,0.37335774
2024-09-12 00:00:00,/Volumes/Argus/unk/snap/c1/1726099200.c1.snap.jpg,0.42746547
2024-09-12 00:30:00,/Volumes/Argus/unk/snap/c1/1726101000.c1.snap.jpg,0.40886047
2024-09-12 01:00:00,/Volumes/Argus/unk/snap/c1/1726102800.c1.snap.jpg,0.41502678
2024-09-12 01:30:00,/Volumes/Argus/unk/snap/c1/1726104600.c1.snap.jpg,0.40351224
2024-09-12 02:30:00,/Volumes/Argus/unk/snap/c1/1726108200.c1.snap.jpg,0.44191405
2024-09-12 03:00:00,/Volumes/Argus/unk/snap/c1/1726110000.c1.snap.jpg,0.35842112
2024-09-12 03:30:00,/Volumes/Argus/unk/snap/c1/1726111800.c1.snap.jpg,0.41717762
2024-09-12 04:00:00,/Volumes/Argus/unk/snap/c1/1726113600.c1.snap.jpg,0.40926433
2024-09-12 04:30:00,/Volumes/Argus/unk/snap/c1/1726115400.c1.snap.jpg,0.48339447
2024-09-12 05:00:00,/Volumes/Argus/unk/snap/c1/1726117200.c1.snap.jpg,0.35204268
2024-09-12 05:30:00,/Volumes/Argus/unk/snap/c1/1726119000.c1.snap.jpg,0.35323504
2024-09-12 06:00:00,/Volumes/Argus/unk/snap/c1/1726120800.c1.snap.jpg,0.58339214
2024-09-12 15:30:00,/Volumes/Argus/unk/snap/c1/1726155000.c1.snap.jpg,0.3656473
2024-09-12 16:00:00,/Volumes/Argus/unk/snap/c1/1726156800.c1.snap.jpg,0.5433973
2024-09-12 16:30:00,/Volumes/Argus/unk/snap/c1/1726158600.c1.snap.jpg,0.4848684
2024-09-12 17:00:00,/Volumes/Argus/unk/snap/c1/1726160400.c1.snap.jpg,0.4668181
2024-09-12 17:30:00,/Volumes/Argus/unk/snap/c1/1726162200.c1.snap.jpg,0.37719944
2024-09-12 18:00:00,/Volumes/Argus/unk/snap/c1/1726164000.c1.snap.jpg,0.4222815
2024-09-12 18:30:00,/Volumes/Argus/unk/snap/c1/1726165800.c1.snap.jpg,0.35956883
2024-09-12 19:00:00,/Volumes/Argus/unk/snap/c1/1726167600.c1.snap.jpg,0.40844375
2024-09-12 19:30:00,/Volumes/Argus/unk/snap/c1/1726169400.c1.snap.jpg,0.45924097
2024-09-12 20:00:00,/Volumes/Argus/unk/snap/c1/1726171200.c1.snap.jpg,0.4610089
2024-09-12 20:30:00,/Volumes/Argus/unk/snap/c1/1726173000.c1.snap.jpg,0.5711045
2024-09-12 21:00:00,/Volumes/Argus/unk/snap/c1/1726174800.c1.snap.jpg,0.5177558
2024-09-12 21:30:00,/Volumes/Argus/unk/snap/c1/1726176600.c1.snap.jpg,0.519997
2024-09-12 22:00:00,/Volumes/Argus/unk/snap/c1/1726178400.c1.snap.jpg,0.67226404
2024-09-12 22:30:00,/Volumes/Argus/unk/snap/c1/1726180200.c1.snap.jpg,0.5287504
2024-09-12 23:00:00,/Volumes/Argus/unk/snap/c1/1726182000.c1.snap.jpg,0.5809127
2024-09-12 23:30:00,/Volumes/Argus/unk/snap/c1/1726183800.c1.snap.jpg,0.5519509
2024-09-13 00:00:00,/Volumes/Argus/unk/snap/c1/1726185600.c1.snap.jpg,0.63010013
2024-09-13 00:30:00,/Volumes/Argus/unk/snap/c1/1726187400.c1.snap.jpg,0.6604998
2024-09-13 01:00:00,/Volumes/Argus/unk/snap/c1/1726189200.c1.snap.jpg,0.6174598
2024-09-13 01:30:00,/Volumes/Argus/unk/snap/c1/1726191000.c1.snap.jpg,0.58309364
2024-09-13 02:00:00,/Volumes/Argus/unk/snap/c1/1726192800.c1.snap.jpg,0.5740231
2024-09-13 02:30:00,/Volumes/Argus/unk/snap/c1/1726194600.c1.snap.jpg,0.65344036
2024-09-13 03:00:00,/Volumes/Argus/unk/snap/c1/1726196400.c1.snap.jpg,0.6276803
2024-09-13 03:30:00,/Volumes/Argus/unk/snap/c1/1726198200.c1.snap.jpg,0.62942296
2024-09-13 04:00:00,/Volumes/Argus/unk/snap/c1/1726200000.c1.snap.jpg,0.6446222
2024-09-13 04:30:00,/Volumes/Argus/unk/snap/c1/1726201800.c1.snap.jpg,0.6246319
2024-09-13 05:00:00,/Volumes/Argus/unk/snap/c1/1726203600.c1.snap.jpg,0.6172216
2024-09-13 05:30:00,/Volumes/Argus/unk/snap/c1/1726205400.c1.snap.jpg,0.46972916
2024-09-13 15:30:00,/Volumes/Argus/unk/snap/c1/1726241400.c1.snap.jpg,0.6354574
2024-09-13 16:00:00,/Volumes/Argus/unk/snap/c1/1726243200.c1.snap.jpg,0.5901871
2024-09-13 16:30:00,/Volumes/Argus/unk/snap/c1/1726245000.c1.snap.jpg,0.6526427
2024-09-13 17:00:00,/Volumes/Argus/unk/snap/c1/1726246800.c1.snap.jpg,0.69757473
2024-09-13 17:30:00,/Volumes/Argus/unk/snap/c1/1726248600.c1.snap.jpg,0.7125203
2024-09-13 18:00:00,/Volumes/Argus/unk/snap/c1/1726250400.c1.snap.jpg,0.6778166
2024-09-13 18:30:00,/Volumes/Argus/unk/snap/c1/1726252200.c1.snap.jpg,0.6016366
2024-09-13 19:00:00,/Volumes/Argus/unk/snap/c1/1726254000.c1.snap.jpg,0.5642058
2024-09-13 19:30:00,/Volumes/Argus/unk/snap/c1/1726255800.c1.snap.jpg,0.62244564
2024-09-13 20:00:00,/Volumes/Argus/unk/snap/c1/1726257600.c1.snap.jpg,0.5722474
2024-09-13 20:30:00,/Volumes/Argus/unk/snap/c1/1726259400.c1.snap.jpg,0.5500343
2024-09-13 21:00:00,/Volumes/Argus/unk/snap/c1/1726261200.c1.snap.jpg,0.5339774
2024-09-13 21:30:00,/Volumes/Argus/unk/snap/c1/1726263000.c1.snap.jpg,0.45053345
2024-09-13 22:00:00,/Volumes/Argus/unk/snap/c1/1726264800.c1.snap.jpg,0.4618241
2024-09-13 22:30:00,/Volumes/Argus/unk/snap/c1/1726266600.c1.snap.jpg,0.38287717
2024-09-13 23:00:00,/Volumes/Argus/unk/snap/c1/1726268400.c1.snap.jpg,0.41624627
2024-09-13 23:30:00,/Volumes/Argus/unk/snap/c1/1726270200.c1.snap.jpg,0.38152975
2024-09-14 00:00:00,/Volumes/Argus/unk/snap/c1/1726272000.c1.snap.jpg,0.36477858
2024-09-14 00:30:00,/Volumes/Argus/unk/snap/c1/1726273800.c1.snap.jpg,0.2838214
2024-09-14 01:00:00,/Volumes/Argus/unk/snap/c1/1726275600.c1.snap.jpg,0.47796488
2024-09-14 01:30:00,/Volumes/Argus/unk/snap/c1/1726277400.c1.snap.jpg,0.3978916
2024-09-14 02:00:00,/Volumes/Argus/unk/snap/c1/1726279200.c1.snap.jpg,0.67982876
2024-09-14 02:30:00,/Volumes/Argus/unk/snap/c1/1726281000.c1.snap.jpg,0.36603686
2024-09-14 03:00:00,/Volumes/Argus/unk/snap/c1/1726282800.c1.snap.jpg,0.35894874
2024-09-14 03:30:00,/Volumes/Argus/unk/snap/c1/1726284600.c1.snap.jpg,0.25481611
2024-09-14 04:00:00,/Volumes/Argus/unk/snap/c1/1726286400.c1.snap.jpg,0.23273069
2024-09-14 04:30:00,/Volumes/Argus/unk/snap/c1/1726288200.c1.snap.jpg,0.36092943
2024-09-14 05:00:00,/Volumes/Argus/unk/snap/c1/1726290000.c1.snap.jpg,0.3798948
2024-09-14 05:30:00,/Volumes/Argus/unk/snap/c1/1726291800.c1.snap.jpg,0.34612963
2024-09-14 06:00:00,/Volumes/Argus/unk/snap/c1/1726293600.c1.snap.jpg,0.40259165
2024-09-14 15:30:00,/Volumes/Argus/unk/snap/c1/1726327800.c1.snap.jpg,0.4815494
2024-09-14 17:00:00,/Volumes/Argus/unk/snap/c1/1726333200.c1.snap.jpg,0.46325886
2024-09-14 17:30:00,/Volumes/Argus/unk/snap/c1/1726335000.c1.snap.jpg,0.4013192
2024-09-14 18:30:00,/Volumes/Argus/unk/snap/c1/1726338600.c1.snap.jpg,0.4035385
2024-09-14 19:00:00,/Volumes/Argus/unk/snap/c1/1726340400.c1.snap.jpg,0.3656385
2024-09-14 19:30:00,/Volumes/Argus/unk/snap/c1/1726342200.c1.snap.jpg,0.4292883
2024-09-14 20:00:00,/Volumes/Argus/unk/snap/c1/1726344000.c1.snap.jpg,0.4259084
2024-09-14 20:30:00,/Volumes/Argus/unk/snap/c1/1726345800.c1.snap.jpg,0.45273006
2024-09-14 21:00:00,/Volumes/Argus/unk/snap/c1/1726347600.c1.snap.jpg,0.51536036
2024-09-14 21:30:00,/Volumes/Argus/unk/snap/c1/1726349400.c1.snap.jpg,0.5052129
2024-09-14 22:00:00,/Volumes/Argus/unk/snap/c1/1726351200.c1.snap.jpg,0.59932435
2024-09-14 22:30:00,/Volumes/Argus/unk/snap/c1/1726353000.c1.snap.jpg,0.8020295
2024-09-14 23:00:00,/Volumes/Argus/unk/snap/c1/1726354800.c1.snap.jpg,0.5592034
2024-09-14 23:30:00,/Volumes/Argus/unk/snap/c1/1726356600.c1.snap.jpg,0.5576402
2024-09-15 00:00:00,/Volumes/Argus/unk/snap/c1/1726358400.c1.snap.jpg,0.8792123
2024-09-15 00:30:00,/Volumes/Argus/unk/snap/c1/1726360200.c1.snap.jpg,0.6528399
2024-09-15 01:00:00,/Volumes/Argus/unk/snap/c1/1726362000.c1.snap.jpg,0.5520837
2024-09-15 01:30:00,/Volumes/Argus/unk/snap/c1/1726363800.c1.snap.jpg,0.44266975
2024-09-15 02:00:00,/Volumes/Argus/unk/snap/c1/1726365600.c1.snap.jpg,0.64707184
2024-09-15 02:30:00,/Volumes/Argus/unk/snap/c1/1726367400.c1.snap.jpg,0.5001088
2024-09-15 03:00:00,/Volumes/Argus/unk/snap/c1/1726369200.c1.snap.jpg,0.58923554
2024-09-15 03:30:00,/Volumes/Argus/unk/snap/c1/1726371000.c1.snap.jpg,0.63885283
2024-09-15 04:00:00,/Volumes/Argus/unk/snap/c1/1726372800.c1.snap.jpg,0.55906814
2024-09-15 04:30:00,/Volumes/Argus/unk/snap/c1/1726374600.c1.snap.jpg,0.6066803
2024-09-15 05:00:00,/Volumes/Argus/unk/snap/c1/1726376400.c1.snap.jpg,0.51645136
2024-09-15 05:30:00,/Volumes/Argus/unk/snap/c1/1726378200.c1.snap.jpg,0.6124011
2024-09-15 06:00:00,/Volumes/Argus/unk/snap/c1/1726380000.c1.snap.jpg,0.67639816
2024-09-15 15:30:00,/Volumes/Argus/unk/snap/c1/1726414200.c1.snap.jpg,0.80010843
2024-09-15 16:00:00,/Volumes/Argus/unk/snap/c1/1726416000.c1.snap.jpg,0.7170789
2024-09-15 16:30:00,/Volumes/Argus/unk/snap/c1/1726417800.c1.snap.jpg,0.6721141
2024-09-15 17:00:00,/Volumes/Argus/unk/snap/c1/1726419600.c1.snap.jpg,0.8581369
2024-09-15 17:30:00,/Volumes/Argus/unk/snap/c1/1726421400.c1.snap.jpg,0.6422563
2024-09-15 18:00:00,/Volumes/Argus/unk/snap/c1/1726423200.c1.snap.jpg,0.49583837
2024-09-15 18:30:00,/Volumes/Argus/unk/snap/c1/1726425000.c1.snap.jpg,0.56061965
2024-09-15 19:00:00,/Volumes/Argus/unk/snap/c1/1726426800.c1.snap.jpg,0.6013746
2024-09-15 19:30:00,/Volumes/Argus/unk/snap/c1/1726428600.c1.snap.jpg,0.62135607
2024-09-15 20:00:00,/Volumes/Argus/unk/snap/c1/1726430400.c1.snap.jpg,0.5680723
2024-09-15 20:30:00,/Volumes/Argus/unk/snap/c1/1726432200.c1.snap.jpg,0.5120417
2024-09-15 21:00:00,/Volumes/Argus/unk/snap/c1/1726434000.c1.snap.jpg,0.50190496
2024-09-15 21:30:00,/Volumes/Argus/unk/snap/c1/1726435800.c1.snap.jpg,0.47891673
2024-09-15 22:00:00,/Volumes/Argus/unk/snap/c1/1726437600.c1.snap.jpg,0.5221031
2024-09-15 22:30:00,/Volumes/Argus/unk/snap/c1/1726439400.c1.snap.jpg,0.41569152
2024-09-15 23:00:00,/Volumes/Argus/unk/snap/c1/1726441200.c1.snap.jpg,0.44467002
2024-09-15 23:30:00,/Volumes/Argus/unk/snap/c1/1726443000.c1.snap.jpg,0.48341495
2024-09-16 00:00:00,/Volumes/Argus/unk/snap/c1/1726444800.c1.snap.jpg,0.3135469
2024-09-16 00:30:00,/Volumes/Argus/unk/snap/c1/1726446600.c1.snap.jpg,0.43721455
2024-09-16 01:00:00,/Volumes/Argus/unk/snap/c1/1726448400.c1.snap.jpg,0.41044423
2024-09-16 01:30:00,/Volumes/Argus/unk/snap/c1/1726450200.c1.snap.jpg,0.37518066
2024-09-16 02:00:00,/Volumes/Argus/unk/snap/c1/1726452000.c1.snap.jpg,0.3220102
2024-09-16 03:30:00,/Volumes/Argus/unk/snap/c1/1726457400.c1.snap.jpg,0.5452211
2024-09-16 04:00:00,/Volumes/Argus/unk/snap/c1/1726459200.c1.snap.jpg,0.39259443
2024-09-16 04:30:00,/Volumes/Argus/unk/snap/c1/1726461000.c1.snap.jpg,0.4637977
2024-09-16 05:00:00,/Volumes/Argus/unk/snap/c1/1726462800.c1.snap.jpg,0.44863352
2024-09-16 05:30:00,/Volumes/Argus/unk/snap/c1/1726464600.c1.snap.jpg,0.4044183
2024-09-16 06:00:00,/Volumes/Argus/unk/snap/c1/1726466400.c1.snap.jpg,0.6186335
2024-09-16 15:30:00,/Volumes/Argus/unk/snap/c1/1726500600.c1.snap.jpg,0.717791
2024-09-16 16:00:00,/Volumes/Argus/unk/snap/c1/1726502400.c1.snap.jpg,1.0063121
2024-09-16 16:30:00,/Volumes/Argus/unk/snap/c1/1726504200.c1.snap.jpg,1.1374425
2024-09-16 17:00:00,/Volumes/Argus/unk/snap/c1/1726506000.c1.snap.jpg,1.1790273
2024-09-16 17:30:00,/Volumes/Argus/unk/snap/c1/1726507800.c1.snap.jpg,1.2371063
2024-09-16 18:00:00,/Volumes/Argus/unk/snap/c1/1726509600.c1.snap.jpg,1.3779095
2024-09-16 19:00:00,/Volumes/Argus/unk/snap/c1/1726513200.c1.snap.jpg,1.3052723
2024-09-16 19:30:00,/Volumes/Argus/unk/snap/c1/1726515000.c1.snap.jpg,1.4056677
2024-09-16 20:00:00,/Volumes/Argus/unk/snap/c1/1726516800.c1.snap.jpg,1.3611425
2024-09-16 20:30:00,/Volumes/Argus/unk/snap/c1/1726518600.c1.snap.jpg,1.4060857
2024-09-16 21:00:00,/Volumes/Argus/unk/snap/c1/1726520400.c1.snap.jpg,1.4176241
2024-09-16 21:30:00,/Volumes/Argus/unk/snap/c1/1726522200.c1.snap.jpg,1.4527497
2024-09-16 22:00:00,/Volumes/Argus/unk/snap/c1/1726524000.c1.snap.jpg,1.5859863
2024-09-16 22:30:00,/Volumes/Argus/unk/snap/c1/1726525800.c1.snap.jpg,1.6757106
2024-09-16 23:00:00,/Volumes/Argus/unk/snap/c1/1726527600.c1.snap.jpg,1.5689362
2024-09-16 23:30:00,/Volumes/Argus/unk/snap/c1/1726529400.c1.snap.jpg,1.621687
2024-09-17 00:00:00,/Volumes/Argus/unk/snap/c1/1726531200.c1.snap.jpg,1.462526
2024-09-17 00:30:00,/Volumes/Argus/unk/snap/c1/1726533000.c1.snap.jpg,1.45255
2024-09-17 01:00:00,/Volumes/Argus/unk/snap/c1/1726534800.c1.snap.jpg,1.3634287
2024-09-17 01:30:00,/Volumes/Argus/unk/snap/c1/1726536600.c1.snap.jpg,1.4112773
2024-09-17 02:00:00,/Volumes/Argus/unk/snap/c1/1726538400.c1.snap.jpg,1.3433341
2024-09-17 02:30:00,/Volumes/Argus/unk/snap/c1/1726540200.c1.snap.jpg,1.2836367
2024-09-17 03:00:00,/Volumes/Argus/unk/snap/c1/1726542000.c1.snap.jpg,1.2176775
2024-09-17 03:30:00,/Volumes/Argus/unk/snap/c1/1726543800.c1.snap.jpg,1.0874474
2024-09-17 04:00:00,/Volumes/Argus/unk/snap/c1/1726545600.c1.snap.jpg,1.0518255
2024-09-17 04:30:00,/Volumes/Argus/unk/snap/c1/1726547400.c1.snap.jpg,1.0273154
2024-09-17 05:00:00,/Volumes/Argus/unk/snap/c1/1726549200.c1.snap.jpg,1.0686103
2024-09-17 05:30:00,/Volumes/Argus/unk/snap/c1/1726551000.c1.snap.jpg,0.8695414
2024-09-17 15:30:00,/Volumes/Argus/unk/snap/c1/1726587000.c1.snap.jpg,0.88610566
2024-09-17 16:00:00,/Volumes/Argus/unk/snap/c1/1726588800.c1.snap.jpg,0.52581924
2024-09-17 16:30:00,/Volumes/Argus/unk/snap/c1/1726590600.c1.snap.jpg,0.53055024
2024-09-17 17:00:00,/Volumes/Argus/unk/snap/c1/1726592400.c1.snap.jpg,0.519065
2024-09-17 17:30:00,/Volumes/Argus/unk/snap/c1/1726594200.c1.snap.jpg,0.5446413
2024-09-17 18:00:00,/Volumes/Argus/unk/snap/c1/1726596000.c1.snap.jpg,0.5236419
2024-09-17 18:30:00,/Volumes/Argus/unk/snap/c1/1726597800.c1.snap.jpg,0.24640909
2024-09-17 19:00:00,/Volumes/Argus/unk/snap/c1/1726599600.c1.snap.jpg,0.37334365
2024-09-17 19:30:00,/Volumes/Argus/unk/snap/c1/1726601400.c1.snap.jpg,0.38147533
2024-09-17 20:00:00,/Volumes/Argus/unk/snap/c1/1726603200.c1.snap.jpg,0.40320083
2024-09-17 20:30:00,/Volumes/Argus/unk/snap/c1/1726605000.c1.snap.jpg,0.38360524
2024-09-17 21:00:00,/Volumes/Argus/unk/snap/c1/1726606800.c1.snap.jpg,0.4625934
2024-09-17 21:30:00,/Volumes/Argus/unk/snap/c1/1726608600.c1.snap.jpg,0.38520038
2024-09-17 22:00:00,/Volumes/Argus/unk/snap/c1/1726610400.c1.snap.jpg,0.34702665
2024-09-17 22:30:00,/Volumes/Argus/unk/snap/c1/1726612200.c1.snap.jpg,0.36269486
2024-09-17 23:00:00,/Volumes/Argus/unk/snap/c1/1726614000.c1.snap.jpg,0.57868105
2024-09-17 23:30:00,/Volumes/Argus/unk/snap/c1/1726615800.c1.snap.jpg,0.39016107
2024-09-18 00:00:00,/Volumes/Argus/unk/snap/c1/1726617600.c1.snap.jpg,0.551683
2024-09-18 00:30:00,/Volumes/Argus/unk/snap/c1/1726619400.c1.snap.jpg,0.52182907
2024-09-18 01:00:00,/Volumes/Argus/unk/snap/c1/1726621200.c1.snap.jpg,0.42442322
2024-09-18 01:30:00,/Volumes/Argus/unk/snap/c1/1726623000.c1.snap.jpg,0.40439752
2024-09-18 02:00:00,/Volumes/Argus/unk/snap/c1/1726624800.c1.snap.jpg,0.5162338
2024-09-18 02:30:00,/Volumes/Argus/unk/snap/c1/1726626600.c1.snap.jpg,0.64026886
2024-09-18 03:00:00,/Volumes/Argus/unk/snap/c1/1726628400.c1.snap.jpg,0.46522686
2024-09-18 04:00:00,/Volumes/Argus/unk/snap/c1/1726632000.c1.snap.jpg,0.47626767
2024-09-18 04:30:00,/Volumes/Argus/unk/snap/c1/1726633800.c1.snap.jpg,0.5049995
2024-09-18 05:00:00,/Volumes/Argus/unk/snap/c1/1726635600.c1.snap.jpg,0.4059054
2024-09-18 05:30:00,/Volumes/Argus/unk/snap/c1/1726637400.c1.snap.jpg,0.37154102
2024-09-18 15:30:00,/Volumes/Argus/unk/snap/c1/1726673400.c1.snap.jpg,0.53026736
2024-09-18 16:00:00,/Volumes/Argus/unk/snap/c1/1726675200.c1.snap.jpg,0.36615846
2024-09-18 16:30:00,/Volumes/Argus/unk/snap/c1/1726677000.c1.snap.jpg,0.42502108
2024-09-18 17:30:00,/Volumes/Argus/unk/snap/c1/1726680600.c1.snap.jpg,0.5137145
2024-09-18 18:00:00,/Volumes/Argus/unk/snap/c1/1726682400.c1.snap.jpg,0.6301379
2024-09-18 18:30:00,/Volumes/Argus/unk/snap/c1/1726684200.c1.snap.jpg,0.5242748
2024-09-18 19:00:00,/Volumes/Argus/unk/snap/c1/1726686000.c1.snap.jpg,0.60420775
2024-09-18 19:30:00,/Volumes/Argus/unk/snap/c1/1726687800.c1.snap.jpg,0.618217
2024-09-18 20:00:00,/Volumes/Argus/unk/snap/c1/1726689600.c1.snap.jpg,0.709493
2024-09-18 20:30:00,/Volumes/Argus/unk/snap/c1/1726691400.c1.snap.jpg,0.48959717
2024-09-18 21:00:00,/Volumes/Argus/unk/snap/c1/1726693200.c1.snap.jpg,0.53618866
2024-09-18 21:30:00,/Volumes/Argus/unk/snap/c1/1726695000.c1.snap.jpg,0.4388514
2024-09-18 22:00:00,/Volumes/Argus/unk/snap/c1/1726696800.c1.snap.jpg,0.5748999
2024-09-18 22:30:00,/Volumes/Argus/unk/snap/c1/1726698600.c1.snap.jpg,0.64049655
2024-09-18 23:00:00,/Volumes/Argus/unk/snap/c1/1726700400.c1.snap.jpg,0.67033017
2024-09-18 23:30:00,/Volumes/Argus/unk/snap/c1/1726702200.c1.snap.jpg,0.47753927
2024-09-19 00:00:00,/Volumes/Argus/unk/snap/c1/1726704000.c1.snap.jpg,0.6043634
2024-09-19 00:30:00,/Volumes/Argus/unk/snap/c1/1726705800.c1.snap.jpg,0.7733035
2024-09-19 01:00:00,/Volumes/Argus/unk/snap/c1/1726707600.c1.snap.jpg,0.7619443
2024-09-19 01:30:00,/Volumes/Argus/unk/snap/c1/1726709400.c1.snap.jpg,0.8569004
2024-09-19 02:00:00,/Volumes/Argus/unk/snap/c1/1726711200.c1.snap.jpg,0.8696649
2024-09-19 02:30:00,/Volumes/Argus/unk/snap/c1/1726713000.c1.snap.jpg,0.95939755
2024-09-19 03:00:00,/Volumes/Argus/unk/snap/c1/1726714800.c1.snap.jpg,0.91118467
2024-09-19 03:30:00,/Volumes/Argus/unk/snap/c1/1726716600.c1.snap.jpg,0.7686895
2024-09-19 04:00:00,/Volumes/Argus/unk/snap/c1/1726718400.c1.snap.jpg,0.94050217
2024-09-19 04:30:00,/Volumes/Argus/unk/snap/c1/1726720200.c1.snap.jpg,1.0336789
2024-09-19 05:00:00,/Volumes/Argus/unk/snap/c1/1726722000.c1.snap.jpg,1.1928121
2024-09-19 05:30:00,/Volumes/Argus/unk/snap/c1/1726723800.c1.snap.jpg,0.61681634
2024-09-19 15:30:00,/Volumes/Argus/unk/snap/c1/1726759800.c1.snap.jpg,0.9985559
2024-09-19 16:00:00,/Volumes/Argus/unk/snap/c1/1726761600.c1.snap.jpg,0.8815912
2024-09-19 16:30:00,/Volumes/Argus/unk/snap/c1/1726763400.c1.snap.jpg,0.87829655
2024-09-19 17:00:00,/Volumes/Argus/unk/snap/c1/1726765200.c1.snap.jpg,0.8446964
2024-09-19 17:30:00,/Volumes/Argus/unk/snap/c1/1726767000.c1.snap.jpg,0.8518505
2024-09-19 18:00:00,/Volumes/Argus/unk/snap/c1/1726768800.c1.snap.jpg,0.87126637
2024-09-19 18:30:00,/Volumes/Argus/unk/snap/c1/1726770600.c1.snap.jpg,0.7433607
2024-09-19 19:00:00,/Volumes/Argus/unk/snap/c1/1726772400.c1.snap.jpg,0.6959324
2024-09-19 19:30:00,/Volumes/Argus/unk/snap/c1/1726774200.c1.snap.jpg,0.64072824
2024-09-19 20:00:00,/Volumes/Argus/unk/snap/c1/1726776000.c1.snap.jpg,0.5508192
2024-09-19 20:30:00,/Volumes/Argus/unk/snap/c1/1726777800.c1.snap.jpg,0.73647463
2024-09-19 21:30:00,/Volumes/Argus/unk/snap/c1/1726781400.c1.snap.jpg,0.63799703
2024-09-19 22:00:00,/Volumes/Argus/unk/snap/c1/1726783200.c1.snap.jpg,0.6785297
2024-09-19 22:30:00,/Volumes/Argus/unk/snap/c1/1726785000.c1.snap.jpg,0.6647537
2024-09-19 23:00:00,/Volumes/Argus/unk/snap/c1/1726786800.c1.snap.jpg,0.6540718
2024-09-19 23:30:00,/Volumes/Argus/unk/snap/c1/1726788600.c1.snap.jpg,0.58814335
2024-09-20 00:00:00,/Volumes/Argus/unk/snap/c1/1726790400.c1.snap.jpg,0.5125583
2024-09-20 00:30:00,/Volumes/Argus/unk/snap/c1/1726792200.c1.snap.jpg,0.7780056
2024-09-20 01:00:00,/Volumes/Argus/unk/snap/c1/1726794000.c1.snap.jpg,0.68996173
2024-09-20 01:30:00,/Volumes/Argus/unk/snap/c1/1726795800.c1.snap.jpg,0.6422599
2024-09-20 02:00:00,/Volumes/Argus/unk/snap/c1/1726797600.c1.snap.jpg,0.7610795
2024-09-20 02:30:00,/Volumes/Argus/unk/snap/c1/1726799400.c1.snap.jpg,0.63123536
2024-09-20 03:00:00,/Volumes/Argus/unk/snap/c1/1726801200.c1.snap.jpg,0.62734354
2024-09-20 03:30:00,/Volumes/Argus/unk/snap/c1/1726803000.c1.snap.jpg,0.7711153
2024-09-20 04:00:00,/Volumes/Argus/unk/snap/c1/1726804800.c1.snap.jpg,0.5893255
2024-09-20 04:30:00,/Volumes/Argus/unk/snap/c1/1726806600.c1.snap.jpg,0.65016305
2024-09-20 05:00:00,/Volumes/Argus/unk/snap/c1/1726808400.c1.snap.jpg,0.643354
2024-09-20 05:30:00,/Volumes/Argus/unk/snap/c1/1726810200.c1.snap.jpg,0.5572636
2024-09-20 16:00:00,/Volumes/Argus/unk/snap/c1/1726848000.c1.snap.jpg,0.59746134
2024-09-20 16:30:00,/Volumes/Argus/unk/snap/c1/1726849800.c1.snap.jpg,0.4238803
2024-09-20 17:00:00,/Volumes/Argus/unk/snap/c1/1726851600.c1.snap.jpg,0.5038794
2024-09-20 17:30:00,/Volumes/Argus/unk/snap/c1/1726853400.c1.snap.jpg,0.37086898
2024-09-20 18:00:00,/Volumes/Argus/unk/snap/c1/1726855200.c1.snap.jpg,0.6497297
2024-09-20 18:30:00,/Volumes/Argus/unk/snap/c1/1726857000.c1.snap.jpg,0.5696199
2024-09-20 19:00:00,/Volumes/Argus/unk/snap/c1/1726858800.c1.snap.jpg,0.40914637
2024-09-20 19:30:00,/Volumes/Argus/unk/snap/c1/1726860600.c1.snap.jpg,0.37317038
2024-09-20 20:00:00,/Volumes/Argus/unk/snap/c1/1726862400.c1.snap.jpg,0.29905197
2024-09-20 20:30:00,/Volumes/Argus/unk/snap/c1/1726864200.c1.snap.jpg,0.4911884
2024-09-20 21:00:00,/Volumes/Argus/unk/snap/c1/1726866000.c1.snap.jpg,0.6444384
2024-09-20 21:30:00,/Volumes/Argus/unk/snap/c1/1726867800.c1.snap.jpg,0.53085667
2024-09-20 22:00:00,/Volumes/Argus/unk/snap/c1/1726869600.c1.snap.jpg,0.39632857
2024-09-20 22:30:00,/Volumes/Argus/unk/snap/c1/1726871400.c1.snap.jpg,0.3798072
2024-09-20 23:00:00,/Volumes/Argus/unk/snap/c1/1726873200.c1.snap.jpg,0.57915914
2024-09-20 23:30:00,/Volumes/Argus/unk/snap/c1/1726875000.c1.snap.jpg,0.43507016
2024-09-21 00:00:00,/Volumes/Argus/unk/snap/c1/1726876800.c1.snap.jpg,0.49906248
2024-09-21 00:30:00,/Volumes/Argus/unk/snap/c1/1726878600.c1.snap.jpg,0.47346228
2024-09-21 01:00:00,/Volumes/Argus/unk/snap/c1/1726880400.c1.snap.jpg,0.54535306
2024-09-21 01:30:00,/Volumes/Argus/unk/snap/c1/1726882200.c1.snap.jpg,0.5808508
2024-09-21 02:00:00,/Volumes/Argus/unk/snap/c1/1726884000.c1.snap.jpg,0.5818381
2024-09-21 02:30:00,/Volumes/Argus/unk/snap/c1/1726885800.c1.snap.jpg,0.65588164
2024-09-21 03:00:00,/Volumes/Argus/unk/snap/c1/1726887600.c1.snap.jpg,0.65510577
2024-09-21 03:30:00,/Volumes/Argus/unk/snap/c1/1726889400.c1.snap.jpg,0.6813693
2024-09-21 04:00:00,/Volumes/Argus/unk/snap/c1/1726891200.c1.snap.jpg,0.579424
2024-09-21 05:00:00,/Volumes/Argus/unk/snap/c1/1726894800.c1.snap.jpg,0.46305183
2024-09-21 05:30:00,/Volumes/Argus/unk/snap/c1/1726896600.c1.snap.jpg,0.5111824
2024-09-22 16:00:00,/Volumes/Argus/unk/snap/c1/1727020800.c1.snap.jpg,0.49454153
2024-09-22 16:30:00,/Volumes/Argus/unk/snap/c1/1727022600.c1.snap.jpg,0.28641266
2024-09-22 17:00:00,/Volumes/Argus/unk/snap/c1/1727024400.c1.snap.jpg,0.27728713
2024-09-22 17:30:00,/Volumes/Argus/unk/snap/c1/1727026200.c1.snap.jpg,0.42395636
2024-09-22 18:00:00,/Volumes/Argus/unk/snap/c1/1727028000.c1.snap.jpg,0.32008654
2024-09-22 18:30:00,/Volumes/Argus/unk/snap/c1/1727029800.c1.snap.jpg,0.35436946
2024-09-22 19:00:00,/Volumes/Argus/unk/snap/c1/1727031600.c1.snap.jpg,0.3644091
2024-09-22 19:30:00,/Volumes/Argus/unk/snap/c1/1727033400.c1.snap.jpg,0.4825002
2024-09-22 20:00:00,/Volumes/Argus/unk/snap/c1/1727035200.c1.snap.jpg,0.47525516
2024-09-22 20:30:00,/Volumes/Argus/unk/snap/c1/1727037000.c1.snap.jpg,0.50288504
2024-09-22 21:00:00,/Volumes/Argus/unk/snap/c1/1727038800.c1.snap.jpg,0.404119
2024-09-22 21:30:00,/Volumes/Argus/unk/snap/c1/1727040600.c1.snap.jpg,0.55751836
2024-09-22 22:00:00,/Volumes/Argus/unk/snap/c1/1727042400.c1.snap.jpg,0.59133065
2024-09-22 22:30:00,/Volumes/Argus/unk/snap/c1/1727044200.c1.snap.jpg,0.53618157
2024-09-22 23:00:00,/Volumes/Argus/unk/snap/c1/1727046000.c1.snap.jpg,0.51956356
2024-09-22 23:30:00,/Volumes/Argus/unk/snap/c1/1727047800.c1.snap.jpg,0.5342168
2024-09-23 00:00:00,/Volumes/Argus/unk/snap/c1/1727049600.c1.snap.jpg,0.64659905
2024-09-23 00:30:00,/Volumes/Argus/unk/snap/c1/1727051400.c1.snap.jpg,0.65910697
2024-09-23 01:00:00,/Volumes/Argus/unk/snap/c1/1727053200.c1.snap.jpg,0.65644115
2024-09-23 01:30:00,/Volumes/Argus/unk/snap/c1/1727055000.c1.snap.jpg,0.55675447
2024-09-23 02:00:00,/Volumes/Argus/unk/snap/c1/1727056800.c1.snap.jpg,0.80675566
2024-09-23 02:30:00,/Volumes/Argus/unk/snap/c1/1727058600.c1.snap.jpg,0.748153
2024-09-23 03:00:00,/Volumes/Argus/unk/snap/c1/1727060400.c1.snap.jpg,0.85102886
2024-09-23 03:30:00,/Volumes/Argus/unk/snap/c1/1727062200.c1.snap.jpg,0.8076724
2024-09-23 04:00:00,/Volumes/Argus/unk/snap/c1/1727064000.c1.snap.jpg,0.74256516
2024-09-23 04:30:00,/Volumes/Argus/unk/snap/c1/1727065800.c1.snap.jpg,0.7107558
2024-09-23 05:00:00,/Volumes/Argus/unk/snap/c1/1727067600.c1.snap.jpg,0.64957416
2024-09-23 05:30:00,/Volumes/Argus/unk/snap/c1/1727069400.c1.snap.jpg,0.6022095
2024-09-23 18:30:00,/Volumes/Argus/unk/snap/c1/1727116200.c1.snap.jpg,0.58894527
2024-09-23 19:00:00,/Volumes/Argus/unk/snap/c1/1727118000.c1.snap.jpg,0.87507313
2024-09-23 19:30:00,/Volumes/Argus/unk/snap/c1/1727119800.c1.snap.jpg,0.8587539
2024-09-23 20:30:00,/Volumes/Argus/unk/snap/c1/1727123400.c1.snap.jpg,0.818385
2024-09-23 21:00:00,/Volumes/Argus/unk/snap/c1/1727125200.c1.snap.jpg,0.91452557
2024-09-23 21:30:00,/Volumes/Argus/unk/snap/c1/1727127000.c1.snap.jpg,0.8721114
2024-09-23 22:00:00,/Volumes/Argus/unk/snap/c1/1727128800.c1.snap.jpg,0.8580904
2024-09-23 22:30:00,/Volumes/Argus/unk/snap/c1/1727130600.c1.snap.jpg,0.873634
2024-09-23 23:00:00,/Volumes/Argus/unk/snap/c1/1727132400.c1.snap.jpg,0.9022757
2024-09-24 00:00:00,/Volumes/Argus/unk/snap/c1/1727136000.c1.snap.jpg,0.98025537
2024-09-24 00:30:00,/Volumes/Argus/unk/snap/c1/1727137800.c1.snap.jpg,1.0038813
2024-09-24 01:00:00,/Volumes/Argus/unk/snap/c1/1727139600.c1.snap.jpg,1.0509086
2024-09-24 01:30:00,/Volumes/Argus/unk/snap/c1/1727141400.c1.snap.jpg,0.8343009
2024-09-24 02:00:00,/Volumes/Argus/unk/snap/c1/1727143200.c1.snap.jpg,0.91023856
2024-09-24 02:30:00,/Volumes/Argus/unk/snap/c1/1727145000.c1.snap.jpg,0.79890215
2024-09-24 03:00:00,/Volumes/Argus/unk/snap/c1/1727146800.c1.snap.jpg,0.9458828
2024-09-24 03:30:00,/Volumes/Argus/unk/snap/c1/1727148600.c1.snap.jpg,0.8922572
2024-09-24 04:00:00,/Volumes/Argus/unk/snap/c1/1727150400.c1.snap.jpg,0.80371076
2024-09-24 04:30:00,/Volumes/Argus/unk/snap/c1/1727152200.c1.snap.jpg,0.68809116
2024-09-24 05:00:00,/Volumes/Argus/unk/snap/c1/1727154000.c1.snap.jpg,0.62336093
2024-09-24 05:30:00,/Volumes/Argus/unk/snap/c1/1727155800.c1.snap.jpg,0.6112553
2024-09-24 16:00:00,/Volumes/Argus/unk/snap/c1/1727193600.c1.snap.jpg,0.4981326
2024-09-24 16:30:00,/Volumes/Argus/unk/snap/c1/1727195400.c1.snap.jpg,0.71067435
2024-09-24 17:00:00,/Volumes/Argus/unk/snap/c1/1727197200.c1.snap.jpg,0.56201696
2024-09-24 17:30:00,/Volumes/Argus/unk/snap/c1/1727199000.c1.snap.jpg,0.6048471
2024-09-24 18:00:00,/Volumes/Argus/unk/snap/c1/1727200800.c1.snap.jpg,0.74470115
2024-09-24 18:30:00,/Volumes/Argus/unk/snap/c1/1727202600.c1.snap.jpg,1.0870851
2024-09-24 19:00:00,/Volumes/Argus/unk/snap/c1/1727204400.c1.snap.jpg,0.55462563
2024-09-24 19:30:00,/Volumes/Argus/unk/snap/c1/1727206200.c1.snap.jpg,0.5183833
2024-09-24 20:00:00,/Volumes/Argus/unk/snap/c1/1727208000.c1.snap.jpg,0.50652647
2024-09-24 20:30:00,/Volumes/Argus/unk/snap/c1/1727209800.c1.snap.jpg,0.52780396
2024-09-24 21:00:00,/Volumes/Argus/unk/snap/c1/1727211600.c1.snap.jpg,0.6607087
2024-09-24 21:30:00,/Volumes/Argus/unk/snap/c1/1727213400.c1.snap.jpg,0.6924329
2024-09-24 22:00:00,/Volumes/Argus/unk/snap/c1/1727215200.c1.snap.jpg,0.7845033
2024-09-24 22:30:00,/Volumes/Argus/unk/snap/c1/1727217000.c1.snap.jpg,0.8388843
2024-09-24 23:00:00,/Volumes/Argus/unk/snap/c1/1727218800.c1.snap.jpg,0.8395194
2024-09-24 23:30:00,/Volumes/Argus/unk/snap/c1/1727220600.c1.snap.jpg,0.7871823
2024-09-25 00:00:00,/Volumes/Argus/unk/snap/c1/1727222400.c1.snap.jpg,0.7972299
2024-09-25 00:30:00,/Volumes/Argus/unk/snap/c1/1727224200.c1.snap.jpg,0.7742058
2024-09-25 01:00:00,/Volumes/Argus/unk/snap/c1/1727226000.c1.snap.jpg,0.7468867
2024-09-25 02:00:00,/Volumes/Argus/unk/snap/c1/1727229600.c1.snap.jpg,0.63364625
2024-09-25 02:30:00,/Volumes/Argus/unk/snap/c1/1727231400.c1.snap.jpg,0.6215274
2024-09-25 03:00:00,/Volumes/Argus/unk/snap/c1/1727233200.c1.snap.jpg,0.86056095
2024-09-25 04:00:00,/Volumes/Argus/unk/snap/c1/1727236800.c1.snap.jpg,0.71574414
2024-09-25 05:00:00,/Volumes/Argus/unk/snap/c1/1727240400.c1.snap.jpg,0.7301352
2024-09-25 16:00:00,/Volumes/Argus/unk/snap/c1/1727280000.c1.snap.jpg,0.50459385
2024-09-25 16:30:00,/Volumes/Argus/unk/snap/c1/1727281800.c1.snap.jpg,0.5350503
2024-09-25 17:00:00,/Volumes/Argus/unk/snap/c1/1727283600.c1.snap.jpg,0.6461121
2024-09-25 18:00:00,/Volumes/Argus/unk/snap/c1/1727287200.c1.snap.jpg,0.5474421
2024-09-25 18:30:00,/Volumes/Argus/unk/snap/c1/1727289000.c1.snap.jpg,0.6543646
2024-09-25 19:00:00,/Volumes/Argus/unk/snap/c1/1727290800.c1.snap.jpg,0.64767706
2024-09-25 19:30:00,/Volumes/Argus/unk/snap/c1/1727292600.c1.snap.jpg,0.67282
2024-09-25 20:00:00,/Volumes/Argus/unk/snap/c1/1727294400.c1.snap.jpg,0.74404097
2024-09-25 20:30:00,/Volumes/Argus/unk/snap/c1/1727296200.c1.snap.jpg,0.7067064
2024-09-25 21:00:00,/Volumes/Argus/unk/snap/c1/1727298000.c1.snap.jpg,0.6404656
2024-09-25 21:30:00,/Volumes/Argus/unk/snap/c1/1727299800.c1.snap.jpg,0.67776144
2024-09-25 22:00:00,/Volumes/Argus/unk/snap/c1/1727301600.c1.snap.jpg,0.8223986
2024-09-25 22:30:00,/Volumes/Argus/unk/snap/c1/1727303400.c1.snap.jpg,0.79159874
2024-09-25 23:00:00,/Volumes/Argus/unk/snap/c1/1727305200.c1.snap.jpg,0.79103374
2024-09-25 23:30:00,/Volumes/Argus/unk/snap/c1/1727307000.c1.snap.jpg,0.8799703
2024-09-26 00:00:00,/Volumes/Argus/unk/snap/c1/1727308800.c1.snap.jpg,0.795748
2024-09-26 00:30:00,/Volumes/Argus/unk/snap/c1/1727310600.c1.snap.jpg,0.7834821
2024-09-26 01:30:00,/Volumes/Argus/unk/snap/c1/1727314200.c1.snap.jpg,0.59223616
2024-09-26 02:00:00,/Volumes/Argus/unk/snap/c1/1727316000.c1.snap.jpg,0.73853403
2024-09-26 03:00:00,/Volumes/Argus/unk/snap/c1/1727319600.c1.snap.jpg,0.5331582
2024-09-26 03:30:00,/Volumes/Argus/unk/snap/c1/1727321400.c1.snap.jpg,0.68745834
2024-09-26 04:30:00,/Volumes/Argus/unk/snap/c1/1727325000.c1.snap.jpg,0.6494935
2024-09-26 05:00:00,/Volumes/Argus/unk/snap/c1/1727326800.c1.snap.jpg,0.3601679
2024-09-26 18:30:00,/Volumes/Argus/unk/snap/c1/1727375400.c1.snap.jpg,0.35600552
2024-09-26 19:00:00,/Volumes/Argus/unk/snap/c1/1727377200.c1.snap.jpg,0.3498697
2024-09-26 19:30:00,/Volumes/Argus/unk/snap/c1/1727379000.c1.snap.jpg,0.4153577
2024-09-26 20:00:00,/Volumes/Argus/unk/snap/c1/1727380800.c1.snap.jpg,0.37165433
2024-09-26 20:30:00,/Volumes/Argus/unk/snap/c1/1727382600.c1.snap.jpg,0.36848563
2024-09-26 21:00:00,/Volumes/Argus/unk/snap/c1/1727384400.c1.snap.jpg,0.44104686
2024-09-26 21:30:00,/Volumes/Argus/unk/snap/c1/1727386200.c1.snap.jpg,0.39798567
2024-09-26 22:00:00,/Volumes/Argus/unk/snap/c1/1727388000.c1.snap.jpg,0.41873774
2024-09-26 22:30:00,/Volumes/Argus/unk/snap/c1/1727389800.c1.snap.jpg,0.45063072
2024-09-26 23:00:00,/Volumes/Argus/unk/snap/c1/1727391600.c1.snap.jpg,0.48689136
2024-09-26 23:30:00,/Volumes/Argus/unk/snap/c1/1727393400.c1.snap.jpg,0.58102846
2024-09-27 00:00:00,/Volumes/Argus/unk/snap/c1/1727395200.c1.snap.jpg,0.47840768
2024-09-27 00:30:00,/Volumes/Argus/unk/snap/c1/1727397000.c1.snap.jpg,0.61762
2024-09-27 01:00:00,/Volumes/Argus/unk/snap/c1/1727398800.c1.snap.jpg,0.48562694
2024-09-27 01:30:00,/Volumes/Argus/unk/snap/c1/1727400600.c1.snap.jpg,0.7581493
2024-09-27 02:00:00,/Volumes/Argus/unk/snap/c1/1727402400.c1.snap.jpg,0.56274414
2024-09-27 02:30:00,/Volumes/Argus/unk/snap/c1/1727404200.c1.snap.jpg,0.38945183
2024-09-27 03:00:00,/Volumes/Argus/unk/snap/c1/1727406000.c1.snap.jpg,0.41305974
2024-09-27 03:30:00,/Volumes/Argus/unk/snap/c1/1727407800.c1.snap.jpg,0.6027955
2024-09-27 04:00:00,/Volumes/Argus/unk/snap/c1/1727409600.c1.snap.jpg,0.45810673
2024-09-27 04:30:00,/Volumes/Argus/unk/snap/c1/1727411400.c1.snap.jpg,0.5148499
2024-09-27 05:00:00,/Volumes/Argus/unk/snap/c1/1727413200.c1.snap.jpg,0.41128552
2024-09-27 16:00:00,/Volumes/Argus/unk/snap/c1/1727452800.c1.snap.jpg,0.6691029
2024-09-27 16:30:00,/Volumes/Argus/unk/snap/c1/1727454600.c1.snap.jpg,0.33611402
2024-09-27 17:00:00,/Volumes/Argus/unk/snap/c1/1727456400.c1.snap.jpg,0.2640243
2024-09-27 17:30:00,/Volumes/Argus/unk/snap/c1/1727458200.c1.snap.jpg,0.22707151
2024-09-27 18:00:00,/Volumes/Argus/unk/snap/c1/1727460000.c1.snap.jpg,0.27034485
2024-09-27 18:30:00,/Volumes/Argus/unk/snap/c1/1727461800.c1.snap.jpg,0.34403813
2024-09-27 19:00:00,/Volumes/Argus/unk/snap/c1/1727463600.c1.snap.jpg,0.29094648
2024-09-27 19:30:00,/Volumes/Argus/unk/snap/c1/1727465400.c1.snap.jpg,0.41243383
2024-09-27 20:00:00,/Volumes/Argus/unk/snap/c1/1727467200.c1.snap.jpg,0.4474134
2024-09-27 20:30:00,/Volumes/Argus/unk/snap/c1/1727469000.c1.snap.jpg,0.53843427
2024-09-27 21:00:00,/Volumes/Argus/unk/snap/c1/1727470800.c1.snap.jpg,0.4364425
2024-09-27 21:30:00,/Volumes/Argus/unk/snap/c1/1727472600.c1.snap.jpg,0.4838445
2024-09-27 22:00:00,/Volumes/Argus/unk/snap/c1/1727474400.c1.snap.jpg,0.5886271
2024-09-27 22:30:00,/Volumes/Argus/unk/snap/c1/1727476200.c1.snap.jpg,0.6003202
2024-09-27 23:00:00,/Volumes/Argus/unk/snap/c1/1727478000.c1.snap.jpg,0.644246
2024-09-27 23:30:00,/Volumes/Argus/unk/snap/c1/1727479800.c1.snap.jpg,0.56370604
2024-09-28 00:00:00,/Volumes/Argus/unk/snap/c1/1727481600.c1.snap.jpg,0.617813
2024-09-28 01:00:00,/Volumes/Argus/unk/snap/c1/1727485200.c1.snap.jpg,0.7143492
2024-09-28 01:30:00,/Volumes/Argus/unk/snap/c1/1727487000.c1.snap.jpg,0.6518593
2024-09-28 02:00:00,/Volumes/Argus/unk/snap/c1/1727488800.c1.snap.jpg,0.6995391
2024-09-28 02:30:00,/Volumes/Argus/unk/snap/c1/1727490600.c1.snap.jpg,0.808891
2024-09-28 03:00:00,/Volumes/Argus/unk/snap/c1/1727492400.c1.snap.jpg,0.8303105
2024-09-28 03:30:00,/Volumes/Argus/unk/snap/c1/1727494200.c1.snap.jpg,0.6470998
2024-09-28 04:00:00,/Volumes/Argus/unk/snap/c1/1727496000.c1.snap.jpg,0.40878475
2024-09-28 04:30:00,/Volumes/Argus/unk/snap/c1/1727497800.c1.snap.jpg,0.416492
2024-09-28 05:00:00,/Volumes/Argus/unk/snap/c1/1727499600.c1.snap.jpg,0.3539502
2024-09-29 16:00:00,/Volumes/Argus/unk/snap/c1/1727625600.c1.snap.jpg,0.65933245
2024-09-29 16:30:00,/Volumes/Argus/unk/snap/c1/1727627400.c1.snap.jpg,0.4131834
2024-09-29 17:00:00,/Volumes/Argus/unk/snap/c1/1727629200.c1.snap.jpg,0.36817595
2024-09-29 17:30:00,/Volumes/Argus/unk/snap/c1/1727631000.c1.snap.jpg,0.24153052
2024-09-29 18:00:00,/Volumes/Argus/unk/snap/c1/1727632800.c1.snap.jpg,0.24466515
2024-09-29 18:30:00,/Volumes/Argus/unk/snap/c1/1727634600.c1.snap.jpg,0.29555756
2024-09-29 19:00:00,/Volumes/Argus/unk/snap/c1/1727636400.c1.snap.jpg,0.28575164
2024-09-29 19:30:00,/Volumes/Argus/unk/snap/c1/1727638200.c1.snap.jpg,0.35735616
2024-09-29 20:00:00,/Volumes/Argus/unk/snap/c1/1727640000.c1.snap.jpg,0.34186375
2024-09-29 20:30:00,/Volumes/Argus/unk/snap/c1/1727641800.c1.snap.jpg,0.39038837
2024-09-29 21:00:00,/Volumes/Argus/unk/snap/c1/1727643600.c1.snap.jpg,0.33381072
2024-09-29 21:30:00,/Volumes/Argus/unk/snap/c1/1727645400.c1.snap.jpg,0.5851625
2024-09-29 22:00:00,/Volumes/Argus/unk/snap/c1/1727647200.c1.snap.jpg,0.40972134
2024-09-29 22:30:00,/Volumes/Argus/unk/snap/c1/1727649000.c1.snap.jpg,0.5159127
2024-09-29 23:00:00,/Volumes/Argus/unk/snap/c1/1727650800.c1.snap.jpg,0.5638399
2024-09-29 23:30:00,/Volumes/Argus/unk/snap/c1/1727652600.c1.snap.jpg,0.5141117
2024-09-30 00:00:00,/Volumes/Argus/unk/snap/c1/1727654400.c1.snap.jpg,0.4233094
2024-09-30 00:30:00,/Volumes/Argus/unk/snap/c1/1727656200.c1.snap.jpg,0.45592645
2024-09-30 01:00:00,/Volumes/Argus/unk/snap/c1/1727658000.c1.snap.jpg,0.59070504
2024-09-30 01:30:00,/Volumes/Argus/unk/snap/c1/1727659800.c1.snap.jpg,0.5091193
2024-09-30 02:00:00,/Volumes/Argus/unk/snap/c1/1727661600.c1.snap.jpg,0.4715196
2024-09-30 02:30:00,/Volumes/Argus/unk/snap/c1/1727663400.c1.snap.jpg,0.5814924
2024-09-30 03:00:00,/Volumes/Argus/unk/snap/c1/1727665200.c1.snap.jpg,0.66923225
2024-09-30 03:30:00,/Volumes/Argus/unk/snap/c1/1727667000.c1.snap.jpg,0.5506762
2024-09-30 04:00:00,/Volumes/Argus/unk/snap/c1/1727668800.c1.snap.jpg,0.49024308
2024-09-30 04:30:00,/Volumes/Argus/unk/snap/c1/1727670600.c1.snap.jpg,0.6668428
2024-09-30 05:00:00,/Volumes/Argus/unk/snap/c1/1727672400.c1.snap.jpg,0.6270481
2024-09-30 16:30:00,/Volumes/Argus/unk/snap/c1/1727713800.c1.snap.jpg,0.39182836
2024-09-30 17:00:00,/Volumes/Argus/unk/snap/c1/1727715600.c1.snap.jpg,0.33430523
2024-09-30 17:30:00,/Volumes/Argus/unk/snap/c1/1727717400.c1.snap.jpg,0.3995373
2024-09-30 18:00:00,/Volumes/Argus/unk/snap/c1/1727719200.c1.snap.jpg,0.33314955
2024-09-30 18:30:00,/Volumes/Argus/unk/snap/c1/1727721000.c1.snap.jpg,0.50078285
2024-09-30 19:00:00,/Volumes/Argus/unk/snap/c1/1727722800.c1.snap.jpg,0.41951305
2024-09-30 19:30:00,/Volumes/Argus/unk/snap/c1/1727724600.c1.snap.jpg,0.46975112
2024-09-30 20:00:00,/Volumes/Argus/unk/snap/c1/1727726400.c1.snap.jpg,0.37548164
2024-09-30 20:30:00,/Volumes/Argus/unk/snap/c1/1727728200.c1.snap.jpg,0.52668893
2024-09-30 21:00:00,/Volumes/Argus/unk/snap/c1/1727730000.c1.snap.jpg,0.5320481
2024-09-30 21:30:00,/Volumes/Argus/unk/snap/c1/1727731800.c1.snap.jpg,0.49450192
2024-09-30 22:00:00,/Volumes/Argus/unk/snap/c1/1727733600.c1.snap.jpg,0.42899334
2024-09-30 22:30:00,/Volumes/Argus/unk/snap/c1/1727735400.c1.snap.jpg,0.38558713
2024-09-30 23:00:00,/Volumes/Argus/unk/snap/c1/1727737200.c1.snap.jpg,0.33593953
2024-09-30 23:30:00,/Volumes/Argus/unk/snap/c1/1727739000.c1.snap.jpg,0.35933533
2024-10-01 00:00:00,/Volumes/Argus/unk/snap/c1/1727740800.c1.snap.jpg,0.29003322
2024-10-01 00:30:00,/Volumes/Argus/unk/snap/c1/1727742600.c1.snap.jpg,0.36882508
2024-10-01 01:00:00,/Volumes/Argus/unk/snap/c1/1727744400.c1.snap.jpg,0.35700196
2024-10-01 01:30:00,/Volumes/Argus/unk/snap/c1/1727746200.c1.snap.jpg,0.3695328
2024-10-01 02:00:00,/Volumes/Argus/unk/snap/c1/1727748000.c1.snap.jpg,0.30546162
2024-10-01 02:30:00,/Volumes/Argus/unk/snap/c1/1727749800.c1.snap.jpg,0.4145567
2024-10-01 03:00:00,/Volumes/Argus/unk/snap/c1/1727751600.c1.snap.jpg,0.44202676
2024-10-01 03:30:00,/Volumes/Argus/unk/snap/c1/1727753400.c1.snap.jpg,0.37339434
2024-10-01 04:00:00,/Volumes/Argus/unk/snap/c1/1727755200.c1.snap.jpg,0.3423536
2024-10-01 04:30:00,/Volumes/Argus/unk/snap/c1/1727757000.c1.snap.jpg,0.30601156
2024-10-01 05:00:00,/Volumes/Argus/unk/snap/c1/1727758800.c1.snap.jpg,0.3498843
2024-10-01 16:30:00,/Volumes/Argus/unk/snap/c1/1727800200.c1.snap.jpg,0.32070217
2024-10-01 17:30:00,/Volumes/Argus/unk/snap/c1/1727803800.c1.snap.jpg,0.3590594
2024-10-01 18:00:00,/Volumes/Argus/unk/snap/c1/1727805600.c1.snap.jpg,0.4338441
2024-10-01 18:30:00,/Volumes/Argus/unk/snap/c1/1727807400.c1.snap.jpg,0.37026864
2024-10-01 19:00:00,/Volumes/Argus/unk/snap/c1/1727809200.c1.snap.jpg,0.3960886
2024-10-01 19:30:00,/Volumes/Argus/unk/snap/c1/1727811000.c1.snap.jpg,0.3791809
2024-10-01 20:00:00,/Volumes/Argus/unk/snap/c1/1727812800.c1.snap.jpg,0.45944872
2024-10-01 20:30:00,/Volumes/Argus/unk/snap/c1/1727814600.c1.snap.jpg,0.39033297
2024-10-01 21:00:00,/Volumes/Argus/unk/snap/c1/1727816400.c1.snap.jpg,0.36821198
2024-10-01 21:30:00,/Volumes/Argus/unk/snap/c1/1727818200.c1.snap.jpg,0.36514908
2024-10-01 22:00:00,/Volumes/Argus/unk/snap/c1/1727820000.c1.snap.jpg,0.3672644
2024-10-01 22:30:00,/Volumes/Argus/unk/snap/c1/1727821800.c1.snap.jpg,0.39741933
2024-10-01 23:00:00,/Volumes/Argus/unk/snap/c1/1727823600.c1.snap.jpg,0.40426067
2024-10-01 23:30:00,/Volumes/Argus/unk/snap/c1/1727825400.c1.snap.jpg,0.33951026
2024-10-02 00:00:00,/Volumes/Argus/unk/snap/c1/1727827200.c1.snap.jpg,0.2826417
2024-10-02 00:30:00,/Volumes/Argus/unk/snap/c1/1727829000.c1.snap.jpg,0.36165592
2024-10-02 01:00:00,/Volumes/Argus/unk/snap/c1/1727830800.c1.snap.jpg,0.4468273
2024-10-02 01:30:00,/Volumes/Argus/unk/snap/c1/1727832600.c1.snap.jpg,0.4096834
2024-10-02 02:00:00,/Volumes/Argus/unk/snap/c1/1727834400.c1.snap.jpg,0.4252764
2024-10-02 02:30:00,/Volumes/Argus/unk/snap/c1/1727836200.c1.snap.jpg,0.39447004
2024-10-02 03:00:00,/Volumes/Argus/unk/snap/c1/1727838000.c1.snap.jpg,0.4542352
2024-10-02 03:30:00,/Volumes/Argus/unk/snap/c1/1727839800.c1.snap.jpg,0.5356132
2024-10-02 04:00:00,/Volumes/Argus/unk/snap/c1/1727841600.c1.snap.jpg,0.4517079
2024-10-02 04:30:00,/Volumes/Argus/unk/snap/c1/1727843400.c1.snap.jpg,0.30127224
2024-10-02 05:00:00,/Volumes/Argus/unk/snap/c1/1727845200.c1.snap.jpg,0.82562935
2024-10-03 16:30:00,/Volumes/Argus/unk/snap/c1/1727973000.c1.snap.jpg,0.5378941
2024-10-03 17:00:00,/Volumes/Argus/unk/snap/c1/1727974800.c1.snap.jpg,0.4107082
2024-10-03 17:30:00,/Volumes/Argus/unk/snap/c1/1727976600.c1.snap.jpg,0.3650238
2024-10-03 18:00:00,/Volumes/Argus/unk/snap/c1/1727978400.c1.snap.jpg,0.43765998
2024-10-03 18:30:00,/Volumes/Argus/unk/snap/c1/1727980200.c1.snap.jpg,0.52160996
2024-10-03 19:00:00,/Volumes/Argus/unk/snap/c1/1727982000.c1.snap.jpg,0.47978014
2024-10-03 19:30:00,/Volumes/Argus/unk/snap/c1/1727983800.c1.snap.jpg,0.47797838
2024-10-03 20:00:00,/Volumes/Argus/unk/snap/c1/1727985600.c1.snap.jpg,0.45029035
2024-10-03 21:00:00,/Volumes/Argus/unk/snap/c1/1727989200.c1.snap.jpg,0.48448086
2024-10-03 21:30:00,/Volumes/Argus/unk/snap/c1/1727991000.c1.snap.jpg,0.48992795
2024-10-03 22:00:00,/Volumes/Argus/unk/snap/c1/1727992800.c1.snap.jpg,0.45027074
2024-10-03 23:00:00,/Volumes/Argus/unk/snap/c1/1727996400.c1.snap.jpg,0.47923693
2024-10-03 23:30:00,/Volumes/Argus/unk/snap/c1/1727998200.c1.snap.jpg,0.4883452
2024-10-04 00:00:00,/Volumes/Argus/unk/snap/c1/1728000000.c1.snap.jpg,0.49799424
2024-10-04 00:30:00,/Volumes/Argus/unk/snap/c1/1728001800.c1.snap.jpg,0.53481483
2024-10-04 01:00:00,/Volumes/Argus/unk/snap/c1/1728003600.c1.snap.jpg,0.5132437
2024-10-04 01:30:00,/Volumes/Argus/unk/snap/c1/1728005400.c1.snap.jpg,0.43895322
2024-10-04 02:00:00,/Volumes/Argus/unk/snap/c1/1728007200.c1.snap.jpg,0.49554878
2024-10-04 02:30:00,/Volumes/Argus/unk/snap/c1/1728009000.c1.snap.jpg,0.47963455
2024-10-04 03:00:00,/Volumes/Argus/unk/snap/c1/1728010800.c1.snap.jpg,0.530809
2024-10-04 03:30:00,/Volumes/Argus/unk/snap/c1/1728012600.c1.snap.jpg,0.46067598
2024-10-04 04:00:00,/Volumes/Argus/unk/snap/c1/1728014400.c1.snap.jpg,0.5217594
2024-10-04 04:30:00,/Volumes/Argus/unk/snap/c1/1728016200.c1.snap.jpg,0.6128762
2024-10-04 16:30:00,/Volumes/Argus/unk/snap/c1/1728059400.c1.snap.jpg,0.32763645
2024-10-04 17:00:00,/Volumes/Argus/unk/snap/c1/1728061200.c1.snap.jpg,0.33893865
2024-10-04 17:30:00,/Volumes/Argus/unk/snap/c1/1728063000.c1.snap.jpg,0.36053365
2024-10-04 18:00:00,/Volumes/Argus/unk/snap/c1/1728064800.c1.snap.jpg,0.33438057
2024-10-04 18:30:00,/Volumes/Argus/unk/snap/c1/1728066600.c1.snap.jpg,0.40798944
2024-10-04 19:00:00,/Volumes/Argus/unk/snap/c1/1728068400.c1.snap.jpg,0.36302155
2024-10-04 19:30:00,/Volumes/Argus/unk/snap/c1/1728070200.c1.snap.jpg,0.37554023
2024-10-04 20:00:00,/Volumes/Argus/unk/snap/c1/1728072000.c1.snap.jpg,0.5245714
2024-10-04 20:30:00,/Volumes/Argus/unk/snap/c1/1728073800.c1.snap.jpg,0.39367303
2024-10-04 21:00:00,/Volumes/Argus/unk/snap/c1/1728075600.c1.snap.jpg,0.47802132
2024-10-04 21:30:00,/Volumes/Argus/unk/snap/c1/1728077400.c1.snap.jpg,0.49421704
2024-10-04 22:00:00,/Volumes/Argus/unk/snap/c1/1728079200.c1.snap.jpg,0.41686583
2024-10-04 22:30:00,/Volumes/Argus/unk/snap/c1/1728081000.c1.snap.jpg,0.49156663
2024-10-04 23:00:00,/Volumes/Argus/unk/snap/c1/1728082800.c1.snap.jpg,0.50369376
2024-10-04 23:30:00,/Volumes/Argus/unk/snap/c1/1728084600.c1.snap.jpg,0.63006485
2024-10-05 00:30:00,/Volumes/Argus/unk/snap/c1/1728088200.c1.snap.jpg,0.46957576
2024-10-05 01:00:00,/Volumes/Argus/unk/snap/c1/1728090000.c1.snap.jpg,0.576847
2024-10-05 01:30:00,/Volumes/Argus/unk/snap/c1/1728091800.c1.snap.jpg,0.37640625
2024-10-05 02:00:00,/Volumes/Argus/unk/snap/c1/1728093600.c1.snap.jpg,0.44380495
2024-10-05 02:30:00,/Volumes/Argus/unk/snap/c1/1728095400.c1.snap.jpg,0.4647286
2024-10-05 03:00:00,/Volumes/Argus/unk/snap/c1/1728097200.c1.snap.jpg,0.45204917
2024-10-05 03:30:00,/Volumes/Argus/unk/snap/c1/1728099000.c1.snap.jpg,0.47371912
2024-10-05 04:00:00,/Volumes/Argus/unk/snap/c1/1728100800.c1.snap.jpg,0.44426125
2024-10-05 04:30:00,/Volumes/Argus/unk/snap/c1/1728102600.c1.snap.jpg,0.6003058
2024-10-05 17:00:00,/Volumes/Argus/unk/snap/c1/1728147600.c1.snap.jpg,0.3254087
2024-10-05 17:30:00,/Volumes/Argus/unk/snap/c1/1728149400.c1.snap.jpg,0.3021378
2024-10-05 18:00:00,/Volumes/Argus/unk/snap/c1/1728151200.c1.snap.jpg,0.38695052
2024-10-05 18:30:00,/Volumes/Argus/unk/snap/c1/1728153000.c1.snap.jpg,0.41969582
2024-10-05 19:00:00,/Volumes/Argus/unk/snap/c1/1728154800.c1.snap.jpg,0.35214034
2024-10-05 19:30:00,/Volumes/Argus/unk/snap/c1/1728156600.c1.snap.jpg,0.36889362
2024-10-05 20:00:00,/Volumes/Argus/unk/snap/c1/1728158400.c1.snap.jpg,0.20203201
2024-10-05 20:30:00,/Volumes/Argus/unk/snap/c1/1728160200.c1.snap.jpg,0.46427736
2024-10-05 21:00:00,/Volumes/Argus/unk/snap/c1/1728162000.c1.snap.jpg,0.5088867
2024-10-05 21:30:00,/Volumes/Argus/unk/snap/c1/1728163800.c1.snap.jpg,0.49669072
2024-10-05 22:00:00,/Volumes/Argus/unk/snap/c1/1728165600.c1.snap.jpg,0.4365353
2024-10-05 22:30:00,/Volumes/Argus/unk/snap/c1/1728167400.c1.snap.jpg,0.44736347
2024-10-05 23:00:00,/Volumes/Argus/unk/snap/c1/1728169200.c1.snap.jpg,0.37099928
2024-10-05 23:30:00,/Volumes/Argus/unk/snap/c1/1728171000.c1.snap.jpg,0.46004212
2024-10-06 00:00:00,/Volumes/Argus/unk/snap/c1/1728172800.c1.snap.jpg,0.4740439
2024-10-06 00:30:00,/Volumes/Argus/unk/snap/c1/1728174600.c1.snap.jpg,0.48497018
2024-10-06 01:00:00,/Volumes/Argus/unk/snap/c1/1728176400.c1.snap.jpg,0.47969413
2024-10-06 01:30:00,/Volumes/Argus/unk/snap/c1/1728178200.c1.snap.jpg,0.4313594
2024-10-06 02:00:00,/Volumes/Argus/unk/snap/c1/1728180000.c1.snap.jpg,0.42584717
2024-10-06 02:30:00,/Volumes/Argus/unk/snap/c1/1728181800.c1.snap.jpg,0.6674998
2024-10-06 03:00:00,/Volumes/Argus/unk/snap/c1/1728183600.c1.snap.jpg,0.74617255
2024-10-06 03:30:00,/Volumes/Argus/unk/snap/c1/1728185400.c1.snap.jpg,0.7652513
2024-10-06 04:00:00,/Volumes/Argus/unk/snap/c1/1728187200.c1.snap.jpg,0.4309343
2024-10-06 04:30:00,/Volumes/Argus/unk/snap/c1/1728189000.c1.snap.jpg,0.49252206
2024-10-06 16:30:00,/Volumes/Argus/unk/snap/c1/1728232200.c1.snap.jpg,0.44054332
2024-10-06 17:00:00,/Volumes/Argus/unk/snap/c1/1728234000.c1.snap.jpg,0.34422797
2024-10-06 17:30:00,/Volumes/Argus/unk/snap/c1/1728235800.c1.snap.jpg,0.3947062
2024-10-06 18:00:00,/Volumes/Argus/unk/snap/c1/1728237600.c1.snap.jpg,0.25683317
2024-10-06 18:30:00,/Volumes/Argus/unk/snap/c1/1728239400.c1.snap.jpg,0.40675133
2024-10-06 19:00:00,/Volumes/Argus/unk/snap/c1/1728241200.c1.snap.jpg,0.47136295
2024-10-06 19:30:00,/Volumes/Argus/unk/snap/c1/1728243000.c1.snap.jpg,0.3823379
2024-10-06 20:00:00,/Volumes/Argus/unk/snap/c1/1728244800.c1.snap.jpg,0.40995166
2024-10-06 20:30:00,/Volumes/Argus/unk/snap/c1/1728246600.c1.snap.jpg,0.30429167
2024-10-06 21:00:00,/Volumes/Argus/unk/snap/c1/1728248400.c1.snap.jpg,0.31193995
2024-10-06 21:30:00,/Volumes/Argus/unk/snap/c1/1728250200.c1.snap.jpg,0.3365452
2024-10-06 22:00:00,/Volumes/Argus/unk/snap/c1/1728252000.c1.snap.jpg,0.43504927
2024-10-06 22:30:00,/Volumes/Argus/unk/snap/c1/1728253800.c1.snap.jpg,0.44392568
2024-10-06 23:00:00,/Volumes/Argus/unk/snap/c1/1728255600.c1.snap.jpg,0.46374887
2024-10-06 23:30:00,/Volumes/Argus/unk/snap/c1/1728257400.c1.snap.jpg,0.40315348
2024-10-07 00:00:00,/Volumes/Argus/unk/snap/c1/1728259200.c1.snap.jpg,0.43319696
2024-10-07 00:30:00,/Volumes/Argus/unk/snap/c1/1728261000.c1.snap.jpg,0.43667966
2024-10-07 01:00:00,/Volumes/Argus/unk/snap/c1/1728262800.c1.snap.jpg,0.392167
2024-10-07 01:30:00,/Volumes/Argus/unk/snap/c1/1728264600.c1.snap.jpg,0.44177908
2024-10-07 02:00:00,/Volumes/Argus/unk/snap/c1/1728266400.c1.snap.jpg,0.48674044
2024-10-07 02:30:00,/Volumes/Argus/unk/snap/c1/1728268200.c1.snap.jpg,0.65728253
2024-10-07 03:00:00,/Volumes/Argus/unk/snap/c1/1728270000.c1.snap.jpg,0.6199995
2024-10-07 03:30:00,/Volumes/Argus/unk/snap/c1/1728271800.c1.snap.jpg,0.48549685
2024-10-07 04:00:00,/Volumes/Argus/unk/snap/c1/1728273600.c1.snap.jpg,0.7126827
2024-10-07 04:30:00,/Volumes/Argus/unk/snap/c1/1728275400.c1.snap.jpg,0.54987085
2024-10-07 16:30:00,/Volumes/Argus/unk/snap/c1/1728318600.c1.snap.jpg,0.6249281
2024-10-07 17:00:00,/Volumes/Argus/unk/snap/c1/1728320400.c1.snap.jpg,0.55491626
2024-10-07 17:30:00,/Volumes/Argus/unk/snap/c1/1728322200.c1.snap.jpg,0.55917555
2024-10-07 18:00:00,/Volumes/Argus/unk/snap/c1/1728324000.c1.snap.jpg,0.517644
2024-10-07 18:30:00,/Volumes/Argus/unk/snap/c1/1728325800.c1.snap.jpg,0.5453194
2024-10-07 19:00:00,/Volumes/Argus/unk/snap/c1/1728327600.c1.snap.jpg,0.5807885
2024-10-07 19:30:00,/Volumes/Argus/unk/snap/c1/1728329400.c1.snap.jpg,0.61000144
2024-10-07 20:00:00,/Volumes/Argus/unk/snap/c1/1728331200.c1.snap.jpg,0.49522898
2024-10-07 20:30:00,/Volumes/Argus/unk/snap/c1/1728333000.c1.snap.jpg,0.55352753
2024-10-07 21:00:00,/Volumes/Argus/unk/snap/c1/1728334800.c1.snap.jpg,0.54902613
2024-10-07 21:30:00,/Volumes/Argus/unk/snap/c1/1728336600.c1.snap.jpg,0.5922276
2024-10-07 22:00:00,/Volumes/Argus/unk/snap/c1/1728338400.c1.snap.jpg,0.56966317
2024-10-07 22:30:00,/Volumes/Argus/unk/snap/c1/1728340200.c1.snap.jpg,0.5657997
2024-10-07 23:00:00,/Volumes/Argus/unk/snap/c1/1728342000.c1.snap.jpg,0.63163495
2024-10-07 23:30:00,/Volumes/Argus/unk/snap/c1/1728343800.c1.snap.jpg,0.5523373
2024-10-08 00:00:00,/Volumes/Argus/unk/snap/c1/1728345600.c1.snap.jpg,0.57896304
2024-10-08 00:30:00,/Volumes/Argus/unk/snap/c1/1728347400.c1.snap.jpg,0.52564913
2024-10-08 01:00:00,/Volumes/Argus/unk/snap/c1/1728349200.c1.snap.jpg,0.37831965
2024-10-08 01:30:00,/Volumes/Argus/unk/snap/c1/1728351000.c1.snap.jpg,0.48585352
2024-10-08 02:00:00,/Volumes/Argus/unk/snap/c1/1728352800.c1.snap.jpg,0.5633409
2024-10-08 02:30:00,/Volumes/Argus/unk/snap/c1/1728354600.c1.snap.jpg,0.4789073
2024-10-08 03:00:00,/Volumes/Argus/unk/snap/c1/1728356400.c1.snap.jpg,0.53617275
2024-10-08 03:30:00,/Volumes/Argus/unk/snap/c1/1728358200.c1.snap.jpg,0.58909905
2024-10-08 04:00:00,/Volumes/Argus/unk/snap/c1/1728360000.c1.snap.jpg,0.70056504
2024-10-08 04:30:00,/Volumes/Argus/unk/snap/c1/1728361800.c1.snap.jpg,0.5601279
2024-10-09 16:30:00,/Volumes/Argus/unk/snap/c1/1728491400.c1.snap.jpg,0.54042375
2024-10-09 17:00:00,/Volumes/Argus/unk/snap/c1/1728493200.c1.snap.jpg,0.3229134
2024-10-09 17:30:00,/Volumes/Argus/unk/snap/c1/1728495000.c1.snap.jpg,0.41033924
2024-10-09 18:00:00,/Volumes/Argus/unk/snap/c1/1728496800.c1.snap.jpg,0.23744929
2024-10-09 18:30:00,/Volumes/Argus/unk/snap/c1/1728498600.c1.snap.jpg,0.4223952
2024-10-09 19:30:00,/Volumes/Argus/unk/snap/c1/1728502200.c1.snap.jpg,0.43276998
2024-10-09 20:00:00,/Volumes/Argus/unk/snap/c1/1728504000.c1.snap.jpg,0.3845257
2024-10-09 20:30:00,/Volumes/Argus/unk/snap/c1/1728505800.c1.snap.jpg,0.3794972
2024-10-09 21:00:00,/Volumes/Argus/unk/snap/c1/1728507600.c1.snap.jpg,0.3563751
2024-10-09 21:30:00,/Volumes/Argus/unk/snap/c1/1728509400.c1.snap.jpg,0.38092357
2024-10-09 22:00:00,/Volumes/Argus/unk/snap/c1/1728511200.c1.snap.jpg,0.449516
2024-10-09 22:30:00,/Volumes/Argus/unk/snap/c1/1728513000.c1.snap.jpg,0.33447874
2024-10-09 23:00:00,/Volumes/Argus/unk/snap/c1/1728514800.c1.snap.jpg,0.36889902
2024-10-10 00:00:00,/Volumes/Argus/unk/snap/c1/1728518400.c1.snap.jpg,0.43517572
2024-10-10 00:30:00,/Volumes/Argus/unk/snap/c1/1728520200.c1.snap.jpg,0.47333416
2024-10-10 01:00:00,/Volumes/Argus/unk/snap/c1/1728522000.c1.snap.jpg,0.4207809
2024-10-10 01:30:00,/Volumes/Argus/unk/snap/c1/1728523800.c1.snap.jpg,0.40844807
2024-10-10 02:00:00,/Volumes/Argus/unk/snap/c1/1728525600.c1.snap.jpg,0.35695842
2024-10-10 02:30:00,/Volumes/Argus/unk/snap/c1/1728527400.c1.snap.jpg,0.4155776
2024-10-10 03:00:00,/Volumes/Argus/unk/snap/c1/1728529200.c1.snap.jpg,0.4714381
2024-10-10 03:30:00,/Volumes/Argus/unk/snap/c1/1728531000.c1.snap.jpg,0.29092062
2024-10-10 04:00:00,/Volumes/Argus/unk/snap/c1/1728532800.c1.snap.jpg,0.5213142
2024-10-10 04:30:00,/Volumes/Argus/unk/snap/c1/1728534600.c1.snap.jpg,0.5776538
2024-10-11 17:00:00,/Volumes/Argus/unk/snap/c1/1728666000.c1.snap.jpg,0.30516788
2024-10-11 17:30:00,/Volumes/Argus/unk/snap/c1/1728667800.c1.snap.jpg,0.49878162
2024-10-11 18:00:00,/Volumes/Argus/unk/snap/c1/1728669600.c1.snap.jpg,0.49258932
2024-10-11 18:30:00,/Volumes/Argus/unk/snap/c1/1728671400.c1.snap.jpg,0.61730665
2024-10-11 19:00:00,/Volumes/Argus/unk/snap/c1/1728673200.c1.snap.jpg,0.3504434
2024-10-11 19:30:00,/Volumes/Argus/unk/snap/c1/1728675000.c1.snap.jpg,0.47448146
2024-10-11 20:00:00,/Volumes/Argus/unk/snap/c1/1728676800.c1.snap.jpg,0.51997447
2024-10-11 20:30:00,/Volumes/Argus/unk/snap/c1/1728678600.c1.snap.jpg,0.5343565
2024-10-11 21:00:00,/Volumes/Argus/unk/snap/c1/1728680400.c1.snap.jpg,0.5592249
2024-10-11 21:30:00,/Volumes/Argus/unk/snap/c1/1728682200.c1.snap.jpg,0.550558
2024-10-11 22:00:00,/Volumes/Argus/unk/snap/c1/1728684000.c1.snap.jpg,0.50491905
2024-10-11 22:30:00,/Volumes/Argus/unk/snap/c1/1728685800.c1.snap.jpg,0.45863694
2024-10-11 23:00:00,/Volumes/Argus/unk/snap/c1/1728687600.c1.snap.jpg,0.51932037
2024-10-11 23:30:00,/Volumes/Argus/unk/snap/c1/1728689400.c1.snap.jpg,0.55402327
2024-10-12 00:00:00,/Volumes/Argus/unk/snap/c1/1728691200.c1.snap.jpg,0.57912594
2024-10-12 00:30:00,/Volumes/Argus/unk/snap/c1/1728693000.c1.snap.jpg,0.6278477
2024-10-12 01:00:00,/Volumes/Argus/unk/snap/c1/1728694800.c1.snap.jpg,0.65800816
2024-10-12 01:30:00,/Volumes/Argus/unk/snap/c1/1728696600.c1.snap.jpg,0.6577295
2024-10-12 02:00:00,/Volumes/Argus/unk/snap/c1/1728698400.c1.snap.jpg,0.7345576
2024-10-12 02:30:00,/Volumes/Argus/unk/snap/c1/1728700200.c1.snap.jpg,0.7612083
2024-10-12 03:00:00,/Volumes/Argus/unk/snap/c1/1728702000.c1.snap.jpg,0.7759321
2024-10-12 03:30:00,/Volumes/Argus/unk/snap/c1/1728703800.c1.snap.jpg,0.73681927
2024-10-12 04:00:00,/Volumes/Argus/unk/snap/c1/1728705600.c1.snap.jpg,0.69539326
2024-10-12 04:30:00,/Volumes/Argus/unk/snap/c1/1728707400.c1.snap.jpg,0.667386
2024-10-13 17:00:00,/Volumes/Argus/unk/snap/c1/1728838800.c1.snap.jpg,0.99874467
2024-10-13 17:30:00,/Volumes/Argus/unk/snap/c1/1728840600.c1.snap.jpg,0.68900007
2024-10-13 18:00:00,/Volumes/Argus/unk/snap/c1/1728842400.c1.snap.jpg,0.55413264
2024-10-13 18:30:00,/Volumes/Argus/unk/snap/c1/1728844200.c1.snap.jpg,0.6229998
2024-10-13 19:00:00,/Volumes/Argus/unk/snap/c1/1728846000.c1.snap.jpg,0.58845484
2024-10-13 19:30:00,/Volumes/Argus/unk/snap/c1/1728847800.c1.snap.jpg,0.74223214
2024-10-13 20:00:00,/Volumes/Argus/unk/snap/c1/1728849600.c1.snap.jpg,0.71825707
2024-10-13 20:30:00,/Volumes/Argus/unk/snap/c1/1728851400.c1.snap.jpg,0.7296412
2024-10-13 21:00:00,/Volumes/Argus/unk/snap/c1/1728853200.c1.snap.jpg,0.75596917
2024-10-13 21:30:00,/Volumes/Argus/unk/snap/c1/1728855000.c1.snap.jpg,0.7502603
2024-10-13 22:00:00,/Volumes/Argus/unk/snap/c1/1728856800.c1.snap.jpg,0.7767985
2024-10-13 22:30:00,/Volumes/Argus/unk/snap/c1/1728858600.c1.snap.jpg,0.74307716
2024-10-13 23:00:00,/Volumes/Argus/unk/snap/c1/1728860400.c1.snap.jpg,0.81307125
2024-10-13 23:30:00,/Volumes/Argus/unk/snap/c1/1728862200.c1.snap.jpg,0.7291135
2024-10-14 00:00:00,/Volumes/Argus/unk/snap/c1/1728864000.c1.snap.jpg,0.6698489
2024-10-14 00:30:00,/Volumes/Argus/unk/snap/c1/1728865800.c1.snap.jpg,0.7141341
2024-10-14 01:00:00,/Volumes/Argus/unk/snap/c1/1728867600.c1.snap.jpg,0.6458562
2024-10-14 01:30:00,/Volumes/Argus/unk/snap/c1/1728869400.c1.snap.jpg,0.71744114
2024-10-14 02:00:00,/Volumes/Argus/unk/snap/c1/1728871200.c1.snap.jpg,0.74673855
2024-10-14 02:30:00,/Volumes/Argus/unk/snap/c1/1728873000.c1.snap.jpg,0.8167329
2024-10-14 03:00:00,/Volumes/Argus/unk/snap/c1/1728874800.c1.snap.jpg,0.8929367
2024-10-14 03:30:00,/Volumes/Argus/unk/snap/c1/1728876600.c1.snap.jpg,0.8444617
2024-10-14 04:00:00,/Volumes/Argus/unk/snap/c1/1728878400.c1.snap.jpg,0.8395641
2024-10-14 17:00:00,/Volumes/Argus/unk/snap/c1/1728925200.c1.snap.jpg,0.6779828
2024-10-14 17:30:00,/Volumes/Argus/unk/snap/c1/1728927000.c1.snap.jpg,0.6697772
2024-10-14 18:00:00,/Volumes/Argus/unk/snap/c1/1728928800.c1.snap.jpg,0.70419323
2024-10-14 18:30:00,/Volumes/Argus/unk/snap/c1/1728930600.c1.snap.jpg,0.8480097
2024-10-14 19:00:00,/Volumes/Argus/unk/snap/c1/1728932400.c1.snap.jpg,0.5763974
2024-10-14 19:30:00,/Volumes/Argus/unk/snap/c1/1728934200.c1.snap.jpg,0.5999397
2024-10-14 20:00:00,/Volumes/Argus/unk/snap/c1/1728936000.c1.snap.jpg,0.75734806
2024-10-14 20:30:00,/Volumes/Argus/unk/snap/c1/1728937800.c1.snap.jpg,0.71973944
2024-10-14 21:00:00,/Volumes/Argus/unk/snap/c1/1728939600.c1.snap.jpg,0.7531102
2024-10-14 21:30:00,/Volumes/Argus/unk/snap/c1/1728941400.c1.snap.jpg,0.7495022
2024-10-14 22:00:00,/Volumes/Argus/unk/snap/c1/1728943200.c1.snap.jpg,0.82112944
2024-10-14 22:30:00,/Volumes/Argus/unk/snap/c1/1728945000.c1.snap.jpg,0.92515355
2024-10-14 23:00:00,/Volumes/Argus/unk/snap/c1/1728946800.c1.snap.jpg,1.058212
2024-10-14 23:30:00,/Volumes/Argus/unk/snap/c1/1728948600.c1.snap.jpg,0.8768469
2024-10-15 00:00:00,/Volumes/Argus/unk/snap/c1/1728950400.c1.snap.jpg,0.9150377
2024-10-15 00:30:00,/Volumes/Argus/unk/snap/c1/1728952200.c1.snap.jpg,0.7902732
2024-10-15 01:00:00,/Volumes/Argus/unk/snap/c1/1728954000.c1.snap.jpg,0.8221045
2024-10-15 01:30:00,/Volumes/Argus/unk/snap/c1/1728955800.c1.snap.jpg,0.8492428
2024-10-15 02:00:00,/Volumes/Argus/unk/snap/c1/1728957600.c1.snap.jpg,0.91021013
2024-10-15 02:30:00,/Volumes/Argus/unk/snap/c1/1728959400.c1.snap.jpg,1.0807086
2024-10-15 03:00:00,/Volumes/Argus/unk/snap/c1/1728961200.c1.snap.jpg,0.9100568
2024-10-15 03:30:00,/Volumes/Argus/unk/snap/c1/1728963000.c1.snap.jpg,0.9054955
2024-10-15 04:00:00,/Volumes/Argus/unk/snap/c1/1728964800.c1.snap.jpg,1.1100402
2024-10-15 17:00:00,/Volumes/Argus/unk/snap/c1/1729011600.c1.snap.jpg,0.4597776
2024-10-15 17:30:00,/Volumes/Argus/unk/snap/c1/1729013400.c1.snap.jpg,0.4164496
2024-10-15 18:00:00,/Volumes/Argus/unk/snap/c1/1729015200.c1.snap.jpg,0.2996166
2024-10-15 18:30:00,/Volumes/Argus/unk/snap/c1/1729017000.c1.snap.jpg,0.35115054
2024-10-15 19:00:00,/Volumes/Argus/unk/snap/c1/1729018800.c1.snap.jpg,0.3679332
2024-10-15 19:30:00,/Volumes/Argus/unk/snap/c1/1729020600.c1.snap.jpg,0.41139704
2024-10-15 20:00:00,/Volumes/Argus/unk/snap/c1/1729022400.c1.snap.jpg,0.39696693
2024-10-15 20:30:00,/Volumes/Argus/unk/snap/c1/1729024200.c1.snap.jpg,0.3965092
2024-10-15 21:00:00,/Volumes/Argus/unk/snap/c1/1729026000.c1.snap.jpg,0.35360798
2024-10-15 21:30:00,/Volumes/Argus/unk/snap/c1/1729027800.c1.snap.jpg,0.39251518
2024-10-15 22:00:00,/Volumes/Argus/unk/snap/c1/1729029600.c1.snap.jpg,0.5508369
2024-10-15 22:30:00,/Volumes/Argus/unk/snap/c1/1729031400.c1.snap.jpg,0.53339094
2024-10-15 23:00:00,/Volumes/Argus/unk/snap/c1/1729033200.c1.snap.jpg,0.57564765
2024-10-15 23:30:00,/Volumes/Argus/unk/snap/c1/1729035000.c1.snap.jpg,0.6006514
2024-10-16 00:00:00,/Volumes/Argus/unk/snap/c1/1729036800.c1.snap.jpg,0.68076664
2024-10-16 00:30:00,/Volumes/Argus/unk/snap/c1/1729038600.c1.snap.jpg,0.6191014
2024-10-16 01:00:00,/Volumes/Argus/unk/snap/c1/1729040400.c1.snap.jpg,0.7633525
2024-10-16 01:30:00,/Volumes/Argus/unk/snap/c1/1729042200.c1.snap.jpg,0.8166599
2024-10-16 02:00:00,/Volumes/Argus/unk/snap/c1/1729044000.c1.snap.jpg,0.8421462
2024-10-16 02:30:00,/Volumes/Argus/unk/snap/c1/1729045800.c1.snap.jpg,0.9672935
2024-10-16 03:00:00,/Volumes/Argus/unk/snap/c1/1729047600.c1.snap.jpg,1.048905
2024-10-16 03:30:00,/Volumes/Argus/unk/snap/c1/1729049400.c1.snap.jpg,1.1018772
2024-10-16 04:00:00,/Volumes/Argus/unk/snap/c1/1729051200.c1.snap.jpg,1.0350326
2024-10-17 17:00:00,/Volumes/Argus/unk/snap/c1/1729184400.c1.snap.jpg,0.5696827
2024-10-17 17:30:00,/Volumes/Argus/unk/snap/c1/1729186200.c1.snap.jpg,0.5206122
2024-10-17 18:00:00,/Volumes/Argus/unk/snap/c1/1729188000.c1.snap.jpg,0.33888137
2024-10-17 18:30:00,/Volumes/Argus/unk/snap/c1/1729189800.c1.snap.jpg,0.40444294
2024-10-17 19:30:00,/Volumes/Argus/unk/snap/c1/1729193400.c1.snap.jpg,0.41667596
2024-10-17 20:00:00,/Volumes/Argus/unk/snap/c1/1729195200.c1.snap.jpg,0.44189563
2024-10-17 20:30:00,/Volumes/Argus/unk/snap/c1/1729197000.c1.snap.jpg,0.6767303
2024-10-17 21:00:00,/Volumes/Argus/unk/snap/c1/1729198800.c1.snap.jpg,0.58296514
2024-10-17 21:30:00,/Volumes/Argus/unk/snap/c1/1729200600.c1.snap.jpg,0.41789222
2024-10-17 22:00:00,/Volumes/Argus/unk/snap/c1/1729202400.c1.snap.jpg,0.51071995
2024-10-17 22:30:00,/Volumes/Argus/unk/snap/c1/1729204200.c1.snap.jpg,0.4993505
2024-10-17 23:00:00,/Volumes/Argus/unk/snap/c1/1729206000.c1.snap.jpg,0.38186523
2024-10-17 23:30:00,/Volumes/Argus/unk/snap/c1/1729207800.c1.snap.jpg,0.54198706
2024-10-18 00:00:00,/Volumes/Argus/unk/snap/c1/1729209600.c1.snap.jpg,0.5238399
2024-10-18 00:30:00,/Volumes/Argus/unk/snap/c1/1729211400.c1.snap.jpg,0.55844444
2024-10-18 01:00:00,/Volumes/Argus/unk/snap/c1/1729213200.c1.snap.jpg,0.59823745
2024-10-18 01:30:00,/Volumes/Argus/unk/snap/c1/1729215000.c1.snap.jpg,0.5353017
2024-10-18 02:00:00,/Volumes/Argus/unk/snap/c1/1729216800.c1.snap.jpg,0.4757036
2024-10-18 02:30:00,/Volumes/Argus/unk/snap/c1/1729218600.c1.snap.jpg,0.45965448
2024-10-18 03:00:00,/Volumes/Argus/unk/snap/c1/1729220400.c1.snap.jpg,0.3408087
2024-10-18 03:30:00,/Volumes/Argus/unk/snap/c1/1729222200.c1.snap.jpg,0.34878054
2024-10-18 04:00:00,/Volumes/Argus/unk/snap/c1/1729224000.c1.snap.jpg,0.39950514
2024-10-18 17:00:00,/Volumes/Argus/unk/snap/c1/1729270800.c1.snap.jpg,0.33014
2024-10-18 17:30:00,/Volumes/Argus/unk/snap/c1/1729272600.c1.snap.jpg,0.2931552
2024-10-18 18:00:00,/Volumes/Argus/unk/snap/c1/1729274400.c1.snap.jpg,0.55547005
2024-10-18 18:30:00,/Volumes/Argus/unk/snap/c1/1729276200.c1.snap.jpg,0.36446175
2024-10-18 19:00:00,/Volumes/Argus/unk/snap/c1/1729278000.c1.snap.jpg,0.37660885
2024-10-18 19:30:00,/Volumes/Argus/unk/snap/c1/1729279800.c1.snap.jpg,0.34088376
2024-10-18 20:00:00,/Volumes/Argus/unk/snap/c1/1729281600.c1.snap.jpg,0.25965458
2024-10-18 20:30:00,/Volumes/Argus/unk/snap/c1/1729283400.c1.snap.jpg,0.29334587
2024-10-18 21:00:00,/Volumes/Argus/unk/snap/c1/1729285200.c1.snap.jpg,0.25180936
2024-10-18 21:30:00,/Volumes/Argus/unk/snap/c1/1729287000.c1.snap.jpg,0.23672126
2024-10-18 22:00:00,/Volumes/Argus/unk/snap/c1/1729288800.c1.snap.jpg,0.28340968
2024-10-18 22:30:00,/Volumes/Argus/unk/snap/c1/1729290600.c1.snap.jpg,0.29299322
2024-10-18 23:00:00,/Volumes/Argus/unk/snap/c1/1729292400.c1.snap.jpg,0.2701416
2024-10-18 23:30:00,/Volumes/Argus/unk/snap/c1/1729294200.c1.snap.jpg,0.3406165
2024-10-19 00:00:00,/Volumes/Argus/unk/snap/c1/1729296000.c1.snap.jpg,0.33717918
2024-10-19 00:30:00,/Volumes/Argus/unk/snap/c1/1729297800.c1.snap.jpg,0.324893
2024-10-19 01:00:00,/Volumes/Argus/unk/snap/c1/1729299600.c1.snap.jpg,0.25270784
2024-10-19 01:30:00,/Volumes/Argus/unk/snap/c1/1729301400.c1.snap.jpg,0.27732953
2024-10-19 02:00:00,/Volumes/Argus/unk/snap/c1/1729303200.c1.snap.jpg,0.24803245
2024-10-19 02:30:00,/Volumes/Argus/unk/snap/c1/1729305000.c1.snap.jpg,0.27319816
2024-10-19 03:00:00,/Volumes/Argus/unk/snap/c1/1729306800.c1.snap.jpg,0.23324312
2024-10-19 03:30:00,/Volumes/Argus/unk/snap/c1/1729308600.c1.snap.jpg,0.4554095
2024-10-19 04:00:00,/Volumes/Argus/unk/snap/c1/1729310400.c1.snap.jpg,0.8383684
2024-10-19 17:30:00,/Volumes/Argus/unk/snap/c1/1729359000.c1.snap.jpg,0.48881215
2024-10-19 18:30:00,/Volumes/Argus/unk/snap/c1/1729362600.c1.snap.jpg,0.74919295
2024-10-19 19:30:00,/Volumes/Argus/unk/snap/c1/1729366200.c1.snap.jpg,0.7003193
2024-10-19 20:00:00,/Volumes/Argus/unk/snap/c1/1729368000.c1.snap.jpg,0.51896906
2024-10-19 21:00:00,/Volumes/Argus/unk/snap/c1/1729371600.c1.snap.jpg,0.5984061
2024-10-19 21:30:00,/Volumes/Argus/unk/snap/c1/1729373400.c1.snap.jpg,0.5009378
2024-10-19 22:00:00,/Volumes/Argus/unk/snap/c1/1729375200.c1.snap.jpg,0.5740708
2024-10-19 22:30:00,/Volumes/Argus/unk/snap/c1/1729377000.c1.snap.jpg,0.8144903
2024-10-19 23:00:00,/Volumes/Argus/unk/snap/c1/1729378800.c1.snap.jpg,0.67244697
2024-10-19 23:30:00,/Volumes/Argus/unk/snap/c1/1729380600.c1.snap.jpg,0.8391145
2024-10-20 00:00:00,/Volumes/Argus/unk/snap/c1/1729382400.c1.snap.jpg,0.56479156
2024-10-20 00:30:00,/Volumes/Argus/unk/snap/c1/1729384200.c1.snap.jpg,0.46527088
2024-10-20 01:00:00,/Volumes/Argus/unk/snap/c1/1729386000.c1.snap.jpg,0.50903326
2024-10-20 01:30:00,/Volumes/Argus/unk/snap/c1/1729387800.c1.snap.jpg,0.66712517
2024-10-20 02:00:00,/Volumes/Argus/unk/snap/c1/1729389600.c1.snap.jpg,0.92132676
2024-10-20 02:30:00,/Volumes/Argus/unk/snap/c1/1729391400.c1.snap.jpg,0.93035114
2024-10-20 03:00:00,/Volumes/Argus/unk/snap/c1/1729393200.c1.snap.jpg,0.85847986
2024-10-20 03:30:00,/Volumes/Argus/unk/snap/c1/1729395000.c1.snap.jpg,0.8427051
2024-10-20 04:00:00,/Volumes/Argus/unk/snap/c1/1729396800.c1.snap.jpg,0.84708023
2024-10-20 17:00:00,/Volumes/Argus/unk/snap/c1/1729443600.c1.snap.jpg,0.5931164
2024-10-20 17:30:00,/Volumes/Argus/unk/snap/c1/1729445400.c1.snap.jpg,0.49295992
2024-10-20 18:00:00,/Volumes/Argus/unk/snap/c1/1729447200.c1.snap.jpg,0.66669124
2024-10-20 18:30:00,/Volumes/Argus/unk/snap/c1/1729449000.c1.snap.jpg,0.6774711
2024-10-20 19:00:00,/Volumes/Argus/unk/snap/c1/1729450800.c1.snap.jpg,0.62770295
2024-10-20 19:30:00,/Volumes/Argus/unk/snap/c1/1729452600.c1.snap.jpg,0.6764799
2024-10-20 20:00:00,/Volumes/Argus/unk/snap/c1/1729454400.c1.snap.jpg,0.51498675
2024-10-20 20:30:00,/Volumes/Argus/unk/snap/c1/1729456200.c1.snap.jpg,0.5866558
2024-10-20 21:00:00,/Volumes/Argus/unk/snap/c1/1729458000.c1.snap.jpg,0.6262263
2024-10-20 21:30:00,/Volumes/Argus/unk/snap/c1/1729459800.c1.snap.jpg,0.66235876
2024-10-20 22:00:00,/Volumes/Argus/unk/snap/c1/1729461600.c1.snap.jpg,0.5996067
2024-10-20 22:30:00,/Volumes/Argus/unk/snap/c1/1729463400.c1.snap.jpg,0.6867174
2024-10-20 23:00:00,/Volumes/Argus/unk/snap/c1/1729465200.c1.snap.jpg,0.70792466
2024-10-20 23:30:00,/Volumes/Argus/unk/snap/c1/1729467000.c1.snap.jpg,0.5532147
2024-10-21 00:00:00,/Volumes/Argus/unk/snap/c1/1729468800.c1.snap.jpg,0.6661213
2024-10-21 00:30:00,/Volumes/Argus/unk/snap/c1/1729470600.c1.snap.jpg,0.99547994
2024-10-21 01:30:00,/Volumes/Argus/unk/snap/c1/1729474200.c1.snap.jpg,0.92485017
2024-10-21 02:00:00,/Volumes/Argus/unk/snap/c1/1729476000.c1.snap.jpg,0.940612
2024-10-21 02:30:00,/Volumes/Argus/unk/snap/c1/1729477800.c1.snap.jpg,0.89694893
2024-10-21 03:00:00,/Volumes/Argus/unk/snap/c1/1729479600.c1.snap.jpg,0.97954845
2024-10-21 03:30:00,/Volumes/Argus/unk/snap/c1/1729481400.c1.snap.jpg,0.80456513
2024-10-21 04:00:00,/Volumes/Argus/unk/snap/c1/1729483200.c1.snap.jpg,0.78162575
2024-10-21 17:30:00,/Volumes/Argus/unk/snap/c1/1729531800.c1.snap.jpg,1.408383
2024-10-21 18:00:00,/Volumes/Argus/unk/snap/c1/1729533600.c1.snap.jpg,1.3601673
2024-10-21 18:30:00,/Volumes/Argus/unk/snap/c1/1729535400.c1.snap.jpg,1.3832179
2024-10-21 19:00:00,/Volumes/Argus/unk/snap/c1/1729537200.c1.snap.jpg,1.3784904
2024-10-21 19:30:00,/Volumes/Argus/unk/snap/c1/1729539000.c1.snap.jpg,1.3661443
2024-10-21 20:00:00,/Volumes/Argus/unk/snap/c1/1729540800.c1.snap.jpg,1.4382237
2024-10-21 20:30:00,/Volumes/Argus/unk/snap/c1/1729542600.c1.snap.jpg,1.441646
2024-10-21 21:00:00,/Volumes/Argus/unk/snap/c1/1729544400.c1.snap.jpg,1.4093227
2024-10-21 21:30:00,/Volumes/Argus/unk/snap/c1/1729546200.c1.snap.jpg,1.4005455
2024-10-21 22:00:00,/Volumes/Argus/unk/snap/c1/1729548000.c1.snap.jpg,1.2853854
2024-10-21 22:30:00,/Volumes/Argus/unk/snap/c1/1729549800.c1.snap.jpg,1.3336859
2024-10-21 23:00:00,/Volumes/Argus/unk/snap/c1/1729551600.c1.snap.jpg,1.0460907
2024-10-21 23:30:00,/Volumes/Argus/unk/snap/c1/1729553400.c1.snap.jpg,1.2421138
2024-10-22 00:00:00,/Volumes/Argus/unk/snap/c1/1729555200.c1.snap.jpg,1.4791365
2024-10-22 00:30:00,/Volumes/Argus/unk/snap/c1/1729557000.c1.snap.jpg,1.4655473
2024-10-22 01:00:00,/Volumes/Argus/unk/snap/c1/1729558800.c1.snap.jpg,0.9410469
2024-10-22 01:30:00,/Volumes/Argus/unk/snap/c1/1729560600.c1.snap.jpg,1.43637
2024-10-22 02:00:00,/Volumes/Argus/unk/snap/c1/1729562400.c1.snap.jpg,1.2974876
2024-10-22 02:30:00,/Volumes/Argus/unk/snap/c1/1729564200.c1.snap.jpg,1.3741145
2024-10-22 03:00:00,/Volumes/Argus/unk/snap/c1/1729566000.c1.snap.jpg,1.191062
2024-10-22 03:30:00,/Volumes/Argus/unk/snap/c1/1729567800.c1.snap.jpg,1.2657572
2024-10-22 17:30:00,/Volumes/Argus/unk/snap/c1/1729618200.c1.snap.jpg,1.3623989
2024-10-22 18:00:00,/Volumes/Argus/unk/snap/c1/1729620000.c1.snap.jpg,0.9089923
2024-10-22 18:30:00,/Volumes/Argus/unk/snap/c1/1729621800.c1.snap.jpg,1.5551904
2024-10-22 19:00:00,/Volumes/Argus/unk/snap/c1/1729623600.c1.snap.jpg,0.70029956
2024-10-22 19:30:00,/Volumes/Argus/unk/snap/c1/1729625400.c1.snap.jpg,1.497824
2024-10-22 20:00:00,/Volumes/Argus/unk/snap/c1/1729627200.c1.snap.jpg,0.42003763
2024-10-22 20:30:00,/Volumes/Argus/unk/snap/c1/1729629000.c1.snap.jpg,1.0118743
2024-10-22 21:00:00,/Volumes/Argus/unk/snap/c1/1729630800.c1.snap.jpg,0.8339725
2024-10-22 22:00:00,/Volumes/Argus/unk/snap/c1/1729634400.c1.snap.jpg,2.1906476
2024-10-22 22:30:00,/Volumes/Argus/unk/snap/c1/1729636200.c1.snap.jpg,1.3157356
2024-10-22 23:00:00,/Volumes/Argus/unk/snap/c1/1729638000.c1.snap.jpg,1.3114914
2024-10-22 23:30:00,/Volumes/Argus/unk/snap/c1/1729639800.c1.snap.jpg,1.506046
2024-10-23 00:00:00,/Volumes/Argus/unk/snap/c1/1729641600.c1.snap.jpg,1.4845251
2024-10-23 00:30:00,/Volumes/Argus/unk/snap/c1/1729643400.c1.snap.jpg,1.1060345
2024-10-23 01:00:00,/Volumes/Argus/unk/snap/c1/1729645200.c1.snap.jpg,1.3678018
2024-10-23 01:30:00,/Volumes/Argus/unk/snap/c1/1729647000.c1.snap.jpg,1.0199502
2024-10-23 02:00:00,/Volumes/Argus/unk/snap/c1/1729648800.c1.snap.jpg,1.2119085
2024-10-23 02:30:00,/Volumes/Argus/unk/snap/c1/1729650600.c1.snap.jpg,1.2647244
2024-10-23 03:00:00,/Volumes/Argus/unk/snap/c1/1729652400.c1.snap.jpg,1.234436
2024-10-23 03:30:00,/Volumes/Argus/unk/snap/c1/1729654200.c1.snap.jpg,1.3025113
2024-10-24 00:30:00,/Volumes/Argus/unk/snap/c1/1729729800.c1.snap.jpg,0.76231194
2024-10-24 01:00:00,/Volumes/Argus/unk/snap/c1/1729731600.c1.snap.jpg,0.78738654
2024-10-24 01:30:00,/Volumes/Argus/unk/snap/c1/1729733400.c1.snap.jpg,0.8122518
2024-10-24 02:00:00,/Volumes/Argus/unk/snap/c1/1729735200.c1.snap.jpg,0.82295376
2024-10-24 02:30:00,/Volumes/Argus/unk/snap/c1/1729737000.c1.snap.jpg,0.60386324
2024-10-24 03:00:00,/Volumes/Argus/unk/snap/c1/1729738800.c1.snap.jpg,0.6673794
2024-10-24 03:30:00,/Volumes/Argus/unk/snap/c1/1729740600.c1.snap.jpg,0.6246685
2024-10-24 17:30:00,/Volumes/Argus/unk/snap/c1/1729791000.c1.snap.jpg,0.42545497
2024-10-24 18:00:00,/Volumes/Argus/unk/snap/c1/1729792800.c1.snap.jpg,0.44565678
2024-10-24 18:30:00,/Volumes/Argus/unk/snap/c1/1729794600.c1.snap.jpg,0.45723623
2024-10-24 19:00:00,/Volumes/Argus/unk/snap/c1/1729796400.c1.snap.jpg,0.53863657
2024-10-24 19:30:00,/Volumes/Argus/unk/snap/c1/1729798200.c1.snap.jpg,0.60136247
2024-10-24 20:00:00,/Volumes/Argus/unk/snap/c1/1729800000.c1.snap.jpg,0.54066235
2024-10-24 20:30:00,/Volumes/Argus/unk/snap/c1/1729801800.c1.snap.jpg,0.6035353
2024-10-24 21:00:00,/Volumes/Argus/unk/snap/c1/1729803600.c1.snap.jpg,0.7161709
2024-10-24 21:30:00,/Volumes/Argus/unk/snap/c1/1729805400.c1.snap.jpg,0.9372003
2024-10-24 22:00:00,/Volumes/Argus/unk/snap/c1/1729807200.c1.snap.jpg,1.1410171
2024-10-24 22:30:00,/Volumes/Argus/unk/snap/c1/1729809000.c1.snap.jpg,0.68875694
2024-10-24 23:00:00,/Volumes/Argus/unk/snap/c1/1729810800.c1.snap.jpg,0.66520107
2024-10-24 23:30:00,/Volumes/Argus/unk/snap/c1/1729812600.c1.snap.jpg,0.7234471
2024-10-25 00:00:00,/Volumes/Argus/unk/snap/c1/1729814400.c1.snap.jpg,0.6596843
2024-10-25 00:30:00,/Volumes/Argus/unk/snap/c1/1729816200.c1.snap.jpg,0.65599364
2024-10-25 01:00:00,/Volumes/Argus/unk/snap/c1/1729818000.c1.snap.jpg,0.681198
2024-10-25 01:30:00,/Volumes/Argus/unk/snap/c1/1729819800.c1.snap.jpg,0.69780713
2024-10-25 02:00:00,/Volumes/Argus/unk/snap/c1/1729821600.c1.snap.jpg,0.80926
2024-10-25 02:30:00,/Volumes/Argus/unk/snap/c1/1729823400.c1.snap.jpg,0.6436285
2024-10-25 03:00:00,/Volumes/Argus/unk/snap/c1/1729825200.c1.snap.jpg,0.80391085
2024-10-25 03:30:00,/Volumes/Argus/unk/snap/c1/1729827000.c1.snap.jpg,0.8035663
2024-10-26 17:30:00,/Volumes/Argus/unk/snap/c1/1729963800.c1.snap.jpg,0.49217916
2024-10-26 18:00:00,/Volumes/Argus/unk/snap/c1/1729965600.c1.snap.jpg,0.44496685
2024-10-26 18:30:00,/Volumes/Argus/unk/snap/c1/1729967400.c1.snap.jpg,0.54962033
2024-10-26 19:00:00,/Volumes/Argus/unk/snap/c1/1729969200.c1.snap.jpg,0.53788257
2024-10-26 19:30:00,/Volumes/Argus/unk/snap/c1/1729971000.c1.snap.jpg,0.5162782
2024-10-26 20:00:00,/Volumes/Argus/unk/snap/c1/1729972800.c1.snap.jpg,0.42131394
2024-10-26 20:30:00,/Volumes/Argus/unk/snap/c1/1729974600.c1.snap.jpg,0.5252322
2024-10-26 21:00:00,/Volumes/Argus/unk/snap/c1/1729976400.c1.snap.jpg,0.37092406
2024-10-26 21:30:00,/Volumes/Argus/unk/snap/c1/1729978200.c1.snap.jpg,0.75204885
2024-10-26 22:00:00,/Volumes/Argus/unk/snap/c1/1729980000.c1.snap.jpg,0.6035556
2024-10-26 22:30:00,/Volumes/Argus/unk/snap/c1/1729981800.c1.snap.jpg,0.4587703
2024-10-26 23:00:00,/Volumes/Argus/unk/snap/c1/1729983600.c1.snap.jpg,0.5164826
2024-10-26 23:30:00,/Volumes/Argus/unk/snap/c1/1729985400.c1.snap.jpg,0.47249871
2024-10-27 00:00:00,/Volumes/Argus/unk/snap/c1/1729987200.c1.snap.jpg,0.47040802
2024-10-27 00:30:00,/Volumes/Argus/unk/snap/c1/1729989000.c1.snap.jpg,0.5133759
2024-10-27 01:00:00,/Volumes/Argus/unk/snap/c1/1729990800.c1.snap.jpg,0.65335345
2024-10-27 01:30:00,/Volumes/Argus/unk/snap/c1/1729992600.c1.snap.jpg,0.5876983
2024-10-27 02:00:00,/Volumes/Argus/unk/snap/c1/1729994400.c1.snap.jpg,0.62715065
2024-10-27 02:30:00,/Volumes/Argus/unk/snap/c1/1729996200.c1.snap.jpg,0.4152008
2024-10-27 03:00:00,/Volumes/Argus/unk/snap/c1/1729998000.c1.snap.jpg,0.35460538
2024-10-27 03:30:00,/Volumes/Argus/unk/snap/c1/1729999800.c1.snap.jpg,0.5022116
