time,path,H
2024-10-28 17:30:00,/Volumes/Argus/unk/snap/c1/1730136600.c1.snap.jpg,1.3915025
2024-10-28 18:00:00,/Volumes/Argus/unk/snap/c1/1730138400.c1.snap.jpg,0.7473981
2024-10-28 18:30:00,/Volumes/Argus/unk/snap/c1/1730140200.c1.snap.jpg,1.0494783
2024-10-28 19:00:00,/Volumes/Argus/unk/snap/c1/1730142000.c1.snap.jpg,0.9086306
2024-10-28 19:30:00,/Volumes/Argus/unk/snap/c1/1730143800.c1.snap.jpg,0.9033418
2024-10-28 20:00:00,/Volumes/Argus/unk/snap/c1/1730145600.c1.snap.jpg,1.0329262
2024-10-28 20:30:00,/Volumes/Argus/unk/snap/c1/1730147400.c1.snap.jpg,0.79307544
2024-10-28 21:00:00,/Volumes/Argus/unk/snap/c1/1730149200.c1.snap.jpg,0.9566836
2024-10-28 21:30:00,/Volumes/Argus/unk/snap/c1/1730151000.c1.snap.jpg,1.1021376
2024-10-28 22:00:00,/Volumes/Argus/unk/snap/c1/1730152800.c1.snap.jpg,0.9408443
2024-10-28 22:30:00,/Volumes/Argus/unk/snap/c1/1730154600.c1.snap.jpg,1.0752023
2024-10-28 23:00:00,/Volumes/Argus/unk/snap/c1/1730156400.c1.snap.jpg,0.8418994
2024-10-28 23:30:00,/Volumes/Argus/unk/snap/c1/1730158200.c1.snap.jpg,0.41148782
2024-10-29 00:00:00,/Volumes/Argus/unk/snap/c1/1730160000.c1.snap.jpg,0.6755272
2024-10-29 00:30:00,/Volumes/Argus/unk/snap/c1/1730161800.c1.snap.jpg,0.7530352
2024-10-29 01:00:00,/Volumes/Argus/unk/snap/c1/1730163600.c1.snap.jpg,0.742379
2024-10-29 01:30:00,/Volumes/Argus/unk/snap/c1/1730165400.c1.snap.jpg,0.6700643
2024-10-29 02:00:00,/Volumes/Argus/unk/snap/c1/1730167200.c1.snap.jpg,0.58088773
2024-10-29 02:30:00,/Volumes/Argus/unk/snap/c1/1730169000.c1.snap.jpg,0.56594026
2024-10-29 03:00:00,/Volumes/Argus/unk/snap/c1/1730170800.c1.snap.jpg,0.6562022
2024-10-29 03:30:00,/Volumes/Argus/unk/snap/c1/1730172600.c1.snap.jpg,1.2338789
2024-10-29 17:30:00,/Volumes/Argus/unk/snap/c1/1730223000.c1.snap.jpg,0.701468
2024-10-29 18:00:00,/Volumes/Argus/unk/snap/c1/1730224800.c1.snap.jpg,0.6020305
2024-10-29 18:30:00,/Volumes/Argus/unk/snap/c1/1730226600.c1.snap.jpg,0.5316757
2024-10-29 19:00:00,/Volumes/Argus/unk/snap/c1/1730228400.c1.snap.jpg,0.63140464
2024-10-29 19:30:00,/Volumes/Argus/unk/snap/c1/1730230200.c1.snap.jpg,0.48684204
2024-10-29 20:00:00,/Volumes/Argus/unk/snap/c1/1730232000.c1.snap.jpg,0.53124833
2024-10-29 20:30:00,/Volumes/Argus/unk/snap/c1/1730233800.c1.snap.jpg,0.41740602
2024-10-29 21:00:00,/Volumes/Argus/unk/snap/c1/1730235600.c1.snap.jpg,0.5764195
2024-10-29 21:30:00,/Volumes/Argus/unk/snap/c1/1730237400.c1.snap.jpg,0.55700004
2024-10-29 22:00:00,/Volumes/Argus/unk/snap/c1/1730239200.c1.snap.jpg,0.4673077
2024-10-29 22:30:00,/Volumes/Argus/unk/snap/c1/1730241000.c1.snap.jpg,0.52401996
2024-10-29 23:00:00,/Volumes/Argus/unk/snap/c1/1730242800.c1.snap.jpg,0.3984272
2024-10-29 23:30:00,/Volumes/Argus/unk/snap/c1/1730244600.c1.snap.jpg,0.4501282
2024-10-30 00:00:00,/Volumes/Argus/unk/snap/c1/1730246400.c1.snap.jpg,0.5874051
2024-10-30 00:30:00,/Volumes/Argus/unk/snap/c1/1730248200.c1.snap.jpg,0.5294686
2024-10-30 01:00:00,/Volumes/Argus/unk/snap/c1/1730250000.c1.snap.jpg,0.5452894
2024-10-30 01:30:00,/Volumes/Argus/unk/snap/c1/1730251800.c1.snap.jpg,0.4632345
2024-10-30 02:00:00,/Volumes/Argus/unk/snap/c1/1730253600.c1.snap.jpg,0.53586316
2024-10-30 02:30:00,/Volumes/Argus/unk/snap/c1/1730255400.c1.snap.jpg,0.56370497
2024-10-30 03:00:00,/Volumes/Argus/unk/snap/c1/1730257200.c1.snap.jpg,0.9933274
2024-10-30 03:30:00,/Volumes/Argus/unk/snap/c1/1730259000.c1.snap.jpg,0.6591506
2024-10-30 17:30:00,/Volumes/Argus/unk/snap/c1/1730309400.c1.snap.jpg,0.571309
2024-10-30 18:00:00,/Volumes/Argus/unk/snap/c1/1730311200.c1.snap.jpg,0.6812575
2024-10-30 18:30:00,/Volumes/Argus/unk/snap/c1/1730313000.c1.snap.jpg,0.80215335
2024-10-30 19:00:00,/Volumes/Argus/unk/snap/c1/1730314800.c1.snap.jpg,0.88273704
2024-10-30 19:30:00,/Volumes/Argus/unk/snap/c1/1730316600.c1.snap.jpg,0.7416927
2024-10-30 20:00:00,/Volumes/Argus/unk/snap/c1/1730318400.c1.snap.jpg,0.7584543
2024-10-30 20:30:00,/Volumes/Argus/unk/snap/c1/1730320200.c1.snap.jpg,0.71321535
2024-10-30 21:00:00,/Volumes/Argus/unk/snap/c1/1730322000.c1.snap.jpg,0.67828804
2024-10-30 21:30:00,/Volumes/Argus/unk/snap/c1/1730323800.c1.snap.jpg,0.5697907
2024-10-30 22:00:00,/Volumes/Argus/unk/snap/c1/1730325600.c1.snap.jpg,0.8135947
2024-10-30 22:30:00,/Volumes/Argus/unk/snap/c1/1730327400.c1.snap.jpg,0.7064466
2024-10-30 23:00:00,/Volumes/Argus/unk/snap/c1/1730329200.c1.snap.jpg,0.75761867
2024-10-30 23:30:00,/Volumes/Argus/unk/snap/c1/1730331000.c1.snap.jpg,0.7263586
2024-10-31 00:00:00,/Volumes/Argus/unk/snap/c1/1730332800.c1.snap.jpg,0.7889678
2024-10-31 00:30:00,/Volumes/Argus/unk/snap/c1/1730334600.c1.snap.jpg,0.72194844
2024-10-31 01:00:00,/Volumes/Argus/unk/snap/c1/1730336400.c1.snap.jpg,0.81242454
2024-10-31 01:30:00,/Volumes/Argus/unk/snap/c1/1730338200.c1.snap.jpg,0.7964792
2024-10-31 02:00:00,/Volumes/Argus/unk/snap/c1/1730340000.c1.snap.jpg,0.69687647
2024-10-31 02:30:00,/Volumes/Argus/unk/snap/c1/1730341800.c1.snap.jpg,0.71053755
2024-10-31 03:00:00,/Volumes/Argus/unk/snap/c1/1730343600.c1.snap.jpg,0.5886164
2024-10-31 03:30:00,/Volumes/Argus/unk/snap/c1/1730345400.c1.snap.jpg,0.55396086
2024-10-31 17:30:00,/Volumes/Argus/unk/snap/c1/1730395800.c1.snap.jpg,1.1121974
2024-10-31 18:00:00,/Volumes/Argus/unk/snap/c1/1730397600.c1.snap.jpg,0.8422135
2024-10-31 18:30:00,/Volumes/Argus/unk/snap/c1/1730399400.c1.snap.jpg,0.5719247
2024-10-31 19:00:00,/Volumes/Argus/unk/snap/c1/1730401200.c1.snap.jpg,0.50162995
2024-10-31 19:30:00,/Volumes/Argus/unk/snap/c1/1730403000.c1.snap.jpg,0.37774298
2024-10-31 20:00:00,/Volumes/Argus/unk/snap/c1/1730404800.c1.snap.jpg,0.5418772
2024-10-31 20:30:00,/Volumes/Argus/unk/snap/c1/1730406600.c1.snap.jpg,0.5400975
2024-10-31 21:00:00,/Volumes/Argus/unk/snap/c1/1730408400.c1.snap.jpg,0.60118556
2024-10-31 21:30:00,/Volumes/Argus/unk/snap/c1/1730410200.c1.snap.jpg,0.5402325
2024-10-31 22:00:00,/Volumes/Argus/unk/snap/c1/1730412000.c1.snap.jpg,0.5055842
2024-10-31 22:30:00,/Volumes/Argus/unk/snap/c1/1730413800.c1.snap.jpg,0.4718392
2024-10-31 23:00:00,/Volumes/Argus/unk/snap/c1/1730415600.c1.snap.jpg,0.5894623
2024-10-31 23:30:00,/Volumes/Argus/unk/snap/c1/1730417400.c1.snap.jpg,0.5234177
2024-11-01 00:00:00,/Volumes/Argus/unk/snap/c1/1730419200.c1.snap.jpg,0.57043177
2024-11-01 00:30:00,/Volumes/Argus/unk/snap/c1/1730421000.c1.snap.jpg,0.6709359
2024-11-01 01:00:00,/Volumes/Argus/unk/snap/c1/1730422800.c1.snap.jpg,0.7248841
2024-11-01 01:30:00,/Volumes/Argus/unk/snap/c1/1730424600.c1.snap.jpg,0.5565157
2024-11-01 02:00:00,/Volumes/Argus/unk/snap/c1/1730426400.c1.snap.jpg,0.4892885
2024-11-01 02:30:00,/Volumes/Argus/unk/snap/c1/1730428200.c1.snap.jpg,0.48695242
2024-11-01 03:00:00,/Volumes/Argus/unk/snap/c1/1730430000.c1.snap.jpg,0.5278579
2024-11-02 18:00:00,/Volumes/Argus/unk/snap/c1/1730570400.c1.snap.jpg,0.2917999
2024-11-02 18:30:00,/Volumes/Argus/unk/snap/c1/1730572200.c1.snap.jpg,0.33124104
2024-11-02 19:00:00,/Volumes/Argus/unk/snap/c1/1730574000.c1.snap.jpg,0.31980464
2024-11-02 19:30:00,/Volumes/Argus/unk/snap/c1/1730575800.c1.snap.jpg,0.36040765
2024-11-02 20:00:00,/Volumes/Argus/unk/snap/c1/1730577600.c1.snap.jpg,0.44274017
2024-11-02 20:30:00,/Volumes/Argus/unk/snap/c1/1730579400.c1.snap.jpg,0.48013481
2024-11-02 21:00:00,/Volumes/Argus/unk/snap/c1/1730581200.c1.snap.jpg,0.5337111
2024-11-02 21:30:00,/Volumes/Argus/unk/snap/c1/1730583000.c1.snap.jpg,0.5993179
2024-11-02 22:00:00,/Volumes/Argus/unk/snap/c1/1730584800.c1.snap.jpg,0.61515087
2024-11-02 22:30:00,/Volumes/Argus/unk/snap/c1/1730586600.c1.snap.jpg,0.5899108
2024-11-02 23:00:00,/Volumes/Argus/unk/snap/c1/1730588400.c1.snap.jpg,0.4840322
2024-11-02 23:30:00,/Volumes/Argus/unk/snap/c1/1730590200.c1.snap.jpg,0.5003179
2024-11-03 00:00:00,/Volumes/Argus/unk/snap/c1/1730592000.c1.snap.jpg,0.54738307
2024-11-03 01:00:00,/Volumes/Argus/unk/snap/c1/1730595600.c1.snap.jpg,0.4477012
2024-11-03 01:30:00,/Volumes/Argus/unk/snap/c1/1730597400.c1.snap.jpg,0.4856068
2024-11-03 02:00:00,/Volumes/Argus/unk/snap/c1/1730599200.c1.snap.jpg,0.4973665
2024-11-03 02:30:00,/Volumes/Argus/unk/snap/c1/1730601000.c1.snap.jpg,0.4826035
2024-11-03 03:00:00,/Volumes/Argus/unk/snap/c1/1730602800.c1.snap.jpg,0.567464
2024-11-03 18:00:00,/Volumes/Argus/unk/snap/c1/1730656800.c1.snap.jpg,0.2929455
2024-11-03 18:30:00,/Volumes/Argus/unk/snap/c1/1730658600.c1.snap.jpg,0.39668828
2024-11-03 19:00:00,/Volumes/Argus/unk/snap/c1/1730660400.c1.snap.jpg,0.31110853
2024-11-03 19:30:00,/Volumes/Argus/unk/snap/c1/1730662200.c1.snap.jpg,0.39209178
2024-11-03 20:00:00,/Volumes/Argus/unk/snap/c1/1730664000.c1.snap.jpg,0.45300585
2024-11-03 20:30:00,/Volumes/Argus/unk/snap/c1/1730665800.c1.snap.jpg,0.3867896
2024-11-03 21:00:00,/Volumes/Argus/unk/snap/c1/1730667600.c1.snap.jpg,0.3882929
2024-11-03 21:30:00,/Volumes/Argus/unk/snap/c1/1730669400.c1.snap.jpg,0.41222233
2024-11-03 22:00:00,/Volumes/Argus/unk/snap/c1/1730671200.c1.snap.jpg,0.41945297
2024-11-03 22:30:00,/Volumes/Argus/unk/snap/c1/1730673000.c1.snap.jpg,0.43117934
2024-11-03 23:00:00,/Volumes/Argus/unk/snap/c1/1730674800.c1.snap.jpg,0.447051
2024-11-03 23:30:00,/Volumes/Argus/unk/snap/c1/1730676600.c1.snap.jpg,0.4671476
2024-11-04 00:00:00,/Volumes/Argus/unk/snap/c1/1730678400.c1.snap.jpg,0.5011889
2024-11-04 00:30:00,/Volumes/Argus/unk/snap/c1/1730680200.c1.snap.jpg,0.55610204
2024-11-04 01:00:00,/Volumes/Argus/unk/snap/c1/1730682000.c1.snap.jpg,0.3345945
2024-11-04 01:30:00,/Volumes/Argus/unk/snap/c1/1730683800.c1.snap.jpg,0.3672076
2024-11-04 02:00:00,/Volumes/Argus/unk/snap/c1/1730685600.c1.snap.jpg,0.34462458
2024-11-04 18:00:00,/Volumes/Argus/unk/snap/c1/1730743200.c1.snap.jpg,0.56272215
2024-11-04 18:30:00,/Volumes/Argus/unk/snap/c1/1730745000.c1.snap.jpg,0.6083316
2024-11-04 19:00:00,/Volumes/Argus/unk/snap/c1/1730746800.c1.snap.jpg,0.5366025
2024-11-04 19:30:00,/Volumes/Argus/unk/snap/c1/1730748600.c1.snap.jpg,0.8866172
2024-11-04 20:00:00,/Volumes/Argus/unk/snap/c1/1730750400.c1.snap.jpg,0.96225226
2024-11-04 20:30:00,/Volumes/Argus/unk/snap/c1/1730752200.c1.snap.jpg,0.9789782
2024-11-04 21:00:00,/Volumes/Argus/unk/snap/c1/1730754000.c1.snap.jpg,0.8879132
2024-11-04 21:30:00,/Volumes/Argus/unk/snap/c1/1730755800.c1.snap.jpg,0.72278917
2024-11-04 22:00:00,/Volumes/Argus/unk/snap/c1/1730757600.c1.snap.jpg,1.0475392
2024-11-04 22:30:00,/Volumes/Argus/unk/snap/c1/1730759400.c1.snap.jpg,0.6850894
2024-11-04 23:00:00,/Volumes/Argus/unk/snap/c1/1730761200.c1.snap.jpg,0.5942107
2024-11-04 23:30:00,/Volumes/Argus/unk/snap/c1/1730763000.c1.snap.jpg,0.5971863
2024-11-05 00:00:00,/Volumes/Argus/unk/snap/c1/1730764800.c1.snap.jpg,0.74913335
2024-11-05 00:30:00,/Volumes/Argus/unk/snap/c1/1730766600.c1.snap.jpg,0.8512548
2024-11-05 01:00:00,/Volumes/Argus/unk/snap/c1/1730768400.c1.snap.jpg,0.7448462
2024-11-05 01:30:00,/Volumes/Argus/unk/snap/c1/1730770200.c1.snap.jpg,1.2484068
2024-11-05 02:00:00,/Volumes/Argus/unk/snap/c1/1730772000.c1.snap.jpg,0.58421844
2024-11-05 02:30:00,/Volumes/Argus/unk/snap/c1/1730773800.c1.snap.jpg,0.72090423
2024-11-05 03:00:00,/Volumes/Argus/unk/snap/c1/1730775600.c1.snap.jpg,0.6063197
2024-11-05 18:00:00,/Volumes/Argus/unk/snap/c1/1730829600.c1.snap.jpg,0.6910325
2024-11-05 18:30:00,/Volumes/Argus/unk/snap/c1/1730831400.c1.snap.jpg,0.6380053
2024-11-05 19:00:00,/Volumes/Argus/unk/snap/c1/1730833200.c1.snap.jpg,0.544044
2024-11-05 19:30:00,/Volumes/Argus/unk/snap/c1/1730835000.c1.snap.jpg,0.5663199
2024-11-05 20:00:00,/Volumes/Argus/unk/snap/c1/1730836800.c1.snap.jpg,0.53341347
2024-11-05 21:00:00,/Volumes/Argus/unk/snap/c1/1730840400.c1.snap.jpg,0.5660775
2024-11-05 21:30:00,/Volumes/Argus/unk/snap/c1/1730842200.c1.snap.jpg,0.46694657
2024-11-05 22:00:00,/Volumes/Argus/unk/snap/c1/1730844000.c1.snap.jpg,0.51544654
2024-11-05 22:30:00,/Volumes/Argus/unk/snap/c1/1730845800.c1.snap.jpg,0.5019164
2024-11-05 23:30:00,/Volumes/Argus/unk/snap/c1/1730849400.c1.snap.jpg,0.5832527
2024-11-06 00:00:00,/Volumes/Argus/unk/snap/c1/1730851200.c1.snap.jpg,0.67318535
2024-11-06 00:30:00,/Volumes/Argus/unk/snap/c1/1730853000.c1.snap.jpg,0.6330256
2024-11-06 01:00:00,/Volumes/Argus/unk/snap/c1/1730854800.c1.snap.jpg,0.5913273
2024-11-06 01:30:00,/Volumes/Argus/unk/snap/c1/1730856600.c1.snap.jpg,0.65649354
2024-11-06 02:00:00,/Volumes/Argus/unk/snap/c1/1730858400.c1.snap.jpg,0.59972095
2024-11-06 02:30:00,/Volumes/Argus/unk/snap/c1/1730860200.c1.snap.jpg,0.67120874
2024-11-06 03:00:00,/Volumes/Argus/unk/snap/c1/1730862000.c1.snap.jpg,0.6846992
2024-11-07 18:00:00,/Volumes/Argus/unk/snap/c1/1731002400.c1.snap.jpg,0.51502514
2024-11-07 18:30:00,/Volumes/Argus/unk/snap/c1/1731004200.c1.snap.jpg,0.8638195
2024-11-07 19:00:00,/Volumes/Argus/unk/snap/c1/1731006000.c1.snap.jpg,0.583542
2024-11-07 19:30:00,/Volumes/Argus/unk/snap/c1/1731007800.c1.snap.jpg,1.0715991
2024-11-07 20:00:00,/Volumes/Argus/unk/snap/c1/1731009600.c1.snap.jpg,1.1688375
2024-11-07 20:30:00,/Volumes/Argus/unk/snap/c1/1731011400.c1.snap.jpg,0.83969784
2024-11-07 21:00:00,/Volumes/Argus/unk/snap/c1/1731013200.c1.snap.jpg,1.1054554
2024-11-07 21:30:00,/Volumes/Argus/unk/snap/c1/1731015000.c1.snap.jpg,0.98221505
2024-11-07 22:00:00,/Volumes/Argus/unk/snap/c1/1731016800.c1.snap.jpg,1.0805933
2024-11-07 22:30:00,/Volumes/Argus/unk/snap/c1/1731018600.c1.snap.jpg,0.7544871
2024-11-07 23:00:00,/Volumes/Argus/unk/snap/c1/1731020400.c1.snap.jpg,0.8315972
2024-11-07 23:30:00,/Volumes/Argus/unk/snap/c1/1731022200.c1.snap.jpg,0.84691215
2024-11-08 00:00:00,/Volumes/Argus/unk/snap/c1/1731024000.c1.snap.jpg,0.96810555
2024-11-08 00:30:00,/Volumes/Argus/unk/snap/c1/1731025800.c1.snap.jpg,1.0052938
2024-11-08 01:00:00,/Volumes/Argus/unk/snap/c1/1731027600.c1.snap.jpg,0.8596426
2024-11-08 01:30:00,/Volumes/Argus/unk/snap/c1/1731029400.c1.snap.jpg,1.1302497
2024-11-08 02:00:00,/Volumes/Argus/unk/snap/c1/1731031200.c1.snap.jpg,0.47723144
2024-11-08 02:30:00,/Volumes/Argus/unk/snap/c1/1731033000.c1.snap.jpg,1.0739195
2024-11-08 03:00:00,/Volumes/Argus/unk/snap/c1/1731034800.c1.snap.jpg,0.6924844
2024-11-08 18:00:00,/Volumes/Argus/unk/snap/c1/1731088800.c1.snap.jpg,0.380562
2024-11-08 18:30:00,/Volumes/Argus/unk/snap/c1/1731090600.c1.snap.jpg,0.53449285
2024-11-08 19:00:00,/Volumes/Argus/unk/snap/c1/1731092400.c1.snap.jpg,0.64266646
2024-11-08 19:30:00,/Volumes/Argus/unk/snap/c1/1731094200.c1.snap.jpg,0.8176181
2024-11-08 20:00:00,/Volumes/Argus/unk/snap/c1/1731096000.c1.snap.jpg,0.5490376
2024-11-08 20:30:00,/Volumes/Argus/unk/snap/c1/1731097800.c1.snap.jpg,0.7776488
2024-11-08 21:00:00,/Volumes/Argus/unk/snap/c1/1731099600.c1.snap.jpg,0.8929016
2024-11-08 21:30:00,/Volumes/Argus/unk/snap/c1/1731101400.c1.snap.jpg,0.8924298
2024-11-08 22:00:00,/Volumes/Argus/unk/snap/c1/1731103200.c1.snap.jpg,0.6413883
2024-11-08 22:30:00,/Volumes/Argus/unk/snap/c1/1731105000.c1.snap.jpg,0.904773
2024-11-08 23:00:00,/Volumes/Argus/unk/snap/c1/1731106800.c1.snap.jpg,0.903806
2024-11-08 23:30:00,/Volumes/Argus/unk/snap/c1/1731108600.c1.snap.jpg,1.0421867
2024-11-09 00:00:00,/Volumes/Argus/unk/snap/c1/1731110400.c1.snap.jpg,0.7906455
2024-11-09 00:30:00,/Volumes/Argus/unk/snap/c1/1731112200.c1.snap.jpg,0.71766114
2024-11-09 01:00:00,/Volumes/Argus/unk/snap/c1/1731114000.c1.snap.jpg,0.6341361
2024-11-09 01:30:00,/Volumes/Argus/unk/snap/c1/1731115800.c1.snap.jpg,0.7093727
2024-11-09 02:00:00,/Volumes/Argus/unk/snap/c1/1731117600.c1.snap.jpg,0.5980178
2024-11-09 02:30:00,/Volumes/Argus/unk/snap/c1/1731119400.c1.snap.jpg,0.86627746
2024-11-09 03:00:00,/Volumes/Argus/unk/snap/c1/1731121200.c1.snap.jpg,0.6596924
2024-11-09 18:00:00,/Volumes/Argus/unk/snap/c1/1731175200.c1.snap.jpg,0.8236013
2024-11-09 18:30:00,/Volumes/Argus/unk/snap/c1/1731177000.c1.snap.jpg,0.8498716
2024-11-09 19:30:00,/Volumes/Argus/unk/snap/c1/1731180600.c1.snap.jpg,0.74939877
2024-11-09 20:00:00,/Volumes/Argus/unk/snap/c1/1731182400.c1.snap.jpg,0.7785665
2024-11-09 20:30:00,/Volumes/Argus/unk/snap/c1/1731184200.c1.snap.jpg,0.66844326
2024-11-09 21:00:00,/Volumes/Argus/unk/snap/c1/1731186000.c1.snap.jpg,0.7729893
2024-11-09 21:30:00,/Volumes/Argus/unk/snap/c1/1731187800.c1.snap.jpg,0.6977908
2024-11-09 22:00:00,/Volumes/Argus/unk/snap/c1/1731189600.c1.snap.jpg,0.71632975
2024-11-09 22:30:00,/Volumes/Argus/unk/snap/c1/1731191400.c1.snap.jpg,0.7619662
2024-11-09 23:00:00,/Volumes/Argus/unk/snap/c1/1731193200.c1.snap.jpg,0.7322526
2024-11-09 23:30:00,/Volumes/Argus/unk/snap/c1/1731195000.c1.snap.jpg,0.9363164
2024-11-10 00:00:00,/Volumes/Argus/unk/snap/c1/1731196800.c1.snap.jpg,1.1260798
2024-11-10 00:30:00,/Volumes/Argus/unk/snap/c1/1731198600.c1.snap.jpg,0.6726463
2024-11-10 01:00:00,/Volumes/Argus/unk/snap/c1/1731200400.c1.snap.jpg,0.74621224
2024-11-10 01:30:00,/Volumes/Argus/unk/snap/c1/1731202200.c1.snap.jpg,0.71493673
2024-11-10 02:00:00,/Volumes/Argus/unk/snap/c1/1731204000.c1.snap.jpg,0.68594223
2024-11-10 02:30:00,/Volumes/Argus/unk/snap/c1/1731205800.c1.snap.jpg,0.79565245
2024-11-10 03:00:00,/Volumes/Argus/unk/snap/c1/1731207600.c1.snap.jpg,0.7962462
2024-11-10 18:00:00,/Volumes/Argus/unk/snap/c1/1731261600.c1.snap.jpg,0.43190607
2024-11-10 18:30:00,/Volumes/Argus/unk/snap/c1/1731263400.c1.snap.jpg,0.37084344
2024-11-10 19:00:00,/Volumes/Argus/unk/snap/c1/1731265200.c1.snap.jpg,0.5524552
2024-11-10 19:30:00,/Volumes/Argus/unk/snap/c1/1731267000.c1.snap.jpg,0.4778536
2024-11-10 20:00:00,/Volumes/Argus/unk/snap/c1/1731268800.c1.snap.jpg,0.72756565
2024-11-10 20:30:00,/Volumes/Argus/unk/snap/c1/1731270600.c1.snap.jpg,0.5707629
2024-11-10 21:00:00,/Volumes/Argus/unk/snap/c1/1731272400.c1.snap.jpg,0.6166801
2024-11-10 21:30:00,/Volumes/Argus/unk/snap/c1/1731274200.c1.snap.jpg,0.60006547
2024-11-10 22:30:00,/Volumes/Argus/unk/snap/c1/1731277800.c1.snap.jpg,0.57647324
2024-11-10 23:00:00,/Volumes/Argus/unk/snap/c1/1731279600.c1.snap.jpg,0.5747037
2024-11-10 23:30:00,/Volumes/Argus/unk/snap/c1/1731281400.c1.snap.jpg,0.55006945
2024-11-11 00:00:00,/Volumes/Argus/unk/snap/c1/1731283200.c1.snap.jpg,0.54455763
2024-11-11 00:30:00,/Volumes/Argus/unk/snap/c1/1731285000.c1.snap.jpg,0.87634504
2024-11-11 01:00:00,/Volumes/Argus/unk/snap/c1/1731286800.c1.snap.jpg,0.9550271
2024-11-11 01:30:00,/Volumes/Argus/unk/snap/c1/1731288600.c1.snap.jpg,0.6594746
2024-11-11 02:00:00,/Volumes/Argus/unk/snap/c1/1731290400.c1.snap.jpg,1.0377707
2024-11-11 02:30:00,/Volumes/Argus/unk/snap/c1/1731292200.c1.snap.jpg,0.55848694
2024-11-11 03:00:00,/Volumes/Argus/unk/snap/c1/1731294000.c1.snap.jpg,0.8838119
2024-11-11 18:00:00,/Volumes/Argus/unk/snap/c1/1731348000.c1.snap.jpg,0.5393043
2024-11-11 18:30:00,/Volumes/Argus/unk/snap/c1/1731349800.c1.snap.jpg,0.42415425
2024-11-11 19:00:00,/Volumes/Argus/unk/snap/c1/1731351600.c1.snap.jpg,0.37372017
2024-11-11 19:30:00,/Volumes/Argus/unk/snap/c1/1731353400.c1.snap.jpg,0.44469634
2024-11-11 20:00:00,/Volumes/Argus/unk/snap/c1/1731355200.c1.snap.jpg,0.42908967
2024-11-11 20:30:00,/Volumes/Argus/unk/snap/c1/1731357000.c1.snap.jpg,0.48124352
2024-11-11 21:00:00,/Volumes/Argus/unk/snap/c1/1731358800.c1.snap.jpg,0.5201279
2024-11-11 21:30:00,/Volumes/Argus/unk/snap/c1/1731360600.c1.snap.jpg,0.49518305
2024-11-11 22:00:00,/Volumes/Argus/unk/snap/c1/1731362400.c1.snap.jpg,0.45020938
2024-11-11 22:30:00,/Volumes/Argus/unk/snap/c1/1731364200.c1.snap.jpg,0.40020424
2024-11-11 23:00:00,/Volumes/Argus/unk/snap/c1/1731366000.c1.snap.jpg,0.37598792
2024-11-11 23:30:00,/Volumes/Argus/unk/snap/c1/1731367800.c1.snap.jpg,0.3997893
2024-11-12 00:00:00,/Volumes/Argus/unk/snap/c1/1731369600.c1.snap.jpg,0.4175375
2024-11-12 00:30:00,/Volumes/Argus/unk/snap/c1/1731371400.c1.snap.jpg,0.45929098
2024-11-12 01:00:00,/Volumes/Argus/unk/snap/c1/1731373200.c1.snap.jpg,0.48499417
2024-11-12 01:30:00,/Volumes/Argus/unk/snap/c1/1731375000.c1.snap.jpg,0.69740534
2024-11-12 02:00:00,/Volumes/Argus/unk/snap/c1/1731376800.c1.snap.jpg,0.53267264
2024-11-12 02:30:00,/Volumes/Argus/unk/snap/c1/1731378600.c1.snap.jpg,0.5457789
2024-11-12 18:30:00,/Volumes/Argus/unk/snap/c1/1731436200.c1.snap.jpg,0.4550023
2024-11-12 19:30:00,/Volumes/Argus/unk/snap/c1/1731439800.c1.snap.jpg,0.4668398
2024-11-12 20:00:00,/Volumes/Argus/unk/snap/c1/1731441600.c1.snap.jpg,0.4710142
2024-11-12 20:30:00,/Volumes/Argus/unk/snap/c1/1731443400.c1.snap.jpg,0.48553097
2024-11-12 21:00:00,/Volumes/Argus/unk/snap/c1/1731445200.c1.snap.jpg,0.48332202
2024-11-12 21:30:00,/Volumes/Argus/unk/snap/c1/1731447000.c1.snap.jpg,0.43176755
2024-11-12 22:00:00,/Volumes/Argus/unk/snap/c1/1731448800.c1.snap.jpg,0.47057962
2024-11-12 22:30:00,/Volumes/Argus/unk/snap/c1/1731450600.c1.snap.jpg,0.4222671
2024-11-12 23:00:00,/Volumes/Argus/unk/snap/c1/1731452400.c1.snap.jpg,0.4947471
2024-11-12 23:30:00,/Volumes/Argus/unk/snap/c1/1731454200.c1.snap.jpg,0.6268526
2024-11-13 00:00:00,/Volumes/Argus/unk/snap/c1/1731456000.c1.snap.jpg,0.6132006
2024-11-13 00:30:00,/Volumes/Argus/unk/snap/c1/1731457800.c1.snap.jpg,0.5455268
2024-11-13 01:00:00,/Volumes/Argus/unk/snap/c1/1731459600.c1.snap.jpg,0.5548167
2024-11-13 01:30:00,/Volumes/Argus/unk/snap/c1/1731461400.c1.snap.jpg,0.66198844
2024-11-13 02:00:00,/Volumes/Argus/unk/snap/c1/1731463200.c1.snap.jpg,0.587808
2024-11-13 02:30:00,/Volumes/Argus/unk/snap/c1/1731465000.c1.snap.jpg,0.60879284
2024-11-13 19:00:00,/Volumes/Argus/unk/snap/c1/1731524400.c1.snap.jpg,0.85074586
2024-11-13 19:30:00,/Volumes/Argus/unk/snap/c1/1731526200.c1.snap.jpg,1.0150955
2024-11-13 20:00:00,/Volumes/Argus/unk/snap/c1/1731528000.c1.snap.jpg,0.8960014
2024-11-13 21:00:00,/Volumes/Argus/unk/snap/c1/1731531600.c1.snap.jpg,0.78332436
2024-11-13 21:30:00,/Volumes/Argus/unk/snap/c1/1731533400.c1.snap.jpg,0.6835524
2024-11-13 22:00:00,/Volumes/Argus/unk/snap/c1/1731535200.c1.snap.jpg,0.6319573
2024-11-13 22:30:00,/Volumes/Argus/unk/snap/c1/1731537000.c1.snap.jpg,0.7281267
2024-11-13 23:00:00,/Volumes/Argus/unk/snap/c1/1731538800.c1.snap.jpg,0.68536663
2024-11-13 23:30:00,/Volumes/Argus/unk/snap/c1/1731540600.c1.snap.jpg,0.63707805
2024-11-14 00:00:00,/Volumes/Argus/unk/snap/c1/1731542400.c1.snap.jpg,0.78025335
2024-11-14 00:30:00,/Volumes/Argus/unk/snap/c1/1731544200.c1.snap.jpg,0.65882427
2024-11-14 01:00:00,/Volumes/Argus/unk/snap/c1/1731546000.c1.snap.jpg,0.8281259
2024-11-14 01:30:00,/Volumes/Argus/unk/snap/c1/1731547800.c1.snap.jpg,0.7661283
2024-11-14 02:00:00,/Volumes/Argus/unk/snap/c1/1731549600.c1.snap.jpg,0.7899662
2024-11-14 18:30:00,/Volumes/Argus/unk/snap/c1/1731609000.c1.snap.jpg,1.1660681
2024-11-14 19:30:00,/Volumes/Argus/unk/snap/c1/1731612600.c1.snap.jpg,0.72739893
2024-11-14 20:00:00,/Volumes/Argus/unk/snap/c1/1731614400.c1.snap.jpg,0.7123189
2024-11-14 20:30:00,/Volumes/Argus/unk/snap/c1/1731616200.c1.snap.jpg,0.6043656
2024-11-14 21:00:00,/Volumes/Argus/unk/snap/c1/1731618000.c1.snap.jpg,0.5340338
2024-11-14 21:30:00,/Volumes/Argus/unk/snap/c1/1731619800.c1.snap.jpg,1.1016496
2024-11-14 22:00:00,/Volumes/Argus/unk/snap/c1/1731621600.c1.snap.jpg,0.74027026
2024-11-14 22:30:00,/Volumes/Argus/unk/snap/c1/1731623400.c1.snap.jpg,0.65670353
2024-11-14 23:00:00,/Volumes/Argus/unk/snap/c1/1731625200.c1.snap.jpg,0.6295849
2024-11-14 23:30:00,/Volumes/Argus/unk/snap/c1/1731627000.c1.snap.jpg,0.6760231
2024-11-15 00:00:00,/Volumes/Argus/unk/snap/c1/1731628800.c1.snap.jpg,0.63488847
2024-11-15 00:30:00,/Volumes/Argus/unk/snap/c1/1731630600.c1.snap.jpg,0.6426565
2024-11-15 01:00:00,/Volumes/Argus/unk/snap/c1/1731632400.c1.snap.jpg,0.69643325
2024-11-15 01:30:00,/Volumes/Argus/unk/snap/c1/1731634200.c1.snap.jpg,0.64784265
2024-11-15 02:00:00,/Volumes/Argus/unk/snap/c1/1731636000.c1.snap.jpg,0.748864
2024-11-15 02:30:00,/Volumes/Argus/unk/snap/c1/1731637800.c1.snap.jpg,0.7623124
2024-11-16 18:30:00,/Volumes/Argus/unk/snap/c1/1731781800.c1.snap.jpg,0.762154
2024-11-16 19:00:00,/Volumes/Argus/unk/snap/c1/1731783600.c1.snap.jpg,0.635888
2024-11-16 19:30:00,/Volumes/Argus/unk/snap/c1/1731785400.c1.snap.jpg,0.62140346
2024-11-16 20:00:00,/Volumes/Argus/unk/snap/c1/1731787200.c1.snap.jpg,0.5758424
2024-11-16 20:30:00,/Volumes/Argus/unk/snap/c1/1731789000.c1.snap.jpg,0.5440513
2024-11-16 21:00:00,/Volumes/Argus/unk/snap/c1/1731790800.c1.snap.jpg,0.47765052
2024-11-16 21:30:00,/Volumes/Argus/unk/snap/c1/1731792600.c1.snap.jpg,0.4533785
2024-11-16 22:00:00,/Volumes/Argus/unk/snap/c1/1731794400.c1.snap.jpg,0.4513767
2024-11-16 22:30:00,/Volumes/Argus/unk/snap/c1/1731796200.c1.snap.jpg,0.48877072
2024-11-16 23:00:00,/Volumes/Argus/unk/snap/c1/1731798000.c1.snap.jpg,0.575058
2024-11-16 23:30:00,/Volumes/Argus/unk/snap/c1/1731799800.c1.snap.jpg,0.5642275
2024-11-17 00:00:00,/Volumes/Argus/unk/snap/c1/1731801600.c1.snap.jpg,0.55927163
2024-11-17 00:30:00,/Volumes/Argus/unk/snap/c1/1731803400.c1.snap.jpg,0.57370543
2024-11-17 01:00:00,/Volumes/Argus/unk/snap/c1/1731805200.c1.snap.jpg,0.53211164
2024-11-17 01:30:00,/Volumes/Argus/unk/snap/c1/1731807000.c1.snap.jpg,0.50393647
2024-11-17 02:00:00,/Volumes/Argus/unk/snap/c1/1731808800.c1.snap.jpg,0.60178447
2024-11-17 02:30:00,/Volumes/Argus/unk/snap/c1/1731810600.c1.snap.jpg,0.43183136
2024-11-17 18:30:00,/Volumes/Argus/unk/snap/c1/1731868200.c1.snap.jpg,0.9144422
2024-11-17 19:00:00,/Volumes/Argus/unk/snap/c1/1731870000.c1.snap.jpg,0.8254753
2024-11-17 19:30:00,/Volumes/Argus/unk/snap/c1/1731871800.c1.snap.jpg,0.8496898
2024-11-17 20:00:00,/Volumes/Argus/unk/snap/c1/1731873600.c1.snap.jpg,0.8337084
2024-11-17 20:30:00,/Volumes/Argus/unk/snap/c1/1731875400.c1.snap.jpg,0.8324774
2024-11-17 21:00:00,/Volumes/Argus/unk/snap/c1/1731877200.c1.snap.jpg,0.7192594
2024-11-17 21:30:00,/Volumes/Argus/unk/snap/c1/1731879000.c1.snap.jpg,0.6572308
2024-11-17 22:00:00,/Volumes/Argus/unk/snap/c1/1731880800.c1.snap.jpg,0.41967693
2024-11-17 22:30:00,/Volumes/Argus/unk/snap/c1/1731882600.c1.snap.jpg,0.497847
2024-11-17 23:00:00,/Volumes/Argus/unk/snap/c1/1731884400.c1.snap.jpg,0.54197615
2024-11-18 00:00:00,/Volumes/Argus/unk/snap/c1/1731888000.c1.snap.jpg,0.5104492
2024-11-18 00:30:00,/Volumes/Argus/unk/snap/c1/1731889800.c1.snap.jpg,0.4898538
2024-11-18 01:00:00,/Volumes/Argus/unk/snap/c1/1731891600.c1.snap.jpg,0.67477304
2024-11-18 01:30:00,/Volumes/Argus/unk/snap/c1/1731893400.c1.snap.jpg,0.83299994
2024-11-18 02:00:00,/Volumes/Argus/unk/snap/c1/1731895200.c1.snap.jpg,0.90791625
2024-11-18 02:30:00,/Volumes/Argus/unk/snap/c1/1731897000.c1.snap.jpg,0.79882973
2024-11-18 18:30:00,/Volumes/Argus/unk/snap/c1/1731954600.c1.snap.jpg,0.53858477
2024-11-18 19:00:00,/Volumes/Argus/unk/snap/c1/1731956400.c1.snap.jpg,0.5822964
2024-11-18 19:30:00,/Volumes/Argus/unk/snap/c1/1731958200.c1.snap.jpg,0.72764355
2024-11-18 20:00:00,/Volumes/Argus/unk/snap/c1/1731960000.c1.snap.jpg,0.6359597
2024-11-18 20:30:00,/Volumes/Argus/unk/snap/c1/1731961800.c1.snap.jpg,0.7212307
2024-11-18 21:00:00,/Volumes/Argus/unk/snap/c1/1731963600.c1.snap.jpg,0.63841397
2024-11-18 21:30:00,/Volumes/Argus/unk/snap/c1/1731965400.c1.snap.jpg,0.62968206
2024-11-18 22:00:00,/Volumes/Argus/unk/snap/c1/1731967200.c1.snap.jpg,0.61253643
2024-11-18 22:30:00,/Volumes/Argus/unk/snap/c1/1731969000.c1.snap.jpg,0.71621597
2024-11-18 23:00:00,/Volumes/Argus/unk/snap/c1/1731970800.c1.snap.jpg,0.75852185
2024-11-18 23:30:00,/Volumes/Argus/unk/snap/c1/1731972600.c1.snap.jpg,0.7526667
2024-11-19 00:00:00,/Volumes/Argus/unk/snap/c1/1731974400.c1.snap.jpg,0.712211
2024-11-19 00:30:00,/Volumes/Argus/unk/snap/c1/1731976200.c1.snap.jpg,0.7734932
2024-11-19 01:30:00,/Volumes/Argus/unk/snap/c1/1731979800.c1.snap.jpg,0.725023
2024-11-19 02:00:00,/Volumes/Argus/unk/snap/c1/1731981600.c1.snap.jpg,1.1992736
2024-11-19 02:30:00,/Volumes/Argus/unk/snap/c1/1731983400.c1.snap.jpg,1.0549936
2024-11-19 18:30:00,/Volumes/Argus/unk/snap/c1/1732041000.c1.snap.jpg,0.95861053
2024-11-19 19:00:00,/Volumes/Argus/unk/snap/c1/1732042800.c1.snap.jpg,0.60974157
2024-11-19 19:30:00,/Volumes/Argus/unk/snap/c1/1732044600.c1.snap.jpg,0.64892006
2024-11-19 20:00:00,/Volumes/Argus/unk/snap/c1/1732046400.c1.snap.jpg,0.72548556
2024-11-19 20:30:00,/Volumes/Argus/unk/snap/c1/1732048200.c1.snap.jpg,1.0153075
2024-11-19 21:00:00,/Volumes/Argus/unk/snap/c1/1732050000.c1.snap.jpg,0.99260587
2024-11-19 21:30:00,/Volumes/Argus/unk/snap/c1/1732051800.c1.snap.jpg,0.9851129
2024-11-19 22:00:00,/Volumes/Argus/unk/snap/c1/1732053600.c1.snap.jpg,1.0083977
2024-11-19 22:30:00,/Volumes/Argus/unk/snap/c1/1732055400.c1.snap.jpg,0.98808074
2024-11-19 23:00:00,/Volumes/Argus/unk/snap/c1/1732057200.c1.snap.jpg,0.97903067
2024-11-19 23:30:00,/Volumes/Argus/unk/snap/c1/1732059000.c1.snap.jpg,0.99354607
2024-11-20 00:00:00,/Volumes/Argus/unk/snap/c1/1732060800.c1.snap.jpg,0.90823317
2024-11-20 00:30:00,/Volumes/Argus/unk/snap/c1/1732062600.c1.snap.jpg,0.8382804
2024-11-20 01:00:00,/Volumes/Argus/unk/snap/c1/1732064400.c1.snap.jpg,0.8511611
2024-11-20 01:30:00,/Volumes/Argus/unk/snap/c1/1732066200.c1.snap.jpg,0.7817019
2024-11-20 02:00:00,/Volumes/Argus/unk/snap/c1/1732068000.c1.snap.jpg,0.7743643
2024-11-20 02:30:00,/Volumes/Argus/unk/snap/c1/1732069800.c1.snap.jpg,1.0235562
2024-11-20 18:30:00,/Volumes/Argus/unk/snap/c1/1732127400.c1.snap.jpg,0.7138183
2024-11-20 19:00:00,/Volumes/Argus/unk/snap/c1/1732129200.c1.snap.jpg,0.49519983
2024-11-20 19:30:00,/Volumes/Argus/unk/snap/c1/1732131000.c1.snap.jpg,0.4764278
2024-11-20 20:00:00,/Volumes/Argus/unk/snap/c1/1732132800.c1.snap.jpg,0.52645785
2024-11-20 20:30:00,/Volumes/Argus/unk/snap/c1/1732134600.c1.snap.jpg,0.4512243
2024-11-20 21:00:00,/Volumes/Argus/unk/snap/c1/1732136400.c1.snap.jpg,0.5295747
2024-11-20 21:30:00,/Volumes/Argus/unk/snap/c1/1732138200.c1.snap.jpg,0.48166662
2024-11-20 22:00:00,/Volumes/Argus/unk/snap/c1/1732140000.c1.snap.jpg,0.4552459
2024-11-20 23:00:00,/Volumes/Argus/unk/snap/c1/1732143600.c1.snap.jpg,0.7283031
2024-11-20 23:30:00,/Volumes/Argus/unk/snap/c1/1732145400.c1.snap.jpg,0.68134815
2024-11-21 00:00:00,/Volumes/Argus/unk/snap/c1/1732147200.c1.snap.jpg,0.49487954
2024-11-21 00:30:00,/Volumes/Argus/unk/snap/c1/1732149000.c1.snap.jpg,0.5780765
2024-11-21 01:00:00,/Volumes/Argus/unk/snap/c1/1732150800.c1.snap.jpg,0.6510054
2024-11-21 01:30:00,/Volumes/Argus/unk/snap/c1/1732152600.c1.snap.jpg,0.8118572
2024-11-21 02:00:00,/Volumes/Argus/unk/snap/c1/1732154400.c1.snap.jpg,0.65066516
2024-11-21 18:30:00,/Volumes/Argus/unk/snap/c1/1732213800.c1.snap.jpg,1.8329576
2024-11-21 19:00:00,/Volumes/Argus/unk/snap/c1/1732215600.c1.snap.jpg,0.88756454
2024-11-21 19:30:00,/Volumes/Argus/unk/snap/c1/1732217400.c1.snap.jpg,0.5077212
2024-11-21 20:00:00,/Volumes/Argus/unk/snap/c1/1732219200.c1.snap.jpg,0.5602589
2024-11-21 20:30:00,/Volumes/Argus/unk/snap/c1/1732221000.c1.snap.jpg,0.5868908
2024-11-21 21:00:00,/Volumes/Argus/unk/snap/c1/1732222800.c1.snap.jpg,0.70673054
2024-11-21 21:30:00,/Volumes/Argus/unk/snap/c1/1732224600.c1.snap.jpg,0.7798744
2024-11-21 22:00:00,/Volumes/Argus/unk/snap/c1/1732226400.c1.snap.jpg,0.7454469
2024-11-21 22:30:00,/Volumes/Argus/unk/snap/c1/1732228200.c1.snap.jpg,0.941244
2024-11-21 23:00:00,/Volumes/Argus/unk/snap/c1/1732230000.c1.snap.jpg,0.75193024
2024-11-21 23:30:00,/Volumes/Argus/unk/snap/c1/1732231800.c1.snap.jpg,0.58004165
2024-11-22 01:00:00,/Volumes/Argus/unk/snap/c1/1732237200.c1.snap.jpg,0.6679138
2024-11-22 01:30:00,/Volumes/Argus/unk/snap/c1/1732239000.c1.snap.jpg,0.9223546
2024-11-22 02:00:00,/Volumes/Argus/unk/snap/c1/1732240800.c1.snap.jpg,0.61799073
2024-11-22 02:30:00,/Volumes/Argus/unk/snap/c1/1732242600.c1.snap.jpg,1.8932625
2024-11-22 20:00:00,/Volumes/Argus/unk/snap/c1/1732305600.c1.snap.jpg,0.8460958
2024-11-22 20:30:00,/Volumes/Argus/unk/snap/c1/1732307400.c1.snap.jpg,0.7230375
2024-11-22 21:00:00,/Volumes/Argus/unk/snap/c1/1732309200.c1.snap.jpg,0.66843265
2024-11-22 21:30:00,/Volumes/Argus/unk/snap/c1/1732311000.c1.snap.jpg,0.68826926
2024-11-22 22:00:00,/Volumes/Argus/unk/snap/c1/1732312800.c1.snap.jpg,0.7101397
2024-11-22 22:30:00,/Volumes/Argus/unk/snap/c1/1732314600.c1.snap.jpg,0.7539675
2024-11-22 23:00:00,/Volumes/Argus/unk/snap/c1/1732316400.c1.snap.jpg,0.64214706
2024-11-22 23:30:00,/Volumes/Argus/unk/snap/c1/1732318200.c1.snap.jpg,0.8201095
2024-11-23 00:00:00,/Volumes/Argus/unk/snap/c1/1732320000.c1.snap.jpg,0.91147625
2024-11-23 00:30:00,/Volumes/Argus/unk/snap/c1/1732321800.c1.snap.jpg,0.83404326
2024-11-23 01:00:00,/Volumes/Argus/unk/snap/c1/1732323600.c1.snap.jpg,0.88027376
2024-11-23 01:30:00,/Volumes/Argus/unk/snap/c1/1732325400.c1.snap.jpg,0.8572012
2024-11-23 02:00:00,/Volumes/Argus/unk/snap/c1/1732327200.c1.snap.jpg,0.9583019
2024-11-23 02:30:00,/Volumes/Argus/unk/snap/c1/1732329000.c1.snap.jpg,0.73376447
2024-11-24 19:00:00,/Volumes/Argus/unk/snap/c1/1732474800.c1.snap.jpg,0.5007856
2024-11-24 19:30:00,/Volumes/Argus/unk/snap/c1/1732476600.c1.snap.jpg,0.34713447
2024-11-24 20:00:00,/Volumes/Argus/unk/snap/c1/1732478400.c1.snap.jpg,0.34405932
2024-11-24 20:30:00,/Volumes/Argus/unk/snap/c1/1732480200.c1.snap.jpg,0.34604144
2024-11-24 21:00:00,/Volumes/Argus/unk/snap/c1/1732482000.c1.snap.jpg,0.36513224
2024-11-24 21:30:00,/Volumes/Argus/unk/snap/c1/1732483800.c1.snap.jpg,0.50350964
2024-11-24 22:00:00,/Volumes/Argus/unk/snap/c1/1732485600.c1.snap.jpg,0.4875363
2024-11-24 22:30:00,/Volumes/Argus/unk/snap/c1/1732487400.c1.snap.jpg,0.48218367
2024-11-24 23:00:00,/Volumes/Argus/unk/snap/c1/1732489200.c1.snap.jpg,0.39565003
2024-11-24 23:30:00,/Volumes/Argus/unk/snap/c1/1732491000.c1.snap.jpg,0.48770654
2024-11-25 00:00:00,/Volumes/Argus/unk/snap/c1/1732492800.c1.snap.jpg,0.4586541
2024-11-25 00:30:00,/Volumes/Argus/unk/snap/c1/1732494600.c1.snap.jpg,0.45159614
2024-11-25 01:00:00,/Volumes/Argus/unk/snap/c1/1732496400.c1.snap.jpg,0.596524
2024-11-25 01:30:00,/Volumes/Argus/unk/snap/c1/1732498200.c1.snap.jpg,0.4740927
2024-11-25 02:00:00,/Volumes/Argus/unk/snap/c1/1732500000.c1.snap.jpg,0.60284805
2024-11-25 19:00:00,/Volumes/Argus/unk/snap/c1/1732561200.c1.snap.jpg,0.50101125
2024-11-25 19:30:00,/Volumes/Argus/unk/snap/c1/1732563000.c1.snap.jpg,0.4806889
2024-11-25 20:00:00,/Volumes/Argus/unk/snap/c1/1732564800.c1.snap.jpg,0.39152488
2024-11-25 20:30:00,/Volumes/Argus/unk/snap/c1/1732566600.c1.snap.jpg,0.48682782
2024-11-25 21:30:00,/Volumes/Argus/unk/snap/c1/1732570200.c1.snap.jpg,0.60419255
2024-11-25 22:00:00,/Volumes/Argus/unk/snap/c1/1732572000.c1.snap.jpg,0.676196
2024-11-25 22:30:00,/Volumes/Argus/unk/snap/c1/1732573800.c1.snap.jpg,0.6132183
2024-11-25 23:00:00,/Volumes/Argus/unk/snap/c1/1732575600.c1.snap.jpg,0.63666713
2024-11-25 23:30:00,/Volumes/Argus/unk/snap/c1/1732577400.c1.snap.jpg,0.7140627
2024-11-26 00:00:00,/Volumes/Argus/unk/snap/c1/1732579200.c1.snap.jpg,0.66851264
2024-11-26 01:00:00,/Volumes/Argus/unk/snap/c1/1732582800.c1.snap.jpg,0.62781274
2024-11-26 01:30:00,/Volumes/Argus/unk/snap/c1/1732584600.c1.snap.jpg,0.6886331
2024-11-26 02:00:00,/Volumes/Argus/unk/snap/c1/1732586400.c1.snap.jpg,0.60231537
2024-11-26 19:00:00,/Volumes/Argus/unk/snap/c1/1732647600.c1.snap.jpg,0.53623736
2024-11-26 19:30:00,/Volumes/Argus/unk/snap/c1/1732649400.c1.snap.jpg,0.5647289
2024-11-26 20:00:00,/Volumes/Argus/unk/snap/c1/1732651200.c1.snap.jpg,0.55354
2024-11-26 20:30:00,/Volumes/Argus/unk/snap/c1/1732653000.c1.snap.jpg,0.6968705
2024-11-26 21:00:00,/Volumes/Argus/unk/snap/c1/1732654800.c1.snap.jpg,0.80729663
2024-11-26 21:30:00,/Volumes/Argus/unk/snap/c1/1732656600.c1.snap.jpg,0.7492238
2024-11-26 22:00:00,/Volumes/Argus/unk/snap/c1/1732658400.c1.snap.jpg,0.7568644
2024-11-26 22:30:00,/Volumes/Argus/unk/snap/c1/1732660200.c1.snap.jpg,0.7650318
2024-11-26 23:00:00,/Volumes/Argus/unk/snap/c1/1732662000.c1.snap.jpg,1.0344844
2024-11-26 23:30:00,/Volumes/Argus/unk/snap/c1/1732663800.c1.snap.jpg,1.0689069
2024-11-27 00:00:00,/Volumes/Argus/unk/snap/c1/1732665600.c1.snap.jpg,0.9148223
2024-11-27 00:30:00,/Volumes/Argus/unk/snap/c1/1732667400.c1.snap.jpg,0.95601
2024-11-27 01:00:00,/Volumes/Argus/unk/snap/c1/1732669200.c1.snap.jpg,0.79154104
2024-11-27 01:30:00,/Volumes/Argus/unk/snap/c1/1732671000.c1.snap.jpg,0.95429003
2024-11-27 02:00:00,/Volumes/Argus/unk/snap/c1/1732672800.c1.snap.jpg,1.0108626
2024-11-27 19:00:00,/Volumes/Argus/unk/snap/c1/1732734000.c1.snap.jpg,0.500573
2024-11-27 19:30:00,/Volumes/Argus/unk/snap/c1/1732735800.c1.snap.jpg,0.60957485
2024-11-27 20:00:00,/Volumes/Argus/unk/snap/c1/1732737600.c1.snap.jpg,0.70140415
2024-11-27 20:30:00,/Volumes/Argus/unk/snap/c1/1732739400.c1.snap.jpg,0.5648078
2024-11-27 21:00:00,/Volumes/Argus/unk/snap/c1/1732741200.c1.snap.jpg,0.6748231
2024-11-27 21:30:00,/Volumes/Argus/unk/snap/c1/1732743000.c1.snap.jpg,0.60025126
2024-11-27 22:00:00,/Volumes/Argus/unk/snap/c1/1732744800.c1.snap.jpg,0.56095934
2024-11-27 22:30:00,/Volumes/Argus/unk/snap/c1/1732746600.c1.snap.jpg,0.5739306
2024-11-27 23:00:00,/Volumes/Argus/unk/snap/c1/1732748400.c1.snap.jpg,0.6575036
2024-11-27 23:30:00,/Volumes/Argus/unk/snap/c1/1732750200.c1.snap.jpg,0.76358783
2024-11-28 00:00:00,/Volumes/Argus/unk/snap/c1/1732752000.c1.snap.jpg,0.9086476
2024-11-28 00:30:00,/Volumes/Argus/unk/snap/c1/1732753800.c1.snap.jpg,0.94278276
2024-11-28 01:00:00,/Volumes/Argus/unk/snap/c1/1732755600.c1.snap.jpg,0.8288252
2024-11-28 01:30:00,/Volumes/Argus/unk/snap/c1/1732757400.c1.snap.jpg,0.91972184
2024-11-28 02:00:00,/Volumes/Argus/unk/snap/c1/1732759200.c1.snap.jpg,0.923356
2024-11-29 19:00:00,/Volumes/Argus/unk/snap/c1/1732906800.c1.snap.jpg,0.6923091
2024-11-29 19:30:00,/Volumes/Argus/unk/snap/c1/1732908600.c1.snap.jpg,0.7442897
2024-11-29 20:00:00,/Volumes/Argus/unk/snap/c1/1732910400.c1.snap.jpg,0.72005886
2024-11-29 20:30:00,/Volumes/Argus/unk/snap/c1/1732912200.c1.snap.jpg,0.56158096
2024-11-29 21:00:00,/Volumes/Argus/unk/snap/c1/1732914000.c1.snap.jpg,0.51698506
2024-11-29 21:30:00,/Volumes/Argus/unk/snap/c1/1732915800.c1.snap.jpg,0.49187088
2024-11-29 22:00:00,/Volumes/Argus/unk/snap/c1/1732917600.c1.snap.jpg,0.4929658
2024-11-29 22:30:00,/Volumes/Argus/unk/snap/c1/1732919400.c1.snap.jpg,0.58473027
2024-11-29 23:00:00,/Volumes/Argus/unk/snap/c1/1732921200.c1.snap.jpg,0.70361066
2024-11-29 23:30:00,/Volumes/Argus/unk/snap/c1/1732923000.c1.snap.jpg,0.73176336
2024-11-30 00:00:00,/Volumes/Argus/unk/snap/c1/1732924800.c1.snap.jpg,0.67273664
2024-11-30 00:30:00,/Volumes/Argus/unk/snap/c1/1732926600.c1.snap.jpg,0.6603948
2024-11-30 01:00:00,/Volumes/Argus/unk/snap/c1/1732928400.c1.snap.jpg,0.7439987
2024-11-30 01:30:00,/Volumes/Argus/unk/snap/c1/1732930200.c1.snap.jpg,0.67218566
2024-11-30 02:00:00,/Volumes/Argus/unk/snap/c1/1732932000.c1.snap.jpg,0.8299481
2024-11-30 19:00:00,/Volumes/Argus/unk/snap/c1/1732993200.c1.snap.jpg,0.41940585
2024-11-30 19:30:00,/Volumes/Argus/unk/snap/c1/1732995000.c1.snap.jpg,0.6126195
2024-11-30 20:00:00,/Volumes/Argus/unk/snap/c1/1732996800.c1.snap.jpg,0.5947347
2024-11-30 20:30:00,/Volumes/Argus/unk/snap/c1/1732998600.c1.snap.jpg,0.5352666
2024-11-30 21:00:00,/Volumes/Argus/unk/snap/c1/1733000400.c1.snap.jpg,0.4850427
2024-11-30 21:30:00,/Volumes/Argus/unk/snap/c1/1733002200.c1.snap.jpg,0.46707278
2024-11-30 22:00:00,/Volumes/Argus/unk/snap/c1/1733004000.c1.snap.jpg,0.5355964
2024-11-30 22:30:00,/Volumes/Argus/unk/snap/c1/1733005800.c1.snap.jpg,0.55610824
2024-11-30 23:00:00,/Volumes/Argus/unk/snap/c1/1733007600.c1.snap.jpg,0.6014396
2024-11-30 23:30:00,/Volumes/Argus/unk/snap/c1/1733009400.c1.snap.jpg,0.5004494
2024-12-01 00:00:00,/Volumes/Argus/unk/snap/c1/1733011200.c1.snap.jpg,0.55968404
2024-12-01 00:30:00,/Volumes/Argus/unk/snap/c1/1733013000.c1.snap.jpg,0.4462773
2024-12-01 01:00:00,/Volumes/Argus/unk/snap/c1/1733014800.c1.snap.jpg,0.6464127
2024-12-01 01:30:00,/Volumes/Argus/unk/snap/c1/1733016600.c1.snap.jpg,0.5757862
2024-12-01 02:00:00,/Volumes/Argus/unk/snap/c1/1733018400.c1.snap.jpg,0.72552866
2024-12-01 19:00:00,/Volumes/Argus/unk/snap/c1/1733079600.c1.snap.jpg,0.58688384
2024-12-01 19:30:00,/Volumes/Argus/unk/snap/c1/1733081400.c1.snap.jpg,0.7383324
2024-12-01 20:00:00,/Volumes/Argus/unk/snap/c1/1733083200.c1.snap.jpg,0.7675697
2024-12-01 20:30:00,/Volumes/Argus/unk/snap/c1/1733085000.c1.snap.jpg,0.7828012
2024-12-01 21:00:00,/Volumes/Argus/unk/snap/c1/1733086800.c1.snap.jpg,0.5807979
2024-12-01 21:30:00,/Volumes/Argus/unk/snap/c1/1733088600.c1.snap.jpg,0.57315445
2024-12-01 22:00:00,/Volumes/Argus/unk/snap/c1/1733090400.c1.snap.jpg,0.6178185
2024-12-01 22:30:00,/Volumes/Argus/unk/snap/c1/1733092200.c1.snap.jpg,0.624788
2024-12-01 23:00:00,/Volumes/Argus/unk/snap/c1/1733094000.c1.snap.jpg,0.7541094
2024-12-01 23:30:00,/Volumes/Argus/unk/snap/c1/1733095800.c1.snap.jpg,0.7130806
2024-12-02 00:00:00,/Volumes/Argus/unk/snap/c1/1733097600.c1.snap.jpg,0.5651115
2024-12-02 00:30:00,/Volumes/Argus/unk/snap/c1/1733099400.c1.snap.jpg,0.48605144
2024-12-02 01:00:00,/Volumes/Argus/unk/snap/c1/1733101200.c1.snap.jpg,0.6091335
2024-12-02 01:30:00,/Volumes/Argus/unk/snap/c1/1733103000.c1.snap.jpg,0.5664731
2024-12-02 02:00:00,/Volumes/Argus/unk/snap/c1/1733104800.c1.snap.jpg,0.69908774
2024-12-02 19:00:00,/Volumes/Argus/unk/snap/c1/1733166000.c1.snap.jpg,0.49342477
2024-12-02 19:30:00,/Volumes/Argus/unk/snap/c1/1733167800.c1.snap.jpg,0.7349259
2024-12-02 20:00:00,/Volumes/Argus/unk/snap/c1/1733169600.c1.snap.jpg,0.7412753
2024-12-02 20:30:00,/Volumes/Argus/unk/snap/c1/1733171400.c1.snap.jpg,0.63928235
2024-12-02 21:00:00,/Volumes/Argus/unk/snap/c1/1733173200.c1.snap.jpg,0.4986333
2024-12-02 21:30:00,/Volumes/Argus/unk/snap/c1/1733175000.c1.snap.jpg,0.4923473
2024-12-02 22:00:00,/Volumes/Argus/unk/snap/c1/1733176800.c1.snap.jpg,0.45297694
2024-12-02 22:30:00,/Volumes/Argus/unk/snap/c1/1733178600.c1.snap.jpg,0.4487298
2024-12-02 23:00:00,/Volumes/Argus/unk/snap/c1/1733180400.c1.snap.jpg,0.4617055
2024-12-02 23:30:00,/Volumes/Argus/unk/snap/c1/1733182200.c1.snap.jpg,0.49703005
2024-12-03 00:00:00,/Volumes/Argus/unk/snap/c1/1733184000.c1.snap.jpg,0.5035561
2024-12-03 00:30:00,/Volumes/Argus/unk/snap/c1/1733185800.c1.snap.jpg,0.5069276
2024-12-03 01:00:00,/Volumes/Argus/unk/snap/c1/1733187600.c1.snap.jpg,0.5565791
2024-12-03 01:30:00,/Volumes/Argus/unk/snap/c1/1733189400.c1.snap.jpg,0.5808357
2024-12-03 02:00:00,/Volumes/Argus/unk/snap/c1/1733191200.c1.snap.jpg,0.5839195
2024-12-03 19:00:00,/Volumes/Argus/unk/snap/c1/1733252400.c1.snap.jpg,0.54415303
2024-12-03 19:30:00,/Volumes/Argus/unk/snap/c1/1733254200.c1.snap.jpg,0.68719614
2024-12-03 20:00:00,/Volumes/Argus/unk/snap/c1/1733256000.c1.snap.jpg,0.76084274
2024-12-03 20:30:00,/Volumes/Argus/unk/snap/c1/1733257800.c1.snap.jpg,0.82154894
2024-12-03 21:00:00,/Volumes/Argus/unk/snap/c1/1733259600.c1.snap.jpg,0.76010853
2024-12-03 21:30:00,/Volumes/Argus/unk/snap/c1/1733261400.c1.snap.jpg,0.68446875
2024-12-03 22:00:00,/Volumes/Argus/unk/snap/c1/1733263200.c1.snap.jpg,0.58993566
2024-12-03 22:30:00,/Volumes/Argus/unk/snap/c1/1733265000.c1.snap.jpg,0.62467206
2024-12-03 23:00:00,/Volumes/Argus/unk/snap/c1/1733266800.c1.snap.jpg,0.5611966
2024-12-03 23:30:00,/Volumes/Argus/unk/snap/c1/1733268600.c1.snap.jpg,0.6505992
2024-12-04 00:00:00,/Volumes/Argus/unk/snap/c1/1733270400.c1.snap.jpg,0.7273886
2024-12-04 00:30:00,/Volumes/Argus/unk/snap/c1/1733272200.c1.snap.jpg,0.7052773
2024-12-04 01:00:00,/Volumes/Argus/unk/snap/c1/1733274000.c1.snap.jpg,0.57174397
2024-12-04 01:30:00,/Volumes/Argus/unk/snap/c1/1733275800.c1.snap.jpg,0.65880597
2024-12-04 02:00:00,/Volumes/Argus/unk/snap/c1/1733277600.c1.snap.jpg,0.55933297
2024-12-04 19:00:00,/Volumes/Argus/unk/snap/c1/1733338800.c1.snap.jpg,0.8481388
2024-12-04 19:30:00,/Volumes/Argus/unk/snap/c1/1733340600.c1.snap.jpg,1.1309502
2024-12-04 20:00:00,/Volumes/Argus/unk/snap/c1/1733342400.c1.snap.jpg,1.129885
2024-12-04 20:30:00,/Volumes/Argus/unk/snap/c1/1733344200.c1.snap.jpg,1.063149
2024-12-04 21:00:00,/Volumes/Argus/unk/snap/c1/1733346000.c1.snap.jpg,1.0406665
2024-12-04 21:30:00,/Volumes/Argus/unk/snap/c1/1733347800.c1.snap.jpg,0.804488
2024-12-04 22:00:00,/Volumes/Argus/unk/snap/c1/1733349600.c1.snap.jpg,1.0550225
2024-12-04 22:30:00,/Volumes/Argus/unk/snap/c1/1733351400.c1.snap.jpg,1.0710834
2024-12-04 23:00:00,/Volumes/Argus/unk/snap/c1/1733353200.c1.snap.jpg,1.1085122
2024-12-04 23:30:00,/Volumes/Argus/unk/snap/c1/1733355000.c1.snap.jpg,1.07553
2024-12-05 00:00:00,/Volumes/Argus/unk/snap/c1/1733356800.c1.snap.jpg,1.0812631
2024-12-05 00:30:00,/Volumes/Argus/unk/snap/c1/1733358600.c1.snap.jpg,1.066522
2024-12-05 01:00:00,/Volumes/Argus/unk/snap/c1/1733360400.c1.snap.jpg,1.0384254
2024-12-05 01:30:00,/Volumes/Argus/unk/snap/c1/1733362200.c1.snap.jpg,0.98606074
2024-12-05 02:00:00,/Volumes/Argus/unk/snap/c1/1733364000.c1.snap.jpg,1.007878
2024-12-05 19:00:00,/Volumes/Argus/unk/snap/c1/1733425200.c1.snap.jpg,0.91468155
2024-12-05 19:30:00,/Volumes/Argus/unk/snap/c1/1733427000.c1.snap.jpg,1.0924234
2024-12-05 20:00:00,/Volumes/Argus/unk/snap/c1/1733428800.c1.snap.jpg,0.98075116
2024-12-05 20:30:00,/Volumes/Argus/unk/snap/c1/1733430600.c1.snap.jpg,0.9853512
2024-12-05 21:00:00,/Volumes/Argus/unk/snap/c1/1733432400.c1.snap.jpg,0.8579098
2024-12-05 21:30:00,/Volumes/Argus/unk/snap/c1/1733434200.c1.snap.jpg,0.8913021
2024-12-05 22:00:00,/Volumes/Argus/unk/snap/c1/1733436000.c1.snap.jpg,1.0220039
2024-12-05 22:30:00,/Volumes/Argus/unk/snap/c1/1733437800.c1.snap.jpg,1.0684614
2024-12-05 23:00:00,/Volumes/Argus/unk/snap/c1/1733439600.c1.snap.jpg,1.0250186
2024-12-05 23:30:00,/Volumes/Argus/unk/snap/c1/1733441400.c1.snap.jpg,0.901436
2024-12-06 00:00:00,/Volumes/Argus/unk/snap/c1/1733443200.c1.snap.jpg,1.0032822
2024-12-06 00:30:00,/Volumes/Argus/unk/snap/c1/1733445000.c1.snap.jpg,0.920634
2024-12-06 01:00:00,/Volumes/Argus/unk/snap/c1/1733446800.c1.snap.jpg,0.96185756
2024-12-06 01:30:00,/Volumes/Argus/unk/snap/c1/1733448600.c1.snap.jpg,0.77686137
2024-12-06 02:00:00,/Volumes/Argus/unk/snap/c1/1733450400.c1.snap.jpg,0.873018
2024-12-06 19:00:00,/Volumes/Argus/unk/snap/c1/1733511600.c1.snap.jpg,0.88945055
2024-12-06 19:30:00,/Volumes/Argus/unk/snap/c1/1733513400.c1.snap.jpg,1.1170192
2024-12-06 20:00:00,/Volumes/Argus/unk/snap/c1/1733515200.c1.snap.jpg,1.1050887
2024-12-06 20:30:00,/Volumes/Argus/unk/snap/c1/1733517000.c1.snap.jpg,1.047314
2024-12-06 21:00:00,/Volumes/Argus/unk/snap/c1/1733518800.c1.snap.jpg,1.0207547
2024-12-06 21:30:00,/Volumes/Argus/unk/snap/c1/1733520600.c1.snap.jpg,0.9838067
2024-12-06 22:00:00,/Volumes/Argus/unk/snap/c1/1733522400.c1.snap.jpg,1.0673358
2024-12-06 22:30:00,/Volumes/Argus/unk/snap/c1/1733524200.c1.snap.jpg,0.99545187
2024-12-06 23:00:00,/Volumes/Argus/unk/snap/c1/1733526000.c1.snap.jpg,0.8832278
2024-12-06 23:30:00,/Volumes/Argus/unk/snap/c1/1733527800.c1.snap.jpg,0.9397541
2024-12-07 00:00:00,/Volumes/Argus/unk/snap/c1/1733529600.c1.snap.jpg,0.9318607
2024-12-07 00:30:00,/Volumes/Argus/unk/snap/c1/1733531400.c1.snap.jpg,0.8788914
2024-12-07 01:00:00,/Volumes/Argus/unk/snap/c1/1733533200.c1.snap.jpg,0.96432614
2024-12-07 01:30:00,/Volumes/Argus/unk/snap/c1/1733535000.c1.snap.jpg,1.0411763
2024-12-07 02:00:00,/Volumes/Argus/unk/snap/c1/1733536800.c1.snap.jpg,1.0173913
2024-12-07 19:30:00,/Volumes/Argus/unk/snap/c1/1733599800.c1.snap.jpg,0.60733324
2024-12-07 20:00:00,/Volumes/Argus/unk/snap/c1/1733601600.c1.snap.jpg,0.65668416
2024-12-07 20:30:00,/Volumes/Argus/unk/snap/c1/1733603400.c1.snap.jpg,0.6401894
2024-12-07 21:00:00,/Volumes/Argus/unk/snap/c1/1733605200.c1.snap.jpg,0.6538954
2024-12-07 21:30:00,/Volumes/Argus/unk/snap/c1/1733607000.c1.snap.jpg,0.7424521
2024-12-07 22:00:00,/Volumes/Argus/unk/snap/c1/1733608800.c1.snap.jpg,0.71066254
2024-12-07 22:30:00,/Volumes/Argus/unk/snap/c1/1733610600.c1.snap.jpg,0.7311855
2024-12-07 23:00:00,/Volumes/Argus/unk/snap/c1/1733612400.c1.snap.jpg,0.8852941
2024-12-07 23:30:00,/Volumes/Argus/unk/snap/c1/1733614200.c1.snap.jpg,0.7765038
2024-12-08 00:00:00,/Volumes/Argus/unk/snap/c1/1733616000.c1.snap.jpg,0.72887427
2024-12-08 00:30:00,/Volumes/Argus/unk/snap/c1/1733617800.c1.snap.jpg,0.86925447
2024-12-08 01:00:00,/Volumes/Argus/unk/snap/c1/1733619600.c1.snap.jpg,0.86771446
2024-12-08 01:30:00,/Volumes/Argus/unk/snap/c1/1733621400.c1.snap.jpg,1.2057847
2024-12-08 02:00:00,/Volumes/Argus/unk/snap/c1/1733623200.c1.snap.jpg,0.86190826
2024-12-08 19:30:00,/Volumes/Argus/unk/snap/c1/1733686200.c1.snap.jpg,0.7477912
2024-12-08 20:00:00,/Volumes/Argus/unk/snap/c1/1733688000.c1.snap.jpg,0.82912564
2024-12-08 20:30:00,/Volumes/Argus/unk/snap/c1/1733689800.c1.snap.jpg,0.81213284
2024-12-08 21:00:00,/Volumes/Argus/unk/snap/c1/1733691600.c1.snap.jpg,0.8045834
2024-12-08 21:30:00,/Volumes/Argus/unk/snap/c1/1733693400.c1.snap.jpg,0.791455
2024-12-08 23:00:00,/Volumes/Argus/unk/snap/c1/1733698800.c1.snap.jpg,0.75343895
2024-12-08 23:30:00,/Volumes/Argus/unk/snap/c1/1733700600.c1.snap.jpg,0.78844243
2024-12-09 00:00:00,/Volumes/Argus/unk/snap/c1/1733702400.c1.snap.jpg,0.7669284
2024-12-09 00:30:00,/Volumes/Argus/unk/snap/c1/1733704200.c1.snap.jpg,0.762117
2024-12-09 01:00:00,/Volumes/Argus/unk/snap/c1/1733706000.c1.snap.jpg,0.7723446
2024-12-09 01:30:00,/Volumes/Argus/unk/snap/c1/1733707800.c1.snap.jpg,0.8569149
2024-12-09 02:00:00,/Volumes/Argus/unk/snap/c1/1733709600.c1.snap.jpg,0.78606737
2024-12-09 19:30:00,/Volumes/Argus/unk/snap/c1/1733772600.c1.snap.jpg,0.6839962
2024-12-09 20:00:00,/Volumes/Argus/unk/snap/c1/1733774400.c1.snap.jpg,0.7263802
2024-12-09 20:30:00,/Volumes/Argus/unk/snap/c1/1733776200.c1.snap.jpg,0.76974595
2024-12-09 21:00:00,/Volumes/Argus/unk/snap/c1/1733778000.c1.snap.jpg,0.640587
2024-12-09 21:30:00,/Volumes/Argus/unk/snap/c1/1733779800.c1.snap.jpg,0.6762809
2024-12-09 22:00:00,/Volumes/Argus/unk/snap/c1/1733781600.c1.snap.jpg,0.69300354
2024-12-09 22:30:00,/Volumes/Argus/unk/snap/c1/1733783400.c1.snap.jpg,0.7235987
2024-12-09 23:00:00,/Volumes/Argus/unk/snap/c1/1733785200.c1.snap.jpg,0.6333419
2024-12-09 23:30:00,/Volumes/Argus/unk/snap/c1/1733787000.c1.snap.jpg,0.73319197
2024-12-10 00:00:00,/Volumes/Argus/unk/snap/c1/1733788800.c1.snap.jpg,0.79101276
2024-12-10 00:30:00,/Volumes/Argus/unk/snap/c1/1733790600.c1.snap.jpg,0.7487532
2024-12-10 01:00:00,/Volumes/Argus/unk/snap/c1/1733792400.c1.snap.jpg,0.7774325
2024-12-10 01:30:00,/Volumes/Argus/unk/snap/c1/1733794200.c1.snap.jpg,0.7269504
2024-12-10 02:00:00,/Volumes/Argus/unk/snap/c1/1733796000.c1.snap.jpg,0.80690944
2024-12-10 19:30:00,/Volumes/Argus/unk/snap/c1/1733859000.c1.snap.jpg,0.78730357
2024-12-10 20:00:00,/Volumes/Argus/unk/snap/c1/1733860800.c1.snap.jpg,0.53328896
2024-12-10 20:30:00,/Volumes/Argus/unk/snap/c1/1733862600.c1.snap.jpg,0.73964846
2024-12-10 21:00:00,/Volumes/Argus/unk/snap/c1/1733864400.c1.snap.jpg,0.819419
2024-12-10 21:30:00,/Volumes/Argus/unk/snap/c1/1733866200.c1.snap.jpg,0.8402675
2024-12-10 22:00:00,/Volumes/Argus/unk/snap/c1/1733868000.c1.snap.jpg,0.74018735
2024-12-10 22:30:00,/Volumes/Argus/unk/snap/c1/1733869800.c1.snap.jpg,0.78405
2024-12-10 23:30:00,/Volumes/Argus/unk/snap/c1/1733873400.c1.snap.jpg,0.541932
2024-12-11 00:00:00,/Volumes/Argus/unk/snap/c1/1733875200.c1.snap.jpg,0.63424397
2024-12-11 01:00:00,/Volumes/Argus/unk/snap/c1/1733878800.c1.snap.jpg,0.79403734
2024-12-11 01:30:00,/Volumes/Argus/unk/snap/c1/1733880600.c1.snap.jpg,0.65755606
2024-12-11 02:00:00,/Volumes/Argus/unk/snap/c1/1733882400.c1.snap.jpg,0.70199716
2024-12-11 19:30:00,/Volumes/Argus/unk/snap/c1/1733945400.c1.snap.jpg,0.57234263
2024-12-11 20:00:00,/Volumes/Argus/unk/snap/c1/1733947200.c1.snap.jpg,0.5636325
2024-12-11 20:30:00,/Volumes/Argus/unk/snap/c1/1733949000.c1.snap.jpg,0.65503687
2024-12-11 21:00:00,/Volumes/Argus/unk/snap/c1/1733950800.c1.snap.jpg,0.5455443
2024-12-11 21:30:00,/Volumes/Argus/unk/snap/c1/1733952600.c1.snap.jpg,0.62729335
2024-12-11 22:00:00,/Volumes/Argus/unk/snap/c1/1733954400.c1.snap.jpg,0.5651115
2024-12-11 22:30:00,/Volumes/Argus/unk/snap/c1/1733956200.c1.snap.jpg,0.51286995
2024-12-11 23:00:00,/Volumes/Argus/unk/snap/c1/1733958000.c1.snap.jpg,0.5041565
2024-12-11 23:30:00,/Volumes/Argus/unk/snap/c1/1733959800.c1.snap.jpg,0.47431704
2024-12-12 00:00:00,/Volumes/Argus/unk/snap/c1/1733961600.c1.snap.jpg,0.70742697
2024-12-12 00:30:00,/Volumes/Argus/unk/snap/c1/1733963400.c1.snap.jpg,0.5339737
2024-12-12 01:00:00,/Volumes/Argus/unk/snap/c1/1733965200.c1.snap.jpg,0.4471609
2024-12-12 01:30:00,/Volumes/Argus/unk/snap/c1/1733967000.c1.snap.jpg,0.47174263
2024-12-12 02:00:00,/Volumes/Argus/unk/snap/c1/1733968800.c1.snap.jpg,0.54683346
2024-12-12 19:30:00,/Volumes/Argus/unk/snap/c1/1734031800.c1.snap.jpg,0.5880523
2024-12-12 20:00:00,/Volumes/Argus/unk/snap/c1/1734033600.c1.snap.jpg,0.61111665
2024-12-12 20:30:00,/Volumes/Argus/unk/snap/c1/1734035400.c1.snap.jpg,0.6136144
2024-12-12 21:00:00,/Volumes/Argus/unk/snap/c1/1734037200.c1.snap.jpg,0.55204445
2024-12-12 21:30:00,/Volumes/Argus/unk/snap/c1/1734039000.c1.snap.jpg,0.46527624
2024-12-12 22:00:00,/Volumes/Argus/unk/snap/c1/1734040800.c1.snap.jpg,0.58471024
2024-12-12 22:30:00,/Volumes/Argus/unk/snap/c1/1734042600.c1.snap.jpg,0.48020872
2024-12-12 23:00:00,/Volumes/Argus/unk/snap/c1/1734044400.c1.snap.jpg,0.46736252
2024-12-12 23:30:00,/Volumes/Argus/unk/snap/c1/1734046200.c1.snap.jpg,0.4043369
2024-12-13 00:00:00,/Volumes/Argus/unk/snap/c1/1734048000.c1.snap.jpg,0.43630698
2024-12-13 00:30:00,/Volumes/Argus/unk/snap/c1/1734049800.c1.snap.jpg,0.47401333
2024-12-13 01:00:00,/Volumes/Argus/unk/snap/c1/1734051600.c1.snap.jpg,0.5294167
2024-12-13 01:30:00,/Volumes/Argus/unk/snap/c1/1734053400.c1.snap.jpg,0.70187545
2024-12-13 02:00:00,/Volumes/Argus/unk/snap/c1/1734055200.c1.snap.jpg,0.74056214
2024-12-13 19:30:00,/Volumes/Argus/unk/snap/c1/1734118200.c1.snap.jpg,0.90750515
2024-12-13 20:00:00,/Volumes/Argus/unk/snap/c1/1734120000.c1.snap.jpg,0.74608046
2024-12-13 20:30:00,/Volumes/Argus/unk/snap/c1/1734121800.c1.snap.jpg,0.84384453
2024-12-13 21:00:00,/Volumes/Argus/unk/snap/c1/1734123600.c1.snap.jpg,0.85144657
2024-12-13 21:30:00,/Volumes/Argus/unk/snap/c1/1734125400.c1.snap.jpg,0.87376857
2024-12-13 22:00:00,/Volumes/Argus/unk/snap/c1/1734127200.c1.snap.jpg,0.8590165
2024-12-13 22:30:00,/Volumes/Argus/unk/snap/c1/1734129000.c1.snap.jpg,0.8104707
2024-12-13 23:00:00,/Volumes/Argus/unk/snap/c1/1734130800.c1.snap.jpg,0.84238845
2024-12-13 23:30:00,/Volumes/Argus/unk/snap/c1/1734132600.c1.snap.jpg,0.8271579
2024-12-14 00:00:00,/Volumes/Argus/unk/snap/c1/1734134400.c1.snap.jpg,0.8078809
2024-12-14 00:30:00,/Volumes/Argus/unk/snap/c1/1734136200.c1.snap.jpg,0.7946503
2024-12-14 01:00:00,/Volumes/Argus/unk/snap/c1/1734138000.c1.snap.jpg,0.640294
2024-12-14 01:30:00,/Volumes/Argus/unk/snap/c1/1734139800.c1.snap.jpg,0.5415964
2024-12-14 02:00:00,/Volumes/Argus/unk/snap/c1/1734141600.c1.snap.jpg,0.8230021
2024-12-14 19:30:00,/Volumes/Argus/unk/snap/c1/1734204600.c1.snap.jpg,0.7947192
2024-12-14 20:00:00,/Volumes/Argus/unk/snap/c1/1734206400.c1.snap.jpg,0.7924923
2024-12-14 20:30:00,/Volumes/Argus/unk/snap/c1/1734208200.c1.snap.jpg,0.82559013
2024-12-14 21:00:00,/Volumes/Argus/unk/snap/c1/1734210000.c1.snap.jpg,0.79168284
2024-12-14 21:30:00,/Volumes/Argus/unk/snap/c1/1734211800.c1.snap.jpg,0.7658361
2024-12-14 22:00:00,/Volumes/Argus/unk/snap/c1/1734213600.c1.snap.jpg,0.71176773
2024-12-14 22:30:00,/Volumes/Argus/unk/snap/c1/1734215400.c1.snap.jpg,0.72409904
2024-12-14 23:00:00,/Volumes/Argus/unk/snap/c1/1734217200.c1.snap.jpg,0.7717661
2024-12-14 23:30:00,/Volumes/Argus/unk/snap/c1/1734219000.c1.snap.jpg,0.8163908
2024-12-15 00:00:00,/Volumes/Argus/unk/snap/c1/1734220800.c1.snap.jpg,0.6763705
2024-12-15 00:30:00,/Volumes/Argus/unk/snap/c1/1734222600.c1.snap.jpg,0.73560846
2024-12-15 01:00:00,/Volumes/Argus/unk/snap/c1/1734224400.c1.snap.jpg,0.6521539
2024-12-15 01:30:00,/Volumes/Argus/unk/snap/c1/1734226200.c1.snap.jpg,0.71603763
2024-12-15 02:00:00,/Volumes/Argus/unk/snap/c1/1734228000.c1.snap.jpg,0.7841118
2024-12-15 19:30:00,/Volumes/Argus/unk/snap/c1/1734291000.c1.snap.jpg,0.6842377
2024-12-15 20:00:00,/Volumes/Argus/unk/snap/c1/1734292800.c1.snap.jpg,0.65325737
2024-12-15 20:30:00,/Volumes/Argus/unk/snap/c1/1734294600.c1.snap.jpg,0.6815841
2024-12-15 21:00:00,/Volumes/Argus/unk/snap/c1/1734296400.c1.snap.jpg,0.7421411
2024-12-15 21:30:00,/Volumes/Argus/unk/snap/c1/1734298200.c1.snap.jpg,0.7077091
2024-12-15 22:00:00,/Volumes/Argus/unk/snap/c1/1734300000.c1.snap.jpg,0.688578
2024-12-15 22:30:00,/Volumes/Argus/unk/snap/c1/1734301800.c1.snap.jpg,0.7054383
2024-12-15 23:00:00,/Volumes/Argus/unk/snap/c1/1734303600.c1.snap.jpg,0.7402524
2024-12-15 23:30:00,/Volumes/Argus/unk/snap/c1/1734305400.c1.snap.jpg,0.7555124
2024-12-16 00:00:00,/Volumes/Argus/unk/snap/c1/1734307200.c1.snap.jpg,0.7661941
2024-12-16 00:30:00,/Volumes/Argus/unk/snap/c1/1734309000.c1.snap.jpg,0.8310807
2024-12-16 01:00:00,/Volumes/Argus/unk/snap/c1/1734310800.c1.snap.jpg,0.98060715
2024-12-16 01:30:00,/Volumes/Argus/unk/snap/c1/1734312600.c1.snap.jpg,0.8718816
2024-12-16 02:00:00,/Volumes/Argus/unk/snap/c1/1734314400.c1.snap.jpg,0.88722074
2024-12-16 19:30:00,/Volumes/Argus/unk/snap/c1/1734377400.c1.snap.jpg,0.67501235
2024-12-16 20:00:00,/Volumes/Argus/unk/snap/c1/1734379200.c1.snap.jpg,0.59431833
2024-12-16 20:30:00,/Volumes/Argus/unk/snap/c1/1734381000.c1.snap.jpg,0.6316358
2024-12-16 21:00:00,/Volumes/Argus/unk/snap/c1/1734382800.c1.snap.jpg,0.6063053
2024-12-16 21:30:00,/Volumes/Argus/unk/snap/c1/1734384600.c1.snap.jpg,0.58071333
2024-12-16 22:00:00,/Volumes/Argus/unk/snap/c1/1734386400.c1.snap.jpg,0.48852143
2024-12-16 22:30:00,/Volumes/Argus/unk/snap/c1/1734388200.c1.snap.jpg,0.5068767
2024-12-16 23:00:00,/Volumes/Argus/unk/snap/c1/1734390000.c1.snap.jpg,0.5611943
2024-12-16 23:30:00,/Volumes/Argus/unk/snap/c1/1734391800.c1.snap.jpg,0.49660552
2024-12-17 00:00:00,/Volumes/Argus/unk/snap/c1/1734393600.c1.snap.jpg,0.53611046
2024-12-17 00:30:00,/Volumes/Argus/unk/snap/c1/1734395400.c1.snap.jpg,0.59173995
2024-12-17 01:00:00,/Volumes/Argus/unk/snap/c1/1734397200.c1.snap.jpg,0.62947357
2024-12-17 01:30:00,/Volumes/Argus/unk/snap/c1/1734399000.c1.snap.jpg,0.559192
2024-12-17 02:00:00,/Volumes/Argus/unk/snap/c1/1734400800.c1.snap.jpg,0.79144764
2024-12-17 19:30:00,/Volumes/Argus/unk/snap/c1/1734463800.c1.snap.jpg,0.64540195
2024-12-17 20:00:00,/Volumes/Argus/unk/snap/c1/1734465600.c1.snap.jpg,0.64165384
2024-12-17 20:30:00,/Volumes/Argus/unk/snap/c1/1734467400.c1.snap.jpg,0.642241
2024-12-17 21:00:00,/Volumes/Argus/unk/snap/c1/1734469200.c1.snap.jpg,0.6422526
2024-12-17 21:30:00,/Volumes/Argus/unk/snap/c1/1734471000.c1.snap.jpg,0.66313636
2024-12-17 22:00:00,/Volumes/Argus/unk/snap/c1/1734472800.c1.snap.jpg,0.66816026
2024-12-17 22:30:00,/Volumes/Argus/unk/snap/c1/1734474600.c1.snap.jpg,0.5987264
2024-12-17 23:00:00,/Volumes/Argus/unk/snap/c1/1734476400.c1.snap.jpg,0.62215847
2024-12-17 23:30:00,/Volumes/Argus/unk/snap/c1/1734478200.c1.snap.jpg,0.6252636
2024-12-18 00:00:00,/Volumes/Argus/unk/snap/c1/1734480000.c1.snap.jpg,0.58160585
2024-12-18 00:30:00,/Volumes/Argus/unk/snap/c1/1734481800.c1.snap.jpg,0.5951389
2024-12-18 01:00:00,/Volumes/Argus/unk/snap/c1/1734483600.c1.snap.jpg,0.5697909
2024-12-18 01:30:00,/Volumes/Argus/unk/snap/c1/1734485400.c1.snap.jpg,0.61498016
2024-12-18 02:00:00,/Volumes/Argus/unk/snap/c1/1734487200.c1.snap.jpg,0.73748904
2024-12-18 19:30:00,/Volumes/Argus/unk/snap/c1/1734550200.c1.snap.jpg,0.6972695
2024-12-18 20:00:00,/Volumes/Argus/unk/snap/c1/1734552000.c1.snap.jpg,0.7131563
2024-12-18 20:30:00,/Volumes/Argus/unk/snap/c1/1734553800.c1.snap.jpg,0.7196661
2024-12-18 21:00:00,/Volumes/Argus/unk/snap/c1/1734555600.c1.snap.jpg,0.6972946
2024-12-18 21:30:00,/Volumes/Argus/unk/snap/c1/1734557400.c1.snap.jpg,0.6809016
2024-12-18 22:00:00,/Volumes/Argus/unk/snap/c1/1734559200.c1.snap.jpg,0.61670244
2024-12-18 22:30:00,/Volumes/Argus/unk/snap/c1/1734561000.c1.snap.jpg,0.58683056
2024-12-18 23:00:00,/Volumes/Argus/unk/snap/c1/1734562800.c1.snap.jpg,0.61528087
2024-12-18 23:30:00,/Volumes/Argus/unk/snap/c1/1734564600.c1.snap.jpg,0.61598897
2024-12-19 00:30:00,/Volumes/Argus/unk/snap/c1/1734568200.c1.snap.jpg,0.57220244
2024-12-19 01:00:00,/Volumes/Argus/unk/snap/c1/1734570000.c1.snap.jpg,0.63723683
2024-12-19 01:30:00,/Volumes/Argus/unk/snap/c1/1734571800.c1.snap.jpg,0.6240119
2024-12-19 02:00:00,/Volumes/Argus/unk/snap/c1/1734573600.c1.snap.jpg,0.6190214
2024-12-19 19:30:00,/Volumes/Argus/unk/snap/c1/1734636600.c1.snap.jpg,0.6251977
2024-12-19 20:00:00,/Volumes/Argus/unk/snap/c1/1734638400.c1.snap.jpg,0.6338742
2024-12-19 20:30:00,/Volumes/Argus/unk/snap/c1/1734640200.c1.snap.jpg,0.6644288
2024-12-19 21:00:00,/Volumes/Argus/unk/snap/c1/1734642000.c1.snap.jpg,0.68702906
2024-12-19 21:30:00,/Volumes/Argus/unk/snap/c1/1734643800.c1.snap.jpg,0.5740333
2024-12-19 22:00:00,/Volumes/Argus/unk/snap/c1/1734645600.c1.snap.jpg,0.5939237
2024-12-19 22:30:00,/Volumes/Argus/unk/snap/c1/1734647400.c1.snap.jpg,0.5383402
2024-12-19 23:00:00,/Volumes/Argus/unk/snap/c1/1734649200.c1.snap.jpg,0.52343285
2024-12-19 23:30:00,/Volumes/Argus/unk/snap/c1/1734651000.c1.snap.jpg,0.579366
2024-12-20 00:00:00,/Volumes/Argus/unk/snap/c1/1734652800.c1.snap.jpg,0.58936286
2024-12-20 00:30:00,/Volumes/Argus/unk/snap/c1/1734654600.c1.snap.jpg,0.6230018
2024-12-20 01:00:00,/Volumes/Argus/unk/snap/c1/1734656400.c1.snap.jpg,0.58805615
2024-12-20 01:30:00,/Volumes/Argus/unk/snap/c1/1734658200.c1.snap.jpg,0.56269294
2024-12-20 02:00:00,/Volumes/Argus/unk/snap/c1/1734660000.c1.snap.jpg,0.5537166
2024-12-21 19:30:00,/Volumes/Argus/unk/snap/c1/1734809400.c1.snap.jpg,0.6708406
2024-12-21 20:00:00,/Volumes/Argus/unk/snap/c1/1734811200.c1.snap.jpg,0.65453506
2024-12-21 20:30:00,/Volumes/Argus/unk/snap/c1/1734813000.c1.snap.jpg,0.5788876
2024-12-21 21:00:00,/Volumes/Argus/unk/snap/c1/1734814800.c1.snap.jpg,0.54687726
2024-12-21 22:30:00,/Volumes/Argus/unk/snap/c1/1734820200.c1.snap.jpg,0.54677826
2024-12-21 23:00:00,/Volumes/Argus/unk/snap/c1/1734822000.c1.snap.jpg,0.55057883
2024-12-21 23:30:00,/Volumes/Argus/unk/snap/c1/1734823800.c1.snap.jpg,0.59637904
2024-12-22 00:00:00,/Volumes/Argus/unk/snap/c1/1734825600.c1.snap.jpg,0.5817704
2024-12-22 00:30:00,/Volumes/Argus/unk/snap/c1/1734827400.c1.snap.jpg,0.6067505
2024-12-22 01:00:00,/Volumes/Argus/unk/snap/c1/1734829200.c1.snap.jpg,0.5874294
2024-12-22 01:30:00,/Volumes/Argus/unk/snap/c1/1734831000.c1.snap.jpg,0.66847384
2024-12-22 02:00:00,/Volumes/Argus/unk/snap/c1/1734832800.c1.snap.jpg,0.6284833
2024-12-22 19:30:00,/Volumes/Argus/unk/snap/c1/1734895800.c1.snap.jpg,0.6830206
2024-12-22 20:00:00,/Volumes/Argus/unk/snap/c1/1734897600.c1.snap.jpg,0.6319131
2024-12-22 20:30:00,/Volumes/Argus/unk/snap/c1/1734899400.c1.snap.jpg,0.66646534
2024-12-22 21:00:00,/Volumes/Argus/unk/snap/c1/1734901200.c1.snap.jpg,0.70206606
2024-12-22 21:30:00,/Volumes/Argus/unk/snap/c1/1734903000.c1.snap.jpg,0.6551839
2024-12-22 22:00:00,/Volumes/Argus/unk/snap/c1/1734904800.c1.snap.jpg,0.6264019
2024-12-22 22:30:00,/Volumes/Argus/unk/snap/c1/1734906600.c1.snap.jpg,0.64879084
2024-12-22 23:00:00,/Volumes/Argus/unk/snap/c1/1734908400.c1.snap.jpg,0.5552521
2024-12-22 23:30:00,/Volumes/Argus/unk/snap/c1/1734910200.c1.snap.jpg,0.5840755
2024-12-23 00:00:00,/Volumes/Argus/unk/snap/c1/1734912000.c1.snap.jpg,0.59747857
2024-12-23 00:30:00,/Volumes/Argus/unk/snap/c1/1734913800.c1.snap.jpg,0.53374666
2024-12-23 01:00:00,/Volumes/Argus/unk/snap/c1/1734915600.c1.snap.jpg,0.5527638
2024-12-23 01:30:00,/Volumes/Argus/unk/snap/c1/1734917400.c1.snap.jpg,0.59439266
2024-12-23 02:00:00,/Volumes/Argus/unk/snap/c1/1734919200.c1.snap.jpg,0.66596925
2024-12-23 19:30:00,/Volumes/Argus/unk/snap/c1/1734982200.c1.snap.jpg,0.61855376
2024-12-23 20:00:00,/Volumes/Argus/unk/snap/c1/1734984000.c1.snap.jpg,0.5553015
2024-12-23 20:30:00,/Volumes/Argus/unk/snap/c1/1734985800.c1.snap.jpg,0.5895401
2024-12-23 21:00:00,/Volumes/Argus/unk/snap/c1/1734987600.c1.snap.jpg,0.5572579
2024-12-23 21:30:00,/Volumes/Argus/unk/snap/c1/1734989400.c1.snap.jpg,0.5508457
2024-12-23 22:00:00,/Volumes/Argus/unk/snap/c1/1734991200.c1.snap.jpg,0.59317315
2024-12-23 22:30:00,/Volumes/Argus/unk/snap/c1/1734993000.c1.snap.jpg,0.5732164
2024-12-23 23:00:00,/Volumes/Argus/unk/snap/c1/1734994800.c1.snap.jpg,0.5537963
2024-12-23 23:30:00,/Volumes/Argus/unk/snap/c1/1734996600.c1.snap.jpg,0.57862854
2024-12-24 00:00:00,/Volumes/Argus/unk/snap/c1/1734998400.c1.snap.jpg,0.61503744
2024-12-24 00:30:00,/Volumes/Argus/unk/snap/c1/1735000200.c1.snap.jpg,0.6212299
2024-12-24 01:00:00,/Volumes/Argus/unk/snap/c1/1735002000.c1.snap.jpg,0.65540177
2024-12-24 01:30:00,/Volumes/Argus/unk/snap/c1/1735003800.c1.snap.jpg,0.5849167
2024-12-24 02:00:00,/Volumes/Argus/unk/snap/c1/1735005600.c1.snap.jpg,0.63967526
2024-12-24 19:30:00,/Volumes/Argus/unk/snap/c1/1735068600.c1.snap.jpg,0.73275316
2024-12-24 20:00:00,/Volumes/Argus/unk/snap/c1/1735070400.c1.snap.jpg,0.616237
2024-12-24 20:30:00,/Volumes/Argus/unk/snap/c1/1735072200.c1.snap.jpg,0.6829942
2024-12-24 21:00:00,/Volumes/Argus/unk/snap/c1/1735074000.c1.snap.jpg,0.69589084
2024-12-24 21:30:00,/Volumes/Argus/unk/snap/c1/1735075800.c1.snap.jpg,0.63306296
2024-12-24 22:00:00,/Volumes/Argus/unk/snap/c1/1735077600.c1.snap.jpg,0.6611477
2024-12-24 22:30:00,/Volumes/Argus/unk/snap/c1/1735079400.c1.snap.jpg,0.72595537
2024-12-24 23:00:00,/Volumes/Argus/unk/snap/c1/1735081200.c1.snap.jpg,0.65062773
2024-12-24 23:30:00,/Volumes/Argus/unk/snap/c1/1735083000.c1.snap.jpg,0.6628866
2024-12-25 00:00:00,/Volumes/Argus/unk/snap/c1/1735084800.c1.snap.jpg,0.5774243
2024-12-25 00:30:00,/Volumes/Argus/unk/snap/c1/1735086600.c1.snap.jpg,0.60460377
2024-12-25 01:00:00,/Volumes/Argus/unk/snap/c1/1735088400.c1.snap.jpg,0.60568476
2024-12-25 01:30:00,/Volumes/Argus/unk/snap/c1/1735090200.c1.snap.jpg,0.63929415
2024-12-25 02:00:00,/Volumes/Argus/unk/snap/c1/1735092000.c1.snap.jpg,0.70781636
2024-12-25 19:30:00,/Volumes/Argus/unk/snap/c1/1735155000.c1.snap.jpg,0.8608304
2024-12-25 20:00:00,/Volumes/Argus/unk/snap/c1/1735156800.c1.snap.jpg,0.7598748
2024-12-25 20:30:00,/Volumes/Argus/unk/snap/c1/1735158600.c1.snap.jpg,0.7100667
2024-12-25 21:00:00,/Volumes/Argus/unk/snap/c1/1735160400.c1.snap.jpg,0.76633435
2024-12-25 21:30:00,/Volumes/Argus/unk/snap/c1/1735162200.c1.snap.jpg,0.7456905
2024-12-25 22:00:00,/Volumes/Argus/unk/snap/c1/1735164000.c1.snap.jpg,0.7322952
2024-12-25 22:30:00,/Volumes/Argus/unk/snap/c1/1735165800.c1.snap.jpg,0.7327476
2024-12-25 23:00:00,/Volumes/Argus/unk/snap/c1/1735167600.c1.snap.jpg,0.69780934
2024-12-25 23:30:00,/Volumes/Argus/unk/snap/c1/1735169400.c1.snap.jpg,0.73000014
2024-12-26 00:00:00,/Volumes/Argus/unk/snap/c1/1735171200.c1.snap.jpg,0.717223
2024-12-26 00:30:00,/Volumes/Argus/unk/snap/c1/1735173000.c1.snap.jpg,0.76814896
2024-12-26 01:00:00,/Volumes/Argus/unk/snap/c1/1735174800.c1.snap.jpg,0.7492726
2024-12-26 01:30:00,/Volumes/Argus/unk/snap/c1/1735176600.c1.snap.jpg,0.7290023
2024-12-26 02:00:00,/Volumes/Argus/unk/snap/c1/1735178400.c1.snap.jpg,0.6440436
2024-12-27 19:30:00,/Volumes/Argus/unk/snap/c1/1735327800.c1.snap.jpg,0.62137014
2024-12-27 20:00:00,/Volumes/Argus/unk/snap/c1/1735329600.c1.snap.jpg,0.7023732
2024-12-27 20:30:00,/Volumes/Argus/unk/snap/c1/1735331400.c1.snap.jpg,0.67918205
2024-12-27 21:00:00,/Volumes/Argus/unk/snap/c1/1735333200.c1.snap.jpg,1.0439959
2024-12-27 21:30:00,/Volumes/Argus/unk/snap/c1/1735335000.c1.snap.jpg,0.6628554
2024-12-27 22:00:00,/Volumes/Argus/unk/snap/c1/1735336800.c1.snap.jpg,0.6525818
2024-12-27 22:30:00,/Volumes/Argus/unk/snap/c1/1735338600.c1.snap.jpg,0.6689601
2024-12-27 23:00:00,/Volumes/Argus/unk/snap/c1/1735340400.c1.snap.jpg,0.7126693
2024-12-27 23:30:00,/Volumes/Argus/unk/snap/c1/1735342200.c1.snap.jpg,0.765812
2024-12-28 00:00:00,/Volumes/Argus/unk/snap/c1/1735344000.c1.snap.jpg,0.95922804
2024-12-28 01:00:00,/Volumes/Argus/unk/snap/c1/1735347600.c1.snap.jpg,0.6981249
2024-12-28 01:30:00,/Volumes/Argus/unk/snap/c1/1735349400.c1.snap.jpg,0.74647033
2024-12-28 02:00:00,/Volumes/Argus/unk/snap/c1/1735351200.c1.snap.jpg,0.8030079
2024-12-28 19:30:00,/Volumes/Argus/unk/snap/c1/1735414200.c1.snap.jpg,0.5572827
2024-12-28 20:00:00,/Volumes/Argus/unk/snap/c1/1735416000.c1.snap.jpg,0.58938885
2024-12-28 20:30:00,/Volumes/Argus/unk/snap/c1/1735417800.c1.snap.jpg,0.5035933
2024-12-28 21:00:00,/Volumes/Argus/unk/snap/c1/1735419600.c1.snap.jpg,0.5894834
2024-12-28 21:30:00,/Volumes/Argus/unk/snap/c1/1735421400.c1.snap.jpg,0.5682304
2024-12-28 22:00:00,/Volumes/Argus/unk/snap/c1/1735423200.c1.snap.jpg,0.6059748
2024-12-28 22:30:00,/Volumes/Argus/unk/snap/c1/1735425000.c1.snap.jpg,0.63751376
2024-12-28 23:00:00,/Volumes/Argus/unk/snap/c1/1735426800.c1.snap.jpg,0.66889197
2024-12-28 23:30:00,/Volumes/Argus/unk/snap/c1/1735428600.c1.snap.jpg,0.7273394
2024-12-29 00:00:00,/Volumes/Argus/unk/snap/c1/1735430400.c1.snap.jpg,0.76591235
2024-12-29 00:30:00,/Volumes/Argus/unk/snap/c1/1735432200.c1.snap.jpg,0.70768064
2024-12-29 01:00:00,/Volumes/Argus/unk/snap/c1/1735434000.c1.snap.jpg,0.7161342
2024-12-29 01:30:00,/Volumes/Argus/unk/snap/c1/1735435800.c1.snap.jpg,0.7503972
2024-12-29 02:00:00,/Volumes/Argus/unk/snap/c1/1735437600.c1.snap.jpg,0.73651683
2024-12-29 19:30:00,/Volumes/Argus/unk/snap/c1/1735500600.c1.snap.jpg,0.6786387
2024-12-29 20:00:00,/Volumes/Argus/unk/snap/c1/1735502400.c1.snap.jpg,0.6523673
2024-12-29 20:30:00,/Volumes/Argus/unk/snap/c1/1735504200.c1.snap.jpg,0.7867697
2024-12-29 21:00:00,/Volumes/Argus/unk/snap/c1/1735506000.c1.snap.jpg,0.7191161
2024-12-29 21:30:00,/Volumes/Argus/unk/snap/c1/1735507800.c1.snap.jpg,0.6827366
2024-12-29 22:00:00,/Volumes/Argus/unk/snap/c1/1735509600.c1.snap.jpg,0.6285737
2024-12-29 22:30:00,/Volumes/Argus/unk/snap/c1/1735511400.c1.snap.jpg,0.59721357
2024-12-29 23:00:00,/Volumes/Argus/unk/snap/c1/1735513200.c1.snap.jpg,0.6157
2024-12-29 23:30:00,/Volumes/Argus/unk/snap/c1/1735515000.c1.snap.jpg,0.6194047
2024-12-30 00:00:00,/Volumes/Argus/unk/snap/c1/1735516800.c1.snap.jpg,0.62673455
2024-12-30 00:30:00,/Volumes/Argus/unk/snap/c1/1735518600.c1.snap.jpg,0.62837934
2024-12-30 01:00:00,/Volumes/Argus/unk/snap/c1/1735520400.c1.snap.jpg,0.6865174
2024-12-30 01:30:00,/Volumes/Argus/unk/snap/c1/1735522200.c1.snap.jpg,0.7143351
2024-12-30 02:00:00,/Volumes/Argus/unk/snap/c1/1735524000.c1.snap.jpg,0.71306425
2024-12-30 19:30:00,/Volumes/Argus/unk/snap/c1/1735587000.c1.snap.jpg,0.67021257
2024-12-30 20:00:00,/Volumes/Argus/unk/snap/c1/1735588800.c1.snap.jpg,0.60129917
2024-12-30 20:30:00,/Volumes/Argus/unk/snap/c1/1735590600.c1.snap.jpg,0.6185801
2024-12-30 21:00:00,/Volumes/Argus/unk/snap/c1/1735592400.c1.snap.jpg,0.5820997
2024-12-30 21:30:00,/Volumes/Argus/unk/snap/c1/1735594200.c1.snap.jpg,0.5755255
2024-12-30 22:00:00,/Volumes/Argus/unk/snap/c1/1735596000.c1.snap.jpg,0.5469935
2024-12-30 22:30:00,/Volumes/Argus/unk/snap/c1/1735597800.c1.snap.jpg,0.585424
2024-12-30 23:00:00,/Volumes/Argus/unk/snap/c1/1735599600.c1.snap.jpg,0.64244705
2024-12-30 23:30:00,/Volumes/Argus/unk/snap/c1/1735601400.c1.snap.jpg,0.638605
2024-12-31 00:00:00,/Volumes/Argus/unk/snap/c1/1735603200.c1.snap.jpg,0.6366124
2024-12-31 00:30:00,/Volumes/Argus/unk/snap/c1/1735605000.c1.snap.jpg,0.6359048
2024-12-31 01:00:00,/Volumes/Argus/unk/snap/c1/1735606800.c1.snap.jpg,0.6265553
2024-12-31 01:30:00,/Volumes/Argus/unk/snap/c1/1735608600.c1.snap.jpg,0.60281014
2024-12-31 02:00:00,/Volumes/Argus/unk/snap/c1/1735610400.c1.snap.jpg,0.5339699
2024-12-31 19:30:00,/Volumes/Argus/unk/snap/c1/1735673400.c1.snap.jpg,0.6582618
2024-12-31 20:00:00,/Volumes/Argus/unk/snap/c1/1735675200.c1.snap.jpg,0.61344194
2024-12-31 20:30:00,/Volumes/Argus/unk/snap/c1/1735677000.c1.snap.jpg,0.6986949
2024-12-31 21:00:00,/Volumes/Argus/unk/snap/c1/1735678800.c1.snap.jpg,0.67038035
2024-12-31 21:30:00,/Volumes/Argus/unk/snap/c1/1735680600.c1.snap.jpg,0.66925895
2024-12-31 22:00:00,/Volumes/Argus/unk/snap/c1/1735682400.c1.snap.jpg,0.6827241
2024-12-31 22:30:00,/Volumes/Argus/unk/snap/c1/1735684200.c1.snap.jpg,0.61397105
2024-12-31 23:00:00,/Volumes/Argus/unk/snap/c1/1735686000.c1.snap.jpg,0.6213424
2024-12-31 23:30:00,/Volumes/Argus/unk/snap/c1/1735687800.c1.snap.jpg,0.61670804
2025-01-01 00:00:00,/Volumes/Argus/unk/snap/c1/1735689600.c1.snap.jpg,0.5984894
2025-01-01 00:30:00,/Volumes/Argus/unk/snap/c1/1735691400.c1.snap.jpg,0.62423587
2025-01-01 01:00:00,/Volumes/Argus/unk/snap/c1/1735693200.c1.snap.jpg,0.62460995
2025-01-01 01:30:00,/Volumes/Argus/unk/snap/c1/1735695000.c1.snap.jpg,0.619309
2025-01-01 02:00:00,/Volumes/Argus/unk/snap/c1/1735696800.c1.snap.jpg,0.64038616
2025-01-01 19:30:00,/Volumes/Argus/unk/snap/c1/1735759800.c1.snap.jpg,0.64593613
2025-01-01 20:00:00,/Volumes/Argus/unk/snap/c1/1735761600.c1.snap.jpg,0.6205316
2025-01-01 20:30:00,/Volumes/Argus/unk/snap/c1/1735763400.c1.snap.jpg,0.6913859
2025-01-01 21:00:00,/Volumes/Argus/unk/snap/c1/1735765200.c1.snap.jpg,0.66631746
2025-01-01 21:30:00,/Volumes/Argus/unk/snap/c1/1735767000.c1.snap.jpg,0.5501659
2025-01-01 22:00:00,/Volumes/Argus/unk/snap/c1/1735768800.c1.snap.jpg,0.56657016
2025-01-01 22:30:00,/Volumes/Argus/unk/snap/c1/1735770600.c1.snap.jpg,0.6119125
2025-01-01 23:00:00,/Volumes/Argus/unk/snap/c1/1735772400.c1.snap.jpg,0.5886992
2025-01-01 23:30:00,/Volumes/Argus/unk/snap/c1/1735774200.c1.snap.jpg,0.5601823
2025-01-02 00:00:00,/Volumes/Argus/unk/snap/c1/1735776000.c1.snap.jpg,0.6161268
2025-01-02 00:30:00,/Volumes/Argus/unk/snap/c1/1735777800.c1.snap.jpg,0.65614635
2025-01-02 01:00:00,/Volumes/Argus/unk/snap/c1/1735779600.c1.snap.jpg,0.75574106
2025-01-02 01:30:00,/Volumes/Argus/unk/snap/c1/1735781400.c1.snap.jpg,0.7403667
2025-01-02 02:00:00,/Volumes/Argus/unk/snap/c1/1735783200.c1.snap.jpg,0.7114145
2025-01-02 19:30:00,/Volumes/Argus/unk/snap/c1/1735846200.c1.snap.jpg,0.5979347
2025-01-02 20:00:00,/Volumes/Argus/unk/snap/c1/1735848000.c1.snap.jpg,0.64265823
2025-01-02 20:30:00,/Volumes/Argus/unk/snap/c1/1735849800.c1.snap.jpg,0.72340834
2025-01-02 21:00:00,/Volumes/Argus/unk/snap/c1/1735851600.c1.snap.jpg,0.6564442
2025-01-02 21:30:00,/Volumes/Argus/unk/snap/c1/1735853400.c1.snap.jpg,0.60195804
2025-01-02 22:00:00,/Volumes/Argus/unk/snap/c1/1735855200.c1.snap.jpg,0.6011781
2025-01-02 22:30:00,/Volumes/Argus/unk/snap/c1/1735857000.c1.snap.jpg,0.64101166
2025-01-02 23:00:00,/Volumes/Argus/unk/snap/c1/1735858800.c1.snap.jpg,0.63138187
2025-01-02 23:30:00,/Volumes/Argus/unk/snap/c1/1735860600.c1.snap.jpg,0.65193194
2025-01-03 00:00:00,/Volumes/Argus/unk/snap/c1/1735862400.c1.snap.jpg,0.6905407
2025-01-03 00:30:00,/Volumes/Argus/unk/snap/c1/1735864200.c1.snap.jpg,0.72130305
2025-01-03 01:00:00,/Volumes/Argus/unk/snap/c1/1735866000.c1.snap.jpg,0.7555656
2025-01-03 01:30:00,/Volumes/Argus/unk/snap/c1/1735867800.c1.snap.jpg,0.9109068
2025-01-03 02:00:00,/Volumes/Argus/unk/snap/c1/1735869600.c1.snap.jpg,0.73078007
2025-01-03 19:30:00,/Volumes/Argus/unk/snap/c1/1735932600.c1.snap.jpg,0.5623139
2025-01-03 20:00:00,/Volumes/Argus/unk/snap/c1/1735934400.c1.snap.jpg,0.587419
2025-01-03 20:30:00,/Volumes/Argus/unk/snap/c1/1735936200.c1.snap.jpg,0.71066606
2025-01-03 21:00:00,/Volumes/Argus/unk/snap/c1/1735938000.c1.snap.jpg,0.6893573
2025-01-03 22:00:00,/Volumes/Argus/unk/snap/c1/1735941600.c1.snap.jpg,0.5819783
2025-01-03 22:30:00,/Volumes/Argus/unk/snap/c1/1735943400.c1.snap.jpg,0.61210454
2025-01-03 23:00:00,/Volumes/Argus/unk/snap/c1/1735945200.c1.snap.jpg,0.6051614
2025-01-03 23:30:00,/Volumes/Argus/unk/snap/c1/1735947000.c1.snap.jpg,0.6505487
2025-01-04 00:00:00,/Volumes/Argus/unk/snap/c1/1735948800.c1.snap.jpg,0.6550489
2025-01-04 00:30:00,/Volumes/Argus/unk/snap/c1/1735950600.c1.snap.jpg,0.69685316
2025-01-04 01:00:00,/Volumes/Argus/unk/snap/c1/1735952400.c1.snap.jpg,0.7262315
2025-01-04 01:30:00,/Volumes/Argus/unk/snap/c1/1735954200.c1.snap.jpg,1.0466169
2025-01-04 02:00:00,/Volumes/Argus/unk/snap/c1/1735956000.c1.snap.jpg,0.8081198
2025-01-04 19:30:00,/Volumes/Argus/unk/snap/c1/1736019000.c1.snap.jpg,0.71543187
2025-01-04 20:00:00,/Volumes/Argus/unk/snap/c1/1736020800.c1.snap.jpg,0.6180974
2025-01-04 20:30:00,/Volumes/Argus/unk/snap/c1/1736022600.c1.snap.jpg,0.7775327
2025-01-04 21:00:00,/Volumes/Argus/unk/snap/c1/1736024400.c1.snap.jpg,0.66537726
2025-01-04 21:30:00,/Volumes/Argus/unk/snap/c1/1736026200.c1.snap.jpg,0.66474074
2025-01-04 22:00:00,/Volumes/Argus/unk/snap/c1/1736028000.c1.snap.jpg,0.62679785
2025-01-04 22:30:00,/Volumes/Argus/unk/snap/c1/1736029800.c1.snap.jpg,0.6187291
2025-01-04 23:30:00,/Volumes/Argus/unk/snap/c1/1736033400.c1.snap.jpg,0.66019124
2025-01-05 00:00:00,/Volumes/Argus/unk/snap/c1/1736035200.c1.snap.jpg,0.67842007
2025-01-05 00:30:00,/Volumes/Argus/unk/snap/c1/1736037000.c1.snap.jpg,0.73219126
2025-01-05 01:00:00,/Volumes/Argus/unk/snap/c1/1736038800.c1.snap.jpg,0.8113271
2025-01-05 01:30:00,/Volumes/Argus/unk/snap/c1/1736040600.c1.snap.jpg,0.7831495
2025-01-05 02:00:00,/Volumes/Argus/unk/snap/c1/1736042400.c1.snap.jpg,0.7446973
2025-01-05 19:30:00,/Volumes/Argus/unk/snap/c1/1736105400.c1.snap.jpg,0.7207905
2025-01-05 20:00:00,/Volumes/Argus/unk/snap/c1/1736107200.c1.snap.jpg,0.6758354
2025-01-05 20:30:00,/Volumes/Argus/unk/snap/c1/1736109000.c1.snap.jpg,1.0291474
2025-01-05 21:00:00,/Volumes/Argus/unk/snap/c1/1736110800.c1.snap.jpg,1.0907373
2025-01-05 21:30:00,/Volumes/Argus/unk/snap/c1/1736112600.c1.snap.jpg,1.1236973
2025-01-05 22:00:00,/Volumes/Argus/unk/snap/c1/1736114400.c1.snap.jpg,0.9462397
2025-01-05 23:00:00,/Volumes/Argus/unk/snap/c1/1736118000.c1.snap.jpg,0.6533827
2025-01-05 23:30:00,/Volumes/Argus/unk/snap/c1/1736119800.c1.snap.jpg,0.66039336
2025-01-06 00:00:00,/Volumes/Argus/unk/snap/c1/1736121600.c1.snap.jpg,0.7472867
2025-01-06 00:30:00,/Volumes/Argus/unk/snap/c1/1736123400.c1.snap.jpg,0.8124884
2025-01-06 01:30:00,/Volumes/Argus/unk/snap/c1/1736127000.c1.snap.jpg,0.8420684
2025-01-06 02:00:00,/Volumes/Argus/unk/snap/c1/1736128800.c1.snap.jpg,0.75307155
2025-01-06 19:30:00,/Volumes/Argus/unk/snap/c1/1736191800.c1.snap.jpg,0.6214788
2025-01-06 20:00:00,/Volumes/Argus/unk/snap/c1/1736193600.c1.snap.jpg,0.5954796
2025-01-06 20:30:00,/Volumes/Argus/unk/snap/c1/1736195400.c1.snap.jpg,0.8119433
2025-01-06 21:00:00,/Volumes/Argus/unk/snap/c1/1736197200.c1.snap.jpg,0.61955947
2025-01-06 21:30:00,/Volumes/Argus/unk/snap/c1/1736199000.c1.snap.jpg,0.5672351
2025-01-06 22:00:00,/Volumes/Argus/unk/snap/c1/1736200800.c1.snap.jpg,0.60421836
2025-01-06 22:30:00,/Volumes/Argus/unk/snap/c1/1736202600.c1.snap.jpg,0.62288517
2025-01-06 23:00:00,/Volumes/Argus/unk/snap/c1/1736204400.c1.snap.jpg,0.5944413
2025-01-06 23:30:00,/Volumes/Argus/unk/snap/c1/1736206200.c1.snap.jpg,0.58427167
2025-01-07 00:00:00,/Volumes/Argus/unk/snap/c1/1736208000.c1.snap.jpg,0.5965087
2025-01-07 00:30:00,/Volumes/Argus/unk/snap/c1/1736209800.c1.snap.jpg,0.5810317
2025-01-07 01:00:00,/Volumes/Argus/unk/snap/c1/1736211600.c1.snap.jpg,0.58919704
2025-01-07 01:30:00,/Volumes/Argus/unk/snap/c1/1736213400.c1.snap.jpg,0.5742355
2025-01-07 02:00:00,/Volumes/Argus/unk/snap/c1/1736215200.c1.snap.jpg,0.68366295
2025-01-07 19:30:00,/Volumes/Argus/unk/snap/c1/1736278200.c1.snap.jpg,0.6429014
2025-01-07 20:00:00,/Volumes/Argus/unk/snap/c1/1736280000.c1.snap.jpg,0.5397415
2025-01-07 20:30:00,/Volumes/Argus/unk/snap/c1/1736281800.c1.snap.jpg,0.6371446
2025-01-07 21:00:00,/Volumes/Argus/unk/snap/c1/1736283600.c1.snap.jpg,0.84502995
2025-01-07 21:30:00,/Volumes/Argus/unk/snap/c1/1736285400.c1.snap.jpg,0.6020122
2025-01-07 22:00:00,/Volumes/Argus/unk/snap/c1/1736287200.c1.snap.jpg,0.48346078
2025-01-07 22:30:00,/Volumes/Argus/unk/snap/c1/1736289000.c1.snap.jpg,0.4925662
2025-01-07 23:00:00,/Volumes/Argus/unk/snap/c1/1736290800.c1.snap.jpg,0.63828754
2025-01-07 23:30:00,/Volumes/Argus/unk/snap/c1/1736292600.c1.snap.jpg,0.5429049
2025-01-08 00:00:00,/Volumes/Argus/unk/snap/c1/1736294400.c1.snap.jpg,0.62854004
2025-01-08 00:30:00,/Volumes/Argus/unk/snap/c1/1736296200.c1.snap.jpg,0.44967586
2025-01-08 01:00:00,/Volumes/Argus/unk/snap/c1/1736298000.c1.snap.jpg,0.51879853
2025-01-08 01:30:00,/Volumes/Argus/unk/snap/c1/1736299800.c1.snap.jpg,0.4834467
2025-01-08 02:00:00,/Volumes/Argus/unk/snap/c1/1736301600.c1.snap.jpg,0.480466
2025-01-08 20:00:00,/Volumes/Argus/unk/snap/c1/1736366400.c1.snap.jpg,0.7258866
2025-01-08 20:30:00,/Volumes/Argus/unk/snap/c1/1736368200.c1.snap.jpg,0.53326637
2025-01-08 21:00:00,/Volumes/Argus/unk/snap/c1/1736370000.c1.snap.jpg,0.58960295
2025-01-08 21:30:00,/Volumes/Argus/unk/snap/c1/1736371800.c1.snap.jpg,0.5981623
2025-01-08 22:00:00,/Volumes/Argus/unk/snap/c1/1736373600.c1.snap.jpg,0.5446227
2025-01-08 22:30:00,/Volumes/Argus/unk/snap/c1/1736375400.c1.snap.jpg,0.59035903
2025-01-08 23:00:00,/Volumes/Argus/unk/snap/c1/1736377200.c1.snap.jpg,0.77509886
2025-01-08 23:30:00,/Volumes/Argus/unk/snap/c1/1736379000.c1.snap.jpg,0.5978053
2025-01-09 00:00:00,/Volumes/Argus/unk/snap/c1/1736380800.c1.snap.jpg,0.56064874
2025-01-09 00:30:00,/Volumes/Argus/unk/snap/c1/1736382600.c1.snap.jpg,0.5941578
2025-01-09 01:00:00,/Volumes/Argus/unk/snap/c1/1736384400.c1.snap.jpg,0.57171446
2025-01-09 01:30:00,/Volumes/Argus/unk/snap/c1/1736386200.c1.snap.jpg,0.3936917
2025-01-09 02:00:00,/Volumes/Argus/unk/snap/c1/1736388000.c1.snap.jpg,0.5729081
2025-01-09 19:30:00,/Volumes/Argus/unk/snap/c1/1736451000.c1.snap.jpg,0.6286763
2025-01-09 20:00:00,/Volumes/Argus/unk/snap/c1/1736452800.c1.snap.jpg,0.5996303
2025-01-09 20:30:00,/Volumes/Argus/unk/snap/c1/1736454600.c1.snap.jpg,0.46488768
2025-01-09 21:00:00,/Volumes/Argus/unk/snap/c1/1736456400.c1.snap.jpg,0.5235964
2025-01-09 21:30:00,/Volumes/Argus/unk/snap/c1/1736458200.c1.snap.jpg,0.5358369
2025-01-09 22:00:00,/Volumes/Argus/unk/snap/c1/1736460000.c1.snap.jpg,0.6035571
2025-01-09 22:30:00,/Volumes/Argus/unk/snap/c1/1736461800.c1.snap.jpg,0.623096
2025-01-09 23:00:00,/Volumes/Argus/unk/snap/c1/1736463600.c1.snap.jpg,0.5950554
2025-01-09 23:30:00,/Volumes/Argus/unk/snap/c1/1736465400.c1.snap.jpg,0.5534193
2025-01-10 00:00:00,/Volumes/Argus/unk/snap/c1/1736467200.c1.snap.jpg,0.47095013
2025-01-10 00:30:00,/Volumes/Argus/unk/snap/c1/1736469000.c1.snap.jpg,0.6550503
2025-01-10 01:30:00,/Volumes/Argus/unk/snap/c1/1736472600.c1.snap.jpg,0.6825653
2025-01-10 02:00:00,/Volumes/Argus/unk/snap/c1/1736474400.c1.snap.jpg,0.54391944
2025-01-10 19:30:00,/Volumes/Argus/unk/snap/c1/1736537400.c1.snap.jpg,0.8714999
2025-01-10 20:00:00,/Volumes/Argus/unk/snap/c1/1736539200.c1.snap.jpg,0.91886115
2025-01-10 20:30:00,/Volumes/Argus/unk/snap/c1/1736541000.c1.snap.jpg,0.835615
2025-01-10 21:00:00,/Volumes/Argus/unk/snap/c1/1736542800.c1.snap.jpg,0.90559244
2025-01-10 21:30:00,/Volumes/Argus/unk/snap/c1/1736544600.c1.snap.jpg,0.84643686
2025-01-10 22:00:00,/Volumes/Argus/unk/snap/c1/1736546400.c1.snap.jpg,0.7415459
2025-01-10 22:30:00,/Volumes/Argus/unk/snap/c1/1736548200.c1.snap.jpg,0.9289828
2025-01-10 23:00:00,/Volumes/Argus/unk/snap/c1/1736550000.c1.snap.jpg,0.7091261
2025-01-10 23:30:00,/Volumes/Argus/unk/snap/c1/1736551800.c1.snap.jpg,0.68620276
2025-01-11 00:00:00,/Volumes/Argus/unk/snap/c1/1736553600.c1.snap.jpg,1.0151627
2025-01-11 00:30:00,/Volumes/Argus/unk/snap/c1/1736555400.c1.snap.jpg,0.89952445
2025-01-11 01:00:00,/Volumes/Argus/unk/snap/c1/1736557200.c1.snap.jpg,1.0321463
2025-01-11 01:30:00,/Volumes/Argus/unk/snap/c1/1736559000.c1.snap.jpg,0.81702214
2025-01-11 02:00:00,/Volumes/Argus/unk/snap/c1/1736560800.c1.snap.jpg,1.0103965
2025-01-11 02:30:00,/Volumes/Argus/unk/snap/c1/1736562600.c1.snap.jpg,0.69541603
2025-01-11 19:30:00,/Volumes/Argus/unk/snap/c1/1736623800.c1.snap.jpg,0.8776075
2025-01-11 20:00:00,/Volumes/Argus/unk/snap/c1/1736625600.c1.snap.jpg,0.8452226
2025-01-11 20:30:00,/Volumes/Argus/unk/snap/c1/1736627400.c1.snap.jpg,0.86892694
2025-01-11 21:00:00,/Volumes/Argus/unk/snap/c1/1736629200.c1.snap.jpg,0.710858
2025-01-11 21:30:00,/Volumes/Argus/unk/snap/c1/1736631000.c1.snap.jpg,0.69681966
2025-01-11 22:00:00,/Volumes/Argus/unk/snap/c1/1736632800.c1.snap.jpg,0.64954245
2025-01-11 22:30:00,/Volumes/Argus/unk/snap/c1/1736634600.c1.snap.jpg,0.6967404
2025-01-11 23:00:00,/Volumes/Argus/unk/snap/c1/1736636400.c1.snap.jpg,0.7470842
2025-01-11 23:30:00,/Volumes/Argus/unk/snap/c1/1736638200.c1.snap.jpg,0.72635406
2025-01-12 00:00:00,/Volumes/Argus/unk/snap/c1/1736640000.c1.snap.jpg,0.68183506
2025-01-12 00:30:00,/Volumes/Argus/unk/snap/c1/1736641800.c1.snap.jpg,0.6307316
2025-01-12 01:00:00,/Volumes/Argus/unk/snap/c1/1736643600.c1.snap.jpg,0.69937325
2025-01-12 01:30:00,/Volumes/Argus/unk/snap/c1/1736645400.c1.snap.jpg,0.74511355
2025-01-12 02:00:00,/Volumes/Argus/unk/snap/c1/1736647200.c1.snap.jpg,0.6744054
2025-01-12 02:30:00,/Volumes/Argus/unk/snap/c1/1736649000.c1.snap.jpg,0.72909075
2025-01-12 19:30:00,/Volumes/Argus/unk/snap/c1/1736710200.c1.snap.jpg,0.7319797
2025-01-12 20:00:00,/Volumes/Argus/unk/snap/c1/1736712000.c1.snap.jpg,0.7277937
2025-01-12 20:30:00,/Volumes/Argus/unk/snap/c1/1736713800.c1.snap.jpg,0.73652995
2025-01-12 21:00:00,/Volumes/Argus/unk/snap/c1/1736715600.c1.snap.jpg,0.7535728
2025-01-12 21:30:00,/Volumes/Argus/unk/snap/c1/1736717400.c1.snap.jpg,0.692733
2025-01-12 22:00:00,/Volumes/Argus/unk/snap/c1/1736719200.c1.snap.jpg,0.71424663
2025-01-12 22:30:00,/Volumes/Argus/unk/snap/c1/1736721000.c1.snap.jpg,0.7779745
2025-01-12 23:00:00,/Volumes/Argus/unk/snap/c1/1736722800.c1.snap.jpg,0.7335409
2025-01-12 23:30:00,/Volumes/Argus/unk/snap/c1/1736724600.c1.snap.jpg,0.98556453
2025-01-13 00:00:00,/Volumes/Argus/unk/snap/c1/1736726400.c1.snap.jpg,0.94925416
2025-01-13 00:30:00,/Volumes/Argus/unk/snap/c1/1736728200.c1.snap.jpg,0.79372185
2025-01-13 01:00:00,/Volumes/Argus/unk/snap/c1/1736730000.c1.snap.jpg,0.7355609
2025-01-13 01:30:00,/Volumes/Argus/unk/snap/c1/1736731800.c1.snap.jpg,0.72786033
2025-01-13 02:00:00,/Volumes/Argus/unk/snap/c1/1736733600.c1.snap.jpg,0.7286992
2025-01-13 02:30:00,/Volumes/Argus/unk/snap/c1/1736735400.c1.snap.jpg,0.7536051
2025-01-13 19:30:00,/Volumes/Argus/unk/snap/c1/1736796600.c1.snap.jpg,1.1589658
2025-01-13 20:00:00,/Volumes/Argus/unk/snap/c1/1736798400.c1.snap.jpg,0.9951489
2025-01-13 20:30:00,/Volumes/Argus/unk/snap/c1/1736800200.c1.snap.jpg,0.9719505
2025-01-13 21:00:00,/Volumes/Argus/unk/snap/c1/1736802000.c1.snap.jpg,0.98235583
2025-01-13 21:30:00,/Volumes/Argus/unk/snap/c1/1736803800.c1.snap.jpg,0.8448657
2025-01-13 22:00:00,/Volumes/Argus/unk/snap/c1/1736805600.c1.snap.jpg,0.8124762
2025-01-13 22:30:00,/Volumes/Argus/unk/snap/c1/1736807400.c1.snap.jpg,0.7744714
2025-01-13 23:00:00,/Volumes/Argus/unk/snap/c1/1736809200.c1.snap.jpg,0.8817468
2025-01-13 23:30:00,/Volumes/Argus/unk/snap/c1/1736811000.c1.snap.jpg,0.8263196
2025-01-14 00:00:00,/Volumes/Argus/unk/snap/c1/1736812800.c1.snap.jpg,0.75328195
2025-01-14 00:30:00,/Volumes/Argus/unk/snap/c1/1736814600.c1.snap.jpg,0.7009452
2025-01-14 01:00:00,/Volumes/Argus/unk/snap/c1/1736816400.c1.snap.jpg,0.80002904
2025-01-14 01:30:00,/Volumes/Argus/unk/snap/c1/1736818200.c1.snap.jpg,0.6626017
2025-01-14 02:30:00,/Volumes/Argus/unk/snap/c1/1736821800.c1.snap.jpg,0.58345616
2025-01-14 19:30:00,/Volumes/Argus/unk/snap/c1/1736883000.c1.snap.jpg,0.5646895
2025-01-14 20:00:00,/Volumes/Argus/unk/snap/c1/1736884800.c1.snap.jpg,0.4942139
2025-01-14 20:30:00,/Volumes/Argus/unk/snap/c1/1736886600.c1.snap.jpg,0.48349375
2025-01-14 21:00:00,/Volumes/Argus/unk/snap/c1/1736888400.c1.snap.jpg,0.4565493
2025-01-14 21:30:00,/Volumes/Argus/unk/snap/c1/1736890200.c1.snap.jpg,0.5047899
2025-01-14 22:00:00,/Volumes/Argus/unk/snap/c1/1736892000.c1.snap.jpg,0.57770485
2025-01-14 22:30:00,/Volumes/Argus/unk/snap/c1/1736893800.c1.snap.jpg,0.43777257
2025-01-14 23:00:00,/Volumes/Argus/unk/snap/c1/1736895600.c1.snap.jpg,0.39096054
2025-01-14 23:30:00,/Volumes/Argus/unk/snap/c1/1736897400.c1.snap.jpg,0.41025203
2025-01-15 00:00:00,/Volumes/Argus/unk/snap/c1/1736899200.c1.snap.jpg,0.38858443
2025-01-15 00:30:00,/Volumes/Argus/unk/snap/c1/1736901000.c1.snap.jpg,0.4234522
2025-01-15 01:00:00,/Volumes/Argus/unk/snap/c1/1736902800.c1.snap.jpg,0.50889635
2025-01-15 01:30:00,/Volumes/Argus/unk/snap/c1/1736904600.c1.snap.jpg,0.7485587
2025-01-15 02:00:00,/Volumes/Argus/unk/snap/c1/1736906400.c1.snap.jpg,0.5640324
2025-01-15 02:30:00,/Volumes/Argus/unk/snap/c1/1736908200.c1.snap.jpg,1.0188948
2025-01-15 19:30:00,/Volumes/Argus/unk/snap/c1/1736969400.c1.snap.jpg,0.76056325
2025-01-15 20:00:00,/Volumes/Argus/unk/snap/c1/1736971200.c1.snap.jpg,0.86468387
2025-01-15 20:30:00,/Volumes/Argus/unk/snap/c1/1736973000.c1.snap.jpg,0.67107415
2025-01-15 21:00:00,/Volumes/Argus/unk/snap/c1/1736974800.c1.snap.jpg,0.57601374
2025-01-15 21:30:00,/Volumes/Argus/unk/snap/c1/1736976600.c1.snap.jpg,0.5324534
2025-01-15 22:00:00,/Volumes/Argus/unk/snap/c1/1736978400.c1.snap.jpg,0.5808953
2025-01-15 22:30:00,/Volumes/Argus/unk/snap/c1/1736980200.c1.snap.jpg,0.5872961
2025-01-15 23:00:00,/Volumes/Argus/unk/snap/c1/1736982000.c1.snap.jpg,0.59117585
2025-01-16 00:00:00,/Volumes/Argus/unk/snap/c1/1736985600.c1.snap.jpg,0.5985848
2025-01-16 00:30:00,/Volumes/Argus/unk/snap/c1/1736987400.c1.snap.jpg,0.6824223
2025-01-16 01:00:00,/Volumes/Argus/unk/snap/c1/1736989200.c1.snap.jpg,0.7328749
2025-01-16 01:30:00,/Volumes/Argus/unk/snap/c1/1736991000.c1.snap.jpg,1.004987
2025-01-16 02:00:00,/Volumes/Argus/unk/snap/c1/1736992800.c1.snap.jpg,1.0801835
2025-01-16 02:30:00,/Volumes/Argus/unk/snap/c1/1736994600.c1.snap.jpg,0.8768745
2025-01-16 19:30:00,/Volumes/Argus/unk/snap/c1/1737055800.c1.snap.jpg,0.8413071
2025-01-16 20:30:00,/Volumes/Argus/unk/snap/c1/1737059400.c1.snap.jpg,0.8236489
2025-01-16 21:00:00,/Volumes/Argus/unk/snap/c1/1737061200.c1.snap.jpg,0.7834734
2025-01-16 21:30:00,/Volumes/Argus/unk/snap/c1/1737063000.c1.snap.jpg,0.86675394
2025-01-16 22:00:00,/Volumes/Argus/unk/snap/c1/1737064800.c1.snap.jpg,0.8674948
2025-01-16 22:30:00,/Volumes/Argus/unk/snap/c1/1737066600.c1.snap.jpg,0.7188773
2025-01-16 23:00:00,/Volumes/Argus/unk/snap/c1/1737068400.c1.snap.jpg,0.6925837
2025-01-16 23:30:00,/Volumes/Argus/unk/snap/c1/1737070200.c1.snap.jpg,0.7143924
2025-01-17 00:00:00,/Volumes/Argus/unk/snap/c1/1737072000.c1.snap.jpg,0.6753344
2025-01-17 00:30:00,/Volumes/Argus/unk/snap/c1/1737073800.c1.snap.jpg,0.8570246
2025-01-17 01:00:00,/Volumes/Argus/unk/snap/c1/1737075600.c1.snap.jpg,0.9517906
2025-01-17 01:30:00,/Volumes/Argus/unk/snap/c1/1737077400.c1.snap.jpg,1.0577605
2025-01-17 02:00:00,/Volumes/Argus/unk/snap/c1/1737079200.c1.snap.jpg,0.9124137
2025-01-17 02:30:00,/Volumes/Argus/unk/snap/c1/1737081000.c1.snap.jpg,0.81099707
2025-01-17 19:30:00,/Volumes/Argus/unk/snap/c1/1737142200.c1.snap.jpg,0.68234754
2025-01-17 20:00:00,/Volumes/Argus/unk/snap/c1/1737144000.c1.snap.jpg,0.6477231
2025-01-17 20:30:00,/Volumes/Argus/unk/snap/c1/1737145800.c1.snap.jpg,0.66774964
2025-01-17 21:00:00,/Volumes/Argus/unk/snap/c1/1737147600.c1.snap.jpg,0.6756319
2025-01-17 21:30:00,/Volumes/Argus/unk/snap/c1/1737149400.c1.snap.jpg,0.67948294
2025-01-17 22:30:00,/Volumes/Argus/unk/snap/c1/1737153000.c1.snap.jpg,0.62017596
2025-01-17 23:00:00,/Volumes/Argus/unk/snap/c1/1737154800.c1.snap.jpg,0.8056649
2025-01-17 23:30:00,/Volumes/Argus/unk/snap/c1/1737156600.c1.snap.jpg,0.7478461
2025-01-18 00:00:00,/Volumes/Argus/unk/snap/c1/1737158400.c1.snap.jpg,0.7433277
2025-01-18 00:30:00,/Volumes/Argus/unk/snap/c1/1737160200.c1.snap.jpg,0.84604025
2025-01-18 01:00:00,/Volumes/Argus/unk/snap/c1/1737162000.c1.snap.jpg,0.83558786
2025-01-18 01:30:00,/Volumes/Argus/unk/snap/c1/1737163800.c1.snap.jpg,0.7153826
2025-01-18 02:00:00,/Volumes/Argus/unk/snap/c1/1737165600.c1.snap.jpg,0.6910341
2025-01-18 02:30:00,/Volumes/Argus/unk/snap/c1/1737167400.c1.snap.jpg,0.70599306
2025-01-18 19:00:00,/Volumes/Argus/unk/snap/c1/1737226800.c1.snap.jpg,0.8594931
2025-01-18 19:30:00,/Volumes/Argus/unk/snap/c1/1737228600.c1.snap.jpg,0.7936126
2025-01-18 20:00:00,/Volumes/Argus/unk/snap/c1/1737230400.c1.snap.jpg,0.8411684
2025-01-18 20:30:00,/Volumes/Argus/unk/snap/c1/1737232200.c1.snap.jpg,0.8663582
2025-01-18 21:00:00,/Volumes/Argus/unk/snap/c1/1737234000.c1.snap.jpg,0.7311106
2025-01-18 21:30:00,/Volumes/Argus/unk/snap/c1/1737235800.c1.snap.jpg,0.9105321
2025-01-18 22:00:00,/Volumes/Argus/unk/snap/c1/1737237600.c1.snap.jpg,0.9196702
2025-01-18 22:30:00,/Volumes/Argus/unk/snap/c1/1737239400.c1.snap.jpg,0.87718225
2025-01-18 23:00:00,/Volumes/Argus/unk/snap/c1/1737241200.c1.snap.jpg,0.70640165
2025-01-18 23:30:00,/Volumes/Argus/unk/snap/c1/1737243000.c1.snap.jpg,0.6538698
2025-01-19 00:00:00,/Volumes/Argus/unk/snap/c1/1737244800.c1.snap.jpg,0.65005535
2025-01-19 00:30:00,/Volumes/Argus/unk/snap/c1/1737246600.c1.snap.jpg,0.7384342
2025-01-19 01:00:00,/Volumes/Argus/unk/snap/c1/1737248400.c1.snap.jpg,0.89527494
2025-01-19 01:30:00,/Volumes/Argus/unk/snap/c1/1737250200.c1.snap.jpg,0.9990946
2025-01-19 02:00:00,/Volumes/Argus/unk/snap/c1/1737252000.c1.snap.jpg,1.0320894
2025-01-19 02:30:00,/Volumes/Argus/unk/snap/c1/1737253800.c1.snap.jpg,0.9817733
2025-01-19 19:00:00,/Volumes/Argus/unk/snap/c1/1737313200.c1.snap.jpg,0.9314191
2025-01-19 19:30:00,/Volumes/Argus/unk/snap/c1/1737315000.c1.snap.jpg,0.85649776
2025-01-19 20:00:00,/Volumes/Argus/unk/snap/c1/1737316800.c1.snap.jpg,0.828547
2025-01-19 20:30:00,/Volumes/Argus/unk/snap/c1/1737318600.c1.snap.jpg,0.9661271
2025-01-19 21:00:00,/Volumes/Argus/unk/snap/c1/1737320400.c1.snap.jpg,0.8530276
2025-01-19 21:30:00,/Volumes/Argus/unk/snap/c1/1737322200.c1.snap.jpg,0.51229274
2025-01-19 22:00:00,/Volumes/Argus/unk/snap/c1/1737324000.c1.snap.jpg,0.66616213
2025-01-19 22:30:00,/Volumes/Argus/unk/snap/c1/1737325800.c1.snap.jpg,0.8137682
2025-01-19 23:00:00,/Volumes/Argus/unk/snap/c1/1737327600.c1.snap.jpg,0.7544799
2025-01-19 23:30:00,/Volumes/Argus/unk/snap/c1/1737329400.c1.snap.jpg,0.6167985
2025-01-20 00:00:00,/Volumes/Argus/unk/snap/c1/1737331200.c1.snap.jpg,0.68267983
2025-01-20 00:30:00,/Volumes/Argus/unk/snap/c1/1737333000.c1.snap.jpg,0.6674791
2025-01-20 01:00:00,/Volumes/Argus/unk/snap/c1/1737334800.c1.snap.jpg,0.58040166
2025-01-20 01:30:00,/Volumes/Argus/unk/snap/c1/1737336600.c1.snap.jpg,0.50793815
2025-01-20 02:00:00,/Volumes/Argus/unk/snap/c1/1737338400.c1.snap.jpg,0.47680935
2025-01-20 02:30:00,/Volumes/Argus/unk/snap/c1/1737340200.c1.snap.jpg,0.87938166
2025-01-20 19:00:00,/Volumes/Argus/unk/snap/c1/1737399600.c1.snap.jpg,0.87224865
2025-01-20 19:30:00,/Volumes/Argus/unk/snap/c1/1737401400.c1.snap.jpg,0.6186634
2025-01-20 20:00:00,/Volumes/Argus/unk/snap/c1/1737403200.c1.snap.jpg,0.57310325
2025-01-20 20:30:00,/Volumes/Argus/unk/snap/c1/1737405000.c1.snap.jpg,0.6263789
2025-01-20 21:00:00,/Volumes/Argus/unk/snap/c1/1737406800.c1.snap.jpg,0.55493486
2025-01-20 21:30:00,/Volumes/Argus/unk/snap/c1/1737408600.c1.snap.jpg,0.60046124
2025-01-20 22:00:00,/Volumes/Argus/unk/snap/c1/1737410400.c1.snap.jpg,0.87064254
2025-01-20 22:30:00,/Volumes/Argus/unk/snap/c1/1737412200.c1.snap.jpg,0.76242703
2025-01-20 23:00:00,/Volumes/Argus/unk/snap/c1/1737414000.c1.snap.jpg,0.7081187
2025-01-20 23:30:00,/Volumes/Argus/unk/snap/c1/1737415800.c1.snap.jpg,1.0004432
2025-01-21 00:00:00,/Volumes/Argus/unk/snap/c1/1737417600.c1.snap.jpg,0.8280154
2025-01-21 00:30:00,/Volumes/Argus/unk/snap/c1/1737419400.c1.snap.jpg,0.7091079
2025-01-21 01:00:00,/Volumes/Argus/unk/snap/c1/1737421200.c1.snap.jpg,0.69401735
2025-01-21 01:30:00,/Volumes/Argus/unk/snap/c1/1737423000.c1.snap.jpg,0.6111994
2025-01-21 02:00:00,/Volumes/Argus/unk/snap/c1/1737424800.c1.snap.jpg,0.7160551
2025-01-21 02:30:00,/Volumes/Argus/unk/snap/c1/1737426600.c1.snap.jpg,0.6552546
2025-01-21 19:00:00,/Volumes/Argus/unk/snap/c1/1737486000.c1.snap.jpg,0.6811535
2025-01-21 19:30:00,/Volumes/Argus/unk/snap/c1/1737487800.c1.snap.jpg,0.6998679
2025-01-21 20:00:00,/Volumes/Argus/unk/snap/c1/1737489600.c1.snap.jpg,0.74853635
2025-01-21 20:30:00,/Volumes/Argus/unk/snap/c1/1737491400.c1.snap.jpg,0.656399
2025-01-21 21:00:00,/Volumes/Argus/unk/snap/c1/1737493200.c1.snap.jpg,0.6030359
2025-01-21 21:30:00,/Volumes/Argus/unk/snap/c1/1737495000.c1.snap.jpg,0.7145278
2025-01-21 22:00:00,/Volumes/Argus/unk/snap/c1/1737496800.c1.snap.jpg,0.674771
2025-01-21 22:30:00,/Volumes/Argus/unk/snap/c1/1737498600.c1.snap.jpg,0.67379856
2025-01-21 23:00:00,/Volumes/Argus/unk/snap/c1/1737500400.c1.snap.jpg,0.55254006
2025-01-21 23:30:00,/Volumes/Argus/unk/snap/c1/1737502200.c1.snap.jpg,0.5816798
2025-01-22 00:00:00,/Volumes/Argus/unk/snap/c1/1737504000.c1.snap.jpg,0.52267903
2025-01-22 00:30:00,/Volumes/Argus/unk/snap/c1/1737505800.c1.snap.jpg,0.566823
2025-01-22 01:00:00,/Volumes/Argus/unk/snap/c1/1737507600.c1.snap.jpg,0.551154
2025-01-22 01:30:00,/Volumes/Argus/unk/snap/c1/1737509400.c1.snap.jpg,0.64562273
2025-01-22 02:00:00,/Volumes/Argus/unk/snap/c1/1737511200.c1.snap.jpg,0.72327226
2025-01-22 02:30:00,/Volumes/Argus/unk/snap/c1/1737513000.c1.snap.jpg,0.6996034
2025-01-22 19:00:00,/Volumes/Argus/unk/snap/c1/1737572400.c1.snap.jpg,0.49887422
2025-01-22 20:00:00,/Volumes/Argus/unk/snap/c1/1737576000.c1.snap.jpg,0.5870222
2025-01-22 20:30:00,/Volumes/Argus/unk/snap/c1/1737577800.c1.snap.jpg,0.46572167
2025-01-22 21:00:00,/Volumes/Argus/unk/snap/c1/1737579600.c1.snap.jpg,0.59867626
2025-01-22 21:30:00,/Volumes/Argus/unk/snap/c1/1737581400.c1.snap.jpg,0.50302154
2025-01-22 22:00:00,/Volumes/Argus/unk/snap/c1/1737583200.c1.snap.jpg,0.601195
2025-01-22 22:30:00,/Volumes/Argus/unk/snap/c1/1737585000.c1.snap.jpg,0.6425611
2025-01-22 23:00:00,/Volumes/Argus/unk/snap/c1/1737586800.c1.snap.jpg,0.6499925
2025-01-22 23:30:00,/Volumes/Argus/unk/snap/c1/1737588600.c1.snap.jpg,0.6399498
2025-01-23 00:00:00,/Volumes/Argus/unk/snap/c1/1737590400.c1.snap.jpg,0.7177591
2025-01-23 00:30:00,/Volumes/Argus/unk/snap/c1/1737592200.c1.snap.jpg,0.7713115
2025-01-23 01:00:00,/Volumes/Argus/unk/snap/c1/1737594000.c1.snap.jpg,0.76615644
2025-01-23 02:00:00,/Volumes/Argus/unk/snap/c1/1737597600.c1.snap.jpg,0.76234126
2025-01-23 02:30:00,/Volumes/Argus/unk/snap/c1/1737599400.c1.snap.jpg,0.7121699
2025-01-23 19:00:00,/Volumes/Argus/unk/snap/c1/1737658800.c1.snap.jpg,0.72481745
2025-01-23 19:30:00,/Volumes/Argus/unk/snap/c1/1737660600.c1.snap.jpg,0.77848613
2025-01-23 20:00:00,/Volumes/Argus/unk/snap/c1/1737662400.c1.snap.jpg,0.80607164
2025-01-23 20:30:00,/Volumes/Argus/unk/snap/c1/1737664200.c1.snap.jpg,0.5966803
2025-01-23 21:00:00,/Volumes/Argus/unk/snap/c1/1737666000.c1.snap.jpg,0.8059035
2025-01-23 21:30:00,/Volumes/Argus/unk/snap/c1/1737667800.c1.snap.jpg,0.59975696
2025-01-23 22:00:00,/Volumes/Argus/unk/snap/c1/1737669600.c1.snap.jpg,0.5643777
2025-01-23 22:30:00,/Volumes/Argus/unk/snap/c1/1737671400.c1.snap.jpg,0.5646441
2025-01-23 23:00:00,/Volumes/Argus/unk/snap/c1/1737673200.c1.snap.jpg,0.7749574
2025-01-23 23:30:00,/Volumes/Argus/unk/snap/c1/1737675000.c1.snap.jpg,0.4952963
2025-01-24 00:00:00,/Volumes/Argus/unk/snap/c1/1737676800.c1.snap.jpg,0.4310959
2025-01-24 00:30:00,/Volumes/Argus/unk/snap/c1/1737678600.c1.snap.jpg,0.5245627
2025-01-24 01:00:00,/Volumes/Argus/unk/snap/c1/1737680400.c1.snap.jpg,0.5591961
2025-01-24 01:30:00,/Volumes/Argus/unk/snap/c1/1737682200.c1.snap.jpg,0.6332279
2025-01-24 02:00:00,/Volumes/Argus/unk/snap/c1/1737684000.c1.snap.jpg,0.5982636
2025-01-24 02:30:00,/Volumes/Argus/unk/snap/c1/1737685800.c1.snap.jpg,0.62054586
2025-01-24 03:00:00,/Volumes/Argus/unk/snap/c1/1737687600.c1.snap.jpg,0.5611464
2025-01-24 19:00:00,/Volumes/Argus/unk/snap/c1/1737745200.c1.snap.jpg,0.54428643
2025-01-24 19:30:00,/Volumes/Argus/unk/snap/c1/1737747000.c1.snap.jpg,0.7469239
2025-01-24 20:00:00,/Volumes/Argus/unk/snap/c1/1737748800.c1.snap.jpg,0.7471385
2025-01-24 20:30:00,/Volumes/Argus/unk/snap/c1/1737750600.c1.snap.jpg,0.6484668
2025-01-24 21:00:00,/Volumes/Argus/unk/snap/c1/1737752400.c1.snap.jpg,0.61611843
2025-01-24 21:30:00,/Volumes/Argus/unk/snap/c1/1737754200.c1.snap.jpg,0.4886301
2025-01-24 22:00:00,/Volumes/Argus/unk/snap/c1/1737756000.c1.snap.jpg,0.45196095
2025-01-24 22:30:00,/Volumes/Argus/unk/snap/c1/1737757800.c1.snap.jpg,0.5259812
2025-01-24 23:00:00,/Volumes/Argus/unk/snap/c1/1737759600.c1.snap.jpg,0.62434065
2025-01-24 23:30:00,/Volumes/Argus/unk/snap/c1/1737761400.c1.snap.jpg,0.49945098
2025-01-25 00:00:00,/Volumes/Argus/unk/snap/c1/1737763200.c1.snap.jpg,0.5273063
2025-01-25 00:30:00,/Volumes/Argus/unk/snap/c1/1737765000.c1.snap.jpg,0.54305595
2025-01-25 01:00:00,/Volumes/Argus/unk/snap/c1/1737766800.c1.snap.jpg,0.6028031
2025-01-25 01:30:00,/Volumes/Argus/unk/snap/c1/1737768600.c1.snap.jpg,0.51745325
2025-01-25 02:00:00,/Volumes/Argus/unk/snap/c1/1737770400.c1.snap.jpg,0.5879613
2025-01-25 02:30:00,/Volumes/Argus/unk/snap/c1/1737772200.c1.snap.jpg,0.5286058
2025-01-25 03:00:00,/Volumes/Argus/unk/snap/c1/1737774000.c1.snap.jpg,0.731052
2025-01-25 19:00:00,/Volumes/Argus/unk/snap/c1/1737831600.c1.snap.jpg,0.6485059
2025-01-25 19:30:00,/Volumes/Argus/unk/snap/c1/1737833400.c1.snap.jpg,0.53263414
2025-01-25 20:00:00,/Volumes/Argus/unk/snap/c1/1737835200.c1.snap.jpg,0.5146505
2025-01-25 20:30:00,/Volumes/Argus/unk/snap/c1/1737837000.c1.snap.jpg,0.6555609
2025-01-25 21:00:00,/Volumes/Argus/unk/snap/c1/1737838800.c1.snap.jpg,0.7027676
2025-01-25 21:30:00,/Volumes/Argus/unk/snap/c1/1737840600.c1.snap.jpg,0.6128426
2025-01-25 22:00:00,/Volumes/Argus/unk/snap/c1/1737842400.c1.snap.jpg,0.6695094
2025-01-25 22:30:00,/Volumes/Argus/unk/snap/c1/1737844200.c1.snap.jpg,0.5734032
2025-01-25 23:00:00,/Volumes/Argus/unk/snap/c1/1737846000.c1.snap.jpg,0.6751618
2025-01-25 23:30:00,/Volumes/Argus/unk/snap/c1/1737847800.c1.snap.jpg,0.48260766
2025-01-26 00:00:00,/Volumes/Argus/unk/snap/c1/1737849600.c1.snap.jpg,0.48370335
2025-01-26 00:30:00,/Volumes/Argus/unk/snap/c1/1737851400.c1.snap.jpg,0.55770004
2025-01-26 01:00:00,/Volumes/Argus/unk/snap/c1/1737853200.c1.snap.jpg,0.56114596
2025-01-26 01:30:00,/Volumes/Argus/unk/snap/c1/1737855000.c1.snap.jpg,0.76737773
2025-01-26 02:00:00,/Volumes/Argus/unk/snap/c1/1737856800.c1.snap.jpg,0.6588622
2025-01-26 02:30:00,/Volumes/Argus/unk/snap/c1/1737858600.c1.snap.jpg,0.7333684
2025-01-26 03:00:00,/Volumes/Argus/unk/snap/c1/1737860400.c1.snap.jpg,0.7078344
2025-01-26 19:00:00,/Volumes/Argus/unk/snap/c1/1737918000.c1.snap.jpg,0.5947198
2025-01-26 19:30:00,/Volumes/Argus/unk/snap/c1/1737919800.c1.snap.jpg,0.82517236
2025-01-26 20:00:00,/Volumes/Argus/unk/snap/c1/1737921600.c1.snap.jpg,0.88095164
2025-01-26 20:30:00,/Volumes/Argus/unk/snap/c1/1737923400.c1.snap.jpg,0.7263663
2025-01-26 21:00:00,/Volumes/Argus/unk/snap/c1/1737925200.c1.snap.jpg,0.820252
2025-01-26 21:30:00,/Volumes/Argus/unk/snap/c1/1737927000.c1.snap.jpg,0.7323604
2025-01-26 22:00:00,/Volumes/Argus/unk/snap/c1/1737928800.c1.snap.jpg,0.87888855
2025-01-26 22:30:00,/Volumes/Argus/unk/snap/c1/1737930600.c1.snap.jpg,0.893263
2025-01-26 23:00:00,/Volumes/Argus/unk/snap/c1/1737932400.c1.snap.jpg,0.7033897
2025-01-26 23:30:00,/Volumes/Argus/unk/snap/c1/1737934200.c1.snap.jpg,0.46447712
2025-01-27 00:30:00,/Volumes/Argus/unk/snap/c1/1737937800.c1.snap.jpg,0.44487193
2025-01-27 01:00:00,/Volumes/Argus/unk/snap/c1/1737939600.c1.snap.jpg,0.5004575
2025-01-27 01:30:00,/Volumes/Argus/unk/snap/c1/1737941400.c1.snap.jpg,0.53630984
2025-01-27 02:00:00,/Volumes/Argus/unk/snap/c1/1737943200.c1.snap.jpg,0.50701225
2025-01-27 02:30:00,/Volumes/Argus/unk/snap/c1/1737945000.c1.snap.jpg,0.558467
2025-01-27 03:00:00,/Volumes/Argus/unk/snap/c1/1737946800.c1.snap.jpg,0.6713611
2025-01-27 19:00:00,/Volumes/Argus/unk/snap/c1/1738004400.c1.snap.jpg,0.6327615
2025-01-27 19:30:00,/Volumes/Argus/unk/snap/c1/1738006200.c1.snap.jpg,0.5998756
2025-01-27 20:00:00,/Volumes/Argus/unk/snap/c1/1738008000.c1.snap.jpg,0.61620814
2025-01-27 20:30:00,/Volumes/Argus/unk/snap/c1/1738009800.c1.snap.jpg,0.67330277
2025-01-27 21:00:00,/Volumes/Argus/unk/snap/c1/1738011600.c1.snap.jpg,0.49836683
2025-01-27 21:30:00,/Volumes/Argus/unk/snap/c1/1738013400.c1.snap.jpg,0.5155524
2025-01-27 22:00:00,/Volumes/Argus/unk/snap/c1/1738015200.c1.snap.jpg,0.5952837
2025-01-27 22:30:00,/Volumes/Argus/unk/snap/c1/1738017000.c1.snap.jpg,0.55146754
2025-01-27 23:00:00,/Volumes/Argus/unk/snap/c1/1738018800.c1.snap.jpg,0.59282196
2025-01-27 23:30:00,/Volumes/Argus/unk/snap/c1/1738020600.c1.snap.jpg,0.64900184
2025-01-28 00:00:00,/Volumes/Argus/unk/snap/c1/1738022400.c1.snap.jpg,0.6072425
2025-01-28 00:30:00,/Volumes/Argus/unk/snap/c1/1738024200.c1.snap.jpg,0.51775044
2025-01-28 01:00:00,/Volumes/Argus/unk/snap/c1/1738026000.c1.snap.jpg,0.4609195
2025-01-28 02:00:00,/Volumes/Argus/unk/snap/c1/1738029600.c1.snap.jpg,0.5045295
2025-01-28 02:30:00,/Volumes/Argus/unk/snap/c1/1738031400.c1.snap.jpg,0.61103004
2025-01-28 03:00:00,/Volumes/Argus/unk/snap/c1/1738033200.c1.snap.jpg,0.6468165
2025-01-28 19:00:00,/Volumes/Argus/unk/snap/c1/1738090800.c1.snap.jpg,0.48175138
2025-01-28 19:30:00,/Volumes/Argus/unk/snap/c1/1738092600.c1.snap.jpg,0.51958585
2025-01-28 20:00:00,/Volumes/Argus/unk/snap/c1/1738094400.c1.snap.jpg,0.5326162
2025-01-28 20:30:00,/Volumes/Argus/unk/snap/c1/1738096200.c1.snap.jpg,0.5442272
2025-01-28 21:00:00,/Volumes/Argus/unk/snap/c1/1738098000.c1.snap.jpg,0.5627836
2025-01-28 21:30:00,/Volumes/Argus/unk/snap/c1/1738099800.c1.snap.jpg,0.52549076
2025-01-28 22:00:00,/Volumes/Argus/unk/snap/c1/1738101600.c1.snap.jpg,0.5399458
2025-01-28 22:30:00,/Volumes/Argus/unk/snap/c1/1738103400.c1.snap.jpg,0.5502136
2025-01-28 23:30:00,/Volumes/Argus/unk/snap/c1/1738107000.c1.snap.jpg,0.5103497
2025-01-29 00:00:00,/Volumes/Argus/unk/snap/c1/1738108800.c1.snap.jpg,0.5537843
2025-01-29 00:30:00,/Volumes/Argus/unk/snap/c1/1738110600.c1.snap.jpg,0.55057335
2025-01-29 01:00:00,/Volumes/Argus/unk/snap/c1/1738112400.c1.snap.jpg,0.5276414
2025-01-29 01:30:00,/Volumes/Argus/unk/snap/c1/1738114200.c1.snap.jpg,0.572499
2025-01-29 02:00:00,/Volumes/Argus/unk/snap/c1/1738116000.c1.snap.jpg,0.58246934
2025-01-29 02:30:00,/Volumes/Argus/unk/snap/c1/1738117800.c1.snap.jpg,0.61051977
2025-01-29 03:00:00,/Volumes/Argus/unk/snap/c1/1738119600.c1.snap.jpg,0.485758
2025-01-29 19:00:00,/Volumes/Argus/unk/snap/c1/1738177200.c1.snap.jpg,0.63878506
2025-01-29 19:30:00,/Volumes/Argus/unk/snap/c1/1738179000.c1.snap.jpg,0.45779276
2025-01-29 20:00:00,/Volumes/Argus/unk/snap/c1/1738180800.c1.snap.jpg,0.6261578
2025-01-29 20:30:00,/Volumes/Argus/unk/snap/c1/1738182600.c1.snap.jpg,0.6693538
2025-01-29 21:00:00,/Volumes/Argus/unk/snap/c1/1738184400.c1.snap.jpg,0.8930449
2025-01-29 21:30:00,/Volumes/Argus/unk/snap/c1/1738186200.c1.snap.jpg,1.0381798
2025-01-29 22:00:00,/Volumes/Argus/unk/snap/c1/1738188000.c1.snap.jpg,1.0826414
2025-01-29 22:30:00,/Volumes/Argus/unk/snap/c1/1738189800.c1.snap.jpg,0.8907114
2025-01-29 23:30:00,/Volumes/Argus/unk/snap/c1/1738193400.c1.snap.jpg,0.78983414
2025-01-30 00:00:00,/Volumes/Argus/unk/snap/c1/1738195200.c1.snap.jpg,0.8091874
2025-01-30 00:30:00,/Volumes/Argus/unk/snap/c1/1738197000.c1.snap.jpg,0.8214075
2025-01-30 01:00:00,/Volumes/Argus/unk/snap/c1/1738198800.c1.snap.jpg,0.8472824
2025-01-30 01:30:00,/Volumes/Argus/unk/snap/c1/1738200600.c1.snap.jpg,0.8233875
2025-01-30 02:00:00,/Volumes/Argus/unk/snap/c1/1738202400.c1.snap.jpg,0.8047031
2025-01-30 02:30:00,/Volumes/Argus/unk/snap/c1/1738204200.c1.snap.jpg,0.75595653
2025-01-30 03:00:00,/Volumes/Argus/unk/snap/c1/1738206000.c1.snap.jpg,0.8068029
2025-01-30 19:00:00,/Volumes/Argus/unk/snap/c1/1738263600.c1.snap.jpg,0.509893
2025-01-30 19:30:00,/Volumes/Argus/unk/snap/c1/1738265400.c1.snap.jpg,0.6940766
2025-01-30 20:30:00,/Volumes/Argus/unk/snap/c1/1738269000.c1.snap.jpg,0.9416478
2025-01-30 21:00:00,/Volumes/Argus/unk/snap/c1/1738270800.c1.snap.jpg,0.9675
2025-01-30 21:30:00,/Volumes/Argus/unk/snap/c1/1738272600.c1.snap.jpg,1.0235636
2025-01-30 22:00:00,/Volumes/Argus/unk/snap/c1/1738274400.c1.snap.jpg,1.0972519
2025-01-30 22:30:00,/Volumes/Argus/unk/snap/c1/1738276200.c1.snap.jpg,0.7743496
2025-01-30 23:00:00,/Volumes/Argus/unk/snap/c1/1738278000.c1.snap.jpg,0.94075716
2025-01-30 23:30:00,/Volumes/Argus/unk/snap/c1/1738279800.c1.snap.jpg,0.74317783
2025-01-31 00:00:00,/Volumes/Argus/unk/snap/c1/1738281600.c1.snap.jpg,0.70406014
2025-01-31 00:30:00,/Volumes/Argus/unk/snap/c1/1738283400.c1.snap.jpg,0.62308776
2025-01-31 01:00:00,/Volumes/Argus/unk/snap/c1/1738285200.c1.snap.jpg,0.6096546
2025-01-31 01:30:00,/Volumes/Argus/unk/snap/c1/1738287000.c1.snap.jpg,0.54644924
2025-01-31 02:00:00,/Volumes/Argus/unk/snap/c1/1738288800.c1.snap.jpg,0.5809765
2025-01-31 02:30:00,/Volumes/Argus/unk/snap/c1/1738290600.c1.snap.jpg,0.44655684
2025-01-31 03:00:00,/Volumes/Argus/unk/snap/c1/1738292400.c1.snap.jpg,0.5297096
2025-01-31 19:00:00,/Volumes/Argus/unk/snap/c1/1738350000.c1.snap.jpg,0.5721228
2025-01-31 19:30:00,/Volumes/Argus/unk/snap/c1/1738351800.c1.snap.jpg,0.58617115
2025-01-31 20:00:00,/Volumes/Argus/unk/snap/c1/1738353600.c1.snap.jpg,0.63520956
2025-01-31 20:30:00,/Volumes/Argus/unk/snap/c1/1738355400.c1.snap.jpg,0.64231133
2025-01-31 21:00:00,/Volumes/Argus/unk/snap/c1/1738357200.c1.snap.jpg,0.64347416
2025-01-31 21:30:00,/Volumes/Argus/unk/snap/c1/1738359000.c1.snap.jpg,0.5941377
2025-01-31 22:00:00,/Volumes/Argus/unk/snap/c1/1738360800.c1.snap.jpg,0.5947596
2025-01-31 22:30:00,/Volumes/Argus/unk/snap/c1/1738362600.c1.snap.jpg,0.5998115
2025-01-31 23:00:00,/Volumes/Argus/unk/snap/c1/1738364400.c1.snap.jpg,0.6172648
2025-01-31 23:30:00,/Volumes/Argus/unk/snap/c1/1738366200.c1.snap.jpg,0.5942114
2025-02-01 00:00:00,/Volumes/Argus/unk/snap/c1/1738368000.c1.snap.jpg,0.607658
2025-02-01 01:00:00,/Volumes/Argus/unk/snap/c1/1738371600.c1.snap.jpg,0.63514745
2025-02-01 01:30:00,/Volumes/Argus/unk/snap/c1/1738373400.c1.snap.jpg,0.6276266
2025-02-01 02:00:00,/Volumes/Argus/unk/snap/c1/1738375200.c1.snap.jpg,0.6229266
2025-02-01 02:30:00,/Volumes/Argus/unk/snap/c1/1738377000.c1.snap.jpg,0.56082326
2025-02-01 03:00:00,/Volumes/Argus/unk/snap/c1/1738378800.c1.snap.jpg,0.63160145
2025-02-02 18:30:00,/Volumes/Argus/unk/snap/c1/1738521000.c1.snap.jpg,0.7940499
2025-02-02 19:00:00,/Volumes/Argus/unk/snap/c1/1738522800.c1.snap.jpg,0.65945846
2025-02-02 19:30:00,/Volumes/Argus/unk/snap/c1/1738524600.c1.snap.jpg,0.6535297
2025-02-02 20:00:00,/Volumes/Argus/unk/snap/c1/1738526400.c1.snap.jpg,0.6263098
2025-02-02 20:30:00,/Volumes/Argus/unk/snap/c1/1738528200.c1.snap.jpg,0.6367116
2025-02-02 21:00:00,/Volumes/Argus/unk/snap/c1/1738530000.c1.snap.jpg,0.59722143
2025-02-02 21:30:00,/Volumes/Argus/unk/snap/c1/1738531800.c1.snap.jpg,0.59903467
2025-02-02 22:00:00,/Volumes/Argus/unk/snap/c1/1738533600.c1.snap.jpg,0.53416646
2025-02-02 22:30:00,/Volumes/Argus/unk/snap/c1/1738535400.c1.snap.jpg,0.61732817
2025-02-02 23:00:00,/Volumes/Argus/unk/snap/c1/1738537200.c1.snap.jpg,0.6188496
2025-02-02 23:30:00,/Volumes/Argus/unk/snap/c1/1738539000.c1.snap.jpg,0.5930172
2025-02-03 00:00:00,/Volumes/Argus/unk/snap/c1/1738540800.c1.snap.jpg,0.63384765
2025-02-03 00:30:00,/Volumes/Argus/unk/snap/c1/1738542600.c1.snap.jpg,0.63072354
2025-02-03 01:00:00,/Volumes/Argus/unk/snap/c1/1738544400.c1.snap.jpg,0.5638191
2025-02-03 01:30:00,/Volumes/Argus/unk/snap/c1/1738546200.c1.snap.jpg,0.629783
2025-02-03 02:00:00,/Volumes/Argus/unk/snap/c1/1738548000.c1.snap.jpg,0.56959355
2025-02-03 02:30:00,/Volumes/Argus/unk/snap/c1/1738549800.c1.snap.jpg,0.5590903
2025-02-03 03:00:00,/Volumes/Argus/unk/snap/c1/1738551600.c1.snap.jpg,0.6119426
2025-02-03 18:30:00,/Volumes/Argus/unk/snap/c1/1738607400.c1.snap.jpg,0.6772132
2025-02-03 19:00:00,/Volumes/Argus/unk/snap/c1/1738609200.c1.snap.jpg,0.70826817
2025-02-03 19:30:00,/Volumes/Argus/unk/snap/c1/1738611000.c1.snap.jpg,0.68181664
2025-02-03 20:00:00,/Volumes/Argus/unk/snap/c1/1738612800.c1.snap.jpg,0.71144444
2025-02-03 20:30:00,/Volumes/Argus/unk/snap/c1/1738614600.c1.snap.jpg,0.7149923
2025-02-03 21:00:00,/Volumes/Argus/unk/snap/c1/1738616400.c1.snap.jpg,0.7135619
2025-02-03 21:30:00,/Volumes/Argus/unk/snap/c1/1738618200.c1.snap.jpg,0.73648775
2025-02-03 22:00:00,/Volumes/Argus/unk/snap/c1/1738620000.c1.snap.jpg,0.7186043
2025-02-03 22:30:00,/Volumes/Argus/unk/snap/c1/1738621800.c1.snap.jpg,0.69213104
2025-02-03 23:00:00,/Volumes/Argus/unk/snap/c1/1738623600.c1.snap.jpg,0.8295252
2025-02-03 23:30:00,/Volumes/Argus/unk/snap/c1/1738625400.c1.snap.jpg,0.69275844
2025-02-04 00:00:00,/Volumes/Argus/unk/snap/c1/1738627200.c1.snap.jpg,0.8957534
2025-02-04 00:30:00,/Volumes/Argus/unk/snap/c1/1738629000.c1.snap.jpg,0.82339287
2025-02-04 01:00:00,/Volumes/Argus/unk/snap/c1/1738630800.c1.snap.jpg,0.80421555
2025-02-04 01:30:00,/Volumes/Argus/unk/snap/c1/1738632600.c1.snap.jpg,0.8130654
2025-02-04 02:00:00,/Volumes/Argus/unk/snap/c1/1738634400.c1.snap.jpg,0.8060287
2025-02-04 02:30:00,/Volumes/Argus/unk/snap/c1/1738636200.c1.snap.jpg,0.809525
2025-02-04 03:00:00,/Volumes/Argus/unk/snap/c1/1738638000.c1.snap.jpg,0.73466784
2025-02-04 03:30:00,/Volumes/Argus/unk/snap/c1/1738639800.c1.snap.jpg,0.9005632
2025-02-04 18:30:00,/Volumes/Argus/unk/snap/c1/1738693800.c1.snap.jpg,0.72582954
2025-02-04 19:00:00,/Volumes/Argus/unk/snap/c1/1738695600.c1.snap.jpg,0.9948561
2025-02-04 19:30:00,/Volumes/Argus/unk/snap/c1/1738697400.c1.snap.jpg,0.916257
2025-02-04 20:00:00,/Volumes/Argus/unk/snap/c1/1738699200.c1.snap.jpg,0.9759096
2025-02-04 20:30:00,/Volumes/Argus/unk/snap/c1/1738701000.c1.snap.jpg,0.74505484
2025-02-04 21:00:00,/Volumes/Argus/unk/snap/c1/1738702800.c1.snap.jpg,0.83228415
2025-02-04 21:30:00,/Volumes/Argus/unk/snap/c1/1738704600.c1.snap.jpg,0.9475344
2025-02-04 22:00:00,/Volumes/Argus/unk/snap/c1/1738706400.c1.snap.jpg,0.8111833
2025-02-04 22:30:00,/Volumes/Argus/unk/snap/c1/1738708200.c1.snap.jpg,0.87905884
2025-02-04 23:30:00,/Volumes/Argus/unk/snap/c1/1738711800.c1.snap.jpg,0.8727311
2025-02-05 00:00:00,/Volumes/Argus/unk/snap/c1/1738713600.c1.snap.jpg,0.84388363
2025-02-05 00:30:00,/Volumes/Argus/unk/snap/c1/1738715400.c1.snap.jpg,0.80562246
2025-02-05 01:00:00,/Volumes/Argus/unk/snap/c1/1738717200.c1.snap.jpg,0.65914917
2025-02-05 01:30:00,/Volumes/Argus/unk/snap/c1/1738719000.c1.snap.jpg,0.702201
2025-02-05 02:00:00,/Volumes/Argus/unk/snap/c1/1738720800.c1.snap.jpg,0.9267607
2025-02-05 02:30:00,/Volumes/Argus/unk/snap/c1/1738722600.c1.snap.jpg,0.7049941
2025-02-05 03:30:00,/Volumes/Argus/unk/snap/c1/1738726200.c1.snap.jpg,0.66220635
2025-02-05 18:30:00,/Volumes/Argus/unk/snap/c1/1738780200.c1.snap.jpg,0.89165205
2025-02-05 19:00:00,/Volumes/Argus/unk/snap/c1/1738782000.c1.snap.jpg,0.853515
2025-02-05 19:30:00,/Volumes/Argus/unk/snap/c1/1738783800.c1.snap.jpg,0.9734581
2025-02-05 20:00:00,/Volumes/Argus/unk/snap/c1/1738785600.c1.snap.jpg,0.9622088
2025-02-05 20:30:00,/Volumes/Argus/unk/snap/c1/1738787400.c1.snap.jpg,0.8714255
2025-02-05 21:00:00,/Volumes/Argus/unk/snap/c1/1738789200.c1.snap.jpg,0.8705267
2025-02-05 21:30:00,/Volumes/Argus/unk/snap/c1/1738791000.c1.snap.jpg,0.80688846
2025-02-05 22:00:00,/Volumes/Argus/unk/snap/c1/1738792800.c1.snap.jpg,0.8021119
2025-02-05 22:30:00,/Volumes/Argus/unk/snap/c1/1738794600.c1.snap.jpg,0.80329514
2025-02-05 23:30:00,/Volumes/Argus/unk/snap/c1/1738798200.c1.snap.jpg,0.8302864
2025-02-06 00:30:00,/Volumes/Argus/unk/snap/c1/1738801800.c1.snap.jpg,0.8261943
2025-02-06 01:00:00,/Volumes/Argus/unk/snap/c1/1738803600.c1.snap.jpg,0.91423815
2025-02-06 01:30:00,/Volumes/Argus/unk/snap/c1/1738805400.c1.snap.jpg,0.8808397
2025-02-06 02:00:00,/Volumes/Argus/unk/snap/c1/1738807200.c1.snap.jpg,0.8968613
2025-02-06 02:30:00,/Volumes/Argus/unk/snap/c1/1738809000.c1.snap.jpg,0.8222431
2025-02-06 03:00:00,/Volumes/Argus/unk/snap/c1/1738810800.c1.snap.jpg,0.8685649
2025-02-06 03:30:00,/Volumes/Argus/unk/snap/c1/1738812600.c1.snap.jpg,0.89225626
2025-02-06 18:30:00,/Volumes/Argus/unk/snap/c1/1738866600.c1.snap.jpg,0.7707777
2025-02-06 19:00:00,/Volumes/Argus/unk/snap/c1/1738868400.c1.snap.jpg,0.6716757
2025-02-06 19:30:00,/Volumes/Argus/unk/snap/c1/1738870200.c1.snap.jpg,0.8042592
2025-02-06 20:00:00,/Volumes/Argus/unk/snap/c1/1738872000.c1.snap.jpg,0.6870151
2025-02-06 21:00:00,/Volumes/Argus/unk/snap/c1/1738875600.c1.snap.jpg,0.8316691
2025-02-06 21:30:00,/Volumes/Argus/unk/snap/c1/1738877400.c1.snap.jpg,0.88154423
2025-02-06 22:00:00,/Volumes/Argus/unk/snap/c1/1738879200.c1.snap.jpg,0.8797826
2025-02-06 22:30:00,/Volumes/Argus/unk/snap/c1/1738881000.c1.snap.jpg,0.9404165
2025-02-06 23:00:00,/Volumes/Argus/unk/snap/c1/1738882800.c1.snap.jpg,0.9349655
2025-02-06 23:30:00,/Volumes/Argus/unk/snap/c1/1738884600.c1.snap.jpg,1.0126474
2025-02-07 00:30:00,/Volumes/Argus/unk/snap/c1/1738888200.c1.snap.jpg,0.9549394
2025-02-07 01:00:00,/Volumes/Argus/unk/snap/c1/1738890000.c1.snap.jpg,0.87251115
2025-02-07 01:30:00,/Volumes/Argus/unk/snap/c1/1738891800.c1.snap.jpg,0.80823296
2025-02-07 02:00:00,/Volumes/Argus/unk/snap/c1/1738893600.c1.snap.jpg,0.864782
2025-02-07 02:30:00,/Volumes/Argus/unk/snap/c1/1738895400.c1.snap.jpg,0.8576076
2025-02-07 03:00:00,/Volumes/Argus/unk/snap/c1/1738897200.c1.snap.jpg,0.8730953
2025-02-07 03:30:00,/Volumes/Argus/unk/snap/c1/1738899000.c1.snap.jpg,0.91251725
2025-02-07 18:30:00,/Volumes/Argus/unk/snap/c1/1738953000.c1.snap.jpg,0.86517596
2025-02-07 19:00:00,/Volumes/Argus/unk/snap/c1/1738954800.c1.snap.jpg,0.8291152
2025-02-07 19:30:00,/Volumes/Argus/unk/snap/c1/1738956600.c1.snap.jpg,0.69517684
2025-02-07 20:00:00,/Volumes/Argus/unk/snap/c1/1738958400.c1.snap.jpg,0.89345783
2025-02-07 20:30:00,/Volumes/Argus/unk/snap/c1/1738960200.c1.snap.jpg,0.8183899
2025-02-07 21:00:00,/Volumes/Argus/unk/snap/c1/1738962000.c1.snap.jpg,0.8891157
2025-02-07 21:30:00,/Volumes/Argus/unk/snap/c1/1738963800.c1.snap.jpg,0.8384366
2025-02-07 22:00:00,/Volumes/Argus/unk/snap/c1/1738965600.c1.snap.jpg,0.7767783
2025-02-07 22:30:00,/Volumes/Argus/unk/snap/c1/1738967400.c1.snap.jpg,0.72592294
2025-02-07 23:00:00,/Volumes/Argus/unk/snap/c1/1738969200.c1.snap.jpg,0.70032966
2025-02-07 23:30:00,/Volumes/Argus/unk/snap/c1/1738971000.c1.snap.jpg,0.706804
2025-02-08 00:00:00,/Volumes/Argus/unk/snap/c1/1738972800.c1.snap.jpg,0.77757156
2025-02-08 00:30:00,/Volumes/Argus/unk/snap/c1/1738974600.c1.snap.jpg,0.8452749
2025-02-08 01:00:00,/Volumes/Argus/unk/snap/c1/1738976400.c1.snap.jpg,0.99195087
2025-02-08 01:30:00,/Volumes/Argus/unk/snap/c1/1738978200.c1.snap.jpg,0.9548361
2025-02-08 02:00:00,/Volumes/Argus/unk/snap/c1/1738980000.c1.snap.jpg,0.90494144
2025-02-08 02:30:00,/Volumes/Argus/unk/snap/c1/1738981800.c1.snap.jpg,0.754053
2025-02-08 03:00:00,/Volumes/Argus/unk/snap/c1/1738983600.c1.snap.jpg,0.9763424
2025-02-08 03:30:00,/Volumes/Argus/unk/snap/c1/1738985400.c1.snap.jpg,1.0045598
2025-02-08 18:30:00,/Volumes/Argus/unk/snap/c1/1739039400.c1.snap.jpg,0.80515516
2025-02-08 19:00:00,/Volumes/Argus/unk/snap/c1/1739041200.c1.snap.jpg,0.9099357
2025-02-08 19:30:00,/Volumes/Argus/unk/snap/c1/1739043000.c1.snap.jpg,0.93382883
2025-02-08 20:00:00,/Volumes/Argus/unk/snap/c1/1739044800.c1.snap.jpg,0.75166184
2025-02-08 20:30:00,/Volumes/Argus/unk/snap/c1/1739046600.c1.snap.jpg,0.74340594
2025-02-08 21:00:00,/Volumes/Argus/unk/snap/c1/1739048400.c1.snap.jpg,0.72051305
2025-02-08 21:30:00,/Volumes/Argus/unk/snap/c1/1739050200.c1.snap.jpg,0.69337416
2025-02-08 22:00:00,/Volumes/Argus/unk/snap/c1/1739052000.c1.snap.jpg,0.7179569
2025-02-08 22:30:00,/Volumes/Argus/unk/snap/c1/1739053800.c1.snap.jpg,0.698663
2025-02-08 23:00:00,/Volumes/Argus/unk/snap/c1/1739055600.c1.snap.jpg,0.75968343
2025-02-08 23:30:00,/Volumes/Argus/unk/snap/c1/1739057400.c1.snap.jpg,0.7513074
2025-02-09 00:00:00,/Volumes/Argus/unk/snap/c1/1739059200.c1.snap.jpg,0.79169476
2025-02-09 00:30:00,/Volumes/Argus/unk/snap/c1/1739061000.c1.snap.jpg,0.7574151
2025-02-09 01:00:00,/Volumes/Argus/unk/snap/c1/1739062800.c1.snap.jpg,0.6767292
2025-02-09 01:30:00,/Volumes/Argus/unk/snap/c1/1739064600.c1.snap.jpg,0.7516294
2025-02-09 02:00:00,/Volumes/Argus/unk/snap/c1/1739066400.c1.snap.jpg,0.67452794
2025-02-09 02:30:00,/Volumes/Argus/unk/snap/c1/1739068200.c1.snap.jpg,0.93894535
2025-02-09 03:00:00,/Volumes/Argus/unk/snap/c1/1739070000.c1.snap.jpg,0.78930306
2025-02-09 03:30:00,/Volumes/Argus/unk/snap/c1/1739071800.c1.snap.jpg,0.8605418
2025-02-09 20:00:00,/Volumes/Argus/unk/snap/c1/1739131200.c1.snap.jpg,0.9366775
2025-02-09 23:00:00,/Volumes/Argus/unk/snap/c1/1739142000.c1.snap.jpg,0.92024887
2025-02-09 23:30:00,/Volumes/Argus/unk/snap/c1/1739143800.c1.snap.jpg,0.8777254
2025-02-10 00:00:00,/Volumes/Argus/unk/snap/c1/1739145600.c1.snap.jpg,0.9797541
2025-02-10 00:30:00,/Volumes/Argus/unk/snap/c1/1739147400.c1.snap.jpg,0.913229
2025-02-10 01:00:00,/Volumes/Argus/unk/snap/c1/1739149200.c1.snap.jpg,0.8879315
2025-02-10 01:30:00,/Volumes/Argus/unk/snap/c1/1739151000.c1.snap.jpg,0.9556475
2025-02-10 02:00:00,/Volumes/Argus/unk/snap/c1/1739152800.c1.snap.jpg,0.89679873
2025-02-10 02:30:00,/Volumes/Argus/unk/snap/c1/1739154600.c1.snap.jpg,0.8278607
2025-02-10 03:00:00,/Volumes/Argus/unk/snap/c1/1739156400.c1.snap.jpg,0.8440699
2025-02-10 03:30:00,/Volumes/Argus/unk/snap/c1/1739158200.c1.snap.jpg,0.917143
2025-02-10 18:30:00,/Volumes/Argus/unk/snap/c1/1739212200.c1.snap.jpg,0.83142114
2025-02-10 19:00:00,/Volumes/Argus/unk/snap/c1/1739214000.c1.snap.jpg,0.7614826
2025-02-10 19:30:00,/Volumes/Argus/unk/snap/c1/1739215800.c1.snap.jpg,0.8065977
2025-02-10 20:00:00,/Volumes/Argus/unk/snap/c1/1739217600.c1.snap.jpg,0.67653716
2025-02-10 20:30:00,/Volumes/Argus/unk/snap/c1/1739219400.c1.snap.jpg,0.6952926
2025-02-10 21:00:00,/Volumes/Argus/unk/snap/c1/1739221200.c1.snap.jpg,0.78457963
2025-02-10 21:30:00,/Volumes/Argus/unk/snap/c1/1739223000.c1.snap.jpg,0.8197504
2025-02-10 22:00:00,/Volumes/Argus/unk/snap/c1/1739224800.c1.snap.jpg,0.82666516
2025-02-10 22:30:00,/Volumes/Argus/unk/snap/c1/1739226600.c1.snap.jpg,0.7013744
2025-02-10 23:00:00,/Volumes/Argus/unk/snap/c1/1739228400.c1.snap.jpg,0.74493325
2025-02-10 23:30:00,/Volumes/Argus/unk/snap/c1/1739230200.c1.snap.jpg,0.7588418
2025-02-11 00:00:00,/Volumes/Argus/unk/snap/c1/1739232000.c1.snap.jpg,0.8261221
2025-02-11 00:30:00,/Volumes/Argus/unk/snap/c1/1739233800.c1.snap.jpg,0.88978195
2025-02-11 01:00:00,/Volumes/Argus/unk/snap/c1/1739235600.c1.snap.jpg,0.9442329
2025-02-11 01:30:00,/Volumes/Argus/unk/snap/c1/1739237400.c1.snap.jpg,0.96486604
2025-02-11 02:00:00,/Volumes/Argus/unk/snap/c1/1739239200.c1.snap.jpg,0.9204681
2025-02-11 02:30:00,/Volumes/Argus/unk/snap/c1/1739241000.c1.snap.jpg,0.78582096
2025-02-11 03:00:00,/Volumes/Argus/unk/snap/c1/1739242800.c1.snap.jpg,0.8161766
2025-02-11 03:30:00,/Volumes/Argus/unk/snap/c1/1739244600.c1.snap.jpg,1.0219676
2025-02-11 18:30:00,/Volumes/Argus/unk/snap/c1/1739298600.c1.snap.jpg,0.74708676
2025-02-11 19:00:00,/Volumes/Argus/unk/snap/c1/1739300400.c1.snap.jpg,0.86520123
2025-02-11 19:30:00,/Volumes/Argus/unk/snap/c1/1739302200.c1.snap.jpg,0.87052405
2025-02-11 20:00:00,/Volumes/Argus/unk/snap/c1/1739304000.c1.snap.jpg,0.8785552
2025-02-11 20:30:00,/Volumes/Argus/unk/snap/c1/1739305800.c1.snap.jpg,0.88797545
2025-02-11 21:00:00,/Volumes/Argus/unk/snap/c1/1739307600.c1.snap.jpg,0.8645241
2025-02-11 21:30:00,/Volumes/Argus/unk/snap/c1/1739309400.c1.snap.jpg,0.84163964
2025-02-11 22:00:00,/Volumes/Argus/unk/snap/c1/1739311200.c1.snap.jpg,0.7704587
2025-02-11 22:30:00,/Volumes/Argus/unk/snap/c1/1739313000.c1.snap.jpg,0.7876643
2025-02-11 23:00:00,/Volumes/Argus/unk/snap/c1/1739314800.c1.snap.jpg,0.78871185
2025-02-11 23:30:00,/Volumes/Argus/unk/snap/c1/1739316600.c1.snap.jpg,0.8412255
2025-02-12 00:00:00,/Volumes/Argus/unk/snap/c1/1739318400.c1.snap.jpg,0.883978
2025-02-12 00:30:00,/Volumes/Argus/unk/snap/c1/1739320200.c1.snap.jpg,0.8526234
2025-02-12 01:00:00,/Volumes/Argus/unk/snap/c1/1739322000.c1.snap.jpg,0.72842246
2025-02-12 01:30:00,/Volumes/Argus/unk/snap/c1/1739323800.c1.snap.jpg,0.7915416
2025-02-12 02:00:00,/Volumes/Argus/unk/snap/c1/1739325600.c1.snap.jpg,0.73580015
2025-02-12 02:30:00,/Volumes/Argus/unk/snap/c1/1739327400.c1.snap.jpg,0.75281096
2025-02-12 03:00:00,/Volumes/Argus/unk/snap/c1/1739329200.c1.snap.jpg,0.75042343
2025-02-12 03:30:00,/Volumes/Argus/unk/snap/c1/1739331000.c1.snap.jpg,0.7342886
2025-02-12 18:30:00,/Volumes/Argus/unk/snap/c1/1739385000.c1.snap.jpg,0.71821177
2025-02-12 19:30:00,/Volumes/Argus/unk/snap/c1/1739388600.c1.snap.jpg,0.50032634
2025-02-12 20:00:00,/Volumes/Argus/unk/snap/c1/1739390400.c1.snap.jpg,0.5562648
2025-02-12 20:30:00,/Volumes/Argus/unk/snap/c1/1739392200.c1.snap.jpg,0.47689688
2025-02-12 21:00:00,/Volumes/Argus/unk/snap/c1/1739394000.c1.snap.jpg,0.51511085
2025-02-12 21:30:00,/Volumes/Argus/unk/snap/c1/1739395800.c1.snap.jpg,0.60227525
2025-02-12 22:00:00,/Volumes/Argus/unk/snap/c1/1739397600.c1.snap.jpg,0.6015535
2025-02-12 22:30:00,/Volumes/Argus/unk/snap/c1/1739399400.c1.snap.jpg,0.56544787
2025-02-12 23:00:00,/Volumes/Argus/unk/snap/c1/1739401200.c1.snap.jpg,0.59138536
2025-02-12 23:30:00,/Volumes/Argus/unk/snap/c1/1739403000.c1.snap.jpg,0.5490606
2025-02-13 00:00:00,/Volumes/Argus/unk/snap/c1/1739404800.c1.snap.jpg,0.5511255
2025-02-13 00:30:00,/Volumes/Argus/unk/snap/c1/1739406600.c1.snap.jpg,0.8205408
2025-02-13 01:00:00,/Volumes/Argus/unk/snap/c1/1739408400.c1.snap.jpg,0.6793258
2025-02-13 01:30:00,/Volumes/Argus/unk/snap/c1/1739410200.c1.snap.jpg,0.641213
2025-02-13 02:00:00,/Volumes/Argus/unk/snap/c1/1739412000.c1.snap.jpg,0.6741437
2025-02-13 02:30:00,/Volumes/Argus/unk/snap/c1/1739413800.c1.snap.jpg,0.75939745
2025-02-13 03:00:00,/Volumes/Argus/unk/snap/c1/1739415600.c1.snap.jpg,1.1186821
2025-02-13 03:30:00,/Volumes/Argus/unk/snap/c1/1739417400.c1.snap.jpg,0.6631706
2025-02-13 18:00:00,/Volumes/Argus/unk/snap/c1/1739469600.c1.snap.jpg,0.7188747
2025-02-13 18:30:00,/Volumes/Argus/unk/snap/c1/1739471400.c1.snap.jpg,0.6803638
2025-02-13 19:00:00,/Volumes/Argus/unk/snap/c1/1739473200.c1.snap.jpg,0.7197759
2025-02-13 19:30:00,/Volumes/Argus/unk/snap/c1/1739475000.c1.snap.jpg,0.58585954
2025-02-13 20:00:00,/Volumes/Argus/unk/snap/c1/1739476800.c1.snap.jpg,0.57288074
2025-02-13 20:30:00,/Volumes/Argus/unk/snap/c1/1739478600.c1.snap.jpg,0.5562259
2025-02-13 21:00:00,/Volumes/Argus/unk/snap/c1/1739480400.c1.snap.jpg,0.52534956
2025-02-13 21:30:00,/Volumes/Argus/unk/snap/c1/1739482200.c1.snap.jpg,0.5751845
2025-02-13 22:00:00,/Volumes/Argus/unk/snap/c1/1739484000.c1.snap.jpg,0.74429774
2025-02-13 22:30:00,/Volumes/Argus/unk/snap/c1/1739485800.c1.snap.jpg,0.74455595
2025-02-13 23:00:00,/Volumes/Argus/unk/snap/c1/1739487600.c1.snap.jpg,0.7823652
2025-02-13 23:30:00,/Volumes/Argus/unk/snap/c1/1739489400.c1.snap.jpg,0.7385613
2025-02-14 00:00:00,/Volumes/Argus/unk/snap/c1/1739491200.c1.snap.jpg,0.7913861
2025-02-14 00:30:00,/Volumes/Argus/unk/snap/c1/1739493000.c1.snap.jpg,0.76165354
2025-02-14 01:30:00,/Volumes/Argus/unk/snap/c1/1739496600.c1.snap.jpg,0.67703366
2025-02-14 02:00:00,/Volumes/Argus/unk/snap/c1/1739498400.c1.snap.jpg,0.66599196
2025-02-14 02:30:00,/Volumes/Argus/unk/snap/c1/1739500200.c1.snap.jpg,0.6444627
2025-02-14 03:00:00,/Volumes/Argus/unk/snap/c1/1739502000.c1.snap.jpg,0.6336098
2025-02-14 03:30:00,/Volumes/Argus/unk/snap/c1/1739503800.c1.snap.jpg,0.67314124
2025-02-14 04:00:00,/Volumes/Argus/unk/snap/c1/1739505600.c1.snap.jpg,0.64645004
2025-02-14 18:00:00,/Volumes/Argus/unk/snap/c1/1739556000.c1.snap.jpg,0.7985772
2025-02-14 18:30:00,/Volumes/Argus/unk/snap/c1/1739557800.c1.snap.jpg,0.8582318
2025-02-14 19:00:00,/Volumes/Argus/unk/snap/c1/1739559600.c1.snap.jpg,0.76221514
2025-02-14 19:30:00,/Volumes/Argus/unk/snap/c1/1739561400.c1.snap.jpg,0.67582667
2025-02-14 20:00:00,/Volumes/Argus/unk/snap/c1/1739563200.c1.snap.jpg,0.6176417
2025-02-14 21:00:00,/Volumes/Argus/unk/snap/c1/1739566800.c1.snap.jpg,0.69552755
2025-02-14 23:00:00,/Volumes/Argus/unk/snap/c1/1739574000.c1.snap.jpg,0.8463397
2025-02-14 23:30:00,/Volumes/Argus/unk/snap/c1/1739575800.c1.snap.jpg,0.77849627
2025-02-15 00:00:00,/Volumes/Argus/unk/snap/c1/1739577600.c1.snap.jpg,0.8040791
2025-02-15 01:00:00,/Volumes/Argus/unk/snap/c1/1739581200.c1.snap.jpg,0.64915884
2025-02-15 03:30:00,/Volumes/Argus/unk/snap/c1/1739590200.c1.snap.jpg,0.747213
2025-02-15 04:00:00,/Volumes/Argus/unk/snap/c1/1739592000.c1.snap.jpg,0.77589685
2025-02-15 18:00:00,/Volumes/Argus/unk/snap/c1/1739642400.c1.snap.jpg,0.7698675
2025-02-15 18:30:00,/Volumes/Argus/unk/snap/c1/1739644200.c1.snap.jpg,0.6875411
2025-02-15 19:00:00,/Volumes/Argus/unk/snap/c1/1739646000.c1.snap.jpg,0.42992714
2025-02-15 19:30:00,/Volumes/Argus/unk/snap/c1/1739647800.c1.snap.jpg,0.66726923
2025-02-15 20:00:00,/Volumes/Argus/unk/snap/c1/1739649600.c1.snap.jpg,0.60495645
2025-02-15 20:30:00,/Volumes/Argus/unk/snap/c1/1739651400.c1.snap.jpg,0.58183604
2025-02-15 21:00:00,/Volumes/Argus/unk/snap/c1/1739653200.c1.snap.jpg,0.67317533
2025-02-15 21:30:00,/Volumes/Argus/unk/snap/c1/1739655000.c1.snap.jpg,0.6409583
2025-02-15 22:00:00,/Volumes/Argus/unk/snap/c1/1739656800.c1.snap.jpg,0.63141423
2025-02-15 22:30:00,/Volumes/Argus/unk/snap/c1/1739658600.c1.snap.jpg,0.6359346
2025-02-15 23:00:00,/Volumes/Argus/unk/snap/c1/1739660400.c1.snap.jpg,0.5813955
2025-02-15 23:30:00,/Volumes/Argus/unk/snap/c1/1739662200.c1.snap.jpg,0.5150012
2025-02-16 00:00:00,/Volumes/Argus/unk/snap/c1/1739664000.c1.snap.jpg,0.48536795
2025-02-16 00:30:00,/Volumes/Argus/unk/snap/c1/1739665800.c1.snap.jpg,0.51639044
2025-02-16 01:00:00,/Volumes/Argus/unk/snap/c1/1739667600.c1.snap.jpg,0.58679587
2025-02-16 01:30:00,/Volumes/Argus/unk/snap/c1/1739669400.c1.snap.jpg,0.59814835
2025-02-16 02:30:00,/Volumes/Argus/unk/snap/c1/1739673000.c1.snap.jpg,0.6736655
2025-02-16 03:00:00,/Volumes/Argus/unk/snap/c1/1739674800.c1.snap.jpg,0.68397045
2025-02-16 03:30:00,/Volumes/Argus/unk/snap/c1/1739676600.c1.snap.jpg,0.6643187
2025-02-16 04:00:00,/Volumes/Argus/unk/snap/c1/1739678400.c1.snap.jpg,0.89626884
2025-02-16 18:00:00,/Volumes/Argus/unk/snap/c1/1739728800.c1.snap.jpg,0.6965987
2025-02-16 18:30:00,/Volumes/Argus/unk/snap/c1/1739730600.c1.snap.jpg,0.66102475
2025-02-16 19:00:00,/Volumes/Argus/unk/snap/c1/1739732400.c1.snap.jpg,0.49751094
2025-02-16 19:30:00,/Volumes/Argus/unk/snap/c1/1739734200.c1.snap.jpg,0.6949329
2025-02-16 20:00:00,/Volumes/Argus/unk/snap/c1/1739736000.c1.snap.jpg,0.6622778
2025-02-16 20:30:00,/Volumes/Argus/unk/snap/c1/1739737800.c1.snap.jpg,0.6024741
2025-02-16 21:00:00,/Volumes/Argus/unk/snap/c1/1739739600.c1.snap.jpg,0.5679352
2025-02-16 21:30:00,/Volumes/Argus/unk/snap/c1/1739741400.c1.snap.jpg,0.58226126
2025-02-16 22:00:00,/Volumes/Argus/unk/snap/c1/1739743200.c1.snap.jpg,0.621922
2025-02-16 22:30:00,/Volumes/Argus/unk/snap/c1/1739745000.c1.snap.jpg,0.5596666
2025-02-16 23:00:00,/Volumes/Argus/unk/snap/c1/1739746800.c1.snap.jpg,0.6269931
2025-02-16 23:30:00,/Volumes/Argus/unk/snap/c1/1739748600.c1.snap.jpg,0.55252826
2025-02-17 00:00:00,/Volumes/Argus/unk/snap/c1/1739750400.c1.snap.jpg,0.5245265
2025-02-17 00:30:00,/Volumes/Argus/unk/snap/c1/1739752200.c1.snap.jpg,0.5358988
2025-02-17 01:00:00,/Volumes/Argus/unk/snap/c1/1739754000.c1.snap.jpg,0.6037505
2025-02-17 01:30:00,/Volumes/Argus/unk/snap/c1/1739755800.c1.snap.jpg,0.6871699
2025-02-17 02:00:00,/Volumes/Argus/unk/snap/c1/1739757600.c1.snap.jpg,0.78356993
2025-02-17 02:30:00,/Volumes/Argus/unk/snap/c1/1739759400.c1.snap.jpg,0.8980602
2025-02-17 03:00:00,/Volumes/Argus/unk/snap/c1/1739761200.c1.snap.jpg,0.71988744
2025-02-17 03:30:00,/Volumes/Argus/unk/snap/c1/1739763000.c1.snap.jpg,0.73338765
2025-02-17 04:00:00,/Volumes/Argus/unk/snap/c1/1739764800.c1.snap.jpg,0.6631484
2025-02-17 18:00:00,/Volumes/Argus/unk/snap/c1/1739815200.c1.snap.jpg,0.7150142
2025-02-17 18:30:00,/Volumes/Argus/unk/snap/c1/1739817000.c1.snap.jpg,0.62696165
2025-02-17 19:00:00,/Volumes/Argus/unk/snap/c1/1739818800.c1.snap.jpg,0.7744732
2025-02-17 19:30:00,/Volumes/Argus/unk/snap/c1/1739820600.c1.snap.jpg,0.8568867
2025-02-17 20:00:00,/Volumes/Argus/unk/snap/c1/1739822400.c1.snap.jpg,0.8470752
2025-02-17 20:30:00,/Volumes/Argus/unk/snap/c1/1739824200.c1.snap.jpg,0.80736023
2025-02-17 21:00:00,/Volumes/Argus/unk/snap/c1/1739826000.c1.snap.jpg,0.75628084
2025-02-17 21:30:00,/Volumes/Argus/unk/snap/c1/1739827800.c1.snap.jpg,0.97812116
2025-02-17 22:00:00,/Volumes/Argus/unk/snap/c1/1739829600.c1.snap.jpg,0.6855233
2025-02-17 22:30:00,/Volumes/Argus/unk/snap/c1/1739831400.c1.snap.jpg,0.6809143
2025-02-17 23:00:00,/Volumes/Argus/unk/snap/c1/1739833200.c1.snap.jpg,0.68012774
2025-02-17 23:30:00,/Volumes/Argus/unk/snap/c1/1739835000.c1.snap.jpg,0.68923914
2025-02-18 00:00:00,/Volumes/Argus/unk/snap/c1/1739836800.c1.snap.jpg,0.7256509
2025-02-18 01:00:00,/Volumes/Argus/unk/snap/c1/1739840400.c1.snap.jpg,0.6611031
2025-02-18 01:30:00,/Volumes/Argus/unk/snap/c1/1739842200.c1.snap.jpg,0.6863181
2025-02-18 02:30:00,/Volumes/Argus/unk/snap/c1/1739845800.c1.snap.jpg,0.64666164
2025-02-18 03:00:00,/Volumes/Argus/unk/snap/c1/1739847600.c1.snap.jpg,0.60118455
2025-02-18 03:30:00,/Volumes/Argus/unk/snap/c1/1739849400.c1.snap.jpg,0.57196724
2025-02-18 04:00:00,/Volumes/Argus/unk/snap/c1/1739851200.c1.snap.jpg,0.6705345
2025-02-18 18:00:00,/Volumes/Argus/unk/snap/c1/1739901600.c1.snap.jpg,0.6992046
2025-02-18 18:30:00,/Volumes/Argus/unk/snap/c1/1739903400.c1.snap.jpg,0.6455978
2025-02-18 19:00:00,/Volumes/Argus/unk/snap/c1/1739905200.c1.snap.jpg,0.6295683
2025-02-18 19:30:00,/Volumes/Argus/unk/snap/c1/1739907000.c1.snap.jpg,0.67840654
2025-02-18 20:00:00,/Volumes/Argus/unk/snap/c1/1739908800.c1.snap.jpg,0.7276629
2025-02-18 20:30:00,/Volumes/Argus/unk/snap/c1/1739910600.c1.snap.jpg,0.62005246
2025-02-18 21:00:00,/Volumes/Argus/unk/snap/c1/1739912400.c1.snap.jpg,0.71841156
2025-02-18 21:30:00,/Volumes/Argus/unk/snap/c1/1739914200.c1.snap.jpg,0.72821987
2025-02-18 22:00:00,/Volumes/Argus/unk/snap/c1/1739916000.c1.snap.jpg,0.69024706
2025-02-18 22:30:00,/Volumes/Argus/unk/snap/c1/1739917800.c1.snap.jpg,0.6705982
2025-02-18 23:00:00,/Volumes/Argus/unk/snap/c1/1739919600.c1.snap.jpg,0.6736019
2025-02-18 23:30:00,/Volumes/Argus/unk/snap/c1/1739921400.c1.snap.jpg,0.6726903
2025-02-19 00:00:00,/Volumes/Argus/unk/snap/c1/1739923200.c1.snap.jpg,0.6810676
2025-02-19 00:30:00,/Volumes/Argus/unk/snap/c1/1739925000.c1.snap.jpg,0.6704544
2025-02-19 01:00:00,/Volumes/Argus/unk/snap/c1/1739926800.c1.snap.jpg,0.728867
2025-02-19 01:30:00,/Volumes/Argus/unk/snap/c1/1739928600.c1.snap.jpg,0.7761437
2025-02-19 02:00:00,/Volumes/Argus/unk/snap/c1/1739930400.c1.snap.jpg,0.71684384
2025-02-19 02:30:00,/Volumes/Argus/unk/snap/c1/1739932200.c1.snap.jpg,0.69403076
2025-02-19 03:00:00,/Volumes/Argus/unk/snap/c1/1739934000.c1.snap.jpg,0.6856546
2025-02-19 03:30:00,/Volumes/Argus/unk/snap/c1/1739935800.c1.snap.jpg,0.651338
2025-02-19 04:00:00,/Volumes/Argus/unk/snap/c1/1739937600.c1.snap.jpg,0.59986305
2025-02-19 20:00:00,/Volumes/Argus/unk/snap/c1/1739995200.c1.snap.jpg,0.79133266
2025-02-19 20:30:00,/Volumes/Argus/unk/snap/c1/1739997000.c1.snap.jpg,0.7258189
2025-02-19 21:00:00,/Volumes/Argus/unk/snap/c1/1739998800.c1.snap.jpg,0.70837265
