time,path,H
2025-02-19 21:30:00,/Volumes/Argus/unk/snap/c1/1740000600.c1.snap.jpg,0.7658359
2025-02-19 22:00:00,/Volumes/Argus/unk/snap/c1/1740002400.c1.snap.jpg,0.7643568
2025-02-19 22:30:00,/Volumes/Argus/unk/snap/c1/1740004200.c1.snap.jpg,0.72875345
2025-02-19 23:00:00,/Volumes/Argus/unk/snap/c1/1740006000.c1.snap.jpg,0.75000906
2025-02-19 23:30:00,/Volumes/Argus/unk/snap/c1/1740007800.c1.snap.jpg,0.77218246
2025-02-20 00:00:00,/Volumes/Argus/unk/snap/c1/1740009600.c1.snap.jpg,0.8181051
2025-02-20 00:30:00,/Volumes/Argus/unk/snap/c1/1740011400.c1.snap.jpg,0.75823724
2025-02-20 01:00:00,/Volumes/Argus/unk/snap/c1/1740013200.c1.snap.jpg,0.7515578
2025-02-20 01:30:00,/Volumes/Argus/unk/snap/c1/1740015000.c1.snap.jpg,0.74958944
2025-02-20 02:00:00,/Volumes/Argus/unk/snap/c1/1740016800.c1.snap.jpg,0.7243203
2025-02-20 02:30:00,/Volumes/Argus/unk/snap/c1/1740018600.c1.snap.jpg,0.7597629
2025-02-20 03:00:00,/Volumes/Argus/unk/snap/c1/1740020400.c1.snap.jpg,0.72324514
2025-02-20 03:30:00,/Volumes/Argus/unk/snap/c1/1740022200.c1.snap.jpg,0.7571446
2025-02-20 04:00:00,/Volumes/Argus/unk/snap/c1/1740024000.c1.snap.jpg,0.69285524
2025-02-20 18:00:00,/Volumes/Argus/unk/snap/c1/1740074400.c1.snap.jpg,0.7106507
2025-02-20 18:30:00,/Volumes/Argus/unk/snap/c1/1740076200.c1.snap.jpg,0.67954344
2025-02-20 19:00:00,/Volumes/Argus/unk/snap/c1/1740078000.c1.snap.jpg,0.74550027
2025-02-20 19:30:00,/Volumes/Argus/unk/snap/c1/1740079800.c1.snap.jpg,0.6451107
2025-02-20 20:00:00,/Volumes/Argus/unk/snap/c1/1740081600.c1.snap.jpg,0.65965945
2025-02-20 21:00:00,/Volumes/Argus/unk/snap/c1/1740085200.c1.snap.jpg,0.66301864
2025-02-20 21:30:00,/Volumes/Argus/unk/snap/c1/1740087000.c1.snap.jpg,0.6976447
2025-02-20 22:30:00,/Volumes/Argus/unk/snap/c1/1740090600.c1.snap.jpg,0.74240327
2025-02-20 23:00:00,/Volumes/Argus/unk/snap/c1/1740092400.c1.snap.jpg,0.7538912
2025-02-20 23:30:00,/Volumes/Argus/unk/snap/c1/1740094200.c1.snap.jpg,0.70648706
2025-02-21 00:00:00,/Volumes/Argus/unk/snap/c1/1740096000.c1.snap.jpg,0.6559439
2025-02-21 00:30:00,/Volumes/Argus/unk/snap/c1/1740097800.c1.snap.jpg,0.6746768
2025-02-21 01:00:00,/Volumes/Argus/unk/snap/c1/1740099600.c1.snap.jpg,0.697306
2025-02-21 01:30:00,/Volumes/Argus/unk/snap/c1/1740101400.c1.snap.jpg,0.6205792
2025-02-21 02:00:00,/Volumes/Argus/unk/snap/c1/1740103200.c1.snap.jpg,0.6882918
2025-02-21 02:30:00,/Volumes/Argus/unk/snap/c1/1740105000.c1.snap.jpg,0.638105
2025-02-21 03:00:00,/Volumes/Argus/unk/snap/c1/1740106800.c1.snap.jpg,0.67175967
2025-02-21 03:30:00,/Volumes/Argus/unk/snap/c1/1740108600.c1.snap.jpg,0.75755
2025-02-21 04:00:00,/Volumes/Argus/unk/snap/c1/1740110400.c1.snap.jpg,0.67147726
2025-02-21 18:00:00,/Volumes/Argus/unk/snap/c1/1740160800.c1.snap.jpg,0.7041852
2025-02-21 18:30:00,/Volumes/Argus/unk/snap/c1/1740162600.c1.snap.jpg,0.75560325
2025-02-21 19:00:00,/Volumes/Argus/unk/snap/c1/1740164400.c1.snap.jpg,0.6810277
2025-02-21 19:30:00,/Volumes/Argus/unk/snap/c1/1740166200.c1.snap.jpg,0.7112186
2025-02-21 20:00:00,/Volumes/Argus/unk/snap/c1/1740168000.c1.snap.jpg,0.75125134
2025-02-21 20:30:00,/Volumes/Argus/unk/snap/c1/1740169800.c1.snap.jpg,0.7777055
2025-02-21 21:00:00,/Volumes/Argus/unk/snap/c1/1740171600.c1.snap.jpg,0.79474133
2025-02-21 21:30:00,/Volumes/Argus/unk/snap/c1/1740173400.c1.snap.jpg,0.74220634
2025-02-21 22:00:00,/Volumes/Argus/unk/snap/c1/1740175200.c1.snap.jpg,0.7055449
2025-02-21 22:30:00,/Volumes/Argus/unk/snap/c1/1740177000.c1.snap.jpg,0.6644128
2025-02-21 23:00:00,/Volumes/Argus/unk/snap/c1/1740178800.c1.snap.jpg,0.6640425
2025-02-21 23:30:00,/Volumes/Argus/unk/snap/c1/1740180600.c1.snap.jpg,0.7375452
2025-02-22 00:00:00,/Volumes/Argus/unk/snap/c1/1740182400.c1.snap.jpg,0.7262192
2025-02-22 00:30:00,/Volumes/Argus/unk/snap/c1/1740184200.c1.snap.jpg,0.72363496
2025-02-22 01:00:00,/Volumes/Argus/unk/snap/c1/1740186000.c1.snap.jpg,0.65497917
2025-02-22 01:30:00,/Volumes/Argus/unk/snap/c1/1740187800.c1.snap.jpg,0.66951656
2025-02-22 02:00:00,/Volumes/Argus/unk/snap/c1/1740189600.c1.snap.jpg,0.7028211
2025-02-22 02:30:00,/Volumes/Argus/unk/snap/c1/1740191400.c1.snap.jpg,0.6871246
2025-02-22 03:00:00,/Volumes/Argus/unk/snap/c1/1740193200.c1.snap.jpg,0.67576605
2025-02-22 03:30:00,/Volumes/Argus/unk/snap/c1/1740195000.c1.snap.jpg,0.73421663
2025-02-22 04:00:00,/Volumes/Argus/unk/snap/c1/1740196800.c1.snap.jpg,0.6663699
2025-02-22 18:00:00,/Volumes/Argus/unk/snap/c1/1740247200.c1.snap.jpg,0.68715024
2025-02-22 18:30:00,/Volumes/Argus/unk/snap/c1/1740249000.c1.snap.jpg,0.68055063
2025-02-22 19:00:00,/Volumes/Argus/unk/snap/c1/1740250800.c1.snap.jpg,0.7330469
2025-02-22 19:30:00,/Volumes/Argus/unk/snap/c1/1740252600.c1.snap.jpg,0.7004359
2025-02-22 20:00:00,/Volumes/Argus/unk/snap/c1/1740254400.c1.snap.jpg,0.6845434
2025-02-22 20:30:00,/Volumes/Argus/unk/snap/c1/1740256200.c1.snap.jpg,0.6639428
2025-02-22 21:00:00,/Volumes/Argus/unk/snap/c1/1740258000.c1.snap.jpg,0.70210814
2025-02-22 21:30:00,/Volumes/Argus/unk/snap/c1/1740259800.c1.snap.jpg,0.70181155
2025-02-22 22:00:00,/Volumes/Argus/unk/snap/c1/1740261600.c1.snap.jpg,0.7237609
2025-02-22 22:30:00,/Volumes/Argus/unk/snap/c1/1740263400.c1.snap.jpg,0.73007107
2025-02-22 23:00:00,/Volumes/Argus/unk/snap/c1/1740265200.c1.snap.jpg,0.6442888
2025-02-22 23:30:00,/Volumes/Argus/unk/snap/c1/1740267000.c1.snap.jpg,0.643764
2025-02-23 00:00:00,/Volumes/Argus/unk/snap/c1/1740268800.c1.snap.jpg,0.6127753
2025-02-23 00:30:00,/Volumes/Argus/unk/snap/c1/1740270600.c1.snap.jpg,0.5934324
2025-02-23 01:00:00,/Volumes/Argus/unk/snap/c1/1740272400.c1.snap.jpg,0.61282456
2025-02-23 01:30:00,/Volumes/Argus/unk/snap/c1/1740274200.c1.snap.jpg,0.61133635
2025-02-23 02:00:00,/Volumes/Argus/unk/snap/c1/1740276000.c1.snap.jpg,0.5871354
2025-02-23 02:30:00,/Volumes/Argus/unk/snap/c1/1740277800.c1.snap.jpg,0.6290322
2025-02-23 03:00:00,/Volumes/Argus/unk/snap/c1/1740279600.c1.snap.jpg,0.64403087
2025-02-23 03:30:00,/Volumes/Argus/unk/snap/c1/1740281400.c1.snap.jpg,0.7420521
2025-02-23 04:00:00,/Volumes/Argus/unk/snap/c1/1740283200.c1.snap.jpg,0.6622431
2025-02-23 17:30:00,/Volumes/Argus/unk/snap/c1/1740331800.c1.snap.jpg,0.8257861
2025-02-23 18:00:00,/Volumes/Argus/unk/snap/c1/1740333600.c1.snap.jpg,0.8571998
2025-02-23 18:30:00,/Volumes/Argus/unk/snap/c1/1740335400.c1.snap.jpg,0.79686004
2025-02-23 19:30:00,/Volumes/Argus/unk/snap/c1/1740339000.c1.snap.jpg,0.792585
2025-02-23 20:00:00,/Volumes/Argus/unk/snap/c1/1740340800.c1.snap.jpg,0.81473935
2025-02-23 20:30:00,/Volumes/Argus/unk/snap/c1/1740342600.c1.snap.jpg,0.8220788
2025-02-23 21:00:00,/Volumes/Argus/unk/snap/c1/1740344400.c1.snap.jpg,0.8611552
2025-02-23 21:30:00,/Volumes/Argus/unk/snap/c1/1740346200.c1.snap.jpg,0.93044436
2025-02-23 22:00:00,/Volumes/Argus/unk/snap/c1/1740348000.c1.snap.jpg,0.980053
2025-02-23 22:30:00,/Volumes/Argus/unk/snap/c1/1740349800.c1.snap.jpg,0.98130816
2025-02-23 23:00:00,/Volumes/Argus/unk/snap/c1/1740351600.c1.snap.jpg,0.97702515
2025-02-23 23:30:00,/Volumes/Argus/unk/snap/c1/1740353400.c1.snap.jpg,0.9147005
2025-02-24 00:00:00,/Volumes/Argus/unk/snap/c1/1740355200.c1.snap.jpg,0.8885582
2025-02-24 00:30:00,/Volumes/Argus/unk/snap/c1/1740357000.c1.snap.jpg,0.8605898
2025-02-24 01:00:00,/Volumes/Argus/unk/snap/c1/1740358800.c1.snap.jpg,0.69041264
2025-02-24 01:30:00,/Volumes/Argus/unk/snap/c1/1740360600.c1.snap.jpg,0.83491635
2025-02-24 02:00:00,/Volumes/Argus/unk/snap/c1/1740362400.c1.snap.jpg,0.7834512
2025-02-24 03:00:00,/Volumes/Argus/unk/snap/c1/1740366000.c1.snap.jpg,0.70969254
2025-02-24 03:30:00,/Volumes/Argus/unk/snap/c1/1740367800.c1.snap.jpg,0.69644
2025-02-24 04:00:00,/Volumes/Argus/unk/snap/c1/1740369600.c1.snap.jpg,0.69798744
2025-02-24 17:30:00,/Volumes/Argus/unk/snap/c1/1740418200.c1.snap.jpg,0.70225763
2025-02-24 18:00:00,/Volumes/Argus/unk/snap/c1/1740420000.c1.snap.jpg,0.65367156
2025-02-24 18:30:00,/Volumes/Argus/unk/snap/c1/1740421800.c1.snap.jpg,0.4119413
2025-02-24 19:00:00,/Volumes/Argus/unk/snap/c1/1740423600.c1.snap.jpg,0.61023146
2025-02-24 19:30:00,/Volumes/Argus/unk/snap/c1/1740425400.c1.snap.jpg,0.5963528
2025-02-24 20:00:00,/Volumes/Argus/unk/snap/c1/1740427200.c1.snap.jpg,0.669561
2025-02-24 20:30:00,/Volumes/Argus/unk/snap/c1/1740429000.c1.snap.jpg,0.6805687
2025-02-24 21:00:00,/Volumes/Argus/unk/snap/c1/1740430800.c1.snap.jpg,0.67621
2025-02-24 21:30:00,/Volumes/Argus/unk/snap/c1/1740432600.c1.snap.jpg,0.7174097
2025-02-24 22:00:00,/Volumes/Argus/unk/snap/c1/1740434400.c1.snap.jpg,0.7245274
2025-02-24 22:30:00,/Volumes/Argus/unk/snap/c1/1740436200.c1.snap.jpg,0.7299322
2025-02-24 23:00:00,/Volumes/Argus/unk/snap/c1/1740438000.c1.snap.jpg,0.74062693
2025-02-24 23:30:00,/Volumes/Argus/unk/snap/c1/1740439800.c1.snap.jpg,0.7279942
2025-02-25 00:00:00,/Volumes/Argus/unk/snap/c1/1740441600.c1.snap.jpg,0.61776626
2025-02-25 00:30:00,/Volumes/Argus/unk/snap/c1/1740443400.c1.snap.jpg,0.62000257
2025-02-25 01:00:00,/Volumes/Argus/unk/snap/c1/1740445200.c1.snap.jpg,0.62464046
2025-02-25 01:30:00,/Volumes/Argus/unk/snap/c1/1740447000.c1.snap.jpg,0.6287975
2025-02-25 02:00:00,/Volumes/Argus/unk/snap/c1/1740448800.c1.snap.jpg,0.68929046
2025-02-25 02:30:00,/Volumes/Argus/unk/snap/c1/1740450600.c1.snap.jpg,0.7686761
2025-02-25 03:00:00,/Volumes/Argus/unk/snap/c1/1740452400.c1.snap.jpg,0.61994874
2025-02-25 03:30:00,/Volumes/Argus/unk/snap/c1/1740454200.c1.snap.jpg,0.8276719
2025-02-25 04:00:00,/Volumes/Argus/unk/snap/c1/1740456000.c1.snap.jpg,0.7807913
2025-02-25 04:30:00,/Volumes/Argus/unk/snap/c1/1740457800.c1.snap.jpg,0.71172166
2025-02-25 17:30:00,/Volumes/Argus/unk/snap/c1/1740504600.c1.snap.jpg,0.72597075
2025-02-25 18:00:00,/Volumes/Argus/unk/snap/c1/1740506400.c1.snap.jpg,0.7133819
2025-02-25 18:30:00,/Volumes/Argus/unk/snap/c1/1740508200.c1.snap.jpg,0.6890432
2025-02-25 19:00:00,/Volumes/Argus/unk/snap/c1/1740510000.c1.snap.jpg,0.799502
2025-02-25 19:30:00,/Volumes/Argus/unk/snap/c1/1740511800.c1.snap.jpg,0.6751205
2025-02-25 20:00:00,/Volumes/Argus/unk/snap/c1/1740513600.c1.snap.jpg,0.71048355
2025-02-25 20:30:00,/Volumes/Argus/unk/snap/c1/1740515400.c1.snap.jpg,0.7178402
2025-02-25 21:00:00,/Volumes/Argus/unk/snap/c1/1740517200.c1.snap.jpg,0.7107181
2025-02-25 21:30:00,/Volumes/Argus/unk/snap/c1/1740519000.c1.snap.jpg,0.69522345
2025-02-25 22:00:00,/Volumes/Argus/unk/snap/c1/1740520800.c1.snap.jpg,0.6789552
2025-02-25 22:30:00,/Volumes/Argus/unk/snap/c1/1740522600.c1.snap.jpg,0.71559066
2025-02-25 23:00:00,/Volumes/Argus/unk/snap/c1/1740524400.c1.snap.jpg,0.7222113
2025-02-25 23:30:00,/Volumes/Argus/unk/snap/c1/1740526200.c1.snap.jpg,0.6945545
2025-02-26 00:00:00,/Volumes/Argus/unk/snap/c1/1740528000.c1.snap.jpg,0.69039977
2025-02-26 00:30:00,/Volumes/Argus/unk/snap/c1/1740529800.c1.snap.jpg,0.6701638
2025-02-26 01:00:00,/Volumes/Argus/unk/snap/c1/1740531600.c1.snap.jpg,0.68255967
2025-02-26 01:30:00,/Volumes/Argus/unk/snap/c1/1740533400.c1.snap.jpg,0.65332675
2025-02-26 02:00:00,/Volumes/Argus/unk/snap/c1/1740535200.c1.snap.jpg,0.7138885
2025-02-26 02:30:00,/Volumes/Argus/unk/snap/c1/1740537000.c1.snap.jpg,0.737532
2025-02-26 03:00:00,/Volumes/Argus/unk/snap/c1/1740538800.c1.snap.jpg,0.7188041
2025-02-26 03:30:00,/Volumes/Argus/unk/snap/c1/1740540600.c1.snap.jpg,0.6894514
2025-02-26 04:00:00,/Volumes/Argus/unk/snap/c1/1740542400.c1.snap.jpg,0.6778028
2025-02-26 04:30:00,/Volumes/Argus/unk/snap/c1/1740544200.c1.snap.jpg,0.695977
2025-02-26 17:30:00,/Volumes/Argus/unk/snap/c1/1740591000.c1.snap.jpg,0.724977
2025-02-26 18:00:00,/Volumes/Argus/unk/snap/c1/1740592800.c1.snap.jpg,0.7083772
2025-02-26 18:30:00,/Volumes/Argus/unk/snap/c1/1740594600.c1.snap.jpg,0.6773828
2025-02-26 19:00:00,/Volumes/Argus/unk/snap/c1/1740596400.c1.snap.jpg,0.7444341
2025-02-26 19:30:00,/Volumes/Argus/unk/snap/c1/1740598200.c1.snap.jpg,0.69094115
2025-02-26 20:00:00,/Volumes/Argus/unk/snap/c1/1740600000.c1.snap.jpg,0.7441933
2025-02-26 20:30:00,/Volumes/Argus/unk/snap/c1/1740601800.c1.snap.jpg,0.7236544
2025-02-26 21:00:00,/Volumes/Argus/unk/snap/c1/1740603600.c1.snap.jpg,0.7047173
2025-02-26 21:30:00,/Volumes/Argus/unk/snap/c1/1740605400.c1.snap.jpg,0.7015588
2025-02-26 22:00:00,/Volumes/Argus/unk/snap/c1/1740607200.c1.snap.jpg,0.7073401
2025-02-26 22:30:00,/Volumes/Argus/unk/snap/c1/1740609000.c1.snap.jpg,0.7120229
2025-02-26 23:00:00,/Volumes/Argus/unk/snap/c1/1740610800.c1.snap.jpg,0.6892146
2025-02-26 23:30:00,/Volumes/Argus/unk/snap/c1/1740612600.c1.snap.jpg,0.6710647
2025-02-27 00:00:00,/Volumes/Argus/unk/snap/c1/1740614400.c1.snap.jpg,0.6716876
2025-02-27 00:30:00,/Volumes/Argus/unk/snap/c1/1740616200.c1.snap.jpg,0.65498006
2025-02-27 01:00:00,/Volumes/Argus/unk/snap/c1/1740618000.c1.snap.jpg,0.678336
2025-02-27 01:30:00,/Volumes/Argus/unk/snap/c1/1740619800.c1.snap.jpg,0.6936295
2025-02-27 02:00:00,/Volumes/Argus/unk/snap/c1/1740621600.c1.snap.jpg,0.7479907
2025-02-27 02:30:00,/Volumes/Argus/unk/snap/c1/1740623400.c1.snap.jpg,0.72450244
2025-02-27 03:00:00,/Volumes/Argus/unk/snap/c1/1740625200.c1.snap.jpg,0.6610936
2025-02-27 03:30:00,/Volumes/Argus/unk/snap/c1/1740627000.c1.snap.jpg,0.61210084
2025-02-27 04:00:00,/Volumes/Argus/unk/snap/c1/1740628800.c1.snap.jpg,0.6883983
2025-02-27 04:30:00,/Volumes/Argus/unk/snap/c1/1740630600.c1.snap.jpg,0.9189323
2025-02-27 17:30:00,/Volumes/Argus/unk/snap/c1/1740677400.c1.snap.jpg,0.7518942
2025-02-27 18:00:00,/Volumes/Argus/unk/snap/c1/1740679200.c1.snap.jpg,0.6407891
2025-02-27 18:30:00,/Volumes/Argus/unk/snap/c1/1740681000.c1.snap.jpg,0.52733994
2025-02-27 19:00:00,/Volumes/Argus/unk/snap/c1/1740682800.c1.snap.jpg,0.67142856
2025-02-27 19:30:00,/Volumes/Argus/unk/snap/c1/1740684600.c1.snap.jpg,0.6322205
2025-02-27 20:00:00,/Volumes/Argus/unk/snap/c1/1740686400.c1.snap.jpg,0.66673577
2025-02-27 20:30:00,/Volumes/Argus/unk/snap/c1/1740688200.c1.snap.jpg,0.6429595
2025-02-27 21:00:00,/Volumes/Argus/unk/snap/c1/1740690000.c1.snap.jpg,0.68617773
2025-02-27 21:30:00,/Volumes/Argus/unk/snap/c1/1740691800.c1.snap.jpg,0.64808947
2025-02-27 22:00:00,/Volumes/Argus/unk/snap/c1/1740693600.c1.snap.jpg,0.67552924
2025-02-27 22:30:00,/Volumes/Argus/unk/snap/c1/1740695400.c1.snap.jpg,0.69286513
2025-02-27 23:00:00,/Volumes/Argus/unk/snap/c1/1740697200.c1.snap.jpg,0.6852473
2025-02-27 23:30:00,/Volumes/Argus/unk/snap/c1/1740699000.c1.snap.jpg,0.66191864
2025-02-28 00:00:00,/Volumes/Argus/unk/snap/c1/1740700800.c1.snap.jpg,0.6296315
2025-02-28 00:30:00,/Volumes/Argus/unk/snap/c1/1740702600.c1.snap.jpg,0.61599797
2025-02-28 01:00:00,/Volumes/Argus/unk/snap/c1/1740704400.c1.snap.jpg,0.6081699
2025-02-28 01:30:00,/Volumes/Argus/unk/snap/c1/1740706200.c1.snap.jpg,0.6597045
2025-02-28 02:00:00,/Volumes/Argus/unk/snap/c1/1740708000.c1.snap.jpg,0.72158194
2025-02-28 02:30:00,/Volumes/Argus/unk/snap/c1/1740709800.c1.snap.jpg,0.72833025
2025-02-28 03:00:00,/Volumes/Argus/unk/snap/c1/1740711600.c1.snap.jpg,0.7047429
2025-02-28 03:30:00,/Volumes/Argus/unk/snap/c1/1740713400.c1.snap.jpg,0.64120245
2025-02-28 04:00:00,/Volumes/Argus/unk/snap/c1/1740715200.c1.snap.jpg,0.6418356
2025-02-28 04:30:00,/Volumes/Argus/unk/snap/c1/1740717000.c1.snap.jpg,0.62918925
2025-02-28 17:30:00,/Volumes/Argus/unk/snap/c1/1740763800.c1.snap.jpg,0.7152016
2025-02-28 18:00:00,/Volumes/Argus/unk/snap/c1/1740765600.c1.snap.jpg,0.7488445
2025-02-28 18:30:00,/Volumes/Argus/unk/snap/c1/1740767400.c1.snap.jpg,0.67412657
2025-02-28 19:00:00,/Volumes/Argus/unk/snap/c1/1740769200.c1.snap.jpg,0.8074115
2025-02-28 19:30:00,/Volumes/Argus/unk/snap/c1/1740771000.c1.snap.jpg,0.74058914
2025-02-28 20:00:00,/Volumes/Argus/unk/snap/c1/1740772800.c1.snap.jpg,0.69557494
2025-02-28 20:30:00,/Volumes/Argus/unk/snap/c1/1740774600.c1.snap.jpg,0.7308165
2025-02-28 21:00:00,/Volumes/Argus/unk/snap/c1/1740776400.c1.snap.jpg,0.73931485
2025-02-28 21:30:00,/Volumes/Argus/unk/snap/c1/1740778200.c1.snap.jpg,0.7080434
2025-02-28 22:00:00,/Volumes/Argus/unk/snap/c1/1740780000.c1.snap.jpg,0.7172284
2025-02-28 22:30:00,/Volumes/Argus/unk/snap/c1/1740781800.c1.snap.jpg,0.6769445
2025-02-28 23:00:00,/Volumes/Argus/unk/snap/c1/1740783600.c1.snap.jpg,0.666787
2025-02-28 23:30:00,/Volumes/Argus/unk/snap/c1/1740785400.c1.snap.jpg,0.7024795
2025-03-01 00:00:00,/Volumes/Argus/unk/snap/c1/1740787200.c1.snap.jpg,0.71502167
2025-03-01 00:30:00,/Volumes/Argus/unk/snap/c1/1740789000.c1.snap.jpg,0.6897329
2025-03-01 01:00:00,/Volumes/Argus/unk/snap/c1/1740790800.c1.snap.jpg,0.681308
2025-03-01 01:30:00,/Volumes/Argus/unk/snap/c1/1740792600.c1.snap.jpg,0.706092
2025-03-01 02:00:00,/Volumes/Argus/unk/snap/c1/1740794400.c1.snap.jpg,0.7112309
2025-03-01 02:30:00,/Volumes/Argus/unk/snap/c1/1740796200.c1.snap.jpg,0.71756685
2025-03-01 03:00:00,/Volumes/Argus/unk/snap/c1/1740798000.c1.snap.jpg,0.7577335
2025-03-01 03:30:00,/Volumes/Argus/unk/snap/c1/1740799800.c1.snap.jpg,0.7934861
2025-03-01 04:00:00,/Volumes/Argus/unk/snap/c1/1740801600.c1.snap.jpg,0.74574196
2025-03-01 04:30:00,/Volumes/Argus/unk/snap/c1/1740803400.c1.snap.jpg,0.7340265
2025-03-01 17:30:00,/Volumes/Argus/unk/snap/c1/1740850200.c1.snap.jpg,0.73877835
2025-03-01 18:00:00,/Volumes/Argus/unk/snap/c1/1740852000.c1.snap.jpg,0.74995506
2025-03-01 18:30:00,/Volumes/Argus/unk/snap/c1/1740853800.c1.snap.jpg,0.67558193
2025-03-01 19:00:00,/Volumes/Argus/unk/snap/c1/1740855600.c1.snap.jpg,0.68422973
2025-03-01 19:30:00,/Volumes/Argus/unk/snap/c1/1740857400.c1.snap.jpg,0.7012996
2025-03-01 20:00:00,/Volumes/Argus/unk/snap/c1/1740859200.c1.snap.jpg,0.70412993
2025-03-01 20:30:00,/Volumes/Argus/unk/snap/c1/1740861000.c1.snap.jpg,0.6466685
2025-03-01 21:00:00,/Volumes/Argus/unk/snap/c1/1740862800.c1.snap.jpg,0.6727028
2025-03-01 21:30:00,/Volumes/Argus/unk/snap/c1/1740864600.c1.snap.jpg,0.71894586
2025-03-01 22:00:00,/Volumes/Argus/unk/snap/c1/1740866400.c1.snap.jpg,0.76331025
2025-03-01 22:30:00,/Volumes/Argus/unk/snap/c1/1740868200.c1.snap.jpg,0.7382562
2025-03-01 23:00:00,/Volumes/Argus/unk/snap/c1/1740870000.c1.snap.jpg,0.7374445
2025-03-01 23:30:00,/Volumes/Argus/unk/snap/c1/1740871800.c1.snap.jpg,0.7052139
2025-03-02 00:00:00,/Volumes/Argus/unk/snap/c1/1740873600.c1.snap.jpg,0.71817523
2025-03-02 00:30:00,/Volumes/Argus/unk/snap/c1/1740875400.c1.snap.jpg,0.6798533
2025-03-02 01:00:00,/Volumes/Argus/unk/snap/c1/1740877200.c1.snap.jpg,0.6330166
2025-03-02 01:30:00,/Volumes/Argus/unk/snap/c1/1740879000.c1.snap.jpg,0.7255932
2025-03-02 02:00:00,/Volumes/Argus/unk/snap/c1/1740880800.c1.snap.jpg,0.66150475
2025-03-02 02:30:00,/Volumes/Argus/unk/snap/c1/1740882600.c1.snap.jpg,0.7394129
2025-03-02 03:00:00,/Volumes/Argus/unk/snap/c1/1740884400.c1.snap.jpg,0.7966458
2025-03-02 03:30:00,/Volumes/Argus/unk/snap/c1/1740886200.c1.snap.jpg,0.8834176
2025-03-02 04:00:00,/Volumes/Argus/unk/snap/c1/1740888000.c1.snap.jpg,0.9285916
2025-03-03 17:30:00,/Volumes/Argus/unk/snap/c1/1741023000.c1.snap.jpg,0.9105707
2025-03-03 18:00:00,/Volumes/Argus/unk/snap/c1/1741024800.c1.snap.jpg,0.8787151
2025-03-03 18:30:00,/Volumes/Argus/unk/snap/c1/1741026600.c1.snap.jpg,0.9032903
2025-03-03 19:00:00,/Volumes/Argus/unk/snap/c1/1741028400.c1.snap.jpg,0.8756125
2025-03-03 19:30:00,/Volumes/Argus/unk/snap/c1/1741030200.c1.snap.jpg,0.8781608
2025-03-03 20:00:00,/Volumes/Argus/unk/snap/c1/1741032000.c1.snap.jpg,0.90817297
2025-03-03 21:00:00,/Volumes/Argus/unk/snap/c1/1741035600.c1.snap.jpg,0.8122823
2025-03-03 21:30:00,/Volumes/Argus/unk/snap/c1/1741037400.c1.snap.jpg,0.855829
2025-03-03 22:00:00,/Volumes/Argus/unk/snap/c1/1741039200.c1.snap.jpg,0.69450766
2025-03-03 22:30:00,/Volumes/Argus/unk/snap/c1/1741041000.c1.snap.jpg,0.69422907
2025-03-03 23:00:00,/Volumes/Argus/unk/snap/c1/1741042800.c1.snap.jpg,0.6717824
2025-03-03 23:30:00,/Volumes/Argus/unk/snap/c1/1741044600.c1.snap.jpg,0.6404928
2025-03-04 00:00:00,/Volumes/Argus/unk/snap/c1/1741046400.c1.snap.jpg,0.59465575
2025-03-04 00:30:00,/Volumes/Argus/unk/snap/c1/1741048200.c1.snap.jpg,0.57293177
2025-03-04 01:00:00,/Volumes/Argus/unk/snap/c1/1741050000.c1.snap.jpg,0.7978714
2025-03-04 01:30:00,/Volumes/Argus/unk/snap/c1/1741051800.c1.snap.jpg,0.88104594
2025-03-04 02:00:00,/Volumes/Argus/unk/snap/c1/1741053600.c1.snap.jpg,1.0761375
2025-03-04 02:30:00,/Volumes/Argus/unk/snap/c1/1741055400.c1.snap.jpg,1.0782896
2025-03-04 03:00:00,/Volumes/Argus/unk/snap/c1/1741057200.c1.snap.jpg,0.975006
2025-03-04 03:30:00,/Volumes/Argus/unk/snap/c1/1741059000.c1.snap.jpg,0.99956226
2025-03-04 04:00:00,/Volumes/Argus/unk/snap/c1/1741060800.c1.snap.jpg,1.0203846
2025-03-04 04:30:00,/Volumes/Argus/unk/snap/c1/1741062600.c1.snap.jpg,1.0300603
2025-03-04 17:00:00,/Volumes/Argus/unk/snap/c1/1741107600.c1.snap.jpg,0.8419212
2025-03-04 17:30:00,/Volumes/Argus/unk/snap/c1/1741109400.c1.snap.jpg,0.9819621
2025-03-04 18:00:00,/Volumes/Argus/unk/snap/c1/1741111200.c1.snap.jpg,0.9382264
2025-03-04 18:30:00,/Volumes/Argus/unk/snap/c1/1741113000.c1.snap.jpg,0.9422395
2025-03-04 19:00:00,/Volumes/Argus/unk/snap/c1/1741114800.c1.snap.jpg,0.9415425
2025-03-04 19:30:00,/Volumes/Argus/unk/snap/c1/1741116600.c1.snap.jpg,0.8623865
2025-03-04 20:00:00,/Volumes/Argus/unk/snap/c1/1741118400.c1.snap.jpg,0.92083347
2025-03-04 20:30:00,/Volumes/Argus/unk/snap/c1/1741120200.c1.snap.jpg,0.96439093
2025-03-04 21:00:00,/Volumes/Argus/unk/snap/c1/1741122000.c1.snap.jpg,0.7754561
2025-03-04 21:30:00,/Volumes/Argus/unk/snap/c1/1741123800.c1.snap.jpg,0.8053554
2025-03-04 22:00:00,/Volumes/Argus/unk/snap/c1/1741125600.c1.snap.jpg,0.9734066
2025-03-04 22:30:00,/Volumes/Argus/unk/snap/c1/1741127400.c1.snap.jpg,0.9429262
2025-03-04 23:00:00,/Volumes/Argus/unk/snap/c1/1741129200.c1.snap.jpg,0.8709251
2025-03-04 23:30:00,/Volumes/Argus/unk/snap/c1/1741131000.c1.snap.jpg,0.9919448
2025-03-05 00:00:00,/Volumes/Argus/unk/snap/c1/1741132800.c1.snap.jpg,0.9475566
2025-03-05 00:30:00,/Volumes/Argus/unk/snap/c1/1741134600.c1.snap.jpg,1.0381842
2025-03-05 01:00:00,/Volumes/Argus/unk/snap/c1/1741136400.c1.snap.jpg,1.0413842
2025-03-05 01:30:00,/Volumes/Argus/unk/snap/c1/1741138200.c1.snap.jpg,1.0241417
2025-03-05 02:00:00,/Volumes/Argus/unk/snap/c1/1741140000.c1.snap.jpg,1.013316
2025-03-05 02:30:00,/Volumes/Argus/unk/snap/c1/1741141800.c1.snap.jpg,0.97417796
2025-03-05 03:00:00,/Volumes/Argus/unk/snap/c1/1741143600.c1.snap.jpg,0.9645937
2025-03-05 04:00:00,/Volumes/Argus/unk/snap/c1/1741147200.c1.snap.jpg,0.9801291
2025-03-05 04:30:00,/Volumes/Argus/unk/snap/c1/1741149000.c1.snap.jpg,1.0434408
2025-03-05 17:00:00,/Volumes/Argus/unk/snap/c1/1741194000.c1.snap.jpg,0.8007522
2025-03-05 17:30:00,/Volumes/Argus/unk/snap/c1/1741195800.c1.snap.jpg,0.85552764
2025-03-05 18:00:00,/Volumes/Argus/unk/snap/c1/1741197600.c1.snap.jpg,0.8465537
2025-03-05 18:30:00,/Volumes/Argus/unk/snap/c1/1741199400.c1.snap.jpg,0.82508135
2025-03-05 19:00:00,/Volumes/Argus/unk/snap/c1/1741201200.c1.snap.jpg,0.7542045
2025-03-05 19:30:00,/Volumes/Argus/unk/snap/c1/1741203000.c1.snap.jpg,0.78744316
2025-03-05 20:00:00,/Volumes/Argus/unk/snap/c1/1741204800.c1.snap.jpg,0.65381557
2025-03-05 20:30:00,/Volumes/Argus/unk/snap/c1/1741206600.c1.snap.jpg,0.82128674
2025-03-05 21:00:00,/Volumes/Argus/unk/snap/c1/1741208400.c1.snap.jpg,0.7122016
2025-03-05 21:30:00,/Volumes/Argus/unk/snap/c1/1741210200.c1.snap.jpg,0.7106718
2025-03-05 22:00:00,/Volumes/Argus/unk/snap/c1/1741212000.c1.snap.jpg,0.8493507
2025-03-05 22:30:00,/Volumes/Argus/unk/snap/c1/1741213800.c1.snap.jpg,0.80762076
2025-03-05 23:00:00,/Volumes/Argus/unk/snap/c1/1741215600.c1.snap.jpg,0.831157
2025-03-05 23:30:00,/Volumes/Argus/unk/snap/c1/1741217400.c1.snap.jpg,0.82860774
2025-03-06 00:00:00,/Volumes/Argus/unk/snap/c1/1741219200.c1.snap.jpg,0.8081931
2025-03-06 00:30:00,/Volumes/Argus/unk/snap/c1/1741221000.c1.snap.jpg,0.80558467
2025-03-06 01:00:00,/Volumes/Argus/unk/snap/c1/1741222800.c1.snap.jpg,0.7707975
2025-03-06 01:30:00,/Volumes/Argus/unk/snap/c1/1741224600.c1.snap.jpg,0.7610129
2025-03-06 02:00:00,/Volumes/Argus/unk/snap/c1/1741226400.c1.snap.jpg,0.6698476
2025-03-06 02:30:00,/Volumes/Argus/unk/snap/c1/1741228200.c1.snap.jpg,0.6215813
2025-03-06 03:00:00,/Volumes/Argus/unk/snap/c1/1741230000.c1.snap.jpg,0.66769254
2025-03-06 03:30:00,/Volumes/Argus/unk/snap/c1/1741231800.c1.snap.jpg,0.6594737
2025-03-06 04:00:00,/Volumes/Argus/unk/snap/c1/1741233600.c1.snap.jpg,0.68215644
2025-03-06 04:30:00,/Volumes/Argus/unk/snap/c1/1741235400.c1.snap.jpg,0.74179
2025-03-06 17:00:00,/Volumes/Argus/unk/snap/c1/1741280400.c1.snap.jpg,0.7583635
2025-03-06 17:30:00,/Volumes/Argus/unk/snap/c1/1741282200.c1.snap.jpg,0.75281006
2025-03-06 18:00:00,/Volumes/Argus/unk/snap/c1/1741284000.c1.snap.jpg,0.7733836
2025-03-06 18:30:00,/Volumes/Argus/unk/snap/c1/1741285800.c1.snap.jpg,0.7791066
2025-03-06 19:00:00,/Volumes/Argus/unk/snap/c1/1741287600.c1.snap.jpg,0.66243684
2025-03-06 19:30:00,/Volumes/Argus/unk/snap/c1/1741289400.c1.snap.jpg,0.692713
2025-03-06 20:00:00,/Volumes/Argus/unk/snap/c1/1741291200.c1.snap.jpg,0.7709067
2025-03-06 20:30:00,/Volumes/Argus/unk/snap/c1/1741293000.c1.snap.jpg,0.7890113
2025-03-06 21:00:00,/Volumes/Argus/unk/snap/c1/1741294800.c1.snap.jpg,0.8444094
2025-03-06 21:30:00,/Volumes/Argus/unk/snap/c1/1741296600.c1.snap.jpg,0.7451409
2025-03-06 22:00:00,/Volumes/Argus/unk/snap/c1/1741298400.c1.snap.jpg,0.76047873
2025-03-06 22:30:00,/Volumes/Argus/unk/snap/c1/1741300200.c1.snap.jpg,0.7790762
2025-03-06 23:00:00,/Volumes/Argus/unk/snap/c1/1741302000.c1.snap.jpg,0.6637099
2025-03-06 23:30:00,/Volumes/Argus/unk/snap/c1/1741303800.c1.snap.jpg,0.64561963
2025-03-07 00:00:00,/Volumes/Argus/unk/snap/c1/1741305600.c1.snap.jpg,0.6826244
2025-03-07 00:30:00,/Volumes/Argus/unk/snap/c1/1741307400.c1.snap.jpg,0.67625403
2025-03-07 01:00:00,/Volumes/Argus/unk/snap/c1/1741309200.c1.snap.jpg,0.6789199
2025-03-07 01:30:00,/Volumes/Argus/unk/snap/c1/1741311000.c1.snap.jpg,0.71019626
2025-03-07 02:00:00,/Volumes/Argus/unk/snap/c1/1741312800.c1.snap.jpg,0.7237011
2025-03-07 02:30:00,/Volumes/Argus/unk/snap/c1/1741314600.c1.snap.jpg,0.74648964
2025-03-07 03:00:00,/Volumes/Argus/unk/snap/c1/1741316400.c1.snap.jpg,0.7831336
2025-03-07 03:30:00,/Volumes/Argus/unk/snap/c1/1741318200.c1.snap.jpg,0.77043974
2025-03-07 04:00:00,/Volumes/Argus/unk/snap/c1/1741320000.c1.snap.jpg,0.6541697
2025-03-07 04:30:00,/Volumes/Argus/unk/snap/c1/1741321800.c1.snap.jpg,0.68342924
2025-03-07 05:00:00,/Volumes/Argus/unk/snap/c1/1741323600.c1.snap.jpg,0.75034297
2025-03-07 17:00:00,/Volumes/Argus/unk/snap/c1/1741366800.c1.snap.jpg,0.77525157
2025-03-07 17:30:00,/Volumes/Argus/unk/snap/c1/1741368600.c1.snap.jpg,0.87569845
2025-03-07 18:00:00,/Volumes/Argus/unk/snap/c1/1741370400.c1.snap.jpg,0.8763101
2025-03-07 19:00:00,/Volumes/Argus/unk/snap/c1/1741374000.c1.snap.jpg,0.852125
2025-03-07 19:30:00,/Volumes/Argus/unk/snap/c1/1741375800.c1.snap.jpg,0.842636
2025-03-07 20:00:00,/Volumes/Argus/unk/snap/c1/1741377600.c1.snap.jpg,0.82452846
2025-03-07 20:30:00,/Volumes/Argus/unk/snap/c1/1741379400.c1.snap.jpg,0.7497493
2025-03-07 21:00:00,/Volumes/Argus/unk/snap/c1/1741381200.c1.snap.jpg,0.70891315
2025-03-07 21:30:00,/Volumes/Argus/unk/snap/c1/1741383000.c1.snap.jpg,0.7521899
2025-03-07 22:00:00,/Volumes/Argus/unk/snap/c1/1741384800.c1.snap.jpg,0.79349065
2025-03-07 22:30:00,/Volumes/Argus/unk/snap/c1/1741386600.c1.snap.jpg,0.7929783
2025-03-07 23:00:00,/Volumes/Argus/unk/snap/c1/1741388400.c1.snap.jpg,0.77488494
2025-03-07 23:30:00,/Volumes/Argus/unk/snap/c1/1741390200.c1.snap.jpg,0.8041221
2025-03-08 00:00:00,/Volumes/Argus/unk/snap/c1/1741392000.c1.snap.jpg,0.79173386
2025-03-08 00:30:00,/Volumes/Argus/unk/snap/c1/1741393800.c1.snap.jpg,0.7678221
2025-03-08 01:00:00,/Volumes/Argus/unk/snap/c1/1741395600.c1.snap.jpg,0.6592516
2025-03-08 01:30:00,/Volumes/Argus/unk/snap/c1/1741397400.c1.snap.jpg,0.58901566
2025-03-08 02:00:00,/Volumes/Argus/unk/snap/c1/1741399200.c1.snap.jpg,0.630864
2025-03-08 02:30:00,/Volumes/Argus/unk/snap/c1/1741401000.c1.snap.jpg,0.6492919
2025-03-08 03:00:00,/Volumes/Argus/unk/snap/c1/1741402800.c1.snap.jpg,0.76871467
2025-03-08 03:30:00,/Volumes/Argus/unk/snap/c1/1741404600.c1.snap.jpg,0.77319986
2025-03-08 04:00:00,/Volumes/Argus/unk/snap/c1/1741406400.c1.snap.jpg,0.64340186
2025-03-08 04:30:00,/Volumes/Argus/unk/snap/c1/1741408200.c1.snap.jpg,0.82302284
2025-03-08 05:00:00,/Volumes/Argus/unk/snap/c1/1741410000.c1.snap.jpg,0.77762467
2025-03-08 17:00:00,/Volumes/Argus/unk/snap/c1/1741453200.c1.snap.jpg,0.6200973
2025-03-08 17:30:00,/Volumes/Argus/unk/snap/c1/1741455000.c1.snap.jpg,0.68298376
2025-03-08 18:00:00,/Volumes/Argus/unk/snap/c1/1741456800.c1.snap.jpg,0.79890275
2025-03-08 18:30:00,/Volumes/Argus/unk/snap/c1/1741458600.c1.snap.jpg,0.5551964
2025-03-08 19:00:00,/Volumes/Argus/unk/snap/c1/1741460400.c1.snap.jpg,0.6168665
2025-03-08 19:30:00,/Volumes/Argus/unk/snap/c1/1741462200.c1.snap.jpg,0.80157274
2025-03-08 20:00:00,/Volumes/Argus/unk/snap/c1/1741464000.c1.snap.jpg,0.75723493
2025-03-08 20:30:00,/Volumes/Argus/unk/snap/c1/1741465800.c1.snap.jpg,0.7947595
2025-03-08 21:00:00,/Volumes/Argus/unk/snap/c1/1741467600.c1.snap.jpg,0.75587785
2025-03-08 21:30:00,/Volumes/Argus/unk/snap/c1/1741469400.c1.snap.jpg,0.7797419
2025-03-08 22:00:00,/Volumes/Argus/unk/snap/c1/1741471200.c1.snap.jpg,0.72249913
2025-03-08 22:30:00,/Volumes/Argus/unk/snap/c1/1741473000.c1.snap.jpg,0.7931181
2025-03-08 23:00:00,/Volumes/Argus/unk/snap/c1/1741474800.c1.snap.jpg,0.82324255
2025-03-08 23:30:00,/Volumes/Argus/unk/snap/c1/1741476600.c1.snap.jpg,0.8318318
2025-03-09 00:00:00,/Volumes/Argus/unk/snap/c1/1741478400.c1.snap.jpg,0.8267463
2025-03-09 00:30:00,/Volumes/Argus/unk/snap/c1/1741480200.c1.snap.jpg,0.8205405
2025-03-09 01:00:00,/Volumes/Argus/unk/snap/c1/1741482000.c1.snap.jpg,0.815235
2025-03-09 01:30:00,/Volumes/Argus/unk/snap/c1/1741483800.c1.snap.jpg,0.7955111
2025-03-09 02:00:00,/Volumes/Argus/unk/snap/c1/1741485600.c1.snap.jpg,0.8025607
2025-03-09 02:30:00,/Volumes/Argus/unk/snap/c1/1741487400.c1.snap.jpg,0.7571571
2025-03-09 03:00:00,/Volumes/Argus/unk/snap/c1/1741489200.c1.snap.jpg,0.8497031
2025-03-09 03:30:00,/Volumes/Argus/unk/snap/c1/1741491000.c1.snap.jpg,0.8468015
2025-03-09 04:00:00,/Volumes/Argus/unk/snap/c1/1741492800.c1.snap.jpg,0.8011858
2025-03-09 04:30:00,/Volumes/Argus/unk/snap/c1/1741494600.c1.snap.jpg,0.77885413
2025-03-09 05:00:00,/Volumes/Argus/unk/snap/c1/1741496400.c1.snap.jpg,0.66917133
2025-03-09 17:00:00,/Volumes/Argus/unk/snap/c1/1741539600.c1.snap.jpg,0.7747012
2025-03-09 17:30:00,/Volumes/Argus/unk/snap/c1/1741541400.c1.snap.jpg,0.77496755
2025-03-09 18:00:00,/Volumes/Argus/unk/snap/c1/1741543200.c1.snap.jpg,0.7827791
2025-03-09 18:30:00,/Volumes/Argus/unk/snap/c1/1741545000.c1.snap.jpg,0.8435557
2025-03-09 19:30:00,/Volumes/Argus/unk/snap/c1/1741548600.c1.snap.jpg,0.722522
2025-03-09 20:00:00,/Volumes/Argus/unk/snap/c1/1741550400.c1.snap.jpg,0.7882158
2025-03-09 20:30:00,/Volumes/Argus/unk/snap/c1/1741552200.c1.snap.jpg,0.7006284
2025-03-09 21:00:00,/Volumes/Argus/unk/snap/c1/1741554000.c1.snap.jpg,0.7813966
2025-03-09 21:30:00,/Volumes/Argus/unk/snap/c1/1741555800.c1.snap.jpg,0.67953974
2025-03-09 22:00:00,/Volumes/Argus/unk/snap/c1/1741557600.c1.snap.jpg,0.6936132
2025-03-09 22:30:00,/Volumes/Argus/unk/snap/c1/1741559400.c1.snap.jpg,0.8335806
2025-03-09 23:00:00,/Volumes/Argus/unk/snap/c1/1741561200.c1.snap.jpg,0.843354
2025-03-09 23:30:00,/Volumes/Argus/unk/snap/c1/1741563000.c1.snap.jpg,0.7890445
2025-03-10 00:00:00,/Volumes/Argus/unk/snap/c1/1741564800.c1.snap.jpg,0.8056846
2025-03-10 00:30:00,/Volumes/Argus/unk/snap/c1/1741566600.c1.snap.jpg,0.830273
2025-03-10 01:00:00,/Volumes/Argus/unk/snap/c1/1741568400.c1.snap.jpg,0.90001684
2025-03-10 01:30:00,/Volumes/Argus/unk/snap/c1/1741570200.c1.snap.jpg,0.7699934
2025-03-10 02:00:00,/Volumes/Argus/unk/snap/c1/1741572000.c1.snap.jpg,0.7803445
2025-03-10 02:30:00,/Volumes/Argus/unk/snap/c1/1741573800.c1.snap.jpg,0.89324826
2025-03-10 03:00:00,/Volumes/Argus/unk/snap/c1/1741575600.c1.snap.jpg,1.0465227
2025-03-10 04:00:00,/Volumes/Argus/unk/snap/c1/1741579200.c1.snap.jpg,0.7773198
2025-03-10 04:30:00,/Volumes/Argus/unk/snap/c1/1741581000.c1.snap.jpg,0.8170856
2025-03-10 05:00:00,/Volumes/Argus/unk/snap/c1/1741582800.c1.snap.jpg,0.8588159
2025-03-10 17:00:00,/Volumes/Argus/unk/snap/c1/1741626000.c1.snap.jpg,0.7795867
2025-03-10 17:30:00,/Volumes/Argus/unk/snap/c1/1741627800.c1.snap.jpg,0.8260499
2025-03-10 18:00:00,/Volumes/Argus/unk/snap/c1/1741629600.c1.snap.jpg,0.673759
2025-03-10 18:30:00,/Volumes/Argus/unk/snap/c1/1741631400.c1.snap.jpg,0.6025456
2025-03-10 19:00:00,/Volumes/Argus/unk/snap/c1/1741633200.c1.snap.jpg,0.52413815
2025-03-10 19:30:00,/Volumes/Argus/unk/snap/c1/1741635000.c1.snap.jpg,0.6106052
2025-03-10 20:00:00,/Volumes/Argus/unk/snap/c1/1741636800.c1.snap.jpg,0.6317438
2025-03-10 20:30:00,/Volumes/Argus/unk/snap/c1/1741638600.c1.snap.jpg,0.69357693
2025-03-10 21:00:00,/Volumes/Argus/unk/snap/c1/1741640400.c1.snap.jpg,0.7373371
2025-03-10 21:30:00,/Volumes/Argus/unk/snap/c1/1741642200.c1.snap.jpg,0.7507131
2025-03-10 22:00:00,/Volumes/Argus/unk/snap/c1/1741644000.c1.snap.jpg,0.8049768
2025-03-10 22:30:00,/Volumes/Argus/unk/snap/c1/1741645800.c1.snap.jpg,0.801618
2025-03-10 23:00:00,/Volumes/Argus/unk/snap/c1/1741647600.c1.snap.jpg,0.73563457
2025-03-10 23:30:00,/Volumes/Argus/unk/snap/c1/1741649400.c1.snap.jpg,0.7890677
2025-03-11 00:00:00,/Volumes/Argus/unk/snap/c1/1741651200.c1.snap.jpg,0.78620315
2025-03-11 00:30:00,/Volumes/Argus/unk/snap/c1/1741653000.c1.snap.jpg,0.7059923
2025-03-11 01:00:00,/Volumes/Argus/unk/snap/c1/1741654800.c1.snap.jpg,0.75285834
2025-03-11 01:30:00,/Volumes/Argus/unk/snap/c1/1741656600.c1.snap.jpg,0.7215444
2025-03-11 02:00:00,/Volumes/Argus/unk/snap/c1/1741658400.c1.snap.jpg,0.71873415
2025-03-11 02:30:00,/Volumes/Argus/unk/snap/c1/1741660200.c1.snap.jpg,0.7506495
2025-03-11 03:00:00,/Volumes/Argus/unk/snap/c1/1741662000.c1.snap.jpg,0.85695636
2025-03-11 03:30:00,/Volumes/Argus/unk/snap/c1/1741663800.c1.snap.jpg,1.0895212
2025-03-11 04:00:00,/Volumes/Argus/unk/snap/c1/1741665600.c1.snap.jpg,0.87878925
2025-03-11 04:30:00,/Volumes/Argus/unk/snap/c1/1741667400.c1.snap.jpg,0.701854
2025-03-11 05:00:00,/Volumes/Argus/unk/snap/c1/1741669200.c1.snap.jpg,0.666856
2025-03-11 17:00:00,/Volumes/Argus/unk/snap/c1/1741712400.c1.snap.jpg,0.6380583
2025-03-11 17:30:00,/Volumes/Argus/unk/snap/c1/1741714200.c1.snap.jpg,0.6695519
2025-03-11 18:00:00,/Volumes/Argus/unk/snap/c1/1741716000.c1.snap.jpg,0.659445
2025-03-11 18:30:00,/Volumes/Argus/unk/snap/c1/1741717800.c1.snap.jpg,0.53133893
2025-03-11 19:00:00,/Volumes/Argus/unk/snap/c1/1741719600.c1.snap.jpg,0.57045394
2025-03-11 19:30:00,/Volumes/Argus/unk/snap/c1/1741721400.c1.snap.jpg,0.6537129
2025-03-11 20:00:00,/Volumes/Argus/unk/snap/c1/1741723200.c1.snap.jpg,0.66848373
2025-03-11 20:30:00,/Volumes/Argus/unk/snap/c1/1741725000.c1.snap.jpg,0.6850858
2025-03-11 21:00:00,/Volumes/Argus/unk/snap/c1/1741726800.c1.snap.jpg,0.70474225
2025-03-11 21:30:00,/Volumes/Argus/unk/snap/c1/1741728600.c1.snap.jpg,0.76319677
2025-03-11 22:00:00,/Volumes/Argus/unk/snap/c1/1741730400.c1.snap.jpg,0.7876513
2025-03-11 22:30:00,/Volumes/Argus/unk/snap/c1/1741732200.c1.snap.jpg,0.7997166
2025-03-11 23:00:00,/Volumes/Argus/unk/snap/c1/1741734000.c1.snap.jpg,0.7808336
2025-03-11 23:30:00,/Volumes/Argus/unk/snap/c1/1741735800.c1.snap.jpg,0.68124557
2025-03-12 00:30:00,/Volumes/Argus/unk/snap/c1/1741739400.c1.snap.jpg,0.6282604
2025-03-12 01:00:00,/Volumes/Argus/unk/snap/c1/1741741200.c1.snap.jpg,0.6140521
2025-03-12 01:30:00,/Volumes/Argus/unk/snap/c1/1741743000.c1.snap.jpg,0.6112801
2025-03-12 02:00:00,/Volumes/Argus/unk/snap/c1/1741744800.c1.snap.jpg,0.82370436
2025-03-12 02:30:00,/Volumes/Argus/unk/snap/c1/1741746600.c1.snap.jpg,0.7907746
2025-03-12 03:00:00,/Volumes/Argus/unk/snap/c1/1741748400.c1.snap.jpg,0.9548639
2025-03-12 03:30:00,/Volumes/Argus/unk/snap/c1/1741750200.c1.snap.jpg,1.1151806
2025-03-12 04:00:00,/Volumes/Argus/unk/snap/c1/1741752000.c1.snap.jpg,0.6949945
2025-03-12 04:30:00,/Volumes/Argus/unk/snap/c1/1741753800.c1.snap.jpg,0.71541816
2025-03-12 05:00:00,/Volumes/Argus/unk/snap/c1/1741755600.c1.snap.jpg,0.73496604
2025-03-12 17:00:00,/Volumes/Argus/unk/snap/c1/1741798800.c1.snap.jpg,0.6838959
2025-03-12 17:30:00,/Volumes/Argus/unk/snap/c1/1741800600.c1.snap.jpg,0.7001518
2025-03-12 18:00:00,/Volumes/Argus/unk/snap/c1/1741802400.c1.snap.jpg,0.4935814
2025-03-12 18:30:00,/Volumes/Argus/unk/snap/c1/1741804200.c1.snap.jpg,0.5627322
2025-03-12 19:00:00,/Volumes/Argus/unk/snap/c1/1741806000.c1.snap.jpg,0.53811675
2025-03-12 19:30:00,/Volumes/Argus/unk/snap/c1/1741807800.c1.snap.jpg,0.5640769
2025-03-12 20:00:00,/Volumes/Argus/unk/snap/c1/1741809600.c1.snap.jpg,0.61042124
2025-03-12 20:30:00,/Volumes/Argus/unk/snap/c1/1741811400.c1.snap.jpg,0.6245502
2025-03-12 21:00:00,/Volumes/Argus/unk/snap/c1/1741813200.c1.snap.jpg,0.6681752
2025-03-12 21:30:00,/Volumes/Argus/unk/snap/c1/1741815000.c1.snap.jpg,0.76408243
2025-03-12 22:00:00,/Volumes/Argus/unk/snap/c1/1741816800.c1.snap.jpg,0.77130234
2025-03-12 22:30:00,/Volumes/Argus/unk/snap/c1/1741818600.c1.snap.jpg,0.7605236
2025-03-12 23:00:00,/Volumes/Argus/unk/snap/c1/1741820400.c1.snap.jpg,0.7646376
2025-03-12 23:30:00,/Volumes/Argus/unk/snap/c1/1741822200.c1.snap.jpg,0.7774465
2025-03-13 00:00:00,/Volumes/Argus/unk/snap/c1/1741824000.c1.snap.jpg,0.76229835
2025-03-13 00:30:00,/Volumes/Argus/unk/snap/c1/1741825800.c1.snap.jpg,0.589746
2025-03-13 01:00:00,/Volumes/Argus/unk/snap/c1/1741827600.c1.snap.jpg,0.633908
2025-03-13 01:30:00,/Volumes/Argus/unk/snap/c1/1741829400.c1.snap.jpg,0.6089288
2025-03-13 02:00:00,/Volumes/Argus/unk/snap/c1/1741831200.c1.snap.jpg,0.6606473
2025-03-13 02:30:00,/Volumes/Argus/unk/snap/c1/1741833000.c1.snap.jpg,0.67512083
2025-03-13 03:00:00,/Volumes/Argus/unk/snap/c1/1741834800.c1.snap.jpg,1.1273
2025-03-13 03:30:00,/Volumes/Argus/unk/snap/c1/1741836600.c1.snap.jpg,0.7336842
2025-03-13 04:00:00,/Volumes/Argus/unk/snap/c1/1741838400.c1.snap.jpg,0.5751124
2025-03-13 04:30:00,/Volumes/Argus/unk/snap/c1/1741840200.c1.snap.jpg,0.7251934
2025-03-13 05:00:00,/Volumes/Argus/unk/snap/c1/1741842000.c1.snap.jpg,0.6984836
2025-03-14 02:30:00,/Volumes/Argus/unk/snap/c1/1741919400.c1.snap.jpg,0.7004306
2025-03-14 03:00:00,/Volumes/Argus/unk/snap/c1/1741921200.c1.snap.jpg,0.683421
2025-03-14 03:30:00,/Volumes/Argus/unk/snap/c1/1741923000.c1.snap.jpg,0.70332026
2025-03-14 04:00:00,/Volumes/Argus/unk/snap/c1/1741924800.c1.snap.jpg,0.6147501
2025-03-14 04:30:00,/Volumes/Argus/unk/snap/c1/1741926600.c1.snap.jpg,0.6735598
2025-03-14 05:00:00,/Volumes/Argus/unk/snap/c1/1741928400.c1.snap.jpg,0.6986871
2025-03-14 16:30:00,/Volumes/Argus/unk/snap/c1/1741969800.c1.snap.jpg,0.8497796
2025-03-14 17:00:00,/Volumes/Argus/unk/snap/c1/1741971600.c1.snap.jpg,0.8746991
2025-03-14 17:30:00,/Volumes/Argus/unk/snap/c1/1741973400.c1.snap.jpg,0.62015766
2025-03-14 18:00:00,/Volumes/Argus/unk/snap/c1/1741975200.c1.snap.jpg,0.6361494
2025-03-14 18:30:00,/Volumes/Argus/unk/snap/c1/1741977000.c1.snap.jpg,0.7393247
2025-03-14 19:00:00,/Volumes/Argus/unk/snap/c1/1741978800.c1.snap.jpg,0.7509364
2025-03-14 19:30:00,/Volumes/Argus/unk/snap/c1/1741980600.c1.snap.jpg,0.7576532
2025-03-14 20:00:00,/Volumes/Argus/unk/snap/c1/1741982400.c1.snap.jpg,0.75538266
2025-03-14 20:30:00,/Volumes/Argus/unk/snap/c1/1741984200.c1.snap.jpg,0.72975117
2025-03-14 21:00:00,/Volumes/Argus/unk/snap/c1/1741986000.c1.snap.jpg,0.71719736
2025-03-14 21:30:00,/Volumes/Argus/unk/snap/c1/1741987800.c1.snap.jpg,0.62998164
2025-03-14 22:00:00,/Volumes/Argus/unk/snap/c1/1741989600.c1.snap.jpg,0.7248263
2025-03-14 22:30:00,/Volumes/Argus/unk/snap/c1/1741991400.c1.snap.jpg,0.7663839
2025-03-14 23:00:00,/Volumes/Argus/unk/snap/c1/1741993200.c1.snap.jpg,0.73272663
2025-03-14 23:30:00,/Volumes/Argus/unk/snap/c1/1741995000.c1.snap.jpg,0.656528
2025-03-15 00:00:00,/Volumes/Argus/unk/snap/c1/1741996800.c1.snap.jpg,0.71260095
2025-03-15 00:30:00,/Volumes/Argus/unk/snap/c1/1741998600.c1.snap.jpg,0.72596794
2025-03-15 01:00:00,/Volumes/Argus/unk/snap/c1/1742000400.c1.snap.jpg,0.7628368
2025-03-15 01:30:00,/Volumes/Argus/unk/snap/c1/1742002200.c1.snap.jpg,0.7651564
2025-03-15 02:00:00,/Volumes/Argus/unk/snap/c1/1742004000.c1.snap.jpg,0.73460853
2025-03-15 02:30:00,/Volumes/Argus/unk/snap/c1/1742005800.c1.snap.jpg,0.7386578
2025-03-15 03:00:00,/Volumes/Argus/unk/snap/c1/1742007600.c1.snap.jpg,0.65538293
2025-03-15 03:30:00,/Volumes/Argus/unk/snap/c1/1742009400.c1.snap.jpg,0.6314082
2025-03-15 04:00:00,/Volumes/Argus/unk/snap/c1/1742011200.c1.snap.jpg,0.73038423
2025-03-15 04:30:00,/Volumes/Argus/unk/snap/c1/1742013000.c1.snap.jpg,0.7720425
2025-03-15 05:00:00,/Volumes/Argus/unk/snap/c1/1742014800.c1.snap.jpg,0.74971116
2025-03-15 16:30:00,/Volumes/Argus/unk/snap/c1/1742056200.c1.snap.jpg,0.59979
2025-03-15 17:00:00,/Volumes/Argus/unk/snap/c1/1742058000.c1.snap.jpg,0.507115
2025-03-15 17:30:00,/Volumes/Argus/unk/snap/c1/1742059800.c1.snap.jpg,0.47740546
2025-03-15 18:00:00,/Volumes/Argus/unk/snap/c1/1742061600.c1.snap.jpg,0.45798418
2025-03-15 18:30:00,/Volumes/Argus/unk/snap/c1/1742063400.c1.snap.jpg,0.40394843
2025-03-15 19:00:00,/Volumes/Argus/unk/snap/c1/1742065200.c1.snap.jpg,0.4859671
2025-03-15 19:30:00,/Volumes/Argus/unk/snap/c1/1742067000.c1.snap.jpg,0.5090202
2025-03-15 20:00:00,/Volumes/Argus/unk/snap/c1/1742068800.c1.snap.jpg,0.46165255
2025-03-15 20:30:00,/Volumes/Argus/unk/snap/c1/1742070600.c1.snap.jpg,0.5216086
2025-03-15 21:00:00,/Volumes/Argus/unk/snap/c1/1742072400.c1.snap.jpg,0.5703466
2025-03-15 21:30:00,/Volumes/Argus/unk/snap/c1/1742074200.c1.snap.jpg,0.58430713
2025-03-15 22:00:00,/Volumes/Argus/unk/snap/c1/1742076000.c1.snap.jpg,0.6207812
2025-03-15 22:30:00,/Volumes/Argus/unk/snap/c1/1742077800.c1.snap.jpg,0.78932273
2025-03-15 23:00:00,/Volumes/Argus/unk/snap/c1/1742079600.c1.snap.jpg,0.4856462
2025-03-16 00:00:00,/Volumes/Argus/unk/snap/c1/1742083200.c1.snap.jpg,0.63287985
2025-03-16 00:30:00,/Volumes/Argus/unk/snap/c1/1742085000.c1.snap.jpg,0.5605477
2025-03-16 01:00:00,/Volumes/Argus/unk/snap/c1/1742086800.c1.snap.jpg,0.68178964
2025-03-16 01:30:00,/Volumes/Argus/unk/snap/c1/1742088600.c1.snap.jpg,0.5618403
2025-03-16 02:00:00,/Volumes/Argus/unk/snap/c1/1742090400.c1.snap.jpg,0.5901272
2025-03-16 02:30:00,/Volumes/Argus/unk/snap/c1/1742092200.c1.snap.jpg,0.6469388
2025-03-16 03:00:00,/Volumes/Argus/unk/snap/c1/1742094000.c1.snap.jpg,0.5417953
2025-03-16 03:30:00,/Volumes/Argus/unk/snap/c1/1742095800.c1.snap.jpg,0.79258776
2025-03-16 04:00:00,/Volumes/Argus/unk/snap/c1/1742097600.c1.snap.jpg,0.58850193
2025-03-16 04:30:00,/Volumes/Argus/unk/snap/c1/1742099400.c1.snap.jpg,0.74892
2025-03-16 05:00:00,/Volumes/Argus/unk/snap/c1/1742101200.c1.snap.jpg,0.61769056
2025-03-16 16:30:00,/Volumes/Argus/unk/snap/c1/1742142600.c1.snap.jpg,0.6068993
2025-03-16 17:00:00,/Volumes/Argus/unk/snap/c1/1742144400.c1.snap.jpg,0.7106047
2025-03-16 17:30:00,/Volumes/Argus/unk/snap/c1/1742146200.c1.snap.jpg,0.58374393
2025-03-16 18:00:00,/Volumes/Argus/unk/snap/c1/1742148000.c1.snap.jpg,0.5556953
2025-03-16 18:30:00,/Volumes/Argus/unk/snap/c1/1742149800.c1.snap.jpg,0.5129045
2025-03-16 19:00:00,/Volumes/Argus/unk/snap/c1/1742151600.c1.snap.jpg,0.6195811
2025-03-16 19:30:00,/Volumes/Argus/unk/snap/c1/1742153400.c1.snap.jpg,0.80775225
2025-03-16 20:00:00,/Volumes/Argus/unk/snap/c1/1742155200.c1.snap.jpg,0.6000075
2025-03-16 20:30:00,/Volumes/Argus/unk/snap/c1/1742157000.c1.snap.jpg,0.7156452
2025-03-16 21:00:00,/Volumes/Argus/unk/snap/c1/1742158800.c1.snap.jpg,0.67042595
2025-03-16 21:30:00,/Volumes/Argus/unk/snap/c1/1742160600.c1.snap.jpg,0.70156866
2025-03-16 22:00:00,/Volumes/Argus/unk/snap/c1/1742162400.c1.snap.jpg,0.91736573
2025-03-16 22:30:00,/Volumes/Argus/unk/snap/c1/1742164200.c1.snap.jpg,0.6526765
2025-03-16 23:00:00,/Volumes/Argus/unk/snap/c1/1742166000.c1.snap.jpg,0.9214821
2025-03-16 23:30:00,/Volumes/Argus/unk/snap/c1/1742167800.c1.snap.jpg,0.5676063
2025-03-17 00:00:00,/Volumes/Argus/unk/snap/c1/1742169600.c1.snap.jpg,0.5086206
2025-03-17 00:30:00,/Volumes/Argus/unk/snap/c1/1742171400.c1.snap.jpg,0.56643796
2025-03-17 01:00:00,/Volumes/Argus/unk/snap/c1/1742173200.c1.snap.jpg,0.6455052
2025-03-17 01:30:00,/Volumes/Argus/unk/snap/c1/1742175000.c1.snap.jpg,0.69013846
2025-03-17 02:00:00,/Volumes/Argus/unk/snap/c1/1742176800.c1.snap.jpg,0.6379477
2025-03-17 02:30:00,/Volumes/Argus/unk/snap/c1/1742178600.c1.snap.jpg,0.8656332
2025-03-17 03:00:00,/Volumes/Argus/unk/snap/c1/1742180400.c1.snap.jpg,0.9152388
2025-03-17 03:30:00,/Volumes/Argus/unk/snap/c1/1742182200.c1.snap.jpg,1.1715913
2025-03-17 04:00:00,/Volumes/Argus/unk/snap/c1/1742184000.c1.snap.jpg,1.3548833
2025-03-17 04:30:00,/Volumes/Argus/unk/snap/c1/1742185800.c1.snap.jpg,0.97563475
2025-03-17 05:00:00,/Volumes/Argus/unk/snap/c1/1742187600.c1.snap.jpg,1.017706
2025-03-17 05:30:00,/Volumes/Argus/unk/snap/c1/1742189400.c1.snap.jpg,1.7049714
2025-03-17 16:30:00,/Volumes/Argus/unk/snap/c1/1742229000.c1.snap.jpg,0.6182407
2025-03-17 17:00:00,/Volumes/Argus/unk/snap/c1/1742230800.c1.snap.jpg,0.65857553
2025-03-17 17:30:00,/Volumes/Argus/unk/snap/c1/1742232600.c1.snap.jpg,0.47673202
2025-03-17 18:00:00,/Volumes/Argus/unk/snap/c1/1742234400.c1.snap.jpg,0.64498115
2025-03-17 18:30:00,/Volumes/Argus/unk/snap/c1/1742236200.c1.snap.jpg,0.55584335
2025-03-17 19:00:00,/Volumes/Argus/unk/snap/c1/1742238000.c1.snap.jpg,0.5386102
2025-03-17 19:30:00,/Volumes/Argus/unk/snap/c1/1742239800.c1.snap.jpg,0.5689393
2025-03-17 20:00:00,/Volumes/Argus/unk/snap/c1/1742241600.c1.snap.jpg,0.57883394
2025-03-17 20:30:00,/Volumes/Argus/unk/snap/c1/1742243400.c1.snap.jpg,0.58466035
2025-03-17 21:00:00,/Volumes/Argus/unk/snap/c1/1742245200.c1.snap.jpg,0.64022756
2025-03-17 21:30:00,/Volumes/Argus/unk/snap/c1/1742247000.c1.snap.jpg,0.6317829
2025-03-17 22:00:00,/Volumes/Argus/unk/snap/c1/1742248800.c1.snap.jpg,0.6138137
2025-03-17 22:30:00,/Volumes/Argus/unk/snap/c1/1742250600.c1.snap.jpg,0.58095545
2025-03-17 23:00:00,/Volumes/Argus/unk/snap/c1/1742252400.c1.snap.jpg,0.55406255
2025-03-17 23:30:00,/Volumes/Argus/unk/snap/c1/1742254200.c1.snap.jpg,0.55203867
2025-03-18 00:00:00,/Volumes/Argus/unk/snap/c1/1742256000.c1.snap.jpg,0.57987267
2025-03-18 00:30:00,/Volumes/Argus/unk/snap/c1/1742257800.c1.snap.jpg,0.63002855
2025-03-18 01:00:00,/Volumes/Argus/unk/snap/c1/1742259600.c1.snap.jpg,0.6548323
2025-03-18 01:30:00,/Volumes/Argus/unk/snap/c1/1742261400.c1.snap.jpg,0.69419473
2025-03-18 02:00:00,/Volumes/Argus/unk/snap/c1/1742263200.c1.snap.jpg,0.7804239
2025-03-18 02:30:00,/Volumes/Argus/unk/snap/c1/1742265000.c1.snap.jpg,0.9282429
2025-03-18 03:00:00,/Volumes/Argus/unk/snap/c1/1742266800.c1.snap.jpg,1.1442891
2025-03-18 03:30:00,/Volumes/Argus/unk/snap/c1/1742268600.c1.snap.jpg,1.2600591
2025-03-18 04:00:00,/Volumes/Argus/unk/snap/c1/1742270400.c1.snap.jpg,1.5897638
2025-03-18 04:30:00,/Volumes/Argus/unk/snap/c1/1742272200.c1.snap.jpg,1.344895
2025-03-18 05:00:00,/Volumes/Argus/unk/snap/c1/1742274000.c1.snap.jpg,0.9040197
2025-03-18 05:30:00,/Volumes/Argus/unk/snap/c1/1742275800.c1.snap.jpg,1.0790071
2025-03-18 16:30:00,/Volumes/Argus/unk/snap/c1/1742315400.c1.snap.jpg,0.6923683
2025-03-18 17:00:00,/Volumes/Argus/unk/snap/c1/1742317200.c1.snap.jpg,1.0231383
2025-03-18 17:30:00,/Volumes/Argus/unk/snap/c1/1742319000.c1.snap.jpg,0.50443596
2025-03-18 18:00:00,/Volumes/Argus/unk/snap/c1/1742320800.c1.snap.jpg,0.5873573
2025-03-18 18:30:00,/Volumes/Argus/unk/snap/c1/1742322600.c1.snap.jpg,0.49320847
2025-03-18 19:00:00,/Volumes/Argus/unk/snap/c1/1742324400.c1.snap.jpg,0.5221992
2025-03-18 19:30:00,/Volumes/Argus/unk/snap/c1/1742326200.c1.snap.jpg,0.55089015
2025-03-18 20:00:00,/Volumes/Argus/unk/snap/c1/1742328000.c1.snap.jpg,0.5771782
2025-03-18 20:30:00,/Volumes/Argus/unk/snap/c1/1742329800.c1.snap.jpg,0.6162483
2025-03-18 21:00:00,/Volumes/Argus/unk/snap/c1/1742331600.c1.snap.jpg,0.67248154
2025-03-18 21:30:00,/Volumes/Argus/unk/snap/c1/1742333400.c1.snap.jpg,0.70010686
2025-03-18 22:00:00,/Volumes/Argus/unk/snap/c1/1742335200.c1.snap.jpg,0.8480553
2025-03-18 22:30:00,/Volumes/Argus/unk/snap/c1/1742337000.c1.snap.jpg,0.80261093
2025-03-18 23:00:00,/Volumes/Argus/unk/snap/c1/1742338800.c1.snap.jpg,0.8377958
2025-03-18 23:30:00,/Volumes/Argus/unk/snap/c1/1742340600.c1.snap.jpg,0.79436785
2025-03-19 00:00:00,/Volumes/Argus/unk/snap/c1/1742342400.c1.snap.jpg,0.74907285
2025-03-19 00:30:00,/Volumes/Argus/unk/snap/c1/1742344200.c1.snap.jpg,0.6708349
2025-03-19 01:00:00,/Volumes/Argus/unk/snap/c1/1742346000.c1.snap.jpg,0.64389724
2025-03-19 01:30:00,/Volumes/Argus/unk/snap/c1/1742347800.c1.snap.jpg,0.6614632
2025-03-19 02:00:00,/Volumes/Argus/unk/snap/c1/1742349600.c1.snap.jpg,0.65400046
2025-03-19 02:30:00,/Volumes/Argus/unk/snap/c1/1742351400.c1.snap.jpg,0.7880001
2025-03-19 03:00:00,/Volumes/Argus/unk/snap/c1/1742353200.c1.snap.jpg,0.89036864
2025-03-19 03:30:00,/Volumes/Argus/unk/snap/c1/1742355000.c1.snap.jpg,1.1893904
2025-03-19 04:00:00,/Volumes/Argus/unk/snap/c1/1742356800.c1.snap.jpg,1.2769005
2025-03-19 04:30:00,/Volumes/Argus/unk/snap/c1/1742358600.c1.snap.jpg,1.2991751
2025-03-19 05:00:00,/Volumes/Argus/unk/snap/c1/1742360400.c1.snap.jpg,0.8870401
2025-03-19 05:30:00,/Volumes/Argus/unk/snap/c1/1742362200.c1.snap.jpg,0.9246371
2025-03-19 16:30:00,/Volumes/Argus/unk/snap/c1/1742401800.c1.snap.jpg,0.680541
2025-03-19 17:00:00,/Volumes/Argus/unk/snap/c1/1742403600.c1.snap.jpg,0.7687593
2025-03-19 17:30:00,/Volumes/Argus/unk/snap/c1/1742405400.c1.snap.jpg,0.38550174
2025-03-19 18:00:00,/Volumes/Argus/unk/snap/c1/1742407200.c1.snap.jpg,0.50680846
2025-03-19 18:30:00,/Volumes/Argus/unk/snap/c1/1742409000.c1.snap.jpg,0.45818496
2025-03-19 19:00:00,/Volumes/Argus/unk/snap/c1/1742410800.c1.snap.jpg,0.5347523
2025-03-19 19:30:00,/Volumes/Argus/unk/snap/c1/1742412600.c1.snap.jpg,0.56723905
2025-03-19 20:00:00,/Volumes/Argus/unk/snap/c1/1742414400.c1.snap.jpg,0.5639577
2025-03-19 20:30:00,/Volumes/Argus/unk/snap/c1/1742416200.c1.snap.jpg,0.6330205
2025-03-19 21:00:00,/Volumes/Argus/unk/snap/c1/1742418000.c1.snap.jpg,0.7141964
2025-03-19 21:30:00,/Volumes/Argus/unk/snap/c1/1742419800.c1.snap.jpg,0.795251
2025-03-19 22:00:00,/Volumes/Argus/unk/snap/c1/1742421600.c1.snap.jpg,0.86016876
2025-03-19 22:30:00,/Volumes/Argus/unk/snap/c1/1742423400.c1.snap.jpg,0.80849123
2025-03-19 23:00:00,/Volumes/Argus/unk/snap/c1/1742425200.c1.snap.jpg,0.7513503
2025-03-19 23:30:00,/Volumes/Argus/unk/snap/c1/1742427000.c1.snap.jpg,0.6778197
2025-03-20 00:00:00,/Volumes/Argus/unk/snap/c1/1742428800.c1.snap.jpg,0.64743483
2025-03-20 00:30:00,/Volumes/Argus/unk/snap/c1/1742430600.c1.snap.jpg,0.63670397
2025-03-20 01:00:00,/Volumes/Argus/unk/snap/c1/1742432400.c1.snap.jpg,0.6639418
2025-03-20 01:30:00,/Volumes/Argus/unk/snap/c1/1742434200.c1.snap.jpg,0.73091924
2025-03-20 02:00:00,/Volumes/Argus/unk/snap/c1/1742436000.c1.snap.jpg,0.73303866
2025-03-20 02:30:00,/Volumes/Argus/unk/snap/c1/1742437800.c1.snap.jpg,0.79180026
2025-03-20 03:00:00,/Volumes/Argus/unk/snap/c1/1742439600.c1.snap.jpg,0.8387519
2025-03-20 03:30:00,/Volumes/Argus/unk/snap/c1/1742441400.c1.snap.jpg,0.9466911
2025-03-20 04:00:00,/Volumes/Argus/unk/snap/c1/1742443200.c1.snap.jpg,1.2503695
2025-03-20 04:30:00,/Volumes/Argus/unk/snap/c1/1742445000.c1.snap.jpg,1.0952029
2025-03-20 05:00:00,/Volumes/Argus/unk/snap/c1/1742446800.c1.snap.jpg,0.81805634
2025-03-20 05:30:00,/Volumes/Argus/unk/snap/c1/1742448600.c1.snap.jpg,0.956096
2025-03-20 16:30:00,/Volumes/Argus/unk/snap/c1/1742488200.c1.snap.jpg,0.9187815
2025-03-20 17:00:00,/Volumes/Argus/unk/snap/c1/1742490000.c1.snap.jpg,0.81909883
2025-03-20 17:30:00,/Volumes/Argus/unk/snap/c1/1742491800.c1.snap.jpg,0.85085195
2025-03-20 18:00:00,/Volumes/Argus/unk/snap/c1/1742493600.c1.snap.jpg,0.836867
2025-03-20 18:30:00,/Volumes/Argus/unk/snap/c1/1742495400.c1.snap.jpg,0.73263466
2025-03-20 19:00:00,/Volumes/Argus/unk/snap/c1/1742497200.c1.snap.jpg,0.88507366
2025-03-20 19:30:00,/Volumes/Argus/unk/snap/c1/1742499000.c1.snap.jpg,0.6454283
2025-03-20 20:00:00,/Volumes/Argus/unk/snap/c1/1742500800.c1.snap.jpg,0.7876202
2025-03-20 20:30:00,/Volumes/Argus/unk/snap/c1/1742502600.c1.snap.jpg,0.7632588
2025-03-20 21:00:00,/Volumes/Argus/unk/snap/c1/1742504400.c1.snap.jpg,0.69004166
2025-03-20 21:30:00,/Volumes/Argus/unk/snap/c1/1742506200.c1.snap.jpg,0.6930707
2025-03-20 22:00:00,/Volumes/Argus/unk/snap/c1/1742508000.c1.snap.jpg,0.6594347
2025-03-20 22:30:00,/Volumes/Argus/unk/snap/c1/1742509800.c1.snap.jpg,0.75311023
2025-03-20 23:00:00,/Volumes/Argus/unk/snap/c1/1742511600.c1.snap.jpg,0.7730889
2025-03-20 23:30:00,/Volumes/Argus/unk/snap/c1/1742513400.c1.snap.jpg,0.76427364
2025-03-21 00:00:00,/Volumes/Argus/unk/snap/c1/1742515200.c1.snap.jpg,0.6446642
2025-03-21 00:30:00,/Volumes/Argus/unk/snap/c1/1742517000.c1.snap.jpg,0.80620563
2025-03-21 01:00:00,/Volumes/Argus/unk/snap/c1/1742518800.c1.snap.jpg,0.7043343
2025-03-21 01:30:00,/Volumes/Argus/unk/snap/c1/1742520600.c1.snap.jpg,0.64351034
2025-03-21 02:00:00,/Volumes/Argus/unk/snap/c1/1742522400.c1.snap.jpg,0.70542866
2025-03-21 02:30:00,/Volumes/Argus/unk/snap/c1/1742524200.c1.snap.jpg,0.758875
2025-03-21 03:00:00,/Volumes/Argus/unk/snap/c1/1742526000.c1.snap.jpg,0.677698
2025-03-21 03:30:00,/Volumes/Argus/unk/snap/c1/1742527800.c1.snap.jpg,0.69506806
2025-03-21 04:00:00,/Volumes/Argus/unk/snap/c1/1742529600.c1.snap.jpg,0.7264176
2025-03-21 04:30:00,/Volumes/Argus/unk/snap/c1/1742531400.c1.snap.jpg,0.6867751
2025-03-21 05:00:00,/Volumes/Argus/unk/snap/c1/1742533200.c1.snap.jpg,0.6947986
2025-03-21 05:30:00,/Volumes/Argus/unk/snap/c1/1742535000.c1.snap.jpg,0.6358923
2025-03-21 16:00:00,/Volumes/Argus/unk/snap/c1/1742572800.c1.snap.jpg,0.7559079
2025-03-21 16:30:00,/Volumes/Argus/unk/snap/c1/1742574600.c1.snap.jpg,0.48045072
2025-03-21 17:00:00,/Volumes/Argus/unk/snap/c1/1742576400.c1.snap.jpg,0.71726996
2025-03-21 17:30:00,/Volumes/Argus/unk/snap/c1/1742578200.c1.snap.jpg,0.48649856
2025-03-21 18:00:00,/Volumes/Argus/unk/snap/c1/1742580000.c1.snap.jpg,0.63612956
2025-03-21 18:30:00,/Volumes/Argus/unk/snap/c1/1742581800.c1.snap.jpg,0.69086623
2025-03-21 19:00:00,/Volumes/Argus/unk/snap/c1/1742583600.c1.snap.jpg,0.5088364
2025-03-21 19:30:00,/Volumes/Argus/unk/snap/c1/1742585400.c1.snap.jpg,0.4654379
2025-03-21 20:30:00,/Volumes/Argus/unk/snap/c1/1742589000.c1.snap.jpg,0.52099955
2025-03-21 21:00:00,/Volumes/Argus/unk/snap/c1/1742590800.c1.snap.jpg,0.6825885
2025-03-21 21:30:00,/Volumes/Argus/unk/snap/c1/1742592600.c1.snap.jpg,0.5067455
2025-03-21 22:00:00,/Volumes/Argus/unk/snap/c1/1742594400.c1.snap.jpg,0.6720547
2025-03-21 22:30:00,/Volumes/Argus/unk/snap/c1/1742596200.c1.snap.jpg,0.57153344
2025-03-21 23:00:00,/Volumes/Argus/unk/snap/c1/1742598000.c1.snap.jpg,0.5312588
2025-03-21 23:30:00,/Volumes/Argus/unk/snap/c1/1742599800.c1.snap.jpg,0.505846
2025-03-22 00:00:00,/Volumes/Argus/unk/snap/c1/1742601600.c1.snap.jpg,0.5608688
2025-03-22 01:00:00,/Volumes/Argus/unk/snap/c1/1742605200.c1.snap.jpg,0.61937976
2025-03-22 01:30:00,/Volumes/Argus/unk/snap/c1/1742607000.c1.snap.jpg,0.5495403
2025-03-22 02:00:00,/Volumes/Argus/unk/snap/c1/1742608800.c1.snap.jpg,0.65216637
2025-03-22 02:30:00,/Volumes/Argus/unk/snap/c1/1742610600.c1.snap.jpg,0.71383154
2025-03-22 03:00:00,/Volumes/Argus/unk/snap/c1/1742612400.c1.snap.jpg,0.59454197
2025-03-22 03:30:00,/Volumes/Argus/unk/snap/c1/1742614200.c1.snap.jpg,0.6764709
2025-03-22 04:00:00,/Volumes/Argus/unk/snap/c1/1742616000.c1.snap.jpg,0.54535884
2025-03-22 04:30:00,/Volumes/Argus/unk/snap/c1/1742617800.c1.snap.jpg,0.5248656
2025-03-22 05:00:00,/Volumes/Argus/unk/snap/c1/1742619600.c1.snap.jpg,0.52060944
2025-03-22 16:00:00,/Volumes/Argus/unk/snap/c1/1742659200.c1.snap.jpg,1.1907337
2025-03-22 16:30:00,/Volumes/Argus/unk/snap/c1/1742661000.c1.snap.jpg,0.4851723
2025-03-22 17:30:00,/Volumes/Argus/unk/snap/c1/1742664600.c1.snap.jpg,0.5177554
2025-03-22 18:00:00,/Volumes/Argus/unk/snap/c1/1742666400.c1.snap.jpg,0.5697625
2025-03-22 18:30:00,/Volumes/Argus/unk/snap/c1/1742668200.c1.snap.jpg,0.46933767
2025-03-22 19:00:00,/Volumes/Argus/unk/snap/c1/1742670000.c1.snap.jpg,0.48820883
2025-03-22 19:30:00,/Volumes/Argus/unk/snap/c1/1742671800.c1.snap.jpg,0.46795076
2025-03-22 20:00:00,/Volumes/Argus/unk/snap/c1/1742673600.c1.snap.jpg,0.5146369
2025-03-22 20:30:00,/Volumes/Argus/unk/snap/c1/1742675400.c1.snap.jpg,0.4578339
2025-03-22 21:00:00,/Volumes/Argus/unk/snap/c1/1742677200.c1.snap.jpg,0.42805922
2025-03-22 21:30:00,/Volumes/Argus/unk/snap/c1/1742679000.c1.snap.jpg,0.5957135
2025-03-22 22:00:00,/Volumes/Argus/unk/snap/c1/1742680800.c1.snap.jpg,0.496048
2025-03-22 22:30:00,/Volumes/Argus/unk/snap/c1/1742682600.c1.snap.jpg,0.6645097
2025-03-22 23:00:00,/Volumes/Argus/unk/snap/c1/1742684400.c1.snap.jpg,0.8162924
2025-03-22 23:30:00,/Volumes/Argus/unk/snap/c1/1742686200.c1.snap.jpg,0.5500679
2025-03-23 00:00:00,/Volumes/Argus/unk/snap/c1/1742688000.c1.snap.jpg,0.52911055
2025-03-23 00:30:00,/Volumes/Argus/unk/snap/c1/1742689800.c1.snap.jpg,0.47909603
2025-03-23 01:00:00,/Volumes/Argus/unk/snap/c1/1742691600.c1.snap.jpg,0.49909544
2025-03-23 01:30:00,/Volumes/Argus/unk/snap/c1/1742693400.c1.snap.jpg,0.5086242
2025-03-23 02:00:00,/Volumes/Argus/unk/snap/c1/1742695200.c1.snap.jpg,0.4985263
2025-03-23 02:30:00,/Volumes/Argus/unk/snap/c1/1742697000.c1.snap.jpg,0.5455048
2025-03-23 03:00:00,/Volumes/Argus/unk/snap/c1/1742698800.c1.snap.jpg,0.5624342
2025-03-23 03:30:00,/Volumes/Argus/unk/snap/c1/1742700600.c1.snap.jpg,0.6222178
2025-03-23 04:00:00,/Volumes/Argus/unk/snap/c1/1742702400.c1.snap.jpg,0.71640444
2025-03-23 04:30:00,/Volumes/Argus/unk/snap/c1/1742704200.c1.snap.jpg,0.49163786
2025-03-23 05:00:00,/Volumes/Argus/unk/snap/c1/1742706000.c1.snap.jpg,0.58620226
2025-03-23 05:30:00,/Volumes/Argus/unk/snap/c1/1742707800.c1.snap.jpg,0.45285296
2025-03-23 16:00:00,/Volumes/Argus/unk/snap/c1/1742745600.c1.snap.jpg,0.53255045
2025-03-23 16:30:00,/Volumes/Argus/unk/snap/c1/1742747400.c1.snap.jpg,0.45155132
2025-03-23 17:00:00,/Volumes/Argus/unk/snap/c1/1742749200.c1.snap.jpg,0.5541014
2025-03-23 17:30:00,/Volumes/Argus/unk/snap/c1/1742751000.c1.snap.jpg,0.53608453
2025-03-23 18:00:00,/Volumes/Argus/unk/snap/c1/1742752800.c1.snap.jpg,0.61764383
2025-03-23 18:30:00,/Volumes/Argus/unk/snap/c1/1742754600.c1.snap.jpg,0.777605
2025-03-23 19:00:00,/Volumes/Argus/unk/snap/c1/1742756400.c1.snap.jpg,0.60733336
2025-03-23 19:30:00,/Volumes/Argus/unk/snap/c1/1742758200.c1.snap.jpg,0.6764734
2025-03-23 20:00:00,/Volumes/Argus/unk/snap/c1/1742760000.c1.snap.jpg,0.89490354
2025-03-23 20:30:00,/Volumes/Argus/unk/snap/c1/1742761800.c1.snap.jpg,0.6164895
2025-03-23 21:00:00,/Volumes/Argus/unk/snap/c1/1742763600.c1.snap.jpg,0.5301611
2025-03-23 21:30:00,/Volumes/Argus/unk/snap/c1/1742765400.c1.snap.jpg,0.8030058
2025-03-23 22:00:00,/Volumes/Argus/unk/snap/c1/1742767200.c1.snap.jpg,0.47835776
2025-03-23 22:30:00,/Volumes/Argus/unk/snap/c1/1742769000.c1.snap.jpg,0.5231385
2025-03-23 23:00:00,/Volumes/Argus/unk/snap/c1/1742770800.c1.snap.jpg,0.7363834
2025-03-23 23:30:00,/Volumes/Argus/unk/snap/c1/1742772600.c1.snap.jpg,0.52932835
2025-03-24 00:00:00,/Volumes/Argus/unk/snap/c1/1742774400.c1.snap.jpg,0.51610935
2025-03-24 00:30:00,/Volumes/Argus/unk/snap/c1/1742776200.c1.snap.jpg,0.828375
2025-03-24 01:00:00,/Volumes/Argus/unk/snap/c1/1742778000.c1.snap.jpg,0.7090201
2025-03-24 01:30:00,/Volumes/Argus/unk/snap/c1/1742779800.c1.snap.jpg,0.7528037
2025-03-24 02:00:00,/Volumes/Argus/unk/snap/c1/1742781600.c1.snap.jpg,0.7621273
2025-03-24 02:30:00,/Volumes/Argus/unk/snap/c1/1742783400.c1.snap.jpg,0.87158126
2025-03-24 03:00:00,/Volumes/Argus/unk/snap/c1/1742785200.c1.snap.jpg,0.761553
2025-03-24 03:30:00,/Volumes/Argus/unk/snap/c1/1742787000.c1.snap.jpg,0.93449277
2025-03-24 04:00:00,/Volumes/Argus/unk/snap/c1/1742788800.c1.snap.jpg,1.6052557
2025-03-24 04:30:00,/Volumes/Argus/unk/snap/c1/1742790600.c1.snap.jpg,1.4595239
2025-03-24 05:00:00,/Volumes/Argus/unk/snap/c1/1742792400.c1.snap.jpg,1.0342724
2025-03-24 05:30:00,/Volumes/Argus/unk/snap/c1/1742794200.c1.snap.jpg,0.69911355
2025-03-24 16:00:00,/Volumes/Argus/unk/snap/c1/1742832000.c1.snap.jpg,0.517833
2025-03-24 16:30:00,/Volumes/Argus/unk/snap/c1/1742833800.c1.snap.jpg,0.53081524
2025-03-24 17:00:00,/Volumes/Argus/unk/snap/c1/1742835600.c1.snap.jpg,0.80853903
2025-03-24 17:30:00,/Volumes/Argus/unk/snap/c1/1742837400.c1.snap.jpg,1.0702984
2025-03-24 18:00:00,/Volumes/Argus/unk/snap/c1/1742839200.c1.snap.jpg,0.55288416
2025-03-24 18:30:00,/Volumes/Argus/unk/snap/c1/1742841000.c1.snap.jpg,0.5930961
2025-03-24 19:00:00,/Volumes/Argus/unk/snap/c1/1742842800.c1.snap.jpg,0.45861134
2025-03-24 19:30:00,/Volumes/Argus/unk/snap/c1/1742844600.c1.snap.jpg,0.71233827
2025-03-24 20:00:00,/Volumes/Argus/unk/snap/c1/1742846400.c1.snap.jpg,0.6751313
2025-03-24 20:30:00,/Volumes/Argus/unk/snap/c1/1742848200.c1.snap.jpg,0.61043054
2025-03-24 21:00:00,/Volumes/Argus/unk/snap/c1/1742850000.c1.snap.jpg,0.41667706
2025-03-24 21:30:00,/Volumes/Argus/unk/snap/c1/1742851800.c1.snap.jpg,0.6254592
2025-03-24 22:00:00,/Volumes/Argus/unk/snap/c1/1742853600.c1.snap.jpg,0.692525
2025-03-24 22:30:00,/Volumes/Argus/unk/snap/c1/1742855400.c1.snap.jpg,0.6204735
2025-03-24 23:00:00,/Volumes/Argus/unk/snap/c1/1742857200.c1.snap.jpg,0.522022
2025-03-24 23:30:00,/Volumes/Argus/unk/snap/c1/1742859000.c1.snap.jpg,0.42038468
2025-03-25 00:00:00,/Volumes/Argus/unk/snap/c1/1742860800.c1.snap.jpg,0.4367205
2025-03-25 00:30:00,/Volumes/Argus/unk/snap/c1/1742862600.c1.snap.jpg,0.49726462
2025-03-25 01:00:00,/Volumes/Argus/unk/snap/c1/1742864400.c1.snap.jpg,0.5845617
2025-03-25 01:30:00,/Volumes/Argus/unk/snap/c1/1742866200.c1.snap.jpg,0.5959782
2025-03-25 02:00:00,/Volumes/Argus/unk/snap/c1/1742868000.c1.snap.jpg,0.6451493
2025-03-25 02:30:00,/Volumes/Argus/unk/snap/c1/1742869800.c1.snap.jpg,0.6200056
2025-03-25 03:00:00,/Volumes/Argus/unk/snap/c1/1742871600.c1.snap.jpg,0.5809696
2025-03-25 03:30:00,/Volumes/Argus/unk/snap/c1/1742873400.c1.snap.jpg,0.87901455
2025-03-25 04:00:00,/Volumes/Argus/unk/snap/c1/1742875200.c1.snap.jpg,0.5880398
2025-03-25 04:30:00,/Volumes/Argus/unk/snap/c1/1742877000.c1.snap.jpg,0.832793
2025-03-25 05:00:00,/Volumes/Argus/unk/snap/c1/1742878800.c1.snap.jpg,0.667254
2025-03-25 05:30:00,/Volumes/Argus/unk/snap/c1/1742880600.c1.snap.jpg,0.73306286
2025-03-26 18:00:00,/Volumes/Argus/unk/snap/c1/1743012000.c1.snap.jpg,0.5930598
2025-03-26 18:30:00,/Volumes/Argus/unk/snap/c1/1743013800.c1.snap.jpg,0.5812318
2025-03-26 19:00:00,/Volumes/Argus/unk/snap/c1/1743015600.c1.snap.jpg,0.6415347
2025-03-26 19:30:00,/Volumes/Argus/unk/snap/c1/1743017400.c1.snap.jpg,0.6091801
2025-03-26 22:00:00,/Volumes/Argus/unk/snap/c1/1743026400.c1.snap.jpg,0.5866786
2025-03-26 22:30:00,/Volumes/Argus/unk/snap/c1/1743028200.c1.snap.jpg,0.51315176
2025-03-26 23:00:00,/Volumes/Argus/unk/snap/c1/1743030000.c1.snap.jpg,0.47054112
2025-03-26 23:30:00,/Volumes/Argus/unk/snap/c1/1743031800.c1.snap.jpg,0.507727
2025-03-27 00:30:00,/Volumes/Argus/unk/snap/c1/1743035400.c1.snap.jpg,0.64380527
2025-03-27 01:00:00,/Volumes/Argus/unk/snap/c1/1743037200.c1.snap.jpg,0.6935523
2025-03-27 01:30:00,/Volumes/Argus/unk/snap/c1/1743039000.c1.snap.jpg,0.7646307
2025-03-27 02:30:00,/Volumes/Argus/unk/snap/c1/1743042600.c1.snap.jpg,0.83577263
2025-03-27 03:00:00,/Volumes/Argus/unk/snap/c1/1743044400.c1.snap.jpg,0.80868495
2025-03-27 03:30:00,/Volumes/Argus/unk/snap/c1/1743046200.c1.snap.jpg,0.9262427
2025-03-27 04:00:00,/Volumes/Argus/unk/snap/c1/1743048000.c1.snap.jpg,0.9683357
2025-03-27 05:00:00,/Volumes/Argus/unk/snap/c1/1743051600.c1.snap.jpg,0.6612345
2025-03-27 06:00:00,/Volumes/Argus/unk/snap/c1/1743055200.c1.snap.jpg,0.6714047
2025-03-27 16:00:00,/Volumes/Argus/unk/snap/c1/1743091200.c1.snap.jpg,0.64870423
2025-03-27 16:30:00,/Volumes/Argus/unk/snap/c1/1743093000.c1.snap.jpg,0.52399546
2025-03-27 17:00:00,/Volumes/Argus/unk/snap/c1/1743094800.c1.snap.jpg,0.5229308
2025-03-27 17:30:00,/Volumes/Argus/unk/snap/c1/1743096600.c1.snap.jpg,0.55589414
2025-03-27 18:00:00,/Volumes/Argus/unk/snap/c1/1743098400.c1.snap.jpg,0.5482954
2025-03-27 18:30:00,/Volumes/Argus/unk/snap/c1/1743100200.c1.snap.jpg,0.630928
2025-03-27 19:00:00,/Volumes/Argus/unk/snap/c1/1743102000.c1.snap.jpg,0.6648126
2025-03-27 19:30:00,/Volumes/Argus/unk/snap/c1/1743103800.c1.snap.jpg,0.6248822
2025-03-27 20:00:00,/Volumes/Argus/unk/snap/c1/1743105600.c1.snap.jpg,0.59533465
2025-03-27 20:30:00,/Volumes/Argus/unk/snap/c1/1743107400.c1.snap.jpg,0.56460416
2025-03-27 21:00:00,/Volumes/Argus/unk/snap/c1/1743109200.c1.snap.jpg,0.60942614
2025-03-27 21:30:00,/Volumes/Argus/unk/snap/c1/1743111000.c1.snap.jpg,0.5362493
2025-03-27 22:00:00,/Volumes/Argus/unk/snap/c1/1743112800.c1.snap.jpg,0.5130105
2025-03-27 22:30:00,/Volumes/Argus/unk/snap/c1/1743114600.c1.snap.jpg,0.5347853
2025-03-27 23:00:00,/Volumes/Argus/unk/snap/c1/1743116400.c1.snap.jpg,0.37402043
2025-03-27 23:30:00,/Volumes/Argus/unk/snap/c1/1743118200.c1.snap.jpg,0.44272476
2025-03-28 00:00:00,/Volumes/Argus/unk/snap/c1/1743120000.c1.snap.jpg,0.51785284
2025-03-28 00:30:00,/Volumes/Argus/unk/snap/c1/1743121800.c1.snap.jpg,0.6235466
2025-03-28 01:00:00,/Volumes/Argus/unk/snap/c1/1743123600.c1.snap.jpg,0.6406214
2025-03-28 01:30:00,/Volumes/Argus/unk/snap/c1/1743125400.c1.snap.jpg,0.69708115
2025-03-28 02:00:00,/Volumes/Argus/unk/snap/c1/1743127200.c1.snap.jpg,0.88731027
2025-03-28 02:30:00,/Volumes/Argus/unk/snap/c1/1743129000.c1.snap.jpg,0.7272391
2025-03-28 03:00:00,/Volumes/Argus/unk/snap/c1/1743130800.c1.snap.jpg,0.8553724
2025-03-28 03:30:00,/Volumes/Argus/unk/snap/c1/1743132600.c1.snap.jpg,0.75031686
2025-03-28 04:00:00,/Volumes/Argus/unk/snap/c1/1743134400.c1.snap.jpg,1.567828
2025-03-28 04:30:00,/Volumes/Argus/unk/snap/c1/1743136200.c1.snap.jpg,0.83229196
2025-03-28 05:00:00,/Volumes/Argus/unk/snap/c1/1743138000.c1.snap.jpg,0.73436296
2025-03-28 05:30:00,/Volumes/Argus/unk/snap/c1/1743139800.c1.snap.jpg,0.7116157
2025-03-28 06:00:00,/Volumes/Argus/unk/snap/c1/1743141600.c1.snap.jpg,0.76151156
2025-03-28 16:00:00,/Volumes/Argus/unk/snap/c1/1743177600.c1.snap.jpg,0.73173547
2025-03-28 16:30:00,/Volumes/Argus/unk/snap/c1/1743179400.c1.snap.jpg,0.69942665
2025-03-28 17:00:00,/Volumes/Argus/unk/snap/c1/1743181200.c1.snap.jpg,0.5227164
2025-03-28 17:30:00,/Volumes/Argus/unk/snap/c1/1743183000.c1.snap.jpg,0.5906704
2025-03-28 18:00:00,/Volumes/Argus/unk/snap/c1/1743184800.c1.snap.jpg,0.5548311
2025-03-28 18:30:00,/Volumes/Argus/unk/snap/c1/1743186600.c1.snap.jpg,0.6045281
2025-03-28 19:00:00,/Volumes/Argus/unk/snap/c1/1743188400.c1.snap.jpg,0.58455396
2025-03-28 19:30:00,/Volumes/Argus/unk/snap/c1/1743190200.c1.snap.jpg,0.60390913
2025-03-28 20:00:00,/Volumes/Argus/unk/snap/c1/1743192000.c1.snap.jpg,0.64042175
2025-03-28 20:30:00,/Volumes/Argus/unk/snap/c1/1743193800.c1.snap.jpg,0.621615
2025-03-28 21:30:00,/Volumes/Argus/unk/snap/c1/1743197400.c1.snap.jpg,0.63085836
2025-03-28 22:00:00,/Volumes/Argus/unk/snap/c1/1743199200.c1.snap.jpg,0.59725773
2025-03-28 22:30:00,/Volumes/Argus/unk/snap/c1/1743201000.c1.snap.jpg,0.56763005
2025-03-28 23:30:00,/Volumes/Argus/unk/snap/c1/1743204600.c1.snap.jpg,0.5785383
2025-03-29 00:00:00,/Volumes/Argus/unk/snap/c1/1743206400.c1.snap.jpg,0.6007878
2025-03-29 00:30:00,/Volumes/Argus/unk/snap/c1/1743208200.c1.snap.jpg,0.68074256
2025-03-29 01:00:00,/Volumes/Argus/unk/snap/c1/1743210000.c1.snap.jpg,0.6517213
2025-03-29 01:30:00,/Volumes/Argus/unk/snap/c1/1743211800.c1.snap.jpg,0.8619609
2025-03-29 02:00:00,/Volumes/Argus/unk/snap/c1/1743213600.c1.snap.jpg,0.7496928
2025-03-29 03:00:00,/Volumes/Argus/unk/snap/c1/1743217200.c1.snap.jpg,0.6626353
2025-03-29 03:30:00,/Volumes/Argus/unk/snap/c1/1743219000.c1.snap.jpg,0.6915914
2025-03-29 04:00:00,/Volumes/Argus/unk/snap/c1/1743220800.c1.snap.jpg,0.70313495
2025-03-29 04:30:00,/Volumes/Argus/unk/snap/c1/1743222600.c1.snap.jpg,0.6584116
2025-03-29 05:00:00,/Volumes/Argus/unk/snap/c1/1743224400.c1.snap.jpg,0.8468557
2025-03-29 05:30:00,/Volumes/Argus/unk/snap/c1/1743226200.c1.snap.jpg,0.7901655
2025-03-29 06:00:00,/Volumes/Argus/unk/snap/c1/1743228000.c1.snap.jpg,0.8598502
2025-03-29 15:30:00,/Volumes/Argus/unk/snap/c1/1743262200.c1.snap.jpg,0.6266439
2025-03-29 16:00:00,/Volumes/Argus/unk/snap/c1/1743264000.c1.snap.jpg,0.8862071
2025-03-29 16:30:00,/Volumes/Argus/unk/snap/c1/1743265800.c1.snap.jpg,0.71399367
2025-03-29 17:00:00,/Volumes/Argus/unk/snap/c1/1743267600.c1.snap.jpg,0.66803443
2025-03-29 17:30:00,/Volumes/Argus/unk/snap/c1/1743269400.c1.snap.jpg,0.6210761
2025-03-29 18:00:00,/Volumes/Argus/unk/snap/c1/1743271200.c1.snap.jpg,0.6387435
2025-03-29 18:30:00,/Volumes/Argus/unk/snap/c1/1743273000.c1.snap.jpg,0.53315926
2025-03-29 19:00:00,/Volumes/Argus/unk/snap/c1/1743274800.c1.snap.jpg,0.48982418
2025-03-29 19:30:00,/Volumes/Argus/unk/snap/c1/1743276600.c1.snap.jpg,0.61577624
2025-03-29 20:00:00,/Volumes/Argus/unk/snap/c1/1743278400.c1.snap.jpg,0.5218952
2025-03-29 20:30:00,/Volumes/Argus/unk/snap/c1/1743280200.c1.snap.jpg,0.43504646
2025-03-29 21:00:00,/Volumes/Argus/unk/snap/c1/1743282000.c1.snap.jpg,0.59804565
2025-03-29 21:30:00,/Volumes/Argus/unk/snap/c1/1743283800.c1.snap.jpg,0.694102
2025-03-29 22:00:00,/Volumes/Argus/unk/snap/c1/1743285600.c1.snap.jpg,0.65661144
2025-03-29 22:30:00,/Volumes/Argus/unk/snap/c1/1743287400.c1.snap.jpg,0.7429621
2025-03-29 23:30:00,/Volumes/Argus/unk/snap/c1/1743291000.c1.snap.jpg,0.70644844
2025-03-30 00:00:00,/Volumes/Argus/unk/snap/c1/1743292800.c1.snap.jpg,0.6386964
2025-03-30 00:30:00,/Volumes/Argus/unk/snap/c1/1743294600.c1.snap.jpg,0.7312557
2025-03-30 01:00:00,/Volumes/Argus/unk/snap/c1/1743296400.c1.snap.jpg,0.78829896
2025-03-30 02:00:00,/Volumes/Argus/unk/snap/c1/1743300000.c1.snap.jpg,0.67978734
2025-03-30 02:30:00,/Volumes/Argus/unk/snap/c1/1743301800.c1.snap.jpg,0.7126808
2025-03-30 03:00:00,/Volumes/Argus/unk/snap/c1/1743303600.c1.snap.jpg,0.66229737
2025-03-30 03:30:00,/Volumes/Argus/unk/snap/c1/1743305400.c1.snap.jpg,0.6433349
2025-03-30 04:00:00,/Volumes/Argus/unk/snap/c1/1743307200.c1.snap.jpg,0.6980219
2025-03-30 04:30:00,/Volumes/Argus/unk/snap/c1/1743309000.c1.snap.jpg,0.8580713
2025-03-30 05:30:00,/Volumes/Argus/unk/snap/c1/1743312600.c1.snap.jpg,0.59875524
2025-03-30 06:00:00,/Volumes/Argus/unk/snap/c1/1743314400.c1.snap.jpg,0.5948495
2025-03-30 15:30:00,/Volumes/Argus/unk/snap/c1/1743348600.c1.snap.jpg,0.6896627
2025-03-30 16:00:00,/Volumes/Argus/unk/snap/c1/1743350400.c1.snap.jpg,0.38298202
2025-03-30 16:30:00,/Volumes/Argus/unk/snap/c1/1743352200.c1.snap.jpg,0.6290913
2025-03-30 17:30:00,/Volumes/Argus/unk/snap/c1/1743355800.c1.snap.jpg,0.7291229
2025-03-30 18:00:00,/Volumes/Argus/unk/snap/c1/1743357600.c1.snap.jpg,0.6302052
2025-03-30 18:30:00,/Volumes/Argus/unk/snap/c1/1743359400.c1.snap.jpg,0.6315135
2025-03-30 19:30:00,/Volumes/Argus/unk/snap/c1/1743363000.c1.snap.jpg,0.70853233
2025-03-30 20:00:00,/Volumes/Argus/unk/snap/c1/1743364800.c1.snap.jpg,0.71964544
2025-03-30 20:30:00,/Volumes/Argus/unk/snap/c1/1743366600.c1.snap.jpg,0.6484299
2025-03-30 21:00:00,/Volumes/Argus/unk/snap/c1/1743368400.c1.snap.jpg,0.7568267
2025-03-30 21:30:00,/Volumes/Argus/unk/snap/c1/1743370200.c1.snap.jpg,0.69665927
2025-03-30 22:00:00,/Volumes/Argus/unk/snap/c1/1743372000.c1.snap.jpg,0.49532557
2025-03-30 22:30:00,/Volumes/Argus/unk/snap/c1/1743373800.c1.snap.jpg,0.44164082
2025-03-30 23:00:00,/Volumes/Argus/unk/snap/c1/1743375600.c1.snap.jpg,0.49374977
2025-03-31 00:00:00,/Volumes/Argus/unk/snap/c1/1743379200.c1.snap.jpg,1.2810692
2025-03-31 00:30:00,/Volumes/Argus/unk/snap/c1/1743381000.c1.snap.jpg,1.1926503
2025-03-31 01:30:00,/Volumes/Argus/unk/snap/c1/1743384600.c1.snap.jpg,1.0151471
2025-03-31 02:30:00,/Volumes/Argus/unk/snap/c1/1743388200.c1.snap.jpg,0.63539004
2025-03-31 03:00:00,/Volumes/Argus/unk/snap/c1/1743390000.c1.snap.jpg,0.46486166
2025-03-31 03:30:00,/Volumes/Argus/unk/snap/c1/1743391800.c1.snap.jpg,0.4592927
2025-03-31 04:00:00,/Volumes/Argus/unk/snap/c1/1743393600.c1.snap.jpg,0.4516855
2025-03-31 04:30:00,/Volumes/Argus/unk/snap/c1/1743395400.c1.snap.jpg,0.7217904
2025-03-31 05:00:00,/Volumes/Argus/unk/snap/c1/1743397200.c1.snap.jpg,0.5309638
2025-03-31 05:30:00,/Volumes/Argus/unk/snap/c1/1743399000.c1.snap.jpg,0.46004903
2025-03-31 06:00:00,/Volumes/Argus/unk/snap/c1/1743400800.c1.snap.jpg,1.069315
2025-03-31 15:30:00,/Volumes/Argus/unk/snap/c1/1743435000.c1.snap.jpg,1.2112061
2025-03-31 16:00:00,/Volumes/Argus/unk/snap/c1/1743436800.c1.snap.jpg,1.2564429
2025-03-31 16:30:00,/Volumes/Argus/unk/snap/c1/1743438600.c1.snap.jpg,1.14824
2025-03-31 17:00:00,/Volumes/Argus/unk/snap/c1/1743440400.c1.snap.jpg,1.1558776
2025-03-31 17:30:00,/Volumes/Argus/unk/snap/c1/1743442200.c1.snap.jpg,1.1963899
2025-03-31 18:00:00,/Volumes/Argus/unk/snap/c1/1743444000.c1.snap.jpg,1.2112571
2025-03-31 18:30:00,/Volumes/Argus/unk/snap/c1/1743445800.c1.snap.jpg,1.1143098
2025-03-31 19:00:00,/Volumes/Argus/unk/snap/c1/1743447600.c1.snap.jpg,1.1164564
2025-03-31 19:30:00,/Volumes/Argus/unk/snap/c1/1743449400.c1.snap.jpg,1.2120587
2025-03-31 20:00:00,/Volumes/Argus/unk/snap/c1/1743451200.c1.snap.jpg,1.0368187
2025-03-31 20:30:00,/Volumes/Argus/unk/snap/c1/1743453000.c1.snap.jpg,0.89854556
2025-03-31 21:00:00,/Volumes/Argus/unk/snap/c1/1743454800.c1.snap.jpg,1.5190381
2025-03-31 21:30:00,/Volumes/Argus/unk/snap/c1/1743456600.c1.snap.jpg,0.69342804
2025-03-31 22:00:00,/Volumes/Argus/unk/snap/c1/1743458400.c1.snap.jpg,0.7673231
2025-03-31 22:30:00,/Volumes/Argus/unk/snap/c1/1743460200.c1.snap.jpg,0.43714628
2025-03-31 23:00:00,/Volumes/Argus/unk/snap/c1/1743462000.c1.snap.jpg,0.4056063
2025-03-31 23:30:00,/Volumes/Argus/unk/snap/c1/1743463800.c1.snap.jpg,0.4893073
2025-04-01 00:00:00,/Volumes/Argus/unk/snap/c1/1743465600.c1.snap.jpg,0.56220406
2025-04-01 00:30:00,/Volumes/Argus/unk/snap/c1/1743467400.c1.snap.jpg,0.49655226
2025-04-01 01:00:00,/Volumes/Argus/unk/snap/c1/1743469200.c1.snap.jpg,0.5324092
2025-04-01 01:30:00,/Volumes/Argus/unk/snap/c1/1743471000.c1.snap.jpg,0.54181206
2025-04-01 02:30:00,/Volumes/Argus/unk/snap/c1/1743474600.c1.snap.jpg,0.50711274
2025-04-01 03:00:00,/Volumes/Argus/unk/snap/c1/1743476400.c1.snap.jpg,0.5184948
2025-04-01 03:30:00,/Volumes/Argus/unk/snap/c1/1743478200.c1.snap.jpg,0.5502909
2025-04-01 04:00:00,/Volumes/Argus/unk/snap/c1/1743480000.c1.snap.jpg,0.66357464
2025-04-01 04:30:00,/Volumes/Argus/unk/snap/c1/1743481800.c1.snap.jpg,0.49888372
2025-04-01 05:00:00,/Volumes/Argus/unk/snap/c1/1743483600.c1.snap.jpg,0.54345435
2025-04-01 05:30:00,/Volumes/Argus/unk/snap/c1/1743485400.c1.snap.jpg,0.90803653
2025-04-01 06:00:00,/Volumes/Argus/unk/snap/c1/1743487200.c1.snap.jpg,0.5224252
2025-04-01 15:30:00,/Volumes/Argus/unk/snap/c1/1743521400.c1.snap.jpg,1.5161643
2025-04-01 16:00:00,/Volumes/Argus/unk/snap/c1/1743523200.c1.snap.jpg,1.2526001
2025-04-01 16:30:00,/Volumes/Argus/unk/snap/c1/1743525000.c1.snap.jpg,0.95088917
2025-04-01 17:00:00,/Volumes/Argus/unk/snap/c1/1743526800.c1.snap.jpg,0.75980276
2025-04-01 17:30:00,/Volumes/Argus/unk/snap/c1/1743528600.c1.snap.jpg,0.5897505
2025-04-01 18:00:00,/Volumes/Argus/unk/snap/c1/1743530400.c1.snap.jpg,0.9495876
2025-04-01 18:30:00,/Volumes/Argus/unk/snap/c1/1743532200.c1.snap.jpg,1.0043864
2025-04-01 19:00:00,/Volumes/Argus/unk/snap/c1/1743534000.c1.snap.jpg,0.5386198
2025-04-01 19:30:00,/Volumes/Argus/unk/snap/c1/1743535800.c1.snap.jpg,0.588127
2025-04-01 20:00:00,/Volumes/Argus/unk/snap/c1/1743537600.c1.snap.jpg,0.46099564
2025-04-01 20:30:00,/Volumes/Argus/unk/snap/c1/1743539400.c1.snap.jpg,0.75472945
2025-04-01 21:00:00,/Volumes/Argus/unk/snap/c1/1743541200.c1.snap.jpg,0.48721448
2025-04-01 21:30:00,/Volumes/Argus/unk/snap/c1/1743543000.c1.snap.jpg,0.47274753
2025-04-01 22:00:00,/Volumes/Argus/unk/snap/c1/1743544800.c1.snap.jpg,0.6266644
2025-04-01 22:30:00,/Volumes/Argus/unk/snap/c1/1743546600.c1.snap.jpg,0.58830255
2025-04-01 23:00:00,/Volumes/Argus/unk/snap/c1/1743548400.c1.snap.jpg,0.7897804
2025-04-01 23:30:00,/Volumes/Argus/unk/snap/c1/1743550200.c1.snap.jpg,0.62403667
2025-04-02 00:00:00,/Volumes/Argus/unk/snap/c1/1743552000.c1.snap.jpg,0.66230273
2025-04-02 00:30:00,/Volumes/Argus/unk/snap/c1/1743553800.c1.snap.jpg,0.5744432
2025-04-02 01:30:00,/Volumes/Argus/unk/snap/c1/1743557400.c1.snap.jpg,0.61007535
2025-04-02 02:00:00,/Volumes/Argus/unk/snap/c1/1743559200.c1.snap.jpg,0.6827831
2025-04-02 02:30:00,/Volumes/Argus/unk/snap/c1/1743561000.c1.snap.jpg,0.6889696
2025-04-02 03:00:00,/Volumes/Argus/unk/snap/c1/1743562800.c1.snap.jpg,0.66160816
2025-04-02 03:30:00,/Volumes/Argus/unk/snap/c1/1743564600.c1.snap.jpg,0.50692964
2025-04-02 04:00:00,/Volumes/Argus/unk/snap/c1/1743566400.c1.snap.jpg,0.5898547
2025-04-02 05:00:00,/Volumes/Argus/unk/snap/c1/1743570000.c1.snap.jpg,0.6439836
2025-04-02 05:30:00,/Volumes/Argus/unk/snap/c1/1743571800.c1.snap.jpg,0.6367122
2025-04-02 06:00:00,/Volumes/Argus/unk/snap/c1/1743573600.c1.snap.jpg,0.9247631
2025-04-02 15:30:00,/Volumes/Argus/unk/snap/c1/1743607800.c1.snap.jpg,0.9048919
2025-04-02 16:00:00,/Volumes/Argus/unk/snap/c1/1743609600.c1.snap.jpg,0.91028315
2025-04-02 16:30:00,/Volumes/Argus/unk/snap/c1/1743611400.c1.snap.jpg,0.85342044
2025-04-02 17:00:00,/Volumes/Argus/unk/snap/c1/1743613200.c1.snap.jpg,0.9596623
2025-04-02 17:30:00,/Volumes/Argus/unk/snap/c1/1743615000.c1.snap.jpg,1.012201
2025-04-02 18:00:00,/Volumes/Argus/unk/snap/c1/1743616800.c1.snap.jpg,0.8530731
2025-04-02 18:30:00,/Volumes/Argus/unk/snap/c1/1743618600.c1.snap.jpg,0.69961274
2025-04-02 19:00:00,/Volumes/Argus/unk/snap/c1/1743620400.c1.snap.jpg,1.0372863
2025-04-02 19:30:00,/Volumes/Argus/unk/snap/c1/1743622200.c1.snap.jpg,1.5371155
2025-04-02 20:00:00,/Volumes/Argus/unk/snap/c1/1743624000.c1.snap.jpg,0.71413577
2025-04-02 20:30:00,/Volumes/Argus/unk/snap/c1/1743625800.c1.snap.jpg,0.503016
2025-04-02 21:00:00,/Volumes/Argus/unk/snap/c1/1743627600.c1.snap.jpg,0.3962139
2025-04-02 21:30:00,/Volumes/Argus/unk/snap/c1/1743629400.c1.snap.jpg,0.3971794
2025-04-02 22:00:00,/Volumes/Argus/unk/snap/c1/1743631200.c1.snap.jpg,0.4347037
2025-04-02 22:30:00,/Volumes/Argus/unk/snap/c1/1743633000.c1.snap.jpg,0.39727005
2025-04-02 23:00:00,/Volumes/Argus/unk/snap/c1/1743634800.c1.snap.jpg,0.46958733
2025-04-02 23:30:00,/Volumes/Argus/unk/snap/c1/1743636600.c1.snap.jpg,0.9590747
2025-04-03 00:00:00,/Volumes/Argus/unk/snap/c1/1743638400.c1.snap.jpg,1.1369586
2025-04-03 01:00:00,/Volumes/Argus/unk/snap/c1/1743642000.c1.snap.jpg,1.0601068
2025-04-03 01:30:00,/Volumes/Argus/unk/snap/c1/1743643800.c1.snap.jpg,1.1340984
2025-04-03 02:00:00,/Volumes/Argus/unk/snap/c1/1743645600.c1.snap.jpg,0.74668944
2025-04-03 02:30:00,/Volumes/Argus/unk/snap/c1/1743647400.c1.snap.jpg,1.7152765
2025-04-03 03:00:00,/Volumes/Argus/unk/snap/c1/1743649200.c1.snap.jpg,1.0406299
2025-04-03 03:30:00,/Volumes/Argus/unk/snap/c1/1743651000.c1.snap.jpg,1.0898153
2025-04-03 04:00:00,/Volumes/Argus/unk/snap/c1/1743652800.c1.snap.jpg,0.9794929
2025-04-03 04:30:00,/Volumes/Argus/unk/snap/c1/1743654600.c1.snap.jpg,1.2686968
2025-04-03 05:00:00,/Volumes/Argus/unk/snap/c1/1743656400.c1.snap.jpg,1.351349
2025-04-03 05:30:00,/Volumes/Argus/unk/snap/c1/1743658200.c1.snap.jpg,1.6203909
2025-04-03 06:00:00,/Volumes/Argus/unk/snap/c1/1743660000.c1.snap.jpg,0.7642283
2025-04-03 15:30:00,/Volumes/Argus/unk/snap/c1/1743694200.c1.snap.jpg,1.1785946
2025-04-03 16:00:00,/Volumes/Argus/unk/snap/c1/1743696000.c1.snap.jpg,1.3587734
2025-04-03 16:30:00,/Volumes/Argus/unk/snap/c1/1743697800.c1.snap.jpg,1.2129337
2025-04-03 17:00:00,/Volumes/Argus/unk/snap/c1/1743699600.c1.snap.jpg,1.2708921
2025-04-03 17:30:00,/Volumes/Argus/unk/snap/c1/1743701400.c1.snap.jpg,1.1027874
2025-04-03 18:00:00,/Volumes/Argus/unk/snap/c1/1743703200.c1.snap.jpg,1.1391702
2025-04-03 18:30:00,/Volumes/Argus/unk/snap/c1/1743705000.c1.snap.jpg,1.275615
2025-04-03 19:00:00,/Volumes/Argus/unk/snap/c1/1743706800.c1.snap.jpg,1.328099
2025-04-03 19:30:00,/Volumes/Argus/unk/snap/c1/1743708600.c1.snap.jpg,1.1959281
2025-04-03 20:00:00,/Volumes/Argus/unk/snap/c1/1743710400.c1.snap.jpg,0.54427326
2025-04-03 20:30:00,/Volumes/Argus/unk/snap/c1/1743712200.c1.snap.jpg,0.99911666
2025-04-03 21:00:00,/Volumes/Argus/unk/snap/c1/1743714000.c1.snap.jpg,0.703395
2025-04-03 21:30:00,/Volumes/Argus/unk/snap/c1/1743715800.c1.snap.jpg,0.49638432
2025-04-03 22:00:00,/Volumes/Argus/unk/snap/c1/1743717600.c1.snap.jpg,0.47980666
2025-04-03 22:30:00,/Volumes/Argus/unk/snap/c1/1743719400.c1.snap.jpg,0.6460596
2025-04-03 23:00:00,/Volumes/Argus/unk/snap/c1/1743721200.c1.snap.jpg,0.68470156
2025-04-03 23:30:00,/Volumes/Argus/unk/snap/c1/1743723000.c1.snap.jpg,0.7787004
2025-04-04 00:00:00,/Volumes/Argus/unk/snap/c1/1743724800.c1.snap.jpg,0.7639304
2025-04-04 00:30:00,/Volumes/Argus/unk/snap/c1/1743726600.c1.snap.jpg,0.7350319
2025-04-04 01:00:00,/Volumes/Argus/unk/snap/c1/1743728400.c1.snap.jpg,0.8311026
2025-04-04 01:30:00,/Volumes/Argus/unk/snap/c1/1743730200.c1.snap.jpg,0.83997065
2025-04-04 02:00:00,/Volumes/Argus/unk/snap/c1/1743732000.c1.snap.jpg,0.7232957
2025-04-04 02:30:00,/Volumes/Argus/unk/snap/c1/1743733800.c1.snap.jpg,0.6246633
2025-04-04 03:00:00,/Volumes/Argus/unk/snap/c1/1743735600.c1.snap.jpg,0.5835652
2025-04-04 03:30:00,/Volumes/Argus/unk/snap/c1/1743737400.c1.snap.jpg,0.53526247
2025-04-04 04:00:00,/Volumes/Argus/unk/snap/c1/1743739200.c1.snap.jpg,0.4834789
2025-04-04 04:30:00,/Volumes/Argus/unk/snap/c1/1743741000.c1.snap.jpg,0.4670291
2025-04-04 05:00:00,/Volumes/Argus/unk/snap/c1/1743742800.c1.snap.jpg,0.432409
2025-04-04 05:30:00,/Volumes/Argus/unk/snap/c1/1743744600.c1.snap.jpg,0.46150303
2025-04-04 06:00:00,/Volumes/Argus/unk/snap/c1/1743746400.c1.snap.jpg,0.43330133
2025-04-04 15:30:00,/Volumes/Argus/unk/snap/c1/1743780600.c1.snap.jpg,0.818015
2025-04-04 16:00:00,/Volumes/Argus/unk/snap/c1/1743782400.c1.snap.jpg,0.8872594
2025-04-04 16:30:00,/Volumes/Argus/unk/snap/c1/1743784200.c1.snap.jpg,0.80900335
2025-04-04 17:00:00,/Volumes/Argus/unk/snap/c1/1743786000.c1.snap.jpg,0.4434506
2025-04-04 17:30:00,/Volumes/Argus/unk/snap/c1/1743787800.c1.snap.jpg,0.47831887
2025-04-04 18:00:00,/Volumes/Argus/unk/snap/c1/1743789600.c1.snap.jpg,0.5393605
2025-04-04 18:30:00,/Volumes/Argus/unk/snap/c1/1743791400.c1.snap.jpg,0.52089775
2025-04-04 19:00:00,/Volumes/Argus/unk/snap/c1/1743793200.c1.snap.jpg,0.45231095
2025-04-04 19:30:00,/Volumes/Argus/unk/snap/c1/1743795000.c1.snap.jpg,0.5760045
2025-04-04 20:00:00,/Volumes/Argus/unk/snap/c1/1743796800.c1.snap.jpg,0.46574482
2025-04-04 20:30:00,/Volumes/Argus/unk/snap/c1/1743798600.c1.snap.jpg,0.5360852
2025-04-04 21:00:00,/Volumes/Argus/unk/snap/c1/1743800400.c1.snap.jpg,0.836305
2025-04-04 21:30:00,/Volumes/Argus/unk/snap/c1/1743802200.c1.snap.jpg,0.49870855
2025-04-04 22:00:00,/Volumes/Argus/unk/snap/c1/1743804000.c1.snap.jpg,0.5370008
2025-04-04 22:30:00,/Volumes/Argus/unk/snap/c1/1743805800.c1.snap.jpg,1.23342
2025-04-04 23:30:00,/Volumes/Argus/unk/snap/c1/1743809400.c1.snap.jpg,0.5734209
2025-04-05 00:00:00,/Volumes/Argus/unk/snap/c1/1743811200.c1.snap.jpg,0.63010883
2025-04-05 00:30:00,/Volumes/Argus/unk/snap/c1/1743813000.c1.snap.jpg,0.64248437
2025-04-05 01:00:00,/Volumes/Argus/unk/snap/c1/1743814800.c1.snap.jpg,0.8357848
2025-04-05 01:30:00,/Volumes/Argus/unk/snap/c1/1743816600.c1.snap.jpg,0.88006645
2025-04-05 02:00:00,/Volumes/Argus/unk/snap/c1/1743818400.c1.snap.jpg,0.9143797
2025-04-05 02:30:00,/Volumes/Argus/unk/snap/c1/1743820200.c1.snap.jpg,0.7943259
2025-04-05 03:00:00,/Volumes/Argus/unk/snap/c1/1743822000.c1.snap.jpg,0.6857971
2025-04-05 03:30:00,/Volumes/Argus/unk/snap/c1/1743823800.c1.snap.jpg,0.9039315
2025-04-05 04:00:00,/Volumes/Argus/unk/snap/c1/1743825600.c1.snap.jpg,1.0752399
2025-04-05 04:30:00,/Volumes/Argus/unk/snap/c1/1743827400.c1.snap.jpg,0.93076867
2025-04-05 05:00:00,/Volumes/Argus/unk/snap/c1/1743829200.c1.snap.jpg,0.62061536
2025-04-05 05:30:00,/Volumes/Argus/unk/snap/c1/1743831000.c1.snap.jpg,0.59829795
2025-04-05 15:30:00,/Volumes/Argus/unk/snap/c1/1743867000.c1.snap.jpg,1.0355475
2025-04-05 16:00:00,/Volumes/Argus/unk/snap/c1/1743868800.c1.snap.jpg,1.3380015
2025-04-05 16:30:00,/Volumes/Argus/unk/snap/c1/1743870600.c1.snap.jpg,0.94081867
2025-04-05 17:00:00,/Volumes/Argus/unk/snap/c1/1743872400.c1.snap.jpg,0.8098799
2025-04-05 17:30:00,/Volumes/Argus/unk/snap/c1/1743874200.c1.snap.jpg,0.60157937
2025-04-05 18:00:00,/Volumes/Argus/unk/snap/c1/1743876000.c1.snap.jpg,1.37152
2025-04-05 18:30:00,/Volumes/Argus/unk/snap/c1/1743877800.c1.snap.jpg,1.3434778
2025-04-05 19:00:00,/Volumes/Argus/unk/snap/c1/1743879600.c1.snap.jpg,0.5105784
2025-04-05 19:30:00,/Volumes/Argus/unk/snap/c1/1743881400.c1.snap.jpg,0.593999
2025-04-05 20:00:00,/Volumes/Argus/unk/snap/c1/1743883200.c1.snap.jpg,0.6419703
2025-04-05 20:30:00,/Volumes/Argus/unk/snap/c1/1743885000.c1.snap.jpg,0.64510345
2025-04-05 21:00:00,/Volumes/Argus/unk/snap/c1/1743886800.c1.snap.jpg,0.78315645
2025-04-05 21:30:00,/Volumes/Argus/unk/snap/c1/1743888600.c1.snap.jpg,0.538055
2025-04-05 22:00:00,/Volumes/Argus/unk/snap/c1/1743890400.c1.snap.jpg,0.6823354
2025-04-05 22:30:00,/Volumes/Argus/unk/snap/c1/1743892200.c1.snap.jpg,0.7820246
2025-04-05 23:00:00,/Volumes/Argus/unk/snap/c1/1743894000.c1.snap.jpg,0.73643863
2025-04-05 23:30:00,/Volumes/Argus/unk/snap/c1/1743895800.c1.snap.jpg,0.8317105
2025-04-06 00:00:00,/Volumes/Argus/unk/snap/c1/1743897600.c1.snap.jpg,0.77036625
2025-04-06 00:30:00,/Volumes/Argus/unk/snap/c1/1743899400.c1.snap.jpg,0.6608509
2025-04-06 01:30:00,/Volumes/Argus/unk/snap/c1/1743903000.c1.snap.jpg,0.66060734
2025-04-06 02:00:00,/Volumes/Argus/unk/snap/c1/1743904800.c1.snap.jpg,0.76286834
2025-04-06 02:30:00,/Volumes/Argus/unk/snap/c1/1743906600.c1.snap.jpg,0.59805775
2025-04-06 03:00:00,/Volumes/Argus/unk/snap/c1/1743908400.c1.snap.jpg,0.62197554
2025-04-06 03:30:00,/Volumes/Argus/unk/snap/c1/1743910200.c1.snap.jpg,0.60129696
2025-04-06 04:00:00,/Volumes/Argus/unk/snap/c1/1743912000.c1.snap.jpg,0.62908775
2025-04-06 04:30:00,/Volumes/Argus/unk/snap/c1/1743913800.c1.snap.jpg,0.6518403
2025-04-06 05:00:00,/Volumes/Argus/unk/snap/c1/1743915600.c1.snap.jpg,0.694134
2025-04-06 05:30:00,/Volumes/Argus/unk/snap/c1/1743917400.c1.snap.jpg,0.8977926
2025-04-06 06:00:00,/Volumes/Argus/unk/snap/c1/1743919200.c1.snap.jpg,1.1223353
2025-04-06 06:30:00,/Volumes/Argus/unk/snap/c1/1743921000.c1.snap.jpg,1.066049
2025-04-06 15:00:00,/Volumes/Argus/unk/snap/c1/1743951600.c1.snap.jpg,0.7311437
2025-04-06 16:00:00,/Volumes/Argus/unk/snap/c1/1743955200.c1.snap.jpg,0.8820511
2025-04-06 16:30:00,/Volumes/Argus/unk/snap/c1/1743957000.c1.snap.jpg,0.97426856
2025-04-06 17:00:00,/Volumes/Argus/unk/snap/c1/1743958800.c1.snap.jpg,0.91945606
2025-04-06 17:30:00,/Volumes/Argus/unk/snap/c1/1743960600.c1.snap.jpg,0.8726053
2025-04-06 18:00:00,/Volumes/Argus/unk/snap/c1/1743962400.c1.snap.jpg,0.80061257
2025-04-06 18:30:00,/Volumes/Argus/unk/snap/c1/1743964200.c1.snap.jpg,0.82262814
2025-04-06 19:00:00,/Volumes/Argus/unk/snap/c1/1743966000.c1.snap.jpg,0.8700428
2025-04-06 19:30:00,/Volumes/Argus/unk/snap/c1/1743967800.c1.snap.jpg,0.5440144
2025-04-06 20:00:00,/Volumes/Argus/unk/snap/c1/1743969600.c1.snap.jpg,0.6888447
2025-04-06 20:30:00,/Volumes/Argus/unk/snap/c1/1743971400.c1.snap.jpg,0.93963915
2025-04-06 21:00:00,/Volumes/Argus/unk/snap/c1/1743973200.c1.snap.jpg,0.7188115
2025-04-06 21:30:00,/Volumes/Argus/unk/snap/c1/1743975000.c1.snap.jpg,0.8038025
2025-04-06 22:00:00,/Volumes/Argus/unk/snap/c1/1743976800.c1.snap.jpg,0.7436782
2025-04-06 22:30:00,/Volumes/Argus/unk/snap/c1/1743978600.c1.snap.jpg,0.75876135
2025-04-06 23:00:00,/Volumes/Argus/unk/snap/c1/1743980400.c1.snap.jpg,0.81797284
2025-04-06 23:30:00,/Volumes/Argus/unk/snap/c1/1743982200.c1.snap.jpg,0.755038
2025-04-07 00:00:00,/Volumes/Argus/unk/snap/c1/1743984000.c1.snap.jpg,0.63648397
2025-04-07 00:30:00,/Volumes/Argus/unk/snap/c1/1743985800.c1.snap.jpg,0.6798482
2025-04-07 01:00:00,/Volumes/Argus/unk/snap/c1/1743987600.c1.snap.jpg,0.7297547
2025-04-07 01:30:00,/Volumes/Argus/unk/snap/c1/1743989400.c1.snap.jpg,0.7194756
2025-04-07 02:00:00,/Volumes/Argus/unk/snap/c1/1743991200.c1.snap.jpg,0.6745398
2025-04-07 02:30:00,/Volumes/Argus/unk/snap/c1/1743993000.c1.snap.jpg,0.66260964
2025-04-07 03:00:00,/Volumes/Argus/unk/snap/c1/1743994800.c1.snap.jpg,0.5743886
2025-04-07 03:30:00,/Volumes/Argus/unk/snap/c1/1743996600.c1.snap.jpg,0.5596502
2025-04-07 04:00:00,/Volumes/Argus/unk/snap/c1/1743998400.c1.snap.jpg,0.70340496
2025-04-07 04:30:00,/Volumes/Argus/unk/snap/c1/1744000200.c1.snap.jpg,0.58266616
2025-04-07 05:00:00,/Volumes/Argus/unk/snap/c1/1744002000.c1.snap.jpg,0.59104234
2025-04-07 05:30:00,/Volumes/Argus/unk/snap/c1/1744003800.c1.snap.jpg,0.92422867
2025-04-07 06:00:00,/Volumes/Argus/unk/snap/c1/1744005600.c1.snap.jpg,1.0960873
2025-04-07 06:30:00,/Volumes/Argus/unk/snap/c1/1744007400.c1.snap.jpg,1.4119663
2025-04-07 15:00:00,/Volumes/Argus/unk/snap/c1/1744038000.c1.snap.jpg,0.67135215
2025-04-07 15:30:00,/Volumes/Argus/unk/snap/c1/1744039800.c1.snap.jpg,0.6606489
2025-04-07 16:00:00,/Volumes/Argus/unk/snap/c1/1744041600.c1.snap.jpg,0.5709574
2025-04-07 17:00:00,/Volumes/Argus/unk/snap/c1/1744045200.c1.snap.jpg,0.537816
2025-04-07 17:30:00,/Volumes/Argus/unk/snap/c1/1744047000.c1.snap.jpg,0.7328054
2025-04-07 18:00:00,/Volumes/Argus/unk/snap/c1/1744048800.c1.snap.jpg,0.94135284
2025-04-07 18:30:00,/Volumes/Argus/unk/snap/c1/1744050600.c1.snap.jpg,0.5007272
2025-04-07 19:00:00,/Volumes/Argus/unk/snap/c1/1744052400.c1.snap.jpg,0.7086767
2025-04-07 20:00:00,/Volumes/Argus/unk/snap/c1/1744056000.c1.snap.jpg,0.54910004
2025-04-07 21:00:00,/Volumes/Argus/unk/snap/c1/1744059600.c1.snap.jpg,0.5979684
2025-04-07 21:30:00,/Volumes/Argus/unk/snap/c1/1744061400.c1.snap.jpg,0.5908705
2025-04-07 22:00:00,/Volumes/Argus/unk/snap/c1/1744063200.c1.snap.jpg,0.5835457
2025-04-07 22:30:00,/Volumes/Argus/unk/snap/c1/1744065000.c1.snap.jpg,0.6227545
2025-04-07 23:00:00,/Volumes/Argus/unk/snap/c1/1744066800.c1.snap.jpg,0.550786
2025-04-07 23:30:00,/Volumes/Argus/unk/snap/c1/1744068600.c1.snap.jpg,0.5834193
2025-04-08 00:00:00,/Volumes/Argus/unk/snap/c1/1744070400.c1.snap.jpg,0.6032394
2025-04-08 00:30:00,/Volumes/Argus/unk/snap/c1/1744072200.c1.snap.jpg,0.5812217
2025-04-08 01:00:00,/Volumes/Argus/unk/snap/c1/1744074000.c1.snap.jpg,0.6888703
2025-04-08 01:30:00,/Volumes/Argus/unk/snap/c1/1744075800.c1.snap.jpg,0.8809049
2025-04-08 02:00:00,/Volumes/Argus/unk/snap/c1/1744077600.c1.snap.jpg,0.6524595
2025-04-08 02:30:00,/Volumes/Argus/unk/snap/c1/1744079400.c1.snap.jpg,0.5561652
2025-04-08 03:00:00,/Volumes/Argus/unk/snap/c1/1744081200.c1.snap.jpg,0.5838126
2025-04-08 03:30:00,/Volumes/Argus/unk/snap/c1/1744083000.c1.snap.jpg,0.65694714
2025-04-08 04:00:00,/Volumes/Argus/unk/snap/c1/1744084800.c1.snap.jpg,0.6891805
2025-04-08 04:30:00,/Volumes/Argus/unk/snap/c1/1744086600.c1.snap.jpg,0.7478332
2025-04-08 05:00:00,/Volumes/Argus/unk/snap/c1/1744088400.c1.snap.jpg,0.6981493
2025-04-08 05:30:00,/Volumes/Argus/unk/snap/c1/1744090200.c1.snap.jpg,0.7083761
2025-04-08 06:00:00,/Volumes/Argus/unk/snap/c1/1744092000.c1.snap.jpg,0.713693
2025-04-08 06:30:00,/Volumes/Argus/unk/snap/c1/1744093800.c1.snap.jpg,0.9907489
2025-04-08 15:00:00,/Volumes/Argus/unk/snap/c1/1744124400.c1.snap.jpg,0.6877
2025-04-08 15:30:00,/Volumes/Argus/unk/snap/c1/1744126200.c1.snap.jpg,0.734571
2025-04-08 16:00:00,/Volumes/Argus/unk/snap/c1/1744128000.c1.snap.jpg,1.0207518
2025-04-08 16:30:00,/Volumes/Argus/unk/snap/c1/1744129800.c1.snap.jpg,0.6305216
2025-04-08 17:00:00,/Volumes/Argus/unk/snap/c1/1744131600.c1.snap.jpg,0.5538435
2025-04-08 17:30:00,/Volumes/Argus/unk/snap/c1/1744133400.c1.snap.jpg,0.52530724
2025-04-08 18:00:00,/Volumes/Argus/unk/snap/c1/1744135200.c1.snap.jpg,0.48245698
2025-04-08 18:30:00,/Volumes/Argus/unk/snap/c1/1744137000.c1.snap.jpg,0.54101443
2025-04-08 19:00:00,/Volumes/Argus/unk/snap/c1/1744138800.c1.snap.jpg,0.43468624
2025-04-08 19:30:00,/Volumes/Argus/unk/snap/c1/1744140600.c1.snap.jpg,0.6090469
2025-04-08 20:00:00,/Volumes/Argus/unk/snap/c1/1744142400.c1.snap.jpg,0.601907
2025-04-08 20:30:00,/Volumes/Argus/unk/snap/c1/1744144200.c1.snap.jpg,0.6085845
2025-04-08 21:00:00,/Volumes/Argus/unk/snap/c1/1744146000.c1.snap.jpg,0.6311959
2025-04-08 21:30:00,/Volumes/Argus/unk/snap/c1/1744147800.c1.snap.jpg,0.6856092
2025-04-08 22:00:00,/Volumes/Argus/unk/snap/c1/1744149600.c1.snap.jpg,0.69995046
2025-04-08 22:30:00,/Volumes/Argus/unk/snap/c1/1744151400.c1.snap.jpg,0.7208538
2025-04-08 23:00:00,/Volumes/Argus/unk/snap/c1/1744153200.c1.snap.jpg,0.72261506
2025-04-08 23:30:00,/Volumes/Argus/unk/snap/c1/1744155000.c1.snap.jpg,0.7618743
2025-04-09 00:00:00,/Volumes/Argus/unk/snap/c1/1744156800.c1.snap.jpg,0.71484685
2025-04-09 00:30:00,/Volumes/Argus/unk/snap/c1/1744158600.c1.snap.jpg,0.6838329
2025-04-09 01:00:00,/Volumes/Argus/unk/snap/c1/1744160400.c1.snap.jpg,0.7160381
2025-04-09 01:30:00,/Volumes/Argus/unk/snap/c1/1744162200.c1.snap.jpg,0.7809646
2025-04-09 02:00:00,/Volumes/Argus/unk/snap/c1/1744164000.c1.snap.jpg,0.68250287
2025-04-09 02:30:00,/Volumes/Argus/unk/snap/c1/1744165800.c1.snap.jpg,0.75840354
2025-04-09 03:00:00,/Volumes/Argus/unk/snap/c1/1744167600.c1.snap.jpg,1.079687
2025-04-09 15:00:00,/Volumes/Argus/unk/snap/c1/1744210800.c1.snap.jpg,0.776378
2025-04-09 15:30:00,/Volumes/Argus/unk/snap/c1/1744212600.c1.snap.jpg,0.8009479
2025-04-09 16:00:00,/Volumes/Argus/unk/snap/c1/1744214400.c1.snap.jpg,0.8420846
2025-04-09 17:00:00,/Volumes/Argus/unk/snap/c1/1744218000.c1.snap.jpg,0.75246465
2025-04-09 17:30:00,/Volumes/Argus/unk/snap/c1/1744219800.c1.snap.jpg,0.8635578
2025-04-09 18:00:00,/Volumes/Argus/unk/snap/c1/1744221600.c1.snap.jpg,1.2838149
2025-04-09 19:30:00,/Volumes/Argus/unk/snap/c1/1744227000.c1.snap.jpg,0.5493042
2025-04-09 20:00:00,/Volumes/Argus/unk/snap/c1/1744228800.c1.snap.jpg,0.5647771
2025-04-09 20:30:00,/Volumes/Argus/unk/snap/c1/1744230600.c1.snap.jpg,0.60768986
2025-04-09 21:00:00,/Volumes/Argus/unk/snap/c1/1744232400.c1.snap.jpg,0.57249165
2025-04-09 21:30:00,/Volumes/Argus/unk/snap/c1/1744234200.c1.snap.jpg,0.6739112
2025-04-09 22:00:00,/Volumes/Argus/unk/snap/c1/1744236000.c1.snap.jpg,0.6720697
2025-04-09 22:30:00,/Volumes/Argus/unk/snap/c1/1744237800.c1.snap.jpg,0.7147722
2025-04-09 23:00:00,/Volumes/Argus/unk/snap/c1/1744239600.c1.snap.jpg,0.7950633
2025-04-09 23:30:00,/Volumes/Argus/unk/snap/c1/1744241400.c1.snap.jpg,0.57736737
2025-04-10 00:00:00,/Volumes/Argus/unk/snap/c1/1744243200.c1.snap.jpg,0.64240915
2025-04-10 00:30:00,/Volumes/Argus/unk/snap/c1/1744245000.c1.snap.jpg,0.69752604
2025-04-10 01:00:00,/Volumes/Argus/unk/snap/c1/1744246800.c1.snap.jpg,0.76863265
2025-04-10 01:30:00,/Volumes/Argus/unk/snap/c1/1744248600.c1.snap.jpg,0.8260123
2025-04-10 02:00:00,/Volumes/Argus/unk/snap/c1/1744250400.c1.snap.jpg,0.83548373
2025-04-10 02:30:00,/Volumes/Argus/unk/snap/c1/1744252200.c1.snap.jpg,0.75809515
2025-04-10 03:00:00,/Volumes/Argus/unk/snap/c1/1744254000.c1.snap.jpg,0.84731907
2025-04-10 03:30:00,/Volumes/Argus/unk/snap/c1/1744255800.c1.snap.jpg,0.612571
2025-04-10 04:00:00,/Volumes/Argus/unk/snap/c1/1744257600.c1.snap.jpg,0.79047704
2025-04-10 04:30:00,/Volumes/Argus/unk/snap/c1/1744259400.c1.snap.jpg,1.1640797
2025-04-10 05:00:00,/Volumes/Argus/unk/snap/c1/1744261200.c1.snap.jpg,0.97762334
2025-04-10 05:30:00,/Volumes/Argus/unk/snap/c1/1744263000.c1.snap.jpg,0.762842
2025-04-10 06:00:00,/Volumes/Argus/unk/snap/c1/1744264800.c1.snap.jpg,0.7757672
2025-04-10 06:30:00,/Volumes/Argus/unk/snap/c1/1744266600.c1.snap.jpg,0.5034237
2025-04-10 15:00:00,/Volumes/Argus/unk/snap/c1/1744297200.c1.snap.jpg,0.94026846
2025-04-10 15:30:00,/Volumes/Argus/unk/snap/c1/1744299000.c1.snap.jpg,0.9549051
2025-04-10 16:00:00,/Volumes/Argus/unk/snap/c1/1744300800.c1.snap.jpg,1.1311507
2025-04-10 16:30:00,/Volumes/Argus/unk/snap/c1/1744302600.c1.snap.jpg,0.9768073
2025-04-10 17:00:00,/Volumes/Argus/unk/snap/c1/1744304400.c1.snap.jpg,0.916753
2025-04-10 17:30:00,/Volumes/Argus/unk/snap/c1/1744306200.c1.snap.jpg,1.0527612
2025-04-10 18:00:00,/Volumes/Argus/unk/snap/c1/1744308000.c1.snap.jpg,1.0729061
2025-04-10 18:30:00,/Volumes/Argus/unk/snap/c1/1744309800.c1.snap.jpg,0.6354997
2025-04-10 19:00:00,/Volumes/Argus/unk/snap/c1/1744311600.c1.snap.jpg,0.4328465
2025-04-10 19:30:00,/Volumes/Argus/unk/snap/c1/1744313400.c1.snap.jpg,0.6770756
2025-04-10 20:00:00,/Volumes/Argus/unk/snap/c1/1744315200.c1.snap.jpg,0.44067258
2025-04-10 20:30:00,/Volumes/Argus/unk/snap/c1/1744317000.c1.snap.jpg,0.5473033
2025-04-10 21:00:00,/Volumes/Argus/unk/snap/c1/1744318800.c1.snap.jpg,0.5925516
2025-04-10 22:00:00,/Volumes/Argus/unk/snap/c1/1744322400.c1.snap.jpg,0.60550267
2025-04-10 22:30:00,/Volumes/Argus/unk/snap/c1/1744324200.c1.snap.jpg,0.6633594
2025-04-10 23:00:00,/Volumes/Argus/unk/snap/c1/1744326000.c1.snap.jpg,0.6927468
2025-04-10 23:30:00,/Volumes/Argus/unk/snap/c1/1744327800.c1.snap.jpg,0.6001689
2025-04-11 00:00:00,/Volumes/Argus/unk/snap/c1/1744329600.c1.snap.jpg,0.6569011
2025-04-11 00:30:00,/Volumes/Argus/unk/snap/c1/1744331400.c1.snap.jpg,0.7774497
2025-04-11 01:00:00,/Volumes/Argus/unk/snap/c1/1744333200.c1.snap.jpg,0.7976833
2025-04-11 01:30:00,/Volumes/Argus/unk/snap/c1/1744335000.c1.snap.jpg,0.8441071
2025-04-11 02:00:00,/Volumes/Argus/unk/snap/c1/1744336800.c1.snap.jpg,0.67828953
2025-04-11 02:30:00,/Volumes/Argus/unk/snap/c1/1744338600.c1.snap.jpg,0.9780192
2025-04-11 03:00:00,/Volumes/Argus/unk/snap/c1/1744340400.c1.snap.jpg,0.6326647
2025-04-11 03:30:00,/Volumes/Argus/unk/snap/c1/1744342200.c1.snap.jpg,1.2637494
2025-04-11 04:00:00,/Volumes/Argus/unk/snap/c1/1744344000.c1.snap.jpg,1.1432223
2025-04-11 04:30:00,/Volumes/Argus/unk/snap/c1/1744345800.c1.snap.jpg,1.1793754
2025-04-11 05:00:00,/Volumes/Argus/unk/snap/c1/1744347600.c1.snap.jpg,1.1110926
2025-04-11 05:30:00,/Volumes/Argus/unk/snap/c1/1744349400.c1.snap.jpg,0.62582725
2025-04-11 06:00:00,/Volumes/Argus/unk/snap/c1/1744351200.c1.snap.jpg,0.94394064
2025-04-11 06:30:00,/Volumes/Argus/unk/snap/c1/1744353000.c1.snap.jpg,0.56206465
2025-04-11 15:00:00,/Volumes/Argus/unk/snap/c1/1744383600.c1.snap.jpg,0.7462159
2025-04-11 19:30:00,/Volumes/Argus/unk/snap/c1/1744399800.c1.snap.jpg,0.55590814
2025-04-12 15:00:00,/Volumes/Argus/unk/snap/c1/1744470000.c1.snap.jpg,0.8946431
2025-04-12 16:00:00,/Volumes/Argus/unk/snap/c1/1744473600.c1.snap.jpg,1.0557916
2025-04-12 16:30:00,/Volumes/Argus/unk/snap/c1/1744475400.c1.snap.jpg,1.1150746
2025-04-12 17:00:00,/Volumes/Argus/unk/snap/c1/1744477200.c1.snap.jpg,0.5875146
2025-04-12 17:30:00,/Volumes/Argus/unk/snap/c1/1744479000.c1.snap.jpg,1.0140913
2025-04-12 18:00:00,/Volumes/Argus/unk/snap/c1/1744480800.c1.snap.jpg,0.6789999
2025-04-12 18:30:00,/Volumes/Argus/unk/snap/c1/1744482600.c1.snap.jpg,0.5715754
2025-04-12 19:00:00,/Volumes/Argus/unk/snap/c1/1744484400.c1.snap.jpg,0.5087688
2025-04-12 20:00:00,/Volumes/Argus/unk/snap/c1/1744488000.c1.snap.jpg,0.50266796
2025-04-12 20:30:00,/Volumes/Argus/unk/snap/c1/1744489800.c1.snap.jpg,0.64740765
2025-04-12 21:00:00,/Volumes/Argus/unk/snap/c1/1744491600.c1.snap.jpg,0.65441823
2025-04-12 22:00:00,/Volumes/Argus/unk/snap/c1/1744495200.c1.snap.jpg,0.6119024
2025-04-12 22:30:00,/Volumes/Argus/unk/snap/c1/1744497000.c1.snap.jpg,0.66865134
2025-04-12 23:00:00,/Volumes/Argus/unk/snap/c1/1744498800.c1.snap.jpg,0.64094263
2025-04-12 23:30:00,/Volumes/Argus/unk/snap/c1/1744500600.c1.snap.jpg,0.5905499
2025-04-13 00:00:00,/Volumes/Argus/unk/snap/c1/1744502400.c1.snap.jpg,0.65167236
2025-04-13 00:30:00,/Volumes/Argus/unk/snap/c1/1744504200.c1.snap.jpg,0.7021519
2025-04-13 01:00:00,/Volumes/Argus/unk/snap/c1/1744506000.c1.snap.jpg,0.6599847
2025-04-13 01:30:00,/Volumes/Argus/unk/snap/c1/1744507800.c1.snap.jpg,0.81583726
2025-04-13 02:00:00,/Volumes/Argus/unk/snap/c1/1744509600.c1.snap.jpg,0.8095393
2025-04-13 02:30:00,/Volumes/Argus/unk/snap/c1/1744511400.c1.snap.jpg,0.86246073
2025-04-13 03:00:00,/Volumes/Argus/unk/snap/c1/1744513200.c1.snap.jpg,1.04199
2025-04-13 03:30:00,/Volumes/Argus/unk/snap/c1/1744515000.c1.snap.jpg,0.9179661
2025-04-13 04:00:00,/Volumes/Argus/unk/snap/c1/1744516800.c1.snap.jpg,0.77419734
2025-04-13 04:30:00,/Volumes/Argus/unk/snap/c1/1744518600.c1.snap.jpg,0.767013
2025-04-13 05:00:00,/Volumes/Argus/unk/snap/c1/1744520400.c1.snap.jpg,0.74843884
2025-04-13 05:30:00,/Volumes/Argus/unk/snap/c1/1744522200.c1.snap.jpg,0.7906603
2025-04-13 06:00:00,/Volumes/Argus/unk/snap/c1/1744524000.c1.snap.jpg,0.78836536
2025-04-13 06:30:00,/Volumes/Argus/unk/snap/c1/1744525800.c1.snap.jpg,1.4126207
2025-04-13 15:00:00,/Volumes/Argus/unk/snap/c1/1744556400.c1.snap.jpg,0.5975307
2025-04-13 15:30:00,/Volumes/Argus/unk/snap/c1/1744558200.c1.snap.jpg,0.60342324
2025-04-13 16:00:00,/Volumes/Argus/unk/snap/c1/1744560000.c1.snap.jpg,0.6770289
2025-04-13 16:30:00,/Volumes/Argus/unk/snap/c1/1744561800.c1.snap.jpg,0.6240686
2025-04-13 17:00:00,/Volumes/Argus/unk/snap/c1/1744563600.c1.snap.jpg,0.5390638
2025-04-13 17:30:00,/Volumes/Argus/unk/snap/c1/1744565400.c1.snap.jpg,0.533279
2025-04-13 18:00:00,/Volumes/Argus/unk/snap/c1/1744567200.c1.snap.jpg,0.37221813
2025-04-13 18:30:00,/Volumes/Argus/unk/snap/c1/1744569000.c1.snap.jpg,0.4958902
2025-04-13 19:00:00,/Volumes/Argus/unk/snap/c1/1744570800.c1.snap.jpg,1.0704652
2025-04-13 19:30:00,/Volumes/Argus/unk/snap/c1/1744572600.c1.snap.jpg,1.0334613
2025-04-13 20:00:00,/Volumes/Argus/unk/snap/c1/1744574400.c1.snap.jpg,0.72235566
2025-04-13 20:30:00,/Volumes/Argus/unk/snap/c1/1744576200.c1.snap.jpg,0.831544
2025-04-13 21:00:00,/Volumes/Argus/unk/snap/c1/1744578000.c1.snap.jpg,0.7285025
2025-04-13 21:30:00,/Volumes/Argus/unk/snap/c1/1744579800.c1.snap.jpg,0.63341814
2025-04-13 22:00:00,/Volumes/Argus/unk/snap/c1/1744581600.c1.snap.jpg,0.65807563
2025-04-13 22:30:00,/Volumes/Argus/unk/snap/c1/1744583400.c1.snap.jpg,0.5653759
2025-04-13 23:00:00,/Volumes/Argus/unk/snap/c1/1744585200.c1.snap.jpg,0.6790402
2025-04-13 23:30:00,/Volumes/Argus/unk/snap/c1/1744587000.c1.snap.jpg,0.65834445
2025-04-14 00:00:00,/Volumes/Argus/unk/snap/c1/1744588800.c1.snap.jpg,0.6238051
2025-04-14 00:30:00,/Volumes/Argus/unk/snap/c1/1744590600.c1.snap.jpg,0.6473162
2025-04-14 01:00:00,/Volumes/Argus/unk/snap/c1/1744592400.c1.snap.jpg,0.72915375
2025-04-14 01:30:00,/Volumes/Argus/unk/snap/c1/1744594200.c1.snap.jpg,0.78621334
2025-04-14 02:00:00,/Volumes/Argus/unk/snap/c1/1744596000.c1.snap.jpg,0.8285153
2025-04-14 02:30:00,/Volumes/Argus/unk/snap/c1/1744597800.c1.snap.jpg,0.7330024
2025-04-14 03:00:00,/Volumes/Argus/unk/snap/c1/1744599600.c1.snap.jpg,0.5920343
2025-04-14 03:30:00,/Volumes/Argus/unk/snap/c1/1744601400.c1.snap.jpg,0.7986007
2025-04-14 04:00:00,/Volumes/Argus/unk/snap/c1/1744603200.c1.snap.jpg,0.69966817
2025-04-14 04:30:00,/Volumes/Argus/unk/snap/c1/1744605000.c1.snap.jpg,0.6697027
2025-04-14 05:30:00,/Volumes/Argus/unk/snap/c1/1744608600.c1.snap.jpg,0.7477243
2025-04-14 06:00:00,/Volumes/Argus/unk/snap/c1/1744610400.c1.snap.jpg,0.84890056
2025-04-14 06:30:00,/Volumes/Argus/unk/snap/c1/1744612200.c1.snap.jpg,1.4132158
2025-04-14 14:30:00,/Volumes/Argus/unk/snap/c1/1744641000.c1.snap.jpg,0.75103503
2025-04-14 15:00:00,/Volumes/Argus/unk/snap/c1/1744642800.c1.snap.jpg,0.58412623
2025-04-14 15:30:00,/Volumes/Argus/unk/snap/c1/1744644600.c1.snap.jpg,0.740601
2025-04-14 16:00:00,/Volumes/Argus/unk/snap/c1/1744646400.c1.snap.jpg,0.9559613
2025-04-14 16:30:00,/Volumes/Argus/unk/snap/c1/1744648200.c1.snap.jpg,0.53695136
2025-04-14 17:00:00,/Volumes/Argus/unk/snap/c1/1744650000.c1.snap.jpg,0.5365498
2025-04-14 17:30:00,/Volumes/Argus/unk/snap/c1/1744651800.c1.snap.jpg,0.5246726
2025-04-14 18:00:00,/Volumes/Argus/unk/snap/c1/1744653600.c1.snap.jpg,0.52276754
2025-04-14 18:30:00,/Volumes/Argus/unk/snap/c1/1744655400.c1.snap.jpg,0.55200946
2025-04-14 19:00:00,/Volumes/Argus/unk/snap/c1/1744657200.c1.snap.jpg,0.526716
2025-04-14 19:30:00,/Volumes/Argus/unk/snap/c1/1744659000.c1.snap.jpg,0.56437844
2025-04-14 20:00:00,/Volumes/Argus/unk/snap/c1/1744660800.c1.snap.jpg,0.53808534
2025-04-14 20:30:00,/Volumes/Argus/unk/snap/c1/1744662600.c1.snap.jpg,0.60828906
2025-04-14 21:00:00,/Volumes/Argus/unk/snap/c1/1744664400.c1.snap.jpg,0.5598912
2025-04-14 21:30:00,/Volumes/Argus/unk/snap/c1/1744666200.c1.snap.jpg,0.65636945
2025-04-14 22:00:00,/Volumes/Argus/unk/snap/c1/1744668000.c1.snap.jpg,0.63210076
2025-04-14 22:30:00,/Volumes/Argus/unk/snap/c1/1744669800.c1.snap.jpg,0.6183078
2025-04-14 23:00:00,/Volumes/Argus/unk/snap/c1/1744671600.c1.snap.jpg,0.6936111
2025-04-14 23:30:00,/Volumes/Argus/unk/snap/c1/1744673400.c1.snap.jpg,0.71041715
2025-04-15 00:00:00,/Volumes/Argus/unk/snap/c1/1744675200.c1.snap.jpg,0.6880386
2025-04-15 00:30:00,/Volumes/Argus/unk/snap/c1/1744677000.c1.snap.jpg,0.6816586
2025-04-15 01:00:00,/Volumes/Argus/unk/snap/c1/1744678800.c1.snap.jpg,0.65616584
2025-04-15 02:00:00,/Volumes/Argus/unk/snap/c1/1744682400.c1.snap.jpg,0.67708445
2025-04-15 02:30:00,/Volumes/Argus/unk/snap/c1/1744684200.c1.snap.jpg,0.8178754
2025-04-15 03:00:00,/Volumes/Argus/unk/snap/c1/1744686000.c1.snap.jpg,0.66227365
2025-04-15 03:30:00,/Volumes/Argus/unk/snap/c1/1744687800.c1.snap.jpg,0.9748215
2025-04-15 04:00:00,/Volumes/Argus/unk/snap/c1/1744689600.c1.snap.jpg,0.70024025
2025-04-15 04:30:00,/Volumes/Argus/unk/snap/c1/1744691400.c1.snap.jpg,0.59654474
2025-04-15 05:00:00,/Volumes/Argus/unk/snap/c1/1744693200.c1.snap.jpg,0.61741155
2025-04-15 05:30:00,/Volumes/Argus/unk/snap/c1/1744695000.c1.snap.jpg,0.81573135
2025-04-15 06:00:00,/Volumes/Argus/unk/snap/c1/1744696800.c1.snap.jpg,0.8612987
2025-04-15 06:30:00,/Volumes/Argus/unk/snap/c1/1744698600.c1.snap.jpg,0.8702617
2025-04-15 07:00:00,/Volumes/Argus/unk/snap/c1/1744700400.c1.snap.jpg,1.2845472
2025-04-15 14:30:00,/Volumes/Argus/unk/snap/c1/1744727400.c1.snap.jpg,0.7782085
2025-04-15 15:00:00,/Volumes/Argus/unk/snap/c1/1744729200.c1.snap.jpg,0.7472538
2025-04-15 15:30:00,/Volumes/Argus/unk/snap/c1/1744731000.c1.snap.jpg,0.74233854
2025-04-15 16:00:00,/Volumes/Argus/unk/snap/c1/1744732800.c1.snap.jpg,0.6860757
2025-04-15 16:30:00,/Volumes/Argus/unk/snap/c1/1744734600.c1.snap.jpg,0.59532917
2025-04-15 17:00:00,/Volumes/Argus/unk/snap/c1/1744736400.c1.snap.jpg,0.58351517
2025-04-15 17:30:00,/Volumes/Argus/unk/snap/c1/1744738200.c1.snap.jpg,0.6800912
2025-04-15 18:00:00,/Volumes/Argus/unk/snap/c1/1744740000.c1.snap.jpg,0.6904491
2025-04-15 19:00:00,/Volumes/Argus/unk/snap/c1/1744743600.c1.snap.jpg,0.6841752
2025-04-15 19:30:00,/Volumes/Argus/unk/snap/c1/1744745400.c1.snap.jpg,0.5332719
2025-04-15 20:00:00,/Volumes/Argus/unk/snap/c1/1744747200.c1.snap.jpg,0.5555327
2025-04-15 20:30:00,/Volumes/Argus/unk/snap/c1/1744749000.c1.snap.jpg,0.59136236
2025-04-15 21:00:00,/Volumes/Argus/unk/snap/c1/1744750800.c1.snap.jpg,0.6439811
2025-04-15 22:00:00,/Volumes/Argus/unk/snap/c1/1744754400.c1.snap.jpg,0.6250126
2025-04-15 22:30:00,/Volumes/Argus/unk/snap/c1/1744756200.c1.snap.jpg,0.5733641
2025-04-15 23:00:00,/Volumes/Argus/unk/snap/c1/1744758000.c1.snap.jpg,0.5309857
2025-04-16 00:00:00,/Volumes/Argus/unk/snap/c1/1744761600.c1.snap.jpg,0.6951683
2025-04-16 00:30:00,/Volumes/Argus/unk/snap/c1/1744763400.c1.snap.jpg,0.6638304
2025-04-16 01:00:00,/Volumes/Argus/unk/snap/c1/1744765200.c1.snap.jpg,0.7370213
2025-04-16 01:30:00,/Volumes/Argus/unk/snap/c1/1744767000.c1.snap.jpg,0.732666
2025-04-16 02:00:00,/Volumes/Argus/unk/snap/c1/1744768800.c1.snap.jpg,0.703151
2025-04-16 02:30:00,/Volumes/Argus/unk/snap/c1/1744770600.c1.snap.jpg,0.7308931
2025-04-16 03:00:00,/Volumes/Argus/unk/snap/c1/1744772400.c1.snap.jpg,0.6255075
2025-04-16 04:30:00,/Volumes/Argus/unk/snap/c1/1744777800.c1.snap.jpg,0.768554
2025-04-16 05:00:00,/Volumes/Argus/unk/snap/c1/1744779600.c1.snap.jpg,0.76204336
2025-04-16 05:30:00,/Volumes/Argus/unk/snap/c1/1744781400.c1.snap.jpg,0.6000426
2025-04-16 06:00:00,/Volumes/Argus/unk/snap/c1/1744783200.c1.snap.jpg,0.65234923
2025-04-16 06:30:00,/Volumes/Argus/unk/snap/c1/1744785000.c1.snap.jpg,0.59411216
2025-04-16 07:00:00,/Volumes/Argus/unk/snap/c1/1744786800.c1.snap.jpg,0.8216766
2025-04-16 14:30:00,/Volumes/Argus/unk/snap/c1/1744813800.c1.snap.jpg,0.735892
2025-04-16 15:00:00,/Volumes/Argus/unk/snap/c1/1744815600.c1.snap.jpg,0.5828227
2025-04-16 15:30:00,/Volumes/Argus/unk/snap/c1/1744817400.c1.snap.jpg,0.65849483
2025-04-16 16:00:00,/Volumes/Argus/unk/snap/c1/1744819200.c1.snap.jpg,0.6269305
2025-04-16 16:30:00,/Volumes/Argus/unk/snap/c1/1744821000.c1.snap.jpg,0.5830163
2025-04-16 17:00:00,/Volumes/Argus/unk/snap/c1/1744822800.c1.snap.jpg,0.6113573
2025-04-16 17:30:00,/Volumes/Argus/unk/snap/c1/1744824600.c1.snap.jpg,0.5638499
2025-04-16 18:00:00,/Volumes/Argus/unk/snap/c1/1744826400.c1.snap.jpg,0.5597377
2025-04-16 18:30:00,/Volumes/Argus/unk/snap/c1/1744828200.c1.snap.jpg,0.67795074
2025-04-16 19:00:00,/Volumes/Argus/unk/snap/c1/1744830000.c1.snap.jpg,0.69693804
2025-04-16 19:30:00,/Volumes/Argus/unk/snap/c1/1744831800.c1.snap.jpg,0.68487185
2025-04-16 20:00:00,/Volumes/Argus/unk/snap/c1/1744833600.c1.snap.jpg,0.7387018
2025-04-16 20:30:00,/Volumes/Argus/unk/snap/c1/1744835400.c1.snap.jpg,0.6545583
2025-04-16 21:00:00,/Volumes/Argus/unk/snap/c1/1744837200.c1.snap.jpg,0.67728484
2025-04-16 21:30:00,/Volumes/Argus/unk/snap/c1/1744839000.c1.snap.jpg,0.6689182
2025-04-16 22:00:00,/Volumes/Argus/unk/snap/c1/1744840800.c1.snap.jpg,0.55191875
2025-04-16 22:30:00,/Volumes/Argus/unk/snap/c1/1744842600.c1.snap.jpg,0.62014383
2025-04-16 23:00:00,/Volumes/Argus/unk/snap/c1/1744844400.c1.snap.jpg,0.5089948
2025-04-16 23:30:00,/Volumes/Argus/unk/snap/c1/1744846200.c1.snap.jpg,0.59664315
2025-04-17 00:00:00,/Volumes/Argus/unk/snap/c1/1744848000.c1.snap.jpg,0.5881473
2025-04-17 00:30:00,/Volumes/Argus/unk/snap/c1/1744849800.c1.snap.jpg,0.6866348
2025-04-17 01:00:00,/Volumes/Argus/unk/snap/c1/1744851600.c1.snap.jpg,0.6263685
2025-04-17 01:30:00,/Volumes/Argus/unk/snap/c1/1744853400.c1.snap.jpg,0.7385038
2025-04-17 02:00:00,/Volumes/Argus/unk/snap/c1/1744855200.c1.snap.jpg,0.57925296
2025-04-17 02:30:00,/Volumes/Argus/unk/snap/c1/1744857000.c1.snap.jpg,0.6552913
2025-04-17 03:00:00,/Volumes/Argus/unk/snap/c1/1744858800.c1.snap.jpg,0.8940259
2025-04-17 03:30:00,/Volumes/Argus/unk/snap/c1/1744860600.c1.snap.jpg,0.75125134
2025-04-17 04:30:00,/Volumes/Argus/unk/snap/c1/1744864200.c1.snap.jpg,0.8133319
2025-04-17 05:00:00,/Volumes/Argus/unk/snap/c1/1744866000.c1.snap.jpg,0.8381696
2025-04-17 05:30:00,/Volumes/Argus/unk/snap/c1/1744867800.c1.snap.jpg,0.8113355
2025-04-17 06:00:00,/Volumes/Argus/unk/snap/c1/1744869600.c1.snap.jpg,0.8011213
2025-04-17 06:30:00,/Volumes/Argus/unk/snap/c1/1744871400.c1.snap.jpg,0.8614096
2025-04-17 07:00:00,/Volumes/Argus/unk/snap/c1/1744873200.c1.snap.jpg,0.63183784
2025-04-17 14:30:00,/Volumes/Argus/unk/snap/c1/1744900200.c1.snap.jpg,0.7300208
2025-04-17 15:00:00,/Volumes/Argus/unk/snap/c1/1744902000.c1.snap.jpg,0.830828
2025-04-17 15:30:00,/Volumes/Argus/unk/snap/c1/1744903800.c1.snap.jpg,0.9137558
2025-04-17 16:00:00,/Volumes/Argus/unk/snap/c1/1744905600.c1.snap.jpg,0.89184856
2025-04-17 16:30:00,/Volumes/Argus/unk/snap/c1/1744907400.c1.snap.jpg,0.92451775
2025-04-17 17:00:00,/Volumes/Argus/unk/snap/c1/1744909200.c1.snap.jpg,0.8678522
2025-04-17 17:30:00,/Volumes/Argus/unk/snap/c1/1744911000.c1.snap.jpg,0.8885415
2025-04-17 18:00:00,/Volumes/Argus/unk/snap/c1/1744912800.c1.snap.jpg,0.88039756
2025-04-17 18:30:00,/Volumes/Argus/unk/snap/c1/1744914600.c1.snap.jpg,0.8366094
2025-04-17 19:00:00,/Volumes/Argus/unk/snap/c1/1744916400.c1.snap.jpg,0.86475426
2025-04-17 19:30:00,/Volumes/Argus/unk/snap/c1/1744918200.c1.snap.jpg,0.8655793
2025-04-17 20:00:00,/Volumes/Argus/unk/snap/c1/1744920000.c1.snap.jpg,0.7896228
2025-04-17 20:30:00,/Volumes/Argus/unk/snap/c1/1744921800.c1.snap.jpg,0.77021116
2025-04-17 21:00:00,/Volumes/Argus/unk/snap/c1/1744923600.c1.snap.jpg,0.75384104
2025-04-17 21:30:00,/Volumes/Argus/unk/snap/c1/1744925400.c1.snap.jpg,0.6943456
2025-04-17 22:00:00,/Volumes/Argus/unk/snap/c1/1744927200.c1.snap.jpg,0.8783682
2025-04-17 22:30:00,/Volumes/Argus/unk/snap/c1/1744929000.c1.snap.jpg,0.8300614
2025-04-17 23:00:00,/Volumes/Argus/unk/snap/c1/1744930800.c1.snap.jpg,0.78711325
2025-04-17 23:30:00,/Volumes/Argus/unk/snap/c1/1744932600.c1.snap.jpg,0.7359817
2025-04-18 00:00:00,/Volumes/Argus/unk/snap/c1/1744934400.c1.snap.jpg,0.810758
2025-04-18 00:30:00,/Volumes/Argus/unk/snap/c1/1744936200.c1.snap.jpg,0.782978
2025-04-18 01:00:00,/Volumes/Argus/unk/snap/c1/1744938000.c1.snap.jpg,0.76398516
2025-04-18 02:00:00,/Volumes/Argus/unk/snap/c1/1744941600.c1.snap.jpg,0.79225177
2025-04-18 02:30:00,/Volumes/Argus/unk/snap/c1/1744943400.c1.snap.jpg,0.735778
2025-04-18 03:00:00,/Volumes/Argus/unk/snap/c1/1744945200.c1.snap.jpg,0.67077225
2025-04-18 03:30:00,/Volumes/Argus/unk/snap/c1/1744947000.c1.snap.jpg,0.9623954
2025-04-18 04:00:00,/Volumes/Argus/unk/snap/c1/1744948800.c1.snap.jpg,0.92188984
2025-04-18 04:30:00,/Volumes/Argus/unk/snap/c1/1744950600.c1.snap.jpg,0.8104923
2025-04-18 05:00:00,/Volumes/Argus/unk/snap/c1/1744952400.c1.snap.jpg,0.7540861
2025-04-18 05:30:00,/Volumes/Argus/unk/snap/c1/1744954200.c1.snap.jpg,0.77722096
2025-04-18 06:00:00,/Volumes/Argus/unk/snap/c1/1744956000.c1.snap.jpg,0.7787775
2025-04-18 06:30:00,/Volumes/Argus/unk/snap/c1/1744957800.c1.snap.jpg,0.92108357
2025-04-18 07:00:00,/Volumes/Argus/unk/snap/c1/1744959600.c1.snap.jpg,0.87192
2025-04-18 14:30:00,/Volumes/Argus/unk/snap/c1/1744986600.c1.snap.jpg,0.85662645
2025-04-18 15:00:00,/Volumes/Argus/unk/snap/c1/1744988400.c1.snap.jpg,0.6744189
2025-04-18 15:30:00,/Volumes/Argus/unk/snap/c1/1744990200.c1.snap.jpg,0.7877549
2025-04-18 16:00:00,/Volumes/Argus/unk/snap/c1/1744992000.c1.snap.jpg,0.8679476
2025-04-18 16:30:00,/Volumes/Argus/unk/snap/c1/1744993800.c1.snap.jpg,0.753224
2025-04-18 17:00:00,/Volumes/Argus/unk/snap/c1/1744995600.c1.snap.jpg,0.74953806
2025-04-18 17:30:00,/Volumes/Argus/unk/snap/c1/1744997400.c1.snap.jpg,0.79186493
2025-04-18 18:00:00,/Volumes/Argus/unk/snap/c1/1744999200.c1.snap.jpg,0.831437
2025-04-18 18:30:00,/Volumes/Argus/unk/snap/c1/1745001000.c1.snap.jpg,0.8735348
2025-04-18 19:00:00,/Volumes/Argus/unk/snap/c1/1745002800.c1.snap.jpg,0.9411276
2025-04-18 19:30:00,/Volumes/Argus/unk/snap/c1/1745004600.c1.snap.jpg,0.75990087
2025-04-18 20:00:00,/Volumes/Argus/unk/snap/c1/1745006400.c1.snap.jpg,0.81595516
2025-04-18 20:30:00,/Volumes/Argus/unk/snap/c1/1745008200.c1.snap.jpg,0.83525604
2025-04-18 21:00:00,/Volumes/Argus/unk/snap/c1/1745010000.c1.snap.jpg,0.80398846
2025-04-18 21:30:00,/Volumes/Argus/unk/snap/c1/1745011800.c1.snap.jpg,0.8240871
2025-04-18 22:00:00,/Volumes/Argus/unk/snap/c1/1745013600.c1.snap.jpg,0.88327307
2025-04-18 22:30:00,/Volumes/Argus/unk/snap/c1/1745015400.c1.snap.jpg,0.8658807
2025-04-18 23:00:00,/Volumes/Argus/unk/snap/c1/1745017200.c1.snap.jpg,0.8608049
2025-04-18 23:30:00,/Volumes/Argus/unk/snap/c1/1745019000.c1.snap.jpg,0.82029635
2025-04-19 00:00:00,/Volumes/Argus/unk/snap/c1/1745020800.c1.snap.jpg,0.8845309
2025-04-19 00:30:00,/Volumes/Argus/unk/snap/c1/1745022600.c1.snap.jpg,0.85666466
2025-04-19 01:00:00,/Volumes/Argus/unk/snap/c1/1745024400.c1.snap.jpg,0.8513077
2025-04-19 01:30:00,/Volumes/Argus/unk/snap/c1/1745026200.c1.snap.jpg,0.74478513
2025-04-19 02:00:00,/Volumes/Argus/unk/snap/c1/1745028000.c1.snap.jpg,0.763175
2025-04-19 02:30:00,/Volumes/Argus/unk/snap/c1/1745029800.c1.snap.jpg,0.76273364
2025-04-19 03:00:00,/Volumes/Argus/unk/snap/c1/1745031600.c1.snap.jpg,0.76635045
2025-04-19 03:30:00,/Volumes/Argus/unk/snap/c1/1745033400.c1.snap.jpg,0.7572684
2025-04-19 04:00:00,/Volumes/Argus/unk/snap/c1/1745035200.c1.snap.jpg,0.7679178
2025-04-19 04:30:00,/Volumes/Argus/unk/snap/c1/1745037000.c1.snap.jpg,0.75929344
2025-04-19 05:00:00,/Volumes/Argus/unk/snap/c1/1745038800.c1.snap.jpg,0.82948244
2025-04-19 05:30:00,/Volumes/Argus/unk/snap/c1/1745040600.c1.snap.jpg,0.78910345
2025-04-19 06:30:00,/Volumes/Argus/unk/snap/c1/1745044200.c1.snap.jpg,0.79863167
2025-04-19 07:00:00,/Volumes/Argus/unk/snap/c1/1745046000.c1.snap.jpg,0.745649
2025-04-19 14:30:00,/Volumes/Argus/unk/snap/c1/1745073000.c1.snap.jpg,0.8228064
2025-04-19 15:00:00,/Volumes/Argus/unk/snap/c1/1745074800.c1.snap.jpg,0.82279694
2025-04-19 15:30:00,/Volumes/Argus/unk/snap/c1/1745076600.c1.snap.jpg,0.8639524
2025-04-19 16:00:00,/Volumes/Argus/unk/snap/c1/1745078400.c1.snap.jpg,0.770855
2025-04-19 16:30:00,/Volumes/Argus/unk/snap/c1/1745080200.c1.snap.jpg,0.76927453
2025-04-19 17:00:00,/Volumes/Argus/unk/snap/c1/1745082000.c1.snap.jpg,0.7268167
2025-04-19 17:30:00,/Volumes/Argus/unk/snap/c1/1745083800.c1.snap.jpg,0.7407233
2025-04-19 18:00:00,/Volumes/Argus/unk/snap/c1/1745085600.c1.snap.jpg,0.8446054
2025-04-19 18:30:00,/Volumes/Argus/unk/snap/c1/1745087400.c1.snap.jpg,0.76501787
2025-04-19 19:00:00,/Volumes/Argus/unk/snap/c1/1745089200.c1.snap.jpg,0.68586206
2025-04-19 20:00:00,/Volumes/Argus/unk/snap/c1/1745092800.c1.snap.jpg,0.7136201
2025-04-19 20:30:00,/Volumes/Argus/unk/snap/c1/1745094600.c1.snap.jpg,0.7492228
2025-04-19 21:00:00,/Volumes/Argus/unk/snap/c1/1745096400.c1.snap.jpg,0.71180373
2025-04-19 21:30:00,/Volumes/Argus/unk/snap/c1/1745098200.c1.snap.jpg,0.72269756
2025-04-19 22:00:00,/Volumes/Argus/unk/snap/c1/1745100000.c1.snap.jpg,0.7785443
2025-04-19 22:30:00,/Volumes/Argus/unk/snap/c1/1745101800.c1.snap.jpg,0.776215
2025-04-19 23:00:00,/Volumes/Argus/unk/snap/c1/1745103600.c1.snap.jpg,0.75232774
2025-04-19 23:30:00,/Volumes/Argus/unk/snap/c1/1745105400.c1.snap.jpg,0.7853301
2025-04-20 00:00:00,/Volumes/Argus/unk/snap/c1/1745107200.c1.snap.jpg,0.79355353
2025-04-20 00:30:00,/Volumes/Argus/unk/snap/c1/1745109000.c1.snap.jpg,0.83837986
2025-04-20 01:00:00,/Volumes/Argus/unk/snap/c1/1745110800.c1.snap.jpg,0.6093652
2025-04-20 01:30:00,/Volumes/Argus/unk/snap/c1/1745112600.c1.snap.jpg,0.6490251
2025-04-20 02:00:00,/Volumes/Argus/unk/snap/c1/1745114400.c1.snap.jpg,0.71586156
2025-04-20 02:30:00,/Volumes/Argus/unk/snap/c1/1745116200.c1.snap.jpg,1.1752896
2025-04-20 03:00:00,/Volumes/Argus/unk/snap/c1/1745118000.c1.snap.jpg,0.7495689
2025-04-20 03:30:00,/Volumes/Argus/unk/snap/c1/1745119800.c1.snap.jpg,1.0538998
2025-04-20 04:00:00,/Volumes/Argus/unk/snap/c1/1745121600.c1.snap.jpg,0.73643744
2025-04-20 04:30:00,/Volumes/Argus/unk/snap/c1/1745123400.c1.snap.jpg,0.71650267
2025-04-20 05:00:00,/Volumes/Argus/unk/snap/c1/1745125200.c1.snap.jpg,0.8499433
2025-04-20 05:30:00,/Volumes/Argus/unk/snap/c1/1745127000.c1.snap.jpg,0.89796
2025-04-20 06:00:00,/Volumes/Argus/unk/snap/c1/1745128800.c1.snap.jpg,0.72855574
2025-04-20 06:30:00,/Volumes/Argus/unk/snap/c1/1745130600.c1.snap.jpg,0.7127614
2025-04-20 07:00:00,/Volumes/Argus/unk/snap/c1/1745132400.c1.snap.jpg,0.7322078
2025-04-20 14:30:00,/Volumes/Argus/unk/snap/c1/1745159400.c1.snap.jpg,0.7577019
2025-04-20 15:00:00,/Volumes/Argus/unk/snap/c1/1745161200.c1.snap.jpg,0.84732044
2025-04-20 15:30:00,/Volumes/Argus/unk/snap/c1/1745163000.c1.snap.jpg,1.0357692
2025-04-20 16:00:00,/Volumes/Argus/unk/snap/c1/1745164800.c1.snap.jpg,0.6831411
2025-04-20 16:30:00,/Volumes/Argus/unk/snap/c1/1745166600.c1.snap.jpg,0.6931629
2025-04-20 17:00:00,/Volumes/Argus/unk/snap/c1/1745168400.c1.snap.jpg,0.6590738
2025-04-20 17:30:00,/Volumes/Argus/unk/snap/c1/1745170200.c1.snap.jpg,0.6478642
2025-04-20 18:00:00,/Volumes/Argus/unk/snap/c1/1745172000.c1.snap.jpg,0.6844934
2025-04-20 18:30:00,/Volumes/Argus/unk/snap/c1/1745173800.c1.snap.jpg,0.68561506
2025-04-20 19:00:00,/Volumes/Argus/unk/snap/c1/1745175600.c1.snap.jpg,0.69575226
2025-04-20 19:30:00,/Volumes/Argus/unk/snap/c1/1745177400.c1.snap.jpg,0.69168043
2025-04-20 20:00:00,/Volumes/Argus/unk/snap/c1/1745179200.c1.snap.jpg,0.7047522
2025-04-20 20:30:00,/Volumes/Argus/unk/snap/c1/1745181000.c1.snap.jpg,0.71129596
2025-04-20 21:00:00,/Volumes/Argus/unk/snap/c1/1745182800.c1.snap.jpg,0.72130626
2025-04-20 21:30:00,/Volumes/Argus/unk/snap/c1/1745184600.c1.snap.jpg,0.73626065
2025-04-20 22:00:00,/Volumes/Argus/unk/snap/c1/1745186400.c1.snap.jpg,0.744556
2025-04-20 22:30:00,/Volumes/Argus/unk/snap/c1/1745188200.c1.snap.jpg,0.8019707
2025-04-20 23:00:00,/Volumes/Argus/unk/snap/c1/1745190000.c1.snap.jpg,0.8345669
2025-04-20 23:30:00,/Volumes/Argus/unk/snap/c1/1745191800.c1.snap.jpg,0.8612666
2025-04-21 00:00:00,/Volumes/Argus/unk/snap/c1/1745193600.c1.snap.jpg,0.8723422
2025-04-21 00:30:00,/Volumes/Argus/unk/snap/c1/1745195400.c1.snap.jpg,0.8842213
2025-04-21 01:00:00,/Volumes/Argus/unk/snap/c1/1745197200.c1.snap.jpg,0.8722745
2025-04-21 01:30:00,/Volumes/Argus/unk/snap/c1/1745199000.c1.snap.jpg,0.8327401
2025-04-21 02:00:00,/Volumes/Argus/unk/snap/c1/1745200800.c1.snap.jpg,0.8740995
2025-04-21 02:30:00,/Volumes/Argus/unk/snap/c1/1745202600.c1.snap.jpg,0.9211767
2025-04-21 03:00:00,/Volumes/Argus/unk/snap/c1/1745204400.c1.snap.jpg,0.8028835
2025-04-21 03:30:00,/Volumes/Argus/unk/snap/c1/1745206200.c1.snap.jpg,0.70707476
2025-04-21 04:00:00,/Volumes/Argus/unk/snap/c1/1745208000.c1.snap.jpg,0.7793957
2025-04-21 04:30:00,/Volumes/Argus/unk/snap/c1/1745209800.c1.snap.jpg,0.6705897
2025-04-21 05:00:00,/Volumes/Argus/unk/snap/c1/1745211600.c1.snap.jpg,1.1994714
2025-04-21 05:30:00,/Volumes/Argus/unk/snap/c1/1745213400.c1.snap.jpg,1.196493
2025-04-21 06:00:00,/Volumes/Argus/unk/snap/c1/1745215200.c1.snap.jpg,0.8965735
2025-04-21 06:30:00,/Volumes/Argus/unk/snap/c1/1745217000.c1.snap.jpg,1.0031174
2025-04-21 07:00:00,/Volumes/Argus/unk/snap/c1/1745218800.c1.snap.jpg,1.0096986
2025-04-21 14:00:00,/Volumes/Argus/unk/snap/c1/1745244000.c1.snap.jpg,0.7552098
2025-04-21 14:30:00,/Volumes/Argus/unk/snap/c1/1745245800.c1.snap.jpg,0.82936174
2025-04-21 15:00:00,/Volumes/Argus/unk/snap/c1/1745247600.c1.snap.jpg,0.85461175
2025-04-21 15:30:00,/Volumes/Argus/unk/snap/c1/1745249400.c1.snap.jpg,0.8861029
2025-04-21 16:00:00,/Volumes/Argus/unk/snap/c1/1745251200.c1.snap.jpg,0.9376612
2025-04-21 16:30:00,/Volumes/Argus/unk/snap/c1/1745253000.c1.snap.jpg,0.898141
2025-04-21 17:00:00,/Volumes/Argus/unk/snap/c1/1745254800.c1.snap.jpg,0.8003974
2025-04-21 17:30:00,/Volumes/Argus/unk/snap/c1/1745256600.c1.snap.jpg,0.83219767
2025-04-21 18:00:00,/Volumes/Argus/unk/snap/c1/1745258400.c1.snap.jpg,0.7755654
2025-04-21 18:30:00,/Volumes/Argus/unk/snap/c1/1745260200.c1.snap.jpg,0.83268297
2025-04-21 19:00:00,/Volumes/Argus/unk/snap/c1/1745262000.c1.snap.jpg,0.8154254
2025-04-21 19:30:00,/Volumes/Argus/unk/snap/c1/1745263800.c1.snap.jpg,0.8171593
2025-04-21 20:00:00,/Volumes/Argus/unk/snap/c1/1745265600.c1.snap.jpg,0.8695352
2025-04-21 20:30:00,/Volumes/Argus/unk/snap/c1/1745267400.c1.snap.jpg,0.84402347
2025-04-21 21:00:00,/Volumes/Argus/unk/snap/c1/1745269200.c1.snap.jpg,0.84816456
2025-04-21 21:30:00,/Volumes/Argus/unk/snap/c1/1745271000.c1.snap.jpg,0.82604676
2025-04-21 22:00:00,/Volumes/Argus/unk/snap/c1/1745272800.c1.snap.jpg,0.78457654
2025-04-21 22:30:00,/Volumes/Argus/unk/snap/c1/1745274600.c1.snap.jpg,0.78974384
2025-04-21 23:00:00,/Volumes/Argus/unk/snap/c1/1745276400.c1.snap.jpg,0.8223792
2025-04-21 23:30:00,/Volumes/Argus/unk/snap/c1/1745278200.c1.snap.jpg,0.7070472
2025-04-22 00:00:00,/Volumes/Argus/unk/snap/c1/1745280000.c1.snap.jpg,0.6752704
2025-04-22 00:30:00,/Volumes/Argus/unk/snap/c1/1745281800.c1.snap.jpg,0.6504114
2025-04-22 01:00:00,/Volumes/Argus/unk/snap/c1/1745283600.c1.snap.jpg,0.5873455
2025-04-22 02:00:00,/Volumes/Argus/unk/snap/c1/1745287200.c1.snap.jpg,0.6838267
2025-04-22 02:30:00,/Volumes/Argus/unk/snap/c1/1745289000.c1.snap.jpg,0.75596726
2025-04-22 03:00:00,/Volumes/Argus/unk/snap/c1/1745290800.c1.snap.jpg,0.7138977
2025-04-22 03:30:00,/Volumes/Argus/unk/snap/c1/1745292600.c1.snap.jpg,0.69208336
2025-04-22 04:00:00,/Volumes/Argus/unk/snap/c1/1745294400.c1.snap.jpg,0.63651556
2025-04-22 04:30:00,/Volumes/Argus/unk/snap/c1/1745296200.c1.snap.jpg,0.5724879
2025-04-22 05:00:00,/Volumes/Argus/unk/snap/c1/1745298000.c1.snap.jpg,0.63370335
2025-04-22 05:30:00,/Volumes/Argus/unk/snap/c1/1745299800.c1.snap.jpg,0.6108936
2025-04-22 06:00:00,/Volumes/Argus/unk/snap/c1/1745301600.c1.snap.jpg,0.6373279
2025-04-22 06:30:00,/Volumes/Argus/unk/snap/c1/1745303400.c1.snap.jpg,0.60788184
2025-04-22 07:00:00,/Volumes/Argus/unk/snap/c1/1745305200.c1.snap.jpg,0.6493914
2025-04-22 14:00:00,/Volumes/Argus/unk/snap/c1/1745330400.c1.snap.jpg,0.8092195
2025-04-22 14:30:00,/Volumes/Argus/unk/snap/c1/1745332200.c1.snap.jpg,0.6572754
2025-04-22 15:00:00,/Volumes/Argus/unk/snap/c1/1745334000.c1.snap.jpg,0.6340182
2025-04-22 15:30:00,/Volumes/Argus/unk/snap/c1/1745335800.c1.snap.jpg,0.66040796
2025-04-22 16:00:00,/Volumes/Argus/unk/snap/c1/1745337600.c1.snap.jpg,0.5983524
2025-04-22 16:30:00,/Volumes/Argus/unk/snap/c1/1745339400.c1.snap.jpg,0.6709814
2025-04-22 17:00:00,/Volumes/Argus/unk/snap/c1/1745341200.c1.snap.jpg,0.7303567
2025-04-22 17:30:00,/Volumes/Argus/unk/snap/c1/1745343000.c1.snap.jpg,0.7167815
2025-04-22 18:00:00,/Volumes/Argus/unk/snap/c1/1745344800.c1.snap.jpg,0.656535
2025-04-22 18:30:00,/Volumes/Argus/unk/snap/c1/1745346600.c1.snap.jpg,0.64494246
2025-04-22 19:00:00,/Volumes/Argus/unk/snap/c1/1745348400.c1.snap.jpg,0.6342726
2025-04-22 20:00:00,/Volumes/Argus/unk/snap/c1/1745352000.c1.snap.jpg,0.7887732
2025-04-22 20:30:00,/Volumes/Argus/unk/snap/c1/1745353800.c1.snap.jpg,0.6326351
2025-04-22 21:00:00,/Volumes/Argus/unk/snap/c1/1745355600.c1.snap.jpg,0.69901645
2025-04-22 21:30:00,/Volumes/Argus/unk/snap/c1/1745357400.c1.snap.jpg,0.6900241
2025-04-22 22:00:00,/Volumes/Argus/unk/snap/c1/1745359200.c1.snap.jpg,0.55806696
2025-04-22 22:30:00,/Volumes/Argus/unk/snap/c1/1745361000.c1.snap.jpg,0.67103344
2025-04-22 23:00:00,/Volumes/Argus/unk/snap/c1/1745362800.c1.snap.jpg,0.69945514
2025-04-22 23:30:00,/Volumes/Argus/unk/snap/c1/1745364600.c1.snap.jpg,0.6646522
2025-04-23 00:00:00,/Volumes/Argus/unk/snap/c1/1745366400.c1.snap.jpg,0.63159037
2025-04-23 00:30:00,/Volumes/Argus/unk/snap/c1/1745368200.c1.snap.jpg,0.7042414
2025-04-23 01:00:00,/Volumes/Argus/unk/snap/c1/1745370000.c1.snap.jpg,0.7086939
2025-04-23 01:30:00,/Volumes/Argus/unk/snap/c1/1745371800.c1.snap.jpg,0.7610156
2025-04-23 02:00:00,/Volumes/Argus/unk/snap/c1/1745373600.c1.snap.jpg,0.81794643
2025-04-23 02:30:00,/Volumes/Argus/unk/snap/c1/1745375400.c1.snap.jpg,0.7097527
2025-04-23 03:00:00,/Volumes/Argus/unk/snap/c1/1745377200.c1.snap.jpg,0.636773
2025-04-23 03:30:00,/Volumes/Argus/unk/snap/c1/1745379000.c1.snap.jpg,0.67014694
2025-04-23 04:00:00,/Volumes/Argus/unk/snap/c1/1745380800.c1.snap.jpg,0.9145194
2025-04-23 04:30:00,/Volumes/Argus/unk/snap/c1/1745382600.c1.snap.jpg,0.98353136
2025-04-23 05:00:00,/Volumes/Argus/unk/snap/c1/1745384400.c1.snap.jpg,0.76120675
2025-04-23 05:30:00,/Volumes/Argus/unk/snap/c1/1745386200.c1.snap.jpg,0.67416525
2025-04-23 06:00:00,/Volumes/Argus/unk/snap/c1/1745388000.c1.snap.jpg,0.7243905
2025-04-23 06:30:00,/Volumes/Argus/unk/snap/c1/1745389800.c1.snap.jpg,0.67303705
2025-04-23 07:00:00,/Volumes/Argus/unk/snap/c1/1745391600.c1.snap.jpg,0.70941484
2025-04-23 07:30:00,/Volumes/Argus/unk/snap/c1/1745393400.c1.snap.jpg,0.80157685
2025-04-23 14:00:00,/Volumes/Argus/unk/snap/c1/1745416800.c1.snap.jpg,0.61513984
2025-04-23 14:30:00,/Volumes/Argus/unk/snap/c1/1745418600.c1.snap.jpg,0.5872015
2025-04-23 15:00:00,/Volumes/Argus/unk/snap/c1/1745420400.c1.snap.jpg,0.7220624
2025-04-23 15:30:00,/Volumes/Argus/unk/snap/c1/1745422200.c1.snap.jpg,0.67788523
2025-04-23 16:00:00,/Volumes/Argus/unk/snap/c1/1745424000.c1.snap.jpg,0.6984949
2025-04-23 16:30:00,/Volumes/Argus/unk/snap/c1/1745425800.c1.snap.jpg,0.72410375
2025-04-23 17:00:00,/Volumes/Argus/unk/snap/c1/1745427600.c1.snap.jpg,0.7172236
2025-04-23 17:30:00,/Volumes/Argus/unk/snap/c1/1745429400.c1.snap.jpg,0.6914217
2025-04-23 18:00:00,/Volumes/Argus/unk/snap/c1/1745431200.c1.snap.jpg,0.6780324
2025-04-23 18:30:00,/Volumes/Argus/unk/snap/c1/1745433000.c1.snap.jpg,0.69833124
2025-04-23 19:00:00,/Volumes/Argus/unk/snap/c1/1745434800.c1.snap.jpg,0.6530194
2025-04-23 20:00:00,/Volumes/Argus/unk/snap/c1/1745438400.c1.snap.jpg,0.64410543
2025-04-23 20:30:00,/Volumes/Argus/unk/snap/c1/1745440200.c1.snap.jpg,0.6279948
2025-04-23 21:00:00,/Volumes/Argus/unk/snap/c1/1745442000.c1.snap.jpg,0.660623
2025-04-23 21:30:00,/Volumes/Argus/unk/snap/c1/1745443800.c1.snap.jpg,0.63365304
2025-04-23 22:00:00,/Volumes/Argus/unk/snap/c1/1745445600.c1.snap.jpg,0.6939824
2025-04-23 22:30:00,/Volumes/Argus/unk/snap/c1/1745447400.c1.snap.jpg,0.6596035
2025-04-23 23:00:00,/Volumes/Argus/unk/snap/c1/1745449200.c1.snap.jpg,0.64468753
2025-04-23 23:30:00,/Volumes/Argus/unk/snap/c1/1745451000.c1.snap.jpg,0.6361525
2025-04-24 00:00:00,/Volumes/Argus/unk/snap/c1/1745452800.c1.snap.jpg,0.7478303
2025-04-24 00:30:00,/Volumes/Argus/unk/snap/c1/1745454600.c1.snap.jpg,0.7726257
2025-04-24 01:00:00,/Volumes/Argus/unk/snap/c1/1745456400.c1.snap.jpg,0.71931916
2025-04-24 01:30:00,/Volumes/Argus/unk/snap/c1/1745458200.c1.snap.jpg,0.67867064
2025-04-24 02:00:00,/Volumes/Argus/unk/snap/c1/1745460000.c1.snap.jpg,0.69995314
2025-04-24 02:30:00,/Volumes/Argus/unk/snap/c1/1745461800.c1.snap.jpg,0.7928057
2025-04-24 03:00:00,/Volumes/Argus/unk/snap/c1/1745463600.c1.snap.jpg,0.8663384
2025-04-24 03:30:00,/Volumes/Argus/unk/snap/c1/1745465400.c1.snap.jpg,0.7109513
2025-04-24 04:00:00,/Volumes/Argus/unk/snap/c1/1745467200.c1.snap.jpg,0.7104581
2025-04-24 04:30:00,/Volumes/Argus/unk/snap/c1/1745469000.c1.snap.jpg,0.9990165
2025-04-24 05:00:00,/Volumes/Argus/unk/snap/c1/1745470800.c1.snap.jpg,0.82830894
2025-04-24 05:30:00,/Volumes/Argus/unk/snap/c1/1745472600.c1.snap.jpg,1.0207293
2025-04-24 06:00:00,/Volumes/Argus/unk/snap/c1/1745474400.c1.snap.jpg,1.23755
2025-04-24 06:30:00,/Volumes/Argus/unk/snap/c1/1745476200.c1.snap.jpg,1.7713611
2025-04-24 07:00:00,/Volumes/Argus/unk/snap/c1/1745478000.c1.snap.jpg,1.7348454
2025-04-24 07:30:00,/Volumes/Argus/unk/snap/c1/1745479800.c1.snap.jpg,1.7065605
2025-04-24 14:00:00,/Volumes/Argus/unk/snap/c1/1745503200.c1.snap.jpg,0.68221873
2025-04-24 14:30:00,/Volumes/Argus/unk/snap/c1/1745505000.c1.snap.jpg,0.65127903
2025-04-24 15:00:00,/Volumes/Argus/unk/snap/c1/1745506800.c1.snap.jpg,0.6561543
2025-04-24 15:30:00,/Volumes/Argus/unk/snap/c1/1745508600.c1.snap.jpg,0.6675787
2025-04-24 16:00:00,/Volumes/Argus/unk/snap/c1/1745510400.c1.snap.jpg,0.6801249
2025-04-24 16:30:00,/Volumes/Argus/unk/snap/c1/1745512200.c1.snap.jpg,0.65934026
2025-04-24 17:00:00,/Volumes/Argus/unk/snap/c1/1745514000.c1.snap.jpg,0.6933564
2025-04-24 17:30:00,/Volumes/Argus/unk/snap/c1/1745515800.c1.snap.jpg,0.6973576
2025-04-24 18:00:00,/Volumes/Argus/unk/snap/c1/1745517600.c1.snap.jpg,0.71885365
2025-04-24 18:30:00,/Volumes/Argus/unk/snap/c1/1745519400.c1.snap.jpg,0.7312546
2025-04-24 19:00:00,/Volumes/Argus/unk/snap/c1/1745521200.c1.snap.jpg,0.77712846
2025-04-24 19:30:00,/Volumes/Argus/unk/snap/c1/1745523000.c1.snap.jpg,0.7333523
2025-04-24 20:00:00,/Volumes/Argus/unk/snap/c1/1745524800.c1.snap.jpg,0.73915744
2025-04-24 20:30:00,/Volumes/Argus/unk/snap/c1/1745526600.c1.snap.jpg,0.7370969
2025-04-24 21:00:00,/Volumes/Argus/unk/snap/c1/1745528400.c1.snap.jpg,0.7834426
2025-04-24 21:30:00,/Volumes/Argus/unk/snap/c1/1745530200.c1.snap.jpg,0.7864439
2025-04-24 22:00:00,/Volumes/Argus/unk/snap/c1/1745532000.c1.snap.jpg,0.8240646
2025-04-24 22:30:00,/Volumes/Argus/unk/snap/c1/1745533800.c1.snap.jpg,0.80224866
2025-04-24 23:00:00,/Volumes/Argus/unk/snap/c1/1745535600.c1.snap.jpg,0.80714595
2025-04-25 00:00:00,/Volumes/Argus/unk/snap/c1/1745539200.c1.snap.jpg,0.7609496
2025-04-25 00:30:00,/Volumes/Argus/unk/snap/c1/1745541000.c1.snap.jpg,0.8529072
2025-04-25 01:00:00,/Volumes/Argus/unk/snap/c1/1745542800.c1.snap.jpg,0.81247544
2025-04-25 01:30:00,/Volumes/Argus/unk/snap/c1/1745544600.c1.snap.jpg,0.7864569
2025-04-25 02:30:00,/Volumes/Argus/unk/snap/c1/1745548200.c1.snap.jpg,1.1244392
2025-04-25 03:00:00,/Volumes/Argus/unk/snap/c1/1745550000.c1.snap.jpg,1.1455257
2025-04-25 03:30:00,/Volumes/Argus/unk/snap/c1/1745551800.c1.snap.jpg,1.01461
2025-04-25 04:00:00,/Volumes/Argus/unk/snap/c1/1745553600.c1.snap.jpg,0.78982383
2025-04-25 04:30:00,/Volumes/Argus/unk/snap/c1/1745555400.c1.snap.jpg,0.8230742
2025-04-25 05:00:00,/Volumes/Argus/unk/snap/c1/1745557200.c1.snap.jpg,0.8853332
2025-04-25 05:30:00,/Volumes/Argus/unk/snap/c1/1745559000.c1.snap.jpg,0.95798564
2025-04-25 06:00:00,/Volumes/Argus/unk/snap/c1/1745560800.c1.snap.jpg,0.9820633
2025-04-25 06:30:00,/Volumes/Argus/unk/snap/c1/1745562600.c1.snap.jpg,1.2298945
2025-04-25 07:00:00,/Volumes/Argus/unk/snap/c1/1745564400.c1.snap.jpg,1.1880586
2025-04-25 07:30:00,/Volumes/Argus/unk/snap/c1/1745566200.c1.snap.jpg,1.1680278
2025-04-25 14:00:00,/Volumes/Argus/unk/snap/c1/1745589600.c1.snap.jpg,0.8780359
2025-04-25 14:30:00,/Volumes/Argus/unk/snap/c1/1745591400.c1.snap.jpg,0.797644
2025-04-25 15:00:00,/Volumes/Argus/unk/snap/c1/1745593200.c1.snap.jpg,0.8216851
2025-04-25 15:30:00,/Volumes/Argus/unk/snap/c1/1745595000.c1.snap.jpg,0.8806164
2025-04-25 16:00:00,/Volumes/Argus/unk/snap/c1/1745596800.c1.snap.jpg,0.9134356
2025-04-25 16:30:00,/Volumes/Argus/unk/snap/c1/1745598600.c1.snap.jpg,0.9168065
2025-04-25 17:00:00,/Volumes/Argus/unk/snap/c1/1745600400.c1.snap.jpg,0.8705858
2025-04-25 17:30:00,/Volumes/Argus/unk/snap/c1/1745602200.c1.snap.jpg,0.75721335
2025-04-25 18:00:00,/Volumes/Argus/unk/snap/c1/1745604000.c1.snap.jpg,0.8904677
2025-04-25 18:30:00,/Volumes/Argus/unk/snap/c1/1745605800.c1.snap.jpg,0.88921255
2025-04-25 19:00:00,/Volumes/Argus/unk/snap/c1/1745607600.c1.snap.jpg,0.9064196
2025-04-25 19:30:00,/Volumes/Argus/unk/snap/c1/1745609400.c1.snap.jpg,0.84945124
2025-04-25 20:00:00,/Volumes/Argus/unk/snap/c1/1745611200.c1.snap.jpg,0.8406775
2025-04-25 20:30:00,/Volumes/Argus/unk/snap/c1/1745613000.c1.snap.jpg,0.847883
2025-04-25 21:00:00,/Volumes/Argus/unk/snap/c1/1745614800.c1.snap.jpg,0.9012897
2025-04-25 21:30:00,/Volumes/Argus/unk/snap/c1/1745616600.c1.snap.jpg,0.8243565
2025-04-25 22:00:00,/Volumes/Argus/unk/snap/c1/1745618400.c1.snap.jpg,0.8591517
2025-04-25 22:30:00,/Volumes/Argus/unk/snap/c1/1745620200.c1.snap.jpg,0.869041
2025-04-25 23:00:00,/Volumes/Argus/unk/snap/c1/1745622000.c1.snap.jpg,0.86946297
2025-04-25 23:30:00,/Volumes/Argus/unk/snap/c1/1745623800.c1.snap.jpg,0.9796942
2025-04-26 00:00:00,/Volumes/Argus/unk/snap/c1/1745625600.c1.snap.jpg,0.8683729
2025-04-26 00:30:00,/Volumes/Argus/unk/snap/c1/1745627400.c1.snap.jpg,1.0589713
2025-04-26 01:00:00,/Volumes/Argus/unk/snap/c1/1745629200.c1.snap.jpg,0.9196002
2025-04-26 01:30:00,/Volumes/Argus/unk/snap/c1/1745631000.c1.snap.jpg,1.0449508
2025-04-26 02:00:00,/Volumes/Argus/unk/snap/c1/1745632800.c1.snap.jpg,1.0558231
2025-04-26 02:30:00,/Volumes/Argus/unk/snap/c1/1745634600.c1.snap.jpg,1.1009569
2025-04-26 03:00:00,/Volumes/Argus/unk/snap/c1/1745636400.c1.snap.jpg,1.1296495
2025-04-26 03:30:00,/Volumes/Argus/unk/snap/c1/1745638200.c1.snap.jpg,1.1247778
2025-04-26 04:00:00,/Volumes/Argus/unk/snap/c1/1745640000.c1.snap.jpg,1.1883268
2025-04-26 04:30:00,/Volumes/Argus/unk/snap/c1/1745641800.c1.snap.jpg,1.1408563
2025-04-26 05:00:00,/Volumes/Argus/unk/snap/c1/1745643600.c1.snap.jpg,1.1282251
2025-04-26 05:30:00,/Volumes/Argus/unk/snap/c1/1745645400.c1.snap.jpg,1.102458
2025-04-26 06:00:00,/Volumes/Argus/unk/snap/c1/1745647200.c1.snap.jpg,0.9864833
2025-04-26 06:30:00,/Volumes/Argus/unk/snap/c1/1745649000.c1.snap.jpg,1.0597787
2025-04-26 07:00:00,/Volumes/Argus/unk/snap/c1/1745650800.c1.snap.jpg,1.0959532
2025-04-26 07:30:00,/Volumes/Argus/unk/snap/c1/1745652600.c1.snap.jpg,1.0920874
2025-04-26 14:00:00,/Volumes/Argus/unk/snap/c1/1745676000.c1.snap.jpg,1.0386736
2025-04-26 14:30:00,/Volumes/Argus/unk/snap/c1/1745677800.c1.snap.jpg,0.98399043
2025-04-26 15:00:00,/Volumes/Argus/unk/snap/c1/1745679600.c1.snap.jpg,1.0981299
2025-04-26 15:30:00,/Volumes/Argus/unk/snap/c1/1745681400.c1.snap.jpg,1.1013386
2025-04-26 16:00:00,/Volumes/Argus/unk/snap/c1/1745683200.c1.snap.jpg,1.1084656
2025-04-26 16:30:00,/Volumes/Argus/unk/snap/c1/1745685000.c1.snap.jpg,0.9877238
2025-04-26 17:00:00,/Volumes/Argus/unk/snap/c1/1745686800.c1.snap.jpg,1.0020875
2025-04-26 17:30:00,/Volumes/Argus/unk/snap/c1/1745688600.c1.snap.jpg,0.96447515
2025-04-26 18:00:00,/Volumes/Argus/unk/snap/c1/1745690400.c1.snap.jpg,0.89934707
2025-04-26 18:30:00,/Volumes/Argus/unk/snap/c1/1745692200.c1.snap.jpg,0.96843123
2025-04-26 19:00:00,/Volumes/Argus/unk/snap/c1/1745694000.c1.snap.jpg,1.0812967
2025-04-26 19:30:00,/Volumes/Argus/unk/snap/c1/1745695800.c1.snap.jpg,1.0010726
2025-04-26 20:00:00,/Volumes/Argus/unk/snap/c1/1745697600.c1.snap.jpg,1.1096289
2025-04-26 20:30:00,/Volumes/Argus/unk/snap/c1/1745699400.c1.snap.jpg,1.1301067
2025-04-26 21:00:00,/Volumes/Argus/unk/snap/c1/1745701200.c1.snap.jpg,1.1110713
2025-04-26 21:30:00,/Volumes/Argus/unk/snap/c1/1745703000.c1.snap.jpg,1.0934236
2025-04-26 22:00:00,/Volumes/Argus/unk/snap/c1/1745704800.c1.snap.jpg,1.1103305
2025-04-26 22:30:00,/Volumes/Argus/unk/snap/c1/1745706600.c1.snap.jpg,1.1304818
2025-04-26 23:00:00,/Volumes/Argus/unk/snap/c1/1745708400.c1.snap.jpg,1.1148092
2025-04-26 23:30:00,/Volumes/Argus/unk/snap/c1/1745710200.c1.snap.jpg,1.1025757
2025-04-27 00:00:00,/Volumes/Argus/unk/snap/c1/1745712000.c1.snap.jpg,0.9537808
2025-04-27 00:30:00,/Volumes/Argus/unk/snap/c1/1745713800.c1.snap.jpg,1.0877087
2025-04-27 01:00:00,/Volumes/Argus/unk/snap/c1/1745715600.c1.snap.jpg,1.1072598
2025-04-27 01:30:00,/Volumes/Argus/unk/snap/c1/1745717400.c1.snap.jpg,1.0115819
2025-04-27 02:00:00,/Volumes/Argus/unk/snap/c1/1745719200.c1.snap.jpg,0.75312793
2025-04-27 02:30:00,/Volumes/Argus/unk/snap/c1/1745721000.c1.snap.jpg,0.71247375
2025-04-27 03:00:00,/Volumes/Argus/unk/snap/c1/1745722800.c1.snap.jpg,0.7761626
2025-04-27 03:30:00,/Volumes/Argus/unk/snap/c1/1745724600.c1.snap.jpg,1.2422272
2025-04-27 04:00:00,/Volumes/Argus/unk/snap/c1/1745726400.c1.snap.jpg,1.0756942
2025-04-27 04:30:00,/Volumes/Argus/unk/snap/c1/1745728200.c1.snap.jpg,1.0244555
2025-04-27 05:00:00,/Volumes/Argus/unk/snap/c1/1745730000.c1.snap.jpg,0.7349397
2025-04-27 05:30:00,/Volumes/Argus/unk/snap/c1/1745731800.c1.snap.jpg,0.6635347
2025-04-27 06:00:00,/Volumes/Argus/unk/snap/c1/1745733600.c1.snap.jpg,0.708751
2025-04-27 06:30:00,/Volumes/Argus/unk/snap/c1/1745735400.c1.snap.jpg,1.1013124
2025-04-27 07:00:00,/Volumes/Argus/unk/snap/c1/1745737200.c1.snap.jpg,1.0271146
2025-04-27 07:30:00,/Volumes/Argus/unk/snap/c1/1745739000.c1.snap.jpg,0.75218356
2025-04-27 14:00:00,/Volumes/Argus/unk/snap/c1/1745762400.c1.snap.jpg,1.0478661
2025-04-27 14:30:00,/Volumes/Argus/unk/snap/c1/1745764200.c1.snap.jpg,1.0781704
2025-04-27 15:00:00,/Volumes/Argus/unk/snap/c1/1745766000.c1.snap.jpg,1.0573416
2025-04-27 15:30:00,/Volumes/Argus/unk/snap/c1/1745767800.c1.snap.jpg,1.0458789
2025-04-27 16:00:00,/Volumes/Argus/unk/snap/c1/1745769600.c1.snap.jpg,1.1472777
2025-04-27 16:30:00,/Volumes/Argus/unk/snap/c1/1745771400.c1.snap.jpg,1.1500187
2025-04-27 17:00:00,/Volumes/Argus/unk/snap/c1/1745773200.c1.snap.jpg,1.1212415
2025-04-27 17:30:00,/Volumes/Argus/unk/snap/c1/1745775000.c1.snap.jpg,1.0957093
2025-04-27 18:00:00,/Volumes/Argus/unk/snap/c1/1745776800.c1.snap.jpg,1.1264012
2025-04-27 18:30:00,/Volumes/Argus/unk/snap/c1/1745778600.c1.snap.jpg,1.1532085
2025-04-27 19:00:00,/Volumes/Argus/unk/snap/c1/1745780400.c1.snap.jpg,1.1361926
2025-04-27 19:30:00,/Volumes/Argus/unk/snap/c1/1745782200.c1.snap.jpg,1.1163746
2025-04-27 20:00:00,/Volumes/Argus/unk/snap/c1/1745784000.c1.snap.jpg,1.1058226
2025-04-27 20:30:00,/Volumes/Argus/unk/snap/c1/1745785800.c1.snap.jpg,1.1160302
2025-04-27 21:00:00,/Volumes/Argus/unk/snap/c1/1745787600.c1.snap.jpg,1.1093612
2025-04-27 21:30:00,/Volumes/Argus/unk/snap/c1/1745789400.c1.snap.jpg,1.1161504
2025-04-27 22:00:00,/Volumes/Argus/unk/snap/c1/1745791200.c1.snap.jpg,0.9450694
2025-04-27 22:30:00,/Volumes/Argus/unk/snap/c1/1745793000.c1.snap.jpg,1.0829775
2025-04-27 23:00:00,/Volumes/Argus/unk/snap/c1/1745794800.c1.snap.jpg,1.0341154
2025-04-27 23:30:00,/Volumes/Argus/unk/snap/c1/1745796600.c1.snap.jpg,1.0858316
2025-04-28 00:00:00,/Volumes/Argus/unk/snap/c1/1745798400.c1.snap.jpg,1.073997
2025-04-28 00:30:00,/Volumes/Argus/unk/snap/c1/1745800200.c1.snap.jpg,1.0843145
2025-04-28 01:00:00,/Volumes/Argus/unk/snap/c1/1745802000.c1.snap.jpg,0.9943955
2025-04-28 01:30:00,/Volumes/Argus/unk/snap/c1/1745803800.c1.snap.jpg,1.4856647
2025-04-28 02:00:00,/Volumes/Argus/unk/snap/c1/1745805600.c1.snap.jpg,1.5919205
2025-04-28 02:30:00,/Volumes/Argus/unk/snap/c1/1745807400.c1.snap.jpg,1.3001846
2025-04-28 03:00:00,/Volumes/Argus/unk/snap/c1/1745809200.c1.snap.jpg,1.160499
2025-04-28 03:30:00,/Volumes/Argus/unk/snap/c1/1745811000.c1.snap.jpg,1.59336
2025-04-28 04:00:00,/Volumes/Argus/unk/snap/c1/1745812800.c1.snap.jpg,1.5488423
2025-04-28 04:30:00,/Volumes/Argus/unk/snap/c1/1745814600.c1.snap.jpg,1.4388747
2025-04-28 05:00:00,/Volumes/Argus/unk/snap/c1/1745816400.c1.snap.jpg,1.1052202
2025-04-28 05:30:00,/Volumes/Argus/unk/snap/c1/1745818200.c1.snap.jpg,0.7503173
2025-04-28 06:00:00,/Volumes/Argus/unk/snap/c1/1745820000.c1.snap.jpg,1.1433431
2025-04-28 06:30:00,/Volumes/Argus/unk/snap/c1/1745821800.c1.snap.jpg,1.1129851
2025-04-28 07:00:00,/Volumes/Argus/unk/snap/c1/1745823600.c1.snap.jpg,0.8771346
2025-04-28 07:30:00,/Volumes/Argus/unk/snap/c1/1745825400.c1.snap.jpg,1.0324831
2025-04-28 14:00:00,/Volumes/Argus/unk/snap/c1/1745848800.c1.snap.jpg,1.0092802
2025-04-28 14:30:00,/Volumes/Argus/unk/snap/c1/1745850600.c1.snap.jpg,1.0607209
2025-04-28 15:00:00,/Volumes/Argus/unk/snap/c1/1745852400.c1.snap.jpg,1.0623014
2025-04-28 15:30:00,/Volumes/Argus/unk/snap/c1/1745854200.c1.snap.jpg,1.0276542
2025-04-28 16:00:00,/Volumes/Argus/unk/snap/c1/1745856000.c1.snap.jpg,0.97996104
2025-04-28 16:30:00,/Volumes/Argus/unk/snap/c1/1745857800.c1.snap.jpg,1.1408126
2025-04-28 17:00:00,/Volumes/Argus/unk/snap/c1/1745859600.c1.snap.jpg,0.87247217
2025-04-28 17:30:00,/Volumes/Argus/unk/snap/c1/1745861400.c1.snap.jpg,1.0215197
2025-04-28 18:00:00,/Volumes/Argus/unk/snap/c1/1745863200.c1.snap.jpg,0.94957185
2025-04-28 18:30:00,/Volumes/Argus/unk/snap/c1/1745865000.c1.snap.jpg,0.58902955
2025-04-28 19:00:00,/Volumes/Argus/unk/snap/c1/1745866800.c1.snap.jpg,0.5435278
2025-04-28 19:30:00,/Volumes/Argus/unk/snap/c1/1745868600.c1.snap.jpg,0.56884444
2025-04-28 20:00:00,/Volumes/Argus/unk/snap/c1/1745870400.c1.snap.jpg,0.9067596
2025-04-28 20:30:00,/Volumes/Argus/unk/snap/c1/1745872200.c1.snap.jpg,0.8492464
2025-04-28 21:00:00,/Volumes/Argus/unk/snap/c1/1745874000.c1.snap.jpg,0.91683555
2025-04-28 21:30:00,/Volumes/Argus/unk/snap/c1/1745875800.c1.snap.jpg,0.9133271
2025-04-28 22:00:00,/Volumes/Argus/unk/snap/c1/1745877600.c1.snap.jpg,0.9319296
2025-04-28 22:30:00,/Volumes/Argus/unk/snap/c1/1745879400.c1.snap.jpg,0.7648606
2025-04-28 23:00:00,/Volumes/Argus/unk/snap/c1/1745881200.c1.snap.jpg,0.86480784
2025-04-28 23:30:00,/Volumes/Argus/unk/snap/c1/1745883000.c1.snap.jpg,0.76944727
2025-04-29 00:00:00,/Volumes/Argus/unk/snap/c1/1745884800.c1.snap.jpg,0.9070492
2025-04-29 00:30:00,/Volumes/Argus/unk/snap/c1/1745886600.c1.snap.jpg,1.0627158
2025-04-29 01:00:00,/Volumes/Argus/unk/snap/c1/1745888400.c1.snap.jpg,1.041763
2025-04-29 01:30:00,/Volumes/Argus/unk/snap/c1/1745890200.c1.snap.jpg,1.2408332
2025-04-29 02:00:00,/Volumes/Argus/unk/snap/c1/1745892000.c1.snap.jpg,0.98395085
2025-04-29 02:30:00,/Volumes/Argus/unk/snap/c1/1745893800.c1.snap.jpg,0.9400856
2025-04-29 03:00:00,/Volumes/Argus/unk/snap/c1/1745895600.c1.snap.jpg,0.7758893
2025-04-29 04:00:00,/Volumes/Argus/unk/snap/c1/1745899200.c1.snap.jpg,0.6472109
2025-04-29 04:30:00,/Volumes/Argus/unk/snap/c1/1745901000.c1.snap.jpg,1.0768052
2025-04-29 05:00:00,/Volumes/Argus/unk/snap/c1/1745902800.c1.snap.jpg,1.5031513
2025-04-29 05:30:00,/Volumes/Argus/unk/snap/c1/1745904600.c1.snap.jpg,1.0159079
2025-04-29 06:00:00,/Volumes/Argus/unk/snap/c1/1745906400.c1.snap.jpg,0.84610987
2025-04-29 06:30:00,/Volumes/Argus/unk/snap/c1/1745908200.c1.snap.jpg,0.92991215
2025-04-29 07:00:00,/Volumes/Argus/unk/snap/c1/1745910000.c1.snap.jpg,0.7744715
2025-04-29 14:00:00,/Volumes/Argus/unk/snap/c1/1745935200.c1.snap.jpg,0.8935654
2025-04-29 14:30:00,/Volumes/Argus/unk/snap/c1/1745937000.c1.snap.jpg,0.84080964
2025-04-29 15:30:00,/Volumes/Argus/unk/snap/c1/1745940600.c1.snap.jpg,0.6073276
2025-04-29 16:00:00,/Volumes/Argus/unk/snap/c1/1745942400.c1.snap.jpg,0.6988294
2025-04-29 16:30:00,/Volumes/Argus/unk/snap/c1/1745944200.c1.snap.jpg,0.85868657
2025-04-29 17:00:00,/Volumes/Argus/unk/snap/c1/1745946000.c1.snap.jpg,0.93871707
2025-04-29 17:30:00,/Volumes/Argus/unk/snap/c1/1745947800.c1.snap.jpg,0.85714966
2025-04-29 18:00:00,/Volumes/Argus/unk/snap/c1/1745949600.c1.snap.jpg,0.8521926
2025-04-29 18:30:00,/Volumes/Argus/unk/snap/c1/1745951400.c1.snap.jpg,0.8841693
2025-04-29 19:00:00,/Volumes/Argus/unk/snap/c1/1745953200.c1.snap.jpg,1.0224657
2025-04-29 19:30:00,/Volumes/Argus/unk/snap/c1/1745955000.c1.snap.jpg,1.0799875
2025-04-29 20:00:00,/Volumes/Argus/unk/snap/c1/1745956800.c1.snap.jpg,1.1202202
2025-04-29 20:30:00,/Volumes/Argus/unk/snap/c1/1745958600.c1.snap.jpg,1.6179105
2025-04-29 21:30:00,/Volumes/Argus/unk/snap/c1/1745962200.c1.snap.jpg,1.0968465
2025-04-29 22:00:00,/Volumes/Argus/unk/snap/c1/1745964000.c1.snap.jpg,1.1097509
2025-04-29 22:30:00,/Volumes/Argus/unk/snap/c1/1745965800.c1.snap.jpg,1.1175694
2025-04-29 23:00:00,/Volumes/Argus/unk/snap/c1/1745967600.c1.snap.jpg,1.1490357
2025-04-29 23:30:00,/Volumes/Argus/unk/snap/c1/1745969400.c1.snap.jpg,1.0909595
2025-04-30 00:00:00,/Volumes/Argus/unk/snap/c1/1745971200.c1.snap.jpg,1.1501157
2025-04-30 00:30:00,/Volumes/Argus/unk/snap/c1/1745973000.c1.snap.jpg,1.1764579
2025-04-30 01:00:00,/Volumes/Argus/unk/snap/c1/1745974800.c1.snap.jpg,1.1477246
2025-04-30 01:30:00,/Volumes/Argus/unk/snap/c1/1745976600.c1.snap.jpg,0.74173725
2025-04-30 02:00:00,/Volumes/Argus/unk/snap/c1/1745978400.c1.snap.jpg,0.8798538
2025-04-30 02:30:00,/Volumes/Argus/unk/snap/c1/1745980200.c1.snap.jpg,1.0856651
2025-04-30 03:00:00,/Volumes/Argus/unk/snap/c1/1745982000.c1.snap.jpg,0.9179715
2025-04-30 03:30:00,/Volumes/Argus/unk/snap/c1/1745983800.c1.snap.jpg,0.95346063
2025-04-30 04:00:00,/Volumes/Argus/unk/snap/c1/1745985600.c1.snap.jpg,0.97155774
2025-04-30 04:30:00,/Volumes/Argus/unk/snap/c1/1745987400.c1.snap.jpg,0.9111226
2025-04-30 05:00:00,/Volumes/Argus/unk/snap/c1/1745989200.c1.snap.jpg,1.1098807
2025-04-30 05:30:00,/Volumes/Argus/unk/snap/c1/1745991000.c1.snap.jpg,0.920627
2025-04-30 06:00:00,/Volumes/Argus/unk/snap/c1/1745992800.c1.snap.jpg,0.90441215
2025-04-30 06:30:00,/Volumes/Argus/unk/snap/c1/1745994600.c1.snap.jpg,0.8926048
2025-04-30 07:00:00,/Volumes/Argus/unk/snap/c1/1745996400.c1.snap.jpg,1.1071503
2025-04-30 07:30:00,/Volumes/Argus/unk/snap/c1/1745998200.c1.snap.jpg,0.9300596
2025-04-30 14:00:00,/Volumes/Argus/unk/snap/c1/1746021600.c1.snap.jpg,0.8383088
2025-04-30 14:30:00,/Volumes/Argus/unk/snap/c1/1746023400.c1.snap.jpg,0.8484024
2025-04-30 15:00:00,/Volumes/Argus/unk/snap/c1/1746025200.c1.snap.jpg,0.78566784
2025-04-30 15:30:00,/Volumes/Argus/unk/snap/c1/1746027000.c1.snap.jpg,0.8553072
2025-04-30 16:00:00,/Volumes/Argus/unk/snap/c1/1746028800.c1.snap.jpg,0.84494555
2025-04-30 16:30:00,/Volumes/Argus/unk/snap/c1/1746030600.c1.snap.jpg,0.72909224
2025-04-30 17:00:00,/Volumes/Argus/unk/snap/c1/1746032400.c1.snap.jpg,0.83193403
2025-04-30 17:30:00,/Volumes/Argus/unk/snap/c1/1746034200.c1.snap.jpg,1.5255078
2025-04-30 18:00:00,/Volumes/Argus/unk/snap/c1/1746036000.c1.snap.jpg,1.7527943
2025-04-30 18:30:00,/Volumes/Argus/unk/snap/c1/1746037800.c1.snap.jpg,1.0584407
2025-04-30 19:00:00,/Volumes/Argus/unk/snap/c1/1746039600.c1.snap.jpg,0.8314569
2025-04-30 19:30:00,/Volumes/Argus/unk/snap/c1/1746041400.c1.snap.jpg,1.0067345
2025-04-30 20:00:00,/Volumes/Argus/unk/snap/c1/1746043200.c1.snap.jpg,1.5656157
2025-04-30 20:30:00,/Volumes/Argus/unk/snap/c1/1746045000.c1.snap.jpg,0.92021143
2025-04-30 21:00:00,/Volumes/Argus/unk/snap/c1/1746046800.c1.snap.jpg,1.0738101
2025-04-30 21:30:00,/Volumes/Argus/unk/snap/c1/1746048600.c1.snap.jpg,0.85089606
2025-04-30 22:00:00,/Volumes/Argus/unk/snap/c1/1746050400.c1.snap.jpg,0.8442205
2025-04-30 22:30:00,/Volumes/Argus/unk/snap/c1/1746052200.c1.snap.jpg,0.6890929
2025-04-30 23:00:00,/Volumes/Argus/unk/snap/c1/1746054000.c1.snap.jpg,0.91394603
2025-04-30 23:30:00,/Volumes/Argus/unk/snap/c1/1746055800.c1.snap.jpg,0.9102209
2025-05-01 00:00:00,/Volumes/Argus/unk/snap/c1/1746057600.c1.snap.jpg,1.0965357
2025-05-01 00:30:00,/Volumes/Argus/unk/snap/c1/1746059400.c1.snap.jpg,0.8094554
2025-05-01 01:00:00,/Volumes/Argus/unk/snap/c1/1746061200.c1.snap.jpg,0.6559663
2025-05-01 01:30:00,/Volumes/Argus/unk/snap/c1/1746063000.c1.snap.jpg,0.70192933
2025-05-01 02:00:00,/Volumes/Argus/unk/snap/c1/1746064800.c1.snap.jpg,1.1827536
2025-05-01 03:00:00,/Volumes/Argus/unk/snap/c1/1746068400.c1.snap.jpg,1.1212126
2025-05-01 04:30:00,/Volumes/Argus/unk/snap/c1/1746073800.c1.snap.jpg,0.96804136
2025-05-01 05:00:00,/Volumes/Argus/unk/snap/c1/1746075600.c1.snap.jpg,0.7131172
2025-05-01 05:30:00,/Volumes/Argus/unk/snap/c1/1746077400.c1.snap.jpg,0.7374636
2025-05-01 06:00:00,/Volumes/Argus/unk/snap/c1/1746079200.c1.snap.jpg,0.8197824
2025-05-01 06:30:00,/Volumes/Argus/unk/snap/c1/1746081000.c1.snap.jpg,0.99175525
2025-05-01 07:00:00,/Volumes/Argus/unk/snap/c1/1746082800.c1.snap.jpg,1.5689464
2025-05-01 07:30:00,/Volumes/Argus/unk/snap/c1/1746084600.c1.snap.jpg,1.7709547
2025-05-01 08:00:00,/Volumes/Argus/unk/snap/c1/1746086400.c1.snap.jpg,1.7991039
2025-05-01 14:00:00,/Volumes/Argus/unk/snap/c1/1746108000.c1.snap.jpg,0.8004812
2025-05-01 14:30:00,/Volumes/Argus/unk/snap/c1/1746109800.c1.snap.jpg,1.0564268
2025-05-01 15:00:00,/Volumes/Argus/unk/snap/c1/1746111600.c1.snap.jpg,0.9350921
2025-05-01 15:30:00,/Volumes/Argus/unk/snap/c1/1746113400.c1.snap.jpg,0.88131094
2025-05-01 16:00:00,/Volumes/Argus/unk/snap/c1/1746115200.c1.snap.jpg,0.9702506
2025-05-01 16:30:00,/Volumes/Argus/unk/snap/c1/1746117000.c1.snap.jpg,0.77933824
2025-05-01 17:00:00,/Volumes/Argus/unk/snap/c1/1746118800.c1.snap.jpg,0.85808975
2025-05-01 17:30:00,/Volumes/Argus/unk/snap/c1/1746120600.c1.snap.jpg,0.75191593
2025-05-01 18:00:00,/Volumes/Argus/unk/snap/c1/1746122400.c1.snap.jpg,0.77088535
2025-05-01 18:30:00,/Volumes/Argus/unk/snap/c1/1746124200.c1.snap.jpg,1.1531446
2025-05-01 19:00:00,/Volumes/Argus/unk/snap/c1/1746126000.c1.snap.jpg,1.1044838
2025-05-01 19:30:00,/Volumes/Argus/unk/snap/c1/1746127800.c1.snap.jpg,1.0988319
2025-05-01 20:00:00,/Volumes/Argus/unk/snap/c1/1746129600.c1.snap.jpg,1.1869681
2025-05-01 20:30:00,/Volumes/Argus/unk/snap/c1/1746131400.c1.snap.jpg,0.90844554
2025-05-01 21:00:00,/Volumes/Argus/unk/snap/c1/1746133200.c1.snap.jpg,1.0682935
2025-05-01 21:30:00,/Volumes/Argus/unk/snap/c1/1746135000.c1.snap.jpg,1.013723
2025-05-01 22:00:00,/Volumes/Argus/unk/snap/c1/1746136800.c1.snap.jpg,1.1590365
2025-05-01 22:30:00,/Volumes/Argus/unk/snap/c1/1746138600.c1.snap.jpg,1.1375184
2025-05-01 23:00:00,/Volumes/Argus/unk/snap/c1/1746140400.c1.snap.jpg,1.5931486
2025-05-01 23:30:00,/Volumes/Argus/unk/snap/c1/1746142200.c1.snap.jpg,1.0949731
2025-05-02 00:00:00,/Volumes/Argus/unk/snap/c1/1746144000.c1.snap.jpg,1.0902637
2025-05-02 00:30:00,/Volumes/Argus/unk/snap/c1/1746145800.c1.snap.jpg,1.0730019
2025-05-02 01:00:00,/Volumes/Argus/unk/snap/c1/1746147600.c1.snap.jpg,0.9876948
2025-05-02 01:30:00,/Volumes/Argus/unk/snap/c1/1746149400.c1.snap.jpg,1.0670321
2025-05-02 02:00:00,/Volumes/Argus/unk/snap/c1/1746151200.c1.snap.jpg,1.037667
2025-05-02 02:30:00,/Volumes/Argus/unk/snap/c1/1746153000.c1.snap.jpg,1.0977106
2025-05-02 03:00:00,/Volumes/Argus/unk/snap/c1/1746154800.c1.snap.jpg,0.890594
2025-05-02 03:30:00,/Volumes/Argus/unk/snap/c1/1746156600.c1.snap.jpg,0.6993805
2025-05-02 04:00:00,/Volumes/Argus/unk/snap/c1/1746158400.c1.snap.jpg,0.74704134
2025-05-02 04:30:00,/Volumes/Argus/unk/snap/c1/1746160200.c1.snap.jpg,0.8026258
2025-05-02 05:00:00,/Volumes/Argus/unk/snap/c1/1746162000.c1.snap.jpg,0.6879678
2025-05-02 05:30:00,/Volumes/Argus/unk/snap/c1/1746163800.c1.snap.jpg,0.66743714
2025-05-02 06:00:00,/Volumes/Argus/unk/snap/c1/1746165600.c1.snap.jpg,0.6901008
2025-05-02 06:30:00,/Volumes/Argus/unk/snap/c1/1746167400.c1.snap.jpg,0.6717027
2025-05-02 07:00:00,/Volumes/Argus/unk/snap/c1/1746169200.c1.snap.jpg,0.619604
2025-05-02 07:30:00,/Volumes/Argus/unk/snap/c1/1746171000.c1.snap.jpg,0.5474682
2025-05-02 08:00:00,/Volumes/Argus/unk/snap/c1/1746172800.c1.snap.jpg,0.60114443
2025-05-04 06:30:00,/Volumes/Argus/unk/snap/c1/1746340200.c1.snap.jpg,0.9207512
2025-05-04 07:00:00,/Volumes/Argus/unk/snap/c1/1746342000.c1.snap.jpg,0.85945
2025-05-04 07:30:00,/Volumes/Argus/unk/snap/c1/1746343800.c1.snap.jpg,0.8322693
2025-05-04 08:00:00,/Volumes/Argus/unk/snap/c1/1746345600.c1.snap.jpg,0.8160281
2025-05-04 14:00:00,/Volumes/Argus/unk/snap/c1/1746367200.c1.snap.jpg,0.68032193
2025-05-04 14:30:00,/Volumes/Argus/unk/snap/c1/1746369000.c1.snap.jpg,0.8160899
2025-05-04 15:00:00,/Volumes/Argus/unk/snap/c1/1746370800.c1.snap.jpg,0.7878162
2025-05-04 15:30:00,/Volumes/Argus/unk/snap/c1/1746372600.c1.snap.jpg,0.8445623
2025-05-04 16:00:00,/Volumes/Argus/unk/snap/c1/1746374400.c1.snap.jpg,0.7703848
2025-05-04 16:30:00,/Volumes/Argus/unk/snap/c1/1746376200.c1.snap.jpg,0.8396504
2025-05-04 17:00:00,/Volumes/Argus/unk/snap/c1/1746378000.c1.snap.jpg,0.8351519
2025-05-04 17:30:00,/Volumes/Argus/unk/snap/c1/1746379800.c1.snap.jpg,0.76305044
2025-05-04 18:00:00,/Volumes/Argus/unk/snap/c1/1746381600.c1.snap.jpg,0.6997809
2025-05-04 18:30:00,/Volumes/Argus/unk/snap/c1/1746383400.c1.snap.jpg,0.60900956
2025-05-04 19:00:00,/Volumes/Argus/unk/snap/c1/1746385200.c1.snap.jpg,0.5417358
2025-05-04 19:30:00,/Volumes/Argus/unk/snap/c1/1746387000.c1.snap.jpg,0.6094165
2025-05-04 20:00:00,/Volumes/Argus/unk/snap/c1/1746388800.c1.snap.jpg,0.8845946
2025-05-04 20:30:00,/Volumes/Argus/unk/snap/c1/1746390600.c1.snap.jpg,1.1275735
2025-05-04 21:00:00,/Volumes/Argus/unk/snap/c1/1746392400.c1.snap.jpg,0.91210103
2025-05-04 21:30:00,/Volumes/Argus/unk/snap/c1/1746394200.c1.snap.jpg,0.89816374
2025-05-04 22:00:00,/Volumes/Argus/unk/snap/c1/1746396000.c1.snap.jpg,0.8452809
2025-05-04 22:30:00,/Volumes/Argus/unk/snap/c1/1746397800.c1.snap.jpg,0.5275115
2025-05-04 23:00:00,/Volumes/Argus/unk/snap/c1/1746399600.c1.snap.jpg,0.5943241
2025-05-04 23:30:00,/Volumes/Argus/unk/snap/c1/1746401400.c1.snap.jpg,0.6956778
2025-05-05 00:00:00,/Volumes/Argus/unk/snap/c1/1746403200.c1.snap.jpg,1.0706738
2025-05-05 00:30:00,/Volumes/Argus/unk/snap/c1/1746405000.c1.snap.jpg,1.0863197
2025-05-05 01:30:00,/Volumes/Argus/unk/snap/c1/1746408600.c1.snap.jpg,0.7323573
2025-05-05 02:00:00,/Volumes/Argus/unk/snap/c1/1746410400.c1.snap.jpg,0.6914137
2025-05-05 03:00:00,/Volumes/Argus/unk/snap/c1/1746414000.c1.snap.jpg,0.5257565
2025-05-05 03:30:00,/Volumes/Argus/unk/snap/c1/1746415800.c1.snap.jpg,0.26787275
2025-05-05 04:00:00,/Volumes/Argus/unk/snap/c1/1746417600.c1.snap.jpg,0.30670938
2025-05-05 04:30:00,/Volumes/Argus/unk/snap/c1/1746419400.c1.snap.jpg,0.25007012
2025-05-05 05:00:00,/Volumes/Argus/unk/snap/c1/1746421200.c1.snap.jpg,0.2686641
2025-05-05 05:30:00,/Volumes/Argus/unk/snap/c1/1746423000.c1.snap.jpg,0.27780455
2025-05-05 06:30:00,/Volumes/Argus/unk/snap/c1/1746426600.c1.snap.jpg,0.25366986
2025-05-05 07:00:00,/Volumes/Argus/unk/snap/c1/1746428400.c1.snap.jpg,0.35812575
2025-05-05 07:30:00,/Volumes/Argus/unk/snap/c1/1746430200.c1.snap.jpg,0.5863217
2025-05-05 08:00:00,/Volumes/Argus/unk/snap/c1/1746432000.c1.snap.jpg,0.46463192
2025-05-05 14:00:00,/Volumes/Argus/unk/snap/c1/1746453600.c1.snap.jpg,0.6330889
2025-05-05 14:30:00,/Volumes/Argus/unk/snap/c1/1746455400.c1.snap.jpg,0.5055095
2025-05-05 15:00:00,/Volumes/Argus/unk/snap/c1/1746457200.c1.snap.jpg,0.5303463
2025-05-05 15:30:00,/Volumes/Argus/unk/snap/c1/1746459000.c1.snap.jpg,0.42325735
2025-05-05 16:00:00,/Volumes/Argus/unk/snap/c1/1746460800.c1.snap.jpg,0.3395058
2025-05-05 16:30:00,/Volumes/Argus/unk/snap/c1/1746462600.c1.snap.jpg,0.591255
2025-05-05 17:00:00,/Volumes/Argus/unk/snap/c1/1746464400.c1.snap.jpg,0.630697
2025-05-05 17:30:00,/Volumes/Argus/unk/snap/c1/1746466200.c1.snap.jpg,0.5979129
2025-05-05 18:00:00,/Volumes/Argus/unk/snap/c1/1746468000.c1.snap.jpg,0.7164248
2025-05-05 18:30:00,/Volumes/Argus/unk/snap/c1/1746469800.c1.snap.jpg,0.6910666
2025-05-05 19:00:00,/Volumes/Argus/unk/snap/c1/1746471600.c1.snap.jpg,0.64675915
2025-05-05 19:30:00,/Volumes/Argus/unk/snap/c1/1746473400.c1.snap.jpg,0.53075767
2025-05-05 20:00:00,/Volumes/Argus/unk/snap/c1/1746475200.c1.snap.jpg,0.5007938
2025-05-05 20:30:00,/Volumes/Argus/unk/snap/c1/1746477000.c1.snap.jpg,0.6988276
2025-05-05 21:00:00,/Volumes/Argus/unk/snap/c1/1746478800.c1.snap.jpg,0.6156124
2025-05-05 21:30:00,/Volumes/Argus/unk/snap/c1/1746480600.c1.snap.jpg,0.65291953
2025-05-05 22:00:00,/Volumes/Argus/unk/snap/c1/1746482400.c1.snap.jpg,0.35064453
2025-05-05 22:30:00,/Volumes/Argus/unk/snap/c1/1746484200.c1.snap.jpg,0.40455648
2025-05-05 23:00:00,/Volumes/Argus/unk/snap/c1/1746486000.c1.snap.jpg,0.5440599
2025-05-05 23:30:00,/Volumes/Argus/unk/snap/c1/1746487800.c1.snap.jpg,0.65966976
2025-05-06 00:00:00,/Volumes/Argus/unk/snap/c1/1746489600.c1.snap.jpg,0.7265093
2025-05-06 00:30:00,/Volumes/Argus/unk/snap/c1/1746491400.c1.snap.jpg,0.64209497
2025-05-06 01:00:00,/Volumes/Argus/unk/snap/c1/1746493200.c1.snap.jpg,0.58386594
2025-05-06 01:30:00,/Volumes/Argus/unk/snap/c1/1746495000.c1.snap.jpg,0.48407394
2025-05-06 02:00:00,/Volumes/Argus/unk/snap/c1/1746496800.c1.snap.jpg,0.6823142
2025-05-06 02:30:00,/Volumes/Argus/unk/snap/c1/1746498600.c1.snap.jpg,0.4550356
2025-05-06 03:00:00,/Volumes/Argus/unk/snap/c1/1746500400.c1.snap.jpg,0.4588755
2025-05-06 03:30:00,/Volumes/Argus/unk/snap/c1/1746502200.c1.snap.jpg,0.7159944
2025-05-06 04:00:00,/Volumes/Argus/unk/snap/c1/1746504000.c1.snap.jpg,0.56961405
2025-05-06 04:30:00,/Volumes/Argus/unk/snap/c1/1746505800.c1.snap.jpg,0.5172694
2025-05-06 05:00:00,/Volumes/Argus/unk/snap/c1/1746507600.c1.snap.jpg,0.7540577
2025-05-06 05:30:00,/Volumes/Argus/unk/snap/c1/1746509400.c1.snap.jpg,0.70931435
2025-05-06 06:00:00,/Volumes/Argus/unk/snap/c1/1746511200.c1.snap.jpg,0.7176384
2025-05-06 06:30:00,/Volumes/Argus/unk/snap/c1/1746513000.c1.snap.jpg,0.64099795
2025-05-06 07:00:00,/Volumes/Argus/unk/snap/c1/1746514800.c1.snap.jpg,0.40432802
2025-05-06 07:30:00,/Volumes/Argus/unk/snap/c1/1746516600.c1.snap.jpg,0.4357043
2025-05-06 08:00:00,/Volumes/Argus/unk/snap/c1/1746518400.c1.snap.jpg,0.5893613
2025-05-06 14:00:00,/Volumes/Argus/unk/snap/c1/1746540000.c1.snap.jpg,0.5166973
2025-05-06 14:30:00,/Volumes/Argus/unk/snap/c1/1746541800.c1.snap.jpg,0.5211152
2025-05-06 15:00:00,/Volumes/Argus/unk/snap/c1/1746543600.c1.snap.jpg,0.5418308
2025-05-06 15:30:00,/Volumes/Argus/unk/snap/c1/1746545400.c1.snap.jpg,0.49701852
2025-05-06 16:00:00,/Volumes/Argus/unk/snap/c1/1746547200.c1.snap.jpg,0.5256082
2025-05-06 16:30:00,/Volumes/Argus/unk/snap/c1/1746549000.c1.snap.jpg,0.52034914
2025-05-06 17:00:00,/Volumes/Argus/unk/snap/c1/1746550800.c1.snap.jpg,0.4925236
2025-05-06 17:30:00,/Volumes/Argus/unk/snap/c1/1746552600.c1.snap.jpg,0.4838155
2025-05-06 18:00:00,/Volumes/Argus/unk/snap/c1/1746554400.c1.snap.jpg,0.4960286
2025-05-06 18:30:00,/Volumes/Argus/unk/snap/c1/1746556200.c1.snap.jpg,0.47568497
2025-05-06 19:00:00,/Volumes/Argus/unk/snap/c1/1746558000.c1.snap.jpg,0.47869337
2025-05-06 19:30:00,/Volumes/Argus/unk/snap/c1/1746559800.c1.snap.jpg,0.5134674
2025-05-06 20:00:00,/Volumes/Argus/unk/snap/c1/1746561600.c1.snap.jpg,0.4969344
2025-05-06 20:30:00,/Volumes/Argus/unk/snap/c1/1746563400.c1.snap.jpg,0.44494206
2025-05-06 21:00:00,/Volumes/Argus/unk/snap/c1/1746565200.c1.snap.jpg,0.57874036
2025-05-06 21:30:00,/Volumes/Argus/unk/snap/c1/1746567000.c1.snap.jpg,0.4149444
2025-05-06 22:00:00,/Volumes/Argus/unk/snap/c1/1746568800.c1.snap.jpg,0.40438136
2025-05-06 22:30:00,/Volumes/Argus/unk/snap/c1/1746570600.c1.snap.jpg,0.39171022
2025-05-06 23:00:00,/Volumes/Argus/unk/snap/c1/1746572400.c1.snap.jpg,0.32907343
2025-05-06 23:30:00,/Volumes/Argus/unk/snap/c1/1746574200.c1.snap.jpg,0.29528746
2025-05-07 00:00:00,/Volumes/Argus/unk/snap/c1/1746576000.c1.snap.jpg,0.34175053
2025-05-07 00:30:00,/Volumes/Argus/unk/snap/c1/1746577800.c1.snap.jpg,0.3280629
2025-05-07 01:00:00,/Volumes/Argus/unk/snap/c1/1746579600.c1.snap.jpg,0.34927416
2025-05-07 01:30:00,/Volumes/Argus/unk/snap/c1/1746581400.c1.snap.jpg,0.4350685
2025-05-07 02:00:00,/Volumes/Argus/unk/snap/c1/1746583200.c1.snap.jpg,0.4388314
2025-05-07 02:30:00,/Volumes/Argus/unk/snap/c1/1746585000.c1.snap.jpg,0.42583936
2025-05-07 03:00:00,/Volumes/Argus/unk/snap/c1/1746586800.c1.snap.jpg,0.4009786
2025-05-07 03:30:00,/Volumes/Argus/unk/snap/c1/1746588600.c1.snap.jpg,0.4815737
2025-05-07 04:00:00,/Volumes/Argus/unk/snap/c1/1746590400.c1.snap.jpg,0.40151656
2025-05-07 04:30:00,/Volumes/Argus/unk/snap/c1/1746592200.c1.snap.jpg,0.28868788
2025-05-07 05:00:00,/Volumes/Argus/unk/snap/c1/1746594000.c1.snap.jpg,0.35784486
2025-05-07 05:30:00,/Volumes/Argus/unk/snap/c1/1746595800.c1.snap.jpg,0.3009686
2025-05-07 06:00:00,/Volumes/Argus/unk/snap/c1/1746597600.c1.snap.jpg,0.27996412
2025-05-07 06:30:00,/Volumes/Argus/unk/snap/c1/1746599400.c1.snap.jpg,0.25835428
2025-05-07 07:00:00,/Volumes/Argus/unk/snap/c1/1746601200.c1.snap.jpg,0.26097655
2025-05-07 07:30:00,/Volumes/Argus/unk/snap/c1/1746603000.c1.snap.jpg,0.273785
2025-05-07 08:00:00,/Volumes/Argus/unk/snap/c1/1746604800.c1.snap.jpg,0.39179903
2025-05-07 08:30:00,/Volumes/Argus/unk/snap/c1/1746606600.c1.snap.jpg,0.30964616
2025-05-07 14:00:00,/Volumes/Argus/unk/snap/c1/1746626400.c1.snap.jpg,0.88561666
2025-05-07 14:30:00,/Volumes/Argus/unk/snap/c1/1746628200.c1.snap.jpg,0.90525204
2025-05-07 15:00:00,/Volumes/Argus/unk/snap/c1/1746630000.c1.snap.jpg,0.91950107
2025-05-07 15:30:00,/Volumes/Argus/unk/snap/c1/1746631800.c1.snap.jpg,0.7035924
2025-05-07 16:00:00,/Volumes/Argus/unk/snap/c1/1746633600.c1.snap.jpg,0.5911226
2025-05-07 16:30:00,/Volumes/Argus/unk/snap/c1/1746635400.c1.snap.jpg,0.54849005
2025-05-07 17:00:00,/Volumes/Argus/unk/snap/c1/1746637200.c1.snap.jpg,0.78131914
2025-05-07 17:30:00,/Volumes/Argus/unk/snap/c1/1746639000.c1.snap.jpg,0.51741594
2025-05-07 18:00:00,/Volumes/Argus/unk/snap/c1/1746640800.c1.snap.jpg,0.3246092
2025-05-07 18:30:00,/Volumes/Argus/unk/snap/c1/1746642600.c1.snap.jpg,0.28852847
2025-05-07 19:00:00,/Volumes/Argus/unk/snap/c1/1746644400.c1.snap.jpg,0.31528795
2025-05-07 19:30:00,/Volumes/Argus/unk/snap/c1/1746646200.c1.snap.jpg,0.43834248
2025-05-07 20:00:00,/Volumes/Argus/unk/snap/c1/1746648000.c1.snap.jpg,0.35824752
2025-05-07 20:30:00,/Volumes/Argus/unk/snap/c1/1746649800.c1.snap.jpg,0.37012753
2025-05-07 21:00:00,/Volumes/Argus/unk/snap/c1/1746651600.c1.snap.jpg,0.44210684
2025-05-07 21:30:00,/Volumes/Argus/unk/snap/c1/1746653400.c1.snap.jpg,0.3201673
2025-05-07 22:00:00,/Volumes/Argus/unk/snap/c1/1746655200.c1.snap.jpg,0.29079455
2025-05-07 22:30:00,/Volumes/Argus/unk/snap/c1/1746657000.c1.snap.jpg,0.30245054
2025-05-07 23:00:00,/Volumes/Argus/unk/snap/c1/1746658800.c1.snap.jpg,0.30409437
2025-05-07 23:30:00,/Volumes/Argus/unk/snap/c1/1746660600.c1.snap.jpg,0.27364767
2025-05-08 00:00:00,/Volumes/Argus/unk/snap/c1/1746662400.c1.snap.jpg,0.40014857
2025-05-08 00:30:00,/Volumes/Argus/unk/snap/c1/1746664200.c1.snap.jpg,0.34155285
2025-05-08 01:00:00,/Volumes/Argus/unk/snap/c1/1746666000.c1.snap.jpg,0.5276315
2025-05-08 01:30:00,/Volumes/Argus/unk/snap/c1/1746667800.c1.snap.jpg,0.3879938
2025-05-08 02:00:00,/Volumes/Argus/unk/snap/c1/1746669600.c1.snap.jpg,0.3695668
2025-05-08 02:30:00,/Volumes/Argus/unk/snap/c1/1746671400.c1.snap.jpg,0.532181
2025-05-08 03:30:00,/Volumes/Argus/unk/snap/c1/1746675000.c1.snap.jpg,0.45722365
2025-05-08 04:00:00,/Volumes/Argus/unk/snap/c1/1746676800.c1.snap.jpg,0.38537192
2025-05-08 04:30:00,/Volumes/Argus/unk/snap/c1/1746678600.c1.snap.jpg,0.33216107
2025-05-08 05:00:00,/Volumes/Argus/unk/snap/c1/1746680400.c1.snap.jpg,0.31577903
2025-05-08 05:30:00,/Volumes/Argus/unk/snap/c1/1746682200.c1.snap.jpg,0.41617513
2025-05-08 06:00:00,/Volumes/Argus/unk/snap/c1/1746684000.c1.snap.jpg,0.2842505
2025-05-08 06:30:00,/Volumes/Argus/unk/snap/c1/1746685800.c1.snap.jpg,0.2683776
2025-05-08 07:00:00,/Volumes/Argus/unk/snap/c1/1746687600.c1.snap.jpg,0.29072398
2025-05-08 07:30:00,/Volumes/Argus/unk/snap/c1/1746689400.c1.snap.jpg,0.26939434
2025-05-08 08:00:00,/Volumes/Argus/unk/snap/c1/1746691200.c1.snap.jpg,0.2802719
2025-05-08 08:30:00,/Volumes/Argus/unk/snap/c1/1746693000.c1.snap.jpg,0.2745544
2025-05-08 14:00:00,/Volumes/Argus/unk/snap/c1/1746712800.c1.snap.jpg,0.8175888
2025-05-08 14:30:00,/Volumes/Argus/unk/snap/c1/1746714600.c1.snap.jpg,0.5213012
2025-05-08 15:00:00,/Volumes/Argus/unk/snap/c1/1746716400.c1.snap.jpg,0.35481066
2025-05-08 15:30:00,/Volumes/Argus/unk/snap/c1/1746718200.c1.snap.jpg,0.55176014
2025-05-08 16:00:00,/Volumes/Argus/unk/snap/c1/1746720000.c1.snap.jpg,0.7723794
2025-05-08 16:30:00,/Volumes/Argus/unk/snap/c1/1746721800.c1.snap.jpg,0.34219775
2025-05-08 17:00:00,/Volumes/Argus/unk/snap/c1/1746723600.c1.snap.jpg,0.25083834
2025-05-08 17:30:00,/Volumes/Argus/unk/snap/c1/1746725400.c1.snap.jpg,0.24947381
2025-05-08 18:00:00,/Volumes/Argus/unk/snap/c1/1746727200.c1.snap.jpg,0.30724505
2025-05-08 18:30:00,/Volumes/Argus/unk/snap/c1/1746729000.c1.snap.jpg,0.28545606
2025-05-08 19:00:00,/Volumes/Argus/unk/snap/c1/1746730800.c1.snap.jpg,0.26656446
2025-05-08 19:30:00,/Volumes/Argus/unk/snap/c1/1746732600.c1.snap.jpg,0.2628218
2025-05-08 20:00:00,/Volumes/Argus/unk/snap/c1/1746734400.c1.snap.jpg,0.24952397
2025-05-08 20:30:00,/Volumes/Argus/unk/snap/c1/1746736200.c1.snap.jpg,0.2858506
2025-05-08 21:00:00,/Volumes/Argus/unk/snap/c1/1746738000.c1.snap.jpg,0.2659968
2025-05-08 21:30:00,/Volumes/Argus/unk/snap/c1/1746739800.c1.snap.jpg,0.2483457
2025-05-08 22:00:00,/Volumes/Argus/unk/snap/c1/1746741600.c1.snap.jpg,0.2462324
2025-05-08 22:30:00,/Volumes/Argus/unk/snap/c1/1746743400.c1.snap.jpg,0.22171253
2025-05-08 23:00:00,/Volumes/Argus/unk/snap/c1/1746745200.c1.snap.jpg,0.41973555
2025-05-08 23:30:00,/Volumes/Argus/unk/snap/c1/1746747000.c1.snap.jpg,0.33039448
2025-05-09 00:00:00,/Volumes/Argus/unk/snap/c1/1746748800.c1.snap.jpg,0.2897332
2025-05-09 00:30:00,/Volumes/Argus/unk/snap/c1/1746750600.c1.snap.jpg,0.31940028
2025-05-09 01:00:00,/Volumes/Argus/unk/snap/c1/1746752400.c1.snap.jpg,0.3158087
2025-05-09 01:30:00,/Volumes/Argus/unk/snap/c1/1746754200.c1.snap.jpg,0.35158512
2025-05-09 02:00:00,/Volumes/Argus/unk/snap/c1/1746756000.c1.snap.jpg,0.43566537
2025-05-09 03:00:00,/Volumes/Argus/unk/snap/c1/1746759600.c1.snap.jpg,0.638165
2025-05-09 03:30:00,/Volumes/Argus/unk/snap/c1/1746761400.c1.snap.jpg,0.5602062
2025-05-09 04:00:00,/Volumes/Argus/unk/snap/c1/1746763200.c1.snap.jpg,0.785763
2025-05-09 04:30:00,/Volumes/Argus/unk/snap/c1/1746765000.c1.snap.jpg,0.2702104
2025-05-09 05:00:00,/Volumes/Argus/unk/snap/c1/1746766800.c1.snap.jpg,0.25906196
2025-05-09 05:30:00,/Volumes/Argus/unk/snap/c1/1746768600.c1.snap.jpg,0.29613745
2025-05-09 06:00:00,/Volumes/Argus/unk/snap/c1/1746770400.c1.snap.jpg,0.28966334
2025-05-09 06:30:00,/Volumes/Argus/unk/snap/c1/1746772200.c1.snap.jpg,0.49806154
2025-05-09 07:00:00,/Volumes/Argus/unk/snap/c1/1746774000.c1.snap.jpg,0.42984396
2025-05-09 07:30:00,/Volumes/Argus/unk/snap/c1/1746775800.c1.snap.jpg,0.33529463
2025-05-09 08:00:00,/Volumes/Argus/unk/snap/c1/1746777600.c1.snap.jpg,0.33563602
2025-05-09 08:30:00,/Volumes/Argus/unk/snap/c1/1746779400.c1.snap.jpg,0.49661613
2025-05-09 14:00:00,/Volumes/Argus/unk/snap/c1/1746799200.c1.snap.jpg,0.39191604
2025-05-09 14:30:00,/Volumes/Argus/unk/snap/c1/1746801000.c1.snap.jpg,0.3689415
2025-05-09 15:00:00,/Volumes/Argus/unk/snap/c1/1746802800.c1.snap.jpg,0.3225105
2025-05-09 15:30:00,/Volumes/Argus/unk/snap/c1/1746804600.c1.snap.jpg,0.5444995
2025-05-09 16:00:00,/Volumes/Argus/unk/snap/c1/1746806400.c1.snap.jpg,0.4364729
2025-05-09 16:30:00,/Volumes/Argus/unk/snap/c1/1746808200.c1.snap.jpg,0.5532124
2025-05-09 17:00:00,/Volumes/Argus/unk/snap/c1/1746810000.c1.snap.jpg,0.33886802
2025-05-09 17:30:00,/Volumes/Argus/unk/snap/c1/1746811800.c1.snap.jpg,0.29948464
2025-05-09 18:00:00,/Volumes/Argus/unk/snap/c1/1746813600.c1.snap.jpg,0.32650656
2025-05-09 18:30:00,/Volumes/Argus/unk/snap/c1/1746815400.c1.snap.jpg,0.39121932
2025-05-09 19:00:00,/Volumes/Argus/unk/snap/c1/1746817200.c1.snap.jpg,0.41106153
2025-05-09 19:30:00,/Volumes/Argus/unk/snap/c1/1746819000.c1.snap.jpg,0.3518628
2025-05-09 20:00:00,/Volumes/Argus/unk/snap/c1/1746820800.c1.snap.jpg,0.36211634
2025-05-09 20:30:00,/Volumes/Argus/unk/snap/c1/1746822600.c1.snap.jpg,0.44514915
2025-05-09 21:00:00,/Volumes/Argus/unk/snap/c1/1746824400.c1.snap.jpg,0.29835474
2025-05-09 21:30:00,/Volumes/Argus/unk/snap/c1/1746826200.c1.snap.jpg,0.382147
2025-05-09 22:00:00,/Volumes/Argus/unk/snap/c1/1746828000.c1.snap.jpg,0.31568962
2025-05-09 22:30:00,/Volumes/Argus/unk/snap/c1/1746829800.c1.snap.jpg,0.37077662
2025-05-09 23:00:00,/Volumes/Argus/unk/snap/c1/1746831600.c1.snap.jpg,0.4133732
2025-05-09 23:30:00,/Volumes/Argus/unk/snap/c1/1746833400.c1.snap.jpg,0.45751062
2025-05-10 00:00:00,/Volumes/Argus/unk/snap/c1/1746835200.c1.snap.jpg,0.42039722
2025-05-10 00:30:00,/Volumes/Argus/unk/snap/c1/1746837000.c1.snap.jpg,0.50950193
2025-05-10 01:00:00,/Volumes/Argus/unk/snap/c1/1746838800.c1.snap.jpg,0.48370874
2025-05-10 01:30:00,/Volumes/Argus/unk/snap/c1/1746840600.c1.snap.jpg,0.44520238
2025-05-10 02:00:00,/Volumes/Argus/unk/snap/c1/1746842400.c1.snap.jpg,0.4378714
2025-05-10 02:30:00,/Volumes/Argus/unk/snap/c1/1746844200.c1.snap.jpg,0.3395463
2025-05-10 03:00:00,/Volumes/Argus/unk/snap/c1/1746846000.c1.snap.jpg,0.49058178
2025-05-10 03:30:00,/Volumes/Argus/unk/snap/c1/1746847800.c1.snap.jpg,0.5130203
2025-05-10 04:30:00,/Volumes/Argus/unk/snap/c1/1746851400.c1.snap.jpg,0.39042434
2025-05-10 05:30:00,/Volumes/Argus/unk/snap/c1/1746855000.c1.snap.jpg,0.30401993
2025-05-10 06:00:00,/Volumes/Argus/unk/snap/c1/1746856800.c1.snap.jpg,0.4152918
2025-05-10 06:30:00,/Volumes/Argus/unk/snap/c1/1746858600.c1.snap.jpg,0.3631993
2025-05-10 07:00:00,/Volumes/Argus/unk/snap/c1/1746860400.c1.snap.jpg,0.40088937
2025-05-10 07:30:00,/Volumes/Argus/unk/snap/c1/1746862200.c1.snap.jpg,0.32322437
2025-05-10 08:00:00,/Volumes/Argus/unk/snap/c1/1746864000.c1.snap.jpg,0.31363612
2025-05-10 14:00:00,/Volumes/Argus/unk/snap/c1/1746885600.c1.snap.jpg,0.30850703
2025-05-10 14:30:00,/Volumes/Argus/unk/snap/c1/1746887400.c1.snap.jpg,0.3463781
2025-05-10 15:00:00,/Volumes/Argus/unk/snap/c1/1746889200.c1.snap.jpg,0.31699747
2025-05-10 15:30:00,/Volumes/Argus/unk/snap/c1/1746891000.c1.snap.jpg,0.41703373
2025-05-10 16:00:00,/Volumes/Argus/unk/snap/c1/1746892800.c1.snap.jpg,0.41120335
2025-05-10 16:30:00,/Volumes/Argus/unk/snap/c1/1746894600.c1.snap.jpg,0.38556793
2025-05-10 17:00:00,/Volumes/Argus/unk/snap/c1/1746896400.c1.snap.jpg,0.5503206
2025-05-10 17:30:00,/Volumes/Argus/unk/snap/c1/1746898200.c1.snap.jpg,0.5648428
2025-05-10 18:00:00,/Volumes/Argus/unk/snap/c1/1746900000.c1.snap.jpg,0.42722726
2025-05-10 18:30:00,/Volumes/Argus/unk/snap/c1/1746901800.c1.snap.jpg,0.52742594
2025-05-10 19:00:00,/Volumes/Argus/unk/snap/c1/1746903600.c1.snap.jpg,0.48713246
2025-05-10 19:30:00,/Volumes/Argus/unk/snap/c1/1746905400.c1.snap.jpg,0.42424995
2025-05-10 20:00:00,/Volumes/Argus/unk/snap/c1/1746907200.c1.snap.jpg,0.36804846
2025-05-10 20:30:00,/Volumes/Argus/unk/snap/c1/1746909000.c1.snap.jpg,0.41147408
2025-05-10 21:00:00,/Volumes/Argus/unk/snap/c1/1746910800.c1.snap.jpg,0.30030435
2025-05-10 21:30:00,/Volumes/Argus/unk/snap/c1/1746912600.c1.snap.jpg,0.45211917
2025-05-10 22:00:00,/Volumes/Argus/unk/snap/c1/1746914400.c1.snap.jpg,0.32929313
2025-05-10 22:30:00,/Volumes/Argus/unk/snap/c1/1746916200.c1.snap.jpg,0.35954726
2025-05-10 23:00:00,/Volumes/Argus/unk/snap/c1/1746918000.c1.snap.jpg,0.44311932
2025-05-10 23:30:00,/Volumes/Argus/unk/snap/c1/1746919800.c1.snap.jpg,0.4521643
2025-05-11 00:00:00,/Volumes/Argus/unk/snap/c1/1746921600.c1.snap.jpg,0.47407043
2025-05-11 00:30:00,/Volumes/Argus/unk/snap/c1/1746923400.c1.snap.jpg,0.49953347
2025-05-11 01:00:00,/Volumes/Argus/unk/snap/c1/1746925200.c1.snap.jpg,0.45650184
2025-05-11 01:30:00,/Volumes/Argus/unk/snap/c1/1746927000.c1.snap.jpg,0.42049804
2025-05-11 02:00:00,/Volumes/Argus/unk/snap/c1/1746928800.c1.snap.jpg,0.4232574
2025-05-11 02:30:00,/Volumes/Argus/unk/snap/c1/1746930600.c1.snap.jpg,0.4852521
2025-05-11 03:00:00,/Volumes/Argus/unk/snap/c1/1746932400.c1.snap.jpg,0.44570148
2025-05-11 03:30:00,/Volumes/Argus/unk/snap/c1/1746934200.c1.snap.jpg,0.29869193
2025-05-11 04:00:00,/Volumes/Argus/unk/snap/c1/1746936000.c1.snap.jpg,0.39425018
2025-05-11 04:30:00,/Volumes/Argus/unk/snap/c1/1746937800.c1.snap.jpg,0.3367923
2025-05-11 05:00:00,/Volumes/Argus/unk/snap/c1/1746939600.c1.snap.jpg,0.27386147
2025-05-11 05:30:00,/Volumes/Argus/unk/snap/c1/1746941400.c1.snap.jpg,0.2507522
2025-05-11 06:00:00,/Volumes/Argus/unk/snap/c1/1746943200.c1.snap.jpg,0.33186117
2025-05-11 06:30:00,/Volumes/Argus/unk/snap/c1/1746945000.c1.snap.jpg,0.37805492
2025-05-11 07:00:00,/Volumes/Argus/unk/snap/c1/1746946800.c1.snap.jpg,0.40923288
2025-05-11 07:30:00,/Volumes/Argus/unk/snap/c1/1746948600.c1.snap.jpg,0.41620612
2025-05-11 08:00:00,/Volumes/Argus/unk/snap/c1/1746950400.c1.snap.jpg,0.36842608
2025-05-11 08:30:00,/Volumes/Argus/unk/snap/c1/1746952200.c1.snap.jpg,0.32020053
2025-05-11 14:00:00,/Volumes/Argus/unk/snap/c1/1746972000.c1.snap.jpg,0.39237744
2025-05-11 14:30:00,/Volumes/Argus/unk/snap/c1/1746973800.c1.snap.jpg,0.373398
2025-05-11 15:00:00,/Volumes/Argus/unk/snap/c1/1746975600.c1.snap.jpg,0.28706998
2025-05-11 15:30:00,/Volumes/Argus/unk/snap/c1/1746977400.c1.snap.jpg,0.42363673
2025-05-11 16:00:00,/Volumes/Argus/unk/snap/c1/1746979200.c1.snap.jpg,0.41622245
2025-05-11 16:30:00,/Volumes/Argus/unk/snap/c1/1746981000.c1.snap.jpg,0.45879495
2025-05-11 17:30:00,/Volumes/Argus/unk/snap/c1/1746984600.c1.snap.jpg,0.27146456
2025-05-11 18:00:00,/Volumes/Argus/unk/snap/c1/1746986400.c1.snap.jpg,0.30629244
2025-05-11 18:30:00,/Volumes/Argus/unk/snap/c1/1746988200.c1.snap.jpg,0.420821
2025-05-11 19:00:00,/Volumes/Argus/unk/snap/c1/1746990000.c1.snap.jpg,0.54007465
2025-05-11 19:30:00,/Volumes/Argus/unk/snap/c1/1746991800.c1.snap.jpg,0.43741542
2025-05-11 20:00:00,/Volumes/Argus/unk/snap/c1/1746993600.c1.snap.jpg,0.32863802
2025-05-11 20:30:00,/Volumes/Argus/unk/snap/c1/1746995400.c1.snap.jpg,0.25095356
2025-05-11 21:00:00,/Volumes/Argus/unk/snap/c1/1746997200.c1.snap.jpg,0.49265474
2025-05-11 21:30:00,/Volumes/Argus/unk/snap/c1/1746999000.c1.snap.jpg,0.4079514
2025-05-11 22:30:00,/Volumes/Argus/unk/snap/c1/1747002600.c1.snap.jpg,0.33663788
2025-05-11 23:00:00,/Volumes/Argus/unk/snap/c1/1747004400.c1.snap.jpg,0.34685245
2025-05-11 23:30:00,/Volumes/Argus/unk/snap/c1/1747006200.c1.snap.jpg,0.39457768
2025-05-12 00:00:00,/Volumes/Argus/unk/snap/c1/1747008000.c1.snap.jpg,0.35630518
2025-05-12 00:30:00,/Volumes/Argus/unk/snap/c1/1747009800.c1.snap.jpg,0.34178507
2025-05-12 01:00:00,/Volumes/Argus/unk/snap/c1/1747011600.c1.snap.jpg,0.38821185
2025-05-12 01:30:00,/Volumes/Argus/unk/snap/c1/1747013400.c1.snap.jpg,0.37257352
2025-05-12 02:00:00,/Volumes/Argus/unk/snap/c1/1747015200.c1.snap.jpg,0.37161595
2025-05-12 02:30:00,/Volumes/Argus/unk/snap/c1/1747017000.c1.snap.jpg,0.337089
2025-05-12 03:00:00,/Volumes/Argus/unk/snap/c1/1747018800.c1.snap.jpg,0.38614452
2025-05-12 03:30:00,/Volumes/Argus/unk/snap/c1/1747020600.c1.snap.jpg,0.2863385
2025-05-12 04:00:00,/Volumes/Argus/unk/snap/c1/1747022400.c1.snap.jpg,0.32266995
2025-05-12 04:30:00,/Volumes/Argus/unk/snap/c1/1747024200.c1.snap.jpg,0.3169513
2025-05-12 05:00:00,/Volumes/Argus/unk/snap/c1/1747026000.c1.snap.jpg,0.5182813
2025-05-12 05:30:00,/Volumes/Argus/unk/snap/c1/1747027800.c1.snap.jpg,0.3521251
2025-05-12 06:00:00,/Volumes/Argus/unk/snap/c1/1747029600.c1.snap.jpg,0.325234
2025-05-12 06:30:00,/Volumes/Argus/unk/snap/c1/1747031400.c1.snap.jpg,0.36785507
2025-05-12 07:00:00,/Volumes/Argus/unk/snap/c1/1747033200.c1.snap.jpg,0.47698626
2025-05-12 07:30:00,/Volumes/Argus/unk/snap/c1/1747035000.c1.snap.jpg,0.45339113
2025-05-12 08:00:00,/Volumes/Argus/unk/snap/c1/1747036800.c1.snap.jpg,0.5210211
2025-05-12 08:30:00,/Volumes/Argus/unk/snap/c1/1747038600.c1.snap.jpg,0.578735
2025-05-12 14:00:00,/Volumes/Argus/unk/snap/c1/1747058400.c1.snap.jpg,0.2828519
2025-05-12 14:30:00,/Volumes/Argus/unk/snap/c1/1747060200.c1.snap.jpg,0.28206795
2025-05-12 15:00:00,/Volumes/Argus/unk/snap/c1/1747062000.c1.snap.jpg,0.33623314
2025-05-12 15:30:00,/Volumes/Argus/unk/snap/c1/1747063800.c1.snap.jpg,0.32199556
2025-05-12 16:00:00,/Volumes/Argus/unk/snap/c1/1747065600.c1.snap.jpg,0.3981718
2025-05-12 16:30:00,/Volumes/Argus/unk/snap/c1/1747067400.c1.snap.jpg,0.3392827
2025-05-12 17:00:00,/Volumes/Argus/unk/snap/c1/1747069200.c1.snap.jpg,0.32583854
2025-05-12 17:30:00,/Volumes/Argus/unk/snap/c1/1747071000.c1.snap.jpg,0.41734505
2025-05-12 18:00:00,/Volumes/Argus/unk/snap/c1/1747072800.c1.snap.jpg,0.37280756
2025-05-12 18:30:00,/Volumes/Argus/unk/snap/c1/1747074600.c1.snap.jpg,0.39406243
2025-05-12 19:00:00,/Volumes/Argus/unk/snap/c1/1747076400.c1.snap.jpg,0.87998855
2025-05-12 19:30:00,/Volumes/Argus/unk/snap/c1/1747078200.c1.snap.jpg,0.45762327
2025-05-12 20:00:00,/Volumes/Argus/unk/snap/c1/1747080000.c1.snap.jpg,0.32884818
2025-05-12 20:30:00,/Volumes/Argus/unk/snap/c1/1747081800.c1.snap.jpg,0.41973227
2025-05-12 21:00:00,/Volumes/Argus/unk/snap/c1/1747083600.c1.snap.jpg,0.4009149
2025-05-12 21:30:00,/Volumes/Argus/unk/snap/c1/1747085400.c1.snap.jpg,0.39442727
2025-05-12 22:00:00,/Volumes/Argus/unk/snap/c1/1747087200.c1.snap.jpg,0.37610692
2025-05-12 22:30:00,/Volumes/Argus/unk/snap/c1/1747089000.c1.snap.jpg,0.4469076
2025-05-12 23:00:00,/Volumes/Argus/unk/snap/c1/1747090800.c1.snap.jpg,0.34957218
2025-05-12 23:30:00,/Volumes/Argus/unk/snap/c1/1747092600.c1.snap.jpg,0.3071023
2025-05-13 00:00:00,/Volumes/Argus/unk/snap/c1/1747094400.c1.snap.jpg,0.3680349
2025-05-13 00:30:00,/Volumes/Argus/unk/snap/c1/1747096200.c1.snap.jpg,0.28593048
2025-05-13 01:00:00,/Volumes/Argus/unk/snap/c1/1747098000.c1.snap.jpg,0.33554354
2025-05-13 01:30:00,/Volumes/Argus/unk/snap/c1/1747099800.c1.snap.jpg,0.42959502
2025-05-13 02:00:00,/Volumes/Argus/unk/snap/c1/1747101600.c1.snap.jpg,0.29357463
2025-05-13 02:30:00,/Volumes/Argus/unk/snap/c1/1747103400.c1.snap.jpg,0.34589344
2025-05-13 03:00:00,/Volumes/Argus/unk/snap/c1/1747105200.c1.snap.jpg,0.3216645
2025-05-13 03:30:00,/Volumes/Argus/unk/snap/c1/1747107000.c1.snap.jpg,0.4545882
2025-05-13 04:00:00,/Volumes/Argus/unk/snap/c1/1747108800.c1.snap.jpg,0.47162774
2025-05-13 04:30:00,/Volumes/Argus/unk/snap/c1/1747110600.c1.snap.jpg,0.29622614
2025-05-13 05:00:00,/Volumes/Argus/unk/snap/c1/1747112400.c1.snap.jpg,0.35494024
2025-05-13 05:30:00,/Volumes/Argus/unk/snap/c1/1747114200.c1.snap.jpg,0.2809205
2025-05-13 06:00:00,/Volumes/Argus/unk/snap/c1/1747116000.c1.snap.jpg,0.3477472
2025-05-13 06:30:00,/Volumes/Argus/unk/snap/c1/1747117800.c1.snap.jpg,0.3583804
2025-05-13 07:00:00,/Volumes/Argus/unk/snap/c1/1747119600.c1.snap.jpg,0.28983223
2025-05-13 07:30:00,/Volumes/Argus/unk/snap/c1/1747121400.c1.snap.jpg,0.40119857
2025-05-13 08:30:00,/Volumes/Argus/unk/snap/c1/1747125000.c1.snap.jpg,0.24253608
2025-05-13 09:00:00,/Volumes/Argus/unk/snap/c1/1747126800.c1.snap.jpg,0.2589816
2025-05-13 14:00:00,/Volumes/Argus/unk/snap/c1/1747144800.c1.snap.jpg,0.42200762
2025-05-13 14:30:00,/Volumes/Argus/unk/snap/c1/1747146600.c1.snap.jpg,0.4868182
2025-05-13 15:00:00,/Volumes/Argus/unk/snap/c1/1747148400.c1.snap.jpg,0.39494553
2025-05-13 15:30:00,/Volumes/Argus/unk/snap/c1/1747150200.c1.snap.jpg,0.30052143
2025-05-13 16:00:00,/Volumes/Argus/unk/snap/c1/1747152000.c1.snap.jpg,0.34021467
2025-05-13 16:30:00,/Volumes/Argus/unk/snap/c1/1747153800.c1.snap.jpg,0.4674727
2025-05-13 17:30:00,/Volumes/Argus/unk/snap/c1/1747157400.c1.snap.jpg,0.41035587
2025-05-13 18:00:00,/Volumes/Argus/unk/snap/c1/1747159200.c1.snap.jpg,0.2703359
2025-05-13 18:30:00,/Volumes/Argus/unk/snap/c1/1747161000.c1.snap.jpg,0.23468602
2025-05-13 19:00:00,/Volumes/Argus/unk/snap/c1/1747162800.c1.snap.jpg,0.22616795
2025-05-13 19:30:00,/Volumes/Argus/unk/snap/c1/1747164600.c1.snap.jpg,0.30664825
2025-05-13 20:00:00,/Volumes/Argus/unk/snap/c1/1747166400.c1.snap.jpg,0.3121599
2025-05-13 20:30:00,/Volumes/Argus/unk/snap/c1/1747168200.c1.snap.jpg,0.61536956
2025-05-13 21:30:00,/Volumes/Argus/unk/snap/c1/1747171800.c1.snap.jpg,0.40081722
2025-05-13 22:30:00,/Volumes/Argus/unk/snap/c1/1747175400.c1.snap.jpg,0.31570598
2025-05-13 23:00:00,/Volumes/Argus/unk/snap/c1/1747177200.c1.snap.jpg,0.36340666
2025-05-13 23:30:00,/Volumes/Argus/unk/snap/c1/1747179000.c1.snap.jpg,0.27624997
2025-05-14 00:00:00,/Volumes/Argus/unk/snap/c1/1747180800.c1.snap.jpg,0.3340881
2025-05-14 00:30:00,/Volumes/Argus/unk/snap/c1/1747182600.c1.snap.jpg,0.38388228
2025-05-14 01:00:00,/Volumes/Argus/unk/snap/c1/1747184400.c1.snap.jpg,0.3340351
2025-05-14 01:30:00,/Volumes/Argus/unk/snap/c1/1747186200.c1.snap.jpg,0.34254128
2025-05-14 02:00:00,/Volumes/Argus/unk/snap/c1/1747188000.c1.snap.jpg,0.42688164
2025-05-14 02:30:00,/Volumes/Argus/unk/snap/c1/1747189800.c1.snap.jpg,0.4844927
2025-05-14 03:00:00,/Volumes/Argus/unk/snap/c1/1747191600.c1.snap.jpg,0.3249586
2025-05-14 03:30:00,/Volumes/Argus/unk/snap/c1/1747193400.c1.snap.jpg,0.39099705
2025-05-14 04:00:00,/Volumes/Argus/unk/snap/c1/1747195200.c1.snap.jpg,0.41864982
2025-05-14 04:30:00,/Volumes/Argus/unk/snap/c1/1747197000.c1.snap.jpg,0.26613966
2025-05-14 05:00:00,/Volumes/Argus/unk/snap/c1/1747198800.c1.snap.jpg,0.20788978
2025-05-14 06:00:00,/Volumes/Argus/unk/snap/c1/1747202400.c1.snap.jpg,0.23373678
2025-05-14 06:30:00,/Volumes/Argus/unk/snap/c1/1747204200.c1.snap.jpg,0.4853537
2025-05-14 07:00:00,/Volumes/Argus/unk/snap/c1/1747206000.c1.snap.jpg,0.29172054
2025-05-14 07:30:00,/Volumes/Argus/unk/snap/c1/1747207800.c1.snap.jpg,0.1878095
2025-05-14 08:00:00,/Volumes/Argus/unk/snap/c1/1747209600.c1.snap.jpg,0.43053216
2025-05-14 09:00:00,/Volumes/Argus/unk/snap/c1/1747213200.c1.snap.jpg,0.4317614
2025-05-14 14:00:00,/Volumes/Argus/unk/snap/c1/1747231200.c1.snap.jpg,0.39417645
2025-05-14 15:00:00,/Volumes/Argus/unk/snap/c1/1747234800.c1.snap.jpg,0.22700056
2025-05-14 15:30:00,/Volumes/Argus/unk/snap/c1/1747236600.c1.snap.jpg,0.35794643
2025-05-14 16:00:00,/Volumes/Argus/unk/snap/c1/1747238400.c1.snap.jpg,0.35903087
2025-05-14 16:30:00,/Volumes/Argus/unk/snap/c1/1747240200.c1.snap.jpg,0.32171065
2025-05-14 17:00:00,/Volumes/Argus/unk/snap/c1/1747242000.c1.snap.jpg,0.35987145
2025-05-14 17:30:00,/Volumes/Argus/unk/snap/c1/1747243800.c1.snap.jpg,0.30456787
2025-05-14 18:00:00,/Volumes/Argus/unk/snap/c1/1747245600.c1.snap.jpg,0.42055693
2025-05-14 18:30:00,/Volumes/Argus/unk/snap/c1/1747247400.c1.snap.jpg,0.30025363
2025-05-14 19:00:00,/Volumes/Argus/unk/snap/c1/1747249200.c1.snap.jpg,0.384719
2025-05-14 19:30:00,/Volumes/Argus/unk/snap/c1/1747251000.c1.snap.jpg,0.32546866
2025-05-14 20:00:00,/Volumes/Argus/unk/snap/c1/1747252800.c1.snap.jpg,0.31023735
2025-05-14 20:30:00,/Volumes/Argus/unk/snap/c1/1747254600.c1.snap.jpg,0.2966798
2025-05-14 21:00:00,/Volumes/Argus/unk/snap/c1/1747256400.c1.snap.jpg,0.39147684
2025-05-14 21:30:00,/Volumes/Argus/unk/snap/c1/1747258200.c1.snap.jpg,0.34395432
2025-05-14 22:00:00,/Volumes/Argus/unk/snap/c1/1747260000.c1.snap.jpg,0.37943876
2025-05-14 22:30:00,/Volumes/Argus/unk/snap/c1/1747261800.c1.snap.jpg,0.519745
2025-05-14 23:00:00,/Volumes/Argus/unk/snap/c1/1747263600.c1.snap.jpg,0.416421
2025-05-14 23:30:00,/Volumes/Argus/unk/snap/c1/1747265400.c1.snap.jpg,0.37431943
2025-05-15 00:00:00,/Volumes/Argus/unk/snap/c1/1747267200.c1.snap.jpg,0.39738014
2025-05-15 00:30:00,/Volumes/Argus/unk/snap/c1/1747269000.c1.snap.jpg,0.43208867
2025-05-15 01:00:00,/Volumes/Argus/unk/snap/c1/1747270800.c1.snap.jpg,0.5593406
2025-05-15 01:30:00,/Volumes/Argus/unk/snap/c1/1747272600.c1.snap.jpg,0.43438035
2025-05-15 02:00:00,/Volumes/Argus/unk/snap/c1/1747274400.c1.snap.jpg,0.47268355
2025-05-15 02:30:00,/Volumes/Argus/unk/snap/c1/1747276200.c1.snap.jpg,0.52711713
2025-05-15 03:00:00,/Volumes/Argus/unk/snap/c1/1747278000.c1.snap.jpg,0.37912232
2025-05-15 03:30:00,/Volumes/Argus/unk/snap/c1/1747279800.c1.snap.jpg,0.35246974
2025-05-15 04:00:00,/Volumes/Argus/unk/snap/c1/1747281600.c1.snap.jpg,0.53028417
2025-05-15 04:30:00,/Volumes/Argus/unk/snap/c1/1747283400.c1.snap.jpg,0.4652805
2025-05-15 05:00:00,/Volumes/Argus/unk/snap/c1/1747285200.c1.snap.jpg,0.4861413
2025-05-15 05:30:00,/Volumes/Argus/unk/snap/c1/1747287000.c1.snap.jpg,0.45764852
2025-05-15 06:00:00,/Volumes/Argus/unk/snap/c1/1747288800.c1.snap.jpg,0.5477729
2025-05-15 06:30:00,/Volumes/Argus/unk/snap/c1/1747290600.c1.snap.jpg,0.37604403
2025-05-15 07:00:00,/Volumes/Argus/unk/snap/c1/1747292400.c1.snap.jpg,0.41244766
2025-05-15 07:30:00,/Volumes/Argus/unk/snap/c1/1747294200.c1.snap.jpg,0.47278577
2025-05-15 08:30:00,/Volumes/Argus/unk/snap/c1/1747297800.c1.snap.jpg,0.69150007
2025-05-15 09:00:00,/Volumes/Argus/unk/snap/c1/1747299600.c1.snap.jpg,0.63623226
2025-05-15 14:00:00,/Volumes/Argus/unk/snap/c1/1747317600.c1.snap.jpg,0.51809585
2025-05-15 14:30:00,/Volumes/Argus/unk/snap/c1/1747319400.c1.snap.jpg,0.45464763
2025-05-15 15:00:00,/Volumes/Argus/unk/snap/c1/1747321200.c1.snap.jpg,0.47450733
2025-05-15 15:30:00,/Volumes/Argus/unk/snap/c1/1747323000.c1.snap.jpg,0.5916854
2025-05-15 16:00:00,/Volumes/Argus/unk/snap/c1/1747324800.c1.snap.jpg,0.27801567
2025-05-15 16:30:00,/Volumes/Argus/unk/snap/c1/1747326600.c1.snap.jpg,0.40841678
2025-05-15 17:00:00,/Volumes/Argus/unk/snap/c1/1747328400.c1.snap.jpg,0.2538879
2025-05-15 17:30:00,/Volumes/Argus/unk/snap/c1/1747330200.c1.snap.jpg,0.29888058
2025-05-15 18:00:00,/Volumes/Argus/unk/snap/c1/1747332000.c1.snap.jpg,0.37658346
2025-05-15 18:30:00,/Volumes/Argus/unk/snap/c1/1747333800.c1.snap.jpg,0.32843316
2025-05-15 19:00:00,/Volumes/Argus/unk/snap/c1/1747335600.c1.snap.jpg,0.37050873
2025-05-15 19:30:00,/Volumes/Argus/unk/snap/c1/1747337400.c1.snap.jpg,0.3519079
2025-05-15 20:00:00,/Volumes/Argus/unk/snap/c1/1747339200.c1.snap.jpg,0.31981307
2025-05-15 20:30:00,/Volumes/Argus/unk/snap/c1/1747341000.c1.snap.jpg,0.3022202
2025-05-15 21:00:00,/Volumes/Argus/unk/snap/c1/1747342800.c1.snap.jpg,0.28541994
2025-05-15 22:00:00,/Volumes/Argus/unk/snap/c1/1747346400.c1.snap.jpg,0.40140116
2025-05-15 22:30:00,/Volumes/Argus/unk/snap/c1/1747348200.c1.snap.jpg,0.33922446
2025-05-15 23:00:00,/Volumes/Argus/unk/snap/c1/1747350000.c1.snap.jpg,0.38383216
2025-05-15 23:30:00,/Volumes/Argus/unk/snap/c1/1747351800.c1.snap.jpg,0.37558275
2025-05-16 00:00:00,/Volumes/Argus/unk/snap/c1/1747353600.c1.snap.jpg,0.42105952
2025-05-16 00:30:00,/Volumes/Argus/unk/snap/c1/1747355400.c1.snap.jpg,0.39941305
2025-05-16 01:00:00,/Volumes/Argus/unk/snap/c1/1747357200.c1.snap.jpg,0.4341311
2025-05-16 01:30:00,/Volumes/Argus/unk/snap/c1/1747359000.c1.snap.jpg,0.46881622
2025-05-16 02:00:00,/Volumes/Argus/unk/snap/c1/1747360800.c1.snap.jpg,0.36804092
2025-05-16 02:30:00,/Volumes/Argus/unk/snap/c1/1747362600.c1.snap.jpg,0.3868842
2025-05-16 03:00:00,/Volumes/Argus/unk/snap/c1/1747364400.c1.snap.jpg,0.3807379
2025-05-16 03:30:00,/Volumes/Argus/unk/snap/c1/1747366200.c1.snap.jpg,0.367112
2025-05-16 04:00:00,/Volumes/Argus/unk/snap/c1/1747368000.c1.snap.jpg,0.22779472
2025-05-16 04:30:00,/Volumes/Argus/unk/snap/c1/1747369800.c1.snap.jpg,0.531392
2025-05-16 05:00:00,/Volumes/Argus/unk/snap/c1/1747371600.c1.snap.jpg,0.5589974
2025-05-16 05:30:00,/Volumes/Argus/unk/snap/c1/1747373400.c1.snap.jpg,0.4726308
2025-05-16 06:30:00,/Volumes/Argus/unk/snap/c1/1747377000.c1.snap.jpg,0.25545558
2025-05-16 07:00:00,/Volumes/Argus/unk/snap/c1/1747378800.c1.snap.jpg,0.21232913
2025-05-16 07:30:00,/Volumes/Argus/unk/snap/c1/1747380600.c1.snap.jpg,0.46854144
2025-05-16 08:00:00,/Volumes/Argus/unk/snap/c1/1747382400.c1.snap.jpg,0.54856503
2025-05-16 08:30:00,/Volumes/Argus/unk/snap/c1/1747384200.c1.snap.jpg,0.4123067
2025-05-16 09:00:00,/Volumes/Argus/unk/snap/c1/1747386000.c1.snap.jpg,0.7142779
2025-05-16 12:00:00,/Volumes/Argus/unk/snap/c1/1747396800.c1.snap.jpg,0.48607555
2025-05-16 14:00:00,/Volumes/Argus/unk/snap/c1/1747404000.c1.snap.jpg,0.30616087
2025-05-16 14:30:00,/Volumes/Argus/unk/snap/c1/1747405800.c1.snap.jpg,0.30053884
2025-05-16 15:00:00,/Volumes/Argus/unk/snap/c1/1747407600.c1.snap.jpg,0.3530608
2025-05-16 15:30:00,/Volumes/Argus/unk/snap/c1/1747409400.c1.snap.jpg,0.3273102
2025-05-16 16:00:00,/Volumes/Argus/unk/snap/c1/1747411200.c1.snap.jpg,0.30784136
2025-05-16 16:30:00,/Volumes/Argus/unk/snap/c1/1747413000.c1.snap.jpg,0.26222032
2025-05-16 17:00:00,/Volumes/Argus/unk/snap/c1/1747414800.c1.snap.jpg,0.45884198
2025-05-16 17:30:00,/Volumes/Argus/unk/snap/c1/1747416600.c1.snap.jpg,0.43615127
2025-05-16 18:00:00,/Volumes/Argus/unk/snap/c1/1747418400.c1.snap.jpg,0.38453636
2025-05-16 18:30:00,/Volumes/Argus/unk/snap/c1/1747420200.c1.snap.jpg,0.35843366
2025-05-16 19:00:00,/Volumes/Argus/unk/snap/c1/1747422000.c1.snap.jpg,0.32669646
2025-05-16 19:30:00,/Volumes/Argus/unk/snap/c1/1747423800.c1.snap.jpg,0.176438
2025-05-16 20:00:00,/Volumes/Argus/unk/snap/c1/1747425600.c1.snap.jpg,0.49588862
2025-05-16 20:30:00,/Volumes/Argus/unk/snap/c1/1747427400.c1.snap.jpg,0.2696826
2025-05-16 21:00:00,/Volumes/Argus/unk/snap/c1/1747429200.c1.snap.jpg,0.3831501
2025-05-16 21:30:00,/Volumes/Argus/unk/snap/c1/1747431000.c1.snap.jpg,0.8819835
2025-05-16 22:00:00,/Volumes/Argus/unk/snap/c1/1747432800.c1.snap.jpg,0.37552157
2025-05-16 22:30:00,/Volumes/Argus/unk/snap/c1/1747434600.c1.snap.jpg,0.47055882
2025-05-16 23:00:00,/Volumes/Argus/unk/snap/c1/1747436400.c1.snap.jpg,0.36189127
2025-05-16 23:30:00,/Volumes/Argus/unk/snap/c1/1747438200.c1.snap.jpg,0.47854438
2025-05-17 00:00:00,/Volumes/Argus/unk/snap/c1/1747440000.c1.snap.jpg,0.4853918
2025-05-17 00:30:00,/Volumes/Argus/unk/snap/c1/1747441800.c1.snap.jpg,0.3982682
2025-05-17 01:00:00,/Volumes/Argus/unk/snap/c1/1747443600.c1.snap.jpg,0.44799092
2025-05-17 01:30:00,/Volumes/Argus/unk/snap/c1/1747445400.c1.snap.jpg,0.36941338
2025-05-17 02:00:00,/Volumes/Argus/unk/snap/c1/1747447200.c1.snap.jpg,0.3245381
2025-05-17 02:30:00,/Volumes/Argus/unk/snap/c1/1747449000.c1.snap.jpg,0.41974372
2025-05-17 03:00:00,/Volumes/Argus/unk/snap/c1/1747450800.c1.snap.jpg,0.4103556
2025-05-17 03:30:00,/Volumes/Argus/unk/snap/c1/1747452600.c1.snap.jpg,0.3550657
2025-05-17 04:00:00,/Volumes/Argus/unk/snap/c1/1747454400.c1.snap.jpg,0.47972444
2025-05-17 04:30:00,/Volumes/Argus/unk/snap/c1/1747456200.c1.snap.jpg,0.5469654
2025-05-17 05:00:00,/Volumes/Argus/unk/snap/c1/1747458000.c1.snap.jpg,0.48563078
2025-05-17 05:30:00,/Volumes/Argus/unk/snap/c1/1747459800.c1.snap.jpg,0.52123094
2025-05-17 06:00:00,/Volumes/Argus/unk/snap/c1/1747461600.c1.snap.jpg,0.4455402
2025-05-17 06:30:00,/Volumes/Argus/unk/snap/c1/1747463400.c1.snap.jpg,0.39958283
2025-05-17 07:00:00,/Volumes/Argus/unk/snap/c1/1747465200.c1.snap.jpg,0.43654752
2025-05-17 07:30:00,/Volumes/Argus/unk/snap/c1/1747467000.c1.snap.jpg,0.48756117
2025-05-17 08:00:00,/Volumes/Argus/unk/snap/c1/1747468800.c1.snap.jpg,0.38079196
2025-05-17 08:30:00,/Volumes/Argus/unk/snap/c1/1747470600.c1.snap.jpg,0.39447612
2025-05-17 09:00:00,/Volumes/Argus/unk/snap/c1/1747472400.c1.snap.jpg,0.53955066
2025-05-17 12:00:00,/Volumes/Argus/unk/snap/c1/1747483200.c1.snap.jpg,0.44337657
2025-05-17 14:00:00,/Volumes/Argus/unk/snap/c1/1747490400.c1.snap.jpg,0.4287774
2025-05-17 14:30:00,/Volumes/Argus/unk/snap/c1/1747492200.c1.snap.jpg,0.40476698
2025-05-17 15:00:00,/Volumes/Argus/unk/snap/c1/1747494000.c1.snap.jpg,0.4149495
2025-05-17 15:30:00,/Volumes/Argus/unk/snap/c1/1747495800.c1.snap.jpg,0.5426302
2025-05-17 16:00:00,/Volumes/Argus/unk/snap/c1/1747497600.c1.snap.jpg,0.42335987
2025-05-17 17:00:00,/Volumes/Argus/unk/snap/c1/1747501200.c1.snap.jpg,0.5000448
2025-05-17 17:30:00,/Volumes/Argus/unk/snap/c1/1747503000.c1.snap.jpg,0.4707744
2025-05-17 18:00:00,/Volumes/Argus/unk/snap/c1/1747504800.c1.snap.jpg,0.47042188
2025-05-17 18:30:00,/Volumes/Argus/unk/snap/c1/1747506600.c1.snap.jpg,0.42261356
2025-05-17 19:00:00,/Volumes/Argus/unk/snap/c1/1747508400.c1.snap.jpg,0.6402396
2025-05-17 19:30:00,/Volumes/Argus/unk/snap/c1/1747510200.c1.snap.jpg,0.58738244
2025-05-17 20:00:00,/Volumes/Argus/unk/snap/c1/1747512000.c1.snap.jpg,0.72655
2025-05-17 20:30:00,/Volumes/Argus/unk/snap/c1/1747513800.c1.snap.jpg,0.6024252
2025-05-17 21:00:00,/Volumes/Argus/unk/snap/c1/1747515600.c1.snap.jpg,0.34118167
2025-05-17 21:30:00,/Volumes/Argus/unk/snap/c1/1747517400.c1.snap.jpg,0.5276655
2025-05-17 22:00:00,/Volumes/Argus/unk/snap/c1/1747519200.c1.snap.jpg,0.5776026
2025-05-17 22:30:00,/Volumes/Argus/unk/snap/c1/1747521000.c1.snap.jpg,0.44528088
2025-05-17 23:00:00,/Volumes/Argus/unk/snap/c1/1747522800.c1.snap.jpg,0.7473684
2025-05-17 23:30:00,/Volumes/Argus/unk/snap/c1/1747524600.c1.snap.jpg,0.620397
2025-05-18 00:00:00,/Volumes/Argus/unk/snap/c1/1747526400.c1.snap.jpg,0.48331067
2025-05-18 00:30:00,/Volumes/Argus/unk/snap/c1/1747528200.c1.snap.jpg,0.45579833
2025-05-18 01:00:00,/Volumes/Argus/unk/snap/c1/1747530000.c1.snap.jpg,0.46631205
2025-05-18 01:30:00,/Volumes/Argus/unk/snap/c1/1747531800.c1.snap.jpg,0.43431967
2025-05-18 02:00:00,/Volumes/Argus/unk/snap/c1/1747533600.c1.snap.jpg,0.4433698
2025-05-18 02:30:00,/Volumes/Argus/unk/snap/c1/1747535400.c1.snap.jpg,0.4549954
2025-05-18 03:00:00,/Volumes/Argus/unk/snap/c1/1747537200.c1.snap.jpg,0.33797684
2025-05-18 03:30:00,/Volumes/Argus/unk/snap/c1/1747539000.c1.snap.jpg,0.26220083
2025-05-18 04:00:00,/Volumes/Argus/unk/snap/c1/1747540800.c1.snap.jpg,0.3299897
2025-05-18 04:30:00,/Volumes/Argus/unk/snap/c1/1747542600.c1.snap.jpg,0.3592754
2025-05-18 05:00:00,/Volumes/Argus/unk/snap/c1/1747544400.c1.snap.jpg,0.4393211
2025-05-18 05:30:00,/Volumes/Argus/unk/snap/c1/1747546200.c1.snap.jpg,0.42198074
2025-05-18 06:00:00,/Volumes/Argus/unk/snap/c1/1747548000.c1.snap.jpg,0.5645796
2025-05-18 06:30:00,/Volumes/Argus/unk/snap/c1/1747549800.c1.snap.jpg,0.43464953
2025-05-18 07:00:00,/Volumes/Argus/unk/snap/c1/1747551600.c1.snap.jpg,0.44347426
2025-05-18 07:30:00,/Volumes/Argus/unk/snap/c1/1747553400.c1.snap.jpg,0.3861513
2025-05-18 08:00:00,/Volumes/Argus/unk/snap/c1/1747555200.c1.snap.jpg,0.3445626
2025-05-18 08:30:00,/Volumes/Argus/unk/snap/c1/1747557000.c1.snap.jpg,0.42726812
2025-05-18 09:30:00,/Volumes/Argus/unk/snap/c1/1747560600.c1.snap.jpg,0.37242308
2025-05-18 12:00:00,/Volumes/Argus/unk/snap/c1/1747569600.c1.snap.jpg,0.46264428
2025-05-18 14:00:00,/Volumes/Argus/unk/snap/c1/1747576800.c1.snap.jpg,0.3893209
2025-05-18 14:30:00,/Volumes/Argus/unk/snap/c1/1747578600.c1.snap.jpg,0.36602664
2025-05-18 15:00:00,/Volumes/Argus/unk/snap/c1/1747580400.c1.snap.jpg,0.3828349
2025-05-18 15:30:00,/Volumes/Argus/unk/snap/c1/1747582200.c1.snap.jpg,0.44093016
2025-05-18 16:00:00,/Volumes/Argus/unk/snap/c1/1747584000.c1.snap.jpg,0.5349391
2025-05-18 16:30:00,/Volumes/Argus/unk/snap/c1/1747585800.c1.snap.jpg,0.4151612
2025-05-18 17:00:00,/Volumes/Argus/unk/snap/c1/1747587600.c1.snap.jpg,0.4419334
2025-05-18 17:30:00,/Volumes/Argus/unk/snap/c1/1747589400.c1.snap.jpg,0.28841913
2025-05-18 18:00:00,/Volumes/Argus/unk/snap/c1/1747591200.c1.snap.jpg,0.5384328
2025-05-18 18:30:00,/Volumes/Argus/unk/snap/c1/1747593000.c1.snap.jpg,0.53174746
2025-05-18 19:00:00,/Volumes/Argus/unk/snap/c1/1747594800.c1.snap.jpg,0.4390989
2025-05-18 19:30:00,/Volumes/Argus/unk/snap/c1/1747596600.c1.snap.jpg,0.59995127
2025-05-18 20:00:00,/Volumes/Argus/unk/snap/c1/1747598400.c1.snap.jpg,0.48981723
2025-05-18 20:30:00,/Volumes/Argus/unk/snap/c1/1747600200.c1.snap.jpg,0.5203972
2025-05-18 21:30:00,/Volumes/Argus/unk/snap/c1/1747603800.c1.snap.jpg,0.52561176
2025-05-18 22:00:00,/Volumes/Argus/unk/snap/c1/1747605600.c1.snap.jpg,0.46293783
2025-05-18 23:00:00,/Volumes/Argus/unk/snap/c1/1747609200.c1.snap.jpg,0.56010634
2025-05-18 23:30:00,/Volumes/Argus/unk/snap/c1/1747611000.c1.snap.jpg,0.4160649
2025-05-19 00:00:00,/Volumes/Argus/unk/snap/c1/1747612800.c1.snap.jpg,0.5752251
2025-05-19 00:30:00,/Volumes/Argus/unk/snap/c1/1747614600.c1.snap.jpg,0.63113993
2025-05-19 01:00:00,/Volumes/Argus/unk/snap/c1/1747616400.c1.snap.jpg,0.6137011
2025-05-19 01:30:00,/Volumes/Argus/unk/snap/c1/1747618200.c1.snap.jpg,0.55247426
2025-05-19 02:00:00,/Volumes/Argus/unk/snap/c1/1747620000.c1.snap.jpg,0.5589448
2025-05-19 02:30:00,/Volumes/Argus/unk/snap/c1/1747621800.c1.snap.jpg,0.5530127
2025-05-19 03:00:00,/Volumes/Argus/unk/snap/c1/1747623600.c1.snap.jpg,0.5590303
2025-05-19 03:30:00,/Volumes/Argus/unk/snap/c1/1747625400.c1.snap.jpg,0.49906892
2025-05-19 04:00:00,/Volumes/Argus/unk/snap/c1/1747627200.c1.snap.jpg,0.34484643
2025-05-19 04:30:00,/Volumes/Argus/unk/snap/c1/1747629000.c1.snap.jpg,0.45499122
2025-05-19 05:00:00,/Volumes/Argus/unk/snap/c1/1747630800.c1.snap.jpg,0.43720362
2025-05-19 05:30:00,/Volumes/Argus/unk/snap/c1/1747632600.c1.snap.jpg,0.6289047
2025-05-19 06:00:00,/Volumes/Argus/unk/snap/c1/1747634400.c1.snap.jpg,0.36963734
2025-05-19 06:30:00,/Volumes/Argus/unk/snap/c1/1747636200.c1.snap.jpg,0.4596306
2025-05-19 07:00:00,/Volumes/Argus/unk/snap/c1/1747638000.c1.snap.jpg,0.42173976
2025-05-19 07:30:00,/Volumes/Argus/unk/snap/c1/1747639800.c1.snap.jpg,0.5278531
2025-05-19 08:00:00,/Volumes/Argus/unk/snap/c1/1747641600.c1.snap.jpg,0.48619682
2025-05-19 08:30:00,/Volumes/Argus/unk/snap/c1/1747643400.c1.snap.jpg,0.5138651
2025-05-19 09:00:00,/Volumes/Argus/unk/snap/c1/1747645200.c1.snap.jpg,0.49011904
2025-05-19 09:30:00,/Volumes/Argus/unk/snap/c1/1747647000.c1.snap.jpg,0.47451398
2025-05-19 12:00:00,/Volumes/Argus/unk/snap/c1/1747656000.c1.snap.jpg,0.37695783
2025-05-19 14:00:00,/Volumes/Argus/unk/snap/c1/1747663200.c1.snap.jpg,0.36774454
2025-05-19 14:30:00,/Volumes/Argus/unk/snap/c1/1747665000.c1.snap.jpg,0.46803445
2025-05-19 15:00:00,/Volumes/Argus/unk/snap/c1/1747666800.c1.snap.jpg,0.43085
2025-05-19 15:30:00,/Volumes/Argus/unk/snap/c1/1747668600.c1.snap.jpg,0.31929964
2025-05-19 16:00:00,/Volumes/Argus/unk/snap/c1/1747670400.c1.snap.jpg,0.33174223
2025-05-19 16:30:00,/Volumes/Argus/unk/snap/c1/1747672200.c1.snap.jpg,0.3169417
2025-05-19 17:00:00,/Volumes/Argus/unk/snap/c1/1747674000.c1.snap.jpg,0.35455978
2025-05-19 17:30:00,/Volumes/Argus/unk/snap/c1/1747675800.c1.snap.jpg,0.4158521
2025-05-19 18:30:00,/Volumes/Argus/unk/snap/c1/1747679400.c1.snap.jpg,0.31935146
2025-05-19 19:00:00,/Volumes/Argus/unk/snap/c1/1747681200.c1.snap.jpg,0.33745357
2025-05-19 19:30:00,/Volumes/Argus/unk/snap/c1/1747683000.c1.snap.jpg,0.36965555
2025-05-19 20:00:00,/Volumes/Argus/unk/snap/c1/1747684800.c1.snap.jpg,0.591647
2025-05-19 20:30:00,/Volumes/Argus/unk/snap/c1/1747686600.c1.snap.jpg,0.52208185
2025-05-19 21:00:00,/Volumes/Argus/unk/snap/c1/1747688400.c1.snap.jpg,0.46601617
2025-05-19 21:30:00,/Volumes/Argus/unk/snap/c1/1747690200.c1.snap.jpg,0.45259452
2025-05-19 22:00:00,/Volumes/Argus/unk/snap/c1/1747692000.c1.snap.jpg,0.32117432
2025-05-19 22:30:00,/Volumes/Argus/unk/snap/c1/1747693800.c1.snap.jpg,0.3695745
2025-05-19 23:00:00,/Volumes/Argus/unk/snap/c1/1747695600.c1.snap.jpg,0.3150569
2025-05-20 00:30:00,/Volumes/Argus/unk/snap/c1/1747701000.c1.snap.jpg,0.29153287
2025-05-20 01:00:00,/Volumes/Argus/unk/snap/c1/1747702800.c1.snap.jpg,0.43765005
2025-05-20 01:30:00,/Volumes/Argus/unk/snap/c1/1747704600.c1.snap.jpg,0.432104
2025-05-20 02:00:00,/Volumes/Argus/unk/snap/c1/1747706400.c1.snap.jpg,0.36703908
2025-05-20 02:30:00,/Volumes/Argus/unk/snap/c1/1747708200.c1.snap.jpg,0.40336227
2025-05-20 03:00:00,/Volumes/Argus/unk/snap/c1/1747710000.c1.snap.jpg,0.43532467
2025-05-20 03:30:00,/Volumes/Argus/unk/snap/c1/1747711800.c1.snap.jpg,0.28593594
2025-05-20 04:00:00,/Volumes/Argus/unk/snap/c1/1747713600.c1.snap.jpg,0.27469942
2025-05-20 04:30:00,/Volumes/Argus/unk/snap/c1/1747715400.c1.snap.jpg,0.29408446
2025-05-20 05:00:00,/Volumes/Argus/unk/snap/c1/1747717200.c1.snap.jpg,0.28222644
2025-05-20 05:30:00,/Volumes/Argus/unk/snap/c1/1747719000.c1.snap.jpg,0.25659046
2025-05-20 06:00:00,/Volumes/Argus/unk/snap/c1/1747720800.c1.snap.jpg,0.3060056
2025-05-20 06:30:00,/Volumes/Argus/unk/snap/c1/1747722600.c1.snap.jpg,0.4760695
2025-05-20 07:00:00,/Volumes/Argus/unk/snap/c1/1747724400.c1.snap.jpg,0.44126436
2025-05-20 07:30:00,/Volumes/Argus/unk/snap/c1/1747726200.c1.snap.jpg,0.50506103
2025-05-20 08:00:00,/Volumes/Argus/unk/snap/c1/1747728000.c1.snap.jpg,0.57343495
2025-05-20 08:30:00,/Volumes/Argus/unk/snap/c1/1747729800.c1.snap.jpg,0.63634336
2025-05-20 09:00:00,/Volumes/Argus/unk/snap/c1/1747731600.c1.snap.jpg,0.62941146
2025-05-20 09:30:00,/Volumes/Argus/unk/snap/c1/1747733400.c1.snap.jpg,0.7494814
2025-05-20 11:30:00,/Volumes/Argus/unk/snap/c1/1747740600.c1.snap.jpg,0.4154864
2025-05-20 12:00:00,/Volumes/Argus/unk/snap/c1/1747742400.c1.snap.jpg,0.39377892
2025-05-20 14:00:00,/Volumes/Argus/unk/snap/c1/1747749600.c1.snap.jpg,0.53558314
2025-05-20 14:30:00,/Volumes/Argus/unk/snap/c1/1747751400.c1.snap.jpg,0.47966078
2025-05-20 15:00:00,/Volumes/Argus/unk/snap/c1/1747753200.c1.snap.jpg,0.39522725
2025-05-20 15:30:00,/Volumes/Argus/unk/snap/c1/1747755000.c1.snap.jpg,0.41525948
2025-05-20 16:00:00,/Volumes/Argus/unk/snap/c1/1747756800.c1.snap.jpg,0.3246877
2025-05-20 16:30:00,/Volumes/Argus/unk/snap/c1/1747758600.c1.snap.jpg,0.43532285
2025-05-20 17:00:00,/Volumes/Argus/unk/snap/c1/1747760400.c1.snap.jpg,0.36569038
2025-05-20 17:30:00,/Volumes/Argus/unk/snap/c1/1747762200.c1.snap.jpg,0.33893657
2025-05-20 18:00:00,/Volumes/Argus/unk/snap/c1/1747764000.c1.snap.jpg,0.41705933
2025-05-20 18:30:00,/Volumes/Argus/unk/snap/c1/1747765800.c1.snap.jpg,0.5721636
2025-05-20 19:00:00,/Volumes/Argus/unk/snap/c1/1747767600.c1.snap.jpg,0.4714262
2025-05-20 19:30:00,/Volumes/Argus/unk/snap/c1/1747769400.c1.snap.jpg,0.4403517
2025-05-20 20:00:00,/Volumes/Argus/unk/snap/c1/1747771200.c1.snap.jpg,0.51799726
2025-05-20 20:30:00,/Volumes/Argus/unk/snap/c1/1747773000.c1.snap.jpg,0.30517474
2025-05-20 21:00:00,/Volumes/Argus/unk/snap/c1/1747774800.c1.snap.jpg,0.46567184
2025-05-20 21:30:00,/Volumes/Argus/unk/snap/c1/1747776600.c1.snap.jpg,0.35341555
2025-05-20 22:00:00,/Volumes/Argus/unk/snap/c1/1747778400.c1.snap.jpg,0.24252819
2025-05-20 22:30:00,/Volumes/Argus/unk/snap/c1/1747780200.c1.snap.jpg,0.37632588
2025-05-20 23:00:00,/Volumes/Argus/unk/snap/c1/1747782000.c1.snap.jpg,0.3898339
2025-05-20 23:30:00,/Volumes/Argus/unk/snap/c1/1747783800.c1.snap.jpg,0.5094095
2025-05-21 00:00:00,/Volumes/Argus/unk/snap/c1/1747785600.c1.snap.jpg,0.5120391
2025-05-21 00:30:00,/Volumes/Argus/unk/snap/c1/1747787400.c1.snap.jpg,0.40019733
2025-05-21 01:00:00,/Volumes/Argus/unk/snap/c1/1747789200.c1.snap.jpg,0.4076442
2025-05-21 01:30:00,/Volumes/Argus/unk/snap/c1/1747791000.c1.snap.jpg,0.43944025
2025-05-21 02:00:00,/Volumes/Argus/unk/snap/c1/1747792800.c1.snap.jpg,0.5185658
2025-05-21 02:30:00,/Volumes/Argus/unk/snap/c1/1747794600.c1.snap.jpg,0.38177085
2025-05-21 03:00:00,/Volumes/Argus/unk/snap/c1/1747796400.c1.snap.jpg,0.4255814
2025-05-21 03:30:00,/Volumes/Argus/unk/snap/c1/1747798200.c1.snap.jpg,0.47326893
2025-05-21 04:00:00,/Volumes/Argus/unk/snap/c1/1747800000.c1.snap.jpg,0.23586452
2025-05-21 04:30:00,/Volumes/Argus/unk/snap/c1/1747801800.c1.snap.jpg,0.24069026
2025-05-21 05:00:00,/Volumes/Argus/unk/snap/c1/1747803600.c1.snap.jpg,0.35807192
2025-05-21 05:30:00,/Volumes/Argus/unk/snap/c1/1747805400.c1.snap.jpg,0.22784711
2025-05-21 06:00:00,/Volumes/Argus/unk/snap/c1/1747807200.c1.snap.jpg,0.46227023
2025-05-21 06:30:00,/Volumes/Argus/unk/snap/c1/1747809000.c1.snap.jpg,0.48669678
2025-05-21 07:00:00,/Volumes/Argus/unk/snap/c1/1747810800.c1.snap.jpg,0.6220941
2025-05-21 07:30:00,/Volumes/Argus/unk/snap/c1/1747812600.c1.snap.jpg,0.39231712
2025-05-21 08:00:00,/Volumes/Argus/unk/snap/c1/1747814400.c1.snap.jpg,0.5594943
2025-05-21 08:30:00,/Volumes/Argus/unk/snap/c1/1747816200.c1.snap.jpg,0.47065157
2025-05-21 09:00:00,/Volumes/Argus/unk/snap/c1/1747818000.c1.snap.jpg,0.48907688
2025-05-21 09:30:00,/Volumes/Argus/unk/snap/c1/1747819800.c1.snap.jpg,0.21593939
2025-05-21 10:00:00,/Volumes/Argus/unk/snap/c1/1747821600.c1.snap.jpg,0.51630896
2025-05-21 11:30:00,/Volumes/Argus/unk/snap/c1/1747827000.c1.snap.jpg,0.2794265
2025-05-21 12:00:00,/Volumes/Argus/unk/snap/c1/1747828800.c1.snap.jpg,0.485848
2025-05-21 14:00:00,/Volumes/Argus/unk/snap/c1/1747836000.c1.snap.jpg,0.99306357
2025-05-21 14:30:00,/Volumes/Argus/unk/snap/c1/1747837800.c1.snap.jpg,0.89453864
2025-05-21 15:00:00,/Volumes/Argus/unk/snap/c1/1747839600.c1.snap.jpg,0.4943282
2025-05-21 15:30:00,/Volumes/Argus/unk/snap/c1/1747841400.c1.snap.jpg,0.6283799
2025-05-21 16:00:00,/Volumes/Argus/unk/snap/c1/1747843200.c1.snap.jpg,0.4531481
2025-05-21 16:30:00,/Volumes/Argus/unk/snap/c1/1747845000.c1.snap.jpg,0.6778899
2025-05-21 17:00:00,/Volumes/Argus/unk/snap/c1/1747846800.c1.snap.jpg,0.5684358
2025-05-21 17:30:00,/Volumes/Argus/unk/snap/c1/1747848600.c1.snap.jpg,0.68947065
2025-05-21 18:00:00,/Volumes/Argus/unk/snap/c1/1747850400.c1.snap.jpg,0.23854339
2025-05-21 18:30:00,/Volumes/Argus/unk/snap/c1/1747852200.c1.snap.jpg,0.35274488
2025-05-21 19:30:00,/Volumes/Argus/unk/snap/c1/1747855800.c1.snap.jpg,0.34945697
2025-05-21 20:00:00,/Volumes/Argus/unk/snap/c1/1747857600.c1.snap.jpg,0.46121573
2025-05-21 20:30:00,/Volumes/Argus/unk/snap/c1/1747859400.c1.snap.jpg,0.42386186
2025-05-21 21:00:00,/Volumes/Argus/unk/snap/c1/1747861200.c1.snap.jpg,0.40737647
2025-05-21 21:30:00,/Volumes/Argus/unk/snap/c1/1747863000.c1.snap.jpg,0.3667217
2025-05-21 22:30:00,/Volumes/Argus/unk/snap/c1/1747866600.c1.snap.jpg,0.3282015
2025-05-21 23:00:00,/Volumes/Argus/unk/snap/c1/1747868400.c1.snap.jpg,0.45461047
2025-05-21 23:30:00,/Volumes/Argus/unk/snap/c1/1747870200.c1.snap.jpg,0.32902798
2025-05-22 00:00:00,/Volumes/Argus/unk/snap/c1/1747872000.c1.snap.jpg,0.47772932
2025-05-22 00:30:00,/Volumes/Argus/unk/snap/c1/1747873800.c1.snap.jpg,0.3268841
2025-05-22 01:00:00,/Volumes/Argus/unk/snap/c1/1747875600.c1.snap.jpg,0.4392407
2025-05-22 01:30:00,/Volumes/Argus/unk/snap/c1/1747877400.c1.snap.jpg,0.45947337
2025-05-22 02:00:00,/Volumes/Argus/unk/snap/c1/1747879200.c1.snap.jpg,0.521242
2025-05-22 02:30:00,/Volumes/Argus/unk/snap/c1/1747881000.c1.snap.jpg,0.41836995
2025-05-22 03:00:00,/Volumes/Argus/unk/snap/c1/1747882800.c1.snap.jpg,0.3752373
2025-05-22 03:30:00,/Volumes/Argus/unk/snap/c1/1747884600.c1.snap.jpg,0.3914393
2025-05-22 04:00:00,/Volumes/Argus/unk/snap/c1/1747886400.c1.snap.jpg,0.3300049
2025-05-22 04:30:00,/Volumes/Argus/unk/snap/c1/1747888200.c1.snap.jpg,0.2140177
2025-05-22 05:00:00,/Volumes/Argus/unk/snap/c1/1747890000.c1.snap.jpg,0.5303745
2025-05-22 05:30:00,/Volumes/Argus/unk/snap/c1/1747891800.c1.snap.jpg,0.34745735
2025-05-22 06:00:00,/Volumes/Argus/unk/snap/c1/1747893600.c1.snap.jpg,0.38159335
2025-05-22 06:30:00,/Volumes/Argus/unk/snap/c1/1747895400.c1.snap.jpg,0.503125
2025-05-22 07:00:00,/Volumes/Argus/unk/snap/c1/1747897200.c1.snap.jpg,0.26492286
2025-05-22 07:30:00,/Volumes/Argus/unk/snap/c1/1747899000.c1.snap.jpg,0.23654759
2025-05-22 08:00:00,/Volumes/Argus/unk/snap/c1/1747900800.c1.snap.jpg,0.36583805
2025-05-22 08:30:00,/Volumes/Argus/unk/snap/c1/1747902600.c1.snap.jpg,0.38525844
2025-05-22 09:00:00,/Volumes/Argus/unk/snap/c1/1747904400.c1.snap.jpg,0.27358615
2025-05-22 09:30:00,/Volumes/Argus/unk/snap/c1/1747906200.c1.snap.jpg,0.2069804
2025-05-22 10:00:00,/Volumes/Argus/unk/snap/c1/1747908000.c1.snap.jpg,0.26284787
2025-05-22 11:30:00,/Volumes/Argus/unk/snap/c1/1747913400.c1.snap.jpg,0.29022536
2025-05-22 12:00:00,/Volumes/Argus/unk/snap/c1/1747915200.c1.snap.jpg,0.35445964
2025-05-22 14:00:00,/Volumes/Argus/unk/snap/c1/1747922400.c1.snap.jpg,0.356595
2025-05-22 14:30:00,/Volumes/Argus/unk/snap/c1/1747924200.c1.snap.jpg,0.47731933
2025-05-22 15:00:00,/Volumes/Argus/unk/snap/c1/1747926000.c1.snap.jpg,0.26507807
2025-05-22 15:30:00,/Volumes/Argus/unk/snap/c1/1747927800.c1.snap.jpg,0.286974
2025-05-22 16:00:00,/Volumes/Argus/unk/snap/c1/1747929600.c1.snap.jpg,0.29496172
2025-05-22 16:30:00,/Volumes/Argus/unk/snap/c1/1747931400.c1.snap.jpg,0.33169234
2025-05-22 17:00:00,/Volumes/Argus/unk/snap/c1/1747933200.c1.snap.jpg,0.29419866
2025-05-22 17:30:00,/Volumes/Argus/unk/snap/c1/1747935000.c1.snap.jpg,0.26900375
2025-05-22 18:00:00,/Volumes/Argus/unk/snap/c1/1747936800.c1.snap.jpg,0.38629067
2025-05-22 18:30:00,/Volumes/Argus/unk/snap/c1/1747938600.c1.snap.jpg,0.2729606
2025-05-22 19:00:00,/Volumes/Argus/unk/snap/c1/1747940400.c1.snap.jpg,0.21259932
2025-05-22 19:30:00,/Volumes/Argus/unk/snap/c1/1747942200.c1.snap.jpg,0.27622172
2025-05-22 20:00:00,/Volumes/Argus/unk/snap/c1/1747944000.c1.snap.jpg,0.29461774
2025-05-22 20:30:00,/Volumes/Argus/unk/snap/c1/1747945800.c1.snap.jpg,0.4894358
2025-05-22 21:00:00,/Volumes/Argus/unk/snap/c1/1747947600.c1.snap.jpg,0.31507075
2025-05-22 21:30:00,/Volumes/Argus/unk/snap/c1/1747949400.c1.snap.jpg,0.31173015
2025-05-22 22:30:00,/Volumes/Argus/unk/snap/c1/1747953000.c1.snap.jpg,0.331579
2025-05-22 23:00:00,/Volumes/Argus/unk/snap/c1/1747954800.c1.snap.jpg,0.32634592
2025-05-22 23:30:00,/Volumes/Argus/unk/snap/c1/1747956600.c1.snap.jpg,0.35428616
2025-05-23 00:00:00,/Volumes/Argus/unk/snap/c1/1747958400.c1.snap.jpg,0.3510205
2025-05-23 00:30:00,/Volumes/Argus/unk/snap/c1/1747960200.c1.snap.jpg,0.37519264
2025-05-23 01:00:00,/Volumes/Argus/unk/snap/c1/1747962000.c1.snap.jpg,0.37692082
2025-05-23 01:30:00,/Volumes/Argus/unk/snap/c1/1747963800.c1.snap.jpg,0.3764834
2025-05-23 02:30:00,/Volumes/Argus/unk/snap/c1/1747967400.c1.snap.jpg,0.21754064
2025-05-23 03:00:00,/Volumes/Argus/unk/snap/c1/1747969200.c1.snap.jpg,0.25980917
2025-05-23 03:30:00,/Volumes/Argus/unk/snap/c1/1747971000.c1.snap.jpg,0.36547124
2025-05-23 04:00:00,/Volumes/Argus/unk/snap/c1/1747972800.c1.snap.jpg,0.38111645
2025-05-23 04:30:00,/Volumes/Argus/unk/snap/c1/1747974600.c1.snap.jpg,0.31550083
2025-05-23 05:00:00,/Volumes/Argus/unk/snap/c1/1747976400.c1.snap.jpg,0.40709215
2025-05-23 05:30:00,/Volumes/Argus/unk/snap/c1/1747978200.c1.snap.jpg,0.5280624
2025-05-23 06:00:00,/Volumes/Argus/unk/snap/c1/1747980000.c1.snap.jpg,0.3599953
2025-05-23 07:00:00,/Volumes/Argus/unk/snap/c1/1747983600.c1.snap.jpg,0.33791593
2025-05-23 07:30:00,/Volumes/Argus/unk/snap/c1/1747985400.c1.snap.jpg,0.41000742
2025-05-23 08:00:00,/Volumes/Argus/unk/snap/c1/1747987200.c1.snap.jpg,0.4497266
2025-05-23 08:30:00,/Volumes/Argus/unk/snap/c1/1747989000.c1.snap.jpg,0.45741126
2025-05-23 09:00:00,/Volumes/Argus/unk/snap/c1/1747990800.c1.snap.jpg,0.3369401
2025-05-23 09:30:00,/Volumes/Argus/unk/snap/c1/1747992600.c1.snap.jpg,0.27340883
2025-05-23 10:00:00,/Volumes/Argus/unk/snap/c1/1747994400.c1.snap.jpg,0.2487261
2025-05-23 10:30:00,/Volumes/Argus/unk/snap/c1/1747996200.c1.snap.jpg,0.496098
2025-05-23 11:00:00,/Volumes/Argus/unk/snap/c1/1747998000.c1.snap.jpg,0.522537
2025-05-23 11:30:00,/Volumes/Argus/unk/snap/c1/1747999800.c1.snap.jpg,0.72058094
2025-05-23 12:00:00,/Volumes/Argus/unk/snap/c1/1748001600.c1.snap.jpg,0.3841894
2025-05-23 14:00:00,/Volumes/Argus/unk/snap/c1/1748008800.c1.snap.jpg,0.30664188
2025-05-23 14:30:00,/Volumes/Argus/unk/snap/c1/1748010600.c1.snap.jpg,0.3134492
2025-05-23 15:30:00,/Volumes/Argus/unk/snap/c1/1748014200.c1.snap.jpg,0.33258468
2025-05-23 16:00:00,/Volumes/Argus/unk/snap/c1/1748016000.c1.snap.jpg,0.32785457
2025-05-23 16:30:00,/Volumes/Argus/unk/snap/c1/1748017800.c1.snap.jpg,0.26119298
2025-05-23 17:00:00,/Volumes/Argus/unk/snap/c1/1748019600.c1.snap.jpg,0.3162614
2025-05-23 17:30:00,/Volumes/Argus/unk/snap/c1/1748021400.c1.snap.jpg,0.33961916
2025-05-23 18:00:00,/Volumes/Argus/unk/snap/c1/1748023200.c1.snap.jpg,0.31319964
2025-05-23 18:30:00,/Volumes/Argus/unk/snap/c1/1748025000.c1.snap.jpg,0.3000384
2025-05-23 19:30:00,/Volumes/Argus/unk/snap/c1/1748028600.c1.snap.jpg,0.22412933
2025-05-23 20:00:00,/Volumes/Argus/unk/snap/c1/1748030400.c1.snap.jpg,0.22705486
2025-05-23 20:30:00,/Volumes/Argus/unk/snap/c1/1748032200.c1.snap.jpg,0.25662065
2025-05-23 21:00:00,/Volumes/Argus/unk/snap/c1/1748034000.c1.snap.jpg,0.25030684
2025-05-23 21:30:00,/Volumes/Argus/unk/snap/c1/1748035800.c1.snap.jpg,0.2551505
2025-05-23 22:00:00,/Volumes/Argus/unk/snap/c1/1748037600.c1.snap.jpg,0.23103128
2025-05-23 22:30:00,/Volumes/Argus/unk/snap/c1/1748039400.c1.snap.jpg,0.24900499
2025-05-23 23:30:00,/Volumes/Argus/unk/snap/c1/1748043000.c1.snap.jpg,0.34877098
2025-05-24 00:00:00,/Volumes/Argus/unk/snap/c1/1748044800.c1.snap.jpg,0.27101675
2025-05-24 00:30:00,/Volumes/Argus/unk/snap/c1/1748046600.c1.snap.jpg,0.26173818
2025-05-24 01:00:00,/Volumes/Argus/unk/snap/c1/1748048400.c1.snap.jpg,0.33938563
2025-05-24 01:30:00,/Volumes/Argus/unk/snap/c1/1748050200.c1.snap.jpg,0.32240295
2025-05-24 02:00:00,/Volumes/Argus/unk/snap/c1/1748052000.c1.snap.jpg,0.40399987
2025-05-24 03:00:00,/Volumes/Argus/unk/snap/c1/1748055600.c1.snap.jpg,0.37350565
2025-05-24 03:30:00,/Volumes/Argus/unk/snap/c1/1748057400.c1.snap.jpg,0.31816262
2025-05-24 04:00:00,/Volumes/Argus/unk/snap/c1/1748059200.c1.snap.jpg,0.65785843
2025-05-24 04:30:00,/Volumes/Argus/unk/snap/c1/1748061000.c1.snap.jpg,0.6472035
2025-05-24 05:00:00,/Volumes/Argus/unk/snap/c1/1748062800.c1.snap.jpg,0.3511863
2025-05-24 05:30:00,/Volumes/Argus/unk/snap/c1/1748064600.c1.snap.jpg,0.3116718
2025-05-24 06:00:00,/Volumes/Argus/unk/snap/c1/1748066400.c1.snap.jpg,0.38441002
2025-05-24 06:30:00,/Volumes/Argus/unk/snap/c1/1748068200.c1.snap.jpg,0.4137928
2025-05-24 07:00:00,/Volumes/Argus/unk/snap/c1/1748070000.c1.snap.jpg,0.386006
2025-05-24 07:30:00,/Volumes/Argus/unk/snap/c1/1748071800.c1.snap.jpg,0.44321847
2025-05-24 08:00:00,/Volumes/Argus/unk/snap/c1/1748073600.c1.snap.jpg,0.5194378
2025-05-24 09:00:00,/Volumes/Argus/unk/snap/c1/1748077200.c1.snap.jpg,0.61614287
2025-05-24 09:30:00,/Volumes/Argus/unk/snap/c1/1748079000.c1.snap.jpg,0.6594018
2025-05-24 10:00:00,/Volumes/Argus/unk/snap/c1/1748080800.c1.snap.jpg,0.51943684
2025-05-24 10:30:00,/Volumes/Argus/unk/snap/c1/1748082600.c1.snap.jpg,0.7331818
2025-05-24 11:00:00,/Volumes/Argus/unk/snap/c1/1748084400.c1.snap.jpg,0.4222492
2025-05-24 11:30:00,/Volumes/Argus/unk/snap/c1/1748086200.c1.snap.jpg,0.43585858
2025-05-24 12:00:00,/Volumes/Argus/unk/snap/c1/1748088000.c1.snap.jpg,0.3862182
2025-05-24 14:00:00,/Volumes/Argus/unk/snap/c1/1748095200.c1.snap.jpg,0.2750745
2025-05-24 14:30:00,/Volumes/Argus/unk/snap/c1/1748097000.c1.snap.jpg,0.31406605
2025-05-24 15:00:00,/Volumes/Argus/unk/snap/c1/1748098800.c1.snap.jpg,0.28656998
2025-05-24 15:30:00,/Volumes/Argus/unk/snap/c1/1748100600.c1.snap.jpg,0.2663533
2025-05-24 16:00:00,/Volumes/Argus/unk/snap/c1/1748102400.c1.snap.jpg,0.29020822
2025-05-24 16:30:00,/Volumes/Argus/unk/snap/c1/1748104200.c1.snap.jpg,0.29614282
2025-05-24 17:00:00,/Volumes/Argus/unk/snap/c1/1748106000.c1.snap.jpg,0.30250633
2025-05-24 17:30:00,/Volumes/Argus/unk/snap/c1/1748107800.c1.snap.jpg,0.29857948
2025-05-24 18:00:00,/Volumes/Argus/unk/snap/c1/1748109600.c1.snap.jpg,0.33193284
2025-05-24 18:30:00,/Volumes/Argus/unk/snap/c1/1748111400.c1.snap.jpg,0.44566727
2025-05-24 19:00:00,/Volumes/Argus/unk/snap/c1/1748113200.c1.snap.jpg,0.30036432
2025-05-24 19:30:00,/Volumes/Argus/unk/snap/c1/1748115000.c1.snap.jpg,0.28403053
2025-05-24 20:00:00,/Volumes/Argus/unk/snap/c1/1748116800.c1.snap.jpg,0.3197384
2025-05-24 20:30:00,/Volumes/Argus/unk/snap/c1/1748118600.c1.snap.jpg,0.3393227
2025-05-24 21:00:00,/Volumes/Argus/unk/snap/c1/1748120400.c1.snap.jpg,0.32862818
2025-05-24 21:30:00,/Volumes/Argus/unk/snap/c1/1748122200.c1.snap.jpg,0.32454884
2025-05-24 22:00:00,/Volumes/Argus/unk/snap/c1/1748124000.c1.snap.jpg,0.3524923
2025-05-24 22:30:00,/Volumes/Argus/unk/snap/c1/1748125800.c1.snap.jpg,0.45159715
2025-05-24 23:00:00,/Volumes/Argus/unk/snap/c1/1748127600.c1.snap.jpg,0.540628
2025-05-24 23:30:00,/Volumes/Argus/unk/snap/c1/1748129400.c1.snap.jpg,0.4972606
2025-05-25 00:00:00,/Volumes/Argus/unk/snap/c1/1748131200.c1.snap.jpg,0.36041027
2025-05-25 00:30:00,/Volumes/Argus/unk/snap/c1/1748133000.c1.snap.jpg,0.29866016
2025-05-25 01:00:00,/Volumes/Argus/unk/snap/c1/1748134800.c1.snap.jpg,0.44602513
2025-05-25 01:30:00,/Volumes/Argus/unk/snap/c1/1748136600.c1.snap.jpg,0.33357573
2025-05-25 02:00:00,/Volumes/Argus/unk/snap/c1/1748138400.c1.snap.jpg,0.34810412
2025-05-25 02:30:00,/Volumes/Argus/unk/snap/c1/1748140200.c1.snap.jpg,0.34463513
2025-05-25 03:00:00,/Volumes/Argus/unk/snap/c1/1748142000.c1.snap.jpg,0.37049028
2025-05-25 03:30:00,/Volumes/Argus/unk/snap/c1/1748143800.c1.snap.jpg,0.31969982
2025-05-25 04:00:00,/Volumes/Argus/unk/snap/c1/1748145600.c1.snap.jpg,0.32985136
2025-05-25 04:30:00,/Volumes/Argus/unk/snap/c1/1748147400.c1.snap.jpg,0.2906977
2025-05-25 05:00:00,/Volumes/Argus/unk/snap/c1/1748149200.c1.snap.jpg,0.30192766
2025-05-25 05:30:00,/Volumes/Argus/unk/snap/c1/1748151000.c1.snap.jpg,0.41093534
2025-05-25 06:00:00,/Volumes/Argus/unk/snap/c1/1748152800.c1.snap.jpg,0.36529285
2025-05-25 06:30:00,/Volumes/Argus/unk/snap/c1/1748154600.c1.snap.jpg,0.4685509
2025-05-25 07:00:00,/Volumes/Argus/unk/snap/c1/1748156400.c1.snap.jpg,0.4206261
2025-05-25 07:30:00,/Volumes/Argus/unk/snap/c1/1748158200.c1.snap.jpg,0.38587394
2025-05-25 08:00:00,/Volumes/Argus/unk/snap/c1/1748160000.c1.snap.jpg,0.36700654
2025-05-25 08:30:00,/Volumes/Argus/unk/snap/c1/1748161800.c1.snap.jpg,0.7963799
2025-05-25 09:00:00,/Volumes/Argus/unk/snap/c1/1748163600.c1.snap.jpg,0.39869535
2025-05-25 09:30:00,/Volumes/Argus/unk/snap/c1/1748165400.c1.snap.jpg,0.36460155
2025-05-25 10:00:00,/Volumes/Argus/unk/snap/c1/1748167200.c1.snap.jpg,0.330577
2025-05-25 10:30:00,/Volumes/Argus/unk/snap/c1/1748169000.c1.snap.jpg,0.36913407
2025-05-25 11:00:00,/Volumes/Argus/unk/snap/c1/1748170800.c1.snap.jpg,0.45758566
2025-05-25 11:30:00,/Volumes/Argus/unk/snap/c1/1748172600.c1.snap.jpg,0.23811065
2025-05-25 12:00:00,/Volumes/Argus/unk/snap/c1/1748174400.c1.snap.jpg,0.9614428
2025-05-25 14:00:00,/Volumes/Argus/unk/snap/c1/1748181600.c1.snap.jpg,0.31873292
2025-05-25 14:30:00,/Volumes/Argus/unk/snap/c1/1748183400.c1.snap.jpg,0.3780064
2025-05-25 15:00:00,/Volumes/Argus/unk/snap/c1/1748185200.c1.snap.jpg,0.27807662
2025-05-25 15:30:00,/Volumes/Argus/unk/snap/c1/1748187000.c1.snap.jpg,0.3292194
2025-05-25 16:00:00,/Volumes/Argus/unk/snap/c1/1748188800.c1.snap.jpg,0.33512408
2025-05-25 16:30:00,/Volumes/Argus/unk/snap/c1/1748190600.c1.snap.jpg,0.415139
2025-05-25 17:00:00,/Volumes/Argus/unk/snap/c1/1748192400.c1.snap.jpg,0.39169908
2025-05-25 17:30:00,/Volumes/Argus/unk/snap/c1/1748194200.c1.snap.jpg,0.68540955
2025-05-25 18:00:00,/Volumes/Argus/unk/snap/c1/1748196000.c1.snap.jpg,0.57524425
2025-05-25 18:30:00,/Volumes/Argus/unk/snap/c1/1748197800.c1.snap.jpg,0.5213823
2025-05-25 19:00:00,/Volumes/Argus/unk/snap/c1/1748199600.c1.snap.jpg,0.43280435
2025-05-25 19:30:00,/Volumes/Argus/unk/snap/c1/1748201400.c1.snap.jpg,0.472988
2025-05-25 20:00:00,/Volumes/Argus/unk/snap/c1/1748203200.c1.snap.jpg,0.47623327
2025-05-25 20:30:00,/Volumes/Argus/unk/snap/c1/1748205000.c1.snap.jpg,0.37971005
2025-05-25 21:00:00,/Volumes/Argus/unk/snap/c1/1748206800.c1.snap.jpg,0.23756135
2025-05-25 21:30:00,/Volumes/Argus/unk/snap/c1/1748208600.c1.snap.jpg,0.39404628
2025-05-25 22:00:00,/Volumes/Argus/unk/snap/c1/1748210400.c1.snap.jpg,0.33606452
2025-05-25 22:30:00,/Volumes/Argus/unk/snap/c1/1748212200.c1.snap.jpg,0.43328005
2025-05-25 23:00:00,/Volumes/Argus/unk/snap/c1/1748214000.c1.snap.jpg,0.4740686
2025-05-25 23:30:00,/Volumes/Argus/unk/snap/c1/1748215800.c1.snap.jpg,0.3928823
2025-05-26 00:00:00,/Volumes/Argus/unk/snap/c1/1748217600.c1.snap.jpg,0.3209875
2025-05-26 01:30:00,/Volumes/Argus/unk/snap/c1/1748223000.c1.snap.jpg,0.4580713
2025-05-26 02:00:00,/Volumes/Argus/unk/snap/c1/1748224800.c1.snap.jpg,0.34568834
2025-05-26 02:30:00,/Volumes/Argus/unk/snap/c1/1748226600.c1.snap.jpg,0.56209993
2025-05-26 03:00:00,/Volumes/Argus/unk/snap/c1/1748228400.c1.snap.jpg,0.36020967
2025-05-26 03:30:00,/Volumes/Argus/unk/snap/c1/1748230200.c1.snap.jpg,0.3233927
2025-05-26 04:00:00,/Volumes/Argus/unk/snap/c1/1748232000.c1.snap.jpg,0.4218346
2025-05-26 04:30:00,/Volumes/Argus/unk/snap/c1/1748233800.c1.snap.jpg,0.36312062
2025-05-26 05:00:00,/Volumes/Argus/unk/snap/c1/1748235600.c1.snap.jpg,0.5153581
2025-05-26 05:30:00,/Volumes/Argus/unk/snap/c1/1748237400.c1.snap.jpg,0.2937091
2025-05-26 06:00:00,/Volumes/Argus/unk/snap/c1/1748239200.c1.snap.jpg,0.46758717
2025-05-26 06:30:00,/Volumes/Argus/unk/snap/c1/1748241000.c1.snap.jpg,0.2758407
2025-05-26 07:00:00,/Volumes/Argus/unk/snap/c1/1748242800.c1.snap.jpg,0.42124277
2025-05-26 07:30:00,/Volumes/Argus/unk/snap/c1/1748244600.c1.snap.jpg,0.5149064
2025-05-26 08:00:00,/Volumes/Argus/unk/snap/c1/1748246400.c1.snap.jpg,0.34317353
2025-05-26 08:30:00,/Volumes/Argus/unk/snap/c1/1748248200.c1.snap.jpg,0.27090153
2025-05-26 09:00:00,/Volumes/Argus/unk/snap/c1/1748250000.c1.snap.jpg,0.37284243
2025-05-26 09:30:00,/Volumes/Argus/unk/snap/c1/1748251800.c1.snap.jpg,0.22175059
2025-05-26 10:00:00,/Volumes/Argus/unk/snap/c1/1748253600.c1.snap.jpg,0.22205627
2025-05-26 10:30:00,/Volumes/Argus/unk/snap/c1/1748255400.c1.snap.jpg,0.30289575
2025-05-26 11:00:00,/Volumes/Argus/unk/snap/c1/1748257200.c1.snap.jpg,0.35673225
2025-05-26 11:30:00,/Volumes/Argus/unk/snap/c1/1748259000.c1.snap.jpg,0.30333346
2025-05-26 12:00:00,/Volumes/Argus/unk/snap/c1/1748260800.c1.snap.jpg,0.3480474
2025-05-26 14:00:00,/Volumes/Argus/unk/snap/c1/1748268000.c1.snap.jpg,0.29063153
2025-05-26 14:30:00,/Volumes/Argus/unk/snap/c1/1748269800.c1.snap.jpg,0.29986277
2025-05-26 15:00:00,/Volumes/Argus/unk/snap/c1/1748271600.c1.snap.jpg,0.28589898
2025-05-26 15:30:00,/Volumes/Argus/unk/snap/c1/1748273400.c1.snap.jpg,0.44363534
2025-05-26 16:00:00,/Volumes/Argus/unk/snap/c1/1748275200.c1.snap.jpg,0.3271289
2025-05-26 16:30:00,/Volumes/Argus/unk/snap/c1/1748277000.c1.snap.jpg,0.34017125
2025-05-26 17:00:00,/Volumes/Argus/unk/snap/c1/1748278800.c1.snap.jpg,0.42224252
2025-05-26 17:30:00,/Volumes/Argus/unk/snap/c1/1748280600.c1.snap.jpg,0.3259117
2025-05-26 18:00:00,/Volumes/Argus/unk/snap/c1/1748282400.c1.snap.jpg,0.27695245
2025-05-26 18:30:00,/Volumes/Argus/unk/snap/c1/1748284200.c1.snap.jpg,0.42623317
2025-05-26 19:00:00,/Volumes/Argus/unk/snap/c1/1748286000.c1.snap.jpg,0.28658363
2025-05-26 19:30:00,/Volumes/Argus/unk/snap/c1/1748287800.c1.snap.jpg,0.34747356
2025-05-26 20:00:00,/Volumes/Argus/unk/snap/c1/1748289600.c1.snap.jpg,0.35739896
2025-05-26 20:30:00,/Volumes/Argus/unk/snap/c1/1748291400.c1.snap.jpg,0.26106158
2025-05-26 21:00:00,/Volumes/Argus/unk/snap/c1/1748293200.c1.snap.jpg,0.31026375
2025-05-26 21:30:00,/Volumes/Argus/unk/snap/c1/1748295000.c1.snap.jpg,0.33807564
2025-05-26 22:30:00,/Volumes/Argus/unk/snap/c1/1748298600.c1.snap.jpg,0.43517494
2025-05-26 23:00:00,/Volumes/Argus/unk/snap/c1/1748300400.c1.snap.jpg,0.3484947
2025-05-26 23:30:00,/Volumes/Argus/unk/snap/c1/1748302200.c1.snap.jpg,0.5878844
2025-05-27 00:00:00,/Volumes/Argus/unk/snap/c1/1748304000.c1.snap.jpg,0.5130491
2025-05-27 00:30:00,/Volumes/Argus/unk/snap/c1/1748305800.c1.snap.jpg,0.35606998
2025-05-27 01:00:00,/Volumes/Argus/unk/snap/c1/1748307600.c1.snap.jpg,0.35087427
2025-05-27 01:30:00,/Volumes/Argus/unk/snap/c1/1748309400.c1.snap.jpg,0.3229311
2025-05-27 02:00:00,/Volumes/Argus/unk/snap/c1/1748311200.c1.snap.jpg,0.35186028
2025-05-27 02:30:00,/Volumes/Argus/unk/snap/c1/1748313000.c1.snap.jpg,0.3859859
2025-05-27 03:00:00,/Volumes/Argus/unk/snap/c1/1748314800.c1.snap.jpg,0.28701642
2025-05-27 03:30:00,/Volumes/Argus/unk/snap/c1/1748316600.c1.snap.jpg,0.18014975
2025-05-27 04:00:00,/Volumes/Argus/unk/snap/c1/1748318400.c1.snap.jpg,0.26734018
2025-05-27 04:30:00,/Volumes/Argus/unk/snap/c1/1748320200.c1.snap.jpg,0.25022224
2025-05-27 05:00:00,/Volumes/Argus/unk/snap/c1/1748322000.c1.snap.jpg,0.2513839
2025-05-27 05:30:00,/Volumes/Argus/unk/snap/c1/1748323800.c1.snap.jpg,0.2530207
2025-05-27 06:00:00,/Volumes/Argus/unk/snap/c1/1748325600.c1.snap.jpg,0.27188817
2025-05-27 06:30:00,/Volumes/Argus/unk/snap/c1/1748327400.c1.snap.jpg,0.27836967
2025-05-27 07:00:00,/Volumes/Argus/unk/snap/c1/1748329200.c1.snap.jpg,0.33429065
2025-05-27 07:30:00,/Volumes/Argus/unk/snap/c1/1748331000.c1.snap.jpg,0.35020006
2025-05-27 08:00:00,/Volumes/Argus/unk/snap/c1/1748332800.c1.snap.jpg,0.399064
2025-05-27 08:30:00,/Volumes/Argus/unk/snap/c1/1748334600.c1.snap.jpg,0.35872722
2025-05-27 09:00:00,/Volumes/Argus/unk/snap/c1/1748336400.c1.snap.jpg,0.3255417
2025-05-27 09:30:00,/Volumes/Argus/unk/snap/c1/1748338200.c1.snap.jpg,0.31991887
2025-05-27 10:00:00,/Volumes/Argus/unk/snap/c1/1748340000.c1.snap.jpg,0.33292422
2025-05-27 10:30:00,/Volumes/Argus/unk/snap/c1/1748341800.c1.snap.jpg,0.35695106
2025-05-27 11:00:00,/Volumes/Argus/unk/snap/c1/1748343600.c1.snap.jpg,0.35469353
2025-05-27 11:30:00,/Volumes/Argus/unk/snap/c1/1748345400.c1.snap.jpg,0.3278013
2025-05-27 12:00:00,/Volumes/Argus/unk/snap/c1/1748347200.c1.snap.jpg,0.38169092
2025-05-27 14:00:00,/Volumes/Argus/unk/snap/c1/1748354400.c1.snap.jpg,0.4041915
2025-05-27 14:30:00,/Volumes/Argus/unk/snap/c1/1748356200.c1.snap.jpg,0.5295377
2025-05-27 15:00:00,/Volumes/Argus/unk/snap/c1/1748358000.c1.snap.jpg,0.44824302
2025-05-27 15:30:00,/Volumes/Argus/unk/snap/c1/1748359800.c1.snap.jpg,0.56378233
2025-05-27 16:00:00,/Volumes/Argus/unk/snap/c1/1748361600.c1.snap.jpg,0.5779178
2025-05-27 16:30:00,/Volumes/Argus/unk/snap/c1/1748363400.c1.snap.jpg,0.4971238
2025-05-27 17:00:00,/Volumes/Argus/unk/snap/c1/1748365200.c1.snap.jpg,0.5575626
2025-05-27 17:30:00,/Volumes/Argus/unk/snap/c1/1748367000.c1.snap.jpg,0.70536107
2025-05-27 18:00:00,/Volumes/Argus/unk/snap/c1/1748368800.c1.snap.jpg,0.48672077
2025-05-27 19:00:00,/Volumes/Argus/unk/snap/c1/1748372400.c1.snap.jpg,0.3213635
2025-05-27 19:30:00,/Volumes/Argus/unk/snap/c1/1748374200.c1.snap.jpg,0.38424474
2025-05-27 20:00:00,/Volumes/Argus/unk/snap/c1/1748376000.c1.snap.jpg,0.7074382
2025-05-27 20:30:00,/Volumes/Argus/unk/snap/c1/1748377800.c1.snap.jpg,0.57000244
2025-05-27 21:00:00,/Volumes/Argus/unk/snap/c1/1748379600.c1.snap.jpg,0.5716163
2025-05-27 21:30:00,/Volumes/Argus/unk/snap/c1/1748381400.c1.snap.jpg,0.411711
2025-05-27 22:00:00,/Volumes/Argus/unk/snap/c1/1748383200.c1.snap.jpg,0.36574784
2025-05-27 22:30:00,/Volumes/Argus/unk/snap/c1/1748385000.c1.snap.jpg,0.37284577
2025-05-27 23:00:00,/Volumes/Argus/unk/snap/c1/1748386800.c1.snap.jpg,0.44889423
2025-05-27 23:30:00,/Volumes/Argus/unk/snap/c1/1748388600.c1.snap.jpg,0.39374352
2025-05-28 00:00:00,/Volumes/Argus/unk/snap/c1/1748390400.c1.snap.jpg,0.46295974
2025-05-28 00:30:00,/Volumes/Argus/unk/snap/c1/1748392200.c1.snap.jpg,0.35691953
2025-05-28 01:00:00,/Volumes/Argus/unk/snap/c1/1748394000.c1.snap.jpg,0.44825572
2025-05-28 01:30:00,/Volumes/Argus/unk/snap/c1/1748395800.c1.snap.jpg,0.32508168
2025-05-28 02:00:00,/Volumes/Argus/unk/snap/c1/1748397600.c1.snap.jpg,0.31683296
2025-05-28 02:30:00,/Volumes/Argus/unk/snap/c1/1748399400.c1.snap.jpg,0.36236227
2025-05-28 03:00:00,/Volumes/Argus/unk/snap/c1/1748401200.c1.snap.jpg,0.38918436
2025-05-28 03:30:00,/Volumes/Argus/unk/snap/c1/1748403000.c1.snap.jpg,0.29764697
2025-05-28 04:00:00,/Volumes/Argus/unk/snap/c1/1748404800.c1.snap.jpg,0.36016613
2025-05-28 04:30:00,/Volumes/Argus/unk/snap/c1/1748406600.c1.snap.jpg,0.39691314
2025-05-28 05:00:00,/Volumes/Argus/unk/snap/c1/1748408400.c1.snap.jpg,0.56249684
2025-05-28 05:30:00,/Volumes/Argus/unk/snap/c1/1748410200.c1.snap.jpg,0.53236985
2025-05-28 06:00:00,/Volumes/Argus/unk/snap/c1/1748412000.c1.snap.jpg,0.6169937
2025-05-28 06:30:00,/Volumes/Argus/unk/snap/c1/1748413800.c1.snap.jpg,0.5390956
2025-05-28 07:00:00,/Volumes/Argus/unk/snap/c1/1748415600.c1.snap.jpg,0.6993547
2025-05-28 07:30:00,/Volumes/Argus/unk/snap/c1/1748417400.c1.snap.jpg,0.669596
2025-05-28 08:00:00,/Volumes/Argus/unk/snap/c1/1748419200.c1.snap.jpg,0.3935472
2025-05-28 08:30:00,/Volumes/Argus/unk/snap/c1/1748421000.c1.snap.jpg,0.51863545
2025-05-28 09:00:00,/Volumes/Argus/unk/snap/c1/1748422800.c1.snap.jpg,0.4181282
2025-05-28 09:30:00,/Volumes/Argus/unk/snap/c1/1748424600.c1.snap.jpg,0.3858645
2025-05-28 10:00:00,/Volumes/Argus/unk/snap/c1/1748426400.c1.snap.jpg,0.6767841
2025-05-28 10:30:00,/Volumes/Argus/unk/snap/c1/1748428200.c1.snap.jpg,0.39134943
2025-05-28 11:00:00,/Volumes/Argus/unk/snap/c1/1748430000.c1.snap.jpg,0.40763518
2025-05-28 11:30:00,/Volumes/Argus/unk/snap/c1/1748431800.c1.snap.jpg,0.5357191
2025-05-28 12:00:00,/Volumes/Argus/unk/snap/c1/1748433600.c1.snap.jpg,0.5082896
2025-05-28 14:00:00,/Volumes/Argus/unk/snap/c1/1748440800.c1.snap.jpg,0.6562834
2025-05-28 14:30:00,/Volumes/Argus/unk/snap/c1/1748442600.c1.snap.jpg,0.6733521
2025-05-28 15:00:00,/Volumes/Argus/unk/snap/c1/1748444400.c1.snap.jpg,0.72973526
2025-05-28 15:30:00,/Volumes/Argus/unk/snap/c1/1748446200.c1.snap.jpg,0.7810044
2025-05-28 16:00:00,/Volumes/Argus/unk/snap/c1/1748448000.c1.snap.jpg,0.70765
2025-05-28 17:00:00,/Volumes/Argus/unk/snap/c1/1748451600.c1.snap.jpg,0.5861512
2025-05-28 17:30:00,/Volumes/Argus/unk/snap/c1/1748453400.c1.snap.jpg,0.78386253
2025-05-28 18:00:00,/Volumes/Argus/unk/snap/c1/1748455200.c1.snap.jpg,0.8589716
2025-05-28 18:30:00,/Volumes/Argus/unk/snap/c1/1748457000.c1.snap.jpg,0.76038384
2025-05-28 19:00:00,/Volumes/Argus/unk/snap/c1/1748458800.c1.snap.jpg,0.7095251
2025-05-28 19:30:00,/Volumes/Argus/unk/snap/c1/1748460600.c1.snap.jpg,0.72533274
2025-05-28 20:00:00,/Volumes/Argus/unk/snap/c1/1748462400.c1.snap.jpg,0.5614269
2025-05-28 20:30:00,/Volumes/Argus/unk/snap/c1/1748464200.c1.snap.jpg,1.0947778
2025-05-28 21:00:00,/Volumes/Argus/unk/snap/c1/1748466000.c1.snap.jpg,0.5800476
2025-05-28 21:30:00,/Volumes/Argus/unk/snap/c1/1748467800.c1.snap.jpg,0.52391815
2025-05-28 22:00:00,/Volumes/Argus/unk/snap/c1/1748469600.c1.snap.jpg,0.5823343
2025-05-28 22:30:00,/Volumes/Argus/unk/snap/c1/1748471400.c1.snap.jpg,0.61740994
2025-05-28 23:30:00,/Volumes/Argus/unk/snap/c1/1748475000.c1.snap.jpg,0.62639415
2025-05-29 00:00:00,/Volumes/Argus/unk/snap/c1/1748476800.c1.snap.jpg,0.6662322
2025-05-29 00:30:00,/Volumes/Argus/unk/snap/c1/1748478600.c1.snap.jpg,0.6746572
2025-05-29 01:00:00,/Volumes/Argus/unk/snap/c1/1748480400.c1.snap.jpg,0.5249548
2025-05-29 01:30:00,/Volumes/Argus/unk/snap/c1/1748482200.c1.snap.jpg,0.4043118
2025-05-29 02:00:00,/Volumes/Argus/unk/snap/c1/1748484000.c1.snap.jpg,0.3899665
2025-05-29 02:30:00,/Volumes/Argus/unk/snap/c1/1748485800.c1.snap.jpg,0.44754502
2025-05-29 03:00:00,/Volumes/Argus/unk/snap/c1/1748487600.c1.snap.jpg,0.4644283
2025-05-29 03:30:00,/Volumes/Argus/unk/snap/c1/1748489400.c1.snap.jpg,0.4202371
2025-05-29 04:00:00,/Volumes/Argus/unk/snap/c1/1748491200.c1.snap.jpg,0.4657458
2025-05-29 04:30:00,/Volumes/Argus/unk/snap/c1/1748493000.c1.snap.jpg,0.40823352
2025-05-29 05:00:00,/Volumes/Argus/unk/snap/c1/1748494800.c1.snap.jpg,0.55537826
2025-05-29 05:30:00,/Volumes/Argus/unk/snap/c1/1748496600.c1.snap.jpg,0.6195634
2025-05-29 06:00:00,/Volumes/Argus/unk/snap/c1/1748498400.c1.snap.jpg,0.6071591
2025-05-29 06:30:00,/Volumes/Argus/unk/snap/c1/1748500200.c1.snap.jpg,0.51389164
2025-05-29 07:00:00,/Volumes/Argus/unk/snap/c1/1748502000.c1.snap.jpg,0.48861092
2025-05-29 07:30:00,/Volumes/Argus/unk/snap/c1/1748503800.c1.snap.jpg,0.56227577
2025-05-29 08:00:00,/Volumes/Argus/unk/snap/c1/1748505600.c1.snap.jpg,0.5445804
2025-05-29 08:30:00,/Volumes/Argus/unk/snap/c1/1748507400.c1.snap.jpg,0.5864621
2025-05-29 09:00:00,/Volumes/Argus/unk/snap/c1/1748509200.c1.snap.jpg,0.55701554
2025-05-29 10:00:00,/Volumes/Argus/unk/snap/c1/1748512800.c1.snap.jpg,0.75047183
2025-05-29 10:30:00,/Volumes/Argus/unk/snap/c1/1748514600.c1.snap.jpg,0.74288297
2025-05-29 11:00:00,/Volumes/Argus/unk/snap/c1/1748516400.c1.snap.jpg,0.83259225
2025-05-29 11:30:00,/Volumes/Argus/unk/snap/c1/1748518200.c1.snap.jpg,0.57850343
2025-05-29 12:00:00,/Volumes/Argus/unk/snap/c1/1748520000.c1.snap.jpg,0.5840778
2025-05-29 14:00:00,/Volumes/Argus/unk/snap/c1/1748527200.c1.snap.jpg,0.63974607
2025-05-29 14:30:00,/Volumes/Argus/unk/snap/c1/1748529000.c1.snap.jpg,0.69811815
2025-05-29 15:00:00,/Volumes/Argus/unk/snap/c1/1748530800.c1.snap.jpg,0.6458076
2025-05-29 15:30:00,/Volumes/Argus/unk/snap/c1/1748532600.c1.snap.jpg,0.7122928
2025-05-29 16:00:00,/Volumes/Argus/unk/snap/c1/1748534400.c1.snap.jpg,0.6816742
2025-05-29 16:30:00,/Volumes/Argus/unk/snap/c1/1748536200.c1.snap.jpg,0.72810876
2025-05-29 17:00:00,/Volumes/Argus/unk/snap/c1/1748538000.c1.snap.jpg,0.6840059
2025-05-29 17:30:00,/Volumes/Argus/unk/snap/c1/1748539800.c1.snap.jpg,0.8624897
2025-05-29 18:30:00,/Volumes/Argus/unk/snap/c1/1748543400.c1.snap.jpg,0.48259407
2025-05-29 19:00:00,/Volumes/Argus/unk/snap/c1/1748545200.c1.snap.jpg,0.38107425
2025-05-29 19:30:00,/Volumes/Argus/unk/snap/c1/1748547000.c1.snap.jpg,0.50271225
2025-05-29 20:00:00,/Volumes/Argus/unk/snap/c1/1748548800.c1.snap.jpg,0.8220054
2025-05-29 20:30:00,/Volumes/Argus/unk/snap/c1/1748550600.c1.snap.jpg,0.85082835
2025-05-29 21:00:00,/Volumes/Argus/unk/snap/c1/1748552400.c1.snap.jpg,0.83309954
2025-05-29 21:30:00,/Volumes/Argus/unk/snap/c1/1748554200.c1.snap.jpg,0.61668634
2025-05-29 22:00:00,/Volumes/Argus/unk/snap/c1/1748556000.c1.snap.jpg,0.6907843
2025-05-29 22:30:00,/Volumes/Argus/unk/snap/c1/1748557800.c1.snap.jpg,0.54432523
2025-05-29 23:00:00,/Volumes/Argus/unk/snap/c1/1748559600.c1.snap.jpg,0.72383106
2025-05-29 23:30:00,/Volumes/Argus/unk/snap/c1/1748561400.c1.snap.jpg,0.57000005
2025-05-30 00:00:00,/Volumes/Argus/unk/snap/c1/1748563200.c1.snap.jpg,0.61773336
2025-05-30 00:30:00,/Volumes/Argus/unk/snap/c1/1748565000.c1.snap.jpg,0.6073281
2025-05-30 01:00:00,/Volumes/Argus/unk/snap/c1/1748566800.c1.snap.jpg,0.68002164
2025-05-30 01:30:00,/Volumes/Argus/unk/snap/c1/1748568600.c1.snap.jpg,0.52894634
2025-05-30 02:00:00,/Volumes/Argus/unk/snap/c1/1748570400.c1.snap.jpg,0.58682185
2025-05-30 02:30:00,/Volumes/Argus/unk/snap/c1/1748572200.c1.snap.jpg,0.5077113
2025-05-30 03:00:00,/Volumes/Argus/unk/snap/c1/1748574000.c1.snap.jpg,0.42425555
2025-05-30 03:30:00,/Volumes/Argus/unk/snap/c1/1748575800.c1.snap.jpg,0.3664288
2025-05-30 04:30:00,/Volumes/Argus/unk/snap/c1/1748579400.c1.snap.jpg,0.36982983
2025-05-30 05:00:00,/Volumes/Argus/unk/snap/c1/1748581200.c1.snap.jpg,0.38856637
2025-05-30 05:30:00,/Volumes/Argus/unk/snap/c1/1748583000.c1.snap.jpg,0.4380086
2025-05-30 06:00:00,/Volumes/Argus/unk/snap/c1/1748584800.c1.snap.jpg,0.45859736
2025-05-30 06:30:00,/Volumes/Argus/unk/snap/c1/1748586600.c1.snap.jpg,0.49311602
2025-05-30 07:00:00,/Volumes/Argus/unk/snap/c1/1748588400.c1.snap.jpg,0.5184521
2025-05-30 07:30:00,/Volumes/Argus/unk/snap/c1/1748590200.c1.snap.jpg,0.4856923
2025-05-30 08:00:00,/Volumes/Argus/unk/snap/c1/1748592000.c1.snap.jpg,0.4577608
2025-05-30 08:30:00,/Volumes/Argus/unk/snap/c1/1748593800.c1.snap.jpg,0.4173934
2025-05-30 09:00:00,/Volumes/Argus/unk/snap/c1/1748595600.c1.snap.jpg,0.4982936
2025-05-30 09:30:00,/Volumes/Argus/unk/snap/c1/1748597400.c1.snap.jpg,0.38946095
2025-05-30 10:00:00,/Volumes/Argus/unk/snap/c1/1748599200.c1.snap.jpg,0.5101787
2025-05-30 10:30:00,/Volumes/Argus/unk/snap/c1/1748601000.c1.snap.jpg,0.36314237
2025-05-30 11:00:00,/Volumes/Argus/unk/snap/c1/1748602800.c1.snap.jpg,0.4834969
2025-05-30 11:30:00,/Volumes/Argus/unk/snap/c1/1748604600.c1.snap.jpg,0.47188812
2025-05-30 12:00:00,/Volumes/Argus/unk/snap/c1/1748606400.c1.snap.jpg,0.47978744
2025-05-30 14:00:00,/Volumes/Argus/unk/snap/c1/1748613600.c1.snap.jpg,0.57299614
2025-05-30 14:30:00,/Volumes/Argus/unk/snap/c1/1748615400.c1.snap.jpg,0.6726704
2025-05-30 15:00:00,/Volumes/Argus/unk/snap/c1/1748617200.c1.snap.jpg,0.667886
2025-05-30 16:00:00,/Volumes/Argus/unk/snap/c1/1748620800.c1.snap.jpg,0.60093707
2025-05-30 16:30:00,/Volumes/Argus/unk/snap/c1/1748622600.c1.snap.jpg,0.7683074
2025-05-30 17:00:00,/Volumes/Argus/unk/snap/c1/1748624400.c1.snap.jpg,0.67524606
2025-05-30 17:30:00,/Volumes/Argus/unk/snap/c1/1748626200.c1.snap.jpg,0.5512003
2025-05-30 18:00:00,/Volumes/Argus/unk/snap/c1/1748628000.c1.snap.jpg,0.72943825
2025-05-30 18:30:00,/Volumes/Argus/unk/snap/c1/1748629800.c1.snap.jpg,0.52233416
2025-05-30 19:00:00,/Volumes/Argus/unk/snap/c1/1748631600.c1.snap.jpg,0.5968313
2025-05-30 19:30:00,/Volumes/Argus/unk/snap/c1/1748633400.c1.snap.jpg,0.6488591
2025-05-30 20:00:00,/Volumes/Argus/unk/snap/c1/1748635200.c1.snap.jpg,0.5968353
2025-05-30 20:30:00,/Volumes/Argus/unk/snap/c1/1748637000.c1.snap.jpg,0.53470236
2025-05-30 21:00:00,/Volumes/Argus/unk/snap/c1/1748638800.c1.snap.jpg,0.44600177
2025-05-30 21:30:00,/Volumes/Argus/unk/snap/c1/1748640600.c1.snap.jpg,0.61303514
2025-05-30 22:00:00,/Volumes/Argus/unk/snap/c1/1748642400.c1.snap.jpg,0.7653264
2025-05-30 22:30:00,/Volumes/Argus/unk/snap/c1/1748644200.c1.snap.jpg,0.47582996
2025-05-30 23:00:00,/Volumes/Argus/unk/snap/c1/1748646000.c1.snap.jpg,0.41106677
2025-05-30 23:30:00,/Volumes/Argus/unk/snap/c1/1748647800.c1.snap.jpg,0.65798306
2025-05-31 00:00:00,/Volumes/Argus/unk/snap/c1/1748649600.c1.snap.jpg,0.44553763
2025-05-31 00:30:00,/Volumes/Argus/unk/snap/c1/1748651400.c1.snap.jpg,0.39308044
2025-05-31 01:00:00,/Volumes/Argus/unk/snap/c1/1748653200.c1.snap.jpg,0.45086363
2025-05-31 01:30:00,/Volumes/Argus/unk/snap/c1/1748655000.c1.snap.jpg,0.5297961
2025-05-31 02:00:00,/Volumes/Argus/unk/snap/c1/1748656800.c1.snap.jpg,0.5818392
2025-05-31 02:30:00,/Volumes/Argus/unk/snap/c1/1748658600.c1.snap.jpg,0.87137675
2025-05-31 03:00:00,/Volumes/Argus/unk/snap/c1/1748660400.c1.snap.jpg,0.34409887
2025-05-31 03:30:00,/Volumes/Argus/unk/snap/c1/1748662200.c1.snap.jpg,0.49875343
2025-05-31 04:00:00,/Volumes/Argus/unk/snap/c1/1748664000.c1.snap.jpg,0.28559518
2025-05-31 04:30:00,/Volumes/Argus/unk/snap/c1/1748665800.c1.snap.jpg,0.5034536
2025-05-31 05:30:00,/Volumes/Argus/unk/snap/c1/1748669400.c1.snap.jpg,0.26913762
2025-05-31 06:00:00,/Volumes/Argus/unk/snap/c1/1748671200.c1.snap.jpg,0.38444546
2025-05-31 06:30:00,/Volumes/Argus/unk/snap/c1/1748673000.c1.snap.jpg,0.33669537
2025-05-31 07:00:00,/Volumes/Argus/unk/snap/c1/1748674800.c1.snap.jpg,0.36750248
2025-05-31 07:30:00,/Volumes/Argus/unk/snap/c1/1748676600.c1.snap.jpg,0.32267594
2025-05-31 08:00:00,/Volumes/Argus/unk/snap/c1/1748678400.c1.snap.jpg,0.40427443
2025-05-31 09:00:00,/Volumes/Argus/unk/snap/c1/1748682000.c1.snap.jpg,0.34114337
2025-05-31 09:30:00,/Volumes/Argus/unk/snap/c1/1748683800.c1.snap.jpg,0.4108339
2025-05-31 10:00:00,/Volumes/Argus/unk/snap/c1/1748685600.c1.snap.jpg,0.3881933
2025-05-31 10:30:00,/Volumes/Argus/unk/snap/c1/1748687400.c1.snap.jpg,0.3775345
2025-05-31 11:00:00,/Volumes/Argus/unk/snap/c1/1748689200.c1.snap.jpg,0.42319027
2025-05-31 11:30:00,/Volumes/Argus/unk/snap/c1/1748691000.c1.snap.jpg,0.3171778
2025-05-31 12:00:00,/Volumes/Argus/unk/snap/c1/1748692800.c1.snap.jpg,0.2727952
2025-05-31 14:00:00,/Volumes/Argus/unk/snap/c1/1748700000.c1.snap.jpg,0.35300165
2025-05-31 14:30:00,/Volumes/Argus/unk/snap/c1/1748701800.c1.snap.jpg,0.34043297
2025-05-31 15:00:00,/Volumes/Argus/unk/snap/c1/1748703600.c1.snap.jpg,0.4869371
2025-05-31 15:30:00,/Volumes/Argus/unk/snap/c1/1748705400.c1.snap.jpg,0.36923775
2025-05-31 16:00:00,/Volumes/Argus/unk/snap/c1/1748707200.c1.snap.jpg,0.3965406
2025-05-31 16:30:00,/Volumes/Argus/unk/snap/c1/1748709000.c1.snap.jpg,0.3784083
2025-05-31 17:00:00,/Volumes/Argus/unk/snap/c1/1748710800.c1.snap.jpg,0.3374651
2025-05-31 17:30:00,/Volumes/Argus/unk/snap/c1/1748712600.c1.snap.jpg,0.2898558
2025-05-31 18:00:00,/Volumes/Argus/unk/snap/c1/1748714400.c1.snap.jpg,0.32783097
2025-05-31 18:30:00,/Volumes/Argus/unk/snap/c1/1748716200.c1.snap.jpg,0.28216958
2025-05-31 19:00:00,/Volumes/Argus/unk/snap/c1/1748718000.c1.snap.jpg,0.3601103
2025-05-31 19:30:00,/Volumes/Argus/unk/snap/c1/1748719800.c1.snap.jpg,0.37236068
2025-05-31 20:00:00,/Volumes/Argus/unk/snap/c1/1748721600.c1.snap.jpg,0.36455047
2025-05-31 20:30:00,/Volumes/Argus/unk/snap/c1/1748723400.c1.snap.jpg,0.45233744
2025-05-31 21:00:00,/Volumes/Argus/unk/snap/c1/1748725200.c1.snap.jpg,0.40107018
2025-05-31 21:30:00,/Volumes/Argus/unk/snap/c1/1748727000.c1.snap.jpg,0.32140505
2025-05-31 22:00:00,/Volumes/Argus/unk/snap/c1/1748728800.c1.snap.jpg,0.32745904
2025-05-31 22:30:00,/Volumes/Argus/unk/snap/c1/1748730600.c1.snap.jpg,0.38384748
2025-05-31 23:00:00,/Volumes/Argus/unk/snap/c1/1748732400.c1.snap.jpg,0.38956493
2025-06-01 00:00:00,/Volumes/Argus/unk/snap/c1/1748736000.c1.snap.jpg,0.27895936
2025-06-01 00:30:00,/Volumes/Argus/unk/snap/c1/1748737800.c1.snap.jpg,0.3099629
2025-06-01 01:00:00,/Volumes/Argus/unk/snap/c1/1748739600.c1.snap.jpg,0.3789812
2025-06-01 01:30:00,/Volumes/Argus/unk/snap/c1/1748741400.c1.snap.jpg,0.37882346
2025-06-01 02:00:00,/Volumes/Argus/unk/snap/c1/1748743200.c1.snap.jpg,0.44220755
2025-06-01 02:30:00,/Volumes/Argus/unk/snap/c1/1748745000.c1.snap.jpg,0.8086605
2025-06-01 03:00:00,/Volumes/Argus/unk/snap/c1/1748746800.c1.snap.jpg,0.6445287
2025-06-01 03:30:00,/Volumes/Argus/unk/snap/c1/1748748600.c1.snap.jpg,0.60258603
2025-06-01 04:00:00,/Volumes/Argus/unk/snap/c1/1748750400.c1.snap.jpg,0.37696552
2025-06-01 04:30:00,/Volumes/Argus/unk/snap/c1/1748752200.c1.snap.jpg,0.47119626
2025-06-01 05:00:00,/Volumes/Argus/unk/snap/c1/1748754000.c1.snap.jpg,0.47111124
2025-06-01 05:30:00,/Volumes/Argus/unk/snap/c1/1748755800.c1.snap.jpg,0.34667826
2025-06-01 06:30:00,/Volumes/Argus/unk/snap/c1/1748759400.c1.snap.jpg,0.27650303
2025-06-01 07:00:00,/Volumes/Argus/unk/snap/c1/1748761200.c1.snap.jpg,0.3260613
2025-06-01 07:30:00,/Volumes/Argus/unk/snap/c1/1748763000.c1.snap.jpg,0.40641648
2025-06-01 08:00:00,/Volumes/Argus/unk/snap/c1/1748764800.c1.snap.jpg,0.37346596
2025-06-01 08:30:00,/Volumes/Argus/unk/snap/c1/1748766600.c1.snap.jpg,0.5520551
2025-06-01 09:00:00,/Volumes/Argus/unk/snap/c1/1748768400.c1.snap.jpg,0.35341167
2025-06-01 09:30:00,/Volumes/Argus/unk/snap/c1/1748770200.c1.snap.jpg,0.34775662
2025-06-01 10:00:00,/Volumes/Argus/unk/snap/c1/1748772000.c1.snap.jpg,0.29290998
2025-06-01 10:30:00,/Volumes/Argus/unk/snap/c1/1748773800.c1.snap.jpg,0.30340764
2025-06-01 11:00:00,/Volumes/Argus/unk/snap/c1/1748775600.c1.snap.jpg,0.25521475
2025-06-01 11:30:00,/Volumes/Argus/unk/snap/c1/1748777400.c1.snap.jpg,0.33878744
2025-06-01 12:00:00,/Volumes/Argus/unk/snap/c1/1748779200.c1.snap.jpg,0.24143907
2025-06-01 14:00:00,/Volumes/Argus/unk/snap/c1/1748786400.c1.snap.jpg,0.32639185
2025-06-01 14:30:00,/Volumes/Argus/unk/snap/c1/1748788200.c1.snap.jpg,0.29884017
2025-06-01 15:00:00,/Volumes/Argus/unk/snap/c1/1748790000.c1.snap.jpg,0.27555305
2025-06-01 15:30:00,/Volumes/Argus/unk/snap/c1/1748791800.c1.snap.jpg,0.48928592
2025-06-01 16:00:00,/Volumes/Argus/unk/snap/c1/1748793600.c1.snap.jpg,0.34890822
2025-06-01 17:00:00,/Volumes/Argus/unk/snap/c1/1748797200.c1.snap.jpg,0.5745641
2025-06-01 17:30:00,/Volumes/Argus/unk/snap/c1/1748799000.c1.snap.jpg,0.28751665
2025-06-01 18:00:00,/Volumes/Argus/unk/snap/c1/1748800800.c1.snap.jpg,0.35123673
2025-06-01 18:30:00,/Volumes/Argus/unk/snap/c1/1748802600.c1.snap.jpg,0.31457317
2025-06-01 19:00:00,/Volumes/Argus/unk/snap/c1/1748804400.c1.snap.jpg,0.42799145
2025-06-01 20:00:00,/Volumes/Argus/unk/snap/c1/1748808000.c1.snap.jpg,0.36268222
2025-06-01 21:00:00,/Volumes/Argus/unk/snap/c1/1748811600.c1.snap.jpg,0.35807496
2025-06-01 21:30:00,/Volumes/Argus/unk/snap/c1/1748813400.c1.snap.jpg,0.3579791
2025-06-01 22:00:00,/Volumes/Argus/unk/snap/c1/1748815200.c1.snap.jpg,0.31175143
2025-06-01 22:30:00,/Volumes/Argus/unk/snap/c1/1748817000.c1.snap.jpg,0.37508816
2025-06-01 23:00:00,/Volumes/Argus/unk/snap/c1/1748818800.c1.snap.jpg,0.84709483
2025-06-01 23:30:00,/Volumes/Argus/unk/snap/c1/1748820600.c1.snap.jpg,0.43459058
2025-06-02 00:30:00,/Volumes/Argus/unk/snap/c1/1748824200.c1.snap.jpg,0.4575709
2025-06-02 01:00:00,/Volumes/Argus/unk/snap/c1/1748826000.c1.snap.jpg,0.44082552
2025-06-02 01:30:00,/Volumes/Argus/unk/snap/c1/1748827800.c1.snap.jpg,0.3843427
2025-06-02 02:00:00,/Volumes/Argus/unk/snap/c1/1748829600.c1.snap.jpg,0.3470031
2025-06-02 02:30:00,/Volumes/Argus/unk/snap/c1/1748831400.c1.snap.jpg,0.30317956
2025-06-02 03:30:00,/Volumes/Argus/unk/snap/c1/1748835000.c1.snap.jpg,0.32786632
2025-06-02 04:00:00,/Volumes/Argus/unk/snap/c1/1748836800.c1.snap.jpg,0.2769308
2025-06-02 04:30:00,/Volumes/Argus/unk/snap/c1/1748838600.c1.snap.jpg,0.36868134
2025-06-02 05:00:00,/Volumes/Argus/unk/snap/c1/1748840400.c1.snap.jpg,0.31277514
2025-06-02 05:30:00,/Volumes/Argus/unk/snap/c1/1748842200.c1.snap.jpg,0.30601367
2025-06-02 06:30:00,/Volumes/Argus/unk/snap/c1/1748845800.c1.snap.jpg,0.42362595
2025-06-02 07:00:00,/Volumes/Argus/unk/snap/c1/1748847600.c1.snap.jpg,0.38081026
2025-06-02 07:30:00,/Volumes/Argus/unk/snap/c1/1748849400.c1.snap.jpg,0.2943622
2025-06-02 08:00:00,/Volumes/Argus/unk/snap/c1/1748851200.c1.snap.jpg,0.31089082
2025-06-02 08:30:00,/Volumes/Argus/unk/snap/c1/1748853000.c1.snap.jpg,0.3339384
2025-06-02 09:00:00,/Volumes/Argus/unk/snap/c1/1748854800.c1.snap.jpg,0.32010993
2025-06-02 09:30:00,/Volumes/Argus/unk/snap/c1/1748856600.c1.snap.jpg,0.44754344
2025-06-02 10:00:00,/Volumes/Argus/unk/snap/c1/1748858400.c1.snap.jpg,0.27476734
2025-06-02 10:30:00,/Volumes/Argus/unk/snap/c1/1748860200.c1.snap.jpg,0.6461189
2025-06-02 11:00:00,/Volumes/Argus/unk/snap/c1/1748862000.c1.snap.jpg,0.3602423
2025-06-02 11:30:00,/Volumes/Argus/unk/snap/c1/1748863800.c1.snap.jpg,0.42641884
2025-06-02 14:00:00,/Volumes/Argus/unk/snap/c1/1748872800.c1.snap.jpg,0.74666834
2025-06-02 14:30:00,/Volumes/Argus/unk/snap/c1/1748874600.c1.snap.jpg,0.47657874
2025-06-02 15:00:00,/Volumes/Argus/unk/snap/c1/1748876400.c1.snap.jpg,0.32622492
2025-06-02 15:30:00,/Volumes/Argus/unk/snap/c1/1748878200.c1.snap.jpg,0.59066164
2025-06-02 16:00:00,/Volumes/Argus/unk/snap/c1/1748880000.c1.snap.jpg,0.37371576
2025-06-02 16:30:00,/Volumes/Argus/unk/snap/c1/1748881800.c1.snap.jpg,0.3670844
2025-06-02 17:00:00,/Volumes/Argus/unk/snap/c1/1748883600.c1.snap.jpg,0.3092976
2025-06-02 17:30:00,/Volumes/Argus/unk/snap/c1/1748885400.c1.snap.jpg,0.32228047
2025-06-02 18:00:00,/Volumes/Argus/unk/snap/c1/1748887200.c1.snap.jpg,0.510252
2025-06-02 18:30:00,/Volumes/Argus/unk/snap/c1/1748889000.c1.snap.jpg,0.5183037
2025-06-02 19:00:00,/Volumes/Argus/unk/snap/c1/1748890800.c1.snap.jpg,0.5584289
2025-06-02 19:30:00,/Volumes/Argus/unk/snap/c1/1748892600.c1.snap.jpg,0.37054724
2025-06-02 20:30:00,/Volumes/Argus/unk/snap/c1/1748896200.c1.snap.jpg,0.35323685
2025-06-02 21:00:00,/Volumes/Argus/unk/snap/c1/1748898000.c1.snap.jpg,0.31041795
2025-06-02 21:30:00,/Volumes/Argus/unk/snap/c1/1748899800.c1.snap.jpg,0.3114462
2025-06-02 22:00:00,/Volumes/Argus/unk/snap/c1/1748901600.c1.snap.jpg,0.36232322
2025-06-02 22:30:00,/Volumes/Argus/unk/snap/c1/1748903400.c1.snap.jpg,0.3045147
2025-06-02 23:00:00,/Volumes/Argus/unk/snap/c1/1748905200.c1.snap.jpg,0.22326547
2025-06-02 23:30:00,/Volumes/Argus/unk/snap/c1/1748907000.c1.snap.jpg,0.4548606
2025-06-03 00:00:00,/Volumes/Argus/unk/snap/c1/1748908800.c1.snap.jpg,0.29975584
2025-06-03 00:30:00,/Volumes/Argus/unk/snap/c1/1748910600.c1.snap.jpg,0.34891403
2025-06-03 01:00:00,/Volumes/Argus/unk/snap/c1/1748912400.c1.snap.jpg,0.3231448
2025-06-03 01:30:00,/Volumes/Argus/unk/snap/c1/1748914200.c1.snap.jpg,0.38418213
2025-06-03 02:00:00,/Volumes/Argus/unk/snap/c1/1748916000.c1.snap.jpg,0.34894574
2025-06-03 02:30:00,/Volumes/Argus/unk/snap/c1/1748917800.c1.snap.jpg,0.39455187
2025-06-03 03:00:00,/Volumes/Argus/unk/snap/c1/1748919600.c1.snap.jpg,0.40842697
2025-06-03 03:30:00,/Volumes/Argus/unk/snap/c1/1748921400.c1.snap.jpg,0.2933515
2025-06-03 04:00:00,/Volumes/Argus/unk/snap/c1/1748923200.c1.snap.jpg,0.256457
2025-06-03 04:30:00,/Volumes/Argus/unk/snap/c1/1748925000.c1.snap.jpg,0.3024642
2025-06-03 05:00:00,/Volumes/Argus/unk/snap/c1/1748926800.c1.snap.jpg,0.28200573
2025-06-03 05:30:00,/Volumes/Argus/unk/snap/c1/1748928600.c1.snap.jpg,0.34911442
2025-06-03 06:00:00,/Volumes/Argus/unk/snap/c1/1748930400.c1.snap.jpg,0.4137532
2025-06-03 06:30:00,/Volumes/Argus/unk/snap/c1/1748932200.c1.snap.jpg,0.42207462
2025-06-03 07:00:00,/Volumes/Argus/unk/snap/c1/1748934000.c1.snap.jpg,0.33786738
2025-06-03 07:30:00,/Volumes/Argus/unk/snap/c1/1748935800.c1.snap.jpg,0.23614466
2025-06-03 08:00:00,/Volumes/Argus/unk/snap/c1/1748937600.c1.snap.jpg,0.32117862
2025-06-03 08:30:00,/Volumes/Argus/unk/snap/c1/1748939400.c1.snap.jpg,0.4438601
2025-06-03 09:00:00,/Volumes/Argus/unk/snap/c1/1748941200.c1.snap.jpg,0.34951383
2025-06-03 10:00:00,/Volumes/Argus/unk/snap/c1/1748944800.c1.snap.jpg,0.38086322
2025-06-03 10:30:00,/Volumes/Argus/unk/snap/c1/1748946600.c1.snap.jpg,0.27710852
2025-06-03 11:00:00,/Volumes/Argus/unk/snap/c1/1748948400.c1.snap.jpg,0.5669149
2025-06-03 11:30:00,/Volumes/Argus/unk/snap/c1/1748950200.c1.snap.jpg,0.46323818
2025-06-03 12:00:00,/Volumes/Argus/unk/snap/c1/1748952000.c1.snap.jpg,0.36661738
2025-06-03 14:00:00,/Volumes/Argus/unk/snap/c1/1748959200.c1.snap.jpg,0.34613127
2025-06-03 14:30:00,/Volumes/Argus/unk/snap/c1/1748961000.c1.snap.jpg,0.38904247
2025-06-03 15:00:00,/Volumes/Argus/unk/snap/c1/1748962800.c1.snap.jpg,0.33513552
2025-06-03 15:30:00,/Volumes/Argus/unk/snap/c1/1748964600.c1.snap.jpg,0.32284427
2025-06-03 16:00:00,/Volumes/Argus/unk/snap/c1/1748966400.c1.snap.jpg,0.26564878
2025-06-03 16:30:00,/Volumes/Argus/unk/snap/c1/1748968200.c1.snap.jpg,0.24663645
2025-06-03 17:00:00,/Volumes/Argus/unk/snap/c1/1748970000.c1.snap.jpg,0.430117
2025-06-03 17:30:00,/Volumes/Argus/unk/snap/c1/1748971800.c1.snap.jpg,0.33387208
2025-06-03 18:00:00,/Volumes/Argus/unk/snap/c1/1748973600.c1.snap.jpg,0.35130304
2025-06-03 18:30:00,/Volumes/Argus/unk/snap/c1/1748975400.c1.snap.jpg,0.7567836
2025-06-03 19:00:00,/Volumes/Argus/unk/snap/c1/1748977200.c1.snap.jpg,0.45390975
2025-06-03 19:30:00,/Volumes/Argus/unk/snap/c1/1748979000.c1.snap.jpg,0.41803873
2025-06-03 20:00:00,/Volumes/Argus/unk/snap/c1/1748980800.c1.snap.jpg,0.42902923
2025-06-03 20:30:00,/Volumes/Argus/unk/snap/c1/1748982600.c1.snap.jpg,0.34029987
2025-06-03 21:00:00,/Volumes/Argus/unk/snap/c1/1748984400.c1.snap.jpg,0.24818708
2025-06-03 21:30:00,/Volumes/Argus/unk/snap/c1/1748986200.c1.snap.jpg,0.3497098
2025-06-03 22:00:00,/Volumes/Argus/unk/snap/c1/1748988000.c1.snap.jpg,0.2226265
2025-06-03 22:30:00,/Volumes/Argus/unk/snap/c1/1748989800.c1.snap.jpg,0.31156498
2025-06-03 23:00:00,/Volumes/Argus/unk/snap/c1/1748991600.c1.snap.jpg,0.2945752
2025-06-03 23:30:00,/Volumes/Argus/unk/snap/c1/1748993400.c1.snap.jpg,0.531289
2025-06-04 00:00:00,/Volumes/Argus/unk/snap/c1/1748995200.c1.snap.jpg,0.29113314
2025-06-04 00:30:00,/Volumes/Argus/unk/snap/c1/1748997000.c1.snap.jpg,0.28482756
2025-06-04 01:00:00,/Volumes/Argus/unk/snap/c1/1748998800.c1.snap.jpg,0.38060394
2025-06-04 01:30:00,/Volumes/Argus/unk/snap/c1/1749000600.c1.snap.jpg,0.4172783
2025-06-04 02:00:00,/Volumes/Argus/unk/snap/c1/1749002400.c1.snap.jpg,0.35892028
2025-06-04 02:30:00,/Volumes/Argus/unk/snap/c1/1749004200.c1.snap.jpg,0.3969924
2025-06-04 03:00:00,/Volumes/Argus/unk/snap/c1/1749006000.c1.snap.jpg,0.3979103
2025-06-04 03:30:00,/Volumes/Argus/unk/snap/c1/1749007800.c1.snap.jpg,0.42371482
2025-06-04 04:00:00,/Volumes/Argus/unk/snap/c1/1749009600.c1.snap.jpg,0.334101
2025-06-04 04:30:00,/Volumes/Argus/unk/snap/c1/1749011400.c1.snap.jpg,0.30610168
2025-06-04 05:00:00,/Volumes/Argus/unk/snap/c1/1749013200.c1.snap.jpg,0.40773332
2025-06-04 05:30:00,/Volumes/Argus/unk/snap/c1/1749015000.c1.snap.jpg,0.56479263
2025-06-04 06:00:00,/Volumes/Argus/unk/snap/c1/1749016800.c1.snap.jpg,0.5062169
2025-06-04 06:30:00,/Volumes/Argus/unk/snap/c1/1749018600.c1.snap.jpg,0.17449434
2025-06-04 07:00:00,/Volumes/Argus/unk/snap/c1/1749020400.c1.snap.jpg,0.3022489
2025-06-04 07:30:00,/Volumes/Argus/unk/snap/c1/1749022200.c1.snap.jpg,0.28121057
2025-06-04 08:00:00,/Volumes/Argus/unk/snap/c1/1749024000.c1.snap.jpg,0.26046458
2025-06-04 08:30:00,/Volumes/Argus/unk/snap/c1/1749025800.c1.snap.jpg,0.30207834
2025-06-04 09:00:00,/Volumes/Argus/unk/snap/c1/1749027600.c1.snap.jpg,0.28914374
2025-06-04 09:30:00,/Volumes/Argus/unk/snap/c1/1749029400.c1.snap.jpg,0.31669307
2025-06-04 10:00:00,/Volumes/Argus/unk/snap/c1/1749031200.c1.snap.jpg,0.39370963
2025-06-04 10:30:00,/Volumes/Argus/unk/snap/c1/1749033000.c1.snap.jpg,0.35554892
2025-06-04 11:00:00,/Volumes/Argus/unk/snap/c1/1749034800.c1.snap.jpg,0.51214594
2025-06-04 11:30:00,/Volumes/Argus/unk/snap/c1/1749036600.c1.snap.jpg,0.36355472
2025-06-04 12:00:00,/Volumes/Argus/unk/snap/c1/1749038400.c1.snap.jpg,0.37431672
2025-06-04 14:00:00,/Volumes/Argus/unk/snap/c1/1749045600.c1.snap.jpg,0.66566503
2025-06-04 14:30:00,/Volumes/Argus/unk/snap/c1/1749047400.c1.snap.jpg,0.41615355
2025-06-04 15:00:00,/Volumes/Argus/unk/snap/c1/1749049200.c1.snap.jpg,0.54021335
2025-06-04 15:30:00,/Volumes/Argus/unk/snap/c1/1749051000.c1.snap.jpg,0.41798523
2025-06-04 16:00:00,/Volumes/Argus/unk/snap/c1/1749052800.c1.snap.jpg,0.64785707
2025-06-04 16:30:00,/Volumes/Argus/unk/snap/c1/1749054600.c1.snap.jpg,0.28760773
2025-06-04 17:00:00,/Volumes/Argus/unk/snap/c1/1749056400.c1.snap.jpg,0.26370203
2025-06-04 17:30:00,/Volumes/Argus/unk/snap/c1/1749058200.c1.snap.jpg,0.35406804
2025-06-04 18:00:00,/Volumes/Argus/unk/snap/c1/1749060000.c1.snap.jpg,0.31900638
2025-06-04 18:30:00,/Volumes/Argus/unk/snap/c1/1749061800.c1.snap.jpg,0.28226456
2025-06-04 19:00:00,/Volumes/Argus/unk/snap/c1/1749063600.c1.snap.jpg,0.37276658
2025-06-04 19:30:00,/Volumes/Argus/unk/snap/c1/1749065400.c1.snap.jpg,0.48241723
2025-06-04 20:00:00,/Volumes/Argus/unk/snap/c1/1749067200.c1.snap.jpg,0.35318863
2025-06-04 20:30:00,/Volumes/Argus/unk/snap/c1/1749069000.c1.snap.jpg,0.37186128
2025-06-04 21:00:00,/Volumes/Argus/unk/snap/c1/1749070800.c1.snap.jpg,0.70107615
2025-06-04 21:30:00,/Volumes/Argus/unk/snap/c1/1749072600.c1.snap.jpg,0.34446228
2025-06-04 22:00:00,/Volumes/Argus/unk/snap/c1/1749074400.c1.snap.jpg,0.2438864
2025-06-04 22:30:00,/Volumes/Argus/unk/snap/c1/1749076200.c1.snap.jpg,0.38310087
2025-06-04 23:00:00,/Volumes/Argus/unk/snap/c1/1749078000.c1.snap.jpg,0.34409449
2025-06-04 23:30:00,/Volumes/Argus/unk/snap/c1/1749079800.c1.snap.jpg,0.26292914
2025-06-05 00:00:00,/Volumes/Argus/unk/snap/c1/1749081600.c1.snap.jpg,0.47063544
2025-06-05 00:30:00,/Volumes/Argus/unk/snap/c1/1749083400.c1.snap.jpg,0.46169335
2025-06-05 01:00:00,/Volumes/Argus/unk/snap/c1/1749085200.c1.snap.jpg,0.36207724
2025-06-05 01:30:00,/Volumes/Argus/unk/snap/c1/1749087000.c1.snap.jpg,0.36767778
2025-06-05 02:00:00,/Volumes/Argus/unk/snap/c1/1749088800.c1.snap.jpg,0.34746283
2025-06-05 02:30:00,/Volumes/Argus/unk/snap/c1/1749090600.c1.snap.jpg,0.29178616
2025-06-05 03:00:00,/Volumes/Argus/unk/snap/c1/1749092400.c1.snap.jpg,0.39581928
2025-06-05 03:30:00,/Volumes/Argus/unk/snap/c1/1749094200.c1.snap.jpg,0.52106076
2025-06-05 04:30:00,/Volumes/Argus/unk/snap/c1/1749097800.c1.snap.jpg,0.3269264
2025-06-05 05:00:00,/Volumes/Argus/unk/snap/c1/1749099600.c1.snap.jpg,0.40026173
2025-06-05 05:30:00,/Volumes/Argus/unk/snap/c1/1749101400.c1.snap.jpg,0.34749472
2025-06-05 06:00:00,/Volumes/Argus/unk/snap/c1/1749103200.c1.snap.jpg,0.21572621
2025-06-05 06:30:00,/Volumes/Argus/unk/snap/c1/1749105000.c1.snap.jpg,0.3294552
2025-06-05 07:00:00,/Volumes/Argus/unk/snap/c1/1749106800.c1.snap.jpg,0.29034245
2025-06-05 07:30:00,/Volumes/Argus/unk/snap/c1/1749108600.c1.snap.jpg,0.29718536
2025-06-05 08:00:00,/Volumes/Argus/unk/snap/c1/1749110400.c1.snap.jpg,0.47513673
2025-06-05 08:30:00,/Volumes/Argus/unk/snap/c1/1749112200.c1.snap.jpg,0.47574967
2025-06-05 09:00:00,/Volumes/Argus/unk/snap/c1/1749114000.c1.snap.jpg,0.4653421
2025-06-05 09:30:00,/Volumes/Argus/unk/snap/c1/1749115800.c1.snap.jpg,0.41105384
2025-06-05 10:00:00,/Volumes/Argus/unk/snap/c1/1749117600.c1.snap.jpg,0.6178873
2025-06-05 10:30:00,/Volumes/Argus/unk/snap/c1/1749119400.c1.snap.jpg,0.48526365
2025-06-05 11:00:00,/Volumes/Argus/unk/snap/c1/1749121200.c1.snap.jpg,0.7147463
2025-06-05 12:00:00,/Volumes/Argus/unk/snap/c1/1749124800.c1.snap.jpg,0.25950426
2025-06-05 14:00:00,/Volumes/Argus/unk/snap/c1/1749132000.c1.snap.jpg,0.54173386
2025-06-05 14:30:00,/Volumes/Argus/unk/snap/c1/1749133800.c1.snap.jpg,0.4661501
2025-06-05 15:00:00,/Volumes/Argus/unk/snap/c1/1749135600.c1.snap.jpg,0.65250635
2025-06-05 15:30:00,/Volumes/Argus/unk/snap/c1/1749137400.c1.snap.jpg,0.7391703
2025-06-05 16:00:00,/Volumes/Argus/unk/snap/c1/1749139200.c1.snap.jpg,0.6198772
2025-06-05 16:30:00,/Volumes/Argus/unk/snap/c1/1749141000.c1.snap.jpg,0.78893363
2025-06-05 17:00:00,/Volumes/Argus/unk/snap/c1/1749142800.c1.snap.jpg,0.9493684
2025-06-05 17:30:00,/Volumes/Argus/unk/snap/c1/1749144600.c1.snap.jpg,1.004838
2025-06-05 18:00:00,/Volumes/Argus/unk/snap/c1/1749146400.c1.snap.jpg,0.95990777
2025-06-05 18:30:00,/Volumes/Argus/unk/snap/c1/1749148200.c1.snap.jpg,1.0545881
2025-06-05 19:00:00,/Volumes/Argus/unk/snap/c1/1749150000.c1.snap.jpg,1.1531873
2025-06-05 19:30:00,/Volumes/Argus/unk/snap/c1/1749151800.c1.snap.jpg,1.1951804
2025-06-05 20:00:00,/Volumes/Argus/unk/snap/c1/1749153600.c1.snap.jpg,1.1047456
2025-06-05 20:30:00,/Volumes/Argus/unk/snap/c1/1749155400.c1.snap.jpg,1.1364201
2025-06-05 21:00:00,/Volumes/Argus/unk/snap/c1/1749157200.c1.snap.jpg,1.150243
2025-06-05 21:30:00,/Volumes/Argus/unk/snap/c1/1749159000.c1.snap.jpg,1.169805
2025-06-05 22:00:00,/Volumes/Argus/unk/snap/c1/1749160800.c1.snap.jpg,1.1139283
2025-06-05 22:30:00,/Volumes/Argus/unk/snap/c1/1749162600.c1.snap.jpg,1.216775
2025-06-05 23:00:00,/Volumes/Argus/unk/snap/c1/1749164400.c1.snap.jpg,1.119091
2025-06-05 23:30:00,/Volumes/Argus/unk/snap/c1/1749166200.c1.snap.jpg,1.0346787
2025-06-06 00:00:00,/Volumes/Argus/unk/snap/c1/1749168000.c1.snap.jpg,1.1090312
2025-06-06 00:30:00,/Volumes/Argus/unk/snap/c1/1749169800.c1.snap.jpg,1.1966048
2025-06-06 01:00:00,/Volumes/Argus/unk/snap/c1/1749171600.c1.snap.jpg,0.7891152
2025-06-06 01:30:00,/Volumes/Argus/unk/snap/c1/1749173400.c1.snap.jpg,1.1358898
2025-06-06 02:00:00,/Volumes/Argus/unk/snap/c1/1749175200.c1.snap.jpg,1.0906557
2025-06-06 02:30:00,/Volumes/Argus/unk/snap/c1/1749177000.c1.snap.jpg,1.1378154
2025-06-06 03:00:00,/Volumes/Argus/unk/snap/c1/1749178800.c1.snap.jpg,1.0738862
2025-06-06 03:30:00,/Volumes/Argus/unk/snap/c1/1749180600.c1.snap.jpg,1.1587818
2025-06-06 04:30:00,/Volumes/Argus/unk/snap/c1/1749184200.c1.snap.jpg,1.2014054
2025-06-06 05:00:00,/Volumes/Argus/unk/snap/c1/1749186000.c1.snap.jpg,1.1898565
2025-06-06 05:30:00,/Volumes/Argus/unk/snap/c1/1749187800.c1.snap.jpg,1.216862
2025-06-06 06:00:00,/Volumes/Argus/unk/snap/c1/1749189600.c1.snap.jpg,1.1874983
2025-06-06 06:30:00,/Volumes/Argus/unk/snap/c1/1749191400.c1.snap.jpg,0.99820864
2025-06-06 07:00:00,/Volumes/Argus/unk/snap/c1/1749193200.c1.snap.jpg,1.1557491
2025-06-06 07:30:00,/Volumes/Argus/unk/snap/c1/1749195000.c1.snap.jpg,1.0937563
2025-06-06 08:00:00,/Volumes/Argus/unk/snap/c1/1749196800.c1.snap.jpg,1.1333426
2025-06-06 08:30:00,/Volumes/Argus/unk/snap/c1/1749198600.c1.snap.jpg,1.1870644
2025-06-06 09:00:00,/Volumes/Argus/unk/snap/c1/1749200400.c1.snap.jpg,0.8613864
2025-06-06 09:30:00,/Volumes/Argus/unk/snap/c1/1749202200.c1.snap.jpg,0.8660365
2025-06-06 10:00:00,/Volumes/Argus/unk/snap/c1/1749204000.c1.snap.jpg,0.9737759
2025-06-06 10:30:00,/Volumes/Argus/unk/snap/c1/1749205800.c1.snap.jpg,0.98439384
2025-06-06 11:00:00,/Volumes/Argus/unk/snap/c1/1749207600.c1.snap.jpg,0.965024
2025-06-06 11:30:00,/Volumes/Argus/unk/snap/c1/1749209400.c1.snap.jpg,1.0141186
2025-06-06 12:00:00,/Volumes/Argus/unk/snap/c1/1749211200.c1.snap.jpg,1.0145911
2025-06-07 14:00:00,/Volumes/Argus/unk/snap/c1/1749304800.c1.snap.jpg,0.6334206
2025-06-07 14:30:00,/Volumes/Argus/unk/snap/c1/1749306600.c1.snap.jpg,0.6099075
2025-06-07 15:00:00,/Volumes/Argus/unk/snap/c1/1749308400.c1.snap.jpg,0.4462164
2025-06-07 15:30:00,/Volumes/Argus/unk/snap/c1/1749310200.c1.snap.jpg,0.4230372
2025-06-07 16:00:00,/Volumes/Argus/unk/snap/c1/1749312000.c1.snap.jpg,0.5032439
2025-06-07 16:30:00,/Volumes/Argus/unk/snap/c1/1749313800.c1.snap.jpg,0.73717034
2025-06-07 17:00:00,/Volumes/Argus/unk/snap/c1/1749315600.c1.snap.jpg,0.33557913
2025-06-07 17:30:00,/Volumes/Argus/unk/snap/c1/1749317400.c1.snap.jpg,0.31358248
2025-06-07 18:00:00,/Volumes/Argus/unk/snap/c1/1749319200.c1.snap.jpg,0.322487
2025-06-07 18:30:00,/Volumes/Argus/unk/snap/c1/1749321000.c1.snap.jpg,0.27175796
2025-06-07 19:00:00,/Volumes/Argus/unk/snap/c1/1749322800.c1.snap.jpg,0.2786671
2025-06-07 19:30:00,/Volumes/Argus/unk/snap/c1/1749324600.c1.snap.jpg,0.298483
2025-06-07 20:00:00,/Volumes/Argus/unk/snap/c1/1749326400.c1.snap.jpg,0.28862873
2025-06-07 20:30:00,/Volumes/Argus/unk/snap/c1/1749328200.c1.snap.jpg,0.29288885
2025-06-07 21:00:00,/Volumes/Argus/unk/snap/c1/1749330000.c1.snap.jpg,0.7463052
2025-06-07 21:30:00,/Volumes/Argus/unk/snap/c1/1749331800.c1.snap.jpg,0.66356754
2025-06-07 22:00:00,/Volumes/Argus/unk/snap/c1/1749333600.c1.snap.jpg,0.5034306
2025-06-07 22:30:00,/Volumes/Argus/unk/snap/c1/1749335400.c1.snap.jpg,0.54243845
2025-06-07 23:00:00,/Volumes/Argus/unk/snap/c1/1749337200.c1.snap.jpg,0.6703068
2025-06-07 23:30:00,/Volumes/Argus/unk/snap/c1/1749339000.c1.snap.jpg,0.7102036
2025-06-08 00:30:00,/Volumes/Argus/unk/snap/c1/1749342600.c1.snap.jpg,0.60925794
2025-06-08 01:00:00,/Volumes/Argus/unk/snap/c1/1749344400.c1.snap.jpg,0.59458476
2025-06-08 01:30:00,/Volumes/Argus/unk/snap/c1/1749346200.c1.snap.jpg,0.5105711
2025-06-08 02:00:00,/Volumes/Argus/unk/snap/c1/1749348000.c1.snap.jpg,0.44579545
2025-06-08 03:00:00,/Volumes/Argus/unk/snap/c1/1749351600.c1.snap.jpg,0.5193112
2025-06-08 03:30:00,/Volumes/Argus/unk/snap/c1/1749353400.c1.snap.jpg,0.3858515
2025-06-08 04:00:00,/Volumes/Argus/unk/snap/c1/1749355200.c1.snap.jpg,0.45218456
2025-06-08 04:30:00,/Volumes/Argus/unk/snap/c1/1749357000.c1.snap.jpg,0.50540364
2025-06-08 05:00:00,/Volumes/Argus/unk/snap/c1/1749358800.c1.snap.jpg,0.646713
2025-06-08 05:30:00,/Volumes/Argus/unk/snap/c1/1749360600.c1.snap.jpg,0.6200258
2025-06-08 06:00:00,/Volumes/Argus/unk/snap/c1/1749362400.c1.snap.jpg,0.570966
2025-06-08 06:30:00,/Volumes/Argus/unk/snap/c1/1749364200.c1.snap.jpg,0.62891763
2025-06-08 07:00:00,/Volumes/Argus/unk/snap/c1/1749366000.c1.snap.jpg,0.6020783
2025-06-08 07:30:00,/Volumes/Argus/unk/snap/c1/1749367800.c1.snap.jpg,0.6972978
2025-06-08 08:00:00,/Volumes/Argus/unk/snap/c1/1749369600.c1.snap.jpg,0.7984147
2025-06-08 08:30:00,/Volumes/Argus/unk/snap/c1/1749371400.c1.snap.jpg,0.7972124
2025-06-08 09:00:00,/Volumes/Argus/unk/snap/c1/1749373200.c1.snap.jpg,0.7953124
2025-06-08 09:30:00,/Volumes/Argus/unk/snap/c1/1749375000.c1.snap.jpg,0.86788
2025-06-08 10:00:00,/Volumes/Argus/unk/snap/c1/1749376800.c1.snap.jpg,0.8900521
2025-06-08 10:30:00,/Volumes/Argus/unk/snap/c1/1749378600.c1.snap.jpg,0.9044827
2025-06-08 11:00:00,/Volumes/Argus/unk/snap/c1/1749380400.c1.snap.jpg,0.7451165
2025-06-08 11:30:00,/Volumes/Argus/unk/snap/c1/1749382200.c1.snap.jpg,0.9496585
2025-06-08 12:00:00,/Volumes/Argus/unk/snap/c1/1749384000.c1.snap.jpg,0.83218634
2025-06-08 14:00:00,/Volumes/Argus/unk/snap/c1/1749391200.c1.snap.jpg,0.81530035
2025-06-08 14:30:00,/Volumes/Argus/unk/snap/c1/1749393000.c1.snap.jpg,0.795367
2025-06-08 15:00:00,/Volumes/Argus/unk/snap/c1/1749394800.c1.snap.jpg,0.78893256
2025-06-08 15:30:00,/Volumes/Argus/unk/snap/c1/1749396600.c1.snap.jpg,0.64594626
2025-06-08 16:00:00,/Volumes/Argus/unk/snap/c1/1749398400.c1.snap.jpg,0.81001145
2025-06-08 16:30:00,/Volumes/Argus/unk/snap/c1/1749400200.c1.snap.jpg,0.68149424
2025-06-08 17:00:00,/Volumes/Argus/unk/snap/c1/1749402000.c1.snap.jpg,0.770145
2025-06-08 17:30:00,/Volumes/Argus/unk/snap/c1/1749403800.c1.snap.jpg,0.87284696
2025-06-08 18:00:00,/Volumes/Argus/unk/snap/c1/1749405600.c1.snap.jpg,0.6564708
2025-06-08 18:30:00,/Volumes/Argus/unk/snap/c1/1749407400.c1.snap.jpg,0.9219725
2025-06-08 19:00:00,/Volumes/Argus/unk/snap/c1/1749409200.c1.snap.jpg,0.9528866
2025-06-08 19:30:00,/Volumes/Argus/unk/snap/c1/1749411000.c1.snap.jpg,0.9384947
2025-06-08 20:00:00,/Volumes/Argus/unk/snap/c1/1749412800.c1.snap.jpg,1.0412005
2025-06-08 20:30:00,/Volumes/Argus/unk/snap/c1/1749414600.c1.snap.jpg,1.0848368
2025-06-08 21:00:00,/Volumes/Argus/unk/snap/c1/1749416400.c1.snap.jpg,0.92707133
2025-06-08 21:30:00,/Volumes/Argus/unk/snap/c1/1749418200.c1.snap.jpg,0.86268115
2025-06-08 22:00:00,/Volumes/Argus/unk/snap/c1/1749420000.c1.snap.jpg,0.9203323
2025-06-08 22:30:00,/Volumes/Argus/unk/snap/c1/1749421800.c1.snap.jpg,0.73345613
2025-06-08 23:00:00,/Volumes/Argus/unk/snap/c1/1749423600.c1.snap.jpg,0.867504
2025-06-08 23:30:00,/Volumes/Argus/unk/snap/c1/1749425400.c1.snap.jpg,0.83571887
2025-06-09 00:00:00,/Volumes/Argus/unk/snap/c1/1749427200.c1.snap.jpg,0.78567994
2025-06-09 00:30:00,/Volumes/Argus/unk/snap/c1/1749429000.c1.snap.jpg,0.7858547
2025-06-09 01:00:00,/Volumes/Argus/unk/snap/c1/1749430800.c1.snap.jpg,0.68812764
2025-06-09 01:30:00,/Volumes/Argus/unk/snap/c1/1749432600.c1.snap.jpg,0.70580363
2025-06-09 02:00:00,/Volumes/Argus/unk/snap/c1/1749434400.c1.snap.jpg,0.6751545
2025-06-09 02:30:00,/Volumes/Argus/unk/snap/c1/1749436200.c1.snap.jpg,0.5990396
2025-06-09 03:00:00,/Volumes/Argus/unk/snap/c1/1749438000.c1.snap.jpg,0.45863998
2025-06-09 03:30:00,/Volumes/Argus/unk/snap/c1/1749439800.c1.snap.jpg,0.76377994
2025-06-09 04:00:00,/Volumes/Argus/unk/snap/c1/1749441600.c1.snap.jpg,0.5453098
2025-06-09 04:30:00,/Volumes/Argus/unk/snap/c1/1749443400.c1.snap.jpg,0.6585107
2025-06-09 05:00:00,/Volumes/Argus/unk/snap/c1/1749445200.c1.snap.jpg,0.70960975
2025-06-09 05:30:00,/Volumes/Argus/unk/snap/c1/1749447000.c1.snap.jpg,0.6600204
2025-06-09 06:00:00,/Volumes/Argus/unk/snap/c1/1749448800.c1.snap.jpg,0.8227762
2025-06-09 07:00:00,/Volumes/Argus/unk/snap/c1/1749452400.c1.snap.jpg,0.62593615
2025-06-09 07:30:00,/Volumes/Argus/unk/snap/c1/1749454200.c1.snap.jpg,0.70723414
2025-06-09 08:00:00,/Volumes/Argus/unk/snap/c1/1749456000.c1.snap.jpg,0.6785012
2025-06-09 08:30:00,/Volumes/Argus/unk/snap/c1/1749457800.c1.snap.jpg,0.723269
2025-06-09 09:00:00,/Volumes/Argus/unk/snap/c1/1749459600.c1.snap.jpg,0.7356728
2025-06-09 09:30:00,/Volumes/Argus/unk/snap/c1/1749461400.c1.snap.jpg,0.88163877
2025-06-09 10:00:00,/Volumes/Argus/unk/snap/c1/1749463200.c1.snap.jpg,0.8148832
2025-06-09 10:30:00,/Volumes/Argus/unk/snap/c1/1749465000.c1.snap.jpg,0.7344767
2025-06-09 11:00:00,/Volumes/Argus/unk/snap/c1/1749466800.c1.snap.jpg,0.65809226
2025-06-09 11:30:00,/Volumes/Argus/unk/snap/c1/1749468600.c1.snap.jpg,0.69114304
2025-06-09 12:00:00,/Volumes/Argus/unk/snap/c1/1749470400.c1.snap.jpg,0.70403016
2025-06-10 14:00:00,/Volumes/Argus/unk/snap/c1/1749564000.c1.snap.jpg,0.45968452
2025-06-10 14:30:00,/Volumes/Argus/unk/snap/c1/1749565800.c1.snap.jpg,0.32242897
2025-06-10 15:00:00,/Volumes/Argus/unk/snap/c1/1749567600.c1.snap.jpg,0.30161262
2025-06-10 15:30:00,/Volumes/Argus/unk/snap/c1/1749569400.c1.snap.jpg,0.40415043
2025-06-10 16:00:00,/Volumes/Argus/unk/snap/c1/1749571200.c1.snap.jpg,0.32247174
2025-06-10 16:30:00,/Volumes/Argus/unk/snap/c1/1749573000.c1.snap.jpg,0.4052096
2025-06-10 17:00:00,/Volumes/Argus/unk/snap/c1/1749574800.c1.snap.jpg,0.40682715
2025-06-10 17:30:00,/Volumes/Argus/unk/snap/c1/1749576600.c1.snap.jpg,0.42749065
2025-06-10 18:00:00,/Volumes/Argus/unk/snap/c1/1749578400.c1.snap.jpg,0.4450816
2025-06-10 18:30:00,/Volumes/Argus/unk/snap/c1/1749580200.c1.snap.jpg,0.33888018
2025-06-10 19:00:00,/Volumes/Argus/unk/snap/c1/1749582000.c1.snap.jpg,0.2906802
2025-06-10 19:30:00,/Volumes/Argus/unk/snap/c1/1749583800.c1.snap.jpg,0.3012049
2025-06-10 20:00:00,/Volumes/Argus/unk/snap/c1/1749585600.c1.snap.jpg,0.42847425
2025-06-10 20:30:00,/Volumes/Argus/unk/snap/c1/1749587400.c1.snap.jpg,0.43518487
2025-06-10 21:00:00,/Volumes/Argus/unk/snap/c1/1749589200.c1.snap.jpg,0.30398107
2025-06-10 21:30:00,/Volumes/Argus/unk/snap/c1/1749591000.c1.snap.jpg,0.34029433
2025-06-10 22:00:00,/Volumes/Argus/unk/snap/c1/1749592800.c1.snap.jpg,0.4045916
2025-06-10 22:30:00,/Volumes/Argus/unk/snap/c1/1749594600.c1.snap.jpg,0.44182292
2025-06-10 23:00:00,/Volumes/Argus/unk/snap/c1/1749596400.c1.snap.jpg,0.37459537
2025-06-10 23:30:00,/Volumes/Argus/unk/snap/c1/1749598200.c1.snap.jpg,0.46478385
2025-06-11 00:00:00,/Volumes/Argus/unk/snap/c1/1749600000.c1.snap.jpg,0.34321058
2025-06-11 00:30:00,/Volumes/Argus/unk/snap/c1/1749601800.c1.snap.jpg,0.25018084
2025-06-11 01:00:00,/Volumes/Argus/unk/snap/c1/1749603600.c1.snap.jpg,0.3396501
2025-06-11 01:30:00,/Volumes/Argus/unk/snap/c1/1749605400.c1.snap.jpg,0.36429632
2025-06-11 02:00:00,/Volumes/Argus/unk/snap/c1/1749607200.c1.snap.jpg,0.369654
2025-06-11 02:30:00,/Volumes/Argus/unk/snap/c1/1749609000.c1.snap.jpg,0.27170807
2025-06-11 03:00:00,/Volumes/Argus/unk/snap/c1/1749610800.c1.snap.jpg,0.31593752
2025-06-11 03:30:00,/Volumes/Argus/unk/snap/c1/1749612600.c1.snap.jpg,0.33107138
2025-06-11 04:00:00,/Volumes/Argus/unk/snap/c1/1749614400.c1.snap.jpg,0.35182768
2025-06-11 04:30:00,/Volumes/Argus/unk/snap/c1/1749616200.c1.snap.jpg,0.3224437
2025-06-11 05:00:00,/Volumes/Argus/unk/snap/c1/1749618000.c1.snap.jpg,0.31315547
2025-06-11 05:30:00,/Volumes/Argus/unk/snap/c1/1749619800.c1.snap.jpg,0.25714612
2025-06-11 06:00:00,/Volumes/Argus/unk/snap/c1/1749621600.c1.snap.jpg,0.4613049
2025-06-11 06:30:00,/Volumes/Argus/unk/snap/c1/1749623400.c1.snap.jpg,0.39052927
2025-06-11 07:00:00,/Volumes/Argus/unk/snap/c1/1749625200.c1.snap.jpg,0.4277717
2025-06-11 07:30:00,/Volumes/Argus/unk/snap/c1/1749627000.c1.snap.jpg,0.30699205
2025-06-11 08:00:00,/Volumes/Argus/unk/snap/c1/1749628800.c1.snap.jpg,0.3693688
2025-06-11 08:30:00,/Volumes/Argus/unk/snap/c1/1749630600.c1.snap.jpg,0.29918003
2025-06-11 09:00:00,/Volumes/Argus/unk/snap/c1/1749632400.c1.snap.jpg,0.31487167
2025-06-11 09:30:00,/Volumes/Argus/unk/snap/c1/1749634200.c1.snap.jpg,0.3719496
2025-06-11 10:00:00,/Volumes/Argus/unk/snap/c1/1749636000.c1.snap.jpg,0.34494463
2025-06-11 10:30:00,/Volumes/Argus/unk/snap/c1/1749637800.c1.snap.jpg,0.32822296
2025-06-11 11:00:00,/Volumes/Argus/unk/snap/c1/1749639600.c1.snap.jpg,0.47481686
2025-06-11 11:30:00,/Volumes/Argus/unk/snap/c1/1749641400.c1.snap.jpg,0.38783816
2025-06-11 12:00:00,/Volumes/Argus/unk/snap/c1/1749643200.c1.snap.jpg,0.4711175
2025-06-11 14:00:00,/Volumes/Argus/unk/snap/c1/1749650400.c1.snap.jpg,0.32390124
2025-06-11 14:30:00,/Volumes/Argus/unk/snap/c1/1749652200.c1.snap.jpg,0.3606823
2025-06-11 15:00:00,/Volumes/Argus/unk/snap/c1/1749654000.c1.snap.jpg,0.39483082
2025-06-11 15:30:00,/Volumes/Argus/unk/snap/c1/1749655800.c1.snap.jpg,0.2984838
2025-06-11 16:00:00,/Volumes/Argus/unk/snap/c1/1749657600.c1.snap.jpg,0.39453623
2025-06-11 16:30:00,/Volumes/Argus/unk/snap/c1/1749659400.c1.snap.jpg,0.3231758
2025-06-11 17:00:00,/Volumes/Argus/unk/snap/c1/1749661200.c1.snap.jpg,0.5223265
2025-06-11 17:30:00,/Volumes/Argus/unk/snap/c1/1749663000.c1.snap.jpg,0.31367856
2025-06-11 18:00:00,/Volumes/Argus/unk/snap/c1/1749664800.c1.snap.jpg,0.26525456
2025-06-11 18:30:00,/Volumes/Argus/unk/snap/c1/1749666600.c1.snap.jpg,0.30561805
2025-06-11 19:00:00,/Volumes/Argus/unk/snap/c1/1749668400.c1.snap.jpg,0.27146843
2025-06-11 19:30:00,/Volumes/Argus/unk/snap/c1/1749670200.c1.snap.jpg,0.3607962
2025-06-11 20:00:00,/Volumes/Argus/unk/snap/c1/1749672000.c1.snap.jpg,0.40894827
2025-06-11 20:30:00,/Volumes/Argus/unk/snap/c1/1749673800.c1.snap.jpg,0.38958818
2025-06-11 21:00:00,/Volumes/Argus/unk/snap/c1/1749675600.c1.snap.jpg,0.44000578
2025-06-11 21:30:00,/Volumes/Argus/unk/snap/c1/1749677400.c1.snap.jpg,0.54322517
2025-06-11 22:00:00,/Volumes/Argus/unk/snap/c1/1749679200.c1.snap.jpg,0.40449297
2025-06-11 22:30:00,/Volumes/Argus/unk/snap/c1/1749681000.c1.snap.jpg,0.4283791
2025-06-11 23:00:00,/Volumes/Argus/unk/snap/c1/1749682800.c1.snap.jpg,0.4935777
2025-06-11 23:30:00,/Volumes/Argus/unk/snap/c1/1749684600.c1.snap.jpg,0.40546715
2025-06-12 00:30:00,/Volumes/Argus/unk/snap/c1/1749688200.c1.snap.jpg,0.3654517
2025-06-12 01:00:00,/Volumes/Argus/unk/snap/c1/1749690000.c1.snap.jpg,0.58072025
2025-06-12 01:30:00,/Volumes/Argus/unk/snap/c1/1749691800.c1.snap.jpg,0.37104315
2025-06-12 02:00:00,/Volumes/Argus/unk/snap/c1/1749693600.c1.snap.jpg,0.6057249
2025-06-12 02:30:00,/Volumes/Argus/unk/snap/c1/1749695400.c1.snap.jpg,0.5940927
2025-06-12 03:00:00,/Volumes/Argus/unk/snap/c1/1749697200.c1.snap.jpg,0.38041037
2025-06-12 03:30:00,/Volumes/Argus/unk/snap/c1/1749699000.c1.snap.jpg,0.27140647
2025-06-12 04:00:00,/Volumes/Argus/unk/snap/c1/1749700800.c1.snap.jpg,0.26284304
2025-06-12 04:30:00,/Volumes/Argus/unk/snap/c1/1749702600.c1.snap.jpg,0.35131225
2025-06-12 05:00:00,/Volumes/Argus/unk/snap/c1/1749704400.c1.snap.jpg,0.32823217
2025-06-12 05:30:00,/Volumes/Argus/unk/snap/c1/1749706200.c1.snap.jpg,0.23521832
2025-06-12 06:00:00,/Volumes/Argus/unk/snap/c1/1749708000.c1.snap.jpg,0.36284226
2025-06-12 06:30:00,/Volumes/Argus/unk/snap/c1/1749709800.c1.snap.jpg,0.24351412
2025-06-12 07:00:00,/Volumes/Argus/unk/snap/c1/1749711600.c1.snap.jpg,0.2580492
2025-06-12 07:30:00,/Volumes/Argus/unk/snap/c1/1749713400.c1.snap.jpg,0.28095686
2025-06-12 08:00:00,/Volumes/Argus/unk/snap/c1/1749715200.c1.snap.jpg,0.3990531
2025-06-12 08:30:00,/Volumes/Argus/unk/snap/c1/1749717000.c1.snap.jpg,0.40768728
2025-06-12 09:00:00,/Volumes/Argus/unk/snap/c1/1749718800.c1.snap.jpg,0.3575956
2025-06-12 09:30:00,/Volumes/Argus/unk/snap/c1/1749720600.c1.snap.jpg,0.43978047
2025-06-12 10:00:00,/Volumes/Argus/unk/snap/c1/1749722400.c1.snap.jpg,0.5305583
2025-06-12 10:30:00,/Volumes/Argus/unk/snap/c1/1749724200.c1.snap.jpg,0.38022065
2025-06-12 11:00:00,/Volumes/Argus/unk/snap/c1/1749726000.c1.snap.jpg,0.36132678
2025-06-12 11:30:00,/Volumes/Argus/unk/snap/c1/1749727800.c1.snap.jpg,0.3309298
2025-06-12 12:00:00,/Volumes/Argus/unk/snap/c1/1749729600.c1.snap.jpg,0.3638026
2025-06-12 14:00:00,/Volumes/Argus/unk/snap/c1/1749736800.c1.snap.jpg,0.48825854
2025-06-12 14:30:00,/Volumes/Argus/unk/snap/c1/1749738600.c1.snap.jpg,0.45363218
2025-06-12 15:00:00,/Volumes/Argus/unk/snap/c1/1749740400.c1.snap.jpg,0.37509376
2025-06-12 15:30:00,/Volumes/Argus/unk/snap/c1/1749742200.c1.snap.jpg,0.3598359
2025-06-12 16:00:00,/Volumes/Argus/unk/snap/c1/1749744000.c1.snap.jpg,0.32564613
2025-06-12 16:30:00,/Volumes/Argus/unk/snap/c1/1749745800.c1.snap.jpg,0.37173328
2025-06-12 17:00:00,/Volumes/Argus/unk/snap/c1/1749747600.c1.snap.jpg,0.3774196
2025-06-12 17:30:00,/Volumes/Argus/unk/snap/c1/1749749400.c1.snap.jpg,0.4144181
2025-06-12 18:00:00,/Volumes/Argus/unk/snap/c1/1749751200.c1.snap.jpg,0.5154911
2025-06-12 18:30:00,/Volumes/Argus/unk/snap/c1/1749753000.c1.snap.jpg,0.30927286
2025-06-12 19:00:00,/Volumes/Argus/unk/snap/c1/1749754800.c1.snap.jpg,0.30820477
2025-06-12 19:30:00,/Volumes/Argus/unk/snap/c1/1749756600.c1.snap.jpg,0.428429
2025-06-12 20:00:00,/Volumes/Argus/unk/snap/c1/1749758400.c1.snap.jpg,0.60896444
2025-06-12 20:30:00,/Volumes/Argus/unk/snap/c1/1749760200.c1.snap.jpg,0.27913427
2025-06-12 21:00:00,/Volumes/Argus/unk/snap/c1/1749762000.c1.snap.jpg,0.41643366
2025-06-12 21:30:00,/Volumes/Argus/unk/snap/c1/1749763800.c1.snap.jpg,0.31178963
2025-06-12 22:00:00,/Volumes/Argus/unk/snap/c1/1749765600.c1.snap.jpg,0.52281713
2025-06-12 23:00:00,/Volumes/Argus/unk/snap/c1/1749769200.c1.snap.jpg,0.44783786
2025-06-12 23:30:00,/Volumes/Argus/unk/snap/c1/1749771000.c1.snap.jpg,0.44310907
2025-06-13 00:00:00,/Volumes/Argus/unk/snap/c1/1749772800.c1.snap.jpg,0.369772
2025-06-13 00:30:00,/Volumes/Argus/unk/snap/c1/1749774600.c1.snap.jpg,0.332416
2025-06-13 01:00:00,/Volumes/Argus/unk/snap/c1/1749776400.c1.snap.jpg,0.35194626
2025-06-13 01:30:00,/Volumes/Argus/unk/snap/c1/1749778200.c1.snap.jpg,0.43221334
2025-06-13 02:00:00,/Volumes/Argus/unk/snap/c1/1749780000.c1.snap.jpg,0.39018264
2025-06-13 02:30:00,/Volumes/Argus/unk/snap/c1/1749781800.c1.snap.jpg,0.4681503
2025-06-13 03:00:00,/Volumes/Argus/unk/snap/c1/1749783600.c1.snap.jpg,0.41366267
2025-06-13 03:30:00,/Volumes/Argus/unk/snap/c1/1749785400.c1.snap.jpg,0.37384874
2025-06-13 04:30:00,/Volumes/Argus/unk/snap/c1/1749789000.c1.snap.jpg,0.29875666
2025-06-13 05:00:00,/Volumes/Argus/unk/snap/c1/1749790800.c1.snap.jpg,0.3706186
2025-06-13 05:30:00,/Volumes/Argus/unk/snap/c1/1749792600.c1.snap.jpg,0.3462641
2025-06-13 06:00:00,/Volumes/Argus/unk/snap/c1/1749794400.c1.snap.jpg,0.2850266
2025-06-13 06:30:00,/Volumes/Argus/unk/snap/c1/1749796200.c1.snap.jpg,0.2986874
2025-06-13 07:00:00,/Volumes/Argus/unk/snap/c1/1749798000.c1.snap.jpg,0.31572595
2025-06-13 07:30:00,/Volumes/Argus/unk/snap/c1/1749799800.c1.snap.jpg,0.27658656
2025-06-13 08:00:00,/Volumes/Argus/unk/snap/c1/1749801600.c1.snap.jpg,0.25354907
2025-06-13 08:30:00,/Volumes/Argus/unk/snap/c1/1749803400.c1.snap.jpg,0.23034365
2025-06-13 09:00:00,/Volumes/Argus/unk/snap/c1/1749805200.c1.snap.jpg,0.24661814
2025-06-13 09:30:00,/Volumes/Argus/unk/snap/c1/1749807000.c1.snap.jpg,0.2617129
2025-06-13 10:00:00,/Volumes/Argus/unk/snap/c1/1749808800.c1.snap.jpg,0.22521827
2025-06-13 10:30:00,/Volumes/Argus/unk/snap/c1/1749810600.c1.snap.jpg,0.24980931
2025-06-13 11:00:00,/Volumes/Argus/unk/snap/c1/1749812400.c1.snap.jpg,0.24629733
2025-06-13 11:30:00,/Volumes/Argus/unk/snap/c1/1749814200.c1.snap.jpg,0.40814048
2025-06-13 12:00:00,/Volumes/Argus/unk/snap/c1/1749816000.c1.snap.jpg,0.36106652
2025-06-13 14:00:00,/Volumes/Argus/unk/snap/c1/1749823200.c1.snap.jpg,0.28881878
2025-06-13 14:30:00,/Volumes/Argus/unk/snap/c1/1749825000.c1.snap.jpg,0.29465544
2025-06-13 15:00:00,/Volumes/Argus/unk/snap/c1/1749826800.c1.snap.jpg,0.29768133
2025-06-13 15:30:00,/Volumes/Argus/unk/snap/c1/1749828600.c1.snap.jpg,0.3727855
2025-06-13 16:00:00,/Volumes/Argus/unk/snap/c1/1749830400.c1.snap.jpg,0.3702495
2025-06-13 16:30:00,/Volumes/Argus/unk/snap/c1/1749832200.c1.snap.jpg,0.32528758
2025-06-13 17:00:00,/Volumes/Argus/unk/snap/c1/1749834000.c1.snap.jpg,0.32028937
2025-06-13 17:30:00,/Volumes/Argus/unk/snap/c1/1749835800.c1.snap.jpg,0.5556991
2025-06-13 18:00:00,/Volumes/Argus/unk/snap/c1/1749837600.c1.snap.jpg,0.38194048
2025-06-13 18:30:00,/Volumes/Argus/unk/snap/c1/1749839400.c1.snap.jpg,0.39235252
2025-06-13 19:00:00,/Volumes/Argus/unk/snap/c1/1749841200.c1.snap.jpg,1.0204343
2025-06-13 19:30:00,/Volumes/Argus/unk/snap/c1/1749843000.c1.snap.jpg,0.3682597
2025-06-13 20:00:00,/Volumes/Argus/unk/snap/c1/1749844800.c1.snap.jpg,0.9032278
2025-06-13 20:30:00,/Volumes/Argus/unk/snap/c1/1749846600.c1.snap.jpg,0.413754
2025-06-13 21:00:00,/Volumes/Argus/unk/snap/c1/1749848400.c1.snap.jpg,0.48020315
2025-06-13 21:30:00,/Volumes/Argus/unk/snap/c1/1749850200.c1.snap.jpg,0.3680049
2025-06-13 22:00:00,/Volumes/Argus/unk/snap/c1/1749852000.c1.snap.jpg,0.4402982
2025-06-13 22:30:00,/Volumes/Argus/unk/snap/c1/1749853800.c1.snap.jpg,0.52619815
2025-06-13 23:00:00,/Volumes/Argus/unk/snap/c1/1749855600.c1.snap.jpg,0.593887
2025-06-13 23:30:00,/Volumes/Argus/unk/snap/c1/1749857400.c1.snap.jpg,0.43340266
2025-06-14 00:00:00,/Volumes/Argus/unk/snap/c1/1749859200.c1.snap.jpg,0.7306007
2025-06-14 00:30:00,/Volumes/Argus/unk/snap/c1/1749861000.c1.snap.jpg,0.6091988
2025-06-14 01:00:00,/Volumes/Argus/unk/snap/c1/1749862800.c1.snap.jpg,0.5286578
2025-06-14 01:30:00,/Volumes/Argus/unk/snap/c1/1749864600.c1.snap.jpg,0.5069022
2025-06-14 02:00:00,/Volumes/Argus/unk/snap/c1/1749866400.c1.snap.jpg,0.51809096
2025-06-14 02:30:00,/Volumes/Argus/unk/snap/c1/1749868200.c1.snap.jpg,0.41712606
2025-06-14 03:00:00,/Volumes/Argus/unk/snap/c1/1749870000.c1.snap.jpg,0.3006025
2025-06-14 03:30:00,/Volumes/Argus/unk/snap/c1/1749871800.c1.snap.jpg,0.3435665
2025-06-14 04:00:00,/Volumes/Argus/unk/snap/c1/1749873600.c1.snap.jpg,0.2722113
2025-06-14 04:30:00,/Volumes/Argus/unk/snap/c1/1749875400.c1.snap.jpg,0.39082718
2025-06-14 05:00:00,/Volumes/Argus/unk/snap/c1/1749877200.c1.snap.jpg,0.27637368
2025-06-14 05:30:00,/Volumes/Argus/unk/snap/c1/1749879000.c1.snap.jpg,0.34998506
2025-06-14 06:00:00,/Volumes/Argus/unk/snap/c1/1749880800.c1.snap.jpg,0.29020408
2025-06-14 06:30:00,/Volumes/Argus/unk/snap/c1/1749882600.c1.snap.jpg,0.33450204
2025-06-14 07:00:00,/Volumes/Argus/unk/snap/c1/1749884400.c1.snap.jpg,0.33354467
2025-06-14 07:30:00,/Volumes/Argus/unk/snap/c1/1749886200.c1.snap.jpg,0.2892682
2025-06-14 08:00:00,/Volumes/Argus/unk/snap/c1/1749888000.c1.snap.jpg,0.282619
2025-06-14 08:30:00,/Volumes/Argus/unk/snap/c1/1749889800.c1.snap.jpg,0.50451094
2025-06-14 09:00:00,/Volumes/Argus/unk/snap/c1/1749891600.c1.snap.jpg,0.29318345
2025-06-14 09:30:00,/Volumes/Argus/unk/snap/c1/1749893400.c1.snap.jpg,0.28894916
2025-06-14 10:00:00,/Volumes/Argus/unk/snap/c1/1749895200.c1.snap.jpg,0.3200643
2025-06-14 10:30:00,/Volumes/Argus/unk/snap/c1/1749897000.c1.snap.jpg,0.29336733
2025-06-14 11:00:00,/Volumes/Argus/unk/snap/c1/1749898800.c1.snap.jpg,0.34102598
2025-06-14 11:30:00,/Volumes/Argus/unk/snap/c1/1749900600.c1.snap.jpg,0.37211668
2025-06-14 12:00:00,/Volumes/Argus/unk/snap/c1/1749902400.c1.snap.jpg,0.30860284
2025-06-14 14:00:00,/Volumes/Argus/unk/snap/c1/1749909600.c1.snap.jpg,0.37297875
2025-06-14 15:00:00,/Volumes/Argus/unk/snap/c1/1749913200.c1.snap.jpg,0.3128799
2025-06-14 15:30:00,/Volumes/Argus/unk/snap/c1/1749915000.c1.snap.jpg,0.3920831
2025-06-14 16:30:00,/Volumes/Argus/unk/snap/c1/1749918600.c1.snap.jpg,0.6928277
2025-06-14 17:00:00,/Volumes/Argus/unk/snap/c1/1749920400.c1.snap.jpg,0.44784296
2025-06-14 17:30:00,/Volumes/Argus/unk/snap/c1/1749922200.c1.snap.jpg,0.29768977
2025-06-14 18:00:00,/Volumes/Argus/unk/snap/c1/1749924000.c1.snap.jpg,0.37097573
2025-06-14 18:30:00,/Volumes/Argus/unk/snap/c1/1749925800.c1.snap.jpg,0.3795424
2025-06-14 19:00:00,/Volumes/Argus/unk/snap/c1/1749927600.c1.snap.jpg,0.358079
2025-06-14 19:30:00,/Volumes/Argus/unk/snap/c1/1749929400.c1.snap.jpg,0.460593
2025-06-14 20:00:00,/Volumes/Argus/unk/snap/c1/1749931200.c1.snap.jpg,0.41783893
2025-06-14 20:30:00,/Volumes/Argus/unk/snap/c1/1749933000.c1.snap.jpg,0.38154784
2025-06-14 21:00:00,/Volumes/Argus/unk/snap/c1/1749934800.c1.snap.jpg,0.37617534
2025-06-14 21:30:00,/Volumes/Argus/unk/snap/c1/1749936600.c1.snap.jpg,0.4575818
2025-06-14 22:00:00,/Volumes/Argus/unk/snap/c1/1749938400.c1.snap.jpg,0.3529709
2025-06-14 22:30:00,/Volumes/Argus/unk/snap/c1/1749940200.c1.snap.jpg,0.31096458
2025-06-14 23:00:00,/Volumes/Argus/unk/snap/c1/1749942000.c1.snap.jpg,0.319574
2025-06-14 23:30:00,/Volumes/Argus/unk/snap/c1/1749943800.c1.snap.jpg,0.3154682
2025-06-15 00:00:00,/Volumes/Argus/unk/snap/c1/1749945600.c1.snap.jpg,0.7021581
2025-06-15 00:30:00,/Volumes/Argus/unk/snap/c1/1749947400.c1.snap.jpg,0.59772545
2025-06-15 01:00:00,/Volumes/Argus/unk/snap/c1/1749949200.c1.snap.jpg,0.48445296
2025-06-15 01:30:00,/Volumes/Argus/unk/snap/c1/1749951000.c1.snap.jpg,0.36985826
2025-06-15 02:00:00,/Volumes/Argus/unk/snap/c1/1749952800.c1.snap.jpg,0.32169423
2025-06-15 02:30:00,/Volumes/Argus/unk/snap/c1/1749954600.c1.snap.jpg,0.50979346
2025-06-15 03:00:00,/Volumes/Argus/unk/snap/c1/1749956400.c1.snap.jpg,0.41379064
2025-06-15 03:30:00,/Volumes/Argus/unk/snap/c1/1749958200.c1.snap.jpg,0.7311169
2025-06-15 04:00:00,/Volumes/Argus/unk/snap/c1/1749960000.c1.snap.jpg,0.5785212
2025-06-15 04:30:00,/Volumes/Argus/unk/snap/c1/1749961800.c1.snap.jpg,0.3670208
2025-06-15 05:00:00,/Volumes/Argus/unk/snap/c1/1749963600.c1.snap.jpg,0.44376808
2025-06-15 05:30:00,/Volumes/Argus/unk/snap/c1/1749965400.c1.snap.jpg,0.3442123
2025-06-15 06:00:00,/Volumes/Argus/unk/snap/c1/1749967200.c1.snap.jpg,0.36274827
2025-06-15 06:30:00,/Volumes/Argus/unk/snap/c1/1749969000.c1.snap.jpg,0.31731105
2025-06-15 07:00:00,/Volumes/Argus/unk/snap/c1/1749970800.c1.snap.jpg,0.30238482
2025-06-15 07:30:00,/Volumes/Argus/unk/snap/c1/1749972600.c1.snap.jpg,0.29507598
2025-06-15 08:00:00,/Volumes/Argus/unk/snap/c1/1749974400.c1.snap.jpg,0.3810274
2025-06-15 08:30:00,/Volumes/Argus/unk/snap/c1/1749976200.c1.snap.jpg,0.26792178
2025-06-15 09:00:00,/Volumes/Argus/unk/snap/c1/1749978000.c1.snap.jpg,0.33851945
2025-06-15 09:30:00,/Volumes/Argus/unk/snap/c1/1749979800.c1.snap.jpg,0.5941347
2025-06-15 10:00:00,/Volumes/Argus/unk/snap/c1/1749981600.c1.snap.jpg,0.63826245
2025-06-15 10:30:00,/Volumes/Argus/unk/snap/c1/1749983400.c1.snap.jpg,0.35265326
2025-06-15 11:00:00,/Volumes/Argus/unk/snap/c1/1749985200.c1.snap.jpg,0.36337298
2025-06-15 11:30:00,/Volumes/Argus/unk/snap/c1/1749987000.c1.snap.jpg,0.3883869
2025-06-15 12:00:00,/Volumes/Argus/unk/snap/c1/1749988800.c1.snap.jpg,0.32457244
2025-06-15 14:00:00,/Volumes/Argus/unk/snap/c1/1749996000.c1.snap.jpg,0.5899799
2025-06-15 14:30:00,/Volumes/Argus/unk/snap/c1/1749997800.c1.snap.jpg,0.34053075
2025-06-15 15:00:00,/Volumes/Argus/unk/snap/c1/1749999600.c1.snap.jpg,0.6871288
