time,path,H
2025-06-15 15:30:00,/Volumes/Argus/unk/snap/c1/1750001400.c1.snap.jpg,0.5423638
2025-06-15 16:00:00,/Volumes/Argus/unk/snap/c1/1750003200.c1.snap.jpg,0.33192462
2025-06-15 16:30:00,/Volumes/Argus/unk/snap/c1/1750005000.c1.snap.jpg,0.3857864
2025-06-15 17:00:00,/Volumes/Argus/unk/snap/c1/1750006800.c1.snap.jpg,0.33759403
2025-06-15 17:30:00,/Volumes/Argus/unk/snap/c1/1750008600.c1.snap.jpg,0.3988588
2025-06-15 18:00:00,/Volumes/Argus/unk/snap/c1/1750010400.c1.snap.jpg,0.5164053
2025-06-15 18:30:00,/Volumes/Argus/unk/snap/c1/1750012200.c1.snap.jpg,0.3740006
2025-06-15 19:00:00,/Volumes/Argus/unk/snap/c1/1750014000.c1.snap.jpg,0.7189442
2025-06-15 19:30:00,/Volumes/Argus/unk/snap/c1/1750015800.c1.snap.jpg,1.1509777
2025-06-15 20:00:00,/Volumes/Argus/unk/snap/c1/1750017600.c1.snap.jpg,0.3815211
2025-06-15 20:30:00,/Volumes/Argus/unk/snap/c1/1750019400.c1.snap.jpg,0.5189614
2025-06-15 21:00:00,/Volumes/Argus/unk/snap/c1/1750021200.c1.snap.jpg,0.24745718
2025-06-15 21:30:00,/Volumes/Argus/unk/snap/c1/1750023000.c1.snap.jpg,0.38768804
2025-06-15 22:00:00,/Volumes/Argus/unk/snap/c1/1750024800.c1.snap.jpg,0.37600517
2025-06-15 22:30:00,/Volumes/Argus/unk/snap/c1/1750026600.c1.snap.jpg,0.52062154
2025-06-15 23:00:00,/Volumes/Argus/unk/snap/c1/1750028400.c1.snap.jpg,0.5536988
2025-06-15 23:30:00,/Volumes/Argus/unk/snap/c1/1750030200.c1.snap.jpg,0.40904036
2025-06-16 00:00:00,/Volumes/Argus/unk/snap/c1/1750032000.c1.snap.jpg,0.37404412
2025-06-16 00:30:00,/Volumes/Argus/unk/snap/c1/1750033800.c1.snap.jpg,0.45835865
2025-06-16 01:00:00,/Volumes/Argus/unk/snap/c1/1750035600.c1.snap.jpg,0.42650717
2025-06-16 01:30:00,/Volumes/Argus/unk/snap/c1/1750037400.c1.snap.jpg,0.40687358
2025-06-16 02:00:00,/Volumes/Argus/unk/snap/c1/1750039200.c1.snap.jpg,0.4772505
2025-06-16 02:30:00,/Volumes/Argus/unk/snap/c1/1750041000.c1.snap.jpg,0.48624521
2025-06-16 03:00:00,/Volumes/Argus/unk/snap/c1/1750042800.c1.snap.jpg,0.3274731
2025-06-16 03:30:00,/Volumes/Argus/unk/snap/c1/1750044600.c1.snap.jpg,0.27493942
2025-06-16 04:00:00,/Volumes/Argus/unk/snap/c1/1750046400.c1.snap.jpg,0.2576905
2025-06-16 04:30:00,/Volumes/Argus/unk/snap/c1/1750048200.c1.snap.jpg,0.24330747
2025-06-16 05:00:00,/Volumes/Argus/unk/snap/c1/1750050000.c1.snap.jpg,0.27851796
2025-06-16 05:30:00,/Volumes/Argus/unk/snap/c1/1750051800.c1.snap.jpg,0.28460592
2025-06-16 06:00:00,/Volumes/Argus/unk/snap/c1/1750053600.c1.snap.jpg,0.28837833
2025-06-16 06:30:00,/Volumes/Argus/unk/snap/c1/1750055400.c1.snap.jpg,0.25424966
2025-06-16 07:00:00,/Volumes/Argus/unk/snap/c1/1750057200.c1.snap.jpg,0.26651442
2025-06-16 07:30:00,/Volumes/Argus/unk/snap/c1/1750059000.c1.snap.jpg,0.29362252
2025-06-16 08:00:00,/Volumes/Argus/unk/snap/c1/1750060800.c1.snap.jpg,0.3445387
2025-06-16 08:30:00,/Volumes/Argus/unk/snap/c1/1750062600.c1.snap.jpg,0.34687468
2025-06-16 09:00:00,/Volumes/Argus/unk/snap/c1/1750064400.c1.snap.jpg,0.33983314
2025-06-16 09:30:00,/Volumes/Argus/unk/snap/c1/1750066200.c1.snap.jpg,0.29185426
2025-06-16 10:00:00,/Volumes/Argus/unk/snap/c1/1750068000.c1.snap.jpg,0.2969901
2025-06-16 10:30:00,/Volumes/Argus/unk/snap/c1/1750069800.c1.snap.jpg,0.313134
2025-06-16 11:00:00,/Volumes/Argus/unk/snap/c1/1750071600.c1.snap.jpg,0.30369937
2025-06-16 11:30:00,/Volumes/Argus/unk/snap/c1/1750073400.c1.snap.jpg,0.28778768
2025-06-16 14:00:00,/Volumes/Argus/unk/snap/c1/1750082400.c1.snap.jpg,0.34562737
2025-06-16 14:30:00,/Volumes/Argus/unk/snap/c1/1750084200.c1.snap.jpg,0.34092668
2025-06-16 15:00:00,/Volumes/Argus/unk/snap/c1/1750086000.c1.snap.jpg,0.31433207
2025-06-16 15:30:00,/Volumes/Argus/unk/snap/c1/1750087800.c1.snap.jpg,0.39178312
2025-06-16 16:00:00,/Volumes/Argus/unk/snap/c1/1750089600.c1.snap.jpg,0.3180998
2025-06-16 16:30:00,/Volumes/Argus/unk/snap/c1/1750091400.c1.snap.jpg,0.27252585
2025-06-16 17:00:00,/Volumes/Argus/unk/snap/c1/1750093200.c1.snap.jpg,0.4488629
2025-06-16 17:30:00,/Volumes/Argus/unk/snap/c1/1750095000.c1.snap.jpg,0.6611148
2025-06-16 18:00:00,/Volumes/Argus/unk/snap/c1/1750096800.c1.snap.jpg,0.46340635
2025-06-16 18:30:00,/Volumes/Argus/unk/snap/c1/1750098600.c1.snap.jpg,0.47820047
2025-06-16 19:00:00,/Volumes/Argus/unk/snap/c1/1750100400.c1.snap.jpg,0.37237716
2025-06-16 19:30:00,/Volumes/Argus/unk/snap/c1/1750102200.c1.snap.jpg,0.4608592
2025-06-16 20:00:00,/Volumes/Argus/unk/snap/c1/1750104000.c1.snap.jpg,0.45030802
2025-06-16 20:30:00,/Volumes/Argus/unk/snap/c1/1750105800.c1.snap.jpg,0.35275114
2025-06-16 21:00:00,/Volumes/Argus/unk/snap/c1/1750107600.c1.snap.jpg,0.59558797
2025-06-16 21:30:00,/Volumes/Argus/unk/snap/c1/1750109400.c1.snap.jpg,0.6413403
2025-06-16 22:00:00,/Volumes/Argus/unk/snap/c1/1750111200.c1.snap.jpg,0.3907098
2025-06-16 22:30:00,/Volumes/Argus/unk/snap/c1/1750113000.c1.snap.jpg,0.68972516
2025-06-16 23:00:00,/Volumes/Argus/unk/snap/c1/1750114800.c1.snap.jpg,0.502644
2025-06-16 23:30:00,/Volumes/Argus/unk/snap/c1/1750116600.c1.snap.jpg,0.43195516
2025-06-17 00:00:00,/Volumes/Argus/unk/snap/c1/1750118400.c1.snap.jpg,0.69139147
2025-06-17 01:00:00,/Volumes/Argus/unk/snap/c1/1750122000.c1.snap.jpg,0.5091412
2025-06-17 01:30:00,/Volumes/Argus/unk/snap/c1/1750123800.c1.snap.jpg,0.76585704
2025-06-17 02:00:00,/Volumes/Argus/unk/snap/c1/1750125600.c1.snap.jpg,0.5756993
2025-06-17 02:30:00,/Volumes/Argus/unk/snap/c1/1750127400.c1.snap.jpg,0.47505307
2025-06-17 03:00:00,/Volumes/Argus/unk/snap/c1/1750129200.c1.snap.jpg,0.30113488
2025-06-17 03:30:00,/Volumes/Argus/unk/snap/c1/1750131000.c1.snap.jpg,0.59542525
2025-06-17 04:00:00,/Volumes/Argus/unk/snap/c1/1750132800.c1.snap.jpg,0.6169601
2025-06-17 04:30:00,/Volumes/Argus/unk/snap/c1/1750134600.c1.snap.jpg,0.72983634
2025-06-17 05:00:00,/Volumes/Argus/unk/snap/c1/1750136400.c1.snap.jpg,0.76458716
2025-06-17 05:30:00,/Volumes/Argus/unk/snap/c1/1750138200.c1.snap.jpg,0.7045559
2025-06-17 06:00:00,/Volumes/Argus/unk/snap/c1/1750140000.c1.snap.jpg,0.6426971
2025-06-17 07:00:00,/Volumes/Argus/unk/snap/c1/1750143600.c1.snap.jpg,0.75836754
2025-06-17 07:30:00,/Volumes/Argus/unk/snap/c1/1750145400.c1.snap.jpg,0.66376173
2025-06-17 08:00:00,/Volumes/Argus/unk/snap/c1/1750147200.c1.snap.jpg,0.7379355
2025-06-17 08:30:00,/Volumes/Argus/unk/snap/c1/1750149000.c1.snap.jpg,0.643011
2025-06-17 09:00:00,/Volumes/Argus/unk/snap/c1/1750150800.c1.snap.jpg,0.648432
2025-06-17 09:30:00,/Volumes/Argus/unk/snap/c1/1750152600.c1.snap.jpg,0.67629474
2025-06-17 10:00:00,/Volumes/Argus/unk/snap/c1/1750154400.c1.snap.jpg,0.74988925
2025-06-17 10:30:00,/Volumes/Argus/unk/snap/c1/1750156200.c1.snap.jpg,0.6431637
2025-06-17 11:00:00,/Volumes/Argus/unk/snap/c1/1750158000.c1.snap.jpg,0.7600652
2025-06-17 11:30:00,/Volumes/Argus/unk/snap/c1/1750159800.c1.snap.jpg,0.8696551
2025-06-17 12:00:00,/Volumes/Argus/unk/snap/c1/1750161600.c1.snap.jpg,0.7978857
2025-06-17 14:00:00,/Volumes/Argus/unk/snap/c1/1750168800.c1.snap.jpg,0.7923407
2025-06-17 14:30:00,/Volumes/Argus/unk/snap/c1/1750170600.c1.snap.jpg,0.63533103
2025-06-17 15:00:00,/Volumes/Argus/unk/snap/c1/1750172400.c1.snap.jpg,0.75845903
2025-06-17 15:30:00,/Volumes/Argus/unk/snap/c1/1750174200.c1.snap.jpg,0.73128885
2025-06-17 16:00:00,/Volumes/Argus/unk/snap/c1/1750176000.c1.snap.jpg,0.7862287
2025-06-17 16:30:00,/Volumes/Argus/unk/snap/c1/1750177800.c1.snap.jpg,0.7859524
2025-06-17 17:00:00,/Volumes/Argus/unk/snap/c1/1750179600.c1.snap.jpg,0.7625307
2025-06-17 17:30:00,/Volumes/Argus/unk/snap/c1/1750181400.c1.snap.jpg,0.39555728
2025-06-17 18:00:00,/Volumes/Argus/unk/snap/c1/1750183200.c1.snap.jpg,0.8542652
2025-06-17 18:30:00,/Volumes/Argus/unk/snap/c1/1750185000.c1.snap.jpg,0.86020696
2025-06-17 19:00:00,/Volumes/Argus/unk/snap/c1/1750186800.c1.snap.jpg,0.3117992
2025-06-17 19:30:00,/Volumes/Argus/unk/snap/c1/1750188600.c1.snap.jpg,0.81460917
2025-06-17 20:00:00,/Volumes/Argus/unk/snap/c1/1750190400.c1.snap.jpg,0.8578228
2025-06-17 20:30:00,/Volumes/Argus/unk/snap/c1/1750192200.c1.snap.jpg,0.52191865
2025-06-17 21:00:00,/Volumes/Argus/unk/snap/c1/1750194000.c1.snap.jpg,0.5357529
2025-06-17 21:30:00,/Volumes/Argus/unk/snap/c1/1750195800.c1.snap.jpg,0.47267312
2025-06-17 22:00:00,/Volumes/Argus/unk/snap/c1/1750197600.c1.snap.jpg,0.41858572
2025-06-17 22:30:00,/Volumes/Argus/unk/snap/c1/1750199400.c1.snap.jpg,0.4474309
2025-06-17 23:00:00,/Volumes/Argus/unk/snap/c1/1750201200.c1.snap.jpg,0.43273008
2025-06-17 23:30:00,/Volumes/Argus/unk/snap/c1/1750203000.c1.snap.jpg,0.5386852
2025-06-18 00:00:00,/Volumes/Argus/unk/snap/c1/1750204800.c1.snap.jpg,0.521754
2025-06-18 00:30:00,/Volumes/Argus/unk/snap/c1/1750206600.c1.snap.jpg,0.6589186
2025-06-18 01:00:00,/Volumes/Argus/unk/snap/c1/1750208400.c1.snap.jpg,0.52356255
2025-06-18 01:30:00,/Volumes/Argus/unk/snap/c1/1750210200.c1.snap.jpg,0.64121914
2025-06-18 02:00:00,/Volumes/Argus/unk/snap/c1/1750212000.c1.snap.jpg,0.65782505
2025-06-18 02:30:00,/Volumes/Argus/unk/snap/c1/1750213800.c1.snap.jpg,0.47099262
2025-06-18 03:00:00,/Volumes/Argus/unk/snap/c1/1750215600.c1.snap.jpg,0.49378383
2025-06-18 03:30:00,/Volumes/Argus/unk/snap/c1/1750217400.c1.snap.jpg,0.40716732
2025-06-18 04:00:00,/Volumes/Argus/unk/snap/c1/1750219200.c1.snap.jpg,0.47637588
2025-06-18 04:30:00,/Volumes/Argus/unk/snap/c1/1750221000.c1.snap.jpg,0.556214
2025-06-18 05:00:00,/Volumes/Argus/unk/snap/c1/1750222800.c1.snap.jpg,0.53893304
2025-06-18 05:30:00,/Volumes/Argus/unk/snap/c1/1750224600.c1.snap.jpg,0.5983989
2025-06-18 06:00:00,/Volumes/Argus/unk/snap/c1/1750226400.c1.snap.jpg,0.4959292
2025-06-18 06:30:00,/Volumes/Argus/unk/snap/c1/1750228200.c1.snap.jpg,0.5184143
2025-06-18 07:00:00,/Volumes/Argus/unk/snap/c1/1750230000.c1.snap.jpg,0.59302527
2025-06-18 07:30:00,/Volumes/Argus/unk/snap/c1/1750231800.c1.snap.jpg,0.6453166
2025-06-18 08:00:00,/Volumes/Argus/unk/snap/c1/1750233600.c1.snap.jpg,0.59403795
2025-06-18 08:30:00,/Volumes/Argus/unk/snap/c1/1750235400.c1.snap.jpg,0.62298226
2025-06-18 09:00:00,/Volumes/Argus/unk/snap/c1/1750237200.c1.snap.jpg,0.64969873
2025-06-18 09:30:00,/Volumes/Argus/unk/snap/c1/1750239000.c1.snap.jpg,0.6639625
2025-06-18 10:00:00,/Volumes/Argus/unk/snap/c1/1750240800.c1.snap.jpg,0.6580897
2025-06-18 10:30:00,/Volumes/Argus/unk/snap/c1/1750242600.c1.snap.jpg,0.7655119
2025-06-18 11:00:00,/Volumes/Argus/unk/snap/c1/1750244400.c1.snap.jpg,0.6910989
2025-06-18 11:30:00,/Volumes/Argus/unk/snap/c1/1750246200.c1.snap.jpg,0.81721413
2025-06-18 12:00:00,/Volumes/Argus/unk/snap/c1/1750248000.c1.snap.jpg,0.7619319
2025-06-18 14:00:00,/Volumes/Argus/unk/snap/c1/1750255200.c1.snap.jpg,0.8126484
2025-06-18 14:30:00,/Volumes/Argus/unk/snap/c1/1750257000.c1.snap.jpg,1.053635
2025-06-18 15:00:00,/Volumes/Argus/unk/snap/c1/1750258800.c1.snap.jpg,0.96067286
2025-06-18 15:30:00,/Volumes/Argus/unk/snap/c1/1750260600.c1.snap.jpg,0.9097243
2025-06-18 16:00:00,/Volumes/Argus/unk/snap/c1/1750262400.c1.snap.jpg,0.89620125
2025-06-18 16:30:00,/Volumes/Argus/unk/snap/c1/1750264200.c1.snap.jpg,0.7742859
2025-06-18 17:00:00,/Volumes/Argus/unk/snap/c1/1750266000.c1.snap.jpg,0.7185072
2025-06-18 17:30:00,/Volumes/Argus/unk/snap/c1/1750267800.c1.snap.jpg,0.70345354
2025-06-18 18:00:00,/Volumes/Argus/unk/snap/c1/1750269600.c1.snap.jpg,0.8034662
2025-06-18 18:30:00,/Volumes/Argus/unk/snap/c1/1750271400.c1.snap.jpg,0.88939154
2025-06-18 19:00:00,/Volumes/Argus/unk/snap/c1/1750273200.c1.snap.jpg,0.7955154
2025-06-18 19:30:00,/Volumes/Argus/unk/snap/c1/1750275000.c1.snap.jpg,0.6478063
2025-06-18 20:00:00,/Volumes/Argus/unk/snap/c1/1750276800.c1.snap.jpg,0.6763457
2025-06-18 20:30:00,/Volumes/Argus/unk/snap/c1/1750278600.c1.snap.jpg,0.6775688
2025-06-18 21:00:00,/Volumes/Argus/unk/snap/c1/1750280400.c1.snap.jpg,0.58328414
2025-06-18 21:30:00,/Volumes/Argus/unk/snap/c1/1750282200.c1.snap.jpg,0.8052269
2025-06-18 22:00:00,/Volumes/Argus/unk/snap/c1/1750284000.c1.snap.jpg,0.70901644
2025-06-18 23:00:00,/Volumes/Argus/unk/snap/c1/1750287600.c1.snap.jpg,0.65331787
2025-06-18 23:30:00,/Volumes/Argus/unk/snap/c1/1750289400.c1.snap.jpg,0.61259705
2025-06-19 00:00:00,/Volumes/Argus/unk/snap/c1/1750291200.c1.snap.jpg,0.59248185
2025-06-19 00:30:00,/Volumes/Argus/unk/snap/c1/1750293000.c1.snap.jpg,0.5494064
2025-06-19 01:00:00,/Volumes/Argus/unk/snap/c1/1750294800.c1.snap.jpg,0.55513525
2025-06-19 01:30:00,/Volumes/Argus/unk/snap/c1/1750296600.c1.snap.jpg,0.5343716
2025-06-19 02:00:00,/Volumes/Argus/unk/snap/c1/1750298400.c1.snap.jpg,0.32737812
2025-06-19 02:30:00,/Volumes/Argus/unk/snap/c1/1750300200.c1.snap.jpg,0.24476826
2025-06-19 03:00:00,/Volumes/Argus/unk/snap/c1/1750302000.c1.snap.jpg,0.35964498
2025-06-19 03:30:00,/Volumes/Argus/unk/snap/c1/1750303800.c1.snap.jpg,0.28194126
2025-06-19 04:00:00,/Volumes/Argus/unk/snap/c1/1750305600.c1.snap.jpg,0.22360268
2025-06-19 04:30:00,/Volumes/Argus/unk/snap/c1/1750307400.c1.snap.jpg,0.21696253
2025-06-19 05:00:00,/Volumes/Argus/unk/snap/c1/1750309200.c1.snap.jpg,0.2872083
2025-06-19 05:30:00,/Volumes/Argus/unk/snap/c1/1750311000.c1.snap.jpg,0.43424442
2025-06-19 06:00:00,/Volumes/Argus/unk/snap/c1/1750312800.c1.snap.jpg,0.37906516
2025-06-19 06:30:00,/Volumes/Argus/unk/snap/c1/1750314600.c1.snap.jpg,0.31000137
2025-06-19 07:00:00,/Volumes/Argus/unk/snap/c1/1750316400.c1.snap.jpg,0.34567276
2025-06-19 07:30:00,/Volumes/Argus/unk/snap/c1/1750318200.c1.snap.jpg,0.5116213
2025-06-19 08:00:00,/Volumes/Argus/unk/snap/c1/1750320000.c1.snap.jpg,0.5162282
2025-06-19 08:30:00,/Volumes/Argus/unk/snap/c1/1750321800.c1.snap.jpg,0.2991926
2025-06-19 09:00:00,/Volumes/Argus/unk/snap/c1/1750323600.c1.snap.jpg,0.25355512
2025-06-19 10:00:00,/Volumes/Argus/unk/snap/c1/1750327200.c1.snap.jpg,0.207931
2025-06-19 10:30:00,/Volumes/Argus/unk/snap/c1/1750329000.c1.snap.jpg,0.20804223
2025-06-19 11:00:00,/Volumes/Argus/unk/snap/c1/1750330800.c1.snap.jpg,0.22554387
2025-06-19 11:30:00,/Volumes/Argus/unk/snap/c1/1750332600.c1.snap.jpg,0.21149841
2025-06-19 12:00:00,/Volumes/Argus/unk/snap/c1/1750334400.c1.snap.jpg,0.24798743
2025-06-20 02:30:00,/Volumes/Argus/unk/snap/c1/1750386600.c1.snap.jpg,0.42890453
2025-06-20 03:00:00,/Volumes/Argus/unk/snap/c1/1750388400.c1.snap.jpg,0.4105277
2025-06-20 03:30:00,/Volumes/Argus/unk/snap/c1/1750390200.c1.snap.jpg,0.39087433
2025-06-20 04:00:00,/Volumes/Argus/unk/snap/c1/1750392000.c1.snap.jpg,0.3659724
2025-06-20 04:30:00,/Volumes/Argus/unk/snap/c1/1750393800.c1.snap.jpg,0.40681186
2025-06-20 05:00:00,/Volumes/Argus/unk/snap/c1/1750395600.c1.snap.jpg,0.3856193
2025-06-20 05:30:00,/Volumes/Argus/unk/snap/c1/1750397400.c1.snap.jpg,0.40640122
2025-06-20 06:00:00,/Volumes/Argus/unk/snap/c1/1750399200.c1.snap.jpg,0.3260162
2025-06-20 06:30:00,/Volumes/Argus/unk/snap/c1/1750401000.c1.snap.jpg,0.37193775
2025-06-20 07:00:00,/Volumes/Argus/unk/snap/c1/1750402800.c1.snap.jpg,0.42457324
2025-06-20 07:30:00,/Volumes/Argus/unk/snap/c1/1750404600.c1.snap.jpg,0.37397322
2025-06-20 08:00:00,/Volumes/Argus/unk/snap/c1/1750406400.c1.snap.jpg,0.31800503
2025-06-20 08:30:00,/Volumes/Argus/unk/snap/c1/1750408200.c1.snap.jpg,0.21851325
2025-06-20 09:00:00,/Volumes/Argus/unk/snap/c1/1750410000.c1.snap.jpg,0.18443318
2025-06-20 09:30:00,/Volumes/Argus/unk/snap/c1/1750411800.c1.snap.jpg,0.21417998
2025-06-20 10:00:00,/Volumes/Argus/unk/snap/c1/1750413600.c1.snap.jpg,0.25266826
2025-06-20 10:30:00,/Volumes/Argus/unk/snap/c1/1750415400.c1.snap.jpg,0.2575319
2025-06-20 11:00:00,/Volumes/Argus/unk/snap/c1/1750417200.c1.snap.jpg,0.33294165
2025-06-20 11:30:00,/Volumes/Argus/unk/snap/c1/1750419000.c1.snap.jpg,0.3079833
2025-06-20 12:00:00,/Volumes/Argus/unk/snap/c1/1750420800.c1.snap.jpg,0.3034217
2025-06-20 14:00:00,/Volumes/Argus/unk/snap/c1/1750428000.c1.snap.jpg,0.26782244
2025-06-20 14:30:00,/Volumes/Argus/unk/snap/c1/1750429800.c1.snap.jpg,0.5359688
2025-06-20 15:00:00,/Volumes/Argus/unk/snap/c1/1750431600.c1.snap.jpg,0.29851264
2025-06-20 15:30:00,/Volumes/Argus/unk/snap/c1/1750433400.c1.snap.jpg,0.37401778
2025-06-20 16:00:00,/Volumes/Argus/unk/snap/c1/1750435200.c1.snap.jpg,0.34053767
2025-06-20 16:30:00,/Volumes/Argus/unk/snap/c1/1750437000.c1.snap.jpg,0.2899145
2025-06-20 17:00:00,/Volumes/Argus/unk/snap/c1/1750438800.c1.snap.jpg,0.34308445
2025-06-20 17:30:00,/Volumes/Argus/unk/snap/c1/1750440600.c1.snap.jpg,0.2767192
2025-06-20 18:00:00,/Volumes/Argus/unk/snap/c1/1750442400.c1.snap.jpg,0.3175115
2025-06-20 18:30:00,/Volumes/Argus/unk/snap/c1/1750444200.c1.snap.jpg,0.32130247
2025-06-20 19:00:00,/Volumes/Argus/unk/snap/c1/1750446000.c1.snap.jpg,0.3015295
2025-06-20 19:30:00,/Volumes/Argus/unk/snap/c1/1750447800.c1.snap.jpg,0.3464647
2025-06-20 20:00:00,/Volumes/Argus/unk/snap/c1/1750449600.c1.snap.jpg,0.40036345
2025-06-20 20:30:00,/Volumes/Argus/unk/snap/c1/1750451400.c1.snap.jpg,0.36174843
2025-06-20 21:00:00,/Volumes/Argus/unk/snap/c1/1750453200.c1.snap.jpg,0.35586092
2025-06-20 21:30:00,/Volumes/Argus/unk/snap/c1/1750455000.c1.snap.jpg,0.4041068
2025-06-20 22:00:00,/Volumes/Argus/unk/snap/c1/1750456800.c1.snap.jpg,0.3654126
2025-06-20 22:30:00,/Volumes/Argus/unk/snap/c1/1750458600.c1.snap.jpg,0.23881875
2025-06-20 23:00:00,/Volumes/Argus/unk/snap/c1/1750460400.c1.snap.jpg,0.43832386
2025-06-20 23:30:00,/Volumes/Argus/unk/snap/c1/1750462200.c1.snap.jpg,0.3202824
2025-06-21 00:00:00,/Volumes/Argus/unk/snap/c1/1750464000.c1.snap.jpg,0.45105422
2025-06-21 00:30:00,/Volumes/Argus/unk/snap/c1/1750465800.c1.snap.jpg,0.41949347
2025-06-21 01:00:00,/Volumes/Argus/unk/snap/c1/1750467600.c1.snap.jpg,0.6038281
2025-06-21 01:30:00,/Volumes/Argus/unk/snap/c1/1750469400.c1.snap.jpg,0.4053558
2025-06-21 02:00:00,/Volumes/Argus/unk/snap/c1/1750471200.c1.snap.jpg,0.29038638
2025-06-21 02:30:00,/Volumes/Argus/unk/snap/c1/1750473000.c1.snap.jpg,0.2914151
2025-06-21 03:00:00,/Volumes/Argus/unk/snap/c1/1750474800.c1.snap.jpg,0.5466223
2025-06-21 03:30:00,/Volumes/Argus/unk/snap/c1/1750476600.c1.snap.jpg,0.4795425
2025-06-21 04:00:00,/Volumes/Argus/unk/snap/c1/1750478400.c1.snap.jpg,0.32783526
2025-06-21 04:30:00,/Volumes/Argus/unk/snap/c1/1750480200.c1.snap.jpg,0.31835607
2025-06-21 05:00:00,/Volumes/Argus/unk/snap/c1/1750482000.c1.snap.jpg,0.30627897
2025-06-21 05:30:00,/Volumes/Argus/unk/snap/c1/1750483800.c1.snap.jpg,0.41150254
2025-06-21 06:00:00,/Volumes/Argus/unk/snap/c1/1750485600.c1.snap.jpg,0.28490373
2025-06-21 06:30:00,/Volumes/Argus/unk/snap/c1/1750487400.c1.snap.jpg,0.21975899
2025-06-21 07:00:00,/Volumes/Argus/unk/snap/c1/1750489200.c1.snap.jpg,0.3917538
2025-06-21 07:30:00,/Volumes/Argus/unk/snap/c1/1750491000.c1.snap.jpg,0.3313322
2025-06-21 08:00:00,/Volumes/Argus/unk/snap/c1/1750492800.c1.snap.jpg,0.52020955
2025-06-21 08:30:00,/Volumes/Argus/unk/snap/c1/1750494600.c1.snap.jpg,0.3064016
2025-06-21 09:00:00,/Volumes/Argus/unk/snap/c1/1750496400.c1.snap.jpg,0.30671036
2025-06-21 09:30:00,/Volumes/Argus/unk/snap/c1/1750498200.c1.snap.jpg,0.36050203
2025-06-21 10:00:00,/Volumes/Argus/unk/snap/c1/1750500000.c1.snap.jpg,0.32607058
2025-06-21 10:30:00,/Volumes/Argus/unk/snap/c1/1750501800.c1.snap.jpg,0.29423732
2025-06-21 11:00:00,/Volumes/Argus/unk/snap/c1/1750503600.c1.snap.jpg,0.23301211
2025-06-21 12:00:00,/Volumes/Argus/unk/snap/c1/1750507200.c1.snap.jpg,0.25964487
2025-06-21 14:00:00,/Volumes/Argus/unk/snap/c1/1750514400.c1.snap.jpg,0.36854985
2025-06-21 14:30:00,/Volumes/Argus/unk/snap/c1/1750516200.c1.snap.jpg,0.2876946
2025-06-21 15:00:00,/Volumes/Argus/unk/snap/c1/1750518000.c1.snap.jpg,0.40913117
2025-06-21 15:30:00,/Volumes/Argus/unk/snap/c1/1750519800.c1.snap.jpg,0.5621418
2025-06-21 16:00:00,/Volumes/Argus/unk/snap/c1/1750521600.c1.snap.jpg,0.32339782
2025-06-21 16:30:00,/Volumes/Argus/unk/snap/c1/1750523400.c1.snap.jpg,0.27651158
2025-06-21 17:00:00,/Volumes/Argus/unk/snap/c1/1750525200.c1.snap.jpg,0.43086305
2025-06-21 17:30:00,/Volumes/Argus/unk/snap/c1/1750527000.c1.snap.jpg,0.27027678
2025-06-21 18:00:00,/Volumes/Argus/unk/snap/c1/1750528800.c1.snap.jpg,0.31824535
2025-06-21 18:30:00,/Volumes/Argus/unk/snap/c1/1750530600.c1.snap.jpg,0.3340922
2025-06-21 19:00:00,/Volumes/Argus/unk/snap/c1/1750532400.c1.snap.jpg,0.33172727
2025-06-21 19:30:00,/Volumes/Argus/unk/snap/c1/1750534200.c1.snap.jpg,0.32988644
2025-06-21 20:00:00,/Volumes/Argus/unk/snap/c1/1750536000.c1.snap.jpg,0.29430604
2025-06-21 20:30:00,/Volumes/Argus/unk/snap/c1/1750537800.c1.snap.jpg,0.27821043
2025-06-21 21:00:00,/Volumes/Argus/unk/snap/c1/1750539600.c1.snap.jpg,0.4234811
2025-06-21 21:30:00,/Volumes/Argus/unk/snap/c1/1750541400.c1.snap.jpg,0.34289336
2025-06-21 22:00:00,/Volumes/Argus/unk/snap/c1/1750543200.c1.snap.jpg,0.31213763
2025-06-21 22:30:00,/Volumes/Argus/unk/snap/c1/1750545000.c1.snap.jpg,0.37313095
2025-06-21 23:00:00,/Volumes/Argus/unk/snap/c1/1750546800.c1.snap.jpg,0.36919618
2025-06-21 23:30:00,/Volumes/Argus/unk/snap/c1/1750548600.c1.snap.jpg,0.32087135
2025-06-22 00:00:00,/Volumes/Argus/unk/snap/c1/1750550400.c1.snap.jpg,0.30579412
2025-06-22 00:30:00,/Volumes/Argus/unk/snap/c1/1750552200.c1.snap.jpg,0.2836175
2025-06-22 01:00:00,/Volumes/Argus/unk/snap/c1/1750554000.c1.snap.jpg,0.38802665
2025-06-22 01:30:00,/Volumes/Argus/unk/snap/c1/1750555800.c1.snap.jpg,0.3449999
2025-06-22 02:00:00,/Volumes/Argus/unk/snap/c1/1750557600.c1.snap.jpg,0.3215634
2025-06-22 02:30:00,/Volumes/Argus/unk/snap/c1/1750559400.c1.snap.jpg,0.5584087
2025-06-22 03:00:00,/Volumes/Argus/unk/snap/c1/1750561200.c1.snap.jpg,0.37240908
2025-06-22 03:30:00,/Volumes/Argus/unk/snap/c1/1750563000.c1.snap.jpg,0.47938445
2025-06-22 04:00:00,/Volumes/Argus/unk/snap/c1/1750564800.c1.snap.jpg,0.38228256
2025-06-22 04:30:00,/Volumes/Argus/unk/snap/c1/1750566600.c1.snap.jpg,0.6145309
2025-06-22 05:00:00,/Volumes/Argus/unk/snap/c1/1750568400.c1.snap.jpg,0.35169244
2025-06-22 05:30:00,/Volumes/Argus/unk/snap/c1/1750570200.c1.snap.jpg,0.4118042
2025-06-22 06:00:00,/Volumes/Argus/unk/snap/c1/1750572000.c1.snap.jpg,0.3290565
2025-06-22 06:30:00,/Volumes/Argus/unk/snap/c1/1750573800.c1.snap.jpg,0.26035446
2025-06-22 07:00:00,/Volumes/Argus/unk/snap/c1/1750575600.c1.snap.jpg,0.32653746
2025-06-22 07:30:00,/Volumes/Argus/unk/snap/c1/1750577400.c1.snap.jpg,0.25543067
2025-06-22 08:00:00,/Volumes/Argus/unk/snap/c1/1750579200.c1.snap.jpg,0.31259847
2025-06-22 08:30:00,/Volumes/Argus/unk/snap/c1/1750581000.c1.snap.jpg,0.3312053
2025-06-22 09:00:00,/Volumes/Argus/unk/snap/c1/1750582800.c1.snap.jpg,0.3381044
2025-06-22 09:30:00,/Volumes/Argus/unk/snap/c1/1750584600.c1.snap.jpg,0.26106858
2025-06-22 10:00:00,/Volumes/Argus/unk/snap/c1/1750586400.c1.snap.jpg,0.30009398
2025-06-22 10:30:00,/Volumes/Argus/unk/snap/c1/1750588200.c1.snap.jpg,0.27991223
2025-06-22 11:00:00,/Volumes/Argus/unk/snap/c1/1750590000.c1.snap.jpg,0.25457337
2025-06-22 11:30:00,/Volumes/Argus/unk/snap/c1/1750591800.c1.snap.jpg,0.25631103
2025-06-22 12:00:00,/Volumes/Argus/unk/snap/c1/1750593600.c1.snap.jpg,0.30054379
2025-06-22 14:00:00,/Volumes/Argus/unk/snap/c1/1750600800.c1.snap.jpg,0.2229386
2025-06-22 14:30:00,/Volumes/Argus/unk/snap/c1/1750602600.c1.snap.jpg,0.2875803
2025-06-22 15:00:00,/Volumes/Argus/unk/snap/c1/1750604400.c1.snap.jpg,0.5506389
2025-06-22 15:30:00,/Volumes/Argus/unk/snap/c1/1750606200.c1.snap.jpg,0.48030537
2025-06-22 16:00:00,/Volumes/Argus/unk/snap/c1/1750608000.c1.snap.jpg,0.40390024
2025-06-22 16:30:00,/Volumes/Argus/unk/snap/c1/1750609800.c1.snap.jpg,0.2757126
2025-06-22 17:00:00,/Volumes/Argus/unk/snap/c1/1750611600.c1.snap.jpg,0.3204878
2025-06-22 17:30:00,/Volumes/Argus/unk/snap/c1/1750613400.c1.snap.jpg,0.5608047
2025-06-22 18:00:00,/Volumes/Argus/unk/snap/c1/1750615200.c1.snap.jpg,0.31134343
2025-06-22 18:30:00,/Volumes/Argus/unk/snap/c1/1750617000.c1.snap.jpg,0.32399356
2025-06-22 19:00:00,/Volumes/Argus/unk/snap/c1/1750618800.c1.snap.jpg,0.41309828
2025-06-22 19:30:00,/Volumes/Argus/unk/snap/c1/1750620600.c1.snap.jpg,0.49941427
2025-06-22 20:00:00,/Volumes/Argus/unk/snap/c1/1750622400.c1.snap.jpg,0.5581881
2025-06-22 20:30:00,/Volumes/Argus/unk/snap/c1/1750624200.c1.snap.jpg,0.49860033
2025-06-22 21:00:00,/Volumes/Argus/unk/snap/c1/1750626000.c1.snap.jpg,0.45377302
2025-06-22 21:30:00,/Volumes/Argus/unk/snap/c1/1750627800.c1.snap.jpg,0.3075804
2025-06-22 22:00:00,/Volumes/Argus/unk/snap/c1/1750629600.c1.snap.jpg,0.28178474
2025-06-22 22:30:00,/Volumes/Argus/unk/snap/c1/1750631400.c1.snap.jpg,0.34880608
2025-06-22 23:00:00,/Volumes/Argus/unk/snap/c1/1750633200.c1.snap.jpg,0.32391608
2025-06-22 23:30:00,/Volumes/Argus/unk/snap/c1/1750635000.c1.snap.jpg,0.3620664
2025-06-23 00:00:00,/Volumes/Argus/unk/snap/c1/1750636800.c1.snap.jpg,0.4610511
2025-06-23 00:30:00,/Volumes/Argus/unk/snap/c1/1750638600.c1.snap.jpg,0.32562318
2025-06-23 01:00:00,/Volumes/Argus/unk/snap/c1/1750640400.c1.snap.jpg,0.32790148
2025-06-23 01:30:00,/Volumes/Argus/unk/snap/c1/1750642200.c1.snap.jpg,0.24905074
2025-06-23 02:00:00,/Volumes/Argus/unk/snap/c1/1750644000.c1.snap.jpg,0.37186265
2025-06-23 02:30:00,/Volumes/Argus/unk/snap/c1/1750645800.c1.snap.jpg,0.39987004
2025-06-23 03:00:00,/Volumes/Argus/unk/snap/c1/1750647600.c1.snap.jpg,0.4484229
2025-06-23 03:30:00,/Volumes/Argus/unk/snap/c1/1750649400.c1.snap.jpg,0.36648738
2025-06-23 04:00:00,/Volumes/Argus/unk/snap/c1/1750651200.c1.snap.jpg,0.40894818
2025-06-23 04:30:00,/Volumes/Argus/unk/snap/c1/1750653000.c1.snap.jpg,0.25492045
2025-06-23 05:30:00,/Volumes/Argus/unk/snap/c1/1750656600.c1.snap.jpg,0.32431066
2025-06-23 06:00:00,/Volumes/Argus/unk/snap/c1/1750658400.c1.snap.jpg,0.3271864
2025-06-23 06:30:00,/Volumes/Argus/unk/snap/c1/1750660200.c1.snap.jpg,0.41561562
2025-06-23 07:00:00,/Volumes/Argus/unk/snap/c1/1750662000.c1.snap.jpg,0.33433872
2025-06-23 07:30:00,/Volumes/Argus/unk/snap/c1/1750663800.c1.snap.jpg,0.35336542
2025-06-23 08:00:00,/Volumes/Argus/unk/snap/c1/1750665600.c1.snap.jpg,0.28829676
2025-06-23 08:30:00,/Volumes/Argus/unk/snap/c1/1750667400.c1.snap.jpg,0.32234126
2025-06-23 09:00:00,/Volumes/Argus/unk/snap/c1/1750669200.c1.snap.jpg,0.31263453
2025-06-23 09:30:00,/Volumes/Argus/unk/snap/c1/1750671000.c1.snap.jpg,0.27563658
2025-06-23 10:00:00,/Volumes/Argus/unk/snap/c1/1750672800.c1.snap.jpg,0.27821317
2025-06-23 10:30:00,/Volumes/Argus/unk/snap/c1/1750674600.c1.snap.jpg,0.31780186
2025-06-23 11:00:00,/Volumes/Argus/unk/snap/c1/1750676400.c1.snap.jpg,0.3330061
2025-06-23 11:30:00,/Volumes/Argus/unk/snap/c1/1750678200.c1.snap.jpg,0.30396688
2025-06-23 12:00:00,/Volumes/Argus/unk/snap/c1/1750680000.c1.snap.jpg,0.2937196
2025-06-23 14:00:00,/Volumes/Argus/unk/snap/c1/1750687200.c1.snap.jpg,0.24310082
2025-06-23 14:30:00,/Volumes/Argus/unk/snap/c1/1750689000.c1.snap.jpg,0.22865742
2025-06-23 15:00:00,/Volumes/Argus/unk/snap/c1/1750690800.c1.snap.jpg,0.2291675
2025-06-23 16:00:00,/Volumes/Argus/unk/snap/c1/1750694400.c1.snap.jpg,0.3923003
2025-06-23 16:30:00,/Volumes/Argus/unk/snap/c1/1750696200.c1.snap.jpg,0.31373468
2025-06-23 17:00:00,/Volumes/Argus/unk/snap/c1/1750698000.c1.snap.jpg,0.3557095
2025-06-23 17:30:00,/Volumes/Argus/unk/snap/c1/1750699800.c1.snap.jpg,0.25756443
2025-06-23 18:00:00,/Volumes/Argus/unk/snap/c1/1750701600.c1.snap.jpg,0.26342547
2025-06-23 18:30:00,/Volumes/Argus/unk/snap/c1/1750703400.c1.snap.jpg,0.24344057
2025-06-23 19:00:00,/Volumes/Argus/unk/snap/c1/1750705200.c1.snap.jpg,0.19486147
2025-06-23 19:30:00,/Volumes/Argus/unk/snap/c1/1750707000.c1.snap.jpg,0.42800435
2025-06-23 20:00:00,/Volumes/Argus/unk/snap/c1/1750708800.c1.snap.jpg,0.21679524
2025-06-23 20:30:00,/Volumes/Argus/unk/snap/c1/1750710600.c1.snap.jpg,0.30617923
2025-06-23 21:00:00,/Volumes/Argus/unk/snap/c1/1750712400.c1.snap.jpg,0.27361798
2025-06-23 21:30:00,/Volumes/Argus/unk/snap/c1/1750714200.c1.snap.jpg,0.29308292
2025-06-23 22:00:00,/Volumes/Argus/unk/snap/c1/1750716000.c1.snap.jpg,0.2804807
2025-06-23 22:30:00,/Volumes/Argus/unk/snap/c1/1750717800.c1.snap.jpg,0.38610882
2025-06-23 23:00:00,/Volumes/Argus/unk/snap/c1/1750719600.c1.snap.jpg,0.43415162
2025-06-23 23:30:00,/Volumes/Argus/unk/snap/c1/1750721400.c1.snap.jpg,0.43734384
2025-06-24 00:00:00,/Volumes/Argus/unk/snap/c1/1750723200.c1.snap.jpg,0.38445812
2025-06-24 00:30:00,/Volumes/Argus/unk/snap/c1/1750725000.c1.snap.jpg,0.3419143
2025-06-24 01:00:00,/Volumes/Argus/unk/snap/c1/1750726800.c1.snap.jpg,0.40092826
2025-06-24 01:30:00,/Volumes/Argus/unk/snap/c1/1750728600.c1.snap.jpg,0.40696204
2025-06-24 02:00:00,/Volumes/Argus/unk/snap/c1/1750730400.c1.snap.jpg,0.29939088
2025-06-24 03:00:00,/Volumes/Argus/unk/snap/c1/1750734000.c1.snap.jpg,0.3398495
2025-06-24 03:30:00,/Volumes/Argus/unk/snap/c1/1750735800.c1.snap.jpg,0.6900077
2025-06-24 04:00:00,/Volumes/Argus/unk/snap/c1/1750737600.c1.snap.jpg,0.42073292
2025-06-24 04:30:00,/Volumes/Argus/unk/snap/c1/1750739400.c1.snap.jpg,0.4108761
2025-06-24 05:00:00,/Volumes/Argus/unk/snap/c1/1750741200.c1.snap.jpg,0.29415488
2025-06-24 05:30:00,/Volumes/Argus/unk/snap/c1/1750743000.c1.snap.jpg,0.2978648
2025-06-24 06:00:00,/Volumes/Argus/unk/snap/c1/1750744800.c1.snap.jpg,0.2552532
2025-06-24 06:30:00,/Volumes/Argus/unk/snap/c1/1750746600.c1.snap.jpg,0.23270209
2025-06-24 07:00:00,/Volumes/Argus/unk/snap/c1/1750748400.c1.snap.jpg,0.33399236
2025-06-24 07:30:00,/Volumes/Argus/unk/snap/c1/1750750200.c1.snap.jpg,0.32992816
2025-06-24 08:00:00,/Volumes/Argus/unk/snap/c1/1750752000.c1.snap.jpg,0.30073124
2025-06-24 08:30:00,/Volumes/Argus/unk/snap/c1/1750753800.c1.snap.jpg,0.25200117
2025-06-24 09:00:00,/Volumes/Argus/unk/snap/c1/1750755600.c1.snap.jpg,0.2979953
2025-06-24 09:30:00,/Volumes/Argus/unk/snap/c1/1750757400.c1.snap.jpg,0.33687258
2025-06-24 10:00:00,/Volumes/Argus/unk/snap/c1/1750759200.c1.snap.jpg,0.6197233
2025-06-24 10:30:00,/Volumes/Argus/unk/snap/c1/1750761000.c1.snap.jpg,0.23777997
2025-06-24 11:00:00,/Volumes/Argus/unk/snap/c1/1750762800.c1.snap.jpg,0.20062761
2025-06-24 11:30:00,/Volumes/Argus/unk/snap/c1/1750764600.c1.snap.jpg,0.37023365
2025-06-24 12:00:00,/Volumes/Argus/unk/snap/c1/1750766400.c1.snap.jpg,0.3059429
2025-06-24 14:00:00,/Volumes/Argus/unk/snap/c1/1750773600.c1.snap.jpg,0.2636668
2025-06-24 14:30:00,/Volumes/Argus/unk/snap/c1/1750775400.c1.snap.jpg,0.27188066
2025-06-24 15:00:00,/Volumes/Argus/unk/snap/c1/1750777200.c1.snap.jpg,0.2322191
2025-06-24 15:30:00,/Volumes/Argus/unk/snap/c1/1750779000.c1.snap.jpg,0.22206879
2025-06-24 16:00:00,/Volumes/Argus/unk/snap/c1/1750780800.c1.snap.jpg,0.2570315
2025-06-24 16:30:00,/Volumes/Argus/unk/snap/c1/1750782600.c1.snap.jpg,0.19931313
2025-06-24 17:00:00,/Volumes/Argus/unk/snap/c1/1750784400.c1.snap.jpg,0.24392572
2025-06-24 17:30:00,/Volumes/Argus/unk/snap/c1/1750786200.c1.snap.jpg,0.3568923
2025-06-24 18:00:00,/Volumes/Argus/unk/snap/c1/1750788000.c1.snap.jpg,0.280268
2025-06-24 18:30:00,/Volumes/Argus/unk/snap/c1/1750789800.c1.snap.jpg,0.28839773
2025-06-24 19:00:00,/Volumes/Argus/unk/snap/c1/1750791600.c1.snap.jpg,0.27729526
2025-06-24 19:30:00,/Volumes/Argus/unk/snap/c1/1750793400.c1.snap.jpg,0.3575719
2025-06-24 20:00:00,/Volumes/Argus/unk/snap/c1/1750795200.c1.snap.jpg,0.27490073
2025-06-24 20:30:00,/Volumes/Argus/unk/snap/c1/1750797000.c1.snap.jpg,0.25778848
2025-06-24 21:00:00,/Volumes/Argus/unk/snap/c1/1750798800.c1.snap.jpg,0.69763273
2025-06-24 21:30:00,/Volumes/Argus/unk/snap/c1/1750800600.c1.snap.jpg,0.33774894
2025-06-24 22:00:00,/Volumes/Argus/unk/snap/c1/1750802400.c1.snap.jpg,0.3131473
2025-06-24 22:30:00,/Volumes/Argus/unk/snap/c1/1750804200.c1.snap.jpg,0.54230356
2025-06-24 23:00:00,/Volumes/Argus/unk/snap/c1/1750806000.c1.snap.jpg,0.3401507
2025-06-24 23:30:00,/Volumes/Argus/unk/snap/c1/1750807800.c1.snap.jpg,0.36060357
2025-06-25 00:00:00,/Volumes/Argus/unk/snap/c1/1750809600.c1.snap.jpg,0.29654643
2025-06-25 00:30:00,/Volumes/Argus/unk/snap/c1/1750811400.c1.snap.jpg,0.4027589
2025-06-25 01:00:00,/Volumes/Argus/unk/snap/c1/1750813200.c1.snap.jpg,0.31597224
2025-06-25 01:30:00,/Volumes/Argus/unk/snap/c1/1750815000.c1.snap.jpg,0.27391723
2025-06-25 02:00:00,/Volumes/Argus/unk/snap/c1/1750816800.c1.snap.jpg,0.47134653
2025-06-25 02:30:00,/Volumes/Argus/unk/snap/c1/1750818600.c1.snap.jpg,0.37974668
2025-06-25 03:00:00,/Volumes/Argus/unk/snap/c1/1750820400.c1.snap.jpg,0.43999082
2025-06-25 03:30:00,/Volumes/Argus/unk/snap/c1/1750822200.c1.snap.jpg,0.43269658
2025-06-25 04:00:00,/Volumes/Argus/unk/snap/c1/1750824000.c1.snap.jpg,0.6437394
2025-06-25 04:30:00,/Volumes/Argus/unk/snap/c1/1750825800.c1.snap.jpg,0.21620819
2025-06-25 05:00:00,/Volumes/Argus/unk/snap/c1/1750827600.c1.snap.jpg,0.3062293
2025-06-25 05:30:00,/Volumes/Argus/unk/snap/c1/1750829400.c1.snap.jpg,0.23971048
2025-06-25 06:00:00,/Volumes/Argus/unk/snap/c1/1750831200.c1.snap.jpg,0.30574018
2025-06-25 06:30:00,/Volumes/Argus/unk/snap/c1/1750833000.c1.snap.jpg,0.26934454
2025-06-25 07:00:00,/Volumes/Argus/unk/snap/c1/1750834800.c1.snap.jpg,0.25805598
2025-06-25 07:30:00,/Volumes/Argus/unk/snap/c1/1750836600.c1.snap.jpg,0.19156516
2025-06-25 08:00:00,/Volumes/Argus/unk/snap/c1/1750838400.c1.snap.jpg,0.24017039
2025-06-25 09:00:00,/Volumes/Argus/unk/snap/c1/1750842000.c1.snap.jpg,0.20127629
2025-06-25 09:30:00,/Volumes/Argus/unk/snap/c1/1750843800.c1.snap.jpg,0.4158489
2025-06-25 10:30:00,/Volumes/Argus/unk/snap/c1/1750847400.c1.snap.jpg,0.36877692
2025-06-25 11:00:00,/Volumes/Argus/unk/snap/c1/1750849200.c1.snap.jpg,0.2849185
2025-06-25 11:30:00,/Volumes/Argus/unk/snap/c1/1750851000.c1.snap.jpg,0.23239487
2025-06-25 12:00:00,/Volumes/Argus/unk/snap/c1/1750852800.c1.snap.jpg,0.32242924
2025-06-25 14:00:00,/Volumes/Argus/unk/snap/c1/1750860000.c1.snap.jpg,0.2884618
2025-06-25 14:30:00,/Volumes/Argus/unk/snap/c1/1750861800.c1.snap.jpg,0.36581045
2025-06-25 15:00:00,/Volumes/Argus/unk/snap/c1/1750863600.c1.snap.jpg,0.31544214
2025-06-25 15:30:00,/Volumes/Argus/unk/snap/c1/1750865400.c1.snap.jpg,0.30980688
2025-06-25 16:00:00,/Volumes/Argus/unk/snap/c1/1750867200.c1.snap.jpg,0.28348783
2025-06-25 16:30:00,/Volumes/Argus/unk/snap/c1/1750869000.c1.snap.jpg,0.35659862
2025-06-25 17:00:00,/Volumes/Argus/unk/snap/c1/1750870800.c1.snap.jpg,0.28438467
2025-06-25 17:30:00,/Volumes/Argus/unk/snap/c1/1750872600.c1.snap.jpg,0.20394588
2025-06-25 18:00:00,/Volumes/Argus/unk/snap/c1/1750874400.c1.snap.jpg,0.360372
2025-06-25 18:30:00,/Volumes/Argus/unk/snap/c1/1750876200.c1.snap.jpg,0.33505654
2025-06-25 19:00:00,/Volumes/Argus/unk/snap/c1/1750878000.c1.snap.jpg,0.18731047
2025-06-25 19:30:00,/Volumes/Argus/unk/snap/c1/1750879800.c1.snap.jpg,0.20515214
2025-06-25 20:00:00,/Volumes/Argus/unk/snap/c1/1750881600.c1.snap.jpg,0.2284902
2025-06-25 20:30:00,/Volumes/Argus/unk/snap/c1/1750883400.c1.snap.jpg,0.24291317
2025-06-25 21:00:00,/Volumes/Argus/unk/snap/c1/1750885200.c1.snap.jpg,0.32537556
2025-06-25 21:30:00,/Volumes/Argus/unk/snap/c1/1750887000.c1.snap.jpg,0.31654477
2025-06-25 22:00:00,/Volumes/Argus/unk/snap/c1/1750888800.c1.snap.jpg,0.27187544
2025-06-25 22:30:00,/Volumes/Argus/unk/snap/c1/1750890600.c1.snap.jpg,0.31322488
2025-06-25 23:00:00,/Volumes/Argus/unk/snap/c1/1750892400.c1.snap.jpg,0.35785475
2025-06-25 23:30:00,/Volumes/Argus/unk/snap/c1/1750894200.c1.snap.jpg,0.26060426
2025-06-26 00:00:00,/Volumes/Argus/unk/snap/c1/1750896000.c1.snap.jpg,0.35198653
2025-06-26 00:30:00,/Volumes/Argus/unk/snap/c1/1750897800.c1.snap.jpg,0.5061039
2025-06-26 01:00:00,/Volumes/Argus/unk/snap/c1/1750899600.c1.snap.jpg,0.38151667
2025-06-26 01:30:00,/Volumes/Argus/unk/snap/c1/1750901400.c1.snap.jpg,0.38877472
2025-06-26 02:00:00,/Volumes/Argus/unk/snap/c1/1750903200.c1.snap.jpg,0.28568596
2025-06-26 02:30:00,/Volumes/Argus/unk/snap/c1/1750905000.c1.snap.jpg,0.26113072
2025-06-26 03:00:00,/Volumes/Argus/unk/snap/c1/1750906800.c1.snap.jpg,0.32128596
2025-06-26 03:30:00,/Volumes/Argus/unk/snap/c1/1750908600.c1.snap.jpg,0.39994162
2025-06-26 04:00:00,/Volumes/Argus/unk/snap/c1/1750910400.c1.snap.jpg,0.4534466
2025-06-26 04:30:00,/Volumes/Argus/unk/snap/c1/1750912200.c1.snap.jpg,0.5338113
2025-06-26 05:00:00,/Volumes/Argus/unk/snap/c1/1750914000.c1.snap.jpg,0.3732829
2025-06-26 05:30:00,/Volumes/Argus/unk/snap/c1/1750915800.c1.snap.jpg,0.23188041
2025-06-26 06:00:00,/Volumes/Argus/unk/snap/c1/1750917600.c1.snap.jpg,0.36508906
2025-06-26 06:30:00,/Volumes/Argus/unk/snap/c1/1750919400.c1.snap.jpg,0.5127318
2025-06-26 07:00:00,/Volumes/Argus/unk/snap/c1/1750921200.c1.snap.jpg,0.39260823
2025-06-26 07:30:00,/Volumes/Argus/unk/snap/c1/1750923000.c1.snap.jpg,0.39747036
2025-06-26 08:00:00,/Volumes/Argus/unk/snap/c1/1750924800.c1.snap.jpg,0.3601098
2025-06-26 08:30:00,/Volumes/Argus/unk/snap/c1/1750926600.c1.snap.jpg,0.3347332
2025-06-26 09:00:00,/Volumes/Argus/unk/snap/c1/1750928400.c1.snap.jpg,0.3049835
2025-06-26 09:30:00,/Volumes/Argus/unk/snap/c1/1750930200.c1.snap.jpg,0.26430258
2025-06-26 10:30:00,/Volumes/Argus/unk/snap/c1/1750933800.c1.snap.jpg,0.4016549
2025-06-26 11:00:00,/Volumes/Argus/unk/snap/c1/1750935600.c1.snap.jpg,0.24828656
2025-06-26 11:30:00,/Volumes/Argus/unk/snap/c1/1750937400.c1.snap.jpg,0.2871104
2025-06-26 12:00:00,/Volumes/Argus/unk/snap/c1/1750939200.c1.snap.jpg,0.24475512
2025-06-26 14:00:00,/Volumes/Argus/unk/snap/c1/1750946400.c1.snap.jpg,0.31443104
2025-06-26 14:30:00,/Volumes/Argus/unk/snap/c1/1750948200.c1.snap.jpg,0.3066758
2025-06-26 15:00:00,/Volumes/Argus/unk/snap/c1/1750950000.c1.snap.jpg,0.253671
2025-06-26 15:30:00,/Volumes/Argus/unk/snap/c1/1750951800.c1.snap.jpg,0.39455226
2025-06-26 16:00:00,/Volumes/Argus/unk/snap/c1/1750953600.c1.snap.jpg,0.31514338
2025-06-26 16:30:00,/Volumes/Argus/unk/snap/c1/1750955400.c1.snap.jpg,0.45881534
2025-06-26 17:00:00,/Volumes/Argus/unk/snap/c1/1750957200.c1.snap.jpg,0.36380988
2025-06-26 17:30:00,/Volumes/Argus/unk/snap/c1/1750959000.c1.snap.jpg,0.3916194
2025-06-26 18:00:00,/Volumes/Argus/unk/snap/c1/1750960800.c1.snap.jpg,0.41941085
2025-06-26 18:30:00,/Volumes/Argus/unk/snap/c1/1750962600.c1.snap.jpg,0.43471467
2025-06-26 19:00:00,/Volumes/Argus/unk/snap/c1/1750964400.c1.snap.jpg,0.4888875
2025-06-26 19:30:00,/Volumes/Argus/unk/snap/c1/1750966200.c1.snap.jpg,0.4603286
2025-06-26 20:00:00,/Volumes/Argus/unk/snap/c1/1750968000.c1.snap.jpg,0.2871705
2025-06-26 20:30:00,/Volumes/Argus/unk/snap/c1/1750969800.c1.snap.jpg,0.42709762
2025-06-26 21:00:00,/Volumes/Argus/unk/snap/c1/1750971600.c1.snap.jpg,0.80059165
2025-06-26 21:30:00,/Volumes/Argus/unk/snap/c1/1750973400.c1.snap.jpg,0.80451465
2025-06-26 22:00:00,/Volumes/Argus/unk/snap/c1/1750975200.c1.snap.jpg,0.877725
2025-06-26 22:30:00,/Volumes/Argus/unk/snap/c1/1750977000.c1.snap.jpg,0.799534
2025-06-26 23:00:00,/Volumes/Argus/unk/snap/c1/1750978800.c1.snap.jpg,0.94583416
2025-06-26 23:30:00,/Volumes/Argus/unk/snap/c1/1750980600.c1.snap.jpg,0.7815794
2025-06-27 00:00:00,/Volumes/Argus/unk/snap/c1/1750982400.c1.snap.jpg,0.9466769
2025-06-27 00:30:00,/Volumes/Argus/unk/snap/c1/1750984200.c1.snap.jpg,0.69643086
2025-06-27 01:00:00,/Volumes/Argus/unk/snap/c1/1750986000.c1.snap.jpg,0.8278595
2025-06-27 01:30:00,/Volumes/Argus/unk/snap/c1/1750987800.c1.snap.jpg,0.6799569
2025-06-27 02:00:00,/Volumes/Argus/unk/snap/c1/1750989600.c1.snap.jpg,0.6769905
2025-06-27 02:30:00,/Volumes/Argus/unk/snap/c1/1750991400.c1.snap.jpg,0.61780214
2025-06-27 03:00:00,/Volumes/Argus/unk/snap/c1/1750993200.c1.snap.jpg,0.5706893
2025-06-27 03:30:00,/Volumes/Argus/unk/snap/c1/1750995000.c1.snap.jpg,0.5492297
2025-06-27 04:00:00,/Volumes/Argus/unk/snap/c1/1750996800.c1.snap.jpg,0.55931693
2025-06-27 04:30:00,/Volumes/Argus/unk/snap/c1/1750998600.c1.snap.jpg,0.6154523
2025-06-27 05:00:00,/Volumes/Argus/unk/snap/c1/1751000400.c1.snap.jpg,0.6376028
2025-06-27 05:30:00,/Volumes/Argus/unk/snap/c1/1751002200.c1.snap.jpg,0.6864789
2025-06-27 06:00:00,/Volumes/Argus/unk/snap/c1/1751004000.c1.snap.jpg,0.6467696
2025-06-27 07:00:00,/Volumes/Argus/unk/snap/c1/1751007600.c1.snap.jpg,0.7016664
2025-06-27 07:30:00,/Volumes/Argus/unk/snap/c1/1751009400.c1.snap.jpg,0.5692259
2025-06-27 08:00:00,/Volumes/Argus/unk/snap/c1/1751011200.c1.snap.jpg,0.5672139
2025-06-27 08:30:00,/Volumes/Argus/unk/snap/c1/1751013000.c1.snap.jpg,0.61347544
2025-06-27 09:30:00,/Volumes/Argus/unk/snap/c1/1751016600.c1.snap.jpg,0.66664565
2025-06-27 10:00:00,/Volumes/Argus/unk/snap/c1/1751018400.c1.snap.jpg,0.5198731
2025-06-27 10:30:00,/Volumes/Argus/unk/snap/c1/1751020200.c1.snap.jpg,0.49911484
2025-06-27 11:00:00,/Volumes/Argus/unk/snap/c1/1751022000.c1.snap.jpg,0.2845501
2025-06-27 11:30:00,/Volumes/Argus/unk/snap/c1/1751023800.c1.snap.jpg,0.51867247
2025-06-27 12:00:00,/Volumes/Argus/unk/snap/c1/1751025600.c1.snap.jpg,0.6000845
2025-06-27 14:00:00,/Volumes/Argus/unk/snap/c1/1751032800.c1.snap.jpg,0.58254087
2025-06-27 14:30:00,/Volumes/Argus/unk/snap/c1/1751034600.c1.snap.jpg,0.5897122
2025-06-27 15:00:00,/Volumes/Argus/unk/snap/c1/1751036400.c1.snap.jpg,0.7324563
2025-06-27 15:30:00,/Volumes/Argus/unk/snap/c1/1751038200.c1.snap.jpg,0.6979058
2025-06-27 16:00:00,/Volumes/Argus/unk/snap/c1/1751040000.c1.snap.jpg,0.70683426
2025-06-27 16:30:00,/Volumes/Argus/unk/snap/c1/1751041800.c1.snap.jpg,0.76181525
2025-06-27 17:00:00,/Volumes/Argus/unk/snap/c1/1751043600.c1.snap.jpg,0.7743953
2025-06-27 17:30:00,/Volumes/Argus/unk/snap/c1/1751045400.c1.snap.jpg,0.7890344
2025-06-27 18:00:00,/Volumes/Argus/unk/snap/c1/1751047200.c1.snap.jpg,0.8327401
2025-06-27 18:30:00,/Volumes/Argus/unk/snap/c1/1751049000.c1.snap.jpg,0.86791354
2025-06-27 19:00:00,/Volumes/Argus/unk/snap/c1/1751050800.c1.snap.jpg,0.8322275
2025-06-27 19:30:00,/Volumes/Argus/unk/snap/c1/1751052600.c1.snap.jpg,0.5243858
2025-06-27 20:00:00,/Volumes/Argus/unk/snap/c1/1751054400.c1.snap.jpg,0.8854958
2025-06-27 20:30:00,/Volumes/Argus/unk/snap/c1/1751056200.c1.snap.jpg,0.80388075
2025-06-27 21:00:00,/Volumes/Argus/unk/snap/c1/1751058000.c1.snap.jpg,0.7832499
2025-06-27 21:30:00,/Volumes/Argus/unk/snap/c1/1751059800.c1.snap.jpg,0.8191555
2025-06-27 22:00:00,/Volumes/Argus/unk/snap/c1/1751061600.c1.snap.jpg,0.767118
2025-06-27 23:00:00,/Volumes/Argus/unk/snap/c1/1751065200.c1.snap.jpg,0.8111643
2025-06-27 23:30:00,/Volumes/Argus/unk/snap/c1/1751067000.c1.snap.jpg,0.8448715
2025-06-28 00:00:00,/Volumes/Argus/unk/snap/c1/1751068800.c1.snap.jpg,0.73650837
2025-06-28 00:30:00,/Volumes/Argus/unk/snap/c1/1751070600.c1.snap.jpg,0.83807683
2025-06-28 01:00:00,/Volumes/Argus/unk/snap/c1/1751072400.c1.snap.jpg,0.7619755
2025-06-28 01:30:00,/Volumes/Argus/unk/snap/c1/1751074200.c1.snap.jpg,0.68957675
2025-06-28 02:00:00,/Volumes/Argus/unk/snap/c1/1751076000.c1.snap.jpg,0.6077428
2025-06-28 03:00:00,/Volumes/Argus/unk/snap/c1/1751079600.c1.snap.jpg,0.48561344
2025-06-28 03:30:00,/Volumes/Argus/unk/snap/c1/1751081400.c1.snap.jpg,0.38153794
2025-06-28 04:00:00,/Volumes/Argus/unk/snap/c1/1751083200.c1.snap.jpg,0.49776605
2025-06-28 04:30:00,/Volumes/Argus/unk/snap/c1/1751085000.c1.snap.jpg,0.32369602
2025-06-28 05:00:00,/Volumes/Argus/unk/snap/c1/1751086800.c1.snap.jpg,0.72730625
2025-06-28 06:00:00,/Volumes/Argus/unk/snap/c1/1751090400.c1.snap.jpg,0.3150469
2025-06-28 06:30:00,/Volumes/Argus/unk/snap/c1/1751092200.c1.snap.jpg,0.3160861
2025-06-28 07:00:00,/Volumes/Argus/unk/snap/c1/1751094000.c1.snap.jpg,0.3929299
2025-06-28 07:30:00,/Volumes/Argus/unk/snap/c1/1751095800.c1.snap.jpg,0.28322804
2025-06-28 08:00:00,/Volumes/Argus/unk/snap/c1/1751097600.c1.snap.jpg,0.28446764
2025-06-28 08:30:00,/Volumes/Argus/unk/snap/c1/1751099400.c1.snap.jpg,0.39613658
2025-06-28 09:00:00,/Volumes/Argus/unk/snap/c1/1751101200.c1.snap.jpg,0.4178908
2025-06-28 09:30:00,/Volumes/Argus/unk/snap/c1/1751103000.c1.snap.jpg,0.26886564
2025-06-28 10:00:00,/Volumes/Argus/unk/snap/c1/1751104800.c1.snap.jpg,0.40620184
2025-06-28 10:30:00,/Volumes/Argus/unk/snap/c1/1751106600.c1.snap.jpg,0.3991032
2025-06-28 11:00:00,/Volumes/Argus/unk/snap/c1/1751108400.c1.snap.jpg,0.28533164
2025-06-28 11:30:00,/Volumes/Argus/unk/snap/c1/1751110200.c1.snap.jpg,0.38952893
2025-06-28 12:00:00,/Volumes/Argus/unk/snap/c1/1751112000.c1.snap.jpg,0.5672916
2025-06-28 14:00:00,/Volumes/Argus/unk/snap/c1/1751119200.c1.snap.jpg,0.6186045
2025-06-28 14:30:00,/Volumes/Argus/unk/snap/c1/1751121000.c1.snap.jpg,0.68913233
2025-06-28 15:00:00,/Volumes/Argus/unk/snap/c1/1751122800.c1.snap.jpg,0.6483606
2025-06-28 15:30:00,/Volumes/Argus/unk/snap/c1/1751124600.c1.snap.jpg,0.65985936
2025-06-28 16:00:00,/Volumes/Argus/unk/snap/c1/1751126400.c1.snap.jpg,0.6588522
2025-06-28 16:30:00,/Volumes/Argus/unk/snap/c1/1751128200.c1.snap.jpg,0.87767196
2025-06-28 17:00:00,/Volumes/Argus/unk/snap/c1/1751130000.c1.snap.jpg,0.8571954
2025-06-28 17:30:00,/Volumes/Argus/unk/snap/c1/1751131800.c1.snap.jpg,1.1716255
2025-06-28 18:00:00,/Volumes/Argus/unk/snap/c1/1751133600.c1.snap.jpg,1.2129676
2025-06-28 18:30:00,/Volumes/Argus/unk/snap/c1/1751135400.c1.snap.jpg,1.1991031
2025-06-28 19:00:00,/Volumes/Argus/unk/snap/c1/1751137200.c1.snap.jpg,1.3670187
2025-06-28 19:30:00,/Volumes/Argus/unk/snap/c1/1751139000.c1.snap.jpg,1.2954295
2025-06-28 20:00:00,/Volumes/Argus/unk/snap/c1/1751140800.c1.snap.jpg,1.2439865
2025-06-28 20:30:00,/Volumes/Argus/unk/snap/c1/1751142600.c1.snap.jpg,1.2616974
2025-06-28 21:30:00,/Volumes/Argus/unk/snap/c1/1751146200.c1.snap.jpg,1.2749084
2025-06-28 22:00:00,/Volumes/Argus/unk/snap/c1/1751148000.c1.snap.jpg,1.2251729
2025-06-28 22:30:00,/Volumes/Argus/unk/snap/c1/1751149800.c1.snap.jpg,1.3433877
2025-06-28 23:00:00,/Volumes/Argus/unk/snap/c1/1751151600.c1.snap.jpg,1.21658
2025-06-29 00:00:00,/Volumes/Argus/unk/snap/c1/1751155200.c1.snap.jpg,1.0168415
2025-06-29 00:30:00,/Volumes/Argus/unk/snap/c1/1751157000.c1.snap.jpg,1.0269091
2025-06-29 01:00:00,/Volumes/Argus/unk/snap/c1/1751158800.c1.snap.jpg,0.93527645
2025-06-29 01:30:00,/Volumes/Argus/unk/snap/c1/1751160600.c1.snap.jpg,0.8639188
2025-06-29 02:00:00,/Volumes/Argus/unk/snap/c1/1751162400.c1.snap.jpg,1.0194153
2025-06-29 02:30:00,/Volumes/Argus/unk/snap/c1/1751164200.c1.snap.jpg,0.9476166
2025-06-29 03:00:00,/Volumes/Argus/unk/snap/c1/1751166000.c1.snap.jpg,0.8916472
2025-06-29 03:30:00,/Volumes/Argus/unk/snap/c1/1751167800.c1.snap.jpg,0.8594535
2025-06-29 04:00:00,/Volumes/Argus/unk/snap/c1/1751169600.c1.snap.jpg,1.0839016
2025-06-29 04:30:00,/Volumes/Argus/unk/snap/c1/1751171400.c1.snap.jpg,0.95673716
2025-06-29 05:00:00,/Volumes/Argus/unk/snap/c1/1751173200.c1.snap.jpg,0.84854054
2025-06-29 05:30:00,/Volumes/Argus/unk/snap/c1/1751175000.c1.snap.jpg,1.0319003
2025-06-29 06:00:00,/Volumes/Argus/unk/snap/c1/1751176800.c1.snap.jpg,0.6122983
2025-06-29 06:30:00,/Volumes/Argus/unk/snap/c1/1751178600.c1.snap.jpg,0.49331585
2025-06-29 07:00:00,/Volumes/Argus/unk/snap/c1/1751180400.c1.snap.jpg,0.68485504
2025-06-29 07:30:00,/Volumes/Argus/unk/snap/c1/1751182200.c1.snap.jpg,0.97498435
2025-06-29 08:00:00,/Volumes/Argus/unk/snap/c1/1751184000.c1.snap.jpg,0.6215005
2025-06-29 08:30:00,/Volumes/Argus/unk/snap/c1/1751185800.c1.snap.jpg,0.64746106
2025-06-29 09:00:00,/Volumes/Argus/unk/snap/c1/1751187600.c1.snap.jpg,0.79508483
2025-06-29 09:30:00,/Volumes/Argus/unk/snap/c1/1751189400.c1.snap.jpg,0.6600427
2025-06-29 10:00:00,/Volumes/Argus/unk/snap/c1/1751191200.c1.snap.jpg,0.77106446
2025-06-29 10:30:00,/Volumes/Argus/unk/snap/c1/1751193000.c1.snap.jpg,0.84078205
2025-06-29 11:00:00,/Volumes/Argus/unk/snap/c1/1751194800.c1.snap.jpg,0.8163208
2025-06-29 11:30:00,/Volumes/Argus/unk/snap/c1/1751196600.c1.snap.jpg,0.87690765
2025-06-29 12:00:00,/Volumes/Argus/unk/snap/c1/1751198400.c1.snap.jpg,0.8245092
2025-06-29 14:00:00,/Volumes/Argus/unk/snap/c1/1751205600.c1.snap.jpg,0.7295679
2025-06-29 14:30:00,/Volumes/Argus/unk/snap/c1/1751207400.c1.snap.jpg,0.8506504
2025-06-29 15:00:00,/Volumes/Argus/unk/snap/c1/1751209200.c1.snap.jpg,0.769514
2025-06-29 15:30:00,/Volumes/Argus/unk/snap/c1/1751211000.c1.snap.jpg,0.56906074
2025-06-29 16:00:00,/Volumes/Argus/unk/snap/c1/1751212800.c1.snap.jpg,0.5383241
2025-06-29 16:30:00,/Volumes/Argus/unk/snap/c1/1751214600.c1.snap.jpg,0.78402364
2025-06-29 17:00:00,/Volumes/Argus/unk/snap/c1/1751216400.c1.snap.jpg,0.7656381
2025-06-29 17:30:00,/Volumes/Argus/unk/snap/c1/1751218200.c1.snap.jpg,0.44284055
2025-06-29 18:00:00,/Volumes/Argus/unk/snap/c1/1751220000.c1.snap.jpg,0.5082044
2025-06-29 18:30:00,/Volumes/Argus/unk/snap/c1/1751221800.c1.snap.jpg,0.5766863
2025-06-29 19:00:00,/Volumes/Argus/unk/snap/c1/1751223600.c1.snap.jpg,0.46439162
2025-06-29 19:30:00,/Volumes/Argus/unk/snap/c1/1751225400.c1.snap.jpg,0.57204854
2025-06-29 20:00:00,/Volumes/Argus/unk/snap/c1/1751227200.c1.snap.jpg,0.412001
2025-06-29 20:30:00,/Volumes/Argus/unk/snap/c1/1751229000.c1.snap.jpg,0.8817854
2025-06-29 21:00:00,/Volumes/Argus/unk/snap/c1/1751230800.c1.snap.jpg,0.67841077
2025-06-29 21:30:00,/Volumes/Argus/unk/snap/c1/1751232600.c1.snap.jpg,0.5835664
2025-06-29 22:00:00,/Volumes/Argus/unk/snap/c1/1751234400.c1.snap.jpg,0.8875108
2025-06-29 22:30:00,/Volumes/Argus/unk/snap/c1/1751236200.c1.snap.jpg,0.61233526
2025-06-29 23:00:00,/Volumes/Argus/unk/snap/c1/1751238000.c1.snap.jpg,0.7569645
2025-06-29 23:30:00,/Volumes/Argus/unk/snap/c1/1751239800.c1.snap.jpg,0.95868886
2025-06-30 00:00:00,/Volumes/Argus/unk/snap/c1/1751241600.c1.snap.jpg,0.54385024
2025-06-30 00:30:00,/Volumes/Argus/unk/snap/c1/1751243400.c1.snap.jpg,0.4599353
2025-06-30 01:00:00,/Volumes/Argus/unk/snap/c1/1751245200.c1.snap.jpg,0.40523213
2025-06-30 01:30:00,/Volumes/Argus/unk/snap/c1/1751247000.c1.snap.jpg,0.67256844
2025-06-30 02:00:00,/Volumes/Argus/unk/snap/c1/1751248800.c1.snap.jpg,0.39570946
2025-06-30 02:30:00,/Volumes/Argus/unk/snap/c1/1751250600.c1.snap.jpg,0.32823506
2025-06-30 03:00:00,/Volumes/Argus/unk/snap/c1/1751252400.c1.snap.jpg,0.4467994
2025-06-30 03:30:00,/Volumes/Argus/unk/snap/c1/1751254200.c1.snap.jpg,0.44682044
2025-06-30 04:00:00,/Volumes/Argus/unk/snap/c1/1751256000.c1.snap.jpg,0.4077494
2025-06-30 04:30:00,/Volumes/Argus/unk/snap/c1/1751257800.c1.snap.jpg,0.289309
2025-06-30 05:00:00,/Volumes/Argus/unk/snap/c1/1751259600.c1.snap.jpg,0.43536195
2025-06-30 05:30:00,/Volumes/Argus/unk/snap/c1/1751261400.c1.snap.jpg,0.21413255
2025-06-30 06:00:00,/Volumes/Argus/unk/snap/c1/1751263200.c1.snap.jpg,0.32430714
2025-06-30 06:30:00,/Volumes/Argus/unk/snap/c1/1751265000.c1.snap.jpg,0.32172787
2025-06-30 07:00:00,/Volumes/Argus/unk/snap/c1/1751266800.c1.snap.jpg,0.20733063
2025-06-30 07:30:00,/Volumes/Argus/unk/snap/c1/1751268600.c1.snap.jpg,0.20723765
2025-06-30 08:00:00,/Volumes/Argus/unk/snap/c1/1751270400.c1.snap.jpg,0.23532757
2025-06-30 08:30:00,/Volumes/Argus/unk/snap/c1/1751272200.c1.snap.jpg,0.24915494
2025-06-30 09:00:00,/Volumes/Argus/unk/snap/c1/1751274000.c1.snap.jpg,0.31162193
2025-06-30 09:30:00,/Volumes/Argus/unk/snap/c1/1751275800.c1.snap.jpg,0.24911389
2025-06-30 10:00:00,/Volumes/Argus/unk/snap/c1/1751277600.c1.snap.jpg,0.2626951
2025-06-30 10:30:00,/Volumes/Argus/unk/snap/c1/1751279400.c1.snap.jpg,0.23565309
2025-06-30 11:00:00,/Volumes/Argus/unk/snap/c1/1751281200.c1.snap.jpg,0.30435658
2025-06-30 11:30:00,/Volumes/Argus/unk/snap/c1/1751283000.c1.snap.jpg,0.30502996
2025-06-30 12:00:00,/Volumes/Argus/unk/snap/c1/1751284800.c1.snap.jpg,0.39932016
2025-06-30 14:00:00,/Volumes/Argus/unk/snap/c1/1751292000.c1.snap.jpg,0.5722936
2025-06-30 14:30:00,/Volumes/Argus/unk/snap/c1/1751293800.c1.snap.jpg,0.5886745
2025-06-30 15:00:00,/Volumes/Argus/unk/snap/c1/1751295600.c1.snap.jpg,0.19213866
2025-06-30 15:30:00,/Volumes/Argus/unk/snap/c1/1751297400.c1.snap.jpg,0.5450388
2025-06-30 16:00:00,/Volumes/Argus/unk/snap/c1/1751299200.c1.snap.jpg,0.46121505
2025-06-30 16:30:00,/Volumes/Argus/unk/snap/c1/1751301000.c1.snap.jpg,0.4224407
2025-06-30 17:00:00,/Volumes/Argus/unk/snap/c1/1751302800.c1.snap.jpg,0.30250067
2025-06-30 17:30:00,/Volumes/Argus/unk/snap/c1/1751304600.c1.snap.jpg,0.40673882
2025-06-30 18:00:00,/Volumes/Argus/unk/snap/c1/1751306400.c1.snap.jpg,0.33582747
2025-06-30 18:30:00,/Volumes/Argus/unk/snap/c1/1751308200.c1.snap.jpg,0.35543156
2025-06-30 19:00:00,/Volumes/Argus/unk/snap/c1/1751310000.c1.snap.jpg,0.3325774
2025-06-30 19:30:00,/Volumes/Argus/unk/snap/c1/1751311800.c1.snap.jpg,0.57208276
2025-06-30 20:00:00,/Volumes/Argus/unk/snap/c1/1751313600.c1.snap.jpg,0.7020027
2025-06-30 21:00:00,/Volumes/Argus/unk/snap/c1/1751317200.c1.snap.jpg,0.4105922
2025-06-30 21:30:00,/Volumes/Argus/unk/snap/c1/1751319000.c1.snap.jpg,0.35342494
2025-06-30 22:00:00,/Volumes/Argus/unk/snap/c1/1751320800.c1.snap.jpg,0.49897528
2025-06-30 22:30:00,/Volumes/Argus/unk/snap/c1/1751322600.c1.snap.jpg,0.64142036
2025-06-30 23:00:00,/Volumes/Argus/unk/snap/c1/1751324400.c1.snap.jpg,0.585788
2025-06-30 23:30:00,/Volumes/Argus/unk/snap/c1/1751326200.c1.snap.jpg,0.49835655
2025-07-01 00:00:00,/Volumes/Argus/unk/snap/c1/1751328000.c1.snap.jpg,0.5198464
2025-07-01 00:30:00,/Volumes/Argus/unk/snap/c1/1751329800.c1.snap.jpg,0.83541965
2025-07-01 01:00:00,/Volumes/Argus/unk/snap/c1/1751331600.c1.snap.jpg,0.65559816
2025-07-01 01:30:00,/Volumes/Argus/unk/snap/c1/1751333400.c1.snap.jpg,0.5469557
2025-07-01 02:00:00,/Volumes/Argus/unk/snap/c1/1751335200.c1.snap.jpg,0.49921998
2025-07-01 02:30:00,/Volumes/Argus/unk/snap/c1/1751337000.c1.snap.jpg,0.41974854
2025-07-01 03:00:00,/Volumes/Argus/unk/snap/c1/1751338800.c1.snap.jpg,0.52152187
2025-07-01 03:30:00,/Volumes/Argus/unk/snap/c1/1751340600.c1.snap.jpg,0.694055
2025-07-01 04:00:00,/Volumes/Argus/unk/snap/c1/1751342400.c1.snap.jpg,0.76934373
2025-07-01 04:30:00,/Volumes/Argus/unk/snap/c1/1751344200.c1.snap.jpg,0.3955372
2025-07-01 05:00:00,/Volumes/Argus/unk/snap/c1/1751346000.c1.snap.jpg,0.5159787
2025-07-01 05:30:00,/Volumes/Argus/unk/snap/c1/1751347800.c1.snap.jpg,0.3002272
2025-07-01 06:00:00,/Volumes/Argus/unk/snap/c1/1751349600.c1.snap.jpg,0.37710103
2025-07-01 07:00:00,/Volumes/Argus/unk/snap/c1/1751353200.c1.snap.jpg,0.2573541
2025-07-01 07:30:00,/Volumes/Argus/unk/snap/c1/1751355000.c1.snap.jpg,0.26797655
2025-07-01 08:00:00,/Volumes/Argus/unk/snap/c1/1751356800.c1.snap.jpg,0.24738699
2025-07-01 08:30:00,/Volumes/Argus/unk/snap/c1/1751358600.c1.snap.jpg,0.28558472
2025-07-01 09:00:00,/Volumes/Argus/unk/snap/c1/1751360400.c1.snap.jpg,0.2548387
2025-07-01 09:30:00,/Volumes/Argus/unk/snap/c1/1751362200.c1.snap.jpg,0.25833845
2025-07-01 10:00:00,/Volumes/Argus/unk/snap/c1/1751364000.c1.snap.jpg,0.45375788
2025-07-01 10:30:00,/Volumes/Argus/unk/snap/c1/1751365800.c1.snap.jpg,0.3074385
2025-07-01 11:00:00,/Volumes/Argus/unk/snap/c1/1751367600.c1.snap.jpg,0.3594147
2025-07-01 11:30:00,/Volumes/Argus/unk/snap/c1/1751369400.c1.snap.jpg,0.34418875
2025-07-01 12:00:00,/Volumes/Argus/unk/snap/c1/1751371200.c1.snap.jpg,0.30972427
2025-07-01 14:30:00,/Volumes/Argus/unk/snap/c1/1751380200.c1.snap.jpg,0.29796386
2025-07-01 15:00:00,/Volumes/Argus/unk/snap/c1/1751382000.c1.snap.jpg,0.45675212
2025-07-01 15:30:00,/Volumes/Argus/unk/snap/c1/1751383800.c1.snap.jpg,0.37081876
2025-07-01 16:00:00,/Volumes/Argus/unk/snap/c1/1751385600.c1.snap.jpg,0.3098431
2025-07-01 16:30:00,/Volumes/Argus/unk/snap/c1/1751387400.c1.snap.jpg,0.32896858
2025-07-01 17:00:00,/Volumes/Argus/unk/snap/c1/1751389200.c1.snap.jpg,0.27251714
2025-07-01 17:30:00,/Volumes/Argus/unk/snap/c1/1751391000.c1.snap.jpg,0.37532392
2025-07-01 18:00:00,/Volumes/Argus/unk/snap/c1/1751392800.c1.snap.jpg,0.23662658
2025-07-01 18:30:00,/Volumes/Argus/unk/snap/c1/1751394600.c1.snap.jpg,0.35980535
2025-07-01 19:30:00,/Volumes/Argus/unk/snap/c1/1751398200.c1.snap.jpg,0.31169784
2025-07-01 20:00:00,/Volumes/Argus/unk/snap/c1/1751400000.c1.snap.jpg,0.46569487
2025-07-01 20:30:00,/Volumes/Argus/unk/snap/c1/1751401800.c1.snap.jpg,0.36498958
2025-07-01 21:00:00,/Volumes/Argus/unk/snap/c1/1751403600.c1.snap.jpg,0.27149826
2025-07-01 21:30:00,/Volumes/Argus/unk/snap/c1/1751405400.c1.snap.jpg,0.3596564
2025-07-01 22:00:00,/Volumes/Argus/unk/snap/c1/1751407200.c1.snap.jpg,0.33180958
2025-07-01 22:30:00,/Volumes/Argus/unk/snap/c1/1751409000.c1.snap.jpg,0.34825218
2025-07-01 23:00:00,/Volumes/Argus/unk/snap/c1/1751410800.c1.snap.jpg,0.28271765
2025-07-01 23:30:00,/Volumes/Argus/unk/snap/c1/1751412600.c1.snap.jpg,0.310359
2025-07-02 00:00:00,/Volumes/Argus/unk/snap/c1/1751414400.c1.snap.jpg,0.38408238
2025-07-02 00:30:00,/Volumes/Argus/unk/snap/c1/1751416200.c1.snap.jpg,0.3276937
2025-07-02 01:00:00,/Volumes/Argus/unk/snap/c1/1751418000.c1.snap.jpg,0.29188058
2025-07-02 01:30:00,/Volumes/Argus/unk/snap/c1/1751419800.c1.snap.jpg,0.4257662
2025-07-02 02:00:00,/Volumes/Argus/unk/snap/c1/1751421600.c1.snap.jpg,0.38681623
2025-07-02 02:30:00,/Volumes/Argus/unk/snap/c1/1751423400.c1.snap.jpg,0.5305909
2025-07-02 03:00:00,/Volumes/Argus/unk/snap/c1/1751425200.c1.snap.jpg,0.39379448
2025-07-02 03:30:00,/Volumes/Argus/unk/snap/c1/1751427000.c1.snap.jpg,0.53809464
2025-07-02 04:00:00,/Volumes/Argus/unk/snap/c1/1751428800.c1.snap.jpg,0.5230044
2025-07-02 04:30:00,/Volumes/Argus/unk/snap/c1/1751430600.c1.snap.jpg,0.6844723
2025-07-02 05:00:00,/Volumes/Argus/unk/snap/c1/1751432400.c1.snap.jpg,0.65354913
2025-07-02 05:30:00,/Volumes/Argus/unk/snap/c1/1751434200.c1.snap.jpg,0.6046848
2025-07-02 06:00:00,/Volumes/Argus/unk/snap/c1/1751436000.c1.snap.jpg,0.6285433
2025-07-02 06:30:00,/Volumes/Argus/unk/snap/c1/1751437800.c1.snap.jpg,0.6330007
2025-07-02 07:00:00,/Volumes/Argus/unk/snap/c1/1751439600.c1.snap.jpg,0.57038784
2025-07-02 07:30:00,/Volumes/Argus/unk/snap/c1/1751441400.c1.snap.jpg,0.30796674
2025-07-02 08:00:00,/Volumes/Argus/unk/snap/c1/1751443200.c1.snap.jpg,0.3008507
2025-07-02 08:30:00,/Volumes/Argus/unk/snap/c1/1751445000.c1.snap.jpg,0.4866248
2025-07-02 09:00:00,/Volumes/Argus/unk/snap/c1/1751446800.c1.snap.jpg,0.31477156
2025-07-02 09:30:00,/Volumes/Argus/unk/snap/c1/1751448600.c1.snap.jpg,0.2778576
2025-07-02 10:00:00,/Volumes/Argus/unk/snap/c1/1751450400.c1.snap.jpg,0.4200754
2025-07-02 10:30:00,/Volumes/Argus/unk/snap/c1/1751452200.c1.snap.jpg,0.2151428
2025-07-02 11:00:00,/Volumes/Argus/unk/snap/c1/1751454000.c1.snap.jpg,0.2921336
2025-07-02 11:30:00,/Volumes/Argus/unk/snap/c1/1751455800.c1.snap.jpg,0.2904771
2025-07-02 12:00:00,/Volumes/Argus/unk/snap/c1/1751457600.c1.snap.jpg,0.19758615
2025-07-02 14:00:00,/Volumes/Argus/unk/snap/c1/1751464800.c1.snap.jpg,0.21159405
2025-07-02 14:30:00,/Volumes/Argus/unk/snap/c1/1751466600.c1.snap.jpg,0.24764827
2025-07-02 15:00:00,/Volumes/Argus/unk/snap/c1/1751468400.c1.snap.jpg,0.24513325
2025-07-02 15:30:00,/Volumes/Argus/unk/snap/c1/1751470200.c1.snap.jpg,0.32201478
2025-07-02 16:00:00,/Volumes/Argus/unk/snap/c1/1751472000.c1.snap.jpg,0.50169516
2025-07-02 16:30:00,/Volumes/Argus/unk/snap/c1/1751473800.c1.snap.jpg,0.31654966
2025-07-02 17:00:00,/Volumes/Argus/unk/snap/c1/1751475600.c1.snap.jpg,0.7399902
2025-07-02 17:30:00,/Volumes/Argus/unk/snap/c1/1751477400.c1.snap.jpg,0.5471463
2025-07-02 18:00:00,/Volumes/Argus/unk/snap/c1/1751479200.c1.snap.jpg,0.36010775
2025-07-02 18:30:00,/Volumes/Argus/unk/snap/c1/1751481000.c1.snap.jpg,0.40565968
2025-07-02 19:30:00,/Volumes/Argus/unk/snap/c1/1751484600.c1.snap.jpg,0.3400361
2025-07-02 20:00:00,/Volumes/Argus/unk/snap/c1/1751486400.c1.snap.jpg,0.49420142
2025-07-02 20:30:00,/Volumes/Argus/unk/snap/c1/1751488200.c1.snap.jpg,0.48969522
2025-07-02 21:00:00,/Volumes/Argus/unk/snap/c1/1751490000.c1.snap.jpg,0.46171892
2025-07-02 21:30:00,/Volumes/Argus/unk/snap/c1/1751491800.c1.snap.jpg,0.5882288
2025-07-02 22:00:00,/Volumes/Argus/unk/snap/c1/1751493600.c1.snap.jpg,0.6088198
2025-07-02 22:30:00,/Volumes/Argus/unk/snap/c1/1751495400.c1.snap.jpg,0.5597506
2025-07-02 23:00:00,/Volumes/Argus/unk/snap/c1/1751497200.c1.snap.jpg,0.42901272
2025-07-02 23:30:00,/Volumes/Argus/unk/snap/c1/1751499000.c1.snap.jpg,0.33167046
2025-07-03 00:00:00,/Volumes/Argus/unk/snap/c1/1751500800.c1.snap.jpg,0.3066001
2025-07-03 00:30:00,/Volumes/Argus/unk/snap/c1/1751502600.c1.snap.jpg,0.2820201
2025-07-03 01:00:00,/Volumes/Argus/unk/snap/c1/1751504400.c1.snap.jpg,0.34996736
2025-07-03 01:30:00,/Volumes/Argus/unk/snap/c1/1751506200.c1.snap.jpg,0.39245945
2025-07-03 02:00:00,/Volumes/Argus/unk/snap/c1/1751508000.c1.snap.jpg,0.48659536
2025-07-03 02:30:00,/Volumes/Argus/unk/snap/c1/1751509800.c1.snap.jpg,0.49466527
2025-07-03 03:00:00,/Volumes/Argus/unk/snap/c1/1751511600.c1.snap.jpg,0.534146
2025-07-03 03:30:00,/Volumes/Argus/unk/snap/c1/1751513400.c1.snap.jpg,0.47288287
2025-07-03 04:00:00,/Volumes/Argus/unk/snap/c1/1751515200.c1.snap.jpg,0.5526755
2025-07-03 04:30:00,/Volumes/Argus/unk/snap/c1/1751517000.c1.snap.jpg,0.45977572
2025-07-03 05:00:00,/Volumes/Argus/unk/snap/c1/1751518800.c1.snap.jpg,0.30818886
2025-07-03 05:30:00,/Volumes/Argus/unk/snap/c1/1751520600.c1.snap.jpg,0.51205873
2025-07-03 06:00:00,/Volumes/Argus/unk/snap/c1/1751522400.c1.snap.jpg,0.46533698
2025-07-03 06:30:00,/Volumes/Argus/unk/snap/c1/1751524200.c1.snap.jpg,0.5285789
2025-07-03 07:00:00,/Volumes/Argus/unk/snap/c1/1751526000.c1.snap.jpg,0.49472624
2025-07-03 07:30:00,/Volumes/Argus/unk/snap/c1/1751527800.c1.snap.jpg,0.45656192
2025-07-03 08:00:00,/Volumes/Argus/unk/snap/c1/1751529600.c1.snap.jpg,0.45181465
2025-07-03 08:30:00,/Volumes/Argus/unk/snap/c1/1751531400.c1.snap.jpg,0.376175
2025-07-03 09:00:00,/Volumes/Argus/unk/snap/c1/1751533200.c1.snap.jpg,0.29187915
2025-07-03 09:30:00,/Volumes/Argus/unk/snap/c1/1751535000.c1.snap.jpg,0.2950616
2025-07-03 10:00:00,/Volumes/Argus/unk/snap/c1/1751536800.c1.snap.jpg,0.569729
2025-07-03 10:30:00,/Volumes/Argus/unk/snap/c1/1751538600.c1.snap.jpg,0.34612003
2025-07-03 11:00:00,/Volumes/Argus/unk/snap/c1/1751540400.c1.snap.jpg,0.35492307
2025-07-03 11:30:00,/Volumes/Argus/unk/snap/c1/1751542200.c1.snap.jpg,0.5049245
2025-07-03 12:00:00,/Volumes/Argus/unk/snap/c1/1751544000.c1.snap.jpg,0.37695414
2025-07-03 14:00:00,/Volumes/Argus/unk/snap/c1/1751551200.c1.snap.jpg,0.5718641
2025-07-03 14:30:00,/Volumes/Argus/unk/snap/c1/1751553000.c1.snap.jpg,0.2895673
2025-07-03 15:00:00,/Volumes/Argus/unk/snap/c1/1751554800.c1.snap.jpg,0.31964582
2025-07-03 15:30:00,/Volumes/Argus/unk/snap/c1/1751556600.c1.snap.jpg,0.31544387
2025-07-03 16:00:00,/Volumes/Argus/unk/snap/c1/1751558400.c1.snap.jpg,0.5878216
2025-07-03 16:30:00,/Volumes/Argus/unk/snap/c1/1751560200.c1.snap.jpg,0.6405543
2025-07-03 17:00:00,/Volumes/Argus/unk/snap/c1/1751562000.c1.snap.jpg,0.72281235
2025-07-03 17:30:00,/Volumes/Argus/unk/snap/c1/1751563800.c1.snap.jpg,0.30861312
2025-07-03 18:00:00,/Volumes/Argus/unk/snap/c1/1751565600.c1.snap.jpg,0.64406335
2025-07-03 18:30:00,/Volumes/Argus/unk/snap/c1/1751567400.c1.snap.jpg,0.62220377
2025-07-03 19:00:00,/Volumes/Argus/unk/snap/c1/1751569200.c1.snap.jpg,0.5015936
2025-07-03 19:30:00,/Volumes/Argus/unk/snap/c1/1751571000.c1.snap.jpg,0.6663267
2025-07-03 20:30:00,/Volumes/Argus/unk/snap/c1/1751574600.c1.snap.jpg,0.5935689
2025-07-03 21:00:00,/Volumes/Argus/unk/snap/c1/1751576400.c1.snap.jpg,0.6068239
2025-07-03 22:00:00,/Volumes/Argus/unk/snap/c1/1751580000.c1.snap.jpg,0.501657
2025-07-03 22:30:00,/Volumes/Argus/unk/snap/c1/1751581800.c1.snap.jpg,0.55325997
2025-07-03 23:00:00,/Volumes/Argus/unk/snap/c1/1751583600.c1.snap.jpg,0.5141226
2025-07-03 23:30:00,/Volumes/Argus/unk/snap/c1/1751585400.c1.snap.jpg,0.62981
2025-07-04 00:00:00,/Volumes/Argus/unk/snap/c1/1751587200.c1.snap.jpg,0.5401051
2025-07-04 00:30:00,/Volumes/Argus/unk/snap/c1/1751589000.c1.snap.jpg,0.5708028
2025-07-04 01:00:00,/Volumes/Argus/unk/snap/c1/1751590800.c1.snap.jpg,0.5085392
2025-07-04 01:30:00,/Volumes/Argus/unk/snap/c1/1751592600.c1.snap.jpg,0.33191314
2025-07-04 02:00:00,/Volumes/Argus/unk/snap/c1/1751594400.c1.snap.jpg,0.66687334
2025-07-04 02:30:00,/Volumes/Argus/unk/snap/c1/1751596200.c1.snap.jpg,0.4589615
2025-07-04 03:00:00,/Volumes/Argus/unk/snap/c1/1751598000.c1.snap.jpg,0.40563625
2025-07-04 03:30:00,/Volumes/Argus/unk/snap/c1/1751599800.c1.snap.jpg,0.3226594
2025-07-04 04:00:00,/Volumes/Argus/unk/snap/c1/1751601600.c1.snap.jpg,0.25906515
2025-07-04 04:30:00,/Volumes/Argus/unk/snap/c1/1751603400.c1.snap.jpg,0.6773119
2025-07-04 05:00:00,/Volumes/Argus/unk/snap/c1/1751605200.c1.snap.jpg,0.26162922
2025-07-04 05:30:00,/Volumes/Argus/unk/snap/c1/1751607000.c1.snap.jpg,0.27979252
2025-07-04 06:30:00,/Volumes/Argus/unk/snap/c1/1751610600.c1.snap.jpg,0.42389053
2025-07-04 07:00:00,/Volumes/Argus/unk/snap/c1/1751612400.c1.snap.jpg,0.31953168
2025-07-04 07:30:00,/Volumes/Argus/unk/snap/c1/1751614200.c1.snap.jpg,0.29933143
2025-07-04 08:00:00,/Volumes/Argus/unk/snap/c1/1751616000.c1.snap.jpg,0.28727186
2025-07-04 08:30:00,/Volumes/Argus/unk/snap/c1/1751617800.c1.snap.jpg,0.3240224
2025-07-04 09:00:00,/Volumes/Argus/unk/snap/c1/1751619600.c1.snap.jpg,0.4562072
2025-07-04 09:30:00,/Volumes/Argus/unk/snap/c1/1751621400.c1.snap.jpg,0.32090437
2025-07-04 10:00:00,/Volumes/Argus/unk/snap/c1/1751623200.c1.snap.jpg,0.35201466
2025-07-04 10:30:00,/Volumes/Argus/unk/snap/c1/1751625000.c1.snap.jpg,0.37909365
2025-07-04 11:00:00,/Volumes/Argus/unk/snap/c1/1751626800.c1.snap.jpg,0.34957024
2025-07-04 11:30:00,/Volumes/Argus/unk/snap/c1/1751628600.c1.snap.jpg,0.29122466
2025-07-04 12:00:00,/Volumes/Argus/unk/snap/c1/1751630400.c1.snap.jpg,0.3088913
2025-07-04 14:00:00,/Volumes/Argus/unk/snap/c1/1751637600.c1.snap.jpg,0.3174916
2025-07-04 14:30:00,/Volumes/Argus/unk/snap/c1/1751639400.c1.snap.jpg,0.35589015
2025-07-04 15:00:00,/Volumes/Argus/unk/snap/c1/1751641200.c1.snap.jpg,0.2885049
2025-07-04 15:30:00,/Volumes/Argus/unk/snap/c1/1751643000.c1.snap.jpg,0.3171971
2025-07-04 16:00:00,/Volumes/Argus/unk/snap/c1/1751644800.c1.snap.jpg,0.34581968
2025-07-04 16:30:00,/Volumes/Argus/unk/snap/c1/1751646600.c1.snap.jpg,0.29176027
2025-07-04 17:00:00,/Volumes/Argus/unk/snap/c1/1751648400.c1.snap.jpg,0.44844818
2025-07-04 17:30:00,/Volumes/Argus/unk/snap/c1/1751650200.c1.snap.jpg,0.36322471
2025-07-04 18:00:00,/Volumes/Argus/unk/snap/c1/1751652000.c1.snap.jpg,0.38379586
2025-07-04 18:30:00,/Volumes/Argus/unk/snap/c1/1751653800.c1.snap.jpg,0.36314982
2025-07-04 19:00:00,/Volumes/Argus/unk/snap/c1/1751655600.c1.snap.jpg,0.3467487
2025-07-04 19:30:00,/Volumes/Argus/unk/snap/c1/1751657400.c1.snap.jpg,0.43947065
2025-07-04 20:00:00,/Volumes/Argus/unk/snap/c1/1751659200.c1.snap.jpg,0.31921405
2025-07-04 20:30:00,/Volumes/Argus/unk/snap/c1/1751661000.c1.snap.jpg,0.34960407
2025-07-04 21:00:00,/Volumes/Argus/unk/snap/c1/1751662800.c1.snap.jpg,0.26958567
2025-07-04 21:30:00,/Volumes/Argus/unk/snap/c1/1751664600.c1.snap.jpg,0.3567936
2025-07-04 22:00:00,/Volumes/Argus/unk/snap/c1/1751666400.c1.snap.jpg,0.44270352
2025-07-04 22:30:00,/Volumes/Argus/unk/snap/c1/1751668200.c1.snap.jpg,0.5221721
2025-07-04 23:00:00,/Volumes/Argus/unk/snap/c1/1751670000.c1.snap.jpg,0.5380323
2025-07-04 23:30:00,/Volumes/Argus/unk/snap/c1/1751671800.c1.snap.jpg,0.38543347
2025-07-05 00:30:00,/Volumes/Argus/unk/snap/c1/1751675400.c1.snap.jpg,0.29755974
2025-07-05 01:00:00,/Volumes/Argus/unk/snap/c1/1751677200.c1.snap.jpg,0.3118365
2025-07-05 01:30:00,/Volumes/Argus/unk/snap/c1/1751679000.c1.snap.jpg,0.45045927
2025-07-05 02:00:00,/Volumes/Argus/unk/snap/c1/1751680800.c1.snap.jpg,0.49303976
2025-07-05 02:30:00,/Volumes/Argus/unk/snap/c1/1751682600.c1.snap.jpg,0.42872632
2025-07-05 03:00:00,/Volumes/Argus/unk/snap/c1/1751684400.c1.snap.jpg,0.48524636
2025-07-05 03:30:00,/Volumes/Argus/unk/snap/c1/1751686200.c1.snap.jpg,0.4899572
2025-07-05 04:30:00,/Volumes/Argus/unk/snap/c1/1751689800.c1.snap.jpg,0.59031564
2025-07-05 05:00:00,/Volumes/Argus/unk/snap/c1/1751691600.c1.snap.jpg,0.32665998
2025-07-05 05:30:00,/Volumes/Argus/unk/snap/c1/1751693400.c1.snap.jpg,0.27533877
2025-07-05 06:00:00,/Volumes/Argus/unk/snap/c1/1751695200.c1.snap.jpg,0.41249356
2025-07-05 06:30:00,/Volumes/Argus/unk/snap/c1/1751697000.c1.snap.jpg,0.5403731
2025-07-05 07:00:00,/Volumes/Argus/unk/snap/c1/1751698800.c1.snap.jpg,0.4615165
2025-07-05 07:30:00,/Volumes/Argus/unk/snap/c1/1751700600.c1.snap.jpg,0.4347605
2025-07-05 08:00:00,/Volumes/Argus/unk/snap/c1/1751702400.c1.snap.jpg,0.30763042
2025-07-05 08:30:00,/Volumes/Argus/unk/snap/c1/1751704200.c1.snap.jpg,0.242134
2025-07-05 10:00:00,/Volumes/Argus/unk/snap/c1/1751709600.c1.snap.jpg,0.23623435
2025-07-05 10:30:00,/Volumes/Argus/unk/snap/c1/1751711400.c1.snap.jpg,0.22287565
2025-07-05 11:00:00,/Volumes/Argus/unk/snap/c1/1751713200.c1.snap.jpg,0.24888206
2025-07-05 11:30:00,/Volumes/Argus/unk/snap/c1/1751715000.c1.snap.jpg,0.18615748
2025-07-05 14:00:00,/Volumes/Argus/unk/snap/c1/1751724000.c1.snap.jpg,0.20609833
2025-07-05 14:30:00,/Volumes/Argus/unk/snap/c1/1751725800.c1.snap.jpg,0.25303462
2025-07-05 15:00:00,/Volumes/Argus/unk/snap/c1/1751727600.c1.snap.jpg,0.4612109
2025-07-05 15:30:00,/Volumes/Argus/unk/snap/c1/1751729400.c1.snap.jpg,0.40742096
2025-07-05 16:00:00,/Volumes/Argus/unk/snap/c1/1751731200.c1.snap.jpg,0.506338
2025-07-05 16:30:00,/Volumes/Argus/unk/snap/c1/1751733000.c1.snap.jpg,0.45348167
2025-07-05 17:00:00,/Volumes/Argus/unk/snap/c1/1751734800.c1.snap.jpg,0.4522364
2025-07-05 17:30:00,/Volumes/Argus/unk/snap/c1/1751736600.c1.snap.jpg,0.51813525
2025-07-05 18:00:00,/Volumes/Argus/unk/snap/c1/1751738400.c1.snap.jpg,0.31340158
2025-07-05 18:30:00,/Volumes/Argus/unk/snap/c1/1751740200.c1.snap.jpg,0.29297602
2025-07-05 19:00:00,/Volumes/Argus/unk/snap/c1/1751742000.c1.snap.jpg,0.2575552
2025-07-05 19:30:00,/Volumes/Argus/unk/snap/c1/1751743800.c1.snap.jpg,0.23966166
2025-07-05 20:00:00,/Volumes/Argus/unk/snap/c1/1751745600.c1.snap.jpg,0.20713595
2025-07-05 20:30:00,/Volumes/Argus/unk/snap/c1/1751747400.c1.snap.jpg,0.24743994
2025-07-05 21:30:00,/Volumes/Argus/unk/snap/c1/1751751000.c1.snap.jpg,0.26476353
2025-07-05 22:00:00,/Volumes/Argus/unk/snap/c1/1751752800.c1.snap.jpg,0.26879176
2025-07-05 22:30:00,/Volumes/Argus/unk/snap/c1/1751754600.c1.snap.jpg,0.24456808
2025-07-05 23:00:00,/Volumes/Argus/unk/snap/c1/1751756400.c1.snap.jpg,0.24313562
2025-07-05 23:30:00,/Volumes/Argus/unk/snap/c1/1751758200.c1.snap.jpg,0.37780753
2025-07-06 00:00:00,/Volumes/Argus/unk/snap/c1/1751760000.c1.snap.jpg,0.3090617
2025-07-06 00:30:00,/Volumes/Argus/unk/snap/c1/1751761800.c1.snap.jpg,0.41845217
2025-07-06 01:00:00,/Volumes/Argus/unk/snap/c1/1751763600.c1.snap.jpg,0.38884306
2025-07-06 01:30:00,/Volumes/Argus/unk/snap/c1/1751765400.c1.snap.jpg,0.59518594
2025-07-06 02:00:00,/Volumes/Argus/unk/snap/c1/1751767200.c1.snap.jpg,0.98584664
2025-07-06 02:30:00,/Volumes/Argus/unk/snap/c1/1751769000.c1.snap.jpg,0.54858756
2025-07-06 03:00:00,/Volumes/Argus/unk/snap/c1/1751770800.c1.snap.jpg,0.3321151
2025-07-06 03:30:00,/Volumes/Argus/unk/snap/c1/1751772600.c1.snap.jpg,0.34170118
2025-07-06 04:00:00,/Volumes/Argus/unk/snap/c1/1751774400.c1.snap.jpg,0.5281044
2025-07-06 04:30:00,/Volumes/Argus/unk/snap/c1/1751776200.c1.snap.jpg,0.21846363
2025-07-06 05:00:00,/Volumes/Argus/unk/snap/c1/1751778000.c1.snap.jpg,0.236767
2025-07-06 05:30:00,/Volumes/Argus/unk/snap/c1/1751779800.c1.snap.jpg,0.292348
2025-07-06 06:00:00,/Volumes/Argus/unk/snap/c1/1751781600.c1.snap.jpg,0.23318306
2025-07-06 06:30:00,/Volumes/Argus/unk/snap/c1/1751783400.c1.snap.jpg,0.23180674
2025-07-06 07:00:00,/Volumes/Argus/unk/snap/c1/1751785200.c1.snap.jpg,0.23723352
2025-07-06 07:30:00,/Volumes/Argus/unk/snap/c1/1751787000.c1.snap.jpg,0.23574029
2025-07-06 08:00:00,/Volumes/Argus/unk/snap/c1/1751788800.c1.snap.jpg,0.23029879
2025-07-06 08:30:00,/Volumes/Argus/unk/snap/c1/1751790600.c1.snap.jpg,0.2799391
2025-07-06 09:00:00,/Volumes/Argus/unk/snap/c1/1751792400.c1.snap.jpg,0.309724
2025-07-06 09:30:00,/Volumes/Argus/unk/snap/c1/1751794200.c1.snap.jpg,0.3730005
2025-07-06 10:00:00,/Volumes/Argus/unk/snap/c1/1751796000.c1.snap.jpg,0.38850546
2025-07-06 10:30:00,/Volumes/Argus/unk/snap/c1/1751797800.c1.snap.jpg,0.45024306
2025-07-06 11:00:00,/Volumes/Argus/unk/snap/c1/1751799600.c1.snap.jpg,0.45231804
2025-07-06 11:30:00,/Volumes/Argus/unk/snap/c1/1751801400.c1.snap.jpg,0.50031424
2025-07-06 12:00:00,/Volumes/Argus/unk/snap/c1/1751803200.c1.snap.jpg,0.35509712
2025-07-06 14:30:00,/Volumes/Argus/unk/snap/c1/1751812200.c1.snap.jpg,0.37004882
2025-07-06 15:00:00,/Volumes/Argus/unk/snap/c1/1751814000.c1.snap.jpg,0.3318655
2025-07-06 15:30:00,/Volumes/Argus/unk/snap/c1/1751815800.c1.snap.jpg,0.46321046
2025-07-06 16:00:00,/Volumes/Argus/unk/snap/c1/1751817600.c1.snap.jpg,0.23661262
2025-07-06 16:30:00,/Volumes/Argus/unk/snap/c1/1751819400.c1.snap.jpg,0.30621496
2025-07-06 17:00:00,/Volumes/Argus/unk/snap/c1/1751821200.c1.snap.jpg,0.45064062
2025-07-06 17:30:00,/Volumes/Argus/unk/snap/c1/1751823000.c1.snap.jpg,0.5198401
2025-07-06 18:00:00,/Volumes/Argus/unk/snap/c1/1751824800.c1.snap.jpg,0.55341434
2025-07-06 18:30:00,/Volumes/Argus/unk/snap/c1/1751826600.c1.snap.jpg,0.64687943
2025-07-06 19:00:00,/Volumes/Argus/unk/snap/c1/1751828400.c1.snap.jpg,0.37077045
2025-07-06 19:30:00,/Volumes/Argus/unk/snap/c1/1751830200.c1.snap.jpg,0.63269955
2025-07-06 20:00:00,/Volumes/Argus/unk/snap/c1/1751832000.c1.snap.jpg,0.45681638
2025-07-06 20:30:00,/Volumes/Argus/unk/snap/c1/1751833800.c1.snap.jpg,0.42267027
2025-07-06 21:00:00,/Volumes/Argus/unk/snap/c1/1751835600.c1.snap.jpg,0.45110172
2025-07-06 21:30:00,/Volumes/Argus/unk/snap/c1/1751837400.c1.snap.jpg,0.41162392
2025-07-06 22:00:00,/Volumes/Argus/unk/snap/c1/1751839200.c1.snap.jpg,0.45244983
2025-07-06 22:30:00,/Volumes/Argus/unk/snap/c1/1751841000.c1.snap.jpg,0.41785967
2025-07-06 23:00:00,/Volumes/Argus/unk/snap/c1/1751842800.c1.snap.jpg,0.29536632
2025-07-06 23:30:00,/Volumes/Argus/unk/snap/c1/1751844600.c1.snap.jpg,0.36683762
2025-07-07 00:00:00,/Volumes/Argus/unk/snap/c1/1751846400.c1.snap.jpg,0.66862464
2025-07-07 00:30:00,/Volumes/Argus/unk/snap/c1/1751848200.c1.snap.jpg,0.4353832
2025-07-07 01:00:00,/Volumes/Argus/unk/snap/c1/1751850000.c1.snap.jpg,0.40889466
2025-07-07 01:30:00,/Volumes/Argus/unk/snap/c1/1751851800.c1.snap.jpg,0.45033
2025-07-07 02:00:00,/Volumes/Argus/unk/snap/c1/1751853600.c1.snap.jpg,0.41531464
2025-07-07 02:30:00,/Volumes/Argus/unk/snap/c1/1751855400.c1.snap.jpg,0.3367474
2025-07-07 03:00:00,/Volumes/Argus/unk/snap/c1/1751857200.c1.snap.jpg,0.48173913
2025-07-07 03:30:00,/Volumes/Argus/unk/snap/c1/1751859000.c1.snap.jpg,0.31684452
2025-07-07 04:00:00,/Volumes/Argus/unk/snap/c1/1751860800.c1.snap.jpg,0.31553823
2025-07-07 04:30:00,/Volumes/Argus/unk/snap/c1/1751862600.c1.snap.jpg,0.3102827
2025-07-07 05:00:00,/Volumes/Argus/unk/snap/c1/1751864400.c1.snap.jpg,0.45744014
2025-07-07 05:30:00,/Volumes/Argus/unk/snap/c1/1751866200.c1.snap.jpg,0.34051725
2025-07-07 06:00:00,/Volumes/Argus/unk/snap/c1/1751868000.c1.snap.jpg,0.43505055
2025-07-07 06:30:00,/Volumes/Argus/unk/snap/c1/1751869800.c1.snap.jpg,0.36123624
2025-07-07 07:00:00,/Volumes/Argus/unk/snap/c1/1751871600.c1.snap.jpg,0.3520518
2025-07-07 08:00:00,/Volumes/Argus/unk/snap/c1/1751875200.c1.snap.jpg,0.33824828
2025-07-07 08:30:00,/Volumes/Argus/unk/snap/c1/1751877000.c1.snap.jpg,0.3620264
2025-07-07 09:00:00,/Volumes/Argus/unk/snap/c1/1751878800.c1.snap.jpg,0.37810418
2025-07-07 09:30:00,/Volumes/Argus/unk/snap/c1/1751880600.c1.snap.jpg,0.39036506
2025-07-07 10:00:00,/Volumes/Argus/unk/snap/c1/1751882400.c1.snap.jpg,0.40284312
2025-07-07 10:30:00,/Volumes/Argus/unk/snap/c1/1751884200.c1.snap.jpg,0.3045516
2025-07-07 11:00:00,/Volumes/Argus/unk/snap/c1/1751886000.c1.snap.jpg,0.37778753
2025-07-07 11:30:00,/Volumes/Argus/unk/snap/c1/1751887800.c1.snap.jpg,0.3968028
2025-07-07 12:00:00,/Volumes/Argus/unk/snap/c1/1751889600.c1.snap.jpg,0.369595
2025-07-07 14:00:00,/Volumes/Argus/unk/snap/c1/1751896800.c1.snap.jpg,0.36583924
2025-07-07 14:30:00,/Volumes/Argus/unk/snap/c1/1751898600.c1.snap.jpg,0.38865232
2025-07-07 15:00:00,/Volumes/Argus/unk/snap/c1/1751900400.c1.snap.jpg,0.275819
2025-07-07 15:30:00,/Volumes/Argus/unk/snap/c1/1751902200.c1.snap.jpg,0.28427744
2025-07-07 16:00:00,/Volumes/Argus/unk/snap/c1/1751904000.c1.snap.jpg,0.2516412
2025-07-07 16:30:00,/Volumes/Argus/unk/snap/c1/1751905800.c1.snap.jpg,0.25496408
2025-07-07 17:00:00,/Volumes/Argus/unk/snap/c1/1751907600.c1.snap.jpg,0.27260667
2025-07-07 17:30:00,/Volumes/Argus/unk/snap/c1/1751909400.c1.snap.jpg,0.2921684
2025-07-07 18:00:00,/Volumes/Argus/unk/snap/c1/1751911200.c1.snap.jpg,0.37134695
2025-07-07 18:30:00,/Volumes/Argus/unk/snap/c1/1751913000.c1.snap.jpg,0.32952806
2025-07-07 19:00:00,/Volumes/Argus/unk/snap/c1/1751914800.c1.snap.jpg,0.33258772
2025-07-07 19:30:00,/Volumes/Argus/unk/snap/c1/1751916600.c1.snap.jpg,0.3243369
2025-07-07 20:00:00,/Volumes/Argus/unk/snap/c1/1751918400.c1.snap.jpg,0.31816489
2025-07-07 20:30:00,/Volumes/Argus/unk/snap/c1/1751920200.c1.snap.jpg,0.3448239
2025-07-07 21:00:00,/Volumes/Argus/unk/snap/c1/1751922000.c1.snap.jpg,0.2805044
2025-07-07 22:30:00,/Volumes/Argus/unk/snap/c1/1751927400.c1.snap.jpg,0.3729743
2025-07-07 23:00:00,/Volumes/Argus/unk/snap/c1/1751929200.c1.snap.jpg,0.39512286
2025-07-07 23:30:00,/Volumes/Argus/unk/snap/c1/1751931000.c1.snap.jpg,0.37691692
2025-07-08 00:00:00,/Volumes/Argus/unk/snap/c1/1751932800.c1.snap.jpg,0.35070437
2025-07-08 00:30:00,/Volumes/Argus/unk/snap/c1/1751934600.c1.snap.jpg,0.33457237
2025-07-08 01:00:00,/Volumes/Argus/unk/snap/c1/1751936400.c1.snap.jpg,0.44602406
2025-07-08 01:30:00,/Volumes/Argus/unk/snap/c1/1751938200.c1.snap.jpg,0.43658552
2025-07-08 02:00:00,/Volumes/Argus/unk/snap/c1/1751940000.c1.snap.jpg,0.51184446
2025-07-08 02:30:00,/Volumes/Argus/unk/snap/c1/1751941800.c1.snap.jpg,0.44903186
2025-07-08 03:00:00,/Volumes/Argus/unk/snap/c1/1751943600.c1.snap.jpg,0.33998838
2025-07-08 03:30:00,/Volumes/Argus/unk/snap/c1/1751945400.c1.snap.jpg,0.41222852
2025-07-08 04:00:00,/Volumes/Argus/unk/snap/c1/1751947200.c1.snap.jpg,0.3841833
2025-07-08 04:30:00,/Volumes/Argus/unk/snap/c1/1751949000.c1.snap.jpg,0.42615575
2025-07-08 05:00:00,/Volumes/Argus/unk/snap/c1/1751950800.c1.snap.jpg,0.28803754
2025-07-08 05:30:00,/Volumes/Argus/unk/snap/c1/1751952600.c1.snap.jpg,0.40518445
2025-07-08 06:00:00,/Volumes/Argus/unk/snap/c1/1751954400.c1.snap.jpg,0.5240048
2025-07-08 06:30:00,/Volumes/Argus/unk/snap/c1/1751956200.c1.snap.jpg,0.3870268
2025-07-08 07:00:00,/Volumes/Argus/unk/snap/c1/1751958000.c1.snap.jpg,0.50071245
2025-07-08 07:30:00,/Volumes/Argus/unk/snap/c1/1751959800.c1.snap.jpg,0.39876047
2025-07-08 08:00:00,/Volumes/Argus/unk/snap/c1/1751961600.c1.snap.jpg,0.38479707
2025-07-08 08:30:00,/Volumes/Argus/unk/snap/c1/1751963400.c1.snap.jpg,0.4349427
2025-07-08 09:00:00,/Volumes/Argus/unk/snap/c1/1751965200.c1.snap.jpg,0.33787024
2025-07-08 09:30:00,/Volumes/Argus/unk/snap/c1/1751967000.c1.snap.jpg,0.3403187
2025-07-08 10:00:00,/Volumes/Argus/unk/snap/c1/1751968800.c1.snap.jpg,0.4076888
2025-07-08 10:30:00,/Volumes/Argus/unk/snap/c1/1751970600.c1.snap.jpg,0.2854307
2025-07-08 11:00:00,/Volumes/Argus/unk/snap/c1/1751972400.c1.snap.jpg,0.41708866
2025-07-08 11:30:00,/Volumes/Argus/unk/snap/c1/1751974200.c1.snap.jpg,0.4980963
2025-07-08 12:00:00,/Volumes/Argus/unk/snap/c1/1751976000.c1.snap.jpg,0.5843265
2025-07-08 14:00:00,/Volumes/Argus/unk/snap/c1/1751983200.c1.snap.jpg,0.7134187
2025-07-08 14:30:00,/Volumes/Argus/unk/snap/c1/1751985000.c1.snap.jpg,0.7478918
2025-07-08 15:00:00,/Volumes/Argus/unk/snap/c1/1751986800.c1.snap.jpg,0.7033609
2025-07-08 15:30:00,/Volumes/Argus/unk/snap/c1/1751988600.c1.snap.jpg,0.776309
2025-07-08 16:00:00,/Volumes/Argus/unk/snap/c1/1751990400.c1.snap.jpg,0.75288165
2025-07-08 16:30:00,/Volumes/Argus/unk/snap/c1/1751992200.c1.snap.jpg,0.7311005
2025-07-08 17:00:00,/Volumes/Argus/unk/snap/c1/1751994000.c1.snap.jpg,0.69920146
2025-07-08 17:30:00,/Volumes/Argus/unk/snap/c1/1751995800.c1.snap.jpg,0.6280544
2025-07-08 18:00:00,/Volumes/Argus/unk/snap/c1/1751997600.c1.snap.jpg,0.73052716
2025-07-08 18:30:00,/Volumes/Argus/unk/snap/c1/1751999400.c1.snap.jpg,0.6018734
2025-07-08 19:00:00,/Volumes/Argus/unk/snap/c1/1752001200.c1.snap.jpg,0.7756606
2025-07-08 19:30:00,/Volumes/Argus/unk/snap/c1/1752003000.c1.snap.jpg,0.61454695
2025-07-08 20:00:00,/Volumes/Argus/unk/snap/c1/1752004800.c1.snap.jpg,0.64090335
2025-07-08 20:30:00,/Volumes/Argus/unk/snap/c1/1752006600.c1.snap.jpg,0.6542343
2025-07-08 21:00:00,/Volumes/Argus/unk/snap/c1/1752008400.c1.snap.jpg,0.71489
2025-07-08 21:30:00,/Volumes/Argus/unk/snap/c1/1752010200.c1.snap.jpg,0.59239066
2025-07-08 22:00:00,/Volumes/Argus/unk/snap/c1/1752012000.c1.snap.jpg,0.77860755
2025-07-08 23:00:00,/Volumes/Argus/unk/snap/c1/1752015600.c1.snap.jpg,0.68205017
2025-07-08 23:30:00,/Volumes/Argus/unk/snap/c1/1752017400.c1.snap.jpg,0.61848694
2025-07-09 00:00:00,/Volumes/Argus/unk/snap/c1/1752019200.c1.snap.jpg,0.6201377
2025-07-09 00:30:00,/Volumes/Argus/unk/snap/c1/1752021000.c1.snap.jpg,0.7068974
2025-07-09 01:00:00,/Volumes/Argus/unk/snap/c1/1752022800.c1.snap.jpg,0.62040675
2025-07-09 01:30:00,/Volumes/Argus/unk/snap/c1/1752024600.c1.snap.jpg,0.57592475
2025-07-09 02:00:00,/Volumes/Argus/unk/snap/c1/1752026400.c1.snap.jpg,0.40013176
2025-07-09 02:30:00,/Volumes/Argus/unk/snap/c1/1752028200.c1.snap.jpg,0.41736996
2025-07-09 03:00:00,/Volumes/Argus/unk/snap/c1/1752030000.c1.snap.jpg,0.57268107
2025-07-09 03:30:00,/Volumes/Argus/unk/snap/c1/1752031800.c1.snap.jpg,0.4854058
2025-07-09 04:00:00,/Volumes/Argus/unk/snap/c1/1752033600.c1.snap.jpg,0.6509398
2025-07-09 04:30:00,/Volumes/Argus/unk/snap/c1/1752035400.c1.snap.jpg,0.64135396
2025-07-09 05:00:00,/Volumes/Argus/unk/snap/c1/1752037200.c1.snap.jpg,0.5584191
2025-07-09 05:30:00,/Volumes/Argus/unk/snap/c1/1752039000.c1.snap.jpg,0.5960978
2025-07-09 06:00:00,/Volumes/Argus/unk/snap/c1/1752040800.c1.snap.jpg,0.5059771
2025-07-09 06:30:00,/Volumes/Argus/unk/snap/c1/1752042600.c1.snap.jpg,0.60729253
2025-07-09 07:00:00,/Volumes/Argus/unk/snap/c1/1752044400.c1.snap.jpg,0.5293097
2025-07-09 07:30:00,/Volumes/Argus/unk/snap/c1/1752046200.c1.snap.jpg,0.52816945
2025-07-09 08:00:00,/Volumes/Argus/unk/snap/c1/1752048000.c1.snap.jpg,0.40458024
2025-07-09 08:30:00,/Volumes/Argus/unk/snap/c1/1752049800.c1.snap.jpg,0.3998184
2025-07-09 09:00:00,/Volumes/Argus/unk/snap/c1/1752051600.c1.snap.jpg,0.39357606
2025-07-09 09:30:00,/Volumes/Argus/unk/snap/c1/1752053400.c1.snap.jpg,0.433205
2025-07-09 10:00:00,/Volumes/Argus/unk/snap/c1/1752055200.c1.snap.jpg,0.50417995
2025-07-09 10:30:00,/Volumes/Argus/unk/snap/c1/1752057000.c1.snap.jpg,0.26194426
2025-07-09 11:00:00,/Volumes/Argus/unk/snap/c1/1752058800.c1.snap.jpg,0.39351207
2025-07-09 11:30:00,/Volumes/Argus/unk/snap/c1/1752060600.c1.snap.jpg,0.4185222
2025-07-09 12:00:00,/Volumes/Argus/unk/snap/c1/1752062400.c1.snap.jpg,0.31391406
2025-07-09 14:00:00,/Volumes/Argus/unk/snap/c1/1752069600.c1.snap.jpg,0.5677547
2025-07-09 14:30:00,/Volumes/Argus/unk/snap/c1/1752071400.c1.snap.jpg,0.583189
2025-07-09 15:00:00,/Volumes/Argus/unk/snap/c1/1752073200.c1.snap.jpg,0.5497664
2025-07-09 15:30:00,/Volumes/Argus/unk/snap/c1/1752075000.c1.snap.jpg,0.60867906
2025-07-09 16:00:00,/Volumes/Argus/unk/snap/c1/1752076800.c1.snap.jpg,0.5077209
2025-07-09 16:30:00,/Volumes/Argus/unk/snap/c1/1752078600.c1.snap.jpg,0.39978212
2025-07-09 17:00:00,/Volumes/Argus/unk/snap/c1/1752080400.c1.snap.jpg,0.42184436
2025-07-09 17:30:00,/Volumes/Argus/unk/snap/c1/1752082200.c1.snap.jpg,0.39520484
2025-07-09 18:00:00,/Volumes/Argus/unk/snap/c1/1752084000.c1.snap.jpg,0.42960265
2025-07-09 18:30:00,/Volumes/Argus/unk/snap/c1/1752085800.c1.snap.jpg,0.38785404
2025-07-09 19:00:00,/Volumes/Argus/unk/snap/c1/1752087600.c1.snap.jpg,0.5222297
2025-07-09 19:30:00,/Volumes/Argus/unk/snap/c1/1752089400.c1.snap.jpg,0.6391942
2025-07-09 20:00:00,/Volumes/Argus/unk/snap/c1/1752091200.c1.snap.jpg,0.70122766
2025-07-09 20:30:00,/Volumes/Argus/unk/snap/c1/1752093000.c1.snap.jpg,0.81279373
2025-07-09 21:00:00,/Volumes/Argus/unk/snap/c1/1752094800.c1.snap.jpg,0.7795473
2025-07-09 21:30:00,/Volumes/Argus/unk/snap/c1/1752096600.c1.snap.jpg,0.79891455
2025-07-09 22:00:00,/Volumes/Argus/unk/snap/c1/1752098400.c1.snap.jpg,0.73141026
2025-07-09 22:30:00,/Volumes/Argus/unk/snap/c1/1752100200.c1.snap.jpg,0.6861647
2025-07-09 23:00:00,/Volumes/Argus/unk/snap/c1/1752102000.c1.snap.jpg,0.77675235
2025-07-09 23:30:00,/Volumes/Argus/unk/snap/c1/1752103800.c1.snap.jpg,0.6586534
2025-07-10 00:00:00,/Volumes/Argus/unk/snap/c1/1752105600.c1.snap.jpg,0.62158114
2025-07-10 00:30:00,/Volumes/Argus/unk/snap/c1/1752107400.c1.snap.jpg,0.5963315
2025-07-10 01:00:00,/Volumes/Argus/unk/snap/c1/1752109200.c1.snap.jpg,0.63893235
2025-07-10 01:30:00,/Volumes/Argus/unk/snap/c1/1752111000.c1.snap.jpg,0.7025439
2025-07-10 02:30:00,/Volumes/Argus/unk/snap/c1/1752114600.c1.snap.jpg,0.56253445
2025-07-10 03:00:00,/Volumes/Argus/unk/snap/c1/1752116400.c1.snap.jpg,0.6461476
2025-07-10 03:30:00,/Volumes/Argus/unk/snap/c1/1752118200.c1.snap.jpg,0.6619241
2025-07-10 04:00:00,/Volumes/Argus/unk/snap/c1/1752120000.c1.snap.jpg,0.6230257
2025-07-10 04:30:00,/Volumes/Argus/unk/snap/c1/1752121800.c1.snap.jpg,0.71580017
2025-07-10 05:00:00,/Volumes/Argus/unk/snap/c1/1752123600.c1.snap.jpg,0.90890425
2025-07-10 05:30:00,/Volumes/Argus/unk/snap/c1/1752125400.c1.snap.jpg,0.8240702
2025-07-10 06:00:00,/Volumes/Argus/unk/snap/c1/1752127200.c1.snap.jpg,0.64805627
2025-07-10 06:30:00,/Volumes/Argus/unk/snap/c1/1752129000.c1.snap.jpg,0.63026226
2025-07-10 07:00:00,/Volumes/Argus/unk/snap/c1/1752130800.c1.snap.jpg,0.6801531
2025-07-10 07:30:00,/Volumes/Argus/unk/snap/c1/1752132600.c1.snap.jpg,0.6893899
2025-07-10 08:00:00,/Volumes/Argus/unk/snap/c1/1752134400.c1.snap.jpg,0.73621166
2025-07-10 08:30:00,/Volumes/Argus/unk/snap/c1/1752136200.c1.snap.jpg,0.6093513
2025-07-10 09:00:00,/Volumes/Argus/unk/snap/c1/1752138000.c1.snap.jpg,0.8133965
2025-07-10 09:30:00,/Volumes/Argus/unk/snap/c1/1752139800.c1.snap.jpg,0.83233964
2025-07-10 10:00:00,/Volumes/Argus/unk/snap/c1/1752141600.c1.snap.jpg,0.55519795
2025-07-10 10:30:00,/Volumes/Argus/unk/snap/c1/1752143400.c1.snap.jpg,0.46733072
2025-07-10 11:00:00,/Volumes/Argus/unk/snap/c1/1752145200.c1.snap.jpg,0.4387769
2025-07-10 11:30:00,/Volumes/Argus/unk/snap/c1/1752147000.c1.snap.jpg,0.59884197
2025-07-10 12:00:00,/Volumes/Argus/unk/snap/c1/1752148800.c1.snap.jpg,0.36143032
2025-07-10 14:00:00,/Volumes/Argus/unk/snap/c1/1752156000.c1.snap.jpg,0.782761
2025-07-10 14:30:00,/Volumes/Argus/unk/snap/c1/1752157800.c1.snap.jpg,0.695344
2025-07-10 15:00:00,/Volumes/Argus/unk/snap/c1/1752159600.c1.snap.jpg,0.36020696
2025-07-10 15:30:00,/Volumes/Argus/unk/snap/c1/1752161400.c1.snap.jpg,0.37043023
2025-07-10 16:00:00,/Volumes/Argus/unk/snap/c1/1752163200.c1.snap.jpg,0.43028498
2025-07-10 16:30:00,/Volumes/Argus/unk/snap/c1/1752165000.c1.snap.jpg,0.3555777
2025-07-10 17:00:00,/Volumes/Argus/unk/snap/c1/1752166800.c1.snap.jpg,0.51934016
2025-07-10 17:30:00,/Volumes/Argus/unk/snap/c1/1752168600.c1.snap.jpg,0.3994974
2025-07-10 18:00:00,/Volumes/Argus/unk/snap/c1/1752170400.c1.snap.jpg,0.37200478
2025-07-10 18:30:00,/Volumes/Argus/unk/snap/c1/1752172200.c1.snap.jpg,0.3495063
2025-07-10 19:00:00,/Volumes/Argus/unk/snap/c1/1752174000.c1.snap.jpg,0.46106854
2025-07-10 19:30:00,/Volumes/Argus/unk/snap/c1/1752175800.c1.snap.jpg,0.3519578
2025-07-10 20:00:00,/Volumes/Argus/unk/snap/c1/1752177600.c1.snap.jpg,0.31971216
2025-07-10 20:30:00,/Volumes/Argus/unk/snap/c1/1752179400.c1.snap.jpg,0.44566885
2025-07-10 21:00:00,/Volumes/Argus/unk/snap/c1/1752181200.c1.snap.jpg,0.5647484
2025-07-10 21:30:00,/Volumes/Argus/unk/snap/c1/1752183000.c1.snap.jpg,0.6218245
2025-07-10 22:00:00,/Volumes/Argus/unk/snap/c1/1752184800.c1.snap.jpg,0.6088085
2025-07-10 22:30:00,/Volumes/Argus/unk/snap/c1/1752186600.c1.snap.jpg,0.7353023
2025-07-10 23:00:00,/Volumes/Argus/unk/snap/c1/1752188400.c1.snap.jpg,0.7304107
2025-07-10 23:30:00,/Volumes/Argus/unk/snap/c1/1752190200.c1.snap.jpg,0.67523664
2025-07-11 00:00:00,/Volumes/Argus/unk/snap/c1/1752192000.c1.snap.jpg,0.6365303
2025-07-11 00:30:00,/Volumes/Argus/unk/snap/c1/1752193800.c1.snap.jpg,0.54212
2025-07-11 01:00:00,/Volumes/Argus/unk/snap/c1/1752195600.c1.snap.jpg,0.46520624
2025-07-11 01:30:00,/Volumes/Argus/unk/snap/c1/1752197400.c1.snap.jpg,0.46626613
2025-07-11 02:00:00,/Volumes/Argus/unk/snap/c1/1752199200.c1.snap.jpg,0.44560084
2025-07-11 02:30:00,/Volumes/Argus/unk/snap/c1/1752201000.c1.snap.jpg,0.5193851
2025-07-11 03:00:00,/Volumes/Argus/unk/snap/c1/1752202800.c1.snap.jpg,0.54198986
2025-07-11 03:30:00,/Volumes/Argus/unk/snap/c1/1752204600.c1.snap.jpg,0.6336619
2025-07-11 04:00:00,/Volumes/Argus/unk/snap/c1/1752206400.c1.snap.jpg,0.7164351
2025-07-11 04:30:00,/Volumes/Argus/unk/snap/c1/1752208200.c1.snap.jpg,0.65286386
2025-07-11 05:00:00,/Volumes/Argus/unk/snap/c1/1752210000.c1.snap.jpg,0.57770026
2025-07-11 05:30:00,/Volumes/Argus/unk/snap/c1/1752211800.c1.snap.jpg,0.6379785
2025-07-11 06:00:00,/Volumes/Argus/unk/snap/c1/1752213600.c1.snap.jpg,0.542562
2025-07-11 06:30:00,/Volumes/Argus/unk/snap/c1/1752215400.c1.snap.jpg,0.6078903
2025-07-11 07:00:00,/Volumes/Argus/unk/snap/c1/1752217200.c1.snap.jpg,0.476995
2025-07-11 07:30:00,/Volumes/Argus/unk/snap/c1/1752219000.c1.snap.jpg,0.48126456
2025-07-11 08:00:00,/Volumes/Argus/unk/snap/c1/1752220800.c1.snap.jpg,0.31657308
2025-07-11 08:30:00,/Volumes/Argus/unk/snap/c1/1752222600.c1.snap.jpg,0.37719855
2025-07-11 09:00:00,/Volumes/Argus/unk/snap/c1/1752224400.c1.snap.jpg,0.36453605
2025-07-11 09:30:00,/Volumes/Argus/unk/snap/c1/1752226200.c1.snap.jpg,0.3211189
2025-07-11 10:00:00,/Volumes/Argus/unk/snap/c1/1752228000.c1.snap.jpg,0.33706707
2025-07-11 10:30:00,/Volumes/Argus/unk/snap/c1/1752229800.c1.snap.jpg,0.5994934
2025-07-11 11:00:00,/Volumes/Argus/unk/snap/c1/1752231600.c1.snap.jpg,0.51226455
2025-07-11 11:30:00,/Volumes/Argus/unk/snap/c1/1752233400.c1.snap.jpg,0.57763726
2025-07-11 12:00:00,/Volumes/Argus/unk/snap/c1/1752235200.c1.snap.jpg,0.592027
2025-07-11 14:00:00,/Volumes/Argus/unk/snap/c1/1752242400.c1.snap.jpg,0.5834822
2025-07-11 14:30:00,/Volumes/Argus/unk/snap/c1/1752244200.c1.snap.jpg,0.3689787
2025-07-11 15:00:00,/Volumes/Argus/unk/snap/c1/1752246000.c1.snap.jpg,0.28798833
2025-07-11 15:30:00,/Volumes/Argus/unk/snap/c1/1752247800.c1.snap.jpg,0.37104088
2025-07-11 16:00:00,/Volumes/Argus/unk/snap/c1/1752249600.c1.snap.jpg,0.39391777
2025-07-11 16:30:00,/Volumes/Argus/unk/snap/c1/1752251400.c1.snap.jpg,0.5309577
2025-07-11 17:00:00,/Volumes/Argus/unk/snap/c1/1752253200.c1.snap.jpg,0.40808192
2025-07-11 17:30:00,/Volumes/Argus/unk/snap/c1/1752255000.c1.snap.jpg,0.55395925
2025-07-11 18:00:00,/Volumes/Argus/unk/snap/c1/1752256800.c1.snap.jpg,0.41949692
2025-07-11 18:30:00,/Volumes/Argus/unk/snap/c1/1752258600.c1.snap.jpg,0.38797432
2025-07-11 19:00:00,/Volumes/Argus/unk/snap/c1/1752260400.c1.snap.jpg,0.6250801
2025-07-11 19:30:00,/Volumes/Argus/unk/snap/c1/1752262200.c1.snap.jpg,0.38534364
2025-07-11 20:00:00,/Volumes/Argus/unk/snap/c1/1752264000.c1.snap.jpg,0.36120874
2025-07-11 20:30:00,/Volumes/Argus/unk/snap/c1/1752265800.c1.snap.jpg,0.4157086
2025-07-11 21:00:00,/Volumes/Argus/unk/snap/c1/1752267600.c1.snap.jpg,0.5852527
2025-07-11 21:30:00,/Volumes/Argus/unk/snap/c1/1752269400.c1.snap.jpg,0.55975926
2025-07-11 22:00:00,/Volumes/Argus/unk/snap/c1/1752271200.c1.snap.jpg,0.46016806
2025-07-11 22:30:00,/Volumes/Argus/unk/snap/c1/1752273000.c1.snap.jpg,0.44244683
2025-07-11 23:00:00,/Volumes/Argus/unk/snap/c1/1752274800.c1.snap.jpg,0.59890413
2025-07-11 23:30:00,/Volumes/Argus/unk/snap/c1/1752276600.c1.snap.jpg,0.4156181
2025-07-12 00:00:00,/Volumes/Argus/unk/snap/c1/1752278400.c1.snap.jpg,0.34356907
2025-07-12 00:30:00,/Volumes/Argus/unk/snap/c1/1752280200.c1.snap.jpg,0.3848198
2025-07-12 01:00:00,/Volumes/Argus/unk/snap/c1/1752282000.c1.snap.jpg,0.32985324
2025-07-12 01:30:00,/Volumes/Argus/unk/snap/c1/1752283800.c1.snap.jpg,0.3590511
2025-07-12 02:00:00,/Volumes/Argus/unk/snap/c1/1752285600.c1.snap.jpg,0.40366542
2025-07-12 02:30:00,/Volumes/Argus/unk/snap/c1/1752287400.c1.snap.jpg,0.43135208
2025-07-12 03:00:00,/Volumes/Argus/unk/snap/c1/1752289200.c1.snap.jpg,0.39943403
2025-07-12 03:30:00,/Volumes/Argus/unk/snap/c1/1752291000.c1.snap.jpg,0.46736133
2025-07-12 04:00:00,/Volumes/Argus/unk/snap/c1/1752292800.c1.snap.jpg,0.3643164
2025-07-12 04:30:00,/Volumes/Argus/unk/snap/c1/1752294600.c1.snap.jpg,0.41515523
2025-07-12 05:00:00,/Volumes/Argus/unk/snap/c1/1752296400.c1.snap.jpg,0.33822572
2025-07-12 05:30:00,/Volumes/Argus/unk/snap/c1/1752298200.c1.snap.jpg,0.42796752
2025-07-12 06:00:00,/Volumes/Argus/unk/snap/c1/1752300000.c1.snap.jpg,0.3478043
2025-07-12 06:30:00,/Volumes/Argus/unk/snap/c1/1752301800.c1.snap.jpg,0.30086958
2025-07-12 07:00:00,/Volumes/Argus/unk/snap/c1/1752303600.c1.snap.jpg,0.29861572
2025-07-12 07:30:00,/Volumes/Argus/unk/snap/c1/1752305400.c1.snap.jpg,0.35387668
2025-07-12 08:00:00,/Volumes/Argus/unk/snap/c1/1752307200.c1.snap.jpg,0.28067067
2025-07-12 08:30:00,/Volumes/Argus/unk/snap/c1/1752309000.c1.snap.jpg,0.32024202
2025-07-12 09:00:00,/Volumes/Argus/unk/snap/c1/1752310800.c1.snap.jpg,0.31151333
2025-07-12 09:30:00,/Volumes/Argus/unk/snap/c1/1752312600.c1.snap.jpg,0.32035887
2025-07-12 10:00:00,/Volumes/Argus/unk/snap/c1/1752314400.c1.snap.jpg,0.31281197
2025-07-12 10:30:00,/Volumes/Argus/unk/snap/c1/1752316200.c1.snap.jpg,0.60836864
2025-07-12 11:00:00,/Volumes/Argus/unk/snap/c1/1752318000.c1.snap.jpg,0.5091593
2025-07-12 11:30:00,/Volumes/Argus/unk/snap/c1/1752319800.c1.snap.jpg,0.6708781
2025-07-12 12:00:00,/Volumes/Argus/unk/snap/c1/1752321600.c1.snap.jpg,0.5889868
2025-07-12 14:00:00,/Volumes/Argus/unk/snap/c1/1752328800.c1.snap.jpg,0.67186904
2025-07-12 15:00:00,/Volumes/Argus/unk/snap/c1/1752332400.c1.snap.jpg,0.4986424
2025-07-12 15:30:00,/Volumes/Argus/unk/snap/c1/1752334200.c1.snap.jpg,0.6133406
2025-07-12 16:00:00,/Volumes/Argus/unk/snap/c1/1752336000.c1.snap.jpg,0.66856265
2025-07-12 16:30:00,/Volumes/Argus/unk/snap/c1/1752337800.c1.snap.jpg,0.60972637
2025-07-12 17:00:00,/Volumes/Argus/unk/snap/c1/1752339600.c1.snap.jpg,0.4602952
2025-07-12 17:30:00,/Volumes/Argus/unk/snap/c1/1752341400.c1.snap.jpg,0.3173739
2025-07-12 18:00:00,/Volumes/Argus/unk/snap/c1/1752343200.c1.snap.jpg,0.46246588
2025-07-12 18:30:00,/Volumes/Argus/unk/snap/c1/1752345000.c1.snap.jpg,0.36731568
2025-07-12 19:00:00,/Volumes/Argus/unk/snap/c1/1752346800.c1.snap.jpg,0.29247865
2025-07-12 19:30:00,/Volumes/Argus/unk/snap/c1/1752348600.c1.snap.jpg,0.41444752
2025-07-12 20:00:00,/Volumes/Argus/unk/snap/c1/1752350400.c1.snap.jpg,0.48273242
2025-07-12 20:30:00,/Volumes/Argus/unk/snap/c1/1752352200.c1.snap.jpg,0.37532836
2025-07-12 21:00:00,/Volumes/Argus/unk/snap/c1/1752354000.c1.snap.jpg,0.46492612
2025-07-12 21:30:00,/Volumes/Argus/unk/snap/c1/1752355800.c1.snap.jpg,0.4749476
2025-07-12 22:00:00,/Volumes/Argus/unk/snap/c1/1752357600.c1.snap.jpg,0.5251858
2025-07-12 22:30:00,/Volumes/Argus/unk/snap/c1/1752359400.c1.snap.jpg,0.5345333
2025-07-12 23:00:00,/Volumes/Argus/unk/snap/c1/1752361200.c1.snap.jpg,0.50785285
2025-07-12 23:30:00,/Volumes/Argus/unk/snap/c1/1752363000.c1.snap.jpg,0.43276143
2025-07-13 01:00:00,/Volumes/Argus/unk/snap/c1/1752368400.c1.snap.jpg,0.33870423
2025-07-13 01:30:00,/Volumes/Argus/unk/snap/c1/1752370200.c1.snap.jpg,0.34581792
2025-07-13 02:00:00,/Volumes/Argus/unk/snap/c1/1752372000.c1.snap.jpg,0.31384966
2025-07-13 02:30:00,/Volumes/Argus/unk/snap/c1/1752373800.c1.snap.jpg,0.46402752
2025-07-13 03:00:00,/Volumes/Argus/unk/snap/c1/1752375600.c1.snap.jpg,0.45747107
2025-07-13 03:30:00,/Volumes/Argus/unk/snap/c1/1752377400.c1.snap.jpg,0.45203683
2025-07-13 04:00:00,/Volumes/Argus/unk/snap/c1/1752379200.c1.snap.jpg,0.59290254
2025-07-13 04:30:00,/Volumes/Argus/unk/snap/c1/1752381000.c1.snap.jpg,0.49020743
2025-07-13 05:00:00,/Volumes/Argus/unk/snap/c1/1752382800.c1.snap.jpg,0.46304518
2025-07-13 05:30:00,/Volumes/Argus/unk/snap/c1/1752384600.c1.snap.jpg,0.3909265
2025-07-13 06:00:00,/Volumes/Argus/unk/snap/c1/1752386400.c1.snap.jpg,0.36846265
2025-07-13 06:30:00,/Volumes/Argus/unk/snap/c1/1752388200.c1.snap.jpg,0.28964818
2025-07-13 07:00:00,/Volumes/Argus/unk/snap/c1/1752390000.c1.snap.jpg,0.37267923
2025-07-13 07:30:00,/Volumes/Argus/unk/snap/c1/1752391800.c1.snap.jpg,0.3194166
2025-07-13 08:00:00,/Volumes/Argus/unk/snap/c1/1752393600.c1.snap.jpg,0.33598313
2025-07-13 08:30:00,/Volumes/Argus/unk/snap/c1/1752395400.c1.snap.jpg,0.3393514
2025-07-13 09:00:00,/Volumes/Argus/unk/snap/c1/1752397200.c1.snap.jpg,0.30650797
2025-07-13 09:30:00,/Volumes/Argus/unk/snap/c1/1752399000.c1.snap.jpg,0.27463004
2025-07-13 10:30:00,/Volumes/Argus/unk/snap/c1/1752402600.c1.snap.jpg,0.42434517
2025-07-13 11:30:00,/Volumes/Argus/unk/snap/c1/1752406200.c1.snap.jpg,0.33329594
2025-07-13 12:00:00,/Volumes/Argus/unk/snap/c1/1752408000.c1.snap.jpg,0.2801171
2025-07-13 14:00:00,/Volumes/Argus/unk/snap/c1/1752415200.c1.snap.jpg,0.5594477
2025-07-13 14:30:00,/Volumes/Argus/unk/snap/c1/1752417000.c1.snap.jpg,0.59277254
2025-07-13 15:30:00,/Volumes/Argus/unk/snap/c1/1752420600.c1.snap.jpg,0.35157296
2025-07-13 16:00:00,/Volumes/Argus/unk/snap/c1/1752422400.c1.snap.jpg,0.349501
2025-07-13 16:30:00,/Volumes/Argus/unk/snap/c1/1752424200.c1.snap.jpg,0.33998156
2025-07-13 17:00:00,/Volumes/Argus/unk/snap/c1/1752426000.c1.snap.jpg,0.30017245
2025-07-13 17:30:00,/Volumes/Argus/unk/snap/c1/1752427800.c1.snap.jpg,0.39841044
2025-07-13 18:00:00,/Volumes/Argus/unk/snap/c1/1752429600.c1.snap.jpg,0.3307465
2025-07-13 18:30:00,/Volumes/Argus/unk/snap/c1/1752431400.c1.snap.jpg,0.27568918
2025-07-13 19:00:00,/Volumes/Argus/unk/snap/c1/1752433200.c1.snap.jpg,0.2972933
2025-07-13 19:30:00,/Volumes/Argus/unk/snap/c1/1752435000.c1.snap.jpg,0.5625188
2025-07-13 20:00:00,/Volumes/Argus/unk/snap/c1/1752436800.c1.snap.jpg,0.27579984
2025-07-13 20:30:00,/Volumes/Argus/unk/snap/c1/1752438600.c1.snap.jpg,0.32642925
2025-07-13 21:00:00,/Volumes/Argus/unk/snap/c1/1752440400.c1.snap.jpg,0.27349982
2025-07-13 21:30:00,/Volumes/Argus/unk/snap/c1/1752442200.c1.snap.jpg,0.36918944
2025-07-13 22:00:00,/Volumes/Argus/unk/snap/c1/1752444000.c1.snap.jpg,0.24447346
2025-07-13 22:30:00,/Volumes/Argus/unk/snap/c1/1752445800.c1.snap.jpg,0.27295458
2025-07-13 23:00:00,/Volumes/Argus/unk/snap/c1/1752447600.c1.snap.jpg,0.42540798
2025-07-13 23:30:00,/Volumes/Argus/unk/snap/c1/1752449400.c1.snap.jpg,0.47551605
2025-07-14 00:00:00,/Volumes/Argus/unk/snap/c1/1752451200.c1.snap.jpg,0.4019723
2025-07-14 00:30:00,/Volumes/Argus/unk/snap/c1/1752453000.c1.snap.jpg,0.3604386
2025-07-14 01:00:00,/Volumes/Argus/unk/snap/c1/1752454800.c1.snap.jpg,0.32419932
2025-07-14 01:30:00,/Volumes/Argus/unk/snap/c1/1752456600.c1.snap.jpg,0.40448773
2025-07-14 02:00:00,/Volumes/Argus/unk/snap/c1/1752458400.c1.snap.jpg,0.40397257
2025-07-14 02:30:00,/Volumes/Argus/unk/snap/c1/1752460200.c1.snap.jpg,0.66170335
2025-07-14 03:00:00,/Volumes/Argus/unk/snap/c1/1752462000.c1.snap.jpg,0.4739422
2025-07-14 03:30:00,/Volumes/Argus/unk/snap/c1/1752463800.c1.snap.jpg,0.45952252
2025-07-14 04:00:00,/Volumes/Argus/unk/snap/c1/1752465600.c1.snap.jpg,0.69051653
2025-07-14 04:30:00,/Volumes/Argus/unk/snap/c1/1752467400.c1.snap.jpg,0.5548763
2025-07-14 05:00:00,/Volumes/Argus/unk/snap/c1/1752469200.c1.snap.jpg,0.44939953
2025-07-14 05:30:00,/Volumes/Argus/unk/snap/c1/1752471000.c1.snap.jpg,0.6582703
2025-07-14 06:00:00,/Volumes/Argus/unk/snap/c1/1752472800.c1.snap.jpg,0.3792171
2025-07-14 06:30:00,/Volumes/Argus/unk/snap/c1/1752474600.c1.snap.jpg,0.41715598
2025-07-14 07:00:00,/Volumes/Argus/unk/snap/c1/1752476400.c1.snap.jpg,0.424021
2025-07-14 07:30:00,/Volumes/Argus/unk/snap/c1/1752478200.c1.snap.jpg,0.48285624
2025-07-14 08:00:00,/Volumes/Argus/unk/snap/c1/1752480000.c1.snap.jpg,0.35760784
2025-07-14 08:30:00,/Volumes/Argus/unk/snap/c1/1752481800.c1.snap.jpg,0.41629016
2025-07-14 09:00:00,/Volumes/Argus/unk/snap/c1/1752483600.c1.snap.jpg,0.25512162
2025-07-14 09:30:00,/Volumes/Argus/unk/snap/c1/1752485400.c1.snap.jpg,0.3261876
2025-07-14 10:00:00,/Volumes/Argus/unk/snap/c1/1752487200.c1.snap.jpg,0.4080607
2025-07-14 10:30:00,/Volumes/Argus/unk/snap/c1/1752489000.c1.snap.jpg,0.2929359
2025-07-14 11:00:00,/Volumes/Argus/unk/snap/c1/1752490800.c1.snap.jpg,0.38959545
2025-07-14 12:00:00,/Volumes/Argus/unk/snap/c1/1752494400.c1.snap.jpg,0.48952746
2025-07-14 14:00:00,/Volumes/Argus/unk/snap/c1/1752501600.c1.snap.jpg,0.31057575
2025-07-14 14:30:00,/Volumes/Argus/unk/snap/c1/1752503400.c1.snap.jpg,0.4493192
2025-07-14 15:00:00,/Volumes/Argus/unk/snap/c1/1752505200.c1.snap.jpg,0.36783096
2025-07-14 16:00:00,/Volumes/Argus/unk/snap/c1/1752508800.c1.snap.jpg,0.42249587
2025-07-14 16:30:00,/Volumes/Argus/unk/snap/c1/1752510600.c1.snap.jpg,0.4325954
2025-07-14 17:00:00,/Volumes/Argus/unk/snap/c1/1752512400.c1.snap.jpg,0.5253434
2025-07-14 17:30:00,/Volumes/Argus/unk/snap/c1/1752514200.c1.snap.jpg,0.6456373
2025-07-14 18:00:00,/Volumes/Argus/unk/snap/c1/1752516000.c1.snap.jpg,0.6578064
2025-07-14 18:30:00,/Volumes/Argus/unk/snap/c1/1752517800.c1.snap.jpg,0.54882824
2025-07-14 19:00:00,/Volumes/Argus/unk/snap/c1/1752519600.c1.snap.jpg,0.3499839
2025-07-14 19:30:00,/Volumes/Argus/unk/snap/c1/1752521400.c1.snap.jpg,0.5446178
2025-07-14 20:00:00,/Volumes/Argus/unk/snap/c1/1752523200.c1.snap.jpg,0.49089515
2025-07-14 20:30:00,/Volumes/Argus/unk/snap/c1/1752525000.c1.snap.jpg,0.6908232
2025-07-14 21:00:00,/Volumes/Argus/unk/snap/c1/1752526800.c1.snap.jpg,0.549162
2025-07-14 21:30:00,/Volumes/Argus/unk/snap/c1/1752528600.c1.snap.jpg,0.6366364
2025-07-14 22:00:00,/Volumes/Argus/unk/snap/c1/1752530400.c1.snap.jpg,0.35044467
2025-07-14 22:30:00,/Volumes/Argus/unk/snap/c1/1752532200.c1.snap.jpg,0.69349676
2025-07-14 23:00:00,/Volumes/Argus/unk/snap/c1/1752534000.c1.snap.jpg,0.8402555
2025-07-14 23:30:00,/Volumes/Argus/unk/snap/c1/1752535800.c1.snap.jpg,0.8863837
2025-07-15 00:00:00,/Volumes/Argus/unk/snap/c1/1752537600.c1.snap.jpg,0.91154325
2025-07-15 00:30:00,/Volumes/Argus/unk/snap/c1/1752539400.c1.snap.jpg,0.92267996
2025-07-15 01:00:00,/Volumes/Argus/unk/snap/c1/1752541200.c1.snap.jpg,1.0137628
2025-07-15 01:30:00,/Volumes/Argus/unk/snap/c1/1752543000.c1.snap.jpg,0.6549076
2025-07-15 02:00:00,/Volumes/Argus/unk/snap/c1/1752544800.c1.snap.jpg,0.9233631
2025-07-15 02:30:00,/Volumes/Argus/unk/snap/c1/1752546600.c1.snap.jpg,0.9190211
2025-07-15 03:00:00,/Volumes/Argus/unk/snap/c1/1752548400.c1.snap.jpg,0.97032833
2025-07-15 03:30:00,/Volumes/Argus/unk/snap/c1/1752550200.c1.snap.jpg,0.7961638
2025-07-15 04:00:00,/Volumes/Argus/unk/snap/c1/1752552000.c1.snap.jpg,1.0438643
2025-07-15 04:30:00,/Volumes/Argus/unk/snap/c1/1752553800.c1.snap.jpg,0.9421514
2025-07-15 05:00:00,/Volumes/Argus/unk/snap/c1/1752555600.c1.snap.jpg,0.88795316
2025-07-15 05:30:00,/Volumes/Argus/unk/snap/c1/1752557400.c1.snap.jpg,0.88478756
2025-07-15 06:00:00,/Volumes/Argus/unk/snap/c1/1752559200.c1.snap.jpg,0.84771687
2025-07-15 06:30:00,/Volumes/Argus/unk/snap/c1/1752561000.c1.snap.jpg,0.71555316
2025-07-15 07:00:00,/Volumes/Argus/unk/snap/c1/1752562800.c1.snap.jpg,0.77418727
2025-07-15 07:30:00,/Volumes/Argus/unk/snap/c1/1752564600.c1.snap.jpg,0.7261133
2025-07-15 08:00:00,/Volumes/Argus/unk/snap/c1/1752566400.c1.snap.jpg,0.8083124
2025-07-15 08:30:00,/Volumes/Argus/unk/snap/c1/1752568200.c1.snap.jpg,0.80561423
2025-07-15 09:00:00,/Volumes/Argus/unk/snap/c1/1752570000.c1.snap.jpg,0.77533
2025-07-15 09:30:00,/Volumes/Argus/unk/snap/c1/1752571800.c1.snap.jpg,0.78018004
2025-07-15 10:00:00,/Volumes/Argus/unk/snap/c1/1752573600.c1.snap.jpg,0.7886716
2025-07-15 10:30:00,/Volumes/Argus/unk/snap/c1/1752575400.c1.snap.jpg,0.6179676
2025-07-15 11:00:00,/Volumes/Argus/unk/snap/c1/1752577200.c1.snap.jpg,0.6824217
2025-07-15 11:30:00,/Volumes/Argus/unk/snap/c1/1752579000.c1.snap.jpg,0.8296925
2025-07-15 12:00:00,/Volumes/Argus/unk/snap/c1/1752580800.c1.snap.jpg,0.7830338
2025-07-15 14:00:00,/Volumes/Argus/unk/snap/c1/1752588000.c1.snap.jpg,0.92155135
2025-07-15 14:30:00,/Volumes/Argus/unk/snap/c1/1752589800.c1.snap.jpg,0.90524316
2025-07-15 15:00:00,/Volumes/Argus/unk/snap/c1/1752591600.c1.snap.jpg,0.9313605
2025-07-15 15:30:00,/Volumes/Argus/unk/snap/c1/1752593400.c1.snap.jpg,0.9368688
2025-07-15 16:00:00,/Volumes/Argus/unk/snap/c1/1752595200.c1.snap.jpg,0.9312687
2025-07-15 16:30:00,/Volumes/Argus/unk/snap/c1/1752597000.c1.snap.jpg,0.9727856
2025-07-15 17:00:00,/Volumes/Argus/unk/snap/c1/1752598800.c1.snap.jpg,0.8997742
2025-07-15 17:30:00,/Volumes/Argus/unk/snap/c1/1752600600.c1.snap.jpg,0.9109793
2025-07-15 18:00:00,/Volumes/Argus/unk/snap/c1/1752602400.c1.snap.jpg,0.951957
2025-07-15 18:30:00,/Volumes/Argus/unk/snap/c1/1752604200.c1.snap.jpg,1.0610957
2025-07-15 19:00:00,/Volumes/Argus/unk/snap/c1/1752606000.c1.snap.jpg,1.240289
2025-07-15 19:30:00,/Volumes/Argus/unk/snap/c1/1752607800.c1.snap.jpg,1.145237
2025-07-15 20:00:00,/Volumes/Argus/unk/snap/c1/1752609600.c1.snap.jpg,1.2539643
2025-07-15 20:30:00,/Volumes/Argus/unk/snap/c1/1752611400.c1.snap.jpg,1.3404654
2025-07-15 21:00:00,/Volumes/Argus/unk/snap/c1/1752613200.c1.snap.jpg,1.4907509
2025-07-15 21:30:00,/Volumes/Argus/unk/snap/c1/1752615000.c1.snap.jpg,1.2739633
2025-07-15 22:00:00,/Volumes/Argus/unk/snap/c1/1752616800.c1.snap.jpg,1.4622719
2025-07-15 22:30:00,/Volumes/Argus/unk/snap/c1/1752618600.c1.snap.jpg,1.447687
2025-07-15 23:00:00,/Volumes/Argus/unk/snap/c1/1752620400.c1.snap.jpg,1.4406917
2025-07-15 23:30:00,/Volumes/Argus/unk/snap/c1/1752622200.c1.snap.jpg,1.5381621
2025-07-16 00:00:00,/Volumes/Argus/unk/snap/c1/1752624000.c1.snap.jpg,1.4280127
2025-07-16 00:30:00,/Volumes/Argus/unk/snap/c1/1752625800.c1.snap.jpg,1.3724822
2025-07-16 01:00:00,/Volumes/Argus/unk/snap/c1/1752627600.c1.snap.jpg,1.2895924
2025-07-16 01:30:00,/Volumes/Argus/unk/snap/c1/1752629400.c1.snap.jpg,1.1932918
2025-07-16 02:00:00,/Volumes/Argus/unk/snap/c1/1752631200.c1.snap.jpg,1.3025825
2025-07-16 02:30:00,/Volumes/Argus/unk/snap/c1/1752633000.c1.snap.jpg,1.2559205
2025-07-16 03:00:00,/Volumes/Argus/unk/snap/c1/1752634800.c1.snap.jpg,1.2313349
2025-07-16 03:30:00,/Volumes/Argus/unk/snap/c1/1752636600.c1.snap.jpg,1.2555557
2025-07-16 04:00:00,/Volumes/Argus/unk/snap/c1/1752638400.c1.snap.jpg,1.1888232
2025-07-16 04:30:00,/Volumes/Argus/unk/snap/c1/1752640200.c1.snap.jpg,1.200533
2025-07-16 05:00:00,/Volumes/Argus/unk/snap/c1/1752642000.c1.snap.jpg,1.0925951
2025-07-16 05:30:00,/Volumes/Argus/unk/snap/c1/1752643800.c1.snap.jpg,0.89568925
2025-07-16 06:00:00,/Volumes/Argus/unk/snap/c1/1752645600.c1.snap.jpg,0.9777725
2025-07-16 06:30:00,/Volumes/Argus/unk/snap/c1/1752647400.c1.snap.jpg,0.85000736
2025-07-16 07:00:00,/Volumes/Argus/unk/snap/c1/1752649200.c1.snap.jpg,0.8621639
2025-07-16 07:30:00,/Volumes/Argus/unk/snap/c1/1752651000.c1.snap.jpg,0.90509176
2025-07-16 08:00:00,/Volumes/Argus/unk/snap/c1/1752652800.c1.snap.jpg,0.89641356
2025-07-16 08:30:00,/Volumes/Argus/unk/snap/c1/1752654600.c1.snap.jpg,0.8143927
2025-07-16 09:00:00,/Volumes/Argus/unk/snap/c1/1752656400.c1.snap.jpg,0.8596686
2025-07-16 09:30:00,/Volumes/Argus/unk/snap/c1/1752658200.c1.snap.jpg,0.80598706
2025-07-16 10:00:00,/Volumes/Argus/unk/snap/c1/1752660000.c1.snap.jpg,0.74902385
2025-07-16 10:30:00,/Volumes/Argus/unk/snap/c1/1752661800.c1.snap.jpg,0.708151
2025-07-16 11:00:00,/Volumes/Argus/unk/snap/c1/1752663600.c1.snap.jpg,0.7270576
2025-07-16 11:30:00,/Volumes/Argus/unk/snap/c1/1752665400.c1.snap.jpg,0.82233274
2025-07-16 12:00:00,/Volumes/Argus/unk/snap/c1/1752667200.c1.snap.jpg,0.9262141
2025-07-16 14:00:00,/Volumes/Argus/unk/snap/c1/1752674400.c1.snap.jpg,0.71638715
2025-07-16 14:30:00,/Volumes/Argus/unk/snap/c1/1752676200.c1.snap.jpg,0.55177027
2025-07-16 15:00:00,/Volumes/Argus/unk/snap/c1/1752678000.c1.snap.jpg,0.7003142
2025-07-16 15:30:00,/Volumes/Argus/unk/snap/c1/1752679800.c1.snap.jpg,0.7039871
2025-07-16 16:00:00,/Volumes/Argus/unk/snap/c1/1752681600.c1.snap.jpg,0.48660386
2025-07-16 16:30:00,/Volumes/Argus/unk/snap/c1/1752683400.c1.snap.jpg,0.7750414
2025-07-16 17:00:00,/Volumes/Argus/unk/snap/c1/1752685200.c1.snap.jpg,0.40482962
2025-07-16 17:30:00,/Volumes/Argus/unk/snap/c1/1752687000.c1.snap.jpg,0.46927285
2025-07-16 18:00:00,/Volumes/Argus/unk/snap/c1/1752688800.c1.snap.jpg,0.32900792
2025-07-16 18:30:00,/Volumes/Argus/unk/snap/c1/1752690600.c1.snap.jpg,0.40516788
2025-07-16 19:00:00,/Volumes/Argus/unk/snap/c1/1752692400.c1.snap.jpg,0.33873647
2025-07-16 19:30:00,/Volumes/Argus/unk/snap/c1/1752694200.c1.snap.jpg,0.32165098
2025-07-16 20:00:00,/Volumes/Argus/unk/snap/c1/1752696000.c1.snap.jpg,0.37314725
2025-07-16 20:30:00,/Volumes/Argus/unk/snap/c1/1752697800.c1.snap.jpg,0.38363516
2025-07-16 21:00:00,/Volumes/Argus/unk/snap/c1/1752699600.c1.snap.jpg,0.36278868
2025-07-16 21:30:00,/Volumes/Argus/unk/snap/c1/1752701400.c1.snap.jpg,0.4849853
2025-07-16 22:00:00,/Volumes/Argus/unk/snap/c1/1752703200.c1.snap.jpg,0.5241507
2025-07-16 22:30:00,/Volumes/Argus/unk/snap/c1/1752705000.c1.snap.jpg,0.33290404
2025-07-16 23:00:00,/Volumes/Argus/unk/snap/c1/1752706800.c1.snap.jpg,0.3367029
2025-07-16 23:30:00,/Volumes/Argus/unk/snap/c1/1752708600.c1.snap.jpg,0.44912633
2025-07-17 00:00:00,/Volumes/Argus/unk/snap/c1/1752710400.c1.snap.jpg,0.33599138
2025-07-17 00:30:00,/Volumes/Argus/unk/snap/c1/1752712200.c1.snap.jpg,0.4097239
2025-07-17 01:00:00,/Volumes/Argus/unk/snap/c1/1752714000.c1.snap.jpg,0.4270351
2025-07-17 01:30:00,/Volumes/Argus/unk/snap/c1/1752715800.c1.snap.jpg,0.5461503
2025-07-17 02:00:00,/Volumes/Argus/unk/snap/c1/1752717600.c1.snap.jpg,0.35575694
2025-07-17 02:30:00,/Volumes/Argus/unk/snap/c1/1752719400.c1.snap.jpg,0.33600157
2025-07-17 03:00:00,/Volumes/Argus/unk/snap/c1/1752721200.c1.snap.jpg,0.32466745
2025-07-17 03:30:00,/Volumes/Argus/unk/snap/c1/1752723000.c1.snap.jpg,0.30623335
2025-07-17 04:00:00,/Volumes/Argus/unk/snap/c1/1752724800.c1.snap.jpg,0.43504366
2025-07-17 04:30:00,/Volumes/Argus/unk/snap/c1/1752726600.c1.snap.jpg,0.34315574
2025-07-17 05:00:00,/Volumes/Argus/unk/snap/c1/1752728400.c1.snap.jpg,0.3863346
2025-07-17 05:30:00,/Volumes/Argus/unk/snap/c1/1752730200.c1.snap.jpg,0.33247834
2025-07-17 06:00:00,/Volumes/Argus/unk/snap/c1/1752732000.c1.snap.jpg,0.20510975
2025-07-17 06:30:00,/Volumes/Argus/unk/snap/c1/1752733800.c1.snap.jpg,0.19969721
2025-07-17 07:00:00,/Volumes/Argus/unk/snap/c1/1752735600.c1.snap.jpg,0.31939146
2025-07-17 07:30:00,/Volumes/Argus/unk/snap/c1/1752737400.c1.snap.jpg,0.26135823
2025-07-17 08:00:00,/Volumes/Argus/unk/snap/c1/1752739200.c1.snap.jpg,0.4301257
2025-07-17 08:30:00,/Volumes/Argus/unk/snap/c1/1752741000.c1.snap.jpg,0.40528172
2025-07-17 09:00:00,/Volumes/Argus/unk/snap/c1/1752742800.c1.snap.jpg,0.38014275
2025-07-17 09:30:00,/Volumes/Argus/unk/snap/c1/1752744600.c1.snap.jpg,0.5568294
2025-07-17 10:00:00,/Volumes/Argus/unk/snap/c1/1752746400.c1.snap.jpg,0.58046424
2025-07-17 10:30:00,/Volumes/Argus/unk/snap/c1/1752748200.c1.snap.jpg,0.741127
2025-07-17 11:00:00,/Volumes/Argus/unk/snap/c1/1752750000.c1.snap.jpg,0.33766127
2025-07-17 11:30:00,/Volumes/Argus/unk/snap/c1/1752751800.c1.snap.jpg,0.7799877
2025-07-17 12:00:00,/Volumes/Argus/unk/snap/c1/1752753600.c1.snap.jpg,0.48225397
2025-07-17 14:00:00,/Volumes/Argus/unk/snap/c1/1752760800.c1.snap.jpg,0.4319355
2025-07-17 14:30:00,/Volumes/Argus/unk/snap/c1/1752762600.c1.snap.jpg,0.59931576
2025-07-17 15:00:00,/Volumes/Argus/unk/snap/c1/1752764400.c1.snap.jpg,0.3886373
2025-07-17 15:30:00,/Volumes/Argus/unk/snap/c1/1752766200.c1.snap.jpg,0.4803511
2025-07-17 16:00:00,/Volumes/Argus/unk/snap/c1/1752768000.c1.snap.jpg,0.54529154
2025-07-17 16:30:00,/Volumes/Argus/unk/snap/c1/1752769800.c1.snap.jpg,0.577017
2025-07-17 17:00:00,/Volumes/Argus/unk/snap/c1/1752771600.c1.snap.jpg,0.4567871
2025-07-17 17:30:00,/Volumes/Argus/unk/snap/c1/1752773400.c1.snap.jpg,0.6904229
2025-07-17 18:00:00,/Volumes/Argus/unk/snap/c1/1752775200.c1.snap.jpg,0.49539644
2025-07-17 18:30:00,/Volumes/Argus/unk/snap/c1/1752777000.c1.snap.jpg,0.4590205
2025-07-17 19:00:00,/Volumes/Argus/unk/snap/c1/1752778800.c1.snap.jpg,0.5055629
2025-07-17 19:30:00,/Volumes/Argus/unk/snap/c1/1752780600.c1.snap.jpg,0.8066734
2025-07-17 20:00:00,/Volumes/Argus/unk/snap/c1/1752782400.c1.snap.jpg,0.41842997
2025-07-17 20:30:00,/Volumes/Argus/unk/snap/c1/1752784200.c1.snap.jpg,0.5390948
2025-07-17 21:00:00,/Volumes/Argus/unk/snap/c1/1752786000.c1.snap.jpg,0.37381825
2025-07-17 21:30:00,/Volumes/Argus/unk/snap/c1/1752787800.c1.snap.jpg,0.5161859
2025-07-17 22:00:00,/Volumes/Argus/unk/snap/c1/1752789600.c1.snap.jpg,0.3977118
2025-07-17 22:30:00,/Volumes/Argus/unk/snap/c1/1752791400.c1.snap.jpg,0.36321172
2025-07-17 23:30:00,/Volumes/Argus/unk/snap/c1/1752795000.c1.snap.jpg,0.4916689
2025-07-18 00:00:00,/Volumes/Argus/unk/snap/c1/1752796800.c1.snap.jpg,0.5979967
2025-07-18 00:30:00,/Volumes/Argus/unk/snap/c1/1752798600.c1.snap.jpg,0.3999433
2025-07-18 01:00:00,/Volumes/Argus/unk/snap/c1/1752800400.c1.snap.jpg,0.69152236
2025-07-18 01:30:00,/Volumes/Argus/unk/snap/c1/1752802200.c1.snap.jpg,0.61142683
2025-07-18 02:00:00,/Volumes/Argus/unk/snap/c1/1752804000.c1.snap.jpg,0.61122626
2025-07-18 02:30:00,/Volumes/Argus/unk/snap/c1/1752805800.c1.snap.jpg,0.45096844
2025-07-18 03:00:00,/Volumes/Argus/unk/snap/c1/1752807600.c1.snap.jpg,0.45323575
2025-07-18 03:30:00,/Volumes/Argus/unk/snap/c1/1752809400.c1.snap.jpg,0.6589835
2025-07-18 04:00:00,/Volumes/Argus/unk/snap/c1/1752811200.c1.snap.jpg,0.48862684
2025-07-18 04:30:00,/Volumes/Argus/unk/snap/c1/1752813000.c1.snap.jpg,0.46629012
2025-07-18 05:00:00,/Volumes/Argus/unk/snap/c1/1752814800.c1.snap.jpg,0.3394389
2025-07-18 05:30:00,/Volumes/Argus/unk/snap/c1/1752816600.c1.snap.jpg,0.31636256
2025-07-18 06:00:00,/Volumes/Argus/unk/snap/c1/1752818400.c1.snap.jpg,0.24796551
2025-07-18 06:30:00,/Volumes/Argus/unk/snap/c1/1752820200.c1.snap.jpg,0.37861568
2025-07-18 07:00:00,/Volumes/Argus/unk/snap/c1/1752822000.c1.snap.jpg,0.28616005
2025-07-18 07:30:00,/Volumes/Argus/unk/snap/c1/1752823800.c1.snap.jpg,0.32360995
2025-07-18 08:00:00,/Volumes/Argus/unk/snap/c1/1752825600.c1.snap.jpg,0.31067964
2025-07-18 08:30:00,/Volumes/Argus/unk/snap/c1/1752827400.c1.snap.jpg,0.42490995
2025-07-18 09:00:00,/Volumes/Argus/unk/snap/c1/1752829200.c1.snap.jpg,0.3822893
2025-07-18 09:30:00,/Volumes/Argus/unk/snap/c1/1752831000.c1.snap.jpg,0.35224345
2025-07-18 10:00:00,/Volumes/Argus/unk/snap/c1/1752832800.c1.snap.jpg,0.34194303
2025-07-18 10:30:00,/Volumes/Argus/unk/snap/c1/1752834600.c1.snap.jpg,0.3679089
2025-07-18 11:00:00,/Volumes/Argus/unk/snap/c1/1752836400.c1.snap.jpg,0.34100667
2025-07-18 11:30:00,/Volumes/Argus/unk/snap/c1/1752838200.c1.snap.jpg,0.29465044
2025-07-18 12:00:00,/Volumes/Argus/unk/snap/c1/1752840000.c1.snap.jpg,0.22276863
2025-07-18 14:00:00,/Volumes/Argus/unk/snap/c1/1752847200.c1.snap.jpg,0.342187
2025-07-18 14:30:00,/Volumes/Argus/unk/snap/c1/1752849000.c1.snap.jpg,0.3099709
2025-07-18 15:00:00,/Volumes/Argus/unk/snap/c1/1752850800.c1.snap.jpg,0.38519222
2025-07-18 15:30:00,/Volumes/Argus/unk/snap/c1/1752852600.c1.snap.jpg,0.526105
2025-07-18 16:00:00,/Volumes/Argus/unk/snap/c1/1752854400.c1.snap.jpg,0.33975887
2025-07-18 16:30:00,/Volumes/Argus/unk/snap/c1/1752856200.c1.snap.jpg,0.2924927
2025-07-18 17:00:00,/Volumes/Argus/unk/snap/c1/1752858000.c1.snap.jpg,0.28977904
2025-07-18 17:30:00,/Volumes/Argus/unk/snap/c1/1752859800.c1.snap.jpg,0.28210378
2025-07-18 18:00:00,/Volumes/Argus/unk/snap/c1/1752861600.c1.snap.jpg,0.3907126
2025-07-18 18:30:00,/Volumes/Argus/unk/snap/c1/1752863400.c1.snap.jpg,0.342591
2025-07-18 19:00:00,/Volumes/Argus/unk/snap/c1/1752865200.c1.snap.jpg,0.3167764
2025-07-18 20:00:00,/Volumes/Argus/unk/snap/c1/1752868800.c1.snap.jpg,0.27137983
2025-07-18 20:30:00,/Volumes/Argus/unk/snap/c1/1752870600.c1.snap.jpg,0.31477058
2025-07-18 21:00:00,/Volumes/Argus/unk/snap/c1/1752872400.c1.snap.jpg,0.32802525
2025-07-18 21:30:00,/Volumes/Argus/unk/snap/c1/1752874200.c1.snap.jpg,0.26017123
2025-07-18 22:00:00,/Volumes/Argus/unk/snap/c1/1752876000.c1.snap.jpg,0.33935907
2025-07-18 22:30:00,/Volumes/Argus/unk/snap/c1/1752877800.c1.snap.jpg,0.2954293
2025-07-18 23:00:00,/Volumes/Argus/unk/snap/c1/1752879600.c1.snap.jpg,0.428149
2025-07-18 23:30:00,/Volumes/Argus/unk/snap/c1/1752881400.c1.snap.jpg,0.58977944
2025-07-19 00:00:00,/Volumes/Argus/unk/snap/c1/1752883200.c1.snap.jpg,0.38118133
2025-07-19 00:30:00,/Volumes/Argus/unk/snap/c1/1752885000.c1.snap.jpg,0.291337
2025-07-19 01:00:00,/Volumes/Argus/unk/snap/c1/1752886800.c1.snap.jpg,0.35696056
2025-07-19 01:30:00,/Volumes/Argus/unk/snap/c1/1752888600.c1.snap.jpg,0.36979055
2025-07-19 02:00:00,/Volumes/Argus/unk/snap/c1/1752890400.c1.snap.jpg,0.5634521
2025-07-19 02:30:00,/Volumes/Argus/unk/snap/c1/1752892200.c1.snap.jpg,0.28790963
2025-07-19 03:00:00,/Volumes/Argus/unk/snap/c1/1752894000.c1.snap.jpg,1.1153914
2025-07-19 03:30:00,/Volumes/Argus/unk/snap/c1/1752895800.c1.snap.jpg,0.34382427
2025-07-19 04:00:00,/Volumes/Argus/unk/snap/c1/1752897600.c1.snap.jpg,0.38804474
2025-07-19 04:30:00,/Volumes/Argus/unk/snap/c1/1752899400.c1.snap.jpg,0.29131868
2025-07-19 05:00:00,/Volumes/Argus/unk/snap/c1/1752901200.c1.snap.jpg,0.28608704
2025-07-19 05:30:00,/Volumes/Argus/unk/snap/c1/1752903000.c1.snap.jpg,0.3553632
2025-07-19 06:00:00,/Volumes/Argus/unk/snap/c1/1752904800.c1.snap.jpg,0.39647147
2025-07-19 06:30:00,/Volumes/Argus/unk/snap/c1/1752906600.c1.snap.jpg,0.33610973
2025-07-19 07:00:00,/Volumes/Argus/unk/snap/c1/1752908400.c1.snap.jpg,0.50792646
2025-07-19 07:30:00,/Volumes/Argus/unk/snap/c1/1752910200.c1.snap.jpg,0.30372494
2025-07-19 08:00:00,/Volumes/Argus/unk/snap/c1/1752912000.c1.snap.jpg,0.3196926
2025-07-19 08:30:00,/Volumes/Argus/unk/snap/c1/1752913800.c1.snap.jpg,0.29785717
2025-07-19 09:00:00,/Volumes/Argus/unk/snap/c1/1752915600.c1.snap.jpg,0.29458904
2025-07-19 09:30:00,/Volumes/Argus/unk/snap/c1/1752917400.c1.snap.jpg,0.58386785
2025-07-19 10:00:00,/Volumes/Argus/unk/snap/c1/1752919200.c1.snap.jpg,0.35353273
2025-07-19 10:30:00,/Volumes/Argus/unk/snap/c1/1752921000.c1.snap.jpg,0.45549768
2025-07-19 11:00:00,/Volumes/Argus/unk/snap/c1/1752922800.c1.snap.jpg,0.5072953
2025-07-19 11:30:00,/Volumes/Argus/unk/snap/c1/1752924600.c1.snap.jpg,0.49791026
2025-07-19 12:00:00,/Volumes/Argus/unk/snap/c1/1752926400.c1.snap.jpg,0.42586327
2025-07-19 14:00:00,/Volumes/Argus/unk/snap/c1/1752933600.c1.snap.jpg,0.32821506
2025-07-19 14:30:00,/Volumes/Argus/unk/snap/c1/1752935400.c1.snap.jpg,0.24844056
2025-07-19 15:00:00,/Volumes/Argus/unk/snap/c1/1752937200.c1.snap.jpg,0.3066489
2025-07-19 15:30:00,/Volumes/Argus/unk/snap/c1/1752939000.c1.snap.jpg,0.308113
2025-07-19 16:00:00,/Volumes/Argus/unk/snap/c1/1752940800.c1.snap.jpg,0.33936915
2025-07-19 16:30:00,/Volumes/Argus/unk/snap/c1/1752942600.c1.snap.jpg,0.36686066
2025-07-19 17:00:00,/Volumes/Argus/unk/snap/c1/1752944400.c1.snap.jpg,0.33917233
2025-07-19 17:30:00,/Volumes/Argus/unk/snap/c1/1752946200.c1.snap.jpg,0.3531055
2025-07-19 18:00:00,/Volumes/Argus/unk/snap/c1/1752948000.c1.snap.jpg,0.27054536
2025-07-19 18:30:00,/Volumes/Argus/unk/snap/c1/1752949800.c1.snap.jpg,0.31155044
2025-07-19 19:00:00,/Volumes/Argus/unk/snap/c1/1752951600.c1.snap.jpg,0.28801405
2025-07-19 19:30:00,/Volumes/Argus/unk/snap/c1/1752953400.c1.snap.jpg,0.3130093
2025-07-19 20:00:00,/Volumes/Argus/unk/snap/c1/1752955200.c1.snap.jpg,0.273952
2025-07-19 20:30:00,/Volumes/Argus/unk/snap/c1/1752957000.c1.snap.jpg,0.30232683
2025-07-19 21:00:00,/Volumes/Argus/unk/snap/c1/1752958800.c1.snap.jpg,0.4176252
2025-07-19 21:30:00,/Volumes/Argus/unk/snap/c1/1752960600.c1.snap.jpg,0.32354885
2025-07-19 22:00:00,/Volumes/Argus/unk/snap/c1/1752962400.c1.snap.jpg,0.4166
2025-07-19 22:30:00,/Volumes/Argus/unk/snap/c1/1752964200.c1.snap.jpg,0.3906089
2025-07-19 23:30:00,/Volumes/Argus/unk/snap/c1/1752967800.c1.snap.jpg,0.32054162
2025-07-20 00:00:00,/Volumes/Argus/unk/snap/c1/1752969600.c1.snap.jpg,0.29029596
2025-07-20 00:30:00,/Volumes/Argus/unk/snap/c1/1752971400.c1.snap.jpg,0.31844044
2025-07-20 01:00:00,/Volumes/Argus/unk/snap/c1/1752973200.c1.snap.jpg,0.39883018
2025-07-20 01:30:00,/Volumes/Argus/unk/snap/c1/1752975000.c1.snap.jpg,0.79852474
2025-07-20 02:00:00,/Volumes/Argus/unk/snap/c1/1752976800.c1.snap.jpg,0.28463238
2025-07-20 02:30:00,/Volumes/Argus/unk/snap/c1/1752978600.c1.snap.jpg,0.32873207
2025-07-20 03:00:00,/Volumes/Argus/unk/snap/c1/1752980400.c1.snap.jpg,0.43158302
2025-07-20 03:30:00,/Volumes/Argus/unk/snap/c1/1752982200.c1.snap.jpg,0.31345552
2025-07-20 04:00:00,/Volumes/Argus/unk/snap/c1/1752984000.c1.snap.jpg,0.3660189
2025-07-20 04:30:00,/Volumes/Argus/unk/snap/c1/1752985800.c1.snap.jpg,0.36106476
2025-07-20 05:30:00,/Volumes/Argus/unk/snap/c1/1752989400.c1.snap.jpg,0.3824061
2025-07-20 06:00:00,/Volumes/Argus/unk/snap/c1/1752991200.c1.snap.jpg,0.38559633
2025-07-20 06:30:00,/Volumes/Argus/unk/snap/c1/1752993000.c1.snap.jpg,0.33261967
2025-07-20 07:00:00,/Volumes/Argus/unk/snap/c1/1752994800.c1.snap.jpg,0.33955735
2025-07-20 07:30:00,/Volumes/Argus/unk/snap/c1/1752996600.c1.snap.jpg,0.28882128
2025-07-20 08:00:00,/Volumes/Argus/unk/snap/c1/1752998400.c1.snap.jpg,0.33010897
2025-07-20 08:30:00,/Volumes/Argus/unk/snap/c1/1753000200.c1.snap.jpg,0.58685243
2025-07-20 09:00:00,/Volumes/Argus/unk/snap/c1/1753002000.c1.snap.jpg,0.51297927
2025-07-20 09:30:00,/Volumes/Argus/unk/snap/c1/1753003800.c1.snap.jpg,0.57602394
2025-07-20 10:00:00,/Volumes/Argus/unk/snap/c1/1753005600.c1.snap.jpg,0.3915708
2025-07-20 10:30:00,/Volumes/Argus/unk/snap/c1/1753007400.c1.snap.jpg,0.5729802
2025-07-20 11:00:00,/Volumes/Argus/unk/snap/c1/1753009200.c1.snap.jpg,0.5362007
2025-07-20 11:30:00,/Volumes/Argus/unk/snap/c1/1753011000.c1.snap.jpg,0.52419317
2025-07-20 12:00:00,/Volumes/Argus/unk/snap/c1/1753012800.c1.snap.jpg,0.42289937
2025-07-20 14:00:00,/Volumes/Argus/unk/snap/c1/1753020000.c1.snap.jpg,0.3019832
2025-07-20 14:30:00,/Volumes/Argus/unk/snap/c1/1753021800.c1.snap.jpg,0.23452544
2025-07-20 15:00:00,/Volumes/Argus/unk/snap/c1/1753023600.c1.snap.jpg,0.4844116
2025-07-20 15:30:00,/Volumes/Argus/unk/snap/c1/1753025400.c1.snap.jpg,0.5461216
2025-07-20 16:30:00,/Volumes/Argus/unk/snap/c1/1753029000.c1.snap.jpg,0.2649125
2025-07-20 17:00:00,/Volumes/Argus/unk/snap/c1/1753030800.c1.snap.jpg,0.27382344
2025-07-20 17:30:00,/Volumes/Argus/unk/snap/c1/1753032600.c1.snap.jpg,0.54142225
2025-07-20 18:00:00,/Volumes/Argus/unk/snap/c1/1753034400.c1.snap.jpg,0.37308806
2025-07-20 18:30:00,/Volumes/Argus/unk/snap/c1/1753036200.c1.snap.jpg,0.2971401
2025-07-20 19:00:00,/Volumes/Argus/unk/snap/c1/1753038000.c1.snap.jpg,0.23477261
2025-07-20 19:30:00,/Volumes/Argus/unk/snap/c1/1753039800.c1.snap.jpg,0.353257
2025-07-20 20:00:00,/Volumes/Argus/unk/snap/c1/1753041600.c1.snap.jpg,0.3655203
2025-07-20 20:30:00,/Volumes/Argus/unk/snap/c1/1753043400.c1.snap.jpg,0.40927482
2025-07-20 21:00:00,/Volumes/Argus/unk/snap/c1/1753045200.c1.snap.jpg,0.27279687
2025-07-20 21:30:00,/Volumes/Argus/unk/snap/c1/1753047000.c1.snap.jpg,0.25632942
2025-07-20 22:00:00,/Volumes/Argus/unk/snap/c1/1753048800.c1.snap.jpg,0.24094097
2025-07-20 22:30:00,/Volumes/Argus/unk/snap/c1/1753050600.c1.snap.jpg,0.28832144
2025-07-20 23:00:00,/Volumes/Argus/unk/snap/c1/1753052400.c1.snap.jpg,0.28013432
2025-07-20 23:30:00,/Volumes/Argus/unk/snap/c1/1753054200.c1.snap.jpg,0.27336442
2025-07-21 00:00:00,/Volumes/Argus/unk/snap/c1/1753056000.c1.snap.jpg,0.23697527
2025-07-21 00:30:00,/Volumes/Argus/unk/snap/c1/1753057800.c1.snap.jpg,0.19546422
2025-07-21 01:00:00,/Volumes/Argus/unk/snap/c1/1753059600.c1.snap.jpg,0.24243373
2025-07-21 01:30:00,/Volumes/Argus/unk/snap/c1/1753061400.c1.snap.jpg,0.2605441
2025-07-21 02:00:00,/Volumes/Argus/unk/snap/c1/1753063200.c1.snap.jpg,0.39646965
2025-07-21 02:30:00,/Volumes/Argus/unk/snap/c1/1753065000.c1.snap.jpg,0.3005668
2025-07-21 03:00:00,/Volumes/Argus/unk/snap/c1/1753066800.c1.snap.jpg,1.2085838
2025-07-21 03:30:00,/Volumes/Argus/unk/snap/c1/1753068600.c1.snap.jpg,0.744046
2025-07-21 04:00:00,/Volumes/Argus/unk/snap/c1/1753070400.c1.snap.jpg,0.30232647
2025-07-21 05:00:00,/Volumes/Argus/unk/snap/c1/1753074000.c1.snap.jpg,0.56158453
2025-07-21 06:00:00,/Volumes/Argus/unk/snap/c1/1753077600.c1.snap.jpg,0.3211717
2025-07-21 06:30:00,/Volumes/Argus/unk/snap/c1/1753079400.c1.snap.jpg,0.45576978
2025-07-21 07:00:00,/Volumes/Argus/unk/snap/c1/1753081200.c1.snap.jpg,0.37330276
2025-07-21 07:30:00,/Volumes/Argus/unk/snap/c1/1753083000.c1.snap.jpg,0.40216157
2025-07-21 08:00:00,/Volumes/Argus/unk/snap/c1/1753084800.c1.snap.jpg,0.5675968
2025-07-21 08:30:00,/Volumes/Argus/unk/snap/c1/1753086600.c1.snap.jpg,0.7359023
2025-07-21 09:00:00,/Volumes/Argus/unk/snap/c1/1753088400.c1.snap.jpg,1.0220939
2025-07-21 09:30:00,/Volumes/Argus/unk/snap/c1/1753090200.c1.snap.jpg,1.1116302
2025-07-21 10:00:00,/Volumes/Argus/unk/snap/c1/1753092000.c1.snap.jpg,1.1348965
2025-07-21 10:30:00,/Volumes/Argus/unk/snap/c1/1753093800.c1.snap.jpg,1.9587046
2025-07-21 11:00:00,/Volumes/Argus/unk/snap/c1/1753095600.c1.snap.jpg,1.9742651
2025-07-21 11:30:00,/Volumes/Argus/unk/snap/c1/1753097400.c1.snap.jpg,1.733148
2025-07-21 12:00:00,/Volumes/Argus/unk/snap/c1/1753099200.c1.snap.jpg,1.1578677
2025-07-21 14:00:00,/Volumes/Argus/unk/snap/c1/1753106400.c1.snap.jpg,1.015701
2025-07-21 14:30:00,/Volumes/Argus/unk/snap/c1/1753108200.c1.snap.jpg,1.1282204
2025-07-21 15:00:00,/Volumes/Argus/unk/snap/c1/1753110000.c1.snap.jpg,1.1963398
2025-07-21 16:00:00,/Volumes/Argus/unk/snap/c1/1753113600.c1.snap.jpg,0.96977365
2025-07-21 16:30:00,/Volumes/Argus/unk/snap/c1/1753115400.c1.snap.jpg,0.9321697
2025-07-21 17:00:00,/Volumes/Argus/unk/snap/c1/1753117200.c1.snap.jpg,0.99609876
2025-07-21 17:30:00,/Volumes/Argus/unk/snap/c1/1753119000.c1.snap.jpg,0.9485009
2025-07-21 18:00:00,/Volumes/Argus/unk/snap/c1/1753120800.c1.snap.jpg,0.9465486
2025-07-21 18:30:00,/Volumes/Argus/unk/snap/c1/1753122600.c1.snap.jpg,0.93245196
2025-07-21 19:00:00,/Volumes/Argus/unk/snap/c1/1753124400.c1.snap.jpg,0.9127753
2025-07-21 19:30:00,/Volumes/Argus/unk/snap/c1/1753126200.c1.snap.jpg,0.96594965
2025-07-21 20:00:00,/Volumes/Argus/unk/snap/c1/1753128000.c1.snap.jpg,0.85802245
2025-07-21 20:30:00,/Volumes/Argus/unk/snap/c1/1753129800.c1.snap.jpg,0.85092235
2025-07-21 21:00:00,/Volumes/Argus/unk/snap/c1/1753131600.c1.snap.jpg,0.6459882
2025-07-21 21:30:00,/Volumes/Argus/unk/snap/c1/1753133400.c1.snap.jpg,0.70793265
2025-07-21 22:00:00,/Volumes/Argus/unk/snap/c1/1753135200.c1.snap.jpg,0.7247936
2025-07-21 22:30:00,/Volumes/Argus/unk/snap/c1/1753137000.c1.snap.jpg,0.8656934
2025-07-21 23:00:00,/Volumes/Argus/unk/snap/c1/1753138800.c1.snap.jpg,0.9045645
2025-07-21 23:30:00,/Volumes/Argus/unk/snap/c1/1753140600.c1.snap.jpg,0.9383764
2025-07-22 00:00:00,/Volumes/Argus/unk/snap/c1/1753142400.c1.snap.jpg,1.2255335
2025-07-22 00:30:00,/Volumes/Argus/unk/snap/c1/1753144200.c1.snap.jpg,1.2344596
2025-07-22 01:00:00,/Volumes/Argus/unk/snap/c1/1753146000.c1.snap.jpg,1.2428683
2025-07-22 01:30:00,/Volumes/Argus/unk/snap/c1/1753147800.c1.snap.jpg,1.2450063
2025-07-22 02:00:00,/Volumes/Argus/unk/snap/c1/1753149600.c1.snap.jpg,1.3006111
2025-07-22 02:30:00,/Volumes/Argus/unk/snap/c1/1753151400.c1.snap.jpg,0.94302684
2025-07-22 03:00:00,/Volumes/Argus/unk/snap/c1/1753153200.c1.snap.jpg,1.2330195
2025-07-22 03:30:00,/Volumes/Argus/unk/snap/c1/1753155000.c1.snap.jpg,1.2432147
2025-07-22 04:00:00,/Volumes/Argus/unk/snap/c1/1753156800.c1.snap.jpg,1.2242558
2025-07-22 05:00:00,/Volumes/Argus/unk/snap/c1/1753160400.c1.snap.jpg,1.2889539
2025-07-22 06:00:00,/Volumes/Argus/unk/snap/c1/1753164000.c1.snap.jpg,1.2437589
2025-07-22 06:30:00,/Volumes/Argus/unk/snap/c1/1753165800.c1.snap.jpg,1.2160472
2025-07-22 07:00:00,/Volumes/Argus/unk/snap/c1/1753167600.c1.snap.jpg,1.3281485
2025-07-22 07:30:00,/Volumes/Argus/unk/snap/c1/1753169400.c1.snap.jpg,1.2684146
2025-07-22 08:00:00,/Volumes/Argus/unk/snap/c1/1753171200.c1.snap.jpg,1.1163113
2025-07-22 08:30:00,/Volumes/Argus/unk/snap/c1/1753173000.c1.snap.jpg,1.1595938
2025-07-22 09:00:00,/Volumes/Argus/unk/snap/c1/1753174800.c1.snap.jpg,1.194019
2025-07-22 09:30:00,/Volumes/Argus/unk/snap/c1/1753176600.c1.snap.jpg,1.9399539
2025-07-22 10:00:00,/Volumes/Argus/unk/snap/c1/1753178400.c1.snap.jpg,1.9442075
2025-07-22 10:30:00,/Volumes/Argus/unk/snap/c1/1753180200.c1.snap.jpg,1.9164419
2025-07-22 11:00:00,/Volumes/Argus/unk/snap/c1/1753182000.c1.snap.jpg,1.0099131
2025-07-22 11:30:00,/Volumes/Argus/unk/snap/c1/1753183800.c1.snap.jpg,1.9054527
2025-07-22 12:00:00,/Volumes/Argus/unk/snap/c1/1753185600.c1.snap.jpg,1.9223722
2025-07-22 14:00:00,/Volumes/Argus/unk/snap/c1/1753192800.c1.snap.jpg,1.1397074
2025-07-22 14:30:00,/Volumes/Argus/unk/snap/c1/1753194600.c1.snap.jpg,1.2581776
2025-07-22 15:00:00,/Volumes/Argus/unk/snap/c1/1753196400.c1.snap.jpg,1.1394042
2025-07-22 15:30:00,/Volumes/Argus/unk/snap/c1/1753198200.c1.snap.jpg,1.1112571
2025-07-22 16:00:00,/Volumes/Argus/unk/snap/c1/1753200000.c1.snap.jpg,1.0218273
2025-07-22 16:30:00,/Volumes/Argus/unk/snap/c1/1753201800.c1.snap.jpg,1.0549982
2025-07-22 17:00:00,/Volumes/Argus/unk/snap/c1/1753203600.c1.snap.jpg,1.042406
2025-07-22 17:30:00,/Volumes/Argus/unk/snap/c1/1753205400.c1.snap.jpg,1.0258168
2025-07-22 18:00:00,/Volumes/Argus/unk/snap/c1/1753207200.c1.snap.jpg,1.0794513
2025-07-22 18:30:00,/Volumes/Argus/unk/snap/c1/1753209000.c1.snap.jpg,1.084981
2025-07-22 19:00:00,/Volumes/Argus/unk/snap/c1/1753210800.c1.snap.jpg,0.9790329
2025-07-22 19:30:00,/Volumes/Argus/unk/snap/c1/1753212600.c1.snap.jpg,1.0340303
2025-07-22 20:00:00,/Volumes/Argus/unk/snap/c1/1753214400.c1.snap.jpg,0.93609595
2025-07-22 20:30:00,/Volumes/Argus/unk/snap/c1/1753216200.c1.snap.jpg,1.0458807
2025-07-22 21:00:00,/Volumes/Argus/unk/snap/c1/1753218000.c1.snap.jpg,0.7641914
2025-07-22 21:30:00,/Volumes/Argus/unk/snap/c1/1753219800.c1.snap.jpg,0.824265
2025-07-22 22:00:00,/Volumes/Argus/unk/snap/c1/1753221600.c1.snap.jpg,0.81033075
2025-07-22 22:30:00,/Volumes/Argus/unk/snap/c1/1753223400.c1.snap.jpg,0.75742245
2025-07-22 23:00:00,/Volumes/Argus/unk/snap/c1/1753225200.c1.snap.jpg,0.6763871
2025-07-22 23:30:00,/Volumes/Argus/unk/snap/c1/1753227000.c1.snap.jpg,0.6969003
2025-07-23 00:00:00,/Volumes/Argus/unk/snap/c1/1753228800.c1.snap.jpg,0.68508005
2025-07-23 00:30:00,/Volumes/Argus/unk/snap/c1/1753230600.c1.snap.jpg,0.5656833
2025-07-23 01:00:00,/Volumes/Argus/unk/snap/c1/1753232400.c1.snap.jpg,0.5052803
2025-07-23 01:30:00,/Volumes/Argus/unk/snap/c1/1753234200.c1.snap.jpg,0.43112588
2025-07-23 02:00:00,/Volumes/Argus/unk/snap/c1/1753236000.c1.snap.jpg,0.4536452
2025-07-23 02:30:00,/Volumes/Argus/unk/snap/c1/1753237800.c1.snap.jpg,0.34514266
2025-07-23 03:00:00,/Volumes/Argus/unk/snap/c1/1753239600.c1.snap.jpg,0.64506733
2025-07-23 03:30:00,/Volumes/Argus/unk/snap/c1/1753241400.c1.snap.jpg,0.73707914
2025-07-23 04:00:00,/Volumes/Argus/unk/snap/c1/1753243200.c1.snap.jpg,0.5589862
2025-07-23 04:30:00,/Volumes/Argus/unk/snap/c1/1753245000.c1.snap.jpg,0.37992167
2025-07-23 05:00:00,/Volumes/Argus/unk/snap/c1/1753246800.c1.snap.jpg,0.54540056
2025-07-23 05:30:00,/Volumes/Argus/unk/snap/c1/1753248600.c1.snap.jpg,0.5769595
2025-07-23 06:00:00,/Volumes/Argus/unk/snap/c1/1753250400.c1.snap.jpg,0.7594638
2025-07-23 06:30:00,/Volumes/Argus/unk/snap/c1/1753252200.c1.snap.jpg,0.7726643
2025-07-23 07:00:00,/Volumes/Argus/unk/snap/c1/1753254000.c1.snap.jpg,0.8631184
2025-07-23 07:30:00,/Volumes/Argus/unk/snap/c1/1753255800.c1.snap.jpg,0.38360026
2025-07-23 08:00:00,/Volumes/Argus/unk/snap/c1/1753257600.c1.snap.jpg,0.64931566
2025-07-23 08:30:00,/Volumes/Argus/unk/snap/c1/1753259400.c1.snap.jpg,0.6779591
2025-07-23 09:00:00,/Volumes/Argus/unk/snap/c1/1753261200.c1.snap.jpg,0.65895736
2025-07-23 09:30:00,/Volumes/Argus/unk/snap/c1/1753263000.c1.snap.jpg,0.5113506
2025-07-23 10:00:00,/Volumes/Argus/unk/snap/c1/1753264800.c1.snap.jpg,0.8548403
2025-07-23 10:30:00,/Volumes/Argus/unk/snap/c1/1753266600.c1.snap.jpg,1.0015184
2025-07-23 11:00:00,/Volumes/Argus/unk/snap/c1/1753268400.c1.snap.jpg,1.0489483
2025-07-23 11:30:00,/Volumes/Argus/unk/snap/c1/1753270200.c1.snap.jpg,0.95175195
2025-07-23 12:00:00,/Volumes/Argus/unk/snap/c1/1753272000.c1.snap.jpg,0.7424965
2025-07-23 14:00:00,/Volumes/Argus/unk/snap/c1/1753279200.c1.snap.jpg,0.86651266
2025-07-23 14:30:00,/Volumes/Argus/unk/snap/c1/1753281000.c1.snap.jpg,0.8660058
2025-07-23 15:00:00,/Volumes/Argus/unk/snap/c1/1753282800.c1.snap.jpg,1.0061611
2025-07-23 15:30:00,/Volumes/Argus/unk/snap/c1/1753284600.c1.snap.jpg,0.90576065
2025-07-23 16:00:00,/Volumes/Argus/unk/snap/c1/1753286400.c1.snap.jpg,1.0171292
2025-07-23 16:30:00,/Volumes/Argus/unk/snap/c1/1753288200.c1.snap.jpg,0.9934188
2025-07-23 17:00:00,/Volumes/Argus/unk/snap/c1/1753290000.c1.snap.jpg,1.1190908
2025-07-23 17:30:00,/Volumes/Argus/unk/snap/c1/1753291800.c1.snap.jpg,1.1471515
2025-07-23 18:00:00,/Volumes/Argus/unk/snap/c1/1753293600.c1.snap.jpg,1.3034879
2025-07-23 18:30:00,/Volumes/Argus/unk/snap/c1/1753295400.c1.snap.jpg,1.2584532
2025-07-23 19:00:00,/Volumes/Argus/unk/snap/c1/1753297200.c1.snap.jpg,1.4302202
2025-07-23 19:30:00,/Volumes/Argus/unk/snap/c1/1753299000.c1.snap.jpg,1.2769549
2025-07-23 20:00:00,/Volumes/Argus/unk/snap/c1/1753300800.c1.snap.jpg,1.2909747
2025-07-23 20:30:00,/Volumes/Argus/unk/snap/c1/1753302600.c1.snap.jpg,1.1165336
2025-07-23 21:00:00,/Volumes/Argus/unk/snap/c1/1753304400.c1.snap.jpg,1.1783279
2025-07-23 21:30:00,/Volumes/Argus/unk/snap/c1/1753306200.c1.snap.jpg,1.303635
2025-07-23 22:00:00,/Volumes/Argus/unk/snap/c1/1753308000.c1.snap.jpg,1.2412449
2025-07-23 22:30:00,/Volumes/Argus/unk/snap/c1/1753309800.c1.snap.jpg,1.2590386
2025-07-23 23:00:00,/Volumes/Argus/unk/snap/c1/1753311600.c1.snap.jpg,1.1640055
2025-07-23 23:30:00,/Volumes/Argus/unk/snap/c1/1753313400.c1.snap.jpg,0.99919343
2025-07-24 00:00:00,/Volumes/Argus/unk/snap/c1/1753315200.c1.snap.jpg,1.0743748
2025-07-24 00:30:00,/Volumes/Argus/unk/snap/c1/1753317000.c1.snap.jpg,0.9919907
2025-07-24 01:00:00,/Volumes/Argus/unk/snap/c1/1753318800.c1.snap.jpg,1.0574203
2025-07-24 01:30:00,/Volumes/Argus/unk/snap/c1/1753320600.c1.snap.jpg,0.8615098
2025-07-24 02:00:00,/Volumes/Argus/unk/snap/c1/1753322400.c1.snap.jpg,0.87291443
2025-07-24 02:30:00,/Volumes/Argus/unk/snap/c1/1753324200.c1.snap.jpg,0.84597266
2025-07-24 03:00:00,/Volumes/Argus/unk/snap/c1/1753326000.c1.snap.jpg,0.7149002
2025-07-24 04:00:00,/Volumes/Argus/unk/snap/c1/1753329600.c1.snap.jpg,1.0040159
2025-07-24 04:30:00,/Volumes/Argus/unk/snap/c1/1753331400.c1.snap.jpg,0.8424662
2025-07-24 05:00:00,/Volumes/Argus/unk/snap/c1/1753333200.c1.snap.jpg,0.8066462
2025-07-24 05:30:00,/Volumes/Argus/unk/snap/c1/1753335000.c1.snap.jpg,0.81158006
2025-07-24 06:00:00,/Volumes/Argus/unk/snap/c1/1753336800.c1.snap.jpg,0.8085377
2025-07-24 06:30:00,/Volumes/Argus/unk/snap/c1/1753338600.c1.snap.jpg,0.7582779
2025-07-24 07:00:00,/Volumes/Argus/unk/snap/c1/1753340400.c1.snap.jpg,0.8026309
2025-07-24 07:30:00,/Volumes/Argus/unk/snap/c1/1753342200.c1.snap.jpg,0.65834
2025-07-24 08:00:00,/Volumes/Argus/unk/snap/c1/1753344000.c1.snap.jpg,0.627419
2025-07-24 08:30:00,/Volumes/Argus/unk/snap/c1/1753345800.c1.snap.jpg,0.6525075
2025-07-24 09:00:00,/Volumes/Argus/unk/snap/c1/1753347600.c1.snap.jpg,0.5780705
2025-07-24 09:30:00,/Volumes/Argus/unk/snap/c1/1753349400.c1.snap.jpg,0.6313043
2025-07-24 10:00:00,/Volumes/Argus/unk/snap/c1/1753351200.c1.snap.jpg,0.57080966
2025-07-24 10:30:00,/Volumes/Argus/unk/snap/c1/1753353000.c1.snap.jpg,0.9296481
2025-07-24 11:30:00,/Volumes/Argus/unk/snap/c1/1753356600.c1.snap.jpg,0.91432554
2025-07-24 12:00:00,/Volumes/Argus/unk/snap/c1/1753358400.c1.snap.jpg,0.7519649
2025-07-24 14:00:00,/Volumes/Argus/unk/snap/c1/1753365600.c1.snap.jpg,0.6980247
2025-07-24 14:30:00,/Volumes/Argus/unk/snap/c1/1753367400.c1.snap.jpg,0.8421153
2025-07-24 15:00:00,/Volumes/Argus/unk/snap/c1/1753369200.c1.snap.jpg,0.6780684
2025-07-24 15:30:00,/Volumes/Argus/unk/snap/c1/1753371000.c1.snap.jpg,0.8605829
2025-07-24 16:00:00,/Volumes/Argus/unk/snap/c1/1753372800.c1.snap.jpg,0.8603105
2025-07-24 16:30:00,/Volumes/Argus/unk/snap/c1/1753374600.c1.snap.jpg,0.88387907
2025-07-24 17:00:00,/Volumes/Argus/unk/snap/c1/1753376400.c1.snap.jpg,0.7649286
2025-07-24 17:30:00,/Volumes/Argus/unk/snap/c1/1753378200.c1.snap.jpg,0.82640314
2025-07-24 18:00:00,/Volumes/Argus/unk/snap/c1/1753380000.c1.snap.jpg,0.8504172
2025-07-24 18:30:00,/Volumes/Argus/unk/snap/c1/1753381800.c1.snap.jpg,0.8542354
2025-07-24 19:00:00,/Volumes/Argus/unk/snap/c1/1753383600.c1.snap.jpg,0.80476624
2025-07-24 19:30:00,/Volumes/Argus/unk/snap/c1/1753385400.c1.snap.jpg,0.89108205
2025-07-24 20:00:00,/Volumes/Argus/unk/snap/c1/1753387200.c1.snap.jpg,0.85693467
2025-07-24 20:30:00,/Volumes/Argus/unk/snap/c1/1753389000.c1.snap.jpg,0.8022084
2025-07-24 21:00:00,/Volumes/Argus/unk/snap/c1/1753390800.c1.snap.jpg,0.8084546
2025-07-24 21:30:00,/Volumes/Argus/unk/snap/c1/1753392600.c1.snap.jpg,0.7365633
2025-07-24 22:00:00,/Volumes/Argus/unk/snap/c1/1753394400.c1.snap.jpg,0.6258491
2025-07-24 22:30:00,/Volumes/Argus/unk/snap/c1/1753396200.c1.snap.jpg,0.5671549
2025-07-24 23:00:00,/Volumes/Argus/unk/snap/c1/1753398000.c1.snap.jpg,0.6431533
2025-07-24 23:30:00,/Volumes/Argus/unk/snap/c1/1753399800.c1.snap.jpg,0.5149659
2025-07-25 00:00:00,/Volumes/Argus/unk/snap/c1/1753401600.c1.snap.jpg,0.3973164
2025-07-25 00:30:00,/Volumes/Argus/unk/snap/c1/1753403400.c1.snap.jpg,0.42045176
2025-07-25 01:00:00,/Volumes/Argus/unk/snap/c1/1753405200.c1.snap.jpg,0.6521194
2025-07-25 01:30:00,/Volumes/Argus/unk/snap/c1/1753407000.c1.snap.jpg,0.58171356
2025-07-25 02:00:00,/Volumes/Argus/unk/snap/c1/1753408800.c1.snap.jpg,0.40674943
2025-07-25 02:30:00,/Volumes/Argus/unk/snap/c1/1753410600.c1.snap.jpg,0.45796877
2025-07-25 03:00:00,/Volumes/Argus/unk/snap/c1/1753412400.c1.snap.jpg,0.4447761
2025-07-25 03:30:00,/Volumes/Argus/unk/snap/c1/1753414200.c1.snap.jpg,0.47686553
2025-07-25 04:30:00,/Volumes/Argus/unk/snap/c1/1753417800.c1.snap.jpg,0.5794358
2025-07-25 05:00:00,/Volumes/Argus/unk/snap/c1/1753419600.c1.snap.jpg,0.48051292
2025-07-25 05:30:00,/Volumes/Argus/unk/snap/c1/1753421400.c1.snap.jpg,0.9373449
2025-07-25 06:00:00,/Volumes/Argus/unk/snap/c1/1753423200.c1.snap.jpg,0.46505138
2025-07-25 06:30:00,/Volumes/Argus/unk/snap/c1/1753425000.c1.snap.jpg,0.33630005
2025-07-25 07:00:00,/Volumes/Argus/unk/snap/c1/1753426800.c1.snap.jpg,0.2956357
2025-07-25 07:30:00,/Volumes/Argus/unk/snap/c1/1753428600.c1.snap.jpg,0.2465099
2025-07-25 08:00:00,/Volumes/Argus/unk/snap/c1/1753430400.c1.snap.jpg,0.30715817
2025-07-25 08:30:00,/Volumes/Argus/unk/snap/c1/1753432200.c1.snap.jpg,0.2781568
2025-07-25 09:00:00,/Volumes/Argus/unk/snap/c1/1753434000.c1.snap.jpg,0.25959435
2025-07-25 09:30:00,/Volumes/Argus/unk/snap/c1/1753435800.c1.snap.jpg,0.4682091
2025-07-25 10:00:00,/Volumes/Argus/unk/snap/c1/1753437600.c1.snap.jpg,0.5087971
2025-07-25 10:30:00,/Volumes/Argus/unk/snap/c1/1753439400.c1.snap.jpg,0.53638834
2025-07-25 11:30:00,/Volumes/Argus/unk/snap/c1/1753443000.c1.snap.jpg,0.5825236
2025-07-25 12:00:00,/Volumes/Argus/unk/snap/c1/1753444800.c1.snap.jpg,0.40974817
2025-07-25 14:00:00,/Volumes/Argus/unk/snap/c1/1753452000.c1.snap.jpg,0.53074044
2025-07-25 14:30:00,/Volumes/Argus/unk/snap/c1/1753453800.c1.snap.jpg,0.5627805
2025-07-25 15:00:00,/Volumes/Argus/unk/snap/c1/1753455600.c1.snap.jpg,0.6087864
2025-07-25 15:30:00,/Volumes/Argus/unk/snap/c1/1753457400.c1.snap.jpg,0.40937123
2025-07-25 16:00:00,/Volumes/Argus/unk/snap/c1/1753459200.c1.snap.jpg,0.30794102
2025-07-25 16:30:00,/Volumes/Argus/unk/snap/c1/1753461000.c1.snap.jpg,0.39988178
2025-07-25 17:00:00,/Volumes/Argus/unk/snap/c1/1753462800.c1.snap.jpg,0.6770378
2025-07-25 17:30:00,/Volumes/Argus/unk/snap/c1/1753464600.c1.snap.jpg,0.31676182
2025-07-25 18:00:00,/Volumes/Argus/unk/snap/c1/1753466400.c1.snap.jpg,0.5352366
2025-07-25 18:30:00,/Volumes/Argus/unk/snap/c1/1753468200.c1.snap.jpg,0.5917959
2025-07-25 19:00:00,/Volumes/Argus/unk/snap/c1/1753470000.c1.snap.jpg,0.7378131
2025-07-25 19:30:00,/Volumes/Argus/unk/snap/c1/1753471800.c1.snap.jpg,0.7912276
2025-07-25 20:00:00,/Volumes/Argus/unk/snap/c1/1753473600.c1.snap.jpg,0.7538159
2025-07-25 20:30:00,/Volumes/Argus/unk/snap/c1/1753475400.c1.snap.jpg,0.6028094
2025-07-25 21:00:00,/Volumes/Argus/unk/snap/c1/1753477200.c1.snap.jpg,0.6335213
2025-07-25 21:30:00,/Volumes/Argus/unk/snap/c1/1753479000.c1.snap.jpg,0.75977486
2025-07-25 22:00:00,/Volumes/Argus/unk/snap/c1/1753480800.c1.snap.jpg,0.5014659
2025-07-25 22:30:00,/Volumes/Argus/unk/snap/c1/1753482600.c1.snap.jpg,0.5466199
2025-07-25 23:00:00,/Volumes/Argus/unk/snap/c1/1753484400.c1.snap.jpg,0.627308
2025-07-25 23:30:00,/Volumes/Argus/unk/snap/c1/1753486200.c1.snap.jpg,0.62841964
2025-07-26 00:00:00,/Volumes/Argus/unk/snap/c1/1753488000.c1.snap.jpg,0.7701098
2025-07-26 00:30:00,/Volumes/Argus/unk/snap/c1/1753489800.c1.snap.jpg,0.89379275
2025-07-26 01:00:00,/Volumes/Argus/unk/snap/c1/1753491600.c1.snap.jpg,0.6131535
2025-07-26 01:30:00,/Volumes/Argus/unk/snap/c1/1753493400.c1.snap.jpg,0.49564207
2025-07-26 02:00:00,/Volumes/Argus/unk/snap/c1/1753495200.c1.snap.jpg,0.7214052
2025-07-26 02:30:00,/Volumes/Argus/unk/snap/c1/1753497000.c1.snap.jpg,0.5848667
2025-07-26 03:00:00,/Volumes/Argus/unk/snap/c1/1753498800.c1.snap.jpg,0.5821001
2025-07-26 03:30:00,/Volumes/Argus/unk/snap/c1/1753500600.c1.snap.jpg,0.7207346
2025-07-26 04:00:00,/Volumes/Argus/unk/snap/c1/1753502400.c1.snap.jpg,0.4374828
2025-07-26 04:30:00,/Volumes/Argus/unk/snap/c1/1753504200.c1.snap.jpg,0.7237357
2025-07-26 05:00:00,/Volumes/Argus/unk/snap/c1/1753506000.c1.snap.jpg,0.5366229
2025-07-26 05:30:00,/Volumes/Argus/unk/snap/c1/1753507800.c1.snap.jpg,0.45603538
2025-07-26 06:00:00,/Volumes/Argus/unk/snap/c1/1753509600.c1.snap.jpg,0.5836216
2025-07-26 06:30:00,/Volumes/Argus/unk/snap/c1/1753511400.c1.snap.jpg,0.5442068
2025-07-26 07:00:00,/Volumes/Argus/unk/snap/c1/1753513200.c1.snap.jpg,0.6341005
2025-07-26 07:30:00,/Volumes/Argus/unk/snap/c1/1753515000.c1.snap.jpg,0.5206244
2025-07-26 08:00:00,/Volumes/Argus/unk/snap/c1/1753516800.c1.snap.jpg,0.7578329
2025-07-26 08:30:00,/Volumes/Argus/unk/snap/c1/1753518600.c1.snap.jpg,0.6715628
2025-07-26 09:00:00,/Volumes/Argus/unk/snap/c1/1753520400.c1.snap.jpg,0.456702
2025-07-26 09:30:00,/Volumes/Argus/unk/snap/c1/1753522200.c1.snap.jpg,0.6976068
2025-07-26 10:00:00,/Volumes/Argus/unk/snap/c1/1753524000.c1.snap.jpg,0.7069848
2025-07-26 12:00:00,/Volumes/Argus/unk/snap/c1/1753531200.c1.snap.jpg,0.7594301
2025-07-26 14:00:00,/Volumes/Argus/unk/snap/c1/1753538400.c1.snap.jpg,0.8151263
2025-07-26 14:30:00,/Volumes/Argus/unk/snap/c1/1753540200.c1.snap.jpg,0.8987421
2025-07-26 15:00:00,/Volumes/Argus/unk/snap/c1/1753542000.c1.snap.jpg,0.7712263
2025-07-26 15:30:00,/Volumes/Argus/unk/snap/c1/1753543800.c1.snap.jpg,0.81735015
2025-07-26 16:30:00,/Volumes/Argus/unk/snap/c1/1753547400.c1.snap.jpg,0.82584727
2025-07-26 17:00:00,/Volumes/Argus/unk/snap/c1/1753549200.c1.snap.jpg,0.8229955
2025-07-26 17:30:00,/Volumes/Argus/unk/snap/c1/1753551000.c1.snap.jpg,0.7889325
2025-07-26 18:00:00,/Volumes/Argus/unk/snap/c1/1753552800.c1.snap.jpg,0.9140209
2025-07-26 18:30:00,/Volumes/Argus/unk/snap/c1/1753554600.c1.snap.jpg,0.8059058
2025-07-26 19:00:00,/Volumes/Argus/unk/snap/c1/1753556400.c1.snap.jpg,0.72301674
2025-07-26 19:30:00,/Volumes/Argus/unk/snap/c1/1753558200.c1.snap.jpg,0.8831433
2025-07-26 20:00:00,/Volumes/Argus/unk/snap/c1/1753560000.c1.snap.jpg,0.87388164
2025-07-26 20:30:00,/Volumes/Argus/unk/snap/c1/1753561800.c1.snap.jpg,0.62776405
2025-07-26 21:00:00,/Volumes/Argus/unk/snap/c1/1753563600.c1.snap.jpg,0.7933515
2025-07-26 21:30:00,/Volumes/Argus/unk/snap/c1/1753565400.c1.snap.jpg,0.8867096
2025-07-26 22:00:00,/Volumes/Argus/unk/snap/c1/1753567200.c1.snap.jpg,0.6874412
2025-07-26 22:30:00,/Volumes/Argus/unk/snap/c1/1753569000.c1.snap.jpg,0.720147
2025-07-26 23:00:00,/Volumes/Argus/unk/snap/c1/1753570800.c1.snap.jpg,0.45536315
2025-07-26 23:30:00,/Volumes/Argus/unk/snap/c1/1753572600.c1.snap.jpg,0.29227683
2025-07-27 00:00:00,/Volumes/Argus/unk/snap/c1/1753574400.c1.snap.jpg,0.3002038
2025-07-27 00:30:00,/Volumes/Argus/unk/snap/c1/1753576200.c1.snap.jpg,0.27984148
2025-07-27 01:00:00,/Volumes/Argus/unk/snap/c1/1753578000.c1.snap.jpg,0.2880803
2025-07-27 01:30:00,/Volumes/Argus/unk/snap/c1/1753579800.c1.snap.jpg,0.27877274
2025-07-27 02:00:00,/Volumes/Argus/unk/snap/c1/1753581600.c1.snap.jpg,0.3334393
2025-07-27 02:30:00,/Volumes/Argus/unk/snap/c1/1753583400.c1.snap.jpg,0.51833045
2025-07-27 03:00:00,/Volumes/Argus/unk/snap/c1/1753585200.c1.snap.jpg,0.29840562
2025-07-27 03:30:00,/Volumes/Argus/unk/snap/c1/1753587000.c1.snap.jpg,0.23657842
2025-07-27 04:00:00,/Volumes/Argus/unk/snap/c1/1753588800.c1.snap.jpg,0.21615544
2025-07-27 04:30:00,/Volumes/Argus/unk/snap/c1/1753590600.c1.snap.jpg,0.21501723
2025-07-27 05:00:00,/Volumes/Argus/unk/snap/c1/1753592400.c1.snap.jpg,0.20543063
2025-07-27 05:30:00,/Volumes/Argus/unk/snap/c1/1753594200.c1.snap.jpg,0.20280872
2025-07-27 06:00:00,/Volumes/Argus/unk/snap/c1/1753596000.c1.snap.jpg,0.2070269
2025-07-27 06:30:00,/Volumes/Argus/unk/snap/c1/1753597800.c1.snap.jpg,0.2068411
2025-07-27 07:30:00,/Volumes/Argus/unk/snap/c1/1753601400.c1.snap.jpg,0.20644288
2025-07-27 08:00:00,/Volumes/Argus/unk/snap/c1/1753603200.c1.snap.jpg,0.21647748
2025-07-27 08:30:00,/Volumes/Argus/unk/snap/c1/1753605000.c1.snap.jpg,0.20205891
2025-07-27 09:00:00,/Volumes/Argus/unk/snap/c1/1753606800.c1.snap.jpg,0.29447347
2025-07-27 09:30:00,/Volumes/Argus/unk/snap/c1/1753608600.c1.snap.jpg,0.4867397
2025-07-27 12:00:00,/Volumes/Argus/unk/snap/c1/1753617600.c1.snap.jpg,0.47260022
2025-07-27 14:00:00,/Volumes/Argus/unk/snap/c1/1753624800.c1.snap.jpg,0.19764112
2025-07-27 14:30:00,/Volumes/Argus/unk/snap/c1/1753626600.c1.snap.jpg,0.22466762
2025-07-27 15:00:00,/Volumes/Argus/unk/snap/c1/1753628400.c1.snap.jpg,0.22986577
2025-07-27 15:30:00,/Volumes/Argus/unk/snap/c1/1753630200.c1.snap.jpg,0.3307584
2025-07-27 16:00:00,/Volumes/Argus/unk/snap/c1/1753632000.c1.snap.jpg,0.2879373
2025-07-27 16:30:00,/Volumes/Argus/unk/snap/c1/1753633800.c1.snap.jpg,0.35274342
2025-07-27 17:00:00,/Volumes/Argus/unk/snap/c1/1753635600.c1.snap.jpg,0.37189886
2025-07-27 17:30:00,/Volumes/Argus/unk/snap/c1/1753637400.c1.snap.jpg,0.5288989
2025-07-27 18:00:00,/Volumes/Argus/unk/snap/c1/1753639200.c1.snap.jpg,0.39274222
2025-07-27 18:30:00,/Volumes/Argus/unk/snap/c1/1753641000.c1.snap.jpg,0.38764715
2025-07-27 19:00:00,/Volumes/Argus/unk/snap/c1/1753642800.c1.snap.jpg,0.39368802
2025-07-27 19:30:00,/Volumes/Argus/unk/snap/c1/1753644600.c1.snap.jpg,0.32762334
2025-07-27 20:00:00,/Volumes/Argus/unk/snap/c1/1753646400.c1.snap.jpg,0.3850252
2025-07-27 20:30:00,/Volumes/Argus/unk/snap/c1/1753648200.c1.snap.jpg,0.33170375
2025-07-27 21:00:00,/Volumes/Argus/unk/snap/c1/1753650000.c1.snap.jpg,0.33954665
2025-07-27 21:30:00,/Volumes/Argus/unk/snap/c1/1753651800.c1.snap.jpg,0.37246203
2025-07-27 22:00:00,/Volumes/Argus/unk/snap/c1/1753653600.c1.snap.jpg,0.3397393
2025-07-27 22:30:00,/Volumes/Argus/unk/snap/c1/1753655400.c1.snap.jpg,0.3286625
2025-07-27 23:00:00,/Volumes/Argus/unk/snap/c1/1753657200.c1.snap.jpg,0.38149124
2025-07-27 23:30:00,/Volumes/Argus/unk/snap/c1/1753659000.c1.snap.jpg,0.3949581
2025-07-28 00:00:00,/Volumes/Argus/unk/snap/c1/1753660800.c1.snap.jpg,0.27066076
2025-07-28 00:30:00,/Volumes/Argus/unk/snap/c1/1753662600.c1.snap.jpg,0.42374516
2025-07-28 01:00:00,/Volumes/Argus/unk/snap/c1/1753664400.c1.snap.jpg,0.38561136
2025-07-28 01:30:00,/Volumes/Argus/unk/snap/c1/1753666200.c1.snap.jpg,0.38812554
2025-07-28 02:00:00,/Volumes/Argus/unk/snap/c1/1753668000.c1.snap.jpg,0.3140046
2025-07-28 02:30:00,/Volumes/Argus/unk/snap/c1/1753669800.c1.snap.jpg,0.4367286
2025-07-28 03:00:00,/Volumes/Argus/unk/snap/c1/1753671600.c1.snap.jpg,0.33193314
2025-07-28 03:30:00,/Volumes/Argus/unk/snap/c1/1753673400.c1.snap.jpg,0.55146086
2025-07-28 04:00:00,/Volumes/Argus/unk/snap/c1/1753675200.c1.snap.jpg,0.4715234
2025-07-28 04:30:00,/Volumes/Argus/unk/snap/c1/1753677000.c1.snap.jpg,0.46263236
2025-07-28 05:00:00,/Volumes/Argus/unk/snap/c1/1753678800.c1.snap.jpg,0.5675359
2025-07-28 05:30:00,/Volumes/Argus/unk/snap/c1/1753680600.c1.snap.jpg,0.71048117
2025-07-28 06:00:00,/Volumes/Argus/unk/snap/c1/1753682400.c1.snap.jpg,0.5514462
2025-07-28 06:30:00,/Volumes/Argus/unk/snap/c1/1753684200.c1.snap.jpg,0.5221489
2025-07-28 07:00:00,/Volumes/Argus/unk/snap/c1/1753686000.c1.snap.jpg,0.52054524
2025-07-28 07:30:00,/Volumes/Argus/unk/snap/c1/1753687800.c1.snap.jpg,0.6224325
2025-07-28 08:00:00,/Volumes/Argus/unk/snap/c1/1753689600.c1.snap.jpg,0.5122821
2025-07-28 08:30:00,/Volumes/Argus/unk/snap/c1/1753691400.c1.snap.jpg,0.29193652
2025-07-28 09:00:00,/Volumes/Argus/unk/snap/c1/1753693200.c1.snap.jpg,0.3070559
2025-07-28 09:30:00,/Volumes/Argus/unk/snap/c1/1753695000.c1.snap.jpg,0.49995303
2025-07-28 12:00:00,/Volumes/Argus/unk/snap/c1/1753704000.c1.snap.jpg,1.0688455
2025-07-28 14:00:00,/Volumes/Argus/unk/snap/c1/1753711200.c1.snap.jpg,0.75719696
2025-07-28 14:30:00,/Volumes/Argus/unk/snap/c1/1753713000.c1.snap.jpg,0.53268737
2025-07-28 15:00:00,/Volumes/Argus/unk/snap/c1/1753714800.c1.snap.jpg,0.7794957
2025-07-28 15:30:00,/Volumes/Argus/unk/snap/c1/1753716600.c1.snap.jpg,0.7921549
2025-07-28 16:00:00,/Volumes/Argus/unk/snap/c1/1753718400.c1.snap.jpg,0.777783
2025-07-28 16:30:00,/Volumes/Argus/unk/snap/c1/1753720200.c1.snap.jpg,0.8818831
2025-07-28 17:00:00,/Volumes/Argus/unk/snap/c1/1753722000.c1.snap.jpg,0.809637
2025-07-28 17:30:00,/Volumes/Argus/unk/snap/c1/1753723800.c1.snap.jpg,0.8709228
2025-07-28 18:00:00,/Volumes/Argus/unk/snap/c1/1753725600.c1.snap.jpg,0.8928649
2025-07-28 18:30:00,/Volumes/Argus/unk/snap/c1/1753727400.c1.snap.jpg,0.9154153
2025-07-28 19:00:00,/Volumes/Argus/unk/snap/c1/1753729200.c1.snap.jpg,1.0060533
2025-07-28 19:30:00,/Volumes/Argus/unk/snap/c1/1753731000.c1.snap.jpg,0.8815476
2025-07-28 20:00:00,/Volumes/Argus/unk/snap/c1/1753732800.c1.snap.jpg,0.96821654
2025-07-28 20:30:00,/Volumes/Argus/unk/snap/c1/1753734600.c1.snap.jpg,1.0045182
2025-07-28 21:00:00,/Volumes/Argus/unk/snap/c1/1753736400.c1.snap.jpg,1.1266615
2025-07-28 21:30:00,/Volumes/Argus/unk/snap/c1/1753738200.c1.snap.jpg,0.90558726
2025-07-28 22:00:00,/Volumes/Argus/unk/snap/c1/1753740000.c1.snap.jpg,0.9928504
2025-07-28 22:30:00,/Volumes/Argus/unk/snap/c1/1753741800.c1.snap.jpg,0.8186197
2025-07-28 23:00:00,/Volumes/Argus/unk/snap/c1/1753743600.c1.snap.jpg,1.1061052
2025-07-28 23:30:00,/Volumes/Argus/unk/snap/c1/1753745400.c1.snap.jpg,1.035698
2025-07-29 00:00:00,/Volumes/Argus/unk/snap/c1/1753747200.c1.snap.jpg,0.8726962
2025-07-29 00:30:00,/Volumes/Argus/unk/snap/c1/1753749000.c1.snap.jpg,0.8749983
2025-07-29 01:00:00,/Volumes/Argus/unk/snap/c1/1753750800.c1.snap.jpg,0.89886785
2025-07-29 01:30:00,/Volumes/Argus/unk/snap/c1/1753752600.c1.snap.jpg,0.809392
2025-07-29 02:00:00,/Volumes/Argus/unk/snap/c1/1753754400.c1.snap.jpg,0.8473234
2025-07-29 02:30:00,/Volumes/Argus/unk/snap/c1/1753756200.c1.snap.jpg,0.83966005
2025-07-29 03:00:00,/Volumes/Argus/unk/snap/c1/1753758000.c1.snap.jpg,0.73678297
2025-07-29 03:30:00,/Volumes/Argus/unk/snap/c1/1753759800.c1.snap.jpg,0.8073914
2025-07-29 04:00:00,/Volumes/Argus/unk/snap/c1/1753761600.c1.snap.jpg,0.82876533
2025-07-29 04:30:00,/Volumes/Argus/unk/snap/c1/1753763400.c1.snap.jpg,0.692303
2025-07-29 05:00:00,/Volumes/Argus/unk/snap/c1/1753765200.c1.snap.jpg,0.75871897
2025-07-29 05:30:00,/Volumes/Argus/unk/snap/c1/1753767000.c1.snap.jpg,0.75275034
2025-07-29 06:00:00,/Volumes/Argus/unk/snap/c1/1753768800.c1.snap.jpg,1.013864
2025-07-29 06:30:00,/Volumes/Argus/unk/snap/c1/1753770600.c1.snap.jpg,1.1492357
2025-07-29 07:00:00,/Volumes/Argus/unk/snap/c1/1753772400.c1.snap.jpg,0.81756663
2025-07-29 07:30:00,/Volumes/Argus/unk/snap/c1/1753774200.c1.snap.jpg,1.2104604
2025-07-29 08:00:00,/Volumes/Argus/unk/snap/c1/1753776000.c1.snap.jpg,0.8192939
2025-07-29 08:30:00,/Volumes/Argus/unk/snap/c1/1753777800.c1.snap.jpg,1.0039582
2025-07-29 09:00:00,/Volumes/Argus/unk/snap/c1/1753779600.c1.snap.jpg,1.0657767
2025-07-29 09:30:00,/Volumes/Argus/unk/snap/c1/1753781400.c1.snap.jpg,1.1122258
2025-07-29 14:00:00,/Volumes/Argus/unk/snap/c1/1753797600.c1.snap.jpg,1.2461885
2025-07-29 14:30:00,/Volumes/Argus/unk/snap/c1/1753799400.c1.snap.jpg,1.2214404
2025-07-29 15:00:00,/Volumes/Argus/unk/snap/c1/1753801200.c1.snap.jpg,1.2254266
2025-07-29 16:00:00,/Volumes/Argus/unk/snap/c1/1753804800.c1.snap.jpg,1.2656941
2025-07-29 16:30:00,/Volumes/Argus/unk/snap/c1/1753806600.c1.snap.jpg,1.2034558
2025-07-29 17:00:00,/Volumes/Argus/unk/snap/c1/1753808400.c1.snap.jpg,1.0066099
2025-07-29 17:30:00,/Volumes/Argus/unk/snap/c1/1753810200.c1.snap.jpg,1.1371108
2025-07-29 18:00:00,/Volumes/Argus/unk/snap/c1/1753812000.c1.snap.jpg,1.1983256
2025-07-29 19:00:00,/Volumes/Argus/unk/snap/c1/1753815600.c1.snap.jpg,1.1451006
2025-07-29 19:30:00,/Volumes/Argus/unk/snap/c1/1753817400.c1.snap.jpg,0.86922765
2025-07-29 20:00:00,/Volumes/Argus/unk/snap/c1/1753819200.c1.snap.jpg,1.091678
2025-07-29 20:30:00,/Volumes/Argus/unk/snap/c1/1753821000.c1.snap.jpg,0.92698294
2025-07-29 21:00:00,/Volumes/Argus/unk/snap/c1/1753822800.c1.snap.jpg,0.8384335
2025-07-29 21:30:00,/Volumes/Argus/unk/snap/c1/1753824600.c1.snap.jpg,0.92886895
2025-07-29 22:00:00,/Volumes/Argus/unk/snap/c1/1753826400.c1.snap.jpg,0.9496302
2025-07-29 22:30:00,/Volumes/Argus/unk/snap/c1/1753828200.c1.snap.jpg,0.899495
2025-07-29 23:00:00,/Volumes/Argus/unk/snap/c1/1753830000.c1.snap.jpg,0.82544905
2025-07-29 23:30:00,/Volumes/Argus/unk/snap/c1/1753831800.c1.snap.jpg,0.8531445
2025-07-30 00:00:00,/Volumes/Argus/unk/snap/c1/1753833600.c1.snap.jpg,0.8533306
2025-07-30 00:30:00,/Volumes/Argus/unk/snap/c1/1753835400.c1.snap.jpg,0.8416289
2025-07-30 01:00:00,/Volumes/Argus/unk/snap/c1/1753837200.c1.snap.jpg,0.84156966
2025-07-30 01:30:00,/Volumes/Argus/unk/snap/c1/1753839000.c1.snap.jpg,0.9261133
2025-07-30 02:00:00,/Volumes/Argus/unk/snap/c1/1753840800.c1.snap.jpg,0.74713194
2025-07-30 02:30:00,/Volumes/Argus/unk/snap/c1/1753842600.c1.snap.jpg,0.7943578
2025-07-30 03:00:00,/Volumes/Argus/unk/snap/c1/1753844400.c1.snap.jpg,0.6820601
2025-07-30 03:30:00,/Volumes/Argus/unk/snap/c1/1753846200.c1.snap.jpg,0.523793
2025-07-30 04:00:00,/Volumes/Argus/unk/snap/c1/1753848000.c1.snap.jpg,0.56631666
2025-07-30 04:30:00,/Volumes/Argus/unk/snap/c1/1753849800.c1.snap.jpg,0.60191727
2025-07-30 05:00:00,/Volumes/Argus/unk/snap/c1/1753851600.c1.snap.jpg,0.5321771
2025-07-30 05:30:00,/Volumes/Argus/unk/snap/c1/1753853400.c1.snap.jpg,0.7114291
2025-07-30 06:00:00,/Volumes/Argus/unk/snap/c1/1753855200.c1.snap.jpg,0.5564016
2025-07-30 06:30:00,/Volumes/Argus/unk/snap/c1/1753857000.c1.snap.jpg,0.5691323
2025-07-30 07:00:00,/Volumes/Argus/unk/snap/c1/1753858800.c1.snap.jpg,0.5955621
2025-07-30 07:30:00,/Volumes/Argus/unk/snap/c1/1753860600.c1.snap.jpg,0.6071279
2025-07-30 08:00:00,/Volumes/Argus/unk/snap/c1/1753862400.c1.snap.jpg,0.5014913
2025-07-30 09:00:00,/Volumes/Argus/unk/snap/c1/1753866000.c1.snap.jpg,0.41815478
2025-07-30 09:30:00,/Volumes/Argus/unk/snap/c1/1753867800.c1.snap.jpg,0.94946754
2025-07-30 14:00:00,/Volumes/Argus/unk/snap/c1/1753884000.c1.snap.jpg,0.7091231
2025-07-30 14:30:00,/Volumes/Argus/unk/snap/c1/1753885800.c1.snap.jpg,0.60093474
2025-07-30 15:00:00,/Volumes/Argus/unk/snap/c1/1753887600.c1.snap.jpg,0.3391054
2025-07-30 15:30:00,/Volumes/Argus/unk/snap/c1/1753889400.c1.snap.jpg,0.4209837
2025-07-30 16:00:00,/Volumes/Argus/unk/snap/c1/1753891200.c1.snap.jpg,0.42878556
2025-07-30 16:30:00,/Volumes/Argus/unk/snap/c1/1753893000.c1.snap.jpg,0.3238268
2025-07-30 17:00:00,/Volumes/Argus/unk/snap/c1/1753894800.c1.snap.jpg,0.40827382
2025-07-30 17:30:00,/Volumes/Argus/unk/snap/c1/1753896600.c1.snap.jpg,0.2069549
2025-07-30 18:00:00,/Volumes/Argus/unk/snap/c1/1753898400.c1.snap.jpg,0.49924183
2025-07-30 18:30:00,/Volumes/Argus/unk/snap/c1/1753900200.c1.snap.jpg,0.3257802
2025-07-30 19:00:00,/Volumes/Argus/unk/snap/c1/1753902000.c1.snap.jpg,0.29097486
2025-07-30 19:30:00,/Volumes/Argus/unk/snap/c1/1753903800.c1.snap.jpg,0.24269508
2025-07-30 20:00:00,/Volumes/Argus/unk/snap/c1/1753905600.c1.snap.jpg,0.35645366
2025-07-30 20:30:00,/Volumes/Argus/unk/snap/c1/1753907400.c1.snap.jpg,0.51709443
2025-07-30 21:00:00,/Volumes/Argus/unk/snap/c1/1753909200.c1.snap.jpg,0.38576007
2025-07-30 21:30:00,/Volumes/Argus/unk/snap/c1/1753911000.c1.snap.jpg,0.32602948
2025-07-30 22:00:00,/Volumes/Argus/unk/snap/c1/1753912800.c1.snap.jpg,0.3175375
2025-07-30 22:30:00,/Volumes/Argus/unk/snap/c1/1753914600.c1.snap.jpg,0.32546842
2025-07-30 23:00:00,/Volumes/Argus/unk/snap/c1/1753916400.c1.snap.jpg,0.34121153
2025-07-30 23:30:00,/Volumes/Argus/unk/snap/c1/1753918200.c1.snap.jpg,0.35723817
2025-07-31 00:00:00,/Volumes/Argus/unk/snap/c1/1753920000.c1.snap.jpg,0.42837998
2025-07-31 00:30:00,/Volumes/Argus/unk/snap/c1/1753921800.c1.snap.jpg,0.54438204
2025-07-31 01:00:00,/Volumes/Argus/unk/snap/c1/1753923600.c1.snap.jpg,0.8160176
2025-07-31 01:30:00,/Volumes/Argus/unk/snap/c1/1753925400.c1.snap.jpg,0.48900905
2025-07-31 02:00:00,/Volumes/Argus/unk/snap/c1/1753927200.c1.snap.jpg,0.50007427
2025-07-31 02:30:00,/Volumes/Argus/unk/snap/c1/1753929000.c1.snap.jpg,0.5055237
2025-07-31 03:00:00,/Volumes/Argus/unk/snap/c1/1753930800.c1.snap.jpg,0.39840168
2025-07-31 03:30:00,/Volumes/Argus/unk/snap/c1/1753932600.c1.snap.jpg,0.34106517
2025-07-31 04:00:00,/Volumes/Argus/unk/snap/c1/1753934400.c1.snap.jpg,0.39227098
2025-07-31 04:30:00,/Volumes/Argus/unk/snap/c1/1753936200.c1.snap.jpg,0.3767682
2025-07-31 05:00:00,/Volumes/Argus/unk/snap/c1/1753938000.c1.snap.jpg,0.3200208
2025-07-31 05:30:00,/Volumes/Argus/unk/snap/c1/1753939800.c1.snap.jpg,0.3486942
2025-07-31 06:00:00,/Volumes/Argus/unk/snap/c1/1753941600.c1.snap.jpg,0.43867996
2025-07-31 06:30:00,/Volumes/Argus/unk/snap/c1/1753943400.c1.snap.jpg,0.4381248
2025-07-31 07:00:00,/Volumes/Argus/unk/snap/c1/1753945200.c1.snap.jpg,0.4795065
2025-07-31 08:00:00,/Volumes/Argus/unk/snap/c1/1753948800.c1.snap.jpg,0.4361381
2025-07-31 08:30:00,/Volumes/Argus/unk/snap/c1/1753950600.c1.snap.jpg,0.41107535
2025-07-31 09:00:00,/Volumes/Argus/unk/snap/c1/1753952400.c1.snap.jpg,0.4291028
2025-07-31 09:30:00,/Volumes/Argus/unk/snap/c1/1753954200.c1.snap.jpg,0.35769773
2025-07-31 14:00:00,/Volumes/Argus/unk/snap/c1/1753970400.c1.snap.jpg,0.24708198
2025-07-31 14:30:00,/Volumes/Argus/unk/snap/c1/1753972200.c1.snap.jpg,0.27685836
2025-07-31 15:00:00,/Volumes/Argus/unk/snap/c1/1753974000.c1.snap.jpg,0.260822
2025-07-31 15:30:00,/Volumes/Argus/unk/snap/c1/1753975800.c1.snap.jpg,0.25231647
2025-07-31 16:00:00,/Volumes/Argus/unk/snap/c1/1753977600.c1.snap.jpg,0.23506385
2025-07-31 16:30:00,/Volumes/Argus/unk/snap/c1/1753979400.c1.snap.jpg,0.27039146
2025-07-31 17:00:00,/Volumes/Argus/unk/snap/c1/1753981200.c1.snap.jpg,0.21945241
2025-07-31 17:30:00,/Volumes/Argus/unk/snap/c1/1753983000.c1.snap.jpg,0.19009124
2025-07-31 18:00:00,/Volumes/Argus/unk/snap/c1/1753984800.c1.snap.jpg,0.24598464
2025-07-31 18:30:00,/Volumes/Argus/unk/snap/c1/1753986600.c1.snap.jpg,0.35122895
2025-07-31 19:00:00,/Volumes/Argus/unk/snap/c1/1753988400.c1.snap.jpg,0.34744954
2025-07-31 19:30:00,/Volumes/Argus/unk/snap/c1/1753990200.c1.snap.jpg,0.4521922
2025-07-31 20:00:00,/Volumes/Argus/unk/snap/c1/1753992000.c1.snap.jpg,0.23227918
2025-07-31 20:30:00,/Volumes/Argus/unk/snap/c1/1753993800.c1.snap.jpg,0.23028652
2025-07-31 21:00:00,/Volumes/Argus/unk/snap/c1/1753995600.c1.snap.jpg,0.19779769
2025-07-31 21:30:00,/Volumes/Argus/unk/snap/c1/1753997400.c1.snap.jpg,0.22628847
2025-07-31 22:00:00,/Volumes/Argus/unk/snap/c1/1753999200.c1.snap.jpg,0.23434755
2025-07-31 22:30:00,/Volumes/Argus/unk/snap/c1/1754001000.c1.snap.jpg,0.26000786
2025-07-31 23:00:00,/Volumes/Argus/unk/snap/c1/1754002800.c1.snap.jpg,0.274988
2025-07-31 23:30:00,/Volumes/Argus/unk/snap/c1/1754004600.c1.snap.jpg,0.30925965
2025-08-01 00:00:00,/Volumes/Argus/unk/snap/c1/1754006400.c1.snap.jpg,0.33262408
2025-08-01 00:30:00,/Volumes/Argus/unk/snap/c1/1754008200.c1.snap.jpg,0.34156898
2025-08-01 01:00:00,/Volumes/Argus/unk/snap/c1/1754010000.c1.snap.jpg,0.37894583
2025-08-01 01:30:00,/Volumes/Argus/unk/snap/c1/1754011800.c1.snap.jpg,0.46461296
2025-08-01 02:00:00,/Volumes/Argus/unk/snap/c1/1754013600.c1.snap.jpg,0.53044724
2025-08-01 02:30:00,/Volumes/Argus/unk/snap/c1/1754015400.c1.snap.jpg,0.51161385
2025-08-01 03:00:00,/Volumes/Argus/unk/snap/c1/1754017200.c1.snap.jpg,0.47385436
2025-08-01 03:30:00,/Volumes/Argus/unk/snap/c1/1754019000.c1.snap.jpg,0.28078294
2025-08-01 04:00:00,/Volumes/Argus/unk/snap/c1/1754020800.c1.snap.jpg,0.3564349
2025-08-01 04:30:00,/Volumes/Argus/unk/snap/c1/1754022600.c1.snap.jpg,0.33243775
2025-08-01 05:00:00,/Volumes/Argus/unk/snap/c1/1754024400.c1.snap.jpg,0.28005052
2025-08-01 05:30:00,/Volumes/Argus/unk/snap/c1/1754026200.c1.snap.jpg,0.28515407
2025-08-01 06:00:00,/Volumes/Argus/unk/snap/c1/1754028000.c1.snap.jpg,0.39677763
2025-08-01 06:30:00,/Volumes/Argus/unk/snap/c1/1754029800.c1.snap.jpg,0.536588
2025-08-01 07:00:00,/Volumes/Argus/unk/snap/c1/1754031600.c1.snap.jpg,0.38848746
2025-08-01 07:30:00,/Volumes/Argus/unk/snap/c1/1754033400.c1.snap.jpg,0.36608392
2025-08-01 08:00:00,/Volumes/Argus/unk/snap/c1/1754035200.c1.snap.jpg,0.2977616
2025-08-01 08:30:00,/Volumes/Argus/unk/snap/c1/1754037000.c1.snap.jpg,0.2920419
2025-08-01 09:00:00,/Volumes/Argus/unk/snap/c1/1754038800.c1.snap.jpg,0.3101041
2025-08-01 14:00:00,/Volumes/Argus/unk/snap/c1/1754056800.c1.snap.jpg,0.3487786
2025-08-01 14:30:00,/Volumes/Argus/unk/snap/c1/1754058600.c1.snap.jpg,0.3588677
2025-08-01 15:00:00,/Volumes/Argus/unk/snap/c1/1754060400.c1.snap.jpg,0.31562912
2025-08-01 15:30:00,/Volumes/Argus/unk/snap/c1/1754062200.c1.snap.jpg,0.2857492
2025-08-01 16:00:00,/Volumes/Argus/unk/snap/c1/1754064000.c1.snap.jpg,0.38653907
2025-08-01 16:30:00,/Volumes/Argus/unk/snap/c1/1754065800.c1.snap.jpg,0.41111386
2025-08-01 17:00:00,/Volumes/Argus/unk/snap/c1/1754067600.c1.snap.jpg,0.34486717
2025-08-01 17:30:00,/Volumes/Argus/unk/snap/c1/1754069400.c1.snap.jpg,0.29401994
2025-08-01 18:00:00,/Volumes/Argus/unk/snap/c1/1754071200.c1.snap.jpg,0.31743997
2025-08-01 18:30:00,/Volumes/Argus/unk/snap/c1/1754073000.c1.snap.jpg,0.37219208
2025-08-01 19:00:00,/Volumes/Argus/unk/snap/c1/1754074800.c1.snap.jpg,0.293845
2025-08-01 19:30:00,/Volumes/Argus/unk/snap/c1/1754076600.c1.snap.jpg,0.28912494
2025-08-01 20:00:00,/Volumes/Argus/unk/snap/c1/1754078400.c1.snap.jpg,0.3182339
2025-08-01 20:30:00,/Volumes/Argus/unk/snap/c1/1754080200.c1.snap.jpg,0.32387236
2025-08-01 21:00:00,/Volumes/Argus/unk/snap/c1/1754082000.c1.snap.jpg,0.3119602
2025-08-01 21:30:00,/Volumes/Argus/unk/snap/c1/1754083800.c1.snap.jpg,0.46886456
2025-08-01 22:00:00,/Volumes/Argus/unk/snap/c1/1754085600.c1.snap.jpg,0.41014552
2025-08-01 22:30:00,/Volumes/Argus/unk/snap/c1/1754087400.c1.snap.jpg,0.51252234
2025-08-01 23:00:00,/Volumes/Argus/unk/snap/c1/1754089200.c1.snap.jpg,0.47994208
2025-08-01 23:30:00,/Volumes/Argus/unk/snap/c1/1754091000.c1.snap.jpg,0.8284669
2025-08-02 00:00:00,/Volumes/Argus/unk/snap/c1/1754092800.c1.snap.jpg,0.41094464
2025-08-02 00:30:00,/Volumes/Argus/unk/snap/c1/1754094600.c1.snap.jpg,0.3279922
2025-08-02 01:00:00,/Volumes/Argus/unk/snap/c1/1754096400.c1.snap.jpg,0.42248616
2025-08-02 01:30:00,/Volumes/Argus/unk/snap/c1/1754098200.c1.snap.jpg,0.49403766
2025-08-02 02:00:00,/Volumes/Argus/unk/snap/c1/1754100000.c1.snap.jpg,0.44374043
2025-08-02 02:30:00,/Volumes/Argus/unk/snap/c1/1754101800.c1.snap.jpg,0.5648558
2025-08-02 03:00:00,/Volumes/Argus/unk/snap/c1/1754103600.c1.snap.jpg,0.42394745
2025-08-02 03:30:00,/Volumes/Argus/unk/snap/c1/1754105400.c1.snap.jpg,0.51442814
2025-08-02 04:00:00,/Volumes/Argus/unk/snap/c1/1754107200.c1.snap.jpg,0.4367423
2025-08-02 04:30:00,/Volumes/Argus/unk/snap/c1/1754109000.c1.snap.jpg,0.46423215
2025-08-02 05:00:00,/Volumes/Argus/unk/snap/c1/1754110800.c1.snap.jpg,0.48340982
2025-08-02 05:30:00,/Volumes/Argus/unk/snap/c1/1754112600.c1.snap.jpg,0.4921351
2025-08-02 06:00:00,/Volumes/Argus/unk/snap/c1/1754114400.c1.snap.jpg,0.44045022
2025-08-02 06:30:00,/Volumes/Argus/unk/snap/c1/1754116200.c1.snap.jpg,0.4420781
2025-08-02 07:00:00,/Volumes/Argus/unk/snap/c1/1754118000.c1.snap.jpg,0.35993966
2025-08-02 07:30:00,/Volumes/Argus/unk/snap/c1/1754119800.c1.snap.jpg,0.55186605
2025-08-02 08:00:00,/Volumes/Argus/unk/snap/c1/1754121600.c1.snap.jpg,0.60044813
2025-08-02 08:30:00,/Volumes/Argus/unk/snap/c1/1754123400.c1.snap.jpg,0.5473682
2025-08-02 09:00:00,/Volumes/Argus/unk/snap/c1/1754125200.c1.snap.jpg,0.47997314
2025-08-02 14:00:00,/Volumes/Argus/unk/snap/c1/1754143200.c1.snap.jpg,0.33361608
2025-08-02 14:30:00,/Volumes/Argus/unk/snap/c1/1754145000.c1.snap.jpg,0.36919656
2025-08-02 15:00:00,/Volumes/Argus/unk/snap/c1/1754146800.c1.snap.jpg,0.33450636
2025-08-02 15:30:00,/Volumes/Argus/unk/snap/c1/1754148600.c1.snap.jpg,0.51880085
2025-08-02 16:00:00,/Volumes/Argus/unk/snap/c1/1754150400.c1.snap.jpg,0.48647866
2025-08-02 16:30:00,/Volumes/Argus/unk/snap/c1/1754152200.c1.snap.jpg,0.34666646
2025-08-02 17:00:00,/Volumes/Argus/unk/snap/c1/1754154000.c1.snap.jpg,0.31032878
2025-08-02 17:30:00,/Volumes/Argus/unk/snap/c1/1754155800.c1.snap.jpg,0.40241933
2025-08-02 18:00:00,/Volumes/Argus/unk/snap/c1/1754157600.c1.snap.jpg,0.43747655
2025-08-02 18:30:00,/Volumes/Argus/unk/snap/c1/1754159400.c1.snap.jpg,0.35047972
2025-08-02 19:00:00,/Volumes/Argus/unk/snap/c1/1754161200.c1.snap.jpg,0.35489085
2025-08-02 19:30:00,/Volumes/Argus/unk/snap/c1/1754163000.c1.snap.jpg,0.30820823
2025-08-02 20:00:00,/Volumes/Argus/unk/snap/c1/1754164800.c1.snap.jpg,0.30825233
2025-08-02 20:30:00,/Volumes/Argus/unk/snap/c1/1754166600.c1.snap.jpg,0.29673997
2025-08-02 21:00:00,/Volumes/Argus/unk/snap/c1/1754168400.c1.snap.jpg,0.3110006
2025-08-02 21:30:00,/Volumes/Argus/unk/snap/c1/1754170200.c1.snap.jpg,0.6348642
2025-08-02 22:00:00,/Volumes/Argus/unk/snap/c1/1754172000.c1.snap.jpg,0.3865926
2025-08-02 22:30:00,/Volumes/Argus/unk/snap/c1/1754173800.c1.snap.jpg,0.321262
2025-08-02 23:30:00,/Volumes/Argus/unk/snap/c1/1754177400.c1.snap.jpg,0.40791863
2025-08-03 00:00:00,/Volumes/Argus/unk/snap/c1/1754179200.c1.snap.jpg,0.40297872
2025-08-03 00:30:00,/Volumes/Argus/unk/snap/c1/1754181000.c1.snap.jpg,0.37863523
2025-08-03 01:00:00,/Volumes/Argus/unk/snap/c1/1754182800.c1.snap.jpg,0.31701207
2025-08-03 01:30:00,/Volumes/Argus/unk/snap/c1/1754184600.c1.snap.jpg,0.38613987
2025-08-03 02:00:00,/Volumes/Argus/unk/snap/c1/1754186400.c1.snap.jpg,0.43917274
2025-08-03 02:30:00,/Volumes/Argus/unk/snap/c1/1754188200.c1.snap.jpg,0.38632268
2025-08-03 03:00:00,/Volumes/Argus/unk/snap/c1/1754190000.c1.snap.jpg,0.39392135
2025-08-03 03:30:00,/Volumes/Argus/unk/snap/c1/1754191800.c1.snap.jpg,0.44874886
2025-08-03 04:00:00,/Volumes/Argus/unk/snap/c1/1754193600.c1.snap.jpg,0.54049456
2025-08-03 04:30:00,/Volumes/Argus/unk/snap/c1/1754195400.c1.snap.jpg,0.4273632
2025-08-03 05:00:00,/Volumes/Argus/unk/snap/c1/1754197200.c1.snap.jpg,0.6092178
2025-08-03 05:30:00,/Volumes/Argus/unk/snap/c1/1754199000.c1.snap.jpg,0.4515002
2025-08-03 06:00:00,/Volumes/Argus/unk/snap/c1/1754200800.c1.snap.jpg,0.36629727
2025-08-03 06:30:00,/Volumes/Argus/unk/snap/c1/1754202600.c1.snap.jpg,0.43944892
2025-08-03 07:00:00,/Volumes/Argus/unk/snap/c1/1754204400.c1.snap.jpg,0.52364194
2025-08-03 07:30:00,/Volumes/Argus/unk/snap/c1/1754206200.c1.snap.jpg,0.74923444
2025-08-03 08:00:00,/Volumes/Argus/unk/snap/c1/1754208000.c1.snap.jpg,0.49181548
2025-08-03 08:30:00,/Volumes/Argus/unk/snap/c1/1754209800.c1.snap.jpg,0.4101225
2025-08-03 09:00:00,/Volumes/Argus/unk/snap/c1/1754211600.c1.snap.jpg,0.7491477
2025-08-03 14:00:00,/Volumes/Argus/unk/snap/c1/1754229600.c1.snap.jpg,0.36793995
2025-08-03 14:30:00,/Volumes/Argus/unk/snap/c1/1754231400.c1.snap.jpg,0.51937044
2025-08-03 15:00:00,/Volumes/Argus/unk/snap/c1/1754233200.c1.snap.jpg,0.3006779
2025-08-03 15:30:00,/Volumes/Argus/unk/snap/c1/1754235000.c1.snap.jpg,0.39971513
2025-08-03 16:30:00,/Volumes/Argus/unk/snap/c1/1754238600.c1.snap.jpg,0.3980476
2025-08-03 17:00:00,/Volumes/Argus/unk/snap/c1/1754240400.c1.snap.jpg,0.65210056
2025-08-03 17:30:00,/Volumes/Argus/unk/snap/c1/1754242200.c1.snap.jpg,0.6970736
2025-08-03 18:00:00,/Volumes/Argus/unk/snap/c1/1754244000.c1.snap.jpg,0.5671833
2025-08-03 18:30:00,/Volumes/Argus/unk/snap/c1/1754245800.c1.snap.jpg,0.6234598
2025-08-03 19:00:00,/Volumes/Argus/unk/snap/c1/1754247600.c1.snap.jpg,0.40054852
2025-08-03 19:30:00,/Volumes/Argus/unk/snap/c1/1754249400.c1.snap.jpg,0.3264694
2025-08-03 20:00:00,/Volumes/Argus/unk/snap/c1/1754251200.c1.snap.jpg,0.41204464
2025-08-03 20:30:00,/Volumes/Argus/unk/snap/c1/1754253000.c1.snap.jpg,0.29233843
2025-08-03 21:00:00,/Volumes/Argus/unk/snap/c1/1754254800.c1.snap.jpg,0.2655079
2025-08-03 21:30:00,/Volumes/Argus/unk/snap/c1/1754256600.c1.snap.jpg,0.32309628
2025-08-03 22:00:00,/Volumes/Argus/unk/snap/c1/1754258400.c1.snap.jpg,0.40256166
2025-08-03 22:30:00,/Volumes/Argus/unk/snap/c1/1754260200.c1.snap.jpg,0.34965026
2025-08-03 23:00:00,/Volumes/Argus/unk/snap/c1/1754262000.c1.snap.jpg,0.37274674
2025-08-03 23:30:00,/Volumes/Argus/unk/snap/c1/1754263800.c1.snap.jpg,0.30715308
2025-08-04 00:00:00,/Volumes/Argus/unk/snap/c1/1754265600.c1.snap.jpg,0.3569321
2025-08-04 00:30:00,/Volumes/Argus/unk/snap/c1/1754267400.c1.snap.jpg,0.33800486
2025-08-04 01:30:00,/Volumes/Argus/unk/snap/c1/1754271000.c1.snap.jpg,0.40488765
2025-08-04 02:00:00,/Volumes/Argus/unk/snap/c1/1754272800.c1.snap.jpg,0.3773488
2025-08-04 02:30:00,/Volumes/Argus/unk/snap/c1/1754274600.c1.snap.jpg,0.48861456
2025-08-04 03:00:00,/Volumes/Argus/unk/snap/c1/1754276400.c1.snap.jpg,0.39032906
2025-08-04 03:30:00,/Volumes/Argus/unk/snap/c1/1754278200.c1.snap.jpg,0.41717994
2025-08-04 04:00:00,/Volumes/Argus/unk/snap/c1/1754280000.c1.snap.jpg,0.40113172
2025-08-04 04:30:00,/Volumes/Argus/unk/snap/c1/1754281800.c1.snap.jpg,0.42683464
2025-08-04 05:00:00,/Volumes/Argus/unk/snap/c1/1754283600.c1.snap.jpg,0.43790865
2025-08-04 05:30:00,/Volumes/Argus/unk/snap/c1/1754285400.c1.snap.jpg,0.43432748
2025-08-04 06:00:00,/Volumes/Argus/unk/snap/c1/1754287200.c1.snap.jpg,0.4469923
2025-08-04 06:30:00,/Volumes/Argus/unk/snap/c1/1754289000.c1.snap.jpg,0.4787217
2025-08-04 07:30:00,/Volumes/Argus/unk/snap/c1/1754292600.c1.snap.jpg,0.34215456
2025-08-04 08:00:00,/Volumes/Argus/unk/snap/c1/1754294400.c1.snap.jpg,0.35759884
2025-08-04 09:00:00,/Volumes/Argus/unk/snap/c1/1754298000.c1.snap.jpg,0.3426554
2025-08-04 14:00:00,/Volumes/Argus/unk/snap/c1/1754316000.c1.snap.jpg,0.29956564
2025-08-04 14:30:00,/Volumes/Argus/unk/snap/c1/1754317800.c1.snap.jpg,0.46113333
2025-08-04 15:00:00,/Volumes/Argus/unk/snap/c1/1754319600.c1.snap.jpg,0.27484447
2025-08-04 15:30:00,/Volumes/Argus/unk/snap/c1/1754321400.c1.snap.jpg,0.2657424
2025-08-04 16:00:00,/Volumes/Argus/unk/snap/c1/1754323200.c1.snap.jpg,0.59123576
2025-08-04 16:30:00,/Volumes/Argus/unk/snap/c1/1754325000.c1.snap.jpg,0.504266
2025-08-04 17:00:00,/Volumes/Argus/unk/snap/c1/1754326800.c1.snap.jpg,0.47909036
2025-08-04 17:30:00,/Volumes/Argus/unk/snap/c1/1754328600.c1.snap.jpg,0.559244
2025-08-04 18:00:00,/Volumes/Argus/unk/snap/c1/1754330400.c1.snap.jpg,0.4952649
2025-08-04 18:30:00,/Volumes/Argus/unk/snap/c1/1754332200.c1.snap.jpg,0.61991876
2025-08-04 19:00:00,/Volumes/Argus/unk/snap/c1/1754334000.c1.snap.jpg,0.4163769
2025-08-04 19:30:00,/Volumes/Argus/unk/snap/c1/1754335800.c1.snap.jpg,0.31561133
2025-08-04 20:00:00,/Volumes/Argus/unk/snap/c1/1754337600.c1.snap.jpg,0.33608478
2025-08-04 20:30:00,/Volumes/Argus/unk/snap/c1/1754339400.c1.snap.jpg,0.29565465
2025-08-04 21:00:00,/Volumes/Argus/unk/snap/c1/1754341200.c1.snap.jpg,0.2705632
2025-08-04 21:30:00,/Volumes/Argus/unk/snap/c1/1754343000.c1.snap.jpg,0.28471854
2025-08-04 22:00:00,/Volumes/Argus/unk/snap/c1/1754344800.c1.snap.jpg,0.29862967
2025-08-04 22:30:00,/Volumes/Argus/unk/snap/c1/1754346600.c1.snap.jpg,0.29801393
2025-08-04 23:00:00,/Volumes/Argus/unk/snap/c1/1754348400.c1.snap.jpg,0.37339097
2025-08-04 23:30:00,/Volumes/Argus/unk/snap/c1/1754350200.c1.snap.jpg,0.5788876
2025-08-05 00:00:00,/Volumes/Argus/unk/snap/c1/1754352000.c1.snap.jpg,0.381812
2025-08-05 00:30:00,/Volumes/Argus/unk/snap/c1/1754353800.c1.snap.jpg,0.41769943
2025-08-05 01:00:00,/Volumes/Argus/unk/snap/c1/1754355600.c1.snap.jpg,0.38261455
2025-08-05 01:30:00,/Volumes/Argus/unk/snap/c1/1754357400.c1.snap.jpg,0.36020112
2025-08-05 02:00:00,/Volumes/Argus/unk/snap/c1/1754359200.c1.snap.jpg,0.56229734
2025-08-05 02:30:00,/Volumes/Argus/unk/snap/c1/1754361000.c1.snap.jpg,0.5045692
2025-08-05 03:30:00,/Volumes/Argus/unk/snap/c1/1754364600.c1.snap.jpg,0.40724412
2025-08-05 04:00:00,/Volumes/Argus/unk/snap/c1/1754366400.c1.snap.jpg,0.43719244
2025-08-05 04:30:00,/Volumes/Argus/unk/snap/c1/1754368200.c1.snap.jpg,0.4248979
2025-08-05 05:30:00,/Volumes/Argus/unk/snap/c1/1754371800.c1.snap.jpg,0.36501163
2025-08-05 06:00:00,/Volumes/Argus/unk/snap/c1/1754373600.c1.snap.jpg,0.43004993
2025-08-05 06:30:00,/Volumes/Argus/unk/snap/c1/1754375400.c1.snap.jpg,0.36750275
2025-08-05 07:00:00,/Volumes/Argus/unk/snap/c1/1754377200.c1.snap.jpg,0.34507704
2025-08-05 07:30:00,/Volumes/Argus/unk/snap/c1/1754379000.c1.snap.jpg,0.29085314
2025-08-05 08:00:00,/Volumes/Argus/unk/snap/c1/1754380800.c1.snap.jpg,0.40362132
2025-08-05 08:30:00,/Volumes/Argus/unk/snap/c1/1754382600.c1.snap.jpg,0.5070436
2025-08-05 09:00:00,/Volumes/Argus/unk/snap/c1/1754384400.c1.snap.jpg,0.5230923
2025-08-05 14:00:00,/Volumes/Argus/unk/snap/c1/1754402400.c1.snap.jpg,0.24448937
2025-08-05 14:30:00,/Volumes/Argus/unk/snap/c1/1754404200.c1.snap.jpg,0.27123865
2025-08-05 15:00:00,/Volumes/Argus/unk/snap/c1/1754406000.c1.snap.jpg,0.23634042
2025-08-05 15:30:00,/Volumes/Argus/unk/snap/c1/1754407800.c1.snap.jpg,0.37644637
2025-08-05 16:00:00,/Volumes/Argus/unk/snap/c1/1754409600.c1.snap.jpg,0.41052282
2025-08-05 16:30:00,/Volumes/Argus/unk/snap/c1/1754411400.c1.snap.jpg,0.48604316
2025-08-05 17:00:00,/Volumes/Argus/unk/snap/c1/1754413200.c1.snap.jpg,0.26578492
2025-08-05 18:00:00,/Volumes/Argus/unk/snap/c1/1754416800.c1.snap.jpg,0.48995078
2025-08-05 18:30:00,/Volumes/Argus/unk/snap/c1/1754418600.c1.snap.jpg,0.6260575
2025-08-05 19:00:00,/Volumes/Argus/unk/snap/c1/1754420400.c1.snap.jpg,0.619204
2025-08-05 19:30:00,/Volumes/Argus/unk/snap/c1/1754422200.c1.snap.jpg,0.2512762
2025-08-05 20:00:00,/Volumes/Argus/unk/snap/c1/1754424000.c1.snap.jpg,0.5042719
2025-08-05 20:30:00,/Volumes/Argus/unk/snap/c1/1754425800.c1.snap.jpg,0.35887825
2025-08-05 21:00:00,/Volumes/Argus/unk/snap/c1/1754427600.c1.snap.jpg,0.35577542
2025-08-05 21:30:00,/Volumes/Argus/unk/snap/c1/1754429400.c1.snap.jpg,0.3956644
2025-08-05 22:00:00,/Volumes/Argus/unk/snap/c1/1754431200.c1.snap.jpg,0.48093617
2025-08-05 22:30:00,/Volumes/Argus/unk/snap/c1/1754433000.c1.snap.jpg,0.48134702
2025-08-05 23:00:00,/Volumes/Argus/unk/snap/c1/1754434800.c1.snap.jpg,0.48078525
2025-08-05 23:30:00,/Volumes/Argus/unk/snap/c1/1754436600.c1.snap.jpg,0.3843817
2025-08-06 00:00:00,/Volumes/Argus/unk/snap/c1/1754438400.c1.snap.jpg,0.50707036
2025-08-06 00:30:00,/Volumes/Argus/unk/snap/c1/1754440200.c1.snap.jpg,0.4189345
2025-08-06 01:00:00,/Volumes/Argus/unk/snap/c1/1754442000.c1.snap.jpg,0.3908602
2025-08-06 01:30:00,/Volumes/Argus/unk/snap/c1/1754443800.c1.snap.jpg,0.4907652
2025-08-06 02:00:00,/Volumes/Argus/unk/snap/c1/1754445600.c1.snap.jpg,0.4453413
2025-08-06 02:30:00,/Volumes/Argus/unk/snap/c1/1754447400.c1.snap.jpg,0.6128346
2025-08-06 03:00:00,/Volumes/Argus/unk/snap/c1/1754449200.c1.snap.jpg,0.60519433
2025-08-06 03:30:00,/Volumes/Argus/unk/snap/c1/1754451000.c1.snap.jpg,0.44161674
2025-08-06 04:00:00,/Volumes/Argus/unk/snap/c1/1754452800.c1.snap.jpg,0.45456925
2025-08-06 04:30:00,/Volumes/Argus/unk/snap/c1/1754454600.c1.snap.jpg,0.4362981
2025-08-06 05:00:00,/Volumes/Argus/unk/snap/c1/1754456400.c1.snap.jpg,0.30204082
2025-08-06 05:30:00,/Volumes/Argus/unk/snap/c1/1754458200.c1.snap.jpg,0.32888582
2025-08-06 06:00:00,/Volumes/Argus/unk/snap/c1/1754460000.c1.snap.jpg,0.38741255
2025-08-06 06:30:00,/Volumes/Argus/unk/snap/c1/1754461800.c1.snap.jpg,0.33937
2025-08-06 07:00:00,/Volumes/Argus/unk/snap/c1/1754463600.c1.snap.jpg,0.39047363
2025-08-06 07:30:00,/Volumes/Argus/unk/snap/c1/1754465400.c1.snap.jpg,0.3758632
2025-08-06 08:00:00,/Volumes/Argus/unk/snap/c1/1754467200.c1.snap.jpg,0.30292028
2025-08-06 08:30:00,/Volumes/Argus/unk/snap/c1/1754469000.c1.snap.jpg,0.5110441
2025-08-07 14:00:00,/Volumes/Argus/unk/snap/c1/1754575200.c1.snap.jpg,0.3341086
2025-08-07 14:30:00,/Volumes/Argus/unk/snap/c1/1754577000.c1.snap.jpg,0.53651553
2025-08-07 15:00:00,/Volumes/Argus/unk/snap/c1/1754578800.c1.snap.jpg,0.6706519
2025-08-07 15:30:00,/Volumes/Argus/unk/snap/c1/1754580600.c1.snap.jpg,0.6369487
2025-08-07 16:00:00,/Volumes/Argus/unk/snap/c1/1754582400.c1.snap.jpg,0.3599776
2025-08-07 16:30:00,/Volumes/Argus/unk/snap/c1/1754584200.c1.snap.jpg,0.46544787
2025-08-07 17:00:00,/Volumes/Argus/unk/snap/c1/1754586000.c1.snap.jpg,0.594791
2025-08-07 17:30:00,/Volumes/Argus/unk/snap/c1/1754587800.c1.snap.jpg,0.44990945
2025-08-07 18:00:00,/Volumes/Argus/unk/snap/c1/1754589600.c1.snap.jpg,0.7299212
2025-08-07 18:30:00,/Volumes/Argus/unk/snap/c1/1754591400.c1.snap.jpg,0.50686884
2025-08-07 19:00:00,/Volumes/Argus/unk/snap/c1/1754593200.c1.snap.jpg,0.3994386
2025-08-07 19:30:00,/Volumes/Argus/unk/snap/c1/1754595000.c1.snap.jpg,0.27233207
2025-08-07 20:00:00,/Volumes/Argus/unk/snap/c1/1754596800.c1.snap.jpg,0.34793866
2025-08-07 20:30:00,/Volumes/Argus/unk/snap/c1/1754598600.c1.snap.jpg,0.33620408
2025-08-07 21:00:00,/Volumes/Argus/unk/snap/c1/1754600400.c1.snap.jpg,0.37215117
2025-08-07 21:30:00,/Volumes/Argus/unk/snap/c1/1754602200.c1.snap.jpg,0.35092056
2025-08-07 22:00:00,/Volumes/Argus/unk/snap/c1/1754604000.c1.snap.jpg,0.4215701
2025-08-07 22:30:00,/Volumes/Argus/unk/snap/c1/1754605800.c1.snap.jpg,0.4778039
2025-08-07 23:00:00,/Volumes/Argus/unk/snap/c1/1754607600.c1.snap.jpg,0.40390223
2025-08-07 23:30:00,/Volumes/Argus/unk/snap/c1/1754609400.c1.snap.jpg,0.5945038
2025-08-08 00:00:00,/Volumes/Argus/unk/snap/c1/1754611200.c1.snap.jpg,0.5581401
2025-08-08 00:30:00,/Volumes/Argus/unk/snap/c1/1754613000.c1.snap.jpg,0.5532597
2025-08-08 01:00:00,/Volumes/Argus/unk/snap/c1/1754614800.c1.snap.jpg,0.34560412
2025-08-08 01:30:00,/Volumes/Argus/unk/snap/c1/1754616600.c1.snap.jpg,0.48775604
2025-08-08 02:00:00,/Volumes/Argus/unk/snap/c1/1754618400.c1.snap.jpg,0.48587674
2025-08-08 02:30:00,/Volumes/Argus/unk/snap/c1/1754620200.c1.snap.jpg,0.36572215
2025-08-08 03:00:00,/Volumes/Argus/unk/snap/c1/1754622000.c1.snap.jpg,0.35656446
2025-08-08 03:30:00,/Volumes/Argus/unk/snap/c1/1754623800.c1.snap.jpg,0.46284217
2025-08-08 04:00:00,/Volumes/Argus/unk/snap/c1/1754625600.c1.snap.jpg,0.37609032
2025-08-08 04:30:00,/Volumes/Argus/unk/snap/c1/1754627400.c1.snap.jpg,0.26816115
2025-08-08 05:00:00,/Volumes/Argus/unk/snap/c1/1754629200.c1.snap.jpg,0.5397084
2025-08-08 06:00:00,/Volumes/Argus/unk/snap/c1/1754632800.c1.snap.jpg,0.37045288
2025-08-08 06:30:00,/Volumes/Argus/unk/snap/c1/1754634600.c1.snap.jpg,0.34964716
2025-08-08 07:00:00,/Volumes/Argus/unk/snap/c1/1754636400.c1.snap.jpg,0.3601129
2025-08-08 07:30:00,/Volumes/Argus/unk/snap/c1/1754638200.c1.snap.jpg,0.27300674
2025-08-08 08:00:00,/Volumes/Argus/unk/snap/c1/1754640000.c1.snap.jpg,0.34333047
2025-08-08 08:30:00,/Volumes/Argus/unk/snap/c1/1754641800.c1.snap.jpg,0.5245936
2025-08-08 14:00:00,/Volumes/Argus/unk/snap/c1/1754661600.c1.snap.jpg,0.4232465
2025-08-08 14:30:00,/Volumes/Argus/unk/snap/c1/1754663400.c1.snap.jpg,0.37031582
2025-08-08 15:00:00,/Volumes/Argus/unk/snap/c1/1754665200.c1.snap.jpg,0.29510844
2025-08-08 15:30:00,/Volumes/Argus/unk/snap/c1/1754667000.c1.snap.jpg,0.32578227
2025-08-08 16:00:00,/Volumes/Argus/unk/snap/c1/1754668800.c1.snap.jpg,0.37154526
2025-08-08 16:30:00,/Volumes/Argus/unk/snap/c1/1754670600.c1.snap.jpg,0.387806
2025-08-08 17:30:00,/Volumes/Argus/unk/snap/c1/1754674200.c1.snap.jpg,0.47582164
2025-08-08 18:00:00,/Volumes/Argus/unk/snap/c1/1754676000.c1.snap.jpg,0.3517809
2025-08-08 18:30:00,/Volumes/Argus/unk/snap/c1/1754677800.c1.snap.jpg,0.38851452
2025-08-08 19:00:00,/Volumes/Argus/unk/snap/c1/1754679600.c1.snap.jpg,0.7356407
2025-08-08 19:30:00,/Volumes/Argus/unk/snap/c1/1754681400.c1.snap.jpg,0.70138156
2025-08-08 20:00:00,/Volumes/Argus/unk/snap/c1/1754683200.c1.snap.jpg,0.7311075
2025-08-08 20:30:00,/Volumes/Argus/unk/snap/c1/1754685000.c1.snap.jpg,0.6283245
2025-08-08 21:00:00,/Volumes/Argus/unk/snap/c1/1754686800.c1.snap.jpg,0.59724414
2025-08-08 21:30:00,/Volumes/Argus/unk/snap/c1/1754688600.c1.snap.jpg,0.5587244
2025-08-08 22:00:00,/Volumes/Argus/unk/snap/c1/1754690400.c1.snap.jpg,0.40023693
2025-08-08 22:30:00,/Volumes/Argus/unk/snap/c1/1754692200.c1.snap.jpg,0.49126756
2025-08-08 23:00:00,/Volumes/Argus/unk/snap/c1/1754694000.c1.snap.jpg,0.42604935
2025-08-08 23:30:00,/Volumes/Argus/unk/snap/c1/1754695800.c1.snap.jpg,0.3304106
2025-08-09 00:00:00,/Volumes/Argus/unk/snap/c1/1754697600.c1.snap.jpg,0.36056817
2025-08-09 00:30:00,/Volumes/Argus/unk/snap/c1/1754699400.c1.snap.jpg,0.36246908
2025-08-09 01:00:00,/Volumes/Argus/unk/snap/c1/1754701200.c1.snap.jpg,0.35657203
2025-08-09 01:30:00,/Volumes/Argus/unk/snap/c1/1754703000.c1.snap.jpg,0.21537909
2025-08-09 02:00:00,/Volumes/Argus/unk/snap/c1/1754704800.c1.snap.jpg,0.3848717
2025-08-09 02:30:00,/Volumes/Argus/unk/snap/c1/1754706600.c1.snap.jpg,0.44061148
2025-08-09 03:00:00,/Volumes/Argus/unk/snap/c1/1754708400.c1.snap.jpg,0.2735737
2025-08-09 03:30:00,/Volumes/Argus/unk/snap/c1/1754710200.c1.snap.jpg,0.46690652
2025-08-09 04:00:00,/Volumes/Argus/unk/snap/c1/1754712000.c1.snap.jpg,0.3209759
2025-08-09 04:30:00,/Volumes/Argus/unk/snap/c1/1754713800.c1.snap.jpg,0.4433747
2025-08-09 05:00:00,/Volumes/Argus/unk/snap/c1/1754715600.c1.snap.jpg,0.35609218
2025-08-09 05:30:00,/Volumes/Argus/unk/snap/c1/1754717400.c1.snap.jpg,0.53957915
2025-08-09 06:00:00,/Volumes/Argus/unk/snap/c1/1754719200.c1.snap.jpg,0.3906778
2025-08-09 06:30:00,/Volumes/Argus/unk/snap/c1/1754721000.c1.snap.jpg,0.64731646
2025-08-09 07:00:00,/Volumes/Argus/unk/snap/c1/1754722800.c1.snap.jpg,0.74841315
2025-08-09 07:30:00,/Volumes/Argus/unk/snap/c1/1754724600.c1.snap.jpg,0.76975745
2025-08-09 08:00:00,/Volumes/Argus/unk/snap/c1/1754726400.c1.snap.jpg,0.5405654
2025-08-09 08:30:00,/Volumes/Argus/unk/snap/c1/1754728200.c1.snap.jpg,0.6453494
2025-08-09 14:00:00,/Volumes/Argus/unk/snap/c1/1754748000.c1.snap.jpg,1.1508651
2025-08-09 14:30:00,/Volumes/Argus/unk/snap/c1/1754749800.c1.snap.jpg,0.7983681
2025-08-09 15:00:00,/Volumes/Argus/unk/snap/c1/1754751600.c1.snap.jpg,0.8902593
2025-08-09 15:30:00,/Volumes/Argus/unk/snap/c1/1754753400.c1.snap.jpg,0.7305275
2025-08-09 16:00:00,/Volumes/Argus/unk/snap/c1/1754755200.c1.snap.jpg,0.88765603
2025-08-09 16:30:00,/Volumes/Argus/unk/snap/c1/1754757000.c1.snap.jpg,0.81808126
2025-08-09 17:00:00,/Volumes/Argus/unk/snap/c1/1754758800.c1.snap.jpg,0.6896322
2025-08-09 17:30:00,/Volumes/Argus/unk/snap/c1/1754760600.c1.snap.jpg,0.8660929
2025-08-09 18:00:00,/Volumes/Argus/unk/snap/c1/1754762400.c1.snap.jpg,0.76637155
2025-08-09 18:30:00,/Volumes/Argus/unk/snap/c1/1754764200.c1.snap.jpg,0.8568311
2025-08-09 19:00:00,/Volumes/Argus/unk/snap/c1/1754766000.c1.snap.jpg,0.9136425
2025-08-09 19:30:00,/Volumes/Argus/unk/snap/c1/1754767800.c1.snap.jpg,0.87693197
2025-08-09 20:00:00,/Volumes/Argus/unk/snap/c1/1754769600.c1.snap.jpg,0.718593
2025-08-09 20:30:00,/Volumes/Argus/unk/snap/c1/1754771400.c1.snap.jpg,0.8441619
2025-08-09 21:00:00,/Volumes/Argus/unk/snap/c1/1754773200.c1.snap.jpg,0.63413644
2025-08-09 21:30:00,/Volumes/Argus/unk/snap/c1/1754775000.c1.snap.jpg,0.7282322
2025-08-09 22:00:00,/Volumes/Argus/unk/snap/c1/1754776800.c1.snap.jpg,0.8109681
2025-08-09 22:30:00,/Volumes/Argus/unk/snap/c1/1754778600.c1.snap.jpg,0.9211916
2025-08-09 23:00:00,/Volumes/Argus/unk/snap/c1/1754780400.c1.snap.jpg,1.1165049
2025-08-09 23:30:00,/Volumes/Argus/unk/snap/c1/1754782200.c1.snap.jpg,0.74547505
2025-08-10 00:00:00,/Volumes/Argus/unk/snap/c1/1754784000.c1.snap.jpg,0.7494482
2025-08-10 00:30:00,/Volumes/Argus/unk/snap/c1/1754785800.c1.snap.jpg,0.64601207
2025-08-10 01:00:00,/Volumes/Argus/unk/snap/c1/1754787600.c1.snap.jpg,0.49719226
2025-08-10 01:30:00,/Volumes/Argus/unk/snap/c1/1754789400.c1.snap.jpg,0.5032052
2025-08-10 02:00:00,/Volumes/Argus/unk/snap/c1/1754791200.c1.snap.jpg,0.80900574
2025-08-10 02:30:00,/Volumes/Argus/unk/snap/c1/1754793000.c1.snap.jpg,0.71818125
2025-08-10 03:00:00,/Volumes/Argus/unk/snap/c1/1754794800.c1.snap.jpg,0.4911975
2025-08-10 03:30:00,/Volumes/Argus/unk/snap/c1/1754796600.c1.snap.jpg,0.7555131
2025-08-10 04:00:00,/Volumes/Argus/unk/snap/c1/1754798400.c1.snap.jpg,0.8354776
2025-08-10 04:30:00,/Volumes/Argus/unk/snap/c1/1754800200.c1.snap.jpg,0.6788486
2025-08-10 05:00:00,/Volumes/Argus/unk/snap/c1/1754802000.c1.snap.jpg,0.72646093
2025-08-10 05:30:00,/Volumes/Argus/unk/snap/c1/1754803800.c1.snap.jpg,0.6426564
2025-08-10 06:00:00,/Volumes/Argus/unk/snap/c1/1754805600.c1.snap.jpg,0.6599897
2025-08-10 06:30:00,/Volumes/Argus/unk/snap/c1/1754807400.c1.snap.jpg,0.48145846
2025-08-10 07:00:00,/Volumes/Argus/unk/snap/c1/1754809200.c1.snap.jpg,0.70457184
2025-08-10 07:30:00,/Volumes/Argus/unk/snap/c1/1754811000.c1.snap.jpg,0.62125075
2025-08-10 08:00:00,/Volumes/Argus/unk/snap/c1/1754812800.c1.snap.jpg,0.81412435
2025-08-10 08:30:00,/Volumes/Argus/unk/snap/c1/1754814600.c1.snap.jpg,1.0055423
2025-08-10 14:00:00,/Volumes/Argus/unk/snap/c1/1754834400.c1.snap.jpg,0.6757357
2025-08-10 14:30:00,/Volumes/Argus/unk/snap/c1/1754836200.c1.snap.jpg,0.7333412
2025-08-10 15:00:00,/Volumes/Argus/unk/snap/c1/1754838000.c1.snap.jpg,0.72128844
2025-08-10 16:00:00,/Volumes/Argus/unk/snap/c1/1754841600.c1.snap.jpg,0.6186181
2025-08-10 16:30:00,/Volumes/Argus/unk/snap/c1/1754843400.c1.snap.jpg,0.84875166
2025-08-10 17:00:00,/Volumes/Argus/unk/snap/c1/1754845200.c1.snap.jpg,0.6311242
2025-08-10 17:30:00,/Volumes/Argus/unk/snap/c1/1754847000.c1.snap.jpg,0.7753779
2025-08-10 18:00:00,/Volumes/Argus/unk/snap/c1/1754848800.c1.snap.jpg,0.7948334
2025-08-10 18:30:00,/Volumes/Argus/unk/snap/c1/1754850600.c1.snap.jpg,0.6873209
2025-08-10 19:00:00,/Volumes/Argus/unk/snap/c1/1754852400.c1.snap.jpg,0.8545096
2025-08-10 19:30:00,/Volumes/Argus/unk/snap/c1/1754854200.c1.snap.jpg,0.41738233
2025-08-10 20:00:00,/Volumes/Argus/unk/snap/c1/1754856000.c1.snap.jpg,0.75500536
2025-08-10 20:30:00,/Volumes/Argus/unk/snap/c1/1754857800.c1.snap.jpg,0.90413755
2025-08-10 21:00:00,/Volumes/Argus/unk/snap/c1/1754859600.c1.snap.jpg,0.6376958
2025-08-10 21:30:00,/Volumes/Argus/unk/snap/c1/1754861400.c1.snap.jpg,0.8727635
2025-08-10 22:00:00,/Volumes/Argus/unk/snap/c1/1754863200.c1.snap.jpg,0.74815214
2025-08-10 22:30:00,/Volumes/Argus/unk/snap/c1/1754865000.c1.snap.jpg,0.695235
2025-08-10 23:00:00,/Volumes/Argus/unk/snap/c1/1754866800.c1.snap.jpg,0.7404338
2025-08-10 23:30:00,/Volumes/Argus/unk/snap/c1/1754868600.c1.snap.jpg,0.8896189
2025-08-11 00:00:00,/Volumes/Argus/unk/snap/c1/1754870400.c1.snap.jpg,0.9037527
2025-08-11 00:30:00,/Volumes/Argus/unk/snap/c1/1754872200.c1.snap.jpg,0.90848917
2025-08-11 01:00:00,/Volumes/Argus/unk/snap/c1/1754874000.c1.snap.jpg,0.9109486
2025-08-11 01:30:00,/Volumes/Argus/unk/snap/c1/1754875800.c1.snap.jpg,0.7584857
2025-08-11 02:00:00,/Volumes/Argus/unk/snap/c1/1754877600.c1.snap.jpg,0.681851
2025-08-11 02:30:00,/Volumes/Argus/unk/snap/c1/1754879400.c1.snap.jpg,1.2795861
2025-08-11 03:00:00,/Volumes/Argus/unk/snap/c1/1754881200.c1.snap.jpg,0.4413764
2025-08-11 03:30:00,/Volumes/Argus/unk/snap/c1/1754883000.c1.snap.jpg,0.9557234
2025-08-11 04:00:00,/Volumes/Argus/unk/snap/c1/1754884800.c1.snap.jpg,0.8738079
2025-08-11 04:30:00,/Volumes/Argus/unk/snap/c1/1754886600.c1.snap.jpg,0.7958776
2025-08-11 05:00:00,/Volumes/Argus/unk/snap/c1/1754888400.c1.snap.jpg,0.8487686
2025-08-11 05:30:00,/Volumes/Argus/unk/snap/c1/1754890200.c1.snap.jpg,0.8638671
2025-08-11 06:00:00,/Volumes/Argus/unk/snap/c1/1754892000.c1.snap.jpg,0.9499548
2025-08-11 06:30:00,/Volumes/Argus/unk/snap/c1/1754893800.c1.snap.jpg,0.8775811
2025-08-11 07:00:00,/Volumes/Argus/unk/snap/c1/1754895600.c1.snap.jpg,0.9075394
2025-08-11 08:00:00,/Volumes/Argus/unk/snap/c1/1754899200.c1.snap.jpg,0.7638376
2025-08-11 08:30:00,/Volumes/Argus/unk/snap/c1/1754901000.c1.snap.jpg,0.6201936
2025-08-11 14:00:00,/Volumes/Argus/unk/snap/c1/1754920800.c1.snap.jpg,0.54294837
2025-08-11 14:30:00,/Volumes/Argus/unk/snap/c1/1754922600.c1.snap.jpg,0.7051059
2025-08-11 15:00:00,/Volumes/Argus/unk/snap/c1/1754924400.c1.snap.jpg,0.7058847
2025-08-11 15:30:00,/Volumes/Argus/unk/snap/c1/1754926200.c1.snap.jpg,0.671649
2025-08-11 16:00:00,/Volumes/Argus/unk/snap/c1/1754928000.c1.snap.jpg,0.5346049
2025-08-11 16:30:00,/Volumes/Argus/unk/snap/c1/1754929800.c1.snap.jpg,0.67626345
2025-08-11 17:00:00,/Volumes/Argus/unk/snap/c1/1754931600.c1.snap.jpg,0.79223186
2025-08-11 17:30:00,/Volumes/Argus/unk/snap/c1/1754933400.c1.snap.jpg,0.51032966
2025-08-11 18:00:00,/Volumes/Argus/unk/snap/c1/1754935200.c1.snap.jpg,0.6181151
2025-08-11 18:30:00,/Volumes/Argus/unk/snap/c1/1754937000.c1.snap.jpg,0.546309
2025-08-11 19:00:00,/Volumes/Argus/unk/snap/c1/1754938800.c1.snap.jpg,0.76281774
2025-08-11 19:30:00,/Volumes/Argus/unk/snap/c1/1754940600.c1.snap.jpg,0.4878413
2025-08-11 20:00:00,/Volumes/Argus/unk/snap/c1/1754942400.c1.snap.jpg,0.5588139
2025-08-11 20:30:00,/Volumes/Argus/unk/snap/c1/1754944200.c1.snap.jpg,0.56369156
2025-08-11 21:00:00,/Volumes/Argus/unk/snap/c1/1754946000.c1.snap.jpg,0.64825135
2025-08-11 21:30:00,/Volumes/Argus/unk/snap/c1/1754947800.c1.snap.jpg,0.60119945
2025-08-11 22:00:00,/Volumes/Argus/unk/snap/c1/1754949600.c1.snap.jpg,0.48057467
2025-08-11 22:30:00,/Volumes/Argus/unk/snap/c1/1754951400.c1.snap.jpg,0.60216963
2025-08-11 23:00:00,/Volumes/Argus/unk/snap/c1/1754953200.c1.snap.jpg,0.5817356
2025-08-11 23:30:00,/Volumes/Argus/unk/snap/c1/1754955000.c1.snap.jpg,0.45558685
2025-08-12 00:00:00,/Volumes/Argus/unk/snap/c1/1754956800.c1.snap.jpg,0.35454637
2025-08-12 00:30:00,/Volumes/Argus/unk/snap/c1/1754958600.c1.snap.jpg,0.38193747
2025-08-12 01:00:00,/Volumes/Argus/unk/snap/c1/1754960400.c1.snap.jpg,0.5152956
2025-08-12 01:30:00,/Volumes/Argus/unk/snap/c1/1754962200.c1.snap.jpg,0.50477374
2025-08-12 02:00:00,/Volumes/Argus/unk/snap/c1/1754964000.c1.snap.jpg,0.45539898
2025-08-12 02:30:00,/Volumes/Argus/unk/snap/c1/1754965800.c1.snap.jpg,0.63112324
2025-08-12 03:00:00,/Volumes/Argus/unk/snap/c1/1754967600.c1.snap.jpg,0.34141165
2025-08-12 03:30:00,/Volumes/Argus/unk/snap/c1/1754969400.c1.snap.jpg,0.3074733
2025-08-12 04:30:00,/Volumes/Argus/unk/snap/c1/1754973000.c1.snap.jpg,0.24623245
2025-08-12 05:00:00,/Volumes/Argus/unk/snap/c1/1754974800.c1.snap.jpg,0.32941392
2025-08-12 05:30:00,/Volumes/Argus/unk/snap/c1/1754976600.c1.snap.jpg,0.42995763
2025-08-12 06:00:00,/Volumes/Argus/unk/snap/c1/1754978400.c1.snap.jpg,0.38027498
2025-08-12 06:30:00,/Volumes/Argus/unk/snap/c1/1754980200.c1.snap.jpg,0.33051455
2025-08-12 07:00:00,/Volumes/Argus/unk/snap/c1/1754982000.c1.snap.jpg,0.3827465
2025-08-12 07:30:00,/Volumes/Argus/unk/snap/c1/1754983800.c1.snap.jpg,0.33369994
2025-08-12 08:00:00,/Volumes/Argus/unk/snap/c1/1754985600.c1.snap.jpg,0.38870168
2025-08-12 14:00:00,/Volumes/Argus/unk/snap/c1/1755007200.c1.snap.jpg,0.60036147
2025-08-12 14:30:00,/Volumes/Argus/unk/snap/c1/1755009000.c1.snap.jpg,0.56786656
2025-08-12 15:00:00,/Volumes/Argus/unk/snap/c1/1755010800.c1.snap.jpg,0.5415774
2025-08-12 15:30:00,/Volumes/Argus/unk/snap/c1/1755012600.c1.snap.jpg,0.50415343
2025-08-12 16:30:00,/Volumes/Argus/unk/snap/c1/1755016200.c1.snap.jpg,0.57513905
2025-08-12 17:00:00,/Volumes/Argus/unk/snap/c1/1755018000.c1.snap.jpg,0.55130005
2025-08-12 18:00:00,/Volumes/Argus/unk/snap/c1/1755021600.c1.snap.jpg,0.74916756
2025-08-12 18:30:00,/Volumes/Argus/unk/snap/c1/1755023400.c1.snap.jpg,0.6507971
2025-08-12 19:00:00,/Volumes/Argus/unk/snap/c1/1755025200.c1.snap.jpg,0.67664886
2025-08-12 19:30:00,/Volumes/Argus/unk/snap/c1/1755027000.c1.snap.jpg,0.7480613
2025-08-12 20:00:00,/Volumes/Argus/unk/snap/c1/1755028800.c1.snap.jpg,0.8297914
2025-08-12 20:30:00,/Volumes/Argus/unk/snap/c1/1755030600.c1.snap.jpg,0.90025604
2025-08-12 21:00:00,/Volumes/Argus/unk/snap/c1/1755032400.c1.snap.jpg,0.80509067
2025-08-12 21:30:00,/Volumes/Argus/unk/snap/c1/1755034200.c1.snap.jpg,0.8148085
2025-08-12 22:00:00,/Volumes/Argus/unk/snap/c1/1755036000.c1.snap.jpg,0.8315568
2025-08-12 22:30:00,/Volumes/Argus/unk/snap/c1/1755037800.c1.snap.jpg,0.67955524
2025-08-12 23:00:00,/Volumes/Argus/unk/snap/c1/1755039600.c1.snap.jpg,0.72106886
2025-08-12 23:30:00,/Volumes/Argus/unk/snap/c1/1755041400.c1.snap.jpg,0.74330723
2025-08-13 00:00:00,/Volumes/Argus/unk/snap/c1/1755043200.c1.snap.jpg,0.5855722
2025-08-13 00:30:00,/Volumes/Argus/unk/snap/c1/1755045000.c1.snap.jpg,0.6002576
2025-08-13 01:30:00,/Volumes/Argus/unk/snap/c1/1755048600.c1.snap.jpg,0.6316997
2025-08-13 02:00:00,/Volumes/Argus/unk/snap/c1/1755050400.c1.snap.jpg,0.57172024
2025-08-13 02:30:00,/Volumes/Argus/unk/snap/c1/1755052200.c1.snap.jpg,0.5558811
2025-08-13 03:00:00,/Volumes/Argus/unk/snap/c1/1755054000.c1.snap.jpg,0.5607309
2025-08-13 03:30:00,/Volumes/Argus/unk/snap/c1/1755055800.c1.snap.jpg,0.6359407
2025-08-13 04:00:00,/Volumes/Argus/unk/snap/c1/1755057600.c1.snap.jpg,0.54265386
2025-08-13 04:30:00,/Volumes/Argus/unk/snap/c1/1755059400.c1.snap.jpg,0.64539915
2025-08-13 05:00:00,/Volumes/Argus/unk/snap/c1/1755061200.c1.snap.jpg,0.47574654
2025-08-13 05:30:00,/Volumes/Argus/unk/snap/c1/1755063000.c1.snap.jpg,0.44823402
2025-08-13 06:00:00,/Volumes/Argus/unk/snap/c1/1755064800.c1.snap.jpg,0.55620354
2025-08-13 06:30:00,/Volumes/Argus/unk/snap/c1/1755066600.c1.snap.jpg,0.5559579
2025-08-13 07:00:00,/Volumes/Argus/unk/snap/c1/1755068400.c1.snap.jpg,0.53892946
2025-08-13 07:30:00,/Volumes/Argus/unk/snap/c1/1755070200.c1.snap.jpg,0.51355225
2025-08-13 08:00:00,/Volumes/Argus/unk/snap/c1/1755072000.c1.snap.jpg,0.5356411
2025-08-13 14:00:00,/Volumes/Argus/unk/snap/c1/1755093600.c1.snap.jpg,0.31870472
2025-08-13 14:30:00,/Volumes/Argus/unk/snap/c1/1755095400.c1.snap.jpg,0.4252006
2025-08-13 15:00:00,/Volumes/Argus/unk/snap/c1/1755097200.c1.snap.jpg,0.5469109
2025-08-13 15:30:00,/Volumes/Argus/unk/snap/c1/1755099000.c1.snap.jpg,0.4272012
2025-08-13 16:00:00,/Volumes/Argus/unk/snap/c1/1755100800.c1.snap.jpg,0.48756266
2025-08-13 16:30:00,/Volumes/Argus/unk/snap/c1/1755102600.c1.snap.jpg,0.46996248
2025-08-13 17:00:00,/Volumes/Argus/unk/snap/c1/1755104400.c1.snap.jpg,0.36468917
2025-08-13 17:30:00,/Volumes/Argus/unk/snap/c1/1755106200.c1.snap.jpg,0.44764468
2025-08-13 18:30:00,/Volumes/Argus/unk/snap/c1/1755109800.c1.snap.jpg,0.4416303
2025-08-13 19:00:00,/Volumes/Argus/unk/snap/c1/1755111600.c1.snap.jpg,0.5873837
2025-08-13 19:30:00,/Volumes/Argus/unk/snap/c1/1755113400.c1.snap.jpg,0.4353315
2025-08-13 20:00:00,/Volumes/Argus/unk/snap/c1/1755115200.c1.snap.jpg,0.56506157
2025-08-13 20:30:00,/Volumes/Argus/unk/snap/c1/1755117000.c1.snap.jpg,0.6139525
2025-08-13 21:00:00,/Volumes/Argus/unk/snap/c1/1755118800.c1.snap.jpg,0.7471741
2025-08-13 22:00:00,/Volumes/Argus/unk/snap/c1/1755122400.c1.snap.jpg,0.614241
2025-08-13 22:30:00,/Volumes/Argus/unk/snap/c1/1755124200.c1.snap.jpg,0.5373732
2025-08-13 23:00:00,/Volumes/Argus/unk/snap/c1/1755126000.c1.snap.jpg,0.6553634
2025-08-13 23:30:00,/Volumes/Argus/unk/snap/c1/1755127800.c1.snap.jpg,0.42774105
2025-08-14 00:00:00,/Volumes/Argus/unk/snap/c1/1755129600.c1.snap.jpg,0.42929065
2025-08-14 01:00:00,/Volumes/Argus/unk/snap/c1/1755133200.c1.snap.jpg,0.40953103
2025-08-14 01:30:00,/Volumes/Argus/unk/snap/c1/1755135000.c1.snap.jpg,0.32466495
2025-08-14 02:00:00,/Volumes/Argus/unk/snap/c1/1755136800.c1.snap.jpg,0.33925468
2025-08-14 02:30:00,/Volumes/Argus/unk/snap/c1/1755138600.c1.snap.jpg,0.48503307
2025-08-14 03:00:00,/Volumes/Argus/unk/snap/c1/1755140400.c1.snap.jpg,0.57769835
2025-08-14 03:30:00,/Volumes/Argus/unk/snap/c1/1755142200.c1.snap.jpg,0.48195666
2025-08-14 04:00:00,/Volumes/Argus/unk/snap/c1/1755144000.c1.snap.jpg,0.5315638
2025-08-14 04:30:00,/Volumes/Argus/unk/snap/c1/1755145800.c1.snap.jpg,0.55148953
2025-08-14 05:00:00,/Volumes/Argus/unk/snap/c1/1755147600.c1.snap.jpg,0.6084586
2025-08-14 05:30:00,/Volumes/Argus/unk/snap/c1/1755149400.c1.snap.jpg,0.5617379
2025-08-14 06:00:00,/Volumes/Argus/unk/snap/c1/1755151200.c1.snap.jpg,0.51836383
2025-08-14 06:30:00,/Volumes/Argus/unk/snap/c1/1755153000.c1.snap.jpg,0.57737017
2025-08-14 07:00:00,/Volumes/Argus/unk/snap/c1/1755154800.c1.snap.jpg,0.54930377
2025-08-14 07:30:00,/Volumes/Argus/unk/snap/c1/1755156600.c1.snap.jpg,0.44812346
2025-08-14 08:00:00,/Volumes/Argus/unk/snap/c1/1755158400.c1.snap.jpg,0.43310237
2025-08-14 14:00:00,/Volumes/Argus/unk/snap/c1/1755180000.c1.snap.jpg,0.73495984
2025-08-14 14:30:00,/Volumes/Argus/unk/snap/c1/1755181800.c1.snap.jpg,0.69755507
2025-08-14 15:00:00,/Volumes/Argus/unk/snap/c1/1755183600.c1.snap.jpg,0.87124485
2025-08-14 15:30:00,/Volumes/Argus/unk/snap/c1/1755185400.c1.snap.jpg,0.8789257
2025-08-14 16:00:00,/Volumes/Argus/unk/snap/c1/1755187200.c1.snap.jpg,0.83252424
2025-08-14 16:30:00,/Volumes/Argus/unk/snap/c1/1755189000.c1.snap.jpg,0.6392759
2025-08-14 17:00:00,/Volumes/Argus/unk/snap/c1/1755190800.c1.snap.jpg,0.7013981
2025-08-14 18:00:00,/Volumes/Argus/unk/snap/c1/1755194400.c1.snap.jpg,0.71553004
2025-08-14 18:30:00,/Volumes/Argus/unk/snap/c1/1755196200.c1.snap.jpg,0.5911217
2025-08-14 19:00:00,/Volumes/Argus/unk/snap/c1/1755198000.c1.snap.jpg,0.5327407
2025-08-14 19:30:00,/Volumes/Argus/unk/snap/c1/1755199800.c1.snap.jpg,0.7409341
2025-08-14 20:00:00,/Volumes/Argus/unk/snap/c1/1755201600.c1.snap.jpg,0.4831248
2025-08-14 20:30:00,/Volumes/Argus/unk/snap/c1/1755203400.c1.snap.jpg,0.517086
2025-08-14 21:00:00,/Volumes/Argus/unk/snap/c1/1755205200.c1.snap.jpg,0.79928994
2025-08-14 21:30:00,/Volumes/Argus/unk/snap/c1/1755207000.c1.snap.jpg,0.6198022
2025-08-14 22:00:00,/Volumes/Argus/unk/snap/c1/1755208800.c1.snap.jpg,0.68588865
2025-08-14 22:30:00,/Volumes/Argus/unk/snap/c1/1755210600.c1.snap.jpg,0.7146768
2025-08-14 23:00:00,/Volumes/Argus/unk/snap/c1/1755212400.c1.snap.jpg,0.83110356
2025-08-14 23:30:00,/Volumes/Argus/unk/snap/c1/1755214200.c1.snap.jpg,0.772691
2025-08-15 00:00:00,/Volumes/Argus/unk/snap/c1/1755216000.c1.snap.jpg,0.75286573
2025-08-15 00:30:00,/Volumes/Argus/unk/snap/c1/1755217800.c1.snap.jpg,0.7486171
2025-08-15 01:00:00,/Volumes/Argus/unk/snap/c1/1755219600.c1.snap.jpg,0.73674923
2025-08-15 01:30:00,/Volumes/Argus/unk/snap/c1/1755221400.c1.snap.jpg,0.695891
2025-08-15 02:00:00,/Volumes/Argus/unk/snap/c1/1755223200.c1.snap.jpg,0.67125773
2025-08-15 02:30:00,/Volumes/Argus/unk/snap/c1/1755225000.c1.snap.jpg,0.7624018
2025-08-15 03:00:00,/Volumes/Argus/unk/snap/c1/1755226800.c1.snap.jpg,1.3311628
2025-08-15 03:30:00,/Volumes/Argus/unk/snap/c1/1755228600.c1.snap.jpg,0.6224711
2025-08-15 04:00:00,/Volumes/Argus/unk/snap/c1/1755230400.c1.snap.jpg,0.619076
2025-08-15 05:00:00,/Volumes/Argus/unk/snap/c1/1755234000.c1.snap.jpg,0.601668
2025-08-15 05:30:00,/Volumes/Argus/unk/snap/c1/1755235800.c1.snap.jpg,0.6737594
2025-08-15 06:00:00,/Volumes/Argus/unk/snap/c1/1755237600.c1.snap.jpg,1.0579203
2025-08-15 06:30:00,/Volumes/Argus/unk/snap/c1/1755239400.c1.snap.jpg,1.219873
2025-08-15 07:00:00,/Volumes/Argus/unk/snap/c1/1755241200.c1.snap.jpg,1.0097868
2025-08-15 07:30:00,/Volumes/Argus/unk/snap/c1/1755243000.c1.snap.jpg,1.0174763
2025-08-15 08:00:00,/Volumes/Argus/unk/snap/c1/1755244800.c1.snap.jpg,1.1526086
2025-08-15 14:00:00,/Volumes/Argus/unk/snap/c1/1755266400.c1.snap.jpg,1.2350047
2025-08-15 14:30:00,/Volumes/Argus/unk/snap/c1/1755268200.c1.snap.jpg,1.3883787
2025-08-15 15:00:00,/Volumes/Argus/unk/snap/c1/1755270000.c1.snap.jpg,1.1596735
2025-08-15 15:30:00,/Volumes/Argus/unk/snap/c1/1755271800.c1.snap.jpg,1.3446747
2025-08-15 16:00:00,/Volumes/Argus/unk/snap/c1/1755273600.c1.snap.jpg,1.2528274
2025-08-15 16:30:00,/Volumes/Argus/unk/snap/c1/1755275400.c1.snap.jpg,1.0199175
2025-08-15 17:00:00,/Volumes/Argus/unk/snap/c1/1755277200.c1.snap.jpg,1.0360444
2025-08-15 17:30:00,/Volumes/Argus/unk/snap/c1/1755279000.c1.snap.jpg,0.98221266
2025-08-15 18:00:00,/Volumes/Argus/unk/snap/c1/1755280800.c1.snap.jpg,0.91789925
2025-08-15 18:30:00,/Volumes/Argus/unk/snap/c1/1755282600.c1.snap.jpg,1.1405764
2025-08-15 19:00:00,/Volumes/Argus/unk/snap/c1/1755284400.c1.snap.jpg,0.90252554
2025-08-15 19:30:00,/Volumes/Argus/unk/snap/c1/1755286200.c1.snap.jpg,0.8378422
2025-08-15 20:00:00,/Volumes/Argus/unk/snap/c1/1755288000.c1.snap.jpg,0.8105577
2025-08-15 20:30:00,/Volumes/Argus/unk/snap/c1/1755289800.c1.snap.jpg,0.6897042
2025-08-15 21:00:00,/Volumes/Argus/unk/snap/c1/1755291600.c1.snap.jpg,1.152326
2025-08-15 21:30:00,/Volumes/Argus/unk/snap/c1/1755293400.c1.snap.jpg,0.8226336
2025-08-15 22:00:00,/Volumes/Argus/unk/snap/c1/1755295200.c1.snap.jpg,0.7427496
2025-08-15 22:30:00,/Volumes/Argus/unk/snap/c1/1755297000.c1.snap.jpg,0.86212564
2025-08-15 23:00:00,/Volumes/Argus/unk/snap/c1/1755298800.c1.snap.jpg,0.68672377
2025-08-15 23:30:00,/Volumes/Argus/unk/snap/c1/1755300600.c1.snap.jpg,0.8173807
2025-08-16 00:00:00,/Volumes/Argus/unk/snap/c1/1755302400.c1.snap.jpg,0.8072422
2025-08-16 00:30:00,/Volumes/Argus/unk/snap/c1/1755304200.c1.snap.jpg,0.9940499
2025-08-16 01:00:00,/Volumes/Argus/unk/snap/c1/1755306000.c1.snap.jpg,0.7754958
2025-08-16 02:00:00,/Volumes/Argus/unk/snap/c1/1755309600.c1.snap.jpg,1.1036866
2025-08-16 02:30:00,/Volumes/Argus/unk/snap/c1/1755311400.c1.snap.jpg,0.7755283
2025-08-16 03:00:00,/Volumes/Argus/unk/snap/c1/1755313200.c1.snap.jpg,0.5232633
2025-08-16 03:30:00,/Volumes/Argus/unk/snap/c1/1755315000.c1.snap.jpg,0.8160869
2025-08-16 04:00:00,/Volumes/Argus/unk/snap/c1/1755316800.c1.snap.jpg,0.73853296
2025-08-16 05:00:00,/Volumes/Argus/unk/snap/c1/1755320400.c1.snap.jpg,0.62601036
2025-08-16 05:30:00,/Volumes/Argus/unk/snap/c1/1755322200.c1.snap.jpg,0.62823355
2025-08-16 06:00:00,/Volumes/Argus/unk/snap/c1/1755324000.c1.snap.jpg,0.65419424
2025-08-16 06:30:00,/Volumes/Argus/unk/snap/c1/1755325800.c1.snap.jpg,0.7907382
2025-08-16 07:00:00,/Volumes/Argus/unk/snap/c1/1755327600.c1.snap.jpg,0.87063336
2025-08-16 07:30:00,/Volumes/Argus/unk/snap/c1/1755329400.c1.snap.jpg,0.88492644
2025-08-16 08:00:00,/Volumes/Argus/unk/snap/c1/1755331200.c1.snap.jpg,0.69029593
2025-08-16 14:00:00,/Volumes/Argus/unk/snap/c1/1755352800.c1.snap.jpg,0.91200763
2025-08-16 14:30:00,/Volumes/Argus/unk/snap/c1/1755354600.c1.snap.jpg,0.9188472
2025-08-16 15:00:00,/Volumes/Argus/unk/snap/c1/1755356400.c1.snap.jpg,0.85444236
2025-08-16 15:30:00,/Volumes/Argus/unk/snap/c1/1755358200.c1.snap.jpg,0.7581234
2025-08-16 16:00:00,/Volumes/Argus/unk/snap/c1/1755360000.c1.snap.jpg,0.8760552
2025-08-16 16:30:00,/Volumes/Argus/unk/snap/c1/1755361800.c1.snap.jpg,0.6867314
2025-08-16 17:00:00,/Volumes/Argus/unk/snap/c1/1755363600.c1.snap.jpg,0.68635213
2025-08-16 17:30:00,/Volumes/Argus/unk/snap/c1/1755365400.c1.snap.jpg,0.69017833
2025-08-16 18:00:00,/Volumes/Argus/unk/snap/c1/1755367200.c1.snap.jpg,0.36234188
2025-08-16 18:30:00,/Volumes/Argus/unk/snap/c1/1755369000.c1.snap.jpg,0.70048666
2025-08-16 19:00:00,/Volumes/Argus/unk/snap/c1/1755370800.c1.snap.jpg,0.7291385
2025-08-16 19:30:00,/Volumes/Argus/unk/snap/c1/1755372600.c1.snap.jpg,0.41093433
2025-08-16 20:00:00,/Volumes/Argus/unk/snap/c1/1755374400.c1.snap.jpg,0.6016419
2025-08-16 20:30:00,/Volumes/Argus/unk/snap/c1/1755376200.c1.snap.jpg,0.6804985
2025-08-16 21:00:00,/Volumes/Argus/unk/snap/c1/1755378000.c1.snap.jpg,0.6840908
2025-08-16 21:30:00,/Volumes/Argus/unk/snap/c1/1755379800.c1.snap.jpg,0.5873383
2025-08-16 22:00:00,/Volumes/Argus/unk/snap/c1/1755381600.c1.snap.jpg,0.52050924
2025-08-16 22:30:00,/Volumes/Argus/unk/snap/c1/1755383400.c1.snap.jpg,0.5931814
2025-08-16 23:00:00,/Volumes/Argus/unk/snap/c1/1755385200.c1.snap.jpg,0.43185002
2025-08-16 23:30:00,/Volumes/Argus/unk/snap/c1/1755387000.c1.snap.jpg,0.6152821
2025-08-17 00:00:00,/Volumes/Argus/unk/snap/c1/1755388800.c1.snap.jpg,0.4396816
2025-08-17 00:30:00,/Volumes/Argus/unk/snap/c1/1755390600.c1.snap.jpg,0.42212456
2025-08-17 01:00:00,/Volumes/Argus/unk/snap/c1/1755392400.c1.snap.jpg,0.49468863
2025-08-17 02:00:00,/Volumes/Argus/unk/snap/c1/1755396000.c1.snap.jpg,0.48291403
2025-08-17 02:30:00,/Volumes/Argus/unk/snap/c1/1755397800.c1.snap.jpg,0.67866164
2025-08-17 03:00:00,/Volumes/Argus/unk/snap/c1/1755399600.c1.snap.jpg,0.6740773
2025-08-17 03:30:00,/Volumes/Argus/unk/snap/c1/1755401400.c1.snap.jpg,0.48626786
2025-08-17 04:00:00,/Volumes/Argus/unk/snap/c1/1755403200.c1.snap.jpg,0.4786061
2025-08-17 04:30:00,/Volumes/Argus/unk/snap/c1/1755405000.c1.snap.jpg,0.47164288
2025-08-17 05:00:00,/Volumes/Argus/unk/snap/c1/1755406800.c1.snap.jpg,0.42846736
2025-08-17 05:30:00,/Volumes/Argus/unk/snap/c1/1755408600.c1.snap.jpg,0.38030183
2025-08-17 06:00:00,/Volumes/Argus/unk/snap/c1/1755410400.c1.snap.jpg,0.35093227
2025-08-17 06:30:00,/Volumes/Argus/unk/snap/c1/1755412200.c1.snap.jpg,0.36924258
2025-08-17 07:00:00,/Volumes/Argus/unk/snap/c1/1755414000.c1.snap.jpg,0.37719455
2025-08-17 07:30:00,/Volumes/Argus/unk/snap/c1/1755415800.c1.snap.jpg,0.4828517
2025-08-17 08:00:00,/Volumes/Argus/unk/snap/c1/1755417600.c1.snap.jpg,0.5618168
2025-08-17 14:00:00,/Volumes/Argus/unk/snap/c1/1755439200.c1.snap.jpg,0.302207
2025-08-17 14:30:00,/Volumes/Argus/unk/snap/c1/1755441000.c1.snap.jpg,0.31957066
2025-08-17 15:00:00,/Volumes/Argus/unk/snap/c1/1755442800.c1.snap.jpg,0.3447187
2025-08-17 15:30:00,/Volumes/Argus/unk/snap/c1/1755444600.c1.snap.jpg,0.28155005
2025-08-17 16:00:00,/Volumes/Argus/unk/snap/c1/1755446400.c1.snap.jpg,0.5099555
2025-08-17 16:30:00,/Volumes/Argus/unk/snap/c1/1755448200.c1.snap.jpg,0.3672986
2025-08-17 17:00:00,/Volumes/Argus/unk/snap/c1/1755450000.c1.snap.jpg,0.23758829
2025-08-17 17:30:00,/Volumes/Argus/unk/snap/c1/1755451800.c1.snap.jpg,0.25766316
2025-08-17 18:00:00,/Volumes/Argus/unk/snap/c1/1755453600.c1.snap.jpg,0.21506284
2025-08-17 18:30:00,/Volumes/Argus/unk/snap/c1/1755455400.c1.snap.jpg,0.2603914
2025-08-17 19:00:00,/Volumes/Argus/unk/snap/c1/1755457200.c1.snap.jpg,0.2362623
2025-08-17 20:00:00,/Volumes/Argus/unk/snap/c1/1755460800.c1.snap.jpg,0.3369791
2025-08-17 20:30:00,/Volumes/Argus/unk/snap/c1/1755462600.c1.snap.jpg,0.27171287
2025-08-17 21:00:00,/Volumes/Argus/unk/snap/c1/1755464400.c1.snap.jpg,0.32561016
2025-08-17 21:30:00,/Volumes/Argus/unk/snap/c1/1755466200.c1.snap.jpg,0.2718042
2025-08-17 22:00:00,/Volumes/Argus/unk/snap/c1/1755468000.c1.snap.jpg,0.2869863
2025-08-17 22:30:00,/Volumes/Argus/unk/snap/c1/1755469800.c1.snap.jpg,0.32410407
2025-08-17 23:00:00,/Volumes/Argus/unk/snap/c1/1755471600.c1.snap.jpg,0.284248
2025-08-17 23:30:00,/Volumes/Argus/unk/snap/c1/1755473400.c1.snap.jpg,0.529055
2025-08-18 00:00:00,/Volumes/Argus/unk/snap/c1/1755475200.c1.snap.jpg,0.4547744
2025-08-18 00:30:00,/Volumes/Argus/unk/snap/c1/1755477000.c1.snap.jpg,0.5254316
2025-08-18 01:00:00,/Volumes/Argus/unk/snap/c1/1755478800.c1.snap.jpg,0.4416014
2025-08-18 01:30:00,/Volumes/Argus/unk/snap/c1/1755480600.c1.snap.jpg,0.36750346
2025-08-18 02:00:00,/Volumes/Argus/unk/snap/c1/1755482400.c1.snap.jpg,0.63597286
2025-08-18 02:30:00,/Volumes/Argus/unk/snap/c1/1755484200.c1.snap.jpg,0.39988166
2025-08-18 03:00:00,/Volumes/Argus/unk/snap/c1/1755486000.c1.snap.jpg,0.38747144
2025-08-18 03:30:00,/Volumes/Argus/unk/snap/c1/1755487800.c1.snap.jpg,0.27356595
2025-08-18 04:00:00,/Volumes/Argus/unk/snap/c1/1755489600.c1.snap.jpg,0.38588047
2025-08-18 04:30:00,/Volumes/Argus/unk/snap/c1/1755491400.c1.snap.jpg,0.34927788
2025-08-18 05:00:00,/Volumes/Argus/unk/snap/c1/1755493200.c1.snap.jpg,0.3913123
2025-08-18 05:30:00,/Volumes/Argus/unk/snap/c1/1755495000.c1.snap.jpg,0.43791914
2025-08-18 06:00:00,/Volumes/Argus/unk/snap/c1/1755496800.c1.snap.jpg,0.3489828
2025-08-18 06:30:00,/Volumes/Argus/unk/snap/c1/1755498600.c1.snap.jpg,0.42872757
2025-08-18 07:00:00,/Volumes/Argus/unk/snap/c1/1755500400.c1.snap.jpg,0.36470434
2025-08-18 07:30:00,/Volumes/Argus/unk/snap/c1/1755502200.c1.snap.jpg,0.48687944
2025-08-18 08:00:00,/Volumes/Argus/unk/snap/c1/1755504000.c1.snap.jpg,0.7024852
2025-08-18 14:00:00,/Volumes/Argus/unk/snap/c1/1755525600.c1.snap.jpg,0.54687226
2025-08-18 14:30:00,/Volumes/Argus/unk/snap/c1/1755527400.c1.snap.jpg,0.38621378
2025-08-18 15:00:00,/Volumes/Argus/unk/snap/c1/1755529200.c1.snap.jpg,0.37135345
2025-08-18 15:30:00,/Volumes/Argus/unk/snap/c1/1755531000.c1.snap.jpg,0.32429415
2025-08-18 16:00:00,/Volumes/Argus/unk/snap/c1/1755532800.c1.snap.jpg,0.3909334
2025-08-18 16:30:00,/Volumes/Argus/unk/snap/c1/1755534600.c1.snap.jpg,0.34290498
2025-08-18 17:00:00,/Volumes/Argus/unk/snap/c1/1755536400.c1.snap.jpg,0.39244765
2025-08-18 17:30:00,/Volumes/Argus/unk/snap/c1/1755538200.c1.snap.jpg,0.30194616
2025-08-18 18:00:00,/Volumes/Argus/unk/snap/c1/1755540000.c1.snap.jpg,0.39359805
2025-08-18 18:30:00,/Volumes/Argus/unk/snap/c1/1755541800.c1.snap.jpg,0.31203526
2025-08-18 19:00:00,/Volumes/Argus/unk/snap/c1/1755543600.c1.snap.jpg,0.4224922
2025-08-18 19:30:00,/Volumes/Argus/unk/snap/c1/1755545400.c1.snap.jpg,0.31695306
2025-08-18 20:00:00,/Volumes/Argus/unk/snap/c1/1755547200.c1.snap.jpg,0.32634574
2025-08-18 20:30:00,/Volumes/Argus/unk/snap/c1/1755549000.c1.snap.jpg,0.28619355
2025-08-18 21:00:00,/Volumes/Argus/unk/snap/c1/1755550800.c1.snap.jpg,0.28751168
2025-08-18 21:30:00,/Volumes/Argus/unk/snap/c1/1755552600.c1.snap.jpg,0.3962254
2025-08-18 22:00:00,/Volumes/Argus/unk/snap/c1/1755554400.c1.snap.jpg,0.3429445
2025-08-18 22:30:00,/Volumes/Argus/unk/snap/c1/1755556200.c1.snap.jpg,0.39280376
2025-08-18 23:00:00,/Volumes/Argus/unk/snap/c1/1755558000.c1.snap.jpg,0.5137845
2025-08-18 23:30:00,/Volumes/Argus/unk/snap/c1/1755559800.c1.snap.jpg,0.4285985
2025-08-19 00:00:00,/Volumes/Argus/unk/snap/c1/1755561600.c1.snap.jpg,0.36577877
2025-08-19 00:30:00,/Volumes/Argus/unk/snap/c1/1755563400.c1.snap.jpg,0.40217477
2025-08-19 01:00:00,/Volumes/Argus/unk/snap/c1/1755565200.c1.snap.jpg,0.32305974
2025-08-19 01:30:00,/Volumes/Argus/unk/snap/c1/1755567000.c1.snap.jpg,0.34831887
2025-08-19 02:00:00,/Volumes/Argus/unk/snap/c1/1755568800.c1.snap.jpg,0.42236114
2025-08-19 02:30:00,/Volumes/Argus/unk/snap/c1/1755570600.c1.snap.jpg,0.2942829
2025-08-19 03:00:00,/Volumes/Argus/unk/snap/c1/1755572400.c1.snap.jpg,0.34641463
2025-08-19 04:30:00,/Volumes/Argus/unk/snap/c1/1755577800.c1.snap.jpg,0.41752458
2025-08-19 05:00:00,/Volumes/Argus/unk/snap/c1/1755579600.c1.snap.jpg,0.36993927
2025-08-19 05:30:00,/Volumes/Argus/unk/snap/c1/1755581400.c1.snap.jpg,0.29774228
2025-08-19 06:00:00,/Volumes/Argus/unk/snap/c1/1755583200.c1.snap.jpg,0.40979058
2025-08-19 06:30:00,/Volumes/Argus/unk/snap/c1/1755585000.c1.snap.jpg,0.35880154
2025-08-19 07:00:00,/Volumes/Argus/unk/snap/c1/1755586800.c1.snap.jpg,0.34458488
2025-08-19 07:30:00,/Volumes/Argus/unk/snap/c1/1755588600.c1.snap.jpg,0.58818775
2025-08-19 14:00:00,/Volumes/Argus/unk/snap/c1/1755612000.c1.snap.jpg,0.63186336
2025-08-19 15:00:00,/Volumes/Argus/unk/snap/c1/1755615600.c1.snap.jpg,0.6384811
2025-08-19 15:30:00,/Volumes/Argus/unk/snap/c1/1755617400.c1.snap.jpg,0.3821108
2025-08-19 16:00:00,/Volumes/Argus/unk/snap/c1/1755619200.c1.snap.jpg,0.6144009
2025-08-19 16:30:00,/Volumes/Argus/unk/snap/c1/1755621000.c1.snap.jpg,0.63039887
2025-08-19 17:00:00,/Volumes/Argus/unk/snap/c1/1755622800.c1.snap.jpg,0.5347055
2025-08-19 17:30:00,/Volumes/Argus/unk/snap/c1/1755624600.c1.snap.jpg,0.5618813
2025-08-19 18:00:00,/Volumes/Argus/unk/snap/c1/1755626400.c1.snap.jpg,0.5156902
2025-08-19 18:30:00,/Volumes/Argus/unk/snap/c1/1755628200.c1.snap.jpg,0.58202374
2025-08-19 19:00:00,/Volumes/Argus/unk/snap/c1/1755630000.c1.snap.jpg,0.8146072
2025-08-19 19:30:00,/Volumes/Argus/unk/snap/c1/1755631800.c1.snap.jpg,0.67833257
2025-08-19 20:00:00,/Volumes/Argus/unk/snap/c1/1755633600.c1.snap.jpg,0.7617769
2025-08-19 21:00:00,/Volumes/Argus/unk/snap/c1/1755637200.c1.snap.jpg,0.7364058
2025-08-19 21:30:00,/Volumes/Argus/unk/snap/c1/1755639000.c1.snap.jpg,0.56947184
2025-08-19 22:00:00,/Volumes/Argus/unk/snap/c1/1755640800.c1.snap.jpg,0.7647119
2025-08-19 22:30:00,/Volumes/Argus/unk/snap/c1/1755642600.c1.snap.jpg,0.7122384
2025-08-19 23:30:00,/Volumes/Argus/unk/snap/c1/1755646200.c1.snap.jpg,0.7599183
2025-08-20 00:00:00,/Volumes/Argus/unk/snap/c1/1755648000.c1.snap.jpg,0.8106545
2025-08-20 00:30:00,/Volumes/Argus/unk/snap/c1/1755649800.c1.snap.jpg,0.7292484
2025-08-20 01:00:00,/Volumes/Argus/unk/snap/c1/1755651600.c1.snap.jpg,0.74593407
2025-08-20 01:30:00,/Volumes/Argus/unk/snap/c1/1755653400.c1.snap.jpg,0.73864853
2025-08-20 02:00:00,/Volumes/Argus/unk/snap/c1/1755655200.c1.snap.jpg,1.1645223
2025-08-20 02:30:00,/Volumes/Argus/unk/snap/c1/1755657000.c1.snap.jpg,0.8704869
2025-08-20 03:00:00,/Volumes/Argus/unk/snap/c1/1755658800.c1.snap.jpg,0.7366456
2025-08-20 03:30:00,/Volumes/Argus/unk/snap/c1/1755660600.c1.snap.jpg,0.6171501
2025-08-20 04:00:00,/Volumes/Argus/unk/snap/c1/1755662400.c1.snap.jpg,0.57883966
2025-08-20 04:30:00,/Volumes/Argus/unk/snap/c1/1755664200.c1.snap.jpg,0.5122546
2025-08-20 05:00:00,/Volumes/Argus/unk/snap/c1/1755666000.c1.snap.jpg,0.6571276
2025-08-20 05:30:00,/Volumes/Argus/unk/snap/c1/1755667800.c1.snap.jpg,0.53315026
2025-08-20 06:00:00,/Volumes/Argus/unk/snap/c1/1755669600.c1.snap.jpg,0.49802655
2025-08-20 06:30:00,/Volumes/Argus/unk/snap/c1/1755671400.c1.snap.jpg,0.4199687
2025-08-20 07:00:00,/Volumes/Argus/unk/snap/c1/1755673200.c1.snap.jpg,0.46728146
2025-08-20 07:30:00,/Volumes/Argus/unk/snap/c1/1755675000.c1.snap.jpg,0.36275753
2025-08-20 14:00:00,/Volumes/Argus/unk/snap/c1/1755698400.c1.snap.jpg,0.4166987
2025-08-20 14:30:00,/Volumes/Argus/unk/snap/c1/1755700200.c1.snap.jpg,0.31841856
2025-08-20 15:00:00,/Volumes/Argus/unk/snap/c1/1755702000.c1.snap.jpg,0.4308098
2025-08-20 15:30:00,/Volumes/Argus/unk/snap/c1/1755703800.c1.snap.jpg,0.5878615
2025-08-20 16:00:00,/Volumes/Argus/unk/snap/c1/1755705600.c1.snap.jpg,0.92396533
2025-08-20 16:30:00,/Volumes/Argus/unk/snap/c1/1755707400.c1.snap.jpg,0.47028738
2025-08-20 17:00:00,/Volumes/Argus/unk/snap/c1/1755709200.c1.snap.jpg,0.44243985
2025-08-20 17:30:00,/Volumes/Argus/unk/snap/c1/1755711000.c1.snap.jpg,0.29007596
2025-08-20 18:00:00,/Volumes/Argus/unk/snap/c1/1755712800.c1.snap.jpg,0.3296004
2025-08-20 18:30:00,/Volumes/Argus/unk/snap/c1/1755714600.c1.snap.jpg,0.31064665
2025-08-20 19:00:00,/Volumes/Argus/unk/snap/c1/1755716400.c1.snap.jpg,0.27158013
2025-08-20 19:30:00,/Volumes/Argus/unk/snap/c1/1755718200.c1.snap.jpg,0.26295567
2025-08-20 20:00:00,/Volumes/Argus/unk/snap/c1/1755720000.c1.snap.jpg,0.33213395
2025-08-20 20:30:00,/Volumes/Argus/unk/snap/c1/1755721800.c1.snap.jpg,0.26448599
2025-08-20 21:00:00,/Volumes/Argus/unk/snap/c1/1755723600.c1.snap.jpg,0.27785578
2025-08-20 21:30:00,/Volumes/Argus/unk/snap/c1/1755725400.c1.snap.jpg,0.31234783
2025-08-20 22:00:00,/Volumes/Argus/unk/snap/c1/1755727200.c1.snap.jpg,0.25784934
2025-08-20 22:30:00,/Volumes/Argus/unk/snap/c1/1755729000.c1.snap.jpg,0.24493593
2025-08-20 23:00:00,/Volumes/Argus/unk/snap/c1/1755730800.c1.snap.jpg,0.27204436
2025-08-20 23:30:00,/Volumes/Argus/unk/snap/c1/1755732600.c1.snap.jpg,0.24601243
2025-08-21 00:00:00,/Volumes/Argus/unk/snap/c1/1755734400.c1.snap.jpg,0.3816129
2025-08-21 00:30:00,/Volumes/Argus/unk/snap/c1/1755736200.c1.snap.jpg,0.46220937
2025-08-21 01:00:00,/Volumes/Argus/unk/snap/c1/1755738000.c1.snap.jpg,0.35068685
2025-08-21 01:30:00,/Volumes/Argus/unk/snap/c1/1755739800.c1.snap.jpg,0.4128112
2025-08-21 02:00:00,/Volumes/Argus/unk/snap/c1/1755741600.c1.snap.jpg,0.7498617
2025-08-21 02:30:00,/Volumes/Argus/unk/snap/c1/1755743400.c1.snap.jpg,0.92629546
2025-08-21 03:00:00,/Volumes/Argus/unk/snap/c1/1755745200.c1.snap.jpg,0.8098233
2025-08-21 03:30:00,/Volumes/Argus/unk/snap/c1/1755747000.c1.snap.jpg,0.40489691
2025-08-21 04:00:00,/Volumes/Argus/unk/snap/c1/1755748800.c1.snap.jpg,0.50117207
2025-08-21 04:30:00,/Volumes/Argus/unk/snap/c1/1755750600.c1.snap.jpg,0.581879
2025-08-21 05:00:00,/Volumes/Argus/unk/snap/c1/1755752400.c1.snap.jpg,0.43390876
2025-08-21 05:30:00,/Volumes/Argus/unk/snap/c1/1755754200.c1.snap.jpg,0.6547575
2025-08-21 06:00:00,/Volumes/Argus/unk/snap/c1/1755756000.c1.snap.jpg,0.5759408
2025-08-21 06:30:00,/Volumes/Argus/unk/snap/c1/1755757800.c1.snap.jpg,0.42011398
2025-08-21 07:00:00,/Volumes/Argus/unk/snap/c1/1755759600.c1.snap.jpg,0.4842558
2025-08-21 07:30:00,/Volumes/Argus/unk/snap/c1/1755761400.c1.snap.jpg,0.62102664
2025-08-21 14:00:00,/Volumes/Argus/unk/snap/c1/1755784800.c1.snap.jpg,1.5220736
2025-08-21 14:30:00,/Volumes/Argus/unk/snap/c1/1755786600.c1.snap.jpg,1.5896641
2025-08-21 15:00:00,/Volumes/Argus/unk/snap/c1/1755788400.c1.snap.jpg,1.120806
2025-08-21 15:30:00,/Volumes/Argus/unk/snap/c1/1755790200.c1.snap.jpg,1.5647115
2025-08-21 16:00:00,/Volumes/Argus/unk/snap/c1/1755792000.c1.snap.jpg,1.5706651
2025-08-21 16:30:00,/Volumes/Argus/unk/snap/c1/1755793800.c1.snap.jpg,1.637533
2025-08-21 17:00:00,/Volumes/Argus/unk/snap/c1/1755795600.c1.snap.jpg,1.5533484
2025-08-21 18:00:00,/Volumes/Argus/unk/snap/c1/1755799200.c1.snap.jpg,1.4963981
2025-08-21 18:30:00,/Volumes/Argus/unk/snap/c1/1755801000.c1.snap.jpg,1.5523263
2025-08-21 19:00:00,/Volumes/Argus/unk/snap/c1/1755802800.c1.snap.jpg,1.5117433
2025-08-21 19:30:00,/Volumes/Argus/unk/snap/c1/1755804600.c1.snap.jpg,1.6815606
2025-08-21 20:00:00,/Volumes/Argus/unk/snap/c1/1755806400.c1.snap.jpg,1.6193255
2025-08-21 20:30:00,/Volumes/Argus/unk/snap/c1/1755808200.c1.snap.jpg,1.520593
2025-08-21 21:00:00,/Volumes/Argus/unk/snap/c1/1755810000.c1.snap.jpg,1.6253476
2025-08-21 21:30:00,/Volumes/Argus/unk/snap/c1/1755811800.c1.snap.jpg,1.5984553
2025-08-21 22:00:00,/Volumes/Argus/unk/snap/c1/1755813600.c1.snap.jpg,1.5943748
2025-08-21 22:30:00,/Volumes/Argus/unk/snap/c1/1755815400.c1.snap.jpg,1.6258959
2025-08-21 23:00:00,/Volumes/Argus/unk/snap/c1/1755817200.c1.snap.jpg,1.5551122
2025-08-21 23:30:00,/Volumes/Argus/unk/snap/c1/1755819000.c1.snap.jpg,1.1830795
2025-08-22 00:00:00,/Volumes/Argus/unk/snap/c1/1755820800.c1.snap.jpg,1.0106528
2025-08-22 00:30:00,/Volumes/Argus/unk/snap/c1/1755822600.c1.snap.jpg,0.9304303
2025-08-22 01:00:00,/Volumes/Argus/unk/snap/c1/1755824400.c1.snap.jpg,0.93790984
2025-08-22 01:30:00,/Volumes/Argus/unk/snap/c1/1755826200.c1.snap.jpg,0.9186268
2025-08-22 02:00:00,/Volumes/Argus/unk/snap/c1/1755828000.c1.snap.jpg,0.8408133
2025-08-22 02:30:00,/Volumes/Argus/unk/snap/c1/1755829800.c1.snap.jpg,0.75919807
2025-08-22 03:00:00,/Volumes/Argus/unk/snap/c1/1755831600.c1.snap.jpg,0.7019515
2025-08-22 03:30:00,/Volumes/Argus/unk/snap/c1/1755833400.c1.snap.jpg,0.5720142
2025-08-22 04:00:00,/Volumes/Argus/unk/snap/c1/1755835200.c1.snap.jpg,0.8885581
2025-08-22 04:30:00,/Volumes/Argus/unk/snap/c1/1755837000.c1.snap.jpg,0.73069555
2025-08-22 05:00:00,/Volumes/Argus/unk/snap/c1/1755838800.c1.snap.jpg,0.61386603
2025-08-22 05:30:00,/Volumes/Argus/unk/snap/c1/1755840600.c1.snap.jpg,0.6788098
2025-08-22 06:00:00,/Volumes/Argus/unk/snap/c1/1755842400.c1.snap.jpg,0.6378224
2025-08-22 06:30:00,/Volumes/Argus/unk/snap/c1/1755844200.c1.snap.jpg,0.6324393
2025-08-22 07:00:00,/Volumes/Argus/unk/snap/c1/1755846000.c1.snap.jpg,0.6158676
2025-08-22 14:00:00,/Volumes/Argus/unk/snap/c1/1755871200.c1.snap.jpg,1.1527839
2025-08-22 14:30:00,/Volumes/Argus/unk/snap/c1/1755873000.c1.snap.jpg,1.0144106
2025-08-22 15:00:00,/Volumes/Argus/unk/snap/c1/1755874800.c1.snap.jpg,0.88594145
2025-08-22 15:30:00,/Volumes/Argus/unk/snap/c1/1755876600.c1.snap.jpg,0.94607806
2025-08-22 16:00:00,/Volumes/Argus/unk/snap/c1/1755878400.c1.snap.jpg,0.99609745
2025-08-22 16:30:00,/Volumes/Argus/unk/snap/c1/1755880200.c1.snap.jpg,0.9368035
2025-08-22 17:00:00,/Volumes/Argus/unk/snap/c1/1755882000.c1.snap.jpg,0.8772153
2025-08-22 17:30:00,/Volumes/Argus/unk/snap/c1/1755883800.c1.snap.jpg,0.9596986
2025-08-22 18:00:00,/Volumes/Argus/unk/snap/c1/1755885600.c1.snap.jpg,0.8766061
2025-08-22 18:30:00,/Volumes/Argus/unk/snap/c1/1755887400.c1.snap.jpg,0.81486154
2025-08-22 19:00:00,/Volumes/Argus/unk/snap/c1/1755889200.c1.snap.jpg,0.74126035
2025-08-22 19:30:00,/Volumes/Argus/unk/snap/c1/1755891000.c1.snap.jpg,0.7563293
2025-08-22 20:00:00,/Volumes/Argus/unk/snap/c1/1755892800.c1.snap.jpg,0.7332019
2025-08-22 20:30:00,/Volumes/Argus/unk/snap/c1/1755894600.c1.snap.jpg,0.7157836
2025-08-22 21:00:00,/Volumes/Argus/unk/snap/c1/1755896400.c1.snap.jpg,0.71369076
2025-08-22 21:30:00,/Volumes/Argus/unk/snap/c1/1755898200.c1.snap.jpg,0.84654796
2025-08-22 22:00:00,/Volumes/Argus/unk/snap/c1/1755900000.c1.snap.jpg,0.82207537
2025-08-22 22:30:00,/Volumes/Argus/unk/snap/c1/1755901800.c1.snap.jpg,0.6782902
2025-08-22 23:00:00,/Volumes/Argus/unk/snap/c1/1755903600.c1.snap.jpg,0.45937014
2025-08-22 23:30:00,/Volumes/Argus/unk/snap/c1/1755905400.c1.snap.jpg,0.63154876
2025-08-23 00:00:00,/Volumes/Argus/unk/snap/c1/1755907200.c1.snap.jpg,0.5309221
2025-08-23 00:30:00,/Volumes/Argus/unk/snap/c1/1755909000.c1.snap.jpg,0.5671569
2025-08-23 01:00:00,/Volumes/Argus/unk/snap/c1/1755910800.c1.snap.jpg,0.5145918
2025-08-23 01:30:00,/Volumes/Argus/unk/snap/c1/1755912600.c1.snap.jpg,0.56921613
2025-08-23 02:00:00,/Volumes/Argus/unk/snap/c1/1755914400.c1.snap.jpg,0.53502834
2025-08-23 02:30:00,/Volumes/Argus/unk/snap/c1/1755916200.c1.snap.jpg,0.509903
2025-08-23 03:00:00,/Volumes/Argus/unk/snap/c1/1755918000.c1.snap.jpg,0.4154267
2025-08-23 03:30:00,/Volumes/Argus/unk/snap/c1/1755919800.c1.snap.jpg,0.50530016
2025-08-23 04:00:00,/Volumes/Argus/unk/snap/c1/1755921600.c1.snap.jpg,0.44010812
2025-08-23 04:30:00,/Volumes/Argus/unk/snap/c1/1755923400.c1.snap.jpg,0.50636864
2025-08-23 05:00:00,/Volumes/Argus/unk/snap/c1/1755925200.c1.snap.jpg,0.51646
2025-08-23 05:30:00,/Volumes/Argus/unk/snap/c1/1755927000.c1.snap.jpg,0.4382669
2025-08-23 06:00:00,/Volumes/Argus/unk/snap/c1/1755928800.c1.snap.jpg,0.49060327
2025-08-23 06:30:00,/Volumes/Argus/unk/snap/c1/1755930600.c1.snap.jpg,0.528141
2025-08-23 07:00:00,/Volumes/Argus/unk/snap/c1/1755932400.c1.snap.jpg,0.7029791
2025-08-23 07:30:00,/Volumes/Argus/unk/snap/c1/1755934200.c1.snap.jpg,0.84834576
2025-08-23 14:30:00,/Volumes/Argus/unk/snap/c1/1755959400.c1.snap.jpg,1.4689578
2025-08-23 15:00:00,/Volumes/Argus/unk/snap/c1/1755961200.c1.snap.jpg,1.4173414
2025-08-23 15:30:00,/Volumes/Argus/unk/snap/c1/1755963000.c1.snap.jpg,1.3932377
2025-08-23 16:00:00,/Volumes/Argus/unk/snap/c1/1755964800.c1.snap.jpg,1.5639311
2025-08-23 16:30:00,/Volumes/Argus/unk/snap/c1/1755966600.c1.snap.jpg,1.6040759
2025-08-23 17:00:00,/Volumes/Argus/unk/snap/c1/1755968400.c1.snap.jpg,1.6024014
2025-08-23 17:30:00,/Volumes/Argus/unk/snap/c1/1755970200.c1.snap.jpg,1.583016
2025-08-23 18:00:00,/Volumes/Argus/unk/snap/c1/1755972000.c1.snap.jpg,1.5724152
2025-08-23 18:30:00,/Volumes/Argus/unk/snap/c1/1755973800.c1.snap.jpg,1.6097028
2025-08-23 19:30:00,/Volumes/Argus/unk/snap/c1/1755977400.c1.snap.jpg,1.5881281
2025-08-23 20:00:00,/Volumes/Argus/unk/snap/c1/1755979200.c1.snap.jpg,1.580012
2025-08-23 20:30:00,/Volumes/Argus/unk/snap/c1/1755981000.c1.snap.jpg,1.5704854
2025-08-23 21:00:00,/Volumes/Argus/unk/snap/c1/1755982800.c1.snap.jpg,1.5004818
2025-08-23 21:30:00,/Volumes/Argus/unk/snap/c1/1755984600.c1.snap.jpg,1.4841954
2025-08-23 22:00:00,/Volumes/Argus/unk/snap/c1/1755986400.c1.snap.jpg,1.5461134
2025-08-23 22:30:00,/Volumes/Argus/unk/snap/c1/1755988200.c1.snap.jpg,1.9183683
2025-08-23 23:00:00,/Volumes/Argus/unk/snap/c1/1755990000.c1.snap.jpg,1.4172003
2025-08-23 23:30:00,/Volumes/Argus/unk/snap/c1/1755991800.c1.snap.jpg,1.2070353
2025-08-24 00:00:00,/Volumes/Argus/unk/snap/c1/1755993600.c1.snap.jpg,1.2574893
2025-08-24 00:30:00,/Volumes/Argus/unk/snap/c1/1755995400.c1.snap.jpg,1.209942
2025-08-24 01:00:00,/Volumes/Argus/unk/snap/c1/1755997200.c1.snap.jpg,1.1273171
2025-08-24 01:30:00,/Volumes/Argus/unk/snap/c1/1755999000.c1.snap.jpg,1.1258695
2025-08-24 02:00:00,/Volumes/Argus/unk/snap/c1/1756000800.c1.snap.jpg,0.8595084
2025-08-24 02:30:00,/Volumes/Argus/unk/snap/c1/1756002600.c1.snap.jpg,0.96158963
2025-08-24 03:00:00,/Volumes/Argus/unk/snap/c1/1756004400.c1.snap.jpg,0.92147636
2025-08-24 03:30:00,/Volumes/Argus/unk/snap/c1/1756006200.c1.snap.jpg,1.0121251
2025-08-24 04:00:00,/Volumes/Argus/unk/snap/c1/1756008000.c1.snap.jpg,0.7607535
2025-08-24 04:30:00,/Volumes/Argus/unk/snap/c1/1756009800.c1.snap.jpg,0.65862536
2025-08-24 05:00:00,/Volumes/Argus/unk/snap/c1/1756011600.c1.snap.jpg,0.535831
2025-08-24 05:30:00,/Volumes/Argus/unk/snap/c1/1756013400.c1.snap.jpg,0.6549194
2025-08-24 06:00:00,/Volumes/Argus/unk/snap/c1/1756015200.c1.snap.jpg,0.48560122
2025-08-24 06:30:00,/Volumes/Argus/unk/snap/c1/1756017000.c1.snap.jpg,0.5159799
2025-08-24 07:00:00,/Volumes/Argus/unk/snap/c1/1756018800.c1.snap.jpg,0.3967613
2025-08-24 07:30:00,/Volumes/Argus/unk/snap/c1/1756020600.c1.snap.jpg,1.0219955
2025-08-24 14:30:00,/Volumes/Argus/unk/snap/c1/1756045800.c1.snap.jpg,0.5523427
2025-08-24 15:00:00,/Volumes/Argus/unk/snap/c1/1756047600.c1.snap.jpg,0.66605806
2025-08-24 15:30:00,/Volumes/Argus/unk/snap/c1/1756049400.c1.snap.jpg,0.5316381
2025-08-24 16:00:00,/Volumes/Argus/unk/snap/c1/1756051200.c1.snap.jpg,0.6005415
2025-08-24 16:30:00,/Volumes/Argus/unk/snap/c1/1756053000.c1.snap.jpg,0.41117996
2025-08-24 17:00:00,/Volumes/Argus/unk/snap/c1/1756054800.c1.snap.jpg,0.74672085
2025-08-24 17:30:00,/Volumes/Argus/unk/snap/c1/1756056600.c1.snap.jpg,0.81216305
2025-08-24 18:00:00,/Volumes/Argus/unk/snap/c1/1756058400.c1.snap.jpg,0.7772027
2025-08-24 18:30:00,/Volumes/Argus/unk/snap/c1/1756060200.c1.snap.jpg,0.80033267
2025-08-24 19:00:00,/Volumes/Argus/unk/snap/c1/1756062000.c1.snap.jpg,0.7283317
2025-08-24 19:30:00,/Volumes/Argus/unk/snap/c1/1756063800.c1.snap.jpg,0.7942939
2025-08-24 20:00:00,/Volumes/Argus/unk/snap/c1/1756065600.c1.snap.jpg,0.876859
2025-08-24 20:30:00,/Volumes/Argus/unk/snap/c1/1756067400.c1.snap.jpg,0.93498015
2025-08-24 21:00:00,/Volumes/Argus/unk/snap/c1/1756069200.c1.snap.jpg,0.8102446
2025-08-24 21:30:00,/Volumes/Argus/unk/snap/c1/1756071000.c1.snap.jpg,0.7404767
2025-08-24 22:00:00,/Volumes/Argus/unk/snap/c1/1756072800.c1.snap.jpg,0.6825212
2025-08-24 22:30:00,/Volumes/Argus/unk/snap/c1/1756074600.c1.snap.jpg,0.68361235
2025-08-24 23:00:00,/Volumes/Argus/unk/snap/c1/1756076400.c1.snap.jpg,0.39159328
2025-08-24 23:30:00,/Volumes/Argus/unk/snap/c1/1756078200.c1.snap.jpg,0.3027888
2025-08-25 00:00:00,/Volumes/Argus/unk/snap/c1/1756080000.c1.snap.jpg,0.34190398
2025-08-25 00:30:00,/Volumes/Argus/unk/snap/c1/1756081800.c1.snap.jpg,0.3736978
2025-08-25 01:00:00,/Volumes/Argus/unk/snap/c1/1756083600.c1.snap.jpg,0.3134905
2025-08-25 01:30:00,/Volumes/Argus/unk/snap/c1/1756085400.c1.snap.jpg,0.27043363
2025-08-25 02:30:00,/Volumes/Argus/unk/snap/c1/1756089000.c1.snap.jpg,0.29661068
2025-08-25 03:00:00,/Volumes/Argus/unk/snap/c1/1756090800.c1.snap.jpg,0.29346523
2025-08-25 03:30:00,/Volumes/Argus/unk/snap/c1/1756092600.c1.snap.jpg,0.22957507
2025-08-25 04:00:00,/Volumes/Argus/unk/snap/c1/1756094400.c1.snap.jpg,0.24308288
2025-08-25 04:30:00,/Volumes/Argus/unk/snap/c1/1756096200.c1.snap.jpg,0.21439436
2025-08-25 05:00:00,/Volumes/Argus/unk/snap/c1/1756098000.c1.snap.jpg,0.2064256
2025-08-25 05:30:00,/Volumes/Argus/unk/snap/c1/1756099800.c1.snap.jpg,0.32807165
2025-08-25 06:00:00,/Volumes/Argus/unk/snap/c1/1756101600.c1.snap.jpg,0.34670183
2025-08-25 06:30:00,/Volumes/Argus/unk/snap/c1/1756103400.c1.snap.jpg,0.50985956
2025-08-25 07:00:00,/Volumes/Argus/unk/snap/c1/1756105200.c1.snap.jpg,0.27690893
2025-08-25 07:30:00,/Volumes/Argus/unk/snap/c1/1756107000.c1.snap.jpg,0.77925396
2025-08-25 14:30:00,/Volumes/Argus/unk/snap/c1/1756132200.c1.snap.jpg,0.46287555
2025-08-25 15:00:00,/Volumes/Argus/unk/snap/c1/1756134000.c1.snap.jpg,0.335825
2025-08-25 15:30:00,/Volumes/Argus/unk/snap/c1/1756135800.c1.snap.jpg,0.53822374
2025-08-25 16:00:00,/Volumes/Argus/unk/snap/c1/1756137600.c1.snap.jpg,0.41533196
2025-08-25 16:30:00,/Volumes/Argus/unk/snap/c1/1756139400.c1.snap.jpg,0.3603012
2025-08-25 17:00:00,/Volumes/Argus/unk/snap/c1/1756141200.c1.snap.jpg,0.3783786
2025-08-25 17:30:00,/Volumes/Argus/unk/snap/c1/1756143000.c1.snap.jpg,0.4391345
2025-08-25 18:00:00,/Volumes/Argus/unk/snap/c1/1756144800.c1.snap.jpg,0.66135657
2025-08-25 18:30:00,/Volumes/Argus/unk/snap/c1/1756146600.c1.snap.jpg,0.65382564
2025-08-25 19:00:00,/Volumes/Argus/unk/snap/c1/1756148400.c1.snap.jpg,0.91704464
2025-08-25 19:30:00,/Volumes/Argus/unk/snap/c1/1756150200.c1.snap.jpg,0.9370505
2025-08-25 20:00:00,/Volumes/Argus/unk/snap/c1/1756152000.c1.snap.jpg,1.1560798
2025-08-25 20:30:00,/Volumes/Argus/unk/snap/c1/1756153800.c1.snap.jpg,1.336526
2025-08-25 21:00:00,/Volumes/Argus/unk/snap/c1/1756155600.c1.snap.jpg,1.2989844
2025-08-25 21:30:00,/Volumes/Argus/unk/snap/c1/1756157400.c1.snap.jpg,1.3145536
2025-08-25 22:00:00,/Volumes/Argus/unk/snap/c1/1756159200.c1.snap.jpg,1.2240789
2025-08-25 22:30:00,/Volumes/Argus/unk/snap/c1/1756161000.c1.snap.jpg,1.3096493
2025-08-25 23:00:00,/Volumes/Argus/unk/snap/c1/1756162800.c1.snap.jpg,1.2709098
2025-08-25 23:30:00,/Volumes/Argus/unk/snap/c1/1756164600.c1.snap.jpg,1.2725371
2025-08-26 00:30:00,/Volumes/Argus/unk/snap/c1/1756168200.c1.snap.jpg,1.2503854
2025-08-26 01:00:00,/Volumes/Argus/unk/snap/c1/1756170000.c1.snap.jpg,1.2088336
2025-08-26 01:30:00,/Volumes/Argus/unk/snap/c1/1756171800.c1.snap.jpg,1.2446462
2025-08-26 02:00:00,/Volumes/Argus/unk/snap/c1/1756173600.c1.snap.jpg,1.2591228
2025-08-26 02:30:00,/Volumes/Argus/unk/snap/c1/1756175400.c1.snap.jpg,1.219669
2025-08-26 03:00:00,/Volumes/Argus/unk/snap/c1/1756177200.c1.snap.jpg,1.2819864
2025-08-26 03:30:00,/Volumes/Argus/unk/snap/c1/1756179000.c1.snap.jpg,1.4459118
2025-08-26 04:00:00,/Volumes/Argus/unk/snap/c1/1756180800.c1.snap.jpg,1.6132089
2025-08-26 04:30:00,/Volumes/Argus/unk/snap/c1/1756182600.c1.snap.jpg,1.9593092
2025-08-26 05:30:00,/Volumes/Argus/unk/snap/c1/1756186200.c1.snap.jpg,1.6108664
2025-08-26 06:00:00,/Volumes/Argus/unk/snap/c1/1756188000.c1.snap.jpg,1.605074
2025-08-26 06:30:00,/Volumes/Argus/unk/snap/c1/1756189800.c1.snap.jpg,1.5242974
2025-08-26 07:00:00,/Volumes/Argus/unk/snap/c1/1756191600.c1.snap.jpg,1.8139294
2025-08-26 14:30:00,/Volumes/Argus/unk/snap/c1/1756218600.c1.snap.jpg,0.9757781
2025-08-26 15:00:00,/Volumes/Argus/unk/snap/c1/1756220400.c1.snap.jpg,1.1964393
2025-08-26 15:30:00,/Volumes/Argus/unk/snap/c1/1756222200.c1.snap.jpg,0.8648905
2025-08-26 16:00:00,/Volumes/Argus/unk/snap/c1/1756224000.c1.snap.jpg,1.019184
2025-08-26 16:30:00,/Volumes/Argus/unk/snap/c1/1756225800.c1.snap.jpg,0.87250423
2025-08-26 17:00:00,/Volumes/Argus/unk/snap/c1/1756227600.c1.snap.jpg,0.8518456
2025-08-26 17:30:00,/Volumes/Argus/unk/snap/c1/1756229400.c1.snap.jpg,0.7672735
2025-08-26 18:00:00,/Volumes/Argus/unk/snap/c1/1756231200.c1.snap.jpg,0.74776816
2025-08-26 18:30:00,/Volumes/Argus/unk/snap/c1/1756233000.c1.snap.jpg,0.78456557
2025-08-26 19:00:00,/Volumes/Argus/unk/snap/c1/1756234800.c1.snap.jpg,0.7657596
2025-08-26 19:30:00,/Volumes/Argus/unk/snap/c1/1756236600.c1.snap.jpg,0.7642077
2025-08-26 20:00:00,/Volumes/Argus/unk/snap/c1/1756238400.c1.snap.jpg,0.8232757
2025-08-26 20:30:00,/Volumes/Argus/unk/snap/c1/1756240200.c1.snap.jpg,0.64678633
2025-08-26 21:00:00,/Volumes/Argus/unk/snap/c1/1756242000.c1.snap.jpg,0.8023487
2025-08-26 21:30:00,/Volumes/Argus/unk/snap/c1/1756243800.c1.snap.jpg,0.726056
2025-08-26 22:00:00,/Volumes/Argus/unk/snap/c1/1756245600.c1.snap.jpg,0.6083528
2025-08-26 22:30:00,/Volumes/Argus/unk/snap/c1/1756247400.c1.snap.jpg,0.55899334
2025-08-26 23:00:00,/Volumes/Argus/unk/snap/c1/1756249200.c1.snap.jpg,0.5849652
2025-08-26 23:30:00,/Volumes/Argus/unk/snap/c1/1756251000.c1.snap.jpg,0.50024796
2025-08-27 00:00:00,/Volumes/Argus/unk/snap/c1/1756252800.c1.snap.jpg,0.5500041
2025-08-27 00:30:00,/Volumes/Argus/unk/snap/c1/1756254600.c1.snap.jpg,0.5596391
2025-08-27 01:00:00,/Volumes/Argus/unk/snap/c1/1756256400.c1.snap.jpg,0.519475
2025-08-27 01:30:00,/Volumes/Argus/unk/snap/c1/1756258200.c1.snap.jpg,0.5966196
2025-08-27 02:00:00,/Volumes/Argus/unk/snap/c1/1756260000.c1.snap.jpg,0.38620076
2025-08-27 02:30:00,/Volumes/Argus/unk/snap/c1/1756261800.c1.snap.jpg,0.3567574
2025-08-27 03:00:00,/Volumes/Argus/unk/snap/c1/1756263600.c1.snap.jpg,0.4245758
2025-08-27 03:30:00,/Volumes/Argus/unk/snap/c1/1756265400.c1.snap.jpg,0.42587185
2025-08-27 04:00:00,/Volumes/Argus/unk/snap/c1/1756267200.c1.snap.jpg,0.3476472
2025-08-27 04:30:00,/Volumes/Argus/unk/snap/c1/1756269000.c1.snap.jpg,0.41275495
2025-08-27 05:00:00,/Volumes/Argus/unk/snap/c1/1756270800.c1.snap.jpg,0.31612512
2025-08-27 05:30:00,/Volumes/Argus/unk/snap/c1/1756272600.c1.snap.jpg,0.39373815
2025-08-27 06:00:00,/Volumes/Argus/unk/snap/c1/1756274400.c1.snap.jpg,0.27408463
2025-08-27 06:30:00,/Volumes/Argus/unk/snap/c1/1756276200.c1.snap.jpg,0.3288166
2025-08-27 07:00:00,/Volumes/Argus/unk/snap/c1/1756278000.c1.snap.jpg,0.3119711
2025-08-27 14:30:00,/Volumes/Argus/unk/snap/c1/1756305000.c1.snap.jpg,0.3005744
2025-08-27 15:00:00,/Volumes/Argus/unk/snap/c1/1756306800.c1.snap.jpg,0.29680145
2025-08-27 16:00:00,/Volumes/Argus/unk/snap/c1/1756310400.c1.snap.jpg,0.2903911
2025-08-27 16:30:00,/Volumes/Argus/unk/snap/c1/1756312200.c1.snap.jpg,0.46663392
2025-08-27 17:00:00,/Volumes/Argus/unk/snap/c1/1756314000.c1.snap.jpg,0.47664577
2025-08-27 17:30:00,/Volumes/Argus/unk/snap/c1/1756315800.c1.snap.jpg,0.43665957
2025-08-27 18:00:00,/Volumes/Argus/unk/snap/c1/1756317600.c1.snap.jpg,0.30570433
2025-08-27 18:30:00,/Volumes/Argus/unk/snap/c1/1756319400.c1.snap.jpg,0.3986776
2025-08-27 19:00:00,/Volumes/Argus/unk/snap/c1/1756321200.c1.snap.jpg,0.54930276
2025-08-27 19:30:00,/Volumes/Argus/unk/snap/c1/1756323000.c1.snap.jpg,0.5526172
2025-08-27 20:00:00,/Volumes/Argus/unk/snap/c1/1756324800.c1.snap.jpg,0.5560832
2025-08-27 20:30:00,/Volumes/Argus/unk/snap/c1/1756326600.c1.snap.jpg,0.6344564
2025-08-27 21:00:00,/Volumes/Argus/unk/snap/c1/1756328400.c1.snap.jpg,0.32037956
2025-08-27 21:30:00,/Volumes/Argus/unk/snap/c1/1756330200.c1.snap.jpg,0.28131452
2025-08-27 22:00:00,/Volumes/Argus/unk/snap/c1/1756332000.c1.snap.jpg,0.25577572
2025-08-27 22:30:00,/Volumes/Argus/unk/snap/c1/1756333800.c1.snap.jpg,0.28701848
2025-08-27 23:00:00,/Volumes/Argus/unk/snap/c1/1756335600.c1.snap.jpg,0.23518996
2025-08-27 23:30:00,/Volumes/Argus/unk/snap/c1/1756337400.c1.snap.jpg,0.24222252
2025-08-28 00:00:00,/Volumes/Argus/unk/snap/c1/1756339200.c1.snap.jpg,0.34818298
2025-08-28 00:30:00,/Volumes/Argus/unk/snap/c1/1756341000.c1.snap.jpg,0.36218652
2025-08-28 01:00:00,/Volumes/Argus/unk/snap/c1/1756342800.c1.snap.jpg,0.7044695
2025-08-28 01:30:00,/Volumes/Argus/unk/snap/c1/1756344600.c1.snap.jpg,0.43551746
2025-08-28 02:30:00,/Volumes/Argus/unk/snap/c1/1756348200.c1.snap.jpg,0.45648122
2025-08-28 03:00:00,/Volumes/Argus/unk/snap/c1/1756350000.c1.snap.jpg,0.73975956
2025-08-28 03:30:00,/Volumes/Argus/unk/snap/c1/1756351800.c1.snap.jpg,0.54843855
2025-08-28 04:00:00,/Volumes/Argus/unk/snap/c1/1756353600.c1.snap.jpg,0.5736065
2025-08-28 05:00:00,/Volumes/Argus/unk/snap/c1/1756357200.c1.snap.jpg,0.54501736
2025-08-28 05:30:00,/Volumes/Argus/unk/snap/c1/1756359000.c1.snap.jpg,0.42425883
2025-08-28 06:00:00,/Volumes/Argus/unk/snap/c1/1756360800.c1.snap.jpg,0.5147962
2025-08-28 06:30:00,/Volumes/Argus/unk/snap/c1/1756362600.c1.snap.jpg,0.32675424
2025-08-28 07:00:00,/Volumes/Argus/unk/snap/c1/1756364400.c1.snap.jpg,0.6311804
2025-08-28 14:30:00,/Volumes/Argus/unk/snap/c1/1756391400.c1.snap.jpg,0.79420495
2025-08-28 15:00:00,/Volumes/Argus/unk/snap/c1/1756393200.c1.snap.jpg,0.85875034
2025-08-28 15:30:00,/Volumes/Argus/unk/snap/c1/1756395000.c1.snap.jpg,0.9208081
2025-08-28 16:00:00,/Volumes/Argus/unk/snap/c1/1756396800.c1.snap.jpg,0.7619438
2025-08-28 16:30:00,/Volumes/Argus/unk/snap/c1/1756398600.c1.snap.jpg,0.9622522
2025-08-28 17:00:00,/Volumes/Argus/unk/snap/c1/1756400400.c1.snap.jpg,0.93432796
2025-08-28 17:30:00,/Volumes/Argus/unk/snap/c1/1756402200.c1.snap.jpg,0.87526155
2025-08-28 18:00:00,/Volumes/Argus/unk/snap/c1/1756404000.c1.snap.jpg,0.7589802
2025-08-28 18:30:00,/Volumes/Argus/unk/snap/c1/1756405800.c1.snap.jpg,1.1052866
2025-08-28 19:00:00,/Volumes/Argus/unk/snap/c1/1756407600.c1.snap.jpg,0.8041693
2025-08-28 19:30:00,/Volumes/Argus/unk/snap/c1/1756409400.c1.snap.jpg,0.91113496
2025-08-28 20:00:00,/Volumes/Argus/unk/snap/c1/1756411200.c1.snap.jpg,0.8815088
2025-08-28 20:30:00,/Volumes/Argus/unk/snap/c1/1756413000.c1.snap.jpg,0.93482465
2025-08-28 21:00:00,/Volumes/Argus/unk/snap/c1/1756414800.c1.snap.jpg,0.8721962
2025-08-28 21:30:00,/Volumes/Argus/unk/snap/c1/1756416600.c1.snap.jpg,0.75357294
2025-08-28 22:00:00,/Volumes/Argus/unk/snap/c1/1756418400.c1.snap.jpg,0.7481265
2025-08-28 22:30:00,/Volumes/Argus/unk/snap/c1/1756420200.c1.snap.jpg,0.95312446
2025-08-28 23:00:00,/Volumes/Argus/unk/snap/c1/1756422000.c1.snap.jpg,1.0955588
2025-08-28 23:30:00,/Volumes/Argus/unk/snap/c1/1756423800.c1.snap.jpg,1.0555692
2025-08-29 00:00:00,/Volumes/Argus/unk/snap/c1/1756425600.c1.snap.jpg,0.8413354
2025-08-29 00:30:00,/Volumes/Argus/unk/snap/c1/1756427400.c1.snap.jpg,0.898566
2025-08-29 01:30:00,/Volumes/Argus/unk/snap/c1/1756431000.c1.snap.jpg,0.7968791
2025-08-29 02:00:00,/Volumes/Argus/unk/snap/c1/1756432800.c1.snap.jpg,0.68728286
2025-08-29 02:30:00,/Volumes/Argus/unk/snap/c1/1756434600.c1.snap.jpg,0.8467072
2025-08-29 03:00:00,/Volumes/Argus/unk/snap/c1/1756436400.c1.snap.jpg,0.6104304
2025-08-29 03:30:00,/Volumes/Argus/unk/snap/c1/1756438200.c1.snap.jpg,0.6657323
2025-08-29 04:00:00,/Volumes/Argus/unk/snap/c1/1756440000.c1.snap.jpg,1.4476838
2025-08-29 04:30:00,/Volumes/Argus/unk/snap/c1/1756441800.c1.snap.jpg,0.63143826
2025-08-29 05:00:00,/Volumes/Argus/unk/snap/c1/1756443600.c1.snap.jpg,0.70373774
2025-08-29 05:30:00,/Volumes/Argus/unk/snap/c1/1756445400.c1.snap.jpg,0.61531156
2025-08-29 06:00:00,/Volumes/Argus/unk/snap/c1/1756447200.c1.snap.jpg,1.1989883
2025-08-29 06:30:00,/Volumes/Argus/unk/snap/c1/1756449000.c1.snap.jpg,0.68489724
2025-08-29 07:00:00,/Volumes/Argus/unk/snap/c1/1756450800.c1.snap.jpg,0.66615915
2025-08-29 14:30:00,/Volumes/Argus/unk/snap/c1/1756477800.c1.snap.jpg,1.0282798
2025-08-29 15:00:00,/Volumes/Argus/unk/snap/c1/1756479600.c1.snap.jpg,1.6235074
2025-08-29 15:30:00,/Volumes/Argus/unk/snap/c1/1756481400.c1.snap.jpg,1.2319309
2025-08-29 16:00:00,/Volumes/Argus/unk/snap/c1/1756483200.c1.snap.jpg,1.344654
2025-08-29 17:00:00,/Volumes/Argus/unk/snap/c1/1756486800.c1.snap.jpg,1.2822299
2025-08-29 17:30:00,/Volumes/Argus/unk/snap/c1/1756488600.c1.snap.jpg,1.2013772
2025-08-29 18:00:00,/Volumes/Argus/unk/snap/c1/1756490400.c1.snap.jpg,0.93373823
2025-08-29 18:30:00,/Volumes/Argus/unk/snap/c1/1756492200.c1.snap.jpg,0.8105688
2025-08-29 19:00:00,/Volumes/Argus/unk/snap/c1/1756494000.c1.snap.jpg,0.76775897
2025-08-29 19:30:00,/Volumes/Argus/unk/snap/c1/1756495800.c1.snap.jpg,0.68176246
2025-08-29 20:00:00,/Volumes/Argus/unk/snap/c1/1756497600.c1.snap.jpg,1.0016499
2025-08-29 20:30:00,/Volumes/Argus/unk/snap/c1/1756499400.c1.snap.jpg,1.0461017
2025-08-29 21:00:00,/Volumes/Argus/unk/snap/c1/1756501200.c1.snap.jpg,1.1723708
2025-08-29 21:30:00,/Volumes/Argus/unk/snap/c1/1756503000.c1.snap.jpg,1.2225553
2025-08-29 22:00:00,/Volumes/Argus/unk/snap/c1/1756504800.c1.snap.jpg,0.9751826
2025-08-29 22:30:00,/Volumes/Argus/unk/snap/c1/1756506600.c1.snap.jpg,1.283698
2025-08-29 23:00:00,/Volumes/Argus/unk/snap/c1/1756508400.c1.snap.jpg,1.220667
2025-08-29 23:30:00,/Volumes/Argus/unk/snap/c1/1756510200.c1.snap.jpg,1.271671
2025-08-30 00:00:00,/Volumes/Argus/unk/snap/c1/1756512000.c1.snap.jpg,1.304767
2025-08-30 00:30:00,/Volumes/Argus/unk/snap/c1/1756513800.c1.snap.jpg,1.5894694
2025-08-30 01:00:00,/Volumes/Argus/unk/snap/c1/1756515600.c1.snap.jpg,1.2447401
2025-08-30 01:30:00,/Volumes/Argus/unk/snap/c1/1756517400.c1.snap.jpg,1.3166885
2025-08-30 02:00:00,/Volumes/Argus/unk/snap/c1/1756519200.c1.snap.jpg,1.5667613
2025-08-30 02:30:00,/Volumes/Argus/unk/snap/c1/1756521000.c1.snap.jpg,1.353254
2025-08-30 03:00:00,/Volumes/Argus/unk/snap/c1/1756522800.c1.snap.jpg,1.167738
2025-08-30 03:30:00,/Volumes/Argus/unk/snap/c1/1756524600.c1.snap.jpg,1.0840319
2025-08-30 04:00:00,/Volumes/Argus/unk/snap/c1/1756526400.c1.snap.jpg,0.8493061
2025-08-30 04:30:00,/Volumes/Argus/unk/snap/c1/1756528200.c1.snap.jpg,0.6219995
2025-08-30 05:00:00,/Volumes/Argus/unk/snap/c1/1756530000.c1.snap.jpg,0.7161936
2025-08-30 05:30:00,/Volumes/Argus/unk/snap/c1/1756531800.c1.snap.jpg,0.82267153
2025-08-30 06:00:00,/Volumes/Argus/unk/snap/c1/1756533600.c1.snap.jpg,0.84775555
2025-08-30 06:30:00,/Volumes/Argus/unk/snap/c1/1756535400.c1.snap.jpg,0.85235983
2025-08-30 07:00:00,/Volumes/Argus/unk/snap/c1/1756537200.c1.snap.jpg,0.54234016
2025-08-30 14:30:00,/Volumes/Argus/unk/snap/c1/1756564200.c1.snap.jpg,0.5226114
2025-08-30 15:00:00,/Volumes/Argus/unk/snap/c1/1756566000.c1.snap.jpg,0.44838148
2025-08-30 15:30:00,/Volumes/Argus/unk/snap/c1/1756567800.c1.snap.jpg,0.38201997
2025-08-30 16:00:00,/Volumes/Argus/unk/snap/c1/1756569600.c1.snap.jpg,0.23243582
2025-08-30 16:30:00,/Volumes/Argus/unk/snap/c1/1756571400.c1.snap.jpg,0.29657674
2025-08-30 17:00:00,/Volumes/Argus/unk/snap/c1/1756573200.c1.snap.jpg,0.24322593
2025-08-30 17:30:00,/Volumes/Argus/unk/snap/c1/1756575000.c1.snap.jpg,0.29832414
2025-08-30 18:00:00,/Volumes/Argus/unk/snap/c1/1756576800.c1.snap.jpg,0.2662199
2025-08-30 18:30:00,/Volumes/Argus/unk/snap/c1/1756578600.c1.snap.jpg,0.28361914
2025-08-30 19:00:00,/Volumes/Argus/unk/snap/c1/1756580400.c1.snap.jpg,0.2711598
2025-08-30 19:30:00,/Volumes/Argus/unk/snap/c1/1756582200.c1.snap.jpg,0.30417168
2025-08-30 20:00:00,/Volumes/Argus/unk/snap/c1/1756584000.c1.snap.jpg,0.40617293
2025-08-30 21:00:00,/Volumes/Argus/unk/snap/c1/1756587600.c1.snap.jpg,0.37706566
2025-08-30 21:30:00,/Volumes/Argus/unk/snap/c1/1756589400.c1.snap.jpg,0.30893838
2025-08-30 22:00:00,/Volumes/Argus/unk/snap/c1/1756591200.c1.snap.jpg,0.29551804
2025-08-30 22:30:00,/Volumes/Argus/unk/snap/c1/1756593000.c1.snap.jpg,0.27471787
2025-08-30 23:00:00,/Volumes/Argus/unk/snap/c1/1756594800.c1.snap.jpg,0.32867554
2025-08-30 23:30:00,/Volumes/Argus/unk/snap/c1/1756596600.c1.snap.jpg,0.29699174
2025-08-31 00:00:00,/Volumes/Argus/unk/snap/c1/1756598400.c1.snap.jpg,0.2569787
2025-08-31 00:30:00,/Volumes/Argus/unk/snap/c1/1756600200.c1.snap.jpg,0.37022927
2025-08-31 01:00:00,/Volumes/Argus/unk/snap/c1/1756602000.c1.snap.jpg,0.28944594
2025-08-31 01:30:00,/Volumes/Argus/unk/snap/c1/1756603800.c1.snap.jpg,0.33652723
2025-08-31 02:00:00,/Volumes/Argus/unk/snap/c1/1756605600.c1.snap.jpg,0.33255523
2025-08-31 02:30:00,/Volumes/Argus/unk/snap/c1/1756607400.c1.snap.jpg,0.30778787
2025-08-31 03:00:00,/Volumes/Argus/unk/snap/c1/1756609200.c1.snap.jpg,0.27103943
2025-08-31 03:30:00,/Volumes/Argus/unk/snap/c1/1756611000.c1.snap.jpg,0.255133
2025-08-31 04:30:00,/Volumes/Argus/unk/snap/c1/1756614600.c1.snap.jpg,0.21242301
2025-08-31 05:00:00,/Volumes/Argus/unk/snap/c1/1756616400.c1.snap.jpg,0.22047682
2025-08-31 05:30:00,/Volumes/Argus/unk/snap/c1/1756618200.c1.snap.jpg,0.23077375
2025-08-31 06:00:00,/Volumes/Argus/unk/snap/c1/1756620000.c1.snap.jpg,0.24834703
2025-08-31 06:30:00,/Volumes/Argus/unk/snap/c1/1756621800.c1.snap.jpg,0.396984
2025-08-31 07:00:00,/Volumes/Argus/unk/snap/c1/1756623600.c1.snap.jpg,0.4864396
2025-08-31 14:30:00,/Volumes/Argus/unk/snap/c1/1756650600.c1.snap.jpg,0.91095144
2025-08-31 15:00:00,/Volumes/Argus/unk/snap/c1/1756652400.c1.snap.jpg,0.3349782
2025-08-31 15:30:00,/Volumes/Argus/unk/snap/c1/1756654200.c1.snap.jpg,0.32905275
2025-08-31 16:00:00,/Volumes/Argus/unk/snap/c1/1756656000.c1.snap.jpg,0.38351235
2025-08-31 16:30:00,/Volumes/Argus/unk/snap/c1/1756657800.c1.snap.jpg,0.2894965
2025-08-31 17:00:00,/Volumes/Argus/unk/snap/c1/1756659600.c1.snap.jpg,0.30102035
2025-08-31 17:30:00,/Volumes/Argus/unk/snap/c1/1756661400.c1.snap.jpg,0.4776873
2025-08-31 18:00:00,/Volumes/Argus/unk/snap/c1/1756663200.c1.snap.jpg,0.3587479
2025-08-31 18:30:00,/Volumes/Argus/unk/snap/c1/1756665000.c1.snap.jpg,0.4240294
2025-08-31 19:00:00,/Volumes/Argus/unk/snap/c1/1756666800.c1.snap.jpg,0.31623483
2025-08-31 19:30:00,/Volumes/Argus/unk/snap/c1/1756668600.c1.snap.jpg,0.26335496
2025-08-31 20:00:00,/Volumes/Argus/unk/snap/c1/1756670400.c1.snap.jpg,0.34992576
2025-08-31 20:30:00,/Volumes/Argus/unk/snap/c1/1756672200.c1.snap.jpg,0.25611085
2025-08-31 21:00:00,/Volumes/Argus/unk/snap/c1/1756674000.c1.snap.jpg,0.35611394
2025-08-31 21:30:00,/Volumes/Argus/unk/snap/c1/1756675800.c1.snap.jpg,0.31423762
2025-08-31 22:00:00,/Volumes/Argus/unk/snap/c1/1756677600.c1.snap.jpg,0.39489454
2025-08-31 22:30:00,/Volumes/Argus/unk/snap/c1/1756679400.c1.snap.jpg,0.33671427
2025-08-31 23:00:00,/Volumes/Argus/unk/snap/c1/1756681200.c1.snap.jpg,0.4071966
2025-08-31 23:30:00,/Volumes/Argus/unk/snap/c1/1756683000.c1.snap.jpg,0.42850077
2025-09-01 00:00:00,/Volumes/Argus/unk/snap/c1/1756684800.c1.snap.jpg,0.29504725
2025-09-01 00:30:00,/Volumes/Argus/unk/snap/c1/1756686600.c1.snap.jpg,0.48400655
2025-09-01 01:00:00,/Volumes/Argus/unk/snap/c1/1756688400.c1.snap.jpg,0.31580848
2025-09-01 01:30:00,/Volumes/Argus/unk/snap/c1/1756690200.c1.snap.jpg,0.4459969
2025-09-01 02:00:00,/Volumes/Argus/unk/snap/c1/1756692000.c1.snap.jpg,0.4614132
2025-09-01 02:30:00,/Volumes/Argus/unk/snap/c1/1756693800.c1.snap.jpg,0.42757148
2025-09-01 03:00:00,/Volumes/Argus/unk/snap/c1/1756695600.c1.snap.jpg,0.55078363
2025-09-01 03:30:00,/Volumes/Argus/unk/snap/c1/1756697400.c1.snap.jpg,0.8256961
2025-09-01 04:00:00,/Volumes/Argus/unk/snap/c1/1756699200.c1.snap.jpg,0.6368151
2025-09-01 04:30:00,/Volumes/Argus/unk/snap/c1/1756701000.c1.snap.jpg,0.5842813
2025-09-01 05:00:00,/Volumes/Argus/unk/snap/c1/1756702800.c1.snap.jpg,0.5918231
2025-09-01 05:30:00,/Volumes/Argus/unk/snap/c1/1756704600.c1.snap.jpg,0.6036324
2025-09-01 06:00:00,/Volumes/Argus/unk/snap/c1/1756706400.c1.snap.jpg,0.57959986
2025-09-01 06:30:00,/Volumes/Argus/unk/snap/c1/1756708200.c1.snap.jpg,0.29639268
2025-09-01 07:00:00,/Volumes/Argus/unk/snap/c1/1756710000.c1.snap.jpg,0.77697396
2025-09-01 15:00:00,/Volumes/Argus/unk/snap/c1/1756738800.c1.snap.jpg,0.59057784
2025-09-01 15:30:00,/Volumes/Argus/unk/snap/c1/1756740600.c1.snap.jpg,0.76605046
2025-09-01 16:00:00,/Volumes/Argus/unk/snap/c1/1756742400.c1.snap.jpg,0.6349833
2025-09-01 16:30:00,/Volumes/Argus/unk/snap/c1/1756744200.c1.snap.jpg,0.3711186
2025-09-01 17:00:00,/Volumes/Argus/unk/snap/c1/1756746000.c1.snap.jpg,0.55790913
2025-09-01 17:30:00,/Volumes/Argus/unk/snap/c1/1756747800.c1.snap.jpg,0.53696257
2025-09-01 18:00:00,/Volumes/Argus/unk/snap/c1/1756749600.c1.snap.jpg,0.40250218
2025-09-01 18:30:00,/Volumes/Argus/unk/snap/c1/1756751400.c1.snap.jpg,0.5014859
2025-09-01 19:00:00,/Volumes/Argus/unk/snap/c1/1756753200.c1.snap.jpg,0.35548
2025-09-01 19:30:00,/Volumes/Argus/unk/snap/c1/1756755000.c1.snap.jpg,0.4975102
2025-09-01 20:00:00,/Volumes/Argus/unk/snap/c1/1756756800.c1.snap.jpg,0.49395877
2025-09-01 20:30:00,/Volumes/Argus/unk/snap/c1/1756758600.c1.snap.jpg,0.6157567
2025-09-01 21:00:00,/Volumes/Argus/unk/snap/c1/1756760400.c1.snap.jpg,0.3889076
2025-09-01 21:30:00,/Volumes/Argus/unk/snap/c1/1756762200.c1.snap.jpg,0.5342521
2025-09-01 22:00:00,/Volumes/Argus/unk/snap/c1/1756764000.c1.snap.jpg,0.31397003
2025-09-01 22:30:00,/Volumes/Argus/unk/snap/c1/1756765800.c1.snap.jpg,0.4855056
2025-09-01 23:00:00,/Volumes/Argus/unk/snap/c1/1756767600.c1.snap.jpg,0.4027943
2025-09-01 23:30:00,/Volumes/Argus/unk/snap/c1/1756769400.c1.snap.jpg,0.4227605
2025-09-02 00:00:00,/Volumes/Argus/unk/snap/c1/1756771200.c1.snap.jpg,0.47527352
2025-09-02 00:30:00,/Volumes/Argus/unk/snap/c1/1756773000.c1.snap.jpg,0.55260295
2025-09-02 01:00:00,/Volumes/Argus/unk/snap/c1/1756774800.c1.snap.jpg,0.65053535
2025-09-02 01:30:00,/Volumes/Argus/unk/snap/c1/1756776600.c1.snap.jpg,0.5310383
2025-09-02 02:00:00,/Volumes/Argus/unk/snap/c1/1756778400.c1.snap.jpg,0.7113024
2025-09-02 02:30:00,/Volumes/Argus/unk/snap/c1/1756780200.c1.snap.jpg,0.7137822
2025-09-02 03:00:00,/Volumes/Argus/unk/snap/c1/1756782000.c1.snap.jpg,0.69546664
2025-09-02 03:30:00,/Volumes/Argus/unk/snap/c1/1756783800.c1.snap.jpg,0.4741312
2025-09-02 04:00:00,/Volumes/Argus/unk/snap/c1/1756785600.c1.snap.jpg,0.3945434
2025-09-02 04:30:00,/Volumes/Argus/unk/snap/c1/1756787400.c1.snap.jpg,0.63613343
2025-09-02 05:00:00,/Volumes/Argus/unk/snap/c1/1756789200.c1.snap.jpg,0.7878715
2025-09-02 05:30:00,/Volumes/Argus/unk/snap/c1/1756791000.c1.snap.jpg,0.76252043
2025-09-02 06:00:00,/Volumes/Argus/unk/snap/c1/1756792800.c1.snap.jpg,0.8571598
2025-09-02 06:30:00,/Volumes/Argus/unk/snap/c1/1756794600.c1.snap.jpg,0.55082667
2025-09-02 15:00:00,/Volumes/Argus/unk/snap/c1/1756825200.c1.snap.jpg,0.61276186
2025-09-02 15:30:00,/Volumes/Argus/unk/snap/c1/1756827000.c1.snap.jpg,0.6160676
2025-09-02 16:00:00,/Volumes/Argus/unk/snap/c1/1756828800.c1.snap.jpg,0.4816717
2025-09-02 16:30:00,/Volumes/Argus/unk/snap/c1/1756830600.c1.snap.jpg,0.39581263
2025-09-02 17:00:00,/Volumes/Argus/unk/snap/c1/1756832400.c1.snap.jpg,0.5006188
2025-09-02 17:30:00,/Volumes/Argus/unk/snap/c1/1756834200.c1.snap.jpg,0.40109146
2025-09-02 18:00:00,/Volumes/Argus/unk/snap/c1/1756836000.c1.snap.jpg,0.5127431
2025-09-02 18:30:00,/Volumes/Argus/unk/snap/c1/1756837800.c1.snap.jpg,0.5163157
2025-09-02 19:00:00,/Volumes/Argus/unk/snap/c1/1756839600.c1.snap.jpg,0.53375506
2025-09-02 19:30:00,/Volumes/Argus/unk/snap/c1/1756841400.c1.snap.jpg,0.4971565
2025-09-02 20:00:00,/Volumes/Argus/unk/snap/c1/1756843200.c1.snap.jpg,0.41915038
2025-09-02 20:30:00,/Volumes/Argus/unk/snap/c1/1756845000.c1.snap.jpg,0.5385297
2025-09-02 21:00:00,/Volumes/Argus/unk/snap/c1/1756846800.c1.snap.jpg,0.54202724
2025-09-02 21:30:00,/Volumes/Argus/unk/snap/c1/1756848600.c1.snap.jpg,0.5838607
2025-09-02 22:00:00,/Volumes/Argus/unk/snap/c1/1756850400.c1.snap.jpg,0.6985921
2025-09-02 22:30:00,/Volumes/Argus/unk/snap/c1/1756852200.c1.snap.jpg,0.68061227
2025-09-02 23:00:00,/Volumes/Argus/unk/snap/c1/1756854000.c1.snap.jpg,0.74490285
2025-09-02 23:30:00,/Volumes/Argus/unk/snap/c1/1756855800.c1.snap.jpg,0.71565676
2025-09-03 00:00:00,/Volumes/Argus/unk/snap/c1/1756857600.c1.snap.jpg,0.6778454
2025-09-03 00:30:00,/Volumes/Argus/unk/snap/c1/1756859400.c1.snap.jpg,0.52604055
2025-09-03 01:00:00,/Volumes/Argus/unk/snap/c1/1756861200.c1.snap.jpg,0.7942777
2025-09-03 02:00:00,/Volumes/Argus/unk/snap/c1/1756864800.c1.snap.jpg,0.6621001
2025-09-03 03:00:00,/Volumes/Argus/unk/snap/c1/1756868400.c1.snap.jpg,0.72931445
2025-09-03 03:30:00,/Volumes/Argus/unk/snap/c1/1756870200.c1.snap.jpg,0.4930792
2025-09-03 04:00:00,/Volumes/Argus/unk/snap/c1/1756872000.c1.snap.jpg,0.7564925
2025-09-03 04:30:00,/Volumes/Argus/unk/snap/c1/1756873800.c1.snap.jpg,0.6573434
2025-09-03 05:00:00,/Volumes/Argus/unk/snap/c1/1756875600.c1.snap.jpg,0.6475105
2025-09-03 06:00:00,/Volumes/Argus/unk/snap/c1/1756879200.c1.snap.jpg,0.69137895
2025-09-03 06:30:00,/Volumes/Argus/unk/snap/c1/1756881000.c1.snap.jpg,0.8390002
2025-09-03 15:00:00,/Volumes/Argus/unk/snap/c1/1756911600.c1.snap.jpg,0.33767208
2025-09-03 15:30:00,/Volumes/Argus/unk/snap/c1/1756913400.c1.snap.jpg,0.45702925
2025-09-03 16:00:00,/Volumes/Argus/unk/snap/c1/1756915200.c1.snap.jpg,0.46734455
2025-09-03 16:30:00,/Volumes/Argus/unk/snap/c1/1756917000.c1.snap.jpg,0.44227096
2025-09-03 17:00:00,/Volumes/Argus/unk/snap/c1/1756918800.c1.snap.jpg,0.37163872
2025-09-03 17:30:00,/Volumes/Argus/unk/snap/c1/1756920600.c1.snap.jpg,0.5988029
2025-09-03 18:00:00,/Volumes/Argus/unk/snap/c1/1756922400.c1.snap.jpg,0.36661258
2025-09-03 18:30:00,/Volumes/Argus/unk/snap/c1/1756924200.c1.snap.jpg,0.26651144
2025-09-03 19:00:00,/Volumes/Argus/unk/snap/c1/1756926000.c1.snap.jpg,0.30788583
2025-09-03 19:30:00,/Volumes/Argus/unk/snap/c1/1756927800.c1.snap.jpg,0.28825843
2025-09-03 20:00:00,/Volumes/Argus/unk/snap/c1/1756929600.c1.snap.jpg,0.22795929
2025-09-03 20:30:00,/Volumes/Argus/unk/snap/c1/1756931400.c1.snap.jpg,0.27440798
2025-09-03 21:00:00,/Volumes/Argus/unk/snap/c1/1756933200.c1.snap.jpg,0.28908375
2025-09-03 21:30:00,/Volumes/Argus/unk/snap/c1/1756935000.c1.snap.jpg,0.33459848
2025-09-03 22:00:00,/Volumes/Argus/unk/snap/c1/1756936800.c1.snap.jpg,0.39175293
2025-09-03 22:30:00,/Volumes/Argus/unk/snap/c1/1756938600.c1.snap.jpg,0.31194308
2025-09-03 23:00:00,/Volumes/Argus/unk/snap/c1/1756940400.c1.snap.jpg,0.30749834
2025-09-03 23:30:00,/Volumes/Argus/unk/snap/c1/1756942200.c1.snap.jpg,0.43263775
2025-09-04 00:00:00,/Volumes/Argus/unk/snap/c1/1756944000.c1.snap.jpg,0.4279951
2025-09-04 00:30:00,/Volumes/Argus/unk/snap/c1/1756945800.c1.snap.jpg,0.50770426
2025-09-04 01:00:00,/Volumes/Argus/unk/snap/c1/1756947600.c1.snap.jpg,0.41256407
2025-09-04 01:30:00,/Volumes/Argus/unk/snap/c1/1756949400.c1.snap.jpg,0.34612787
2025-09-04 02:00:00,/Volumes/Argus/unk/snap/c1/1756951200.c1.snap.jpg,0.41382694
2025-09-04 02:30:00,/Volumes/Argus/unk/snap/c1/1756953000.c1.snap.jpg,0.25898808
2025-09-04 03:00:00,/Volumes/Argus/unk/snap/c1/1756954800.c1.snap.jpg,0.2390983
2025-09-04 03:30:00,/Volumes/Argus/unk/snap/c1/1756956600.c1.snap.jpg,0.3002688
2025-09-04 04:00:00,/Volumes/Argus/unk/snap/c1/1756958400.c1.snap.jpg,0.43630755
2025-09-04 04:30:00,/Volumes/Argus/unk/snap/c1/1756960200.c1.snap.jpg,0.30408585
2025-09-04 05:00:00,/Volumes/Argus/unk/snap/c1/1756962000.c1.snap.jpg,0.23588654
2025-09-04 05:30:00,/Volumes/Argus/unk/snap/c1/1756963800.c1.snap.jpg,0.1786089
2025-09-04 06:00:00,/Volumes/Argus/unk/snap/c1/1756965600.c1.snap.jpg,0.23164299
2025-09-04 06:30:00,/Volumes/Argus/unk/snap/c1/1756967400.c1.snap.jpg,0.52479297
2025-09-04 15:00:00,/Volumes/Argus/unk/snap/c1/1756998000.c1.snap.jpg,0.42776817
2025-09-04 15:30:00,/Volumes/Argus/unk/snap/c1/1756999800.c1.snap.jpg,0.51534057
2025-09-04 16:00:00,/Volumes/Argus/unk/snap/c1/1757001600.c1.snap.jpg,0.6189678
2025-09-04 16:30:00,/Volumes/Argus/unk/snap/c1/1757003400.c1.snap.jpg,0.40320262
2025-09-04 17:00:00,/Volumes/Argus/unk/snap/c1/1757005200.c1.snap.jpg,0.49399626
2025-09-04 17:30:00,/Volumes/Argus/unk/snap/c1/1757007000.c1.snap.jpg,0.4696476
2025-09-04 18:00:00,/Volumes/Argus/unk/snap/c1/1757008800.c1.snap.jpg,0.69564617
2025-09-04 18:30:00,/Volumes/Argus/unk/snap/c1/1757010600.c1.snap.jpg,0.6376964
2025-09-04 19:00:00,/Volumes/Argus/unk/snap/c1/1757012400.c1.snap.jpg,0.4580575
2025-09-04 19:30:00,/Volumes/Argus/unk/snap/c1/1757014200.c1.snap.jpg,0.66511893
2025-09-04 20:00:00,/Volumes/Argus/unk/snap/c1/1757016000.c1.snap.jpg,0.6489809
2025-09-04 20:30:00,/Volumes/Argus/unk/snap/c1/1757017800.c1.snap.jpg,0.66627884
2025-09-04 21:00:00,/Volumes/Argus/unk/snap/c1/1757019600.c1.snap.jpg,0.41639996
2025-09-04 21:30:00,/Volumes/Argus/unk/snap/c1/1757021400.c1.snap.jpg,0.58982295
2025-09-04 22:00:00,/Volumes/Argus/unk/snap/c1/1757023200.c1.snap.jpg,0.65415525
2025-09-04 22:30:00,/Volumes/Argus/unk/snap/c1/1757025000.c1.snap.jpg,0.45454696
2025-09-04 23:00:00,/Volumes/Argus/unk/snap/c1/1757026800.c1.snap.jpg,0.5684162
2025-09-04 23:30:00,/Volumes/Argus/unk/snap/c1/1757028600.c1.snap.jpg,0.9097711
2025-09-05 00:00:00,/Volumes/Argus/unk/snap/c1/1757030400.c1.snap.jpg,0.72950596
2025-09-05 00:30:00,/Volumes/Argus/unk/snap/c1/1757032200.c1.snap.jpg,0.82219577
2025-09-05 01:00:00,/Volumes/Argus/unk/snap/c1/1757034000.c1.snap.jpg,0.63132775
2025-09-05 01:30:00,/Volumes/Argus/unk/snap/c1/1757035800.c1.snap.jpg,0.6440278
2025-09-05 02:00:00,/Volumes/Argus/unk/snap/c1/1757037600.c1.snap.jpg,0.8533996
2025-09-05 02:30:00,/Volumes/Argus/unk/snap/c1/1757039400.c1.snap.jpg,0.80393225
2025-09-05 03:00:00,/Volumes/Argus/unk/snap/c1/1757041200.c1.snap.jpg,0.8435831
2025-09-05 03:30:00,/Volumes/Argus/unk/snap/c1/1757043000.c1.snap.jpg,0.67271703
2025-09-05 04:00:00,/Volumes/Argus/unk/snap/c1/1757044800.c1.snap.jpg,0.7941335
2025-09-05 04:30:00,/Volumes/Argus/unk/snap/c1/1757046600.c1.snap.jpg,0.80523294
2025-09-05 05:00:00,/Volumes/Argus/unk/snap/c1/1757048400.c1.snap.jpg,0.8931879
2025-09-05 05:30:00,/Volumes/Argus/unk/snap/c1/1757050200.c1.snap.jpg,0.5456923
2025-09-05 06:00:00,/Volumes/Argus/unk/snap/c1/1757052000.c1.snap.jpg,0.67364603
2025-09-05 06:30:00,/Volumes/Argus/unk/snap/c1/1757053800.c1.snap.jpg,0.8808807
2025-09-05 15:00:00,/Volumes/Argus/unk/snap/c1/1757084400.c1.snap.jpg,0.92966753
2025-09-05 15:30:00,/Volumes/Argus/unk/snap/c1/1757086200.c1.snap.jpg,0.8738274
2025-09-05 16:00:00,/Volumes/Argus/unk/snap/c1/1757088000.c1.snap.jpg,0.78551126
2025-09-05 16:30:00,/Volumes/Argus/unk/snap/c1/1757089800.c1.snap.jpg,0.8929839
2025-09-05 17:00:00,/Volumes/Argus/unk/snap/c1/1757091600.c1.snap.jpg,0.6588825
2025-09-05 17:30:00,/Volumes/Argus/unk/snap/c1/1757093400.c1.snap.jpg,0.7013779
2025-09-05 18:00:00,/Volumes/Argus/unk/snap/c1/1757095200.c1.snap.jpg,0.7892729
2025-09-05 18:30:00,/Volumes/Argus/unk/snap/c1/1757097000.c1.snap.jpg,0.4488795
2025-09-05 19:00:00,/Volumes/Argus/unk/snap/c1/1757098800.c1.snap.jpg,0.4556015
2025-09-05 19:30:00,/Volumes/Argus/unk/snap/c1/1757100600.c1.snap.jpg,0.61786234
2025-09-05 20:00:00,/Volumes/Argus/unk/snap/c1/1757102400.c1.snap.jpg,0.6980831
2025-09-05 20:30:00,/Volumes/Argus/unk/snap/c1/1757104200.c1.snap.jpg,0.64655125
2025-09-05 21:00:00,/Volumes/Argus/unk/snap/c1/1757106000.c1.snap.jpg,0.4251716
2025-09-05 21:30:00,/Volumes/Argus/unk/snap/c1/1757107800.c1.snap.jpg,0.65099925
2025-09-05 22:00:00,/Volumes/Argus/unk/snap/c1/1757109600.c1.snap.jpg,0.5436453
2025-09-05 22:30:00,/Volumes/Argus/unk/snap/c1/1757111400.c1.snap.jpg,0.6993706
2025-09-05 23:00:00,/Volumes/Argus/unk/snap/c1/1757113200.c1.snap.jpg,0.37296858
2025-09-05 23:30:00,/Volumes/Argus/unk/snap/c1/1757115000.c1.snap.jpg,0.43016642
2025-09-06 00:00:00,/Volumes/Argus/unk/snap/c1/1757116800.c1.snap.jpg,0.3920455
2025-09-06 00:30:00,/Volumes/Argus/unk/snap/c1/1757118600.c1.snap.jpg,0.43069553
2025-09-06 01:00:00,/Volumes/Argus/unk/snap/c1/1757120400.c1.snap.jpg,0.2975689
2025-09-06 01:30:00,/Volumes/Argus/unk/snap/c1/1757122200.c1.snap.jpg,0.4059692
2025-09-06 02:00:00,/Volumes/Argus/unk/snap/c1/1757124000.c1.snap.jpg,0.36864382
2025-09-06 02:30:00,/Volumes/Argus/unk/snap/c1/1757125800.c1.snap.jpg,0.5974583
2025-09-06 03:00:00,/Volumes/Argus/unk/snap/c1/1757127600.c1.snap.jpg,0.39938664
2025-09-06 03:30:00,/Volumes/Argus/unk/snap/c1/1757129400.c1.snap.jpg,0.34518185
2025-09-06 04:00:00,/Volumes/Argus/unk/snap/c1/1757131200.c1.snap.jpg,0.35107332
2025-09-06 04:30:00,/Volumes/Argus/unk/snap/c1/1757133000.c1.snap.jpg,0.37969768
2025-09-06 05:00:00,/Volumes/Argus/unk/snap/c1/1757134800.c1.snap.jpg,0.4120609
2025-09-06 05:30:00,/Volumes/Argus/unk/snap/c1/1757136600.c1.snap.jpg,0.3537626
2025-09-06 06:00:00,/Volumes/Argus/unk/snap/c1/1757138400.c1.snap.jpg,0.3334067
2025-09-06 06:30:00,/Volumes/Argus/unk/snap/c1/1757140200.c1.snap.jpg,0.5454848
2025-09-06 15:00:00,/Volumes/Argus/unk/snap/c1/1757170800.c1.snap.jpg,0.54946536
2025-09-06 15:30:00,/Volumes/Argus/unk/snap/c1/1757172600.c1.snap.jpg,0.4048741
2025-09-06 16:00:00,/Volumes/Argus/unk/snap/c1/1757174400.c1.snap.jpg,0.3268454
2025-09-06 16:30:00,/Volumes/Argus/unk/snap/c1/1757176200.c1.snap.jpg,0.26640055
2025-09-06 17:00:00,/Volumes/Argus/unk/snap/c1/1757178000.c1.snap.jpg,0.22571461
2025-09-06 17:30:00,/Volumes/Argus/unk/snap/c1/1757179800.c1.snap.jpg,0.20550019
2025-09-06 18:00:00,/Volumes/Argus/unk/snap/c1/1757181600.c1.snap.jpg,0.29585135
2025-09-06 19:00:00,/Volumes/Argus/unk/snap/c1/1757185200.c1.snap.jpg,0.2642175
2025-09-06 19:30:00,/Volumes/Argus/unk/snap/c1/1757187000.c1.snap.jpg,0.24404678
2025-09-06 20:00:00,/Volumes/Argus/unk/snap/c1/1757188800.c1.snap.jpg,0.23958921
2025-09-06 20:30:00,/Volumes/Argus/unk/snap/c1/1757190600.c1.snap.jpg,0.2703991
2025-09-06 21:00:00,/Volumes/Argus/unk/snap/c1/1757192400.c1.snap.jpg,0.22602788
2025-09-06 21:30:00,/Volumes/Argus/unk/snap/c1/1757194200.c1.snap.jpg,0.34653592
2025-09-06 22:00:00,/Volumes/Argus/unk/snap/c1/1757196000.c1.snap.jpg,0.28260332
2025-09-06 22:30:00,/Volumes/Argus/unk/snap/c1/1757197800.c1.snap.jpg,0.31732124
2025-09-06 23:00:00,/Volumes/Argus/unk/snap/c1/1757199600.c1.snap.jpg,0.3147628
2025-09-06 23:30:00,/Volumes/Argus/unk/snap/c1/1757201400.c1.snap.jpg,0.39678413
2025-09-07 00:00:00,/Volumes/Argus/unk/snap/c1/1757203200.c1.snap.jpg,0.36364162
2025-09-07 00:30:00,/Volumes/Argus/unk/snap/c1/1757205000.c1.snap.jpg,0.45294297
2025-09-07 01:00:00,/Volumes/Argus/unk/snap/c1/1757206800.c1.snap.jpg,0.32744122
2025-09-07 01:30:00,/Volumes/Argus/unk/snap/c1/1757208600.c1.snap.jpg,0.4187078
2025-09-07 02:00:00,/Volumes/Argus/unk/snap/c1/1757210400.c1.snap.jpg,0.3123188
2025-09-07 02:30:00,/Volumes/Argus/unk/snap/c1/1757212200.c1.snap.jpg,0.49856555
2025-09-07 03:00:00,/Volumes/Argus/unk/snap/c1/1757214000.c1.snap.jpg,0.51953053
2025-09-07 03:30:00,/Volumes/Argus/unk/snap/c1/1757215800.c1.snap.jpg,0.40284196
2025-09-07 04:00:00,/Volumes/Argus/unk/snap/c1/1757217600.c1.snap.jpg,0.37306747
2025-09-07 04:30:00,/Volumes/Argus/unk/snap/c1/1757219400.c1.snap.jpg,0.24110663
2025-09-07 05:00:00,/Volumes/Argus/unk/snap/c1/1757221200.c1.snap.jpg,0.20751175
2025-09-07 05:30:00,/Volumes/Argus/unk/snap/c1/1757223000.c1.snap.jpg,0.2163869
2025-09-07 06:00:00,/Volumes/Argus/unk/snap/c1/1757224800.c1.snap.jpg,0.2252962
2025-09-07 06:30:00,/Volumes/Argus/unk/snap/c1/1757226600.c1.snap.jpg,0.9014424
2025-09-07 15:00:00,/Volumes/Argus/unk/snap/c1/1757257200.c1.snap.jpg,0.492037
2025-09-07 15:30:00,/Volumes/Argus/unk/snap/c1/1757259000.c1.snap.jpg,0.17843562
2025-09-07 16:00:00,/Volumes/Argus/unk/snap/c1/1757260800.c1.snap.jpg,0.20981199
2025-09-07 16:30:00,/Volumes/Argus/unk/snap/c1/1757262600.c1.snap.jpg,0.21443824
2025-09-07 17:00:00,/Volumes/Argus/unk/snap/c1/1757264400.c1.snap.jpg,0.2351802
2025-09-07 17:30:00,/Volumes/Argus/unk/snap/c1/1757266200.c1.snap.jpg,0.30194587
2025-09-07 18:00:00,/Volumes/Argus/unk/snap/c1/1757268000.c1.snap.jpg,0.23217241
2025-09-07 18:30:00,/Volumes/Argus/unk/snap/c1/1757269800.c1.snap.jpg,0.23184425
2025-09-07 19:00:00,/Volumes/Argus/unk/snap/c1/1757271600.c1.snap.jpg,0.28463715
2025-09-07 19:30:00,/Volumes/Argus/unk/snap/c1/1757273400.c1.snap.jpg,0.26825792
2025-09-07 20:00:00,/Volumes/Argus/unk/snap/c1/1757275200.c1.snap.jpg,0.2460092
2025-09-07 20:30:00,/Volumes/Argus/unk/snap/c1/1757277000.c1.snap.jpg,0.26094067
2025-09-07 21:00:00,/Volumes/Argus/unk/snap/c1/1757278800.c1.snap.jpg,0.22177614
2025-09-07 21:30:00,/Volumes/Argus/unk/snap/c1/1757280600.c1.snap.jpg,0.25416553
2025-09-07 22:00:00,/Volumes/Argus/unk/snap/c1/1757282400.c1.snap.jpg,0.2719361
2025-09-07 22:30:00,/Volumes/Argus/unk/snap/c1/1757284200.c1.snap.jpg,0.25323778
2025-09-07 23:00:00,/Volumes/Argus/unk/snap/c1/1757286000.c1.snap.jpg,0.2857417
2025-09-07 23:30:00,/Volumes/Argus/unk/snap/c1/1757287800.c1.snap.jpg,0.23302582
2025-09-08 00:00:00,/Volumes/Argus/unk/snap/c1/1757289600.c1.snap.jpg,0.3601276
2025-09-08 00:30:00,/Volumes/Argus/unk/snap/c1/1757291400.c1.snap.jpg,0.4066087
2025-09-08 01:00:00,/Volumes/Argus/unk/snap/c1/1757293200.c1.snap.jpg,0.49449852
2025-09-08 01:30:00,/Volumes/Argus/unk/snap/c1/1757295000.c1.snap.jpg,0.44966888
2025-09-08 02:00:00,/Volumes/Argus/unk/snap/c1/1757296800.c1.snap.jpg,0.45603585
2025-09-08 02:30:00,/Volumes/Argus/unk/snap/c1/1757298600.c1.snap.jpg,0.32053798
2025-09-08 03:30:00,/Volumes/Argus/unk/snap/c1/1757302200.c1.snap.jpg,0.43927082
2025-09-08 04:00:00,/Volumes/Argus/unk/snap/c1/1757304000.c1.snap.jpg,0.54857296
2025-09-08 04:30:00,/Volumes/Argus/unk/snap/c1/1757305800.c1.snap.jpg,0.4886337
2025-09-08 05:00:00,/Volumes/Argus/unk/snap/c1/1757307600.c1.snap.jpg,0.42554474
2025-09-08 05:30:00,/Volumes/Argus/unk/snap/c1/1757309400.c1.snap.jpg,0.73361975
2025-09-08 06:00:00,/Volumes/Argus/unk/snap/c1/1757311200.c1.snap.jpg,0.44314766
2025-09-08 06:30:00,/Volumes/Argus/unk/snap/c1/1757313000.c1.snap.jpg,0.9264465
2025-09-08 15:00:00,/Volumes/Argus/unk/snap/c1/1757343600.c1.snap.jpg,0.60254544
2025-09-08 15:30:00,/Volumes/Argus/unk/snap/c1/1757345400.c1.snap.jpg,0.2484706
2025-09-08 16:00:00,/Volumes/Argus/unk/snap/c1/1757347200.c1.snap.jpg,0.1994013
2025-09-08 16:30:00,/Volumes/Argus/unk/snap/c1/1757349000.c1.snap.jpg,0.2162412
2025-09-08 17:00:00,/Volumes/Argus/unk/snap/c1/1757350800.c1.snap.jpg,0.25297752
2025-09-08 17:30:00,/Volumes/Argus/unk/snap/c1/1757352600.c1.snap.jpg,0.38675556
2025-09-08 18:00:00,/Volumes/Argus/unk/snap/c1/1757354400.c1.snap.jpg,0.23286617
2025-09-08 18:30:00,/Volumes/Argus/unk/snap/c1/1757356200.c1.snap.jpg,0.20061001
2025-09-08 19:00:00,/Volumes/Argus/unk/snap/c1/1757358000.c1.snap.jpg,0.31989622
2025-09-08 19:30:00,/Volumes/Argus/unk/snap/c1/1757359800.c1.snap.jpg,0.3739024
2025-09-08 20:00:00,/Volumes/Argus/unk/snap/c1/1757361600.c1.snap.jpg,0.26221275
2025-09-08 20:30:00,/Volumes/Argus/unk/snap/c1/1757363400.c1.snap.jpg,0.3754769
2025-09-08 21:00:00,/Volumes/Argus/unk/snap/c1/1757365200.c1.snap.jpg,0.42946804
2025-09-08 22:00:00,/Volumes/Argus/unk/snap/c1/1757368800.c1.snap.jpg,0.35508788
2025-09-08 22:30:00,/Volumes/Argus/unk/snap/c1/1757370600.c1.snap.jpg,0.283397
2025-09-08 23:00:00,/Volumes/Argus/unk/snap/c1/1757372400.c1.snap.jpg,0.37672907
2025-09-08 23:30:00,/Volumes/Argus/unk/snap/c1/1757374200.c1.snap.jpg,0.37269634
2025-09-09 00:00:00,/Volumes/Argus/unk/snap/c1/1757376000.c1.snap.jpg,0.3513441
2025-09-09 00:30:00,/Volumes/Argus/unk/snap/c1/1757377800.c1.snap.jpg,0.36349848
2025-09-09 01:00:00,/Volumes/Argus/unk/snap/c1/1757379600.c1.snap.jpg,0.38082796
2025-09-09 01:30:00,/Volumes/Argus/unk/snap/c1/1757381400.c1.snap.jpg,0.43114358
2025-09-09 02:00:00,/Volumes/Argus/unk/snap/c1/1757383200.c1.snap.jpg,0.3872648
2025-09-09 02:30:00,/Volumes/Argus/unk/snap/c1/1757385000.c1.snap.jpg,0.40034872
2025-09-09 03:00:00,/Volumes/Argus/unk/snap/c1/1757386800.c1.snap.jpg,0.5448875
2025-09-09 03:30:00,/Volumes/Argus/unk/snap/c1/1757388600.c1.snap.jpg,0.48304588
2025-09-09 04:00:00,/Volumes/Argus/unk/snap/c1/1757390400.c1.snap.jpg,0.5891891
2025-09-09 04:30:00,/Volumes/Argus/unk/snap/c1/1757392200.c1.snap.jpg,0.5224304
2025-09-09 05:00:00,/Volumes/Argus/unk/snap/c1/1757394000.c1.snap.jpg,0.48335505
2025-09-09 05:30:00,/Volumes/Argus/unk/snap/c1/1757395800.c1.snap.jpg,0.4577882
2025-09-09 06:00:00,/Volumes/Argus/unk/snap/c1/1757397600.c1.snap.jpg,0.48372653
2025-09-09 15:30:00,/Volumes/Argus/unk/snap/c1/1757431800.c1.snap.jpg,0.24028511
2025-09-09 16:00:00,/Volumes/Argus/unk/snap/c1/1757433600.c1.snap.jpg,0.23772453
2025-09-09 16:30:00,/Volumes/Argus/unk/snap/c1/1757435400.c1.snap.jpg,0.2979856
2025-09-09 17:00:00,/Volumes/Argus/unk/snap/c1/1757437200.c1.snap.jpg,0.42784482
2025-09-09 17:30:00,/Volumes/Argus/unk/snap/c1/1757439000.c1.snap.jpg,0.3415485
2025-09-09 18:00:00,/Volumes/Argus/unk/snap/c1/1757440800.c1.snap.jpg,0.5573944
2025-09-09 18:30:00,/Volumes/Argus/unk/snap/c1/1757442600.c1.snap.jpg,0.6505554
2025-09-09 19:00:00,/Volumes/Argus/unk/snap/c1/1757444400.c1.snap.jpg,0.62862176
2025-09-09 19:30:00,/Volumes/Argus/unk/snap/c1/1757446200.c1.snap.jpg,0.60676354
2025-09-09 20:00:00,/Volumes/Argus/unk/snap/c1/1757448000.c1.snap.jpg,0.41768694
2025-09-09 20:30:00,/Volumes/Argus/unk/snap/c1/1757449800.c1.snap.jpg,0.6078789
2025-09-09 21:00:00,/Volumes/Argus/unk/snap/c1/1757451600.c1.snap.jpg,0.5787052
2025-09-09 22:00:00,/Volumes/Argus/unk/snap/c1/1757455200.c1.snap.jpg,0.35333583
2025-09-09 22:30:00,/Volumes/Argus/unk/snap/c1/1757457000.c1.snap.jpg,0.50327796
2025-09-09 23:00:00,/Volumes/Argus/unk/snap/c1/1757458800.c1.snap.jpg,0.38867933
2025-09-09 23:30:00,/Volumes/Argus/unk/snap/c1/1757460600.c1.snap.jpg,0.4610442
2025-09-10 00:00:00,/Volumes/Argus/unk/snap/c1/1757462400.c1.snap.jpg,0.4537801
2025-09-10 00:30:00,/Volumes/Argus/unk/snap/c1/1757464200.c1.snap.jpg,0.7297933
2025-09-10 01:00:00,/Volumes/Argus/unk/snap/c1/1757466000.c1.snap.jpg,0.67045236
2025-09-10 01:30:00,/Volumes/Argus/unk/snap/c1/1757467800.c1.snap.jpg,0.701679
2025-09-10 02:00:00,/Volumes/Argus/unk/snap/c1/1757469600.c1.snap.jpg,0.7523124
2025-09-10 02:30:00,/Volumes/Argus/unk/snap/c1/1757471400.c1.snap.jpg,0.6240897
2025-09-10 03:00:00,/Volumes/Argus/unk/snap/c1/1757473200.c1.snap.jpg,0.73472154
2025-09-10 03:30:00,/Volumes/Argus/unk/snap/c1/1757475000.c1.snap.jpg,0.62425244
2025-09-10 04:00:00,/Volumes/Argus/unk/snap/c1/1757476800.c1.snap.jpg,0.583359
2025-09-10 04:30:00,/Volumes/Argus/unk/snap/c1/1757478600.c1.snap.jpg,0.65307474
2025-09-10 05:00:00,/Volumes/Argus/unk/snap/c1/1757480400.c1.snap.jpg,0.67187685
2025-09-10 05:30:00,/Volumes/Argus/unk/snap/c1/1757482200.c1.snap.jpg,0.5043162
2025-09-10 06:00:00,/Volumes/Argus/unk/snap/c1/1757484000.c1.snap.jpg,0.6719664
2025-09-10 15:30:00,/Volumes/Argus/unk/snap/c1/1757518200.c1.snap.jpg,0.41191405
2025-09-10 16:00:00,/Volumes/Argus/unk/snap/c1/1757520000.c1.snap.jpg,0.52820456
2025-09-10 16:30:00,/Volumes/Argus/unk/snap/c1/1757521800.c1.snap.jpg,0.6891359
2025-09-10 17:00:00,/Volumes/Argus/unk/snap/c1/1757523600.c1.snap.jpg,0.6590345
2025-09-10 17:30:00,/Volumes/Argus/unk/snap/c1/1757525400.c1.snap.jpg,0.45881355
2025-09-10 18:00:00,/Volumes/Argus/unk/snap/c1/1757527200.c1.snap.jpg,0.52272
2025-09-10 18:30:00,/Volumes/Argus/unk/snap/c1/1757529000.c1.snap.jpg,0.36462796
2025-09-10 19:00:00,/Volumes/Argus/unk/snap/c1/1757530800.c1.snap.jpg,0.55603135
2025-09-10 19:30:00,/Volumes/Argus/unk/snap/c1/1757532600.c1.snap.jpg,0.63114345
2025-09-10 20:00:00,/Volumes/Argus/unk/snap/c1/1757534400.c1.snap.jpg,0.7662538
2025-09-10 20:30:00,/Volumes/Argus/unk/snap/c1/1757536200.c1.snap.jpg,0.46992415
2025-09-10 21:00:00,/Volumes/Argus/unk/snap/c1/1757538000.c1.snap.jpg,0.6951897
2025-09-10 21:30:00,/Volumes/Argus/unk/snap/c1/1757539800.c1.snap.jpg,0.75833124
2025-09-10 22:00:00,/Volumes/Argus/unk/snap/c1/1757541600.c1.snap.jpg,0.64350355
2025-09-10 22:30:00,/Volumes/Argus/unk/snap/c1/1757543400.c1.snap.jpg,0.62447107
2025-09-10 23:00:00,/Volumes/Argus/unk/snap/c1/1757545200.c1.snap.jpg,0.7341411
2025-09-10 23:30:00,/Volumes/Argus/unk/snap/c1/1757547000.c1.snap.jpg,0.6747853
2025-09-11 00:00:00,/Volumes/Argus/unk/snap/c1/1757548800.c1.snap.jpg,0.74860764
2025-09-11 00:30:00,/Volumes/Argus/unk/snap/c1/1757550600.c1.snap.jpg,0.64896095
2025-09-11 01:00:00,/Volumes/Argus/unk/snap/c1/1757552400.c1.snap.jpg,0.56536454
2025-09-11 01:30:00,/Volumes/Argus/unk/snap/c1/1757554200.c1.snap.jpg,0.6104785
2025-09-11 02:00:00,/Volumes/Argus/unk/snap/c1/1757556000.c1.snap.jpg,0.5075377
2025-09-11 02:30:00,/Volumes/Argus/unk/snap/c1/1757557800.c1.snap.jpg,0.48691487
2025-09-11 03:00:00,/Volumes/Argus/unk/snap/c1/1757559600.c1.snap.jpg,0.64106876
2025-09-11 03:30:00,/Volumes/Argus/unk/snap/c1/1757561400.c1.snap.jpg,0.5472019
2025-09-11 04:00:00,/Volumes/Argus/unk/snap/c1/1757563200.c1.snap.jpg,0.46778885
2025-09-11 04:30:00,/Volumes/Argus/unk/snap/c1/1757565000.c1.snap.jpg,0.5693532
2025-09-11 05:00:00,/Volumes/Argus/unk/snap/c1/1757566800.c1.snap.jpg,0.40228525
2025-09-11 05:30:00,/Volumes/Argus/unk/snap/c1/1757568600.c1.snap.jpg,0.70901585
2025-09-11 06:00:00,/Volumes/Argus/unk/snap/c1/1757570400.c1.snap.jpg,0.56049633
2025-09-11 15:30:00,/Volumes/Argus/unk/snap/c1/1757604600.c1.snap.jpg,0.6596866
2025-09-11 16:00:00,/Volumes/Argus/unk/snap/c1/1757606400.c1.snap.jpg,1.0387214
2025-09-11 16:30:00,/Volumes/Argus/unk/snap/c1/1757608200.c1.snap.jpg,0.8283184
2025-09-11 17:00:00,/Volumes/Argus/unk/snap/c1/1757610000.c1.snap.jpg,1.0684972
2025-09-11 17:30:00,/Volumes/Argus/unk/snap/c1/1757611800.c1.snap.jpg,0.8850051
2025-09-11 18:00:00,/Volumes/Argus/unk/snap/c1/1757613600.c1.snap.jpg,0.7990163
2025-09-11 18:30:00,/Volumes/Argus/unk/snap/c1/1757615400.c1.snap.jpg,0.8290759
2025-09-11 19:00:00,/Volumes/Argus/unk/snap/c1/1757617200.c1.snap.jpg,0.69315994
2025-09-11 19:30:00,/Volumes/Argus/unk/snap/c1/1757619000.c1.snap.jpg,0.7313816
2025-09-11 20:00:00,/Volumes/Argus/unk/snap/c1/1757620800.c1.snap.jpg,0.74065775
2025-09-11 20:30:00,/Volumes/Argus/unk/snap/c1/1757622600.c1.snap.jpg,0.84483373
2025-09-11 21:00:00,/Volumes/Argus/unk/snap/c1/1757624400.c1.snap.jpg,0.7283594
2025-09-11 21:30:00,/Volumes/Argus/unk/snap/c1/1757626200.c1.snap.jpg,0.9483387
2025-09-11 22:00:00,/Volumes/Argus/unk/snap/c1/1757628000.c1.snap.jpg,1.1665936
2025-09-11 22:30:00,/Volumes/Argus/unk/snap/c1/1757629800.c1.snap.jpg,0.8205811
2025-09-11 23:00:00,/Volumes/Argus/unk/snap/c1/1757631600.c1.snap.jpg,0.93472314
2025-09-12 00:00:00,/Volumes/Argus/unk/snap/c1/1757635200.c1.snap.jpg,0.7520884
2025-09-12 00:30:00,/Volumes/Argus/unk/snap/c1/1757637000.c1.snap.jpg,0.65758926
2025-09-12 01:00:00,/Volumes/Argus/unk/snap/c1/1757638800.c1.snap.jpg,0.79338205
2025-09-12 01:30:00,/Volumes/Argus/unk/snap/c1/1757640600.c1.snap.jpg,0.6217221
2025-09-12 02:00:00,/Volumes/Argus/unk/snap/c1/1757642400.c1.snap.jpg,0.7392826
2025-09-12 02:30:00,/Volumes/Argus/unk/snap/c1/1757644200.c1.snap.jpg,0.70369613
2025-09-12 03:00:00,/Volumes/Argus/unk/snap/c1/1757646000.c1.snap.jpg,0.8028767
2025-09-12 03:30:00,/Volumes/Argus/unk/snap/c1/1757647800.c1.snap.jpg,0.7306141
2025-09-12 04:00:00,/Volumes/Argus/unk/snap/c1/1757649600.c1.snap.jpg,0.41222674
2025-09-12 04:30:00,/Volumes/Argus/unk/snap/c1/1757651400.c1.snap.jpg,0.55975187
2025-09-12 05:00:00,/Volumes/Argus/unk/snap/c1/1757653200.c1.snap.jpg,0.8153157
2025-09-12 05:30:00,/Volumes/Argus/unk/snap/c1/1757655000.c1.snap.jpg,0.54952586
2025-09-12 06:00:00,/Volumes/Argus/unk/snap/c1/1757656800.c1.snap.jpg,0.6483202
2025-09-12 15:30:00,/Volumes/Argus/unk/snap/c1/1757691000.c1.snap.jpg,0.6732993
2025-09-12 16:00:00,/Volumes/Argus/unk/snap/c1/1757692800.c1.snap.jpg,0.73025954
2025-09-12 16:30:00,/Volumes/Argus/unk/snap/c1/1757694600.c1.snap.jpg,0.7033693
2025-09-12 17:00:00,/Volumes/Argus/unk/snap/c1/1757696400.c1.snap.jpg,0.61135566
2025-09-12 17:30:00,/Volumes/Argus/unk/snap/c1/1757698200.c1.snap.jpg,0.4265678
2025-09-12 18:00:00,/Volumes/Argus/unk/snap/c1/1757700000.c1.snap.jpg,0.49915394
2025-09-12 18:30:00,/Volumes/Argus/unk/snap/c1/1757701800.c1.snap.jpg,0.35705665
2025-09-12 19:00:00,/Volumes/Argus/unk/snap/c1/1757703600.c1.snap.jpg,0.33541715
2025-09-12 19:30:00,/Volumes/Argus/unk/snap/c1/1757705400.c1.snap.jpg,0.32633615
2025-09-12 20:00:00,/Volumes/Argus/unk/snap/c1/1757707200.c1.snap.jpg,0.45701924
2025-09-12 20:30:00,/Volumes/Argus/unk/snap/c1/1757709000.c1.snap.jpg,0.48523885
2025-09-12 21:00:00,/Volumes/Argus/unk/snap/c1/1757710800.c1.snap.jpg,0.39866883
2025-09-12 21:30:00,/Volumes/Argus/unk/snap/c1/1757712600.c1.snap.jpg,0.32815576
2025-09-12 22:00:00,/Volumes/Argus/unk/snap/c1/1757714400.c1.snap.jpg,0.3343367
2025-09-12 22:30:00,/Volumes/Argus/unk/snap/c1/1757716200.c1.snap.jpg,0.25996816
2025-09-12 23:00:00,/Volumes/Argus/unk/snap/c1/1757718000.c1.snap.jpg,0.34675437
2025-09-12 23:30:00,/Volumes/Argus/unk/snap/c1/1757719800.c1.snap.jpg,0.34376758
2025-09-13 00:00:00,/Volumes/Argus/unk/snap/c1/1757721600.c1.snap.jpg,0.41685694
2025-09-13 00:30:00,/Volumes/Argus/unk/snap/c1/1757723400.c1.snap.jpg,0.39261758
2025-09-13 01:00:00,/Volumes/Argus/unk/snap/c1/1757725200.c1.snap.jpg,0.44650233
2025-09-13 01:30:00,/Volumes/Argus/unk/snap/c1/1757727000.c1.snap.jpg,0.43822157
2025-09-13 02:00:00,/Volumes/Argus/unk/snap/c1/1757728800.c1.snap.jpg,0.4764877
2025-09-13 02:30:00,/Volumes/Argus/unk/snap/c1/1757730600.c1.snap.jpg,0.36640087
2025-09-13 03:00:00,/Volumes/Argus/unk/snap/c1/1757732400.c1.snap.jpg,0.5645976
2025-09-13 03:30:00,/Volumes/Argus/unk/snap/c1/1757734200.c1.snap.jpg,0.47119552
2025-09-13 04:00:00,/Volumes/Argus/unk/snap/c1/1757736000.c1.snap.jpg,0.5164012
2025-09-13 04:30:00,/Volumes/Argus/unk/snap/c1/1757737800.c1.snap.jpg,0.4541139
2025-09-13 05:00:00,/Volumes/Argus/unk/snap/c1/1757739600.c1.snap.jpg,0.43027306
2025-09-13 05:30:00,/Volumes/Argus/unk/snap/c1/1757741400.c1.snap.jpg,0.5373311
2025-09-13 06:00:00,/Volumes/Argus/unk/snap/c1/1757743200.c1.snap.jpg,0.5335113
2025-09-13 15:30:00,/Volumes/Argus/unk/snap/c1/1757777400.c1.snap.jpg,0.3366043
2025-09-13 16:00:00,/Volumes/Argus/unk/snap/c1/1757779200.c1.snap.jpg,0.27848607
2025-09-13 17:00:00,/Volumes/Argus/unk/snap/c1/1757782800.c1.snap.jpg,0.37590265
2025-09-13 17:30:00,/Volumes/Argus/unk/snap/c1/1757784600.c1.snap.jpg,0.28507626
2025-09-13 18:00:00,/Volumes/Argus/unk/snap/c1/1757786400.c1.snap.jpg,0.243271
2025-09-13 18:30:00,/Volumes/Argus/unk/snap/c1/1757788200.c1.snap.jpg,0.27255088
2025-09-13 19:00:00,/Volumes/Argus/unk/snap/c1/1757790000.c1.snap.jpg,0.3342806
2025-09-13 19:30:00,/Volumes/Argus/unk/snap/c1/1757791800.c1.snap.jpg,0.23313174
2025-09-13 20:00:00,/Volumes/Argus/unk/snap/c1/1757793600.c1.snap.jpg,0.302886
2025-09-13 20:30:00,/Volumes/Argus/unk/snap/c1/1757795400.c1.snap.jpg,0.23608647
2025-09-13 21:00:00,/Volumes/Argus/unk/snap/c1/1757797200.c1.snap.jpg,0.28353316
2025-09-13 21:30:00,/Volumes/Argus/unk/snap/c1/1757799000.c1.snap.jpg,0.2768378
2025-09-13 22:00:00,/Volumes/Argus/unk/snap/c1/1757800800.c1.snap.jpg,0.4268186
2025-09-13 22:30:00,/Volumes/Argus/unk/snap/c1/1757802600.c1.snap.jpg,0.3747757
2025-09-13 23:00:00,/Volumes/Argus/unk/snap/c1/1757804400.c1.snap.jpg,0.33750325
2025-09-13 23:30:00,/Volumes/Argus/unk/snap/c1/1757806200.c1.snap.jpg,0.33775896
2025-09-14 00:00:00,/Volumes/Argus/unk/snap/c1/1757808000.c1.snap.jpg,0.34196287
2025-09-14 00:30:00,/Volumes/Argus/unk/snap/c1/1757809800.c1.snap.jpg,0.29058355
2025-09-14 01:00:00,/Volumes/Argus/unk/snap/c1/1757811600.c1.snap.jpg,0.3402117
2025-09-14 01:30:00,/Volumes/Argus/unk/snap/c1/1757813400.c1.snap.jpg,0.3284307
2025-09-14 02:30:00,/Volumes/Argus/unk/snap/c1/1757817000.c1.snap.jpg,0.35120893
2025-09-14 03:00:00,/Volumes/Argus/unk/snap/c1/1757818800.c1.snap.jpg,0.37219042
2025-09-14 04:00:00,/Volumes/Argus/unk/snap/c1/1757822400.c1.snap.jpg,0.50837266
2025-09-14 05:00:00,/Volumes/Argus/unk/snap/c1/1757826000.c1.snap.jpg,0.4859627
2025-09-14 05:30:00,/Volumes/Argus/unk/snap/c1/1757827800.c1.snap.jpg,0.42538038
2025-09-14 06:00:00,/Volumes/Argus/unk/snap/c1/1757829600.c1.snap.jpg,0.43523395
2025-09-14 15:30:00,/Volumes/Argus/unk/snap/c1/1757863800.c1.snap.jpg,0.52150273
2025-09-14 16:00:00,/Volumes/Argus/unk/snap/c1/1757865600.c1.snap.jpg,0.3404544
2025-09-14 16:30:00,/Volumes/Argus/unk/snap/c1/1757867400.c1.snap.jpg,0.32259443
2025-09-14 17:00:00,/Volumes/Argus/unk/snap/c1/1757869200.c1.snap.jpg,0.3363308
2025-09-14 17:30:00,/Volumes/Argus/unk/snap/c1/1757871000.c1.snap.jpg,0.31589103
2025-09-14 18:00:00,/Volumes/Argus/unk/snap/c1/1757872800.c1.snap.jpg,0.33477867
2025-09-14 18:30:00,/Volumes/Argus/unk/snap/c1/1757874600.c1.snap.jpg,0.35759872
2025-09-14 19:00:00,/Volumes/Argus/unk/snap/c1/1757876400.c1.snap.jpg,0.4118235
2025-09-14 19:30:00,/Volumes/Argus/unk/snap/c1/1757878200.c1.snap.jpg,0.44273272
2025-09-14 20:00:00,/Volumes/Argus/unk/snap/c1/1757880000.c1.snap.jpg,0.55827004
2025-09-14 20:30:00,/Volumes/Argus/unk/snap/c1/1757881800.c1.snap.jpg,0.553744
2025-09-14 21:00:00,/Volumes/Argus/unk/snap/c1/1757883600.c1.snap.jpg,0.45367637
2025-09-14 21:30:00,/Volumes/Argus/unk/snap/c1/1757885400.c1.snap.jpg,0.31463334
2025-09-14 22:00:00,/Volumes/Argus/unk/snap/c1/1757887200.c1.snap.jpg,0.28084302
2025-09-14 22:30:00,/Volumes/Argus/unk/snap/c1/1757889000.c1.snap.jpg,0.29659906
2025-09-14 23:00:00,/Volumes/Argus/unk/snap/c1/1757890800.c1.snap.jpg,0.358886
2025-09-14 23:30:00,/Volumes/Argus/unk/snap/c1/1757892600.c1.snap.jpg,0.34414336
2025-09-15 00:00:00,/Volumes/Argus/unk/snap/c1/1757894400.c1.snap.jpg,0.44010445
2025-09-15 00:30:00,/Volumes/Argus/unk/snap/c1/1757896200.c1.snap.jpg,0.51641685
2025-09-15 01:00:00,/Volumes/Argus/unk/snap/c1/1757898000.c1.snap.jpg,0.5084989
2025-09-15 01:30:00,/Volumes/Argus/unk/snap/c1/1757899800.c1.snap.jpg,0.48284566
2025-09-15 02:00:00,/Volumes/Argus/unk/snap/c1/1757901600.c1.snap.jpg,0.5147136
2025-09-15 02:30:00,/Volumes/Argus/unk/snap/c1/1757903400.c1.snap.jpg,0.63606024
2025-09-15 03:00:00,/Volumes/Argus/unk/snap/c1/1757905200.c1.snap.jpg,0.6303048
2025-09-15 04:00:00,/Volumes/Argus/unk/snap/c1/1757908800.c1.snap.jpg,0.5564976
2025-09-15 04:30:00,/Volumes/Argus/unk/snap/c1/1757910600.c1.snap.jpg,0.55465746
2025-09-15 05:00:00,/Volumes/Argus/unk/snap/c1/1757912400.c1.snap.jpg,0.5115615
2025-09-15 05:30:00,/Volumes/Argus/unk/snap/c1/1757914200.c1.snap.jpg,0.43857968
2025-09-15 06:00:00,/Volumes/Argus/unk/snap/c1/1757916000.c1.snap.jpg,0.44347987
2025-09-15 15:30:00,/Volumes/Argus/unk/snap/c1/1757950200.c1.snap.jpg,0.4781687
2025-09-15 16:00:00,/Volumes/Argus/unk/snap/c1/1757952000.c1.snap.jpg,0.32610875
2025-09-15 16:30:00,/Volumes/Argus/unk/snap/c1/1757953800.c1.snap.jpg,0.43879032
2025-09-15 17:00:00,/Volumes/Argus/unk/snap/c1/1757955600.c1.snap.jpg,0.39725396
2025-09-15 17:30:00,/Volumes/Argus/unk/snap/c1/1757957400.c1.snap.jpg,0.37751782
2025-09-15 18:00:00,/Volumes/Argus/unk/snap/c1/1757959200.c1.snap.jpg,0.3604219
2025-09-15 18:30:00,/Volumes/Argus/unk/snap/c1/1757961000.c1.snap.jpg,0.29133952
2025-09-15 19:00:00,/Volumes/Argus/unk/snap/c1/1757962800.c1.snap.jpg,0.3522104
2025-09-15 19:30:00,/Volumes/Argus/unk/snap/c1/1757964600.c1.snap.jpg,0.45151326
2025-09-15 20:00:00,/Volumes/Argus/unk/snap/c1/1757966400.c1.snap.jpg,0.34933737
2025-09-15 20:30:00,/Volumes/Argus/unk/snap/c1/1757968200.c1.snap.jpg,0.38714817
2025-09-15 21:00:00,/Volumes/Argus/unk/snap/c1/1757970000.c1.snap.jpg,0.43959886
2025-09-15 21:30:00,/Volumes/Argus/unk/snap/c1/1757971800.c1.snap.jpg,0.43318772
2025-09-15 22:00:00,/Volumes/Argus/unk/snap/c1/1757973600.c1.snap.jpg,0.39742765
2025-09-15 22:30:00,/Volumes/Argus/unk/snap/c1/1757975400.c1.snap.jpg,0.38558453
2025-09-15 23:00:00,/Volumes/Argus/unk/snap/c1/1757977200.c1.snap.jpg,0.59432447
2025-09-15 23:30:00,/Volumes/Argus/unk/snap/c1/1757979000.c1.snap.jpg,0.54233104
2025-09-16 00:00:00,/Volumes/Argus/unk/snap/c1/1757980800.c1.snap.jpg,0.5832859
2025-09-16 00:30:00,/Volumes/Argus/unk/snap/c1/1757982600.c1.snap.jpg,0.6327512
2025-09-16 01:00:00,/Volumes/Argus/unk/snap/c1/1757984400.c1.snap.jpg,0.62850595
2025-09-16 01:30:00,/Volumes/Argus/unk/snap/c1/1757986200.c1.snap.jpg,0.5722291
2025-09-16 02:00:00,/Volumes/Argus/unk/snap/c1/1757988000.c1.snap.jpg,0.59830064
2025-09-16 02:30:00,/Volumes/Argus/unk/snap/c1/1757989800.c1.snap.jpg,0.61261404
2025-09-16 03:00:00,/Volumes/Argus/unk/snap/c1/1757991600.c1.snap.jpg,0.67925775
2025-09-16 03:30:00,/Volumes/Argus/unk/snap/c1/1757993400.c1.snap.jpg,0.6375869
2025-09-16 04:00:00,/Volumes/Argus/unk/snap/c1/1757995200.c1.snap.jpg,0.62599224
2025-09-16 04:30:00,/Volumes/Argus/unk/snap/c1/1757997000.c1.snap.jpg,0.6751198
2025-09-16 05:00:00,/Volumes/Argus/unk/snap/c1/1757998800.c1.snap.jpg,0.5530032
2025-09-16 05:30:00,/Volumes/Argus/unk/snap/c1/1758000600.c1.snap.jpg,0.5624356
2025-09-16 06:00:00,/Volumes/Argus/unk/snap/c1/1758002400.c1.snap.jpg,0.62065226
2025-09-16 15:30:00,/Volumes/Argus/unk/snap/c1/1758036600.c1.snap.jpg,0.4342563
2025-09-16 16:00:00,/Volumes/Argus/unk/snap/c1/1758038400.c1.snap.jpg,0.38810295
2025-09-16 16:30:00,/Volumes/Argus/unk/snap/c1/1758040200.c1.snap.jpg,0.27933717
2025-09-16 17:00:00,/Volumes/Argus/unk/snap/c1/1758042000.c1.snap.jpg,0.48162565
2025-09-16 17:30:00,/Volumes/Argus/unk/snap/c1/1758043800.c1.snap.jpg,0.32527366
2025-09-16 18:00:00,/Volumes/Argus/unk/snap/c1/1758045600.c1.snap.jpg,0.3042876
2025-09-16 18:30:00,/Volumes/Argus/unk/snap/c1/1758047400.c1.snap.jpg,0.2799672
2025-09-16 19:00:00,/Volumes/Argus/unk/snap/c1/1758049200.c1.snap.jpg,0.3451116
2025-09-16 19:30:00,/Volumes/Argus/unk/snap/c1/1758051000.c1.snap.jpg,0.38925976
2025-09-16 20:00:00,/Volumes/Argus/unk/snap/c1/1758052800.c1.snap.jpg,0.31927174
2025-09-16 20:30:00,/Volumes/Argus/unk/snap/c1/1758054600.c1.snap.jpg,0.28239474
2025-09-16 21:00:00,/Volumes/Argus/unk/snap/c1/1758056400.c1.snap.jpg,0.35430592
2025-09-16 21:30:00,/Volumes/Argus/unk/snap/c1/1758058200.c1.snap.jpg,0.5034368
2025-09-16 22:00:00,/Volumes/Argus/unk/snap/c1/1758060000.c1.snap.jpg,0.4414871
2025-09-16 22:30:00,/Volumes/Argus/unk/snap/c1/1758061800.c1.snap.jpg,0.43518102
2025-09-16 23:00:00,/Volumes/Argus/unk/snap/c1/1758063600.c1.snap.jpg,0.5316354
2025-09-16 23:30:00,/Volumes/Argus/unk/snap/c1/1758065400.c1.snap.jpg,0.6315594
2025-09-17 00:00:00,/Volumes/Argus/unk/snap/c1/1758067200.c1.snap.jpg,0.65859705
2025-09-17 00:30:00,/Volumes/Argus/unk/snap/c1/1758069000.c1.snap.jpg,0.59104466
2025-09-17 01:00:00,/Volumes/Argus/unk/snap/c1/1758070800.c1.snap.jpg,0.49689683
2025-09-17 01:30:00,/Volumes/Argus/unk/snap/c1/1758072600.c1.snap.jpg,0.44744524
2025-09-17 02:00:00,/Volumes/Argus/unk/snap/c1/1758074400.c1.snap.jpg,0.5670835
2025-09-17 02:30:00,/Volumes/Argus/unk/snap/c1/1758076200.c1.snap.jpg,0.5583345
2025-09-17 03:00:00,/Volumes/Argus/unk/snap/c1/1758078000.c1.snap.jpg,0.4603302
2025-09-17 03:30:00,/Volumes/Argus/unk/snap/c1/1758079800.c1.snap.jpg,0.35895008
2025-09-17 04:00:00,/Volumes/Argus/unk/snap/c1/1758081600.c1.snap.jpg,0.39220297
2025-09-17 04:30:00,/Volumes/Argus/unk/snap/c1/1758083400.c1.snap.jpg,0.3656428
2025-09-17 05:00:00,/Volumes/Argus/unk/snap/c1/1758085200.c1.snap.jpg,0.38945287
2025-09-17 05:30:00,/Volumes/Argus/unk/snap/c1/1758087000.c1.snap.jpg,0.4930187
2025-09-17 06:00:00,/Volumes/Argus/unk/snap/c1/1758088800.c1.snap.jpg,0.7897242
2025-09-17 15:30:00,/Volumes/Argus/unk/snap/c1/1758123000.c1.snap.jpg,0.5741583
2025-09-17 16:00:00,/Volumes/Argus/unk/snap/c1/1758124800.c1.snap.jpg,0.34334746
2025-09-17 16:30:00,/Volumes/Argus/unk/snap/c1/1758126600.c1.snap.jpg,0.37342963
2025-09-17 17:00:00,/Volumes/Argus/unk/snap/c1/1758128400.c1.snap.jpg,0.31547982
2025-09-17 17:30:00,/Volumes/Argus/unk/snap/c1/1758130200.c1.snap.jpg,0.44057193
2025-09-17 18:00:00,/Volumes/Argus/unk/snap/c1/1758132000.c1.snap.jpg,0.37395203
2025-09-17 18:30:00,/Volumes/Argus/unk/snap/c1/1758133800.c1.snap.jpg,0.28995275
2025-09-17 19:00:00,/Volumes/Argus/unk/snap/c1/1758135600.c1.snap.jpg,0.3834489
2025-09-17 19:30:00,/Volumes/Argus/unk/snap/c1/1758137400.c1.snap.jpg,0.3991648
2025-09-17 20:00:00,/Volumes/Argus/unk/snap/c1/1758139200.c1.snap.jpg,0.33878672
2025-09-17 20:30:00,/Volumes/Argus/unk/snap/c1/1758141000.c1.snap.jpg,0.26170796
2025-09-17 21:00:00,/Volumes/Argus/unk/snap/c1/1758142800.c1.snap.jpg,0.2787396
2025-09-17 21:30:00,/Volumes/Argus/unk/snap/c1/1758144600.c1.snap.jpg,0.24986514
2025-09-17 22:00:00,/Volumes/Argus/unk/snap/c1/1758146400.c1.snap.jpg,0.3723657
2025-09-17 22:30:00,/Volumes/Argus/unk/snap/c1/1758148200.c1.snap.jpg,0.3723762
2025-09-17 23:00:00,/Volumes/Argus/unk/snap/c1/1758150000.c1.snap.jpg,0.31888038
2025-09-17 23:30:00,/Volumes/Argus/unk/snap/c1/1758151800.c1.snap.jpg,0.24441119
2025-09-18 00:00:00,/Volumes/Argus/unk/snap/c1/1758153600.c1.snap.jpg,0.31170225
2025-09-18 00:30:00,/Volumes/Argus/unk/snap/c1/1758155400.c1.snap.jpg,0.3721857
2025-09-18 01:00:00,/Volumes/Argus/unk/snap/c1/1758157200.c1.snap.jpg,0.3223259
2025-09-18 01:30:00,/Volumes/Argus/unk/snap/c1/1758159000.c1.snap.jpg,0.2820809
2025-09-18 02:00:00,/Volumes/Argus/unk/snap/c1/1758160800.c1.snap.jpg,0.2400143
2025-09-18 02:30:00,/Volumes/Argus/unk/snap/c1/1758162600.c1.snap.jpg,0.47321397
2025-09-18 03:00:00,/Volumes/Argus/unk/snap/c1/1758164400.c1.snap.jpg,0.28962758
2025-09-18 03:30:00,/Volumes/Argus/unk/snap/c1/1758166200.c1.snap.jpg,0.36423045
2025-09-18 04:00:00,/Volumes/Argus/unk/snap/c1/1758168000.c1.snap.jpg,0.3418468
2025-09-18 05:00:00,/Volumes/Argus/unk/snap/c1/1758171600.c1.snap.jpg,0.23404151
2025-09-18 05:30:00,/Volumes/Argus/unk/snap/c1/1758173400.c1.snap.jpg,0.20810217
2025-09-18 15:30:00,/Volumes/Argus/unk/snap/c1/1758209400.c1.snap.jpg,0.5121317
2025-09-18 16:00:00,/Volumes/Argus/unk/snap/c1/1758211200.c1.snap.jpg,0.3393252
2025-09-18 16:30:00,/Volumes/Argus/unk/snap/c1/1758213000.c1.snap.jpg,0.31486833
2025-09-18 17:00:00,/Volumes/Argus/unk/snap/c1/1758214800.c1.snap.jpg,0.56632406
2025-09-18 17:30:00,/Volumes/Argus/unk/snap/c1/1758216600.c1.snap.jpg,0.45837235
2025-09-18 18:00:00,/Volumes/Argus/unk/snap/c1/1758218400.c1.snap.jpg,0.4410434
2025-09-18 18:30:00,/Volumes/Argus/unk/snap/c1/1758220200.c1.snap.jpg,0.3485149
2025-09-18 19:00:00,/Volumes/Argus/unk/snap/c1/1758222000.c1.snap.jpg,0.25774634
2025-09-18 19:30:00,/Volumes/Argus/unk/snap/c1/1758223800.c1.snap.jpg,0.4044963
2025-09-18 20:00:00,/Volumes/Argus/unk/snap/c1/1758225600.c1.snap.jpg,0.23530833
2025-09-18 20:30:00,/Volumes/Argus/unk/snap/c1/1758227400.c1.snap.jpg,0.3294985
2025-09-18 21:00:00,/Volumes/Argus/unk/snap/c1/1758229200.c1.snap.jpg,0.250238
2025-09-18 21:30:00,/Volumes/Argus/unk/snap/c1/1758231000.c1.snap.jpg,0.27689487
2025-09-18 22:00:00,/Volumes/Argus/unk/snap/c1/1758232800.c1.snap.jpg,0.32929313
2025-09-18 22:30:00,/Volumes/Argus/unk/snap/c1/1758234600.c1.snap.jpg,0.29430592
2025-09-18 23:00:00,/Volumes/Argus/unk/snap/c1/1758236400.c1.snap.jpg,0.3146765
2025-09-18 23:30:00,/Volumes/Argus/unk/snap/c1/1758238200.c1.snap.jpg,0.28238156
2025-09-19 00:00:00,/Volumes/Argus/unk/snap/c1/1758240000.c1.snap.jpg,0.44037375
2025-09-19 00:30:00,/Volumes/Argus/unk/snap/c1/1758241800.c1.snap.jpg,0.41247237
2025-09-19 01:00:00,/Volumes/Argus/unk/snap/c1/1758243600.c1.snap.jpg,0.34972256
2025-09-19 01:30:00,/Volumes/Argus/unk/snap/c1/1758245400.c1.snap.jpg,0.30890298
2025-09-19 02:00:00,/Volumes/Argus/unk/snap/c1/1758247200.c1.snap.jpg,0.3623963
2025-09-19 02:30:00,/Volumes/Argus/unk/snap/c1/1758249000.c1.snap.jpg,0.39030617
2025-09-19 03:00:00,/Volumes/Argus/unk/snap/c1/1758250800.c1.snap.jpg,0.6173041
2025-09-19 03:30:00,/Volumes/Argus/unk/snap/c1/1758252600.c1.snap.jpg,0.44235858
2025-09-19 04:00:00,/Volumes/Argus/unk/snap/c1/1758254400.c1.snap.jpg,0.52821064
2025-09-19 04:30:00,/Volumes/Argus/unk/snap/c1/1758256200.c1.snap.jpg,0.43169612
2025-09-19 05:00:00,/Volumes/Argus/unk/snap/c1/1758258000.c1.snap.jpg,0.3493036
2025-09-19 05:30:00,/Volumes/Argus/unk/snap/c1/1758259800.c1.snap.jpg,0.3975663
2025-09-19 15:30:00,/Volumes/Argus/unk/snap/c1/1758295800.c1.snap.jpg,0.52937967
2025-09-19 16:00:00,/Volumes/Argus/unk/snap/c1/1758297600.c1.snap.jpg,0.2857858
2025-09-19 16:30:00,/Volumes/Argus/unk/snap/c1/1758299400.c1.snap.jpg,0.2864643
2025-09-19 17:00:00,/Volumes/Argus/unk/snap/c1/1758301200.c1.snap.jpg,0.24429645
2025-09-19 18:00:00,/Volumes/Argus/unk/snap/c1/1758304800.c1.snap.jpg,0.35379142
2025-09-19 18:30:00,/Volumes/Argus/unk/snap/c1/1758306600.c1.snap.jpg,0.2962767
2025-09-19 19:00:00,/Volumes/Argus/unk/snap/c1/1758308400.c1.snap.jpg,0.35244584
2025-09-19 19:30:00,/Volumes/Argus/unk/snap/c1/1758310200.c1.snap.jpg,0.27126673
2025-09-19 20:00:00,/Volumes/Argus/unk/snap/c1/1758312000.c1.snap.jpg,0.2920665
2025-09-19 20:30:00,/Volumes/Argus/unk/snap/c1/1758313800.c1.snap.jpg,0.32193226
2025-09-19 21:00:00,/Volumes/Argus/unk/snap/c1/1758315600.c1.snap.jpg,0.3005535
2025-09-19 21:30:00,/Volumes/Argus/unk/snap/c1/1758317400.c1.snap.jpg,0.26400417
2025-09-19 22:00:00,/Volumes/Argus/unk/snap/c1/1758319200.c1.snap.jpg,0.34030047
2025-09-19 22:30:00,/Volumes/Argus/unk/snap/c1/1758321000.c1.snap.jpg,0.40223637
2025-09-19 23:00:00,/Volumes/Argus/unk/snap/c1/1758322800.c1.snap.jpg,0.43239334
2025-09-19 23:30:00,/Volumes/Argus/unk/snap/c1/1758324600.c1.snap.jpg,0.36085552
2025-09-20 00:00:00,/Volumes/Argus/unk/snap/c1/1758326400.c1.snap.jpg,0.3831459
2025-09-20 00:30:00,/Volumes/Argus/unk/snap/c1/1758328200.c1.snap.jpg,0.34670502
2025-09-20 01:00:00,/Volumes/Argus/unk/snap/c1/1758330000.c1.snap.jpg,0.36969882
2025-09-20 01:30:00,/Volumes/Argus/unk/snap/c1/1758331800.c1.snap.jpg,0.37980175
2025-09-20 02:00:00,/Volumes/Argus/unk/snap/c1/1758333600.c1.snap.jpg,0.3617375
2025-09-20 02:30:00,/Volumes/Argus/unk/snap/c1/1758335400.c1.snap.jpg,0.3052336
2025-09-20 03:00:00,/Volumes/Argus/unk/snap/c1/1758337200.c1.snap.jpg,0.3860575
2025-09-20 03:30:00,/Volumes/Argus/unk/snap/c1/1758339000.c1.snap.jpg,0.33215827
2025-09-20 04:00:00,/Volumes/Argus/unk/snap/c1/1758340800.c1.snap.jpg,0.44240668
2025-09-20 04:30:00,/Volumes/Argus/unk/snap/c1/1758342600.c1.snap.jpg,0.5183766
2025-09-20 05:00:00,/Volumes/Argus/unk/snap/c1/1758344400.c1.snap.jpg,0.48752496
2025-09-20 05:30:00,/Volumes/Argus/unk/snap/c1/1758346200.c1.snap.jpg,0.5618522
2025-09-20 16:00:00,/Volumes/Argus/unk/snap/c1/1758384000.c1.snap.jpg,0.457786
2025-09-20 16:30:00,/Volumes/Argus/unk/snap/c1/1758385800.c1.snap.jpg,0.6218883
2025-09-20 17:00:00,/Volumes/Argus/unk/snap/c1/1758387600.c1.snap.jpg,0.60412943
2025-09-20 17:30:00,/Volumes/Argus/unk/snap/c1/1758389400.c1.snap.jpg,0.6819974
2025-09-20 18:00:00,/Volumes/Argus/unk/snap/c1/1758391200.c1.snap.jpg,0.4608094
2025-09-20 18:30:00,/Volumes/Argus/unk/snap/c1/1758393000.c1.snap.jpg,0.3221936
2025-09-20 19:00:00,/Volumes/Argus/unk/snap/c1/1758394800.c1.snap.jpg,0.45455652
2025-09-20 19:30:00,/Volumes/Argus/unk/snap/c1/1758396600.c1.snap.jpg,0.3601591
2025-09-20 20:00:00,/Volumes/Argus/unk/snap/c1/1758398400.c1.snap.jpg,0.42185226
2025-09-20 20:30:00,/Volumes/Argus/unk/snap/c1/1758400200.c1.snap.jpg,0.5595332
2025-09-20 21:00:00,/Volumes/Argus/unk/snap/c1/1758402000.c1.snap.jpg,0.47724843
2025-09-20 21:30:00,/Volumes/Argus/unk/snap/c1/1758403800.c1.snap.jpg,0.61173326
2025-09-20 22:00:00,/Volumes/Argus/unk/snap/c1/1758405600.c1.snap.jpg,0.6482381
2025-09-20 22:30:00,/Volumes/Argus/unk/snap/c1/1758407400.c1.snap.jpg,0.52452314
2025-09-20 23:00:00,/Volumes/Argus/unk/snap/c1/1758409200.c1.snap.jpg,0.49929136
2025-09-20 23:30:00,/Volumes/Argus/unk/snap/c1/1758411000.c1.snap.jpg,0.6359257
2025-09-21 00:00:00,/Volumes/Argus/unk/snap/c1/1758412800.c1.snap.jpg,0.46700037
2025-09-21 00:30:00,/Volumes/Argus/unk/snap/c1/1758414600.c1.snap.jpg,0.6152156
2025-09-21 01:00:00,/Volumes/Argus/unk/snap/c1/1758416400.c1.snap.jpg,0.52887774
2025-09-21 01:30:00,/Volumes/Argus/unk/snap/c1/1758418200.c1.snap.jpg,0.41018265
2025-09-21 02:00:00,/Volumes/Argus/unk/snap/c1/1758420000.c1.snap.jpg,0.5353389
2025-09-21 02:30:00,/Volumes/Argus/unk/snap/c1/1758421800.c1.snap.jpg,0.3758905
2025-09-21 03:00:00,/Volumes/Argus/unk/snap/c1/1758423600.c1.snap.jpg,0.5732448
2025-09-21 03:30:00,/Volumes/Argus/unk/snap/c1/1758425400.c1.snap.jpg,0.61505514
2025-09-21 04:00:00,/Volumes/Argus/unk/snap/c1/1758427200.c1.snap.jpg,0.6240403
2025-09-21 04:30:00,/Volumes/Argus/unk/snap/c1/1758429000.c1.snap.jpg,0.5186336
2025-09-21 05:00:00,/Volumes/Argus/unk/snap/c1/1758430800.c1.snap.jpg,0.49636734
2025-09-21 05:30:00,/Volumes/Argus/unk/snap/c1/1758432600.c1.snap.jpg,0.59688765
2025-09-21 16:00:00,/Volumes/Argus/unk/snap/c1/1758470400.c1.snap.jpg,0.22842766
2025-09-21 16:30:00,/Volumes/Argus/unk/snap/c1/1758472200.c1.snap.jpg,0.311119
2025-09-21 17:00:00,/Volumes/Argus/unk/snap/c1/1758474000.c1.snap.jpg,0.30020824
2025-09-21 17:30:00,/Volumes/Argus/unk/snap/c1/1758475800.c1.snap.jpg,0.4289442
2025-09-21 18:30:00,/Volumes/Argus/unk/snap/c1/1758479400.c1.snap.jpg,0.40209514
2025-09-21 19:00:00,/Volumes/Argus/unk/snap/c1/1758481200.c1.snap.jpg,0.44068623
2025-09-21 19:30:00,/Volumes/Argus/unk/snap/c1/1758483000.c1.snap.jpg,0.48745942
2025-09-21 20:00:00,/Volumes/Argus/unk/snap/c1/1758484800.c1.snap.jpg,0.6834363
2025-09-21 20:30:00,/Volumes/Argus/unk/snap/c1/1758486600.c1.snap.jpg,0.51427114
2025-09-21 21:00:00,/Volumes/Argus/unk/snap/c1/1758488400.c1.snap.jpg,0.5429459
2025-09-21 21:30:00,/Volumes/Argus/unk/snap/c1/1758490200.c1.snap.jpg,0.4789777
2025-09-21 22:00:00,/Volumes/Argus/unk/snap/c1/1758492000.c1.snap.jpg,0.59113574
2025-09-21 22:30:00,/Volumes/Argus/unk/snap/c1/1758493800.c1.snap.jpg,0.6292374
2025-09-21 23:00:00,/Volumes/Argus/unk/snap/c1/1758495600.c1.snap.jpg,0.68599904
2025-09-21 23:30:00,/Volumes/Argus/unk/snap/c1/1758497400.c1.snap.jpg,0.6589188
2025-09-22 00:00:00,/Volumes/Argus/unk/snap/c1/1758499200.c1.snap.jpg,0.63711065
2025-09-22 00:30:00,/Volumes/Argus/unk/snap/c1/1758501000.c1.snap.jpg,0.64399534
2025-09-22 01:00:00,/Volumes/Argus/unk/snap/c1/1758502800.c1.snap.jpg,0.66301405
2025-09-22 01:30:00,/Volumes/Argus/unk/snap/c1/1758504600.c1.snap.jpg,0.5937934
2025-09-22 02:00:00,/Volumes/Argus/unk/snap/c1/1758506400.c1.snap.jpg,0.5560266
2025-09-22 02:30:00,/Volumes/Argus/unk/snap/c1/1758508200.c1.snap.jpg,0.69503766
2025-09-22 03:00:00,/Volumes/Argus/unk/snap/c1/1758510000.c1.snap.jpg,0.7889431
2025-09-22 03:30:00,/Volumes/Argus/unk/snap/c1/1758511800.c1.snap.jpg,0.6688985
2025-09-22 04:00:00,/Volumes/Argus/unk/snap/c1/1758513600.c1.snap.jpg,0.6766327
2025-09-22 04:30:00,/Volumes/Argus/unk/snap/c1/1758515400.c1.snap.jpg,0.6155541
2025-09-22 05:00:00,/Volumes/Argus/unk/snap/c1/1758517200.c1.snap.jpg,0.523081
2025-09-22 05:30:00,/Volumes/Argus/unk/snap/c1/1758519000.c1.snap.jpg,0.58581656
2025-09-22 16:00:00,/Volumes/Argus/unk/snap/c1/1758556800.c1.snap.jpg,0.58585006
2025-09-22 16:30:00,/Volumes/Argus/unk/snap/c1/1758558600.c1.snap.jpg,0.663902
2025-09-22 17:00:00,/Volumes/Argus/unk/snap/c1/1758560400.c1.snap.jpg,0.5985284
2025-09-22 17:30:00,/Volumes/Argus/unk/snap/c1/1758562200.c1.snap.jpg,0.60954654
2025-09-22 18:00:00,/Volumes/Argus/unk/snap/c1/1758564000.c1.snap.jpg,0.65761334
2025-09-22 18:30:00,/Volumes/Argus/unk/snap/c1/1758565800.c1.snap.jpg,0.88616264
2025-09-22 19:00:00,/Volumes/Argus/unk/snap/c1/1758567600.c1.snap.jpg,0.74045
2025-09-22 19:30:00,/Volumes/Argus/unk/snap/c1/1758569400.c1.snap.jpg,0.6385668
2025-09-22 20:00:00,/Volumes/Argus/unk/snap/c1/1758571200.c1.snap.jpg,0.84106076
2025-09-22 20:30:00,/Volumes/Argus/unk/snap/c1/1758573000.c1.snap.jpg,0.7915498
2025-09-22 21:00:00,/Volumes/Argus/unk/snap/c1/1758574800.c1.snap.jpg,0.65437233
2025-09-22 21:30:00,/Volumes/Argus/unk/snap/c1/1758576600.c1.snap.jpg,0.76691246
2025-09-22 22:00:00,/Volumes/Argus/unk/snap/c1/1758578400.c1.snap.jpg,0.86794853
2025-09-22 22:30:00,/Volumes/Argus/unk/snap/c1/1758580200.c1.snap.jpg,0.84803855
2025-09-22 23:00:00,/Volumes/Argus/unk/snap/c1/1758582000.c1.snap.jpg,0.64754444
2025-09-22 23:30:00,/Volumes/Argus/unk/snap/c1/1758583800.c1.snap.jpg,0.75034094
2025-09-23 00:00:00,/Volumes/Argus/unk/snap/c1/1758585600.c1.snap.jpg,0.58633536
2025-09-23 00:30:00,/Volumes/Argus/unk/snap/c1/1758587400.c1.snap.jpg,0.653269
2025-09-23 01:00:00,/Volumes/Argus/unk/snap/c1/1758589200.c1.snap.jpg,0.7333342
2025-09-23 01:30:00,/Volumes/Argus/unk/snap/c1/1758591000.c1.snap.jpg,0.6682295
2025-09-23 02:00:00,/Volumes/Argus/unk/snap/c1/1758592800.c1.snap.jpg,0.49862978
2025-09-23 02:30:00,/Volumes/Argus/unk/snap/c1/1758594600.c1.snap.jpg,0.5596086
2025-09-23 03:00:00,/Volumes/Argus/unk/snap/c1/1758596400.c1.snap.jpg,0.62829506
2025-09-23 03:30:00,/Volumes/Argus/unk/snap/c1/1758598200.c1.snap.jpg,0.60647637
2025-09-23 04:00:00,/Volumes/Argus/unk/snap/c1/1758600000.c1.snap.jpg,0.7974371
2025-09-23 04:30:00,/Volumes/Argus/unk/snap/c1/1758601800.c1.snap.jpg,0.6881777
2025-09-23 05:00:00,/Volumes/Argus/unk/snap/c1/1758603600.c1.snap.jpg,0.67034817
2025-09-23 05:30:00,/Volumes/Argus/unk/snap/c1/1758605400.c1.snap.jpg,0.753606
2025-09-23 16:00:00,/Volumes/Argus/unk/snap/c1/1758643200.c1.snap.jpg,0.6376702
2025-09-23 16:30:00,/Volumes/Argus/unk/snap/c1/1758645000.c1.snap.jpg,0.52805287
2025-09-23 17:00:00,/Volumes/Argus/unk/snap/c1/1758646800.c1.snap.jpg,0.5510148
2025-09-23 17:30:00,/Volumes/Argus/unk/snap/c1/1758648600.c1.snap.jpg,0.4525537
2025-09-23 18:00:00,/Volumes/Argus/unk/snap/c1/1758650400.c1.snap.jpg,0.51316196
2025-09-23 18:30:00,/Volumes/Argus/unk/snap/c1/1758652200.c1.snap.jpg,0.44048762
2025-09-23 19:00:00,/Volumes/Argus/unk/snap/c1/1758654000.c1.snap.jpg,0.3966347
2025-09-23 19:30:00,/Volumes/Argus/unk/snap/c1/1758655800.c1.snap.jpg,0.45131883
2025-09-23 20:00:00,/Volumes/Argus/unk/snap/c1/1758657600.c1.snap.jpg,0.31616914
2025-09-23 20:30:00,/Volumes/Argus/unk/snap/c1/1758659400.c1.snap.jpg,0.33901733
2025-09-23 21:00:00,/Volumes/Argus/unk/snap/c1/1758661200.c1.snap.jpg,0.36443752
2025-09-23 21:30:00,/Volumes/Argus/unk/snap/c1/1758663000.c1.snap.jpg,0.41138935
2025-09-23 22:00:00,/Volumes/Argus/unk/snap/c1/1758664800.c1.snap.jpg,0.4868927
2025-09-23 22:30:00,/Volumes/Argus/unk/snap/c1/1758666600.c1.snap.jpg,0.41542056
2025-09-23 23:00:00,/Volumes/Argus/unk/snap/c1/1758668400.c1.snap.jpg,0.40098292
2025-09-23 23:30:00,/Volumes/Argus/unk/snap/c1/1758670200.c1.snap.jpg,0.3890655
2025-09-24 00:00:00,/Volumes/Argus/unk/snap/c1/1758672000.c1.snap.jpg,0.35304925
2025-09-24 00:30:00,/Volumes/Argus/unk/snap/c1/1758673800.c1.snap.jpg,0.36031258
2025-09-24 01:00:00,/Volumes/Argus/unk/snap/c1/1758675600.c1.snap.jpg,0.47858822
2025-09-24 01:30:00,/Volumes/Argus/unk/snap/c1/1758677400.c1.snap.jpg,0.47551954
2025-09-24 02:00:00,/Volumes/Argus/unk/snap/c1/1758679200.c1.snap.jpg,0.46988156
2025-09-24 03:00:00,/Volumes/Argus/unk/snap/c1/1758682800.c1.snap.jpg,0.45946094
2025-09-24 03:30:00,/Volumes/Argus/unk/snap/c1/1758684600.c1.snap.jpg,0.6393242
2025-09-24 04:00:00,/Volumes/Argus/unk/snap/c1/1758686400.c1.snap.jpg,0.5759349
2025-09-24 04:30:00,/Volumes/Argus/unk/snap/c1/1758688200.c1.snap.jpg,0.29309264
2025-09-24 05:00:00,/Volumes/Argus/unk/snap/c1/1758690000.c1.snap.jpg,0.551685
2025-09-24 05:30:00,/Volumes/Argus/unk/snap/c1/1758691800.c1.snap.jpg,0.8062712
2025-09-24 16:00:00,/Volumes/Argus/unk/snap/c1/1758729600.c1.snap.jpg,0.83341444
2025-09-24 16:30:00,/Volumes/Argus/unk/snap/c1/1758731400.c1.snap.jpg,0.32901996
2025-09-24 17:00:00,/Volumes/Argus/unk/snap/c1/1758733200.c1.snap.jpg,0.46466
2025-09-24 17:30:00,/Volumes/Argus/unk/snap/c1/1758735000.c1.snap.jpg,0.39934862
2025-09-24 18:00:00,/Volumes/Argus/unk/snap/c1/1758736800.c1.snap.jpg,0.3061189
2025-09-24 18:30:00,/Volumes/Argus/unk/snap/c1/1758738600.c1.snap.jpg,0.36558047
2025-09-24 19:00:00,/Volumes/Argus/unk/snap/c1/1758740400.c1.snap.jpg,0.36904162
2025-09-24 19:30:00,/Volumes/Argus/unk/snap/c1/1758742200.c1.snap.jpg,0.53603756
2025-09-24 20:00:00,/Volumes/Argus/unk/snap/c1/1758744000.c1.snap.jpg,0.45512503
2025-09-24 20:30:00,/Volumes/Argus/unk/snap/c1/1758745800.c1.snap.jpg,0.51462054
2025-09-24 21:00:00,/Volumes/Argus/unk/snap/c1/1758747600.c1.snap.jpg,0.52559173
2025-09-24 21:30:00,/Volumes/Argus/unk/snap/c1/1758749400.c1.snap.jpg,0.39120236
2025-09-24 22:00:00,/Volumes/Argus/unk/snap/c1/1758751200.c1.snap.jpg,0.28217536
2025-09-24 22:30:00,/Volumes/Argus/unk/snap/c1/1758753000.c1.snap.jpg,0.37351656
2025-09-24 23:00:00,/Volumes/Argus/unk/snap/c1/1758754800.c1.snap.jpg,0.46456596
2025-09-24 23:30:00,/Volumes/Argus/unk/snap/c1/1758756600.c1.snap.jpg,0.48753768
2025-09-25 00:00:00,/Volumes/Argus/unk/snap/c1/1758758400.c1.snap.jpg,0.35479093
2025-09-25 00:30:00,/Volumes/Argus/unk/snap/c1/1758760200.c1.snap.jpg,0.34469962
2025-09-25 01:00:00,/Volumes/Argus/unk/snap/c1/1758762000.c1.snap.jpg,0.36237583
2025-09-25 01:30:00,/Volumes/Argus/unk/snap/c1/1758763800.c1.snap.jpg,0.368285
2025-09-25 02:00:00,/Volumes/Argus/unk/snap/c1/1758765600.c1.snap.jpg,0.53424096
2025-09-25 02:30:00,/Volumes/Argus/unk/snap/c1/1758767400.c1.snap.jpg,0.5766057
2025-09-25 03:00:00,/Volumes/Argus/unk/snap/c1/1758769200.c1.snap.jpg,0.5906004
2025-09-25 03:30:00,/Volumes/Argus/unk/snap/c1/1758771000.c1.snap.jpg,0.57492733
2025-09-25 04:00:00,/Volumes/Argus/unk/snap/c1/1758772800.c1.snap.jpg,0.6172451
2025-09-25 04:30:00,/Volumes/Argus/unk/snap/c1/1758774600.c1.snap.jpg,0.48092467
2025-09-25 05:00:00,/Volumes/Argus/unk/snap/c1/1758776400.c1.snap.jpg,0.5421653
2025-09-25 05:30:00,/Volumes/Argus/unk/snap/c1/1758778200.c1.snap.jpg,0.53093445
2025-09-25 16:00:00,/Volumes/Argus/unk/snap/c1/1758816000.c1.snap.jpg,0.56678337
2025-09-25 16:30:00,/Volumes/Argus/unk/snap/c1/1758817800.c1.snap.jpg,0.593665
2025-09-25 17:00:00,/Volumes/Argus/unk/snap/c1/1758819600.c1.snap.jpg,0.6994462
2025-09-25 17:30:00,/Volumes/Argus/unk/snap/c1/1758821400.c1.snap.jpg,0.49288827
2025-09-25 18:00:00,/Volumes/Argus/unk/snap/c1/1758823200.c1.snap.jpg,0.37580147
2025-09-25 18:30:00,/Volumes/Argus/unk/snap/c1/1758825000.c1.snap.jpg,0.3482678
2025-09-25 19:00:00,/Volumes/Argus/unk/snap/c1/1758826800.c1.snap.jpg,0.4021135
2025-09-25 19:30:00,/Volumes/Argus/unk/snap/c1/1758828600.c1.snap.jpg,0.5461507
2025-09-25 20:00:00,/Volumes/Argus/unk/snap/c1/1758830400.c1.snap.jpg,0.52708656
2025-09-25 20:30:00,/Volumes/Argus/unk/snap/c1/1758832200.c1.snap.jpg,0.4043361
2025-09-25 21:00:00,/Volumes/Argus/unk/snap/c1/1758834000.c1.snap.jpg,0.42623878
2025-09-25 21:30:00,/Volumes/Argus/unk/snap/c1/1758835800.c1.snap.jpg,0.50690377
2025-09-25 22:00:00,/Volumes/Argus/unk/snap/c1/1758837600.c1.snap.jpg,0.53592604
2025-09-25 22:30:00,/Volumes/Argus/unk/snap/c1/1758839400.c1.snap.jpg,0.48859632
2025-09-25 23:00:00,/Volumes/Argus/unk/snap/c1/1758841200.c1.snap.jpg,0.5254075
2025-09-25 23:30:00,/Volumes/Argus/unk/snap/c1/1758843000.c1.snap.jpg,0.49856305
2025-09-26 00:00:00,/Volumes/Argus/unk/snap/c1/1758844800.c1.snap.jpg,0.5416578
2025-09-26 00:30:00,/Volumes/Argus/unk/snap/c1/1758846600.c1.snap.jpg,0.61735785
2025-09-26 01:00:00,/Volumes/Argus/unk/snap/c1/1758848400.c1.snap.jpg,0.5955548
2025-09-26 01:30:00,/Volumes/Argus/unk/snap/c1/1758850200.c1.snap.jpg,0.6259141
2025-09-26 02:30:00,/Volumes/Argus/unk/snap/c1/1758853800.c1.snap.jpg,0.6708572
2025-09-26 03:00:00,/Volumes/Argus/unk/snap/c1/1758855600.c1.snap.jpg,0.77318835
2025-09-26 03:30:00,/Volumes/Argus/unk/snap/c1/1758857400.c1.snap.jpg,0.7061537
2025-09-26 04:00:00,/Volumes/Argus/unk/snap/c1/1758859200.c1.snap.jpg,0.6994229
2025-09-26 04:30:00,/Volumes/Argus/unk/snap/c1/1758861000.c1.snap.jpg,0.6517011
2025-09-26 05:00:00,/Volumes/Argus/unk/snap/c1/1758862800.c1.snap.jpg,0.66570944
2025-09-26 16:00:00,/Volumes/Argus/unk/snap/c1/1758902400.c1.snap.jpg,0.37513554
2025-09-26 16:30:00,/Volumes/Argus/unk/snap/c1/1758904200.c1.snap.jpg,0.34703624
2025-09-26 17:00:00,/Volumes/Argus/unk/snap/c1/1758906000.c1.snap.jpg,0.36065564
2025-09-26 17:30:00,/Volumes/Argus/unk/snap/c1/1758907800.c1.snap.jpg,0.37441593
2025-09-26 18:00:00,/Volumes/Argus/unk/snap/c1/1758909600.c1.snap.jpg,0.36950713
2025-09-26 18:30:00,/Volumes/Argus/unk/snap/c1/1758911400.c1.snap.jpg,0.46721238
2025-09-26 19:00:00,/Volumes/Argus/unk/snap/c1/1758913200.c1.snap.jpg,0.3081446
2025-09-26 19:30:00,/Volumes/Argus/unk/snap/c1/1758915000.c1.snap.jpg,0.2894981
2025-09-26 20:00:00,/Volumes/Argus/unk/snap/c1/1758916800.c1.snap.jpg,0.35050642
2025-09-26 20:30:00,/Volumes/Argus/unk/snap/c1/1758918600.c1.snap.jpg,0.31739077
2025-09-26 21:00:00,/Volumes/Argus/unk/snap/c1/1758920400.c1.snap.jpg,0.3766045
2025-09-26 22:00:00,/Volumes/Argus/unk/snap/c1/1758924000.c1.snap.jpg,0.45799655
2025-09-26 22:30:00,/Volumes/Argus/unk/snap/c1/1758925800.c1.snap.jpg,0.38683164
2025-09-26 23:00:00,/Volumes/Argus/unk/snap/c1/1758927600.c1.snap.jpg,0.45657083
2025-09-26 23:30:00,/Volumes/Argus/unk/snap/c1/1758929400.c1.snap.jpg,0.3491869
2025-09-27 00:00:00,/Volumes/Argus/unk/snap/c1/1758931200.c1.snap.jpg,0.36576998
2025-09-27 00:30:00,/Volumes/Argus/unk/snap/c1/1758933000.c1.snap.jpg,0.30721575
2025-09-27 01:00:00,/Volumes/Argus/unk/snap/c1/1758934800.c1.snap.jpg,0.45646662
2025-09-27 01:30:00,/Volumes/Argus/unk/snap/c1/1758936600.c1.snap.jpg,0.2843709
2025-09-27 02:00:00,/Volumes/Argus/unk/snap/c1/1758938400.c1.snap.jpg,0.2772899
2025-09-27 02:30:00,/Volumes/Argus/unk/snap/c1/1758940200.c1.snap.jpg,0.3677956
2025-09-27 03:00:00,/Volumes/Argus/unk/snap/c1/1758942000.c1.snap.jpg,0.39382607
2025-09-27 03:30:00,/Volumes/Argus/unk/snap/c1/1758943800.c1.snap.jpg,0.46962664
2025-09-27 04:00:00,/Volumes/Argus/unk/snap/c1/1758945600.c1.snap.jpg,0.5927832
2025-09-27 04:30:00,/Volumes/Argus/unk/snap/c1/1758947400.c1.snap.jpg,0.6505635
2025-09-27 05:00:00,/Volumes/Argus/unk/snap/c1/1758949200.c1.snap.jpg,0.49287507
2025-09-27 16:00:00,/Volumes/Argus/unk/snap/c1/1758988800.c1.snap.jpg,0.51766956
2025-09-27 16:30:00,/Volumes/Argus/unk/snap/c1/1758990600.c1.snap.jpg,0.6325293
2025-09-27 17:00:00,/Volumes/Argus/unk/snap/c1/1758992400.c1.snap.jpg,0.90726167
2025-09-27 17:30:00,/Volumes/Argus/unk/snap/c1/1758994200.c1.snap.jpg,0.7312062
2025-09-27 18:00:00,/Volumes/Argus/unk/snap/c1/1758996000.c1.snap.jpg,0.71070457
2025-09-27 18:30:00,/Volumes/Argus/unk/snap/c1/1758997800.c1.snap.jpg,0.8095528
2025-09-27 19:00:00,/Volumes/Argus/unk/snap/c1/1758999600.c1.snap.jpg,0.7894068
2025-09-27 19:30:00,/Volumes/Argus/unk/snap/c1/1759001400.c1.snap.jpg,0.59605813
2025-09-27 20:00:00,/Volumes/Argus/unk/snap/c1/1759003200.c1.snap.jpg,0.59427917
2025-09-27 20:30:00,/Volumes/Argus/unk/snap/c1/1759005000.c1.snap.jpg,0.6793925
2025-09-27 21:00:00,/Volumes/Argus/unk/snap/c1/1759006800.c1.snap.jpg,0.7756847
2025-09-27 21:30:00,/Volumes/Argus/unk/snap/c1/1759008600.c1.snap.jpg,0.7081164
2025-09-27 22:00:00,/Volumes/Argus/unk/snap/c1/1759010400.c1.snap.jpg,0.80172026
2025-09-27 22:30:00,/Volumes/Argus/unk/snap/c1/1759012200.c1.snap.jpg,0.79911333
2025-09-27 23:00:00,/Volumes/Argus/unk/snap/c1/1759014000.c1.snap.jpg,0.9401886
2025-09-27 23:30:00,/Volumes/Argus/unk/snap/c1/1759015800.c1.snap.jpg,0.9715591
2025-09-28 00:00:00,/Volumes/Argus/unk/snap/c1/1759017600.c1.snap.jpg,0.624467
2025-09-28 00:30:00,/Volumes/Argus/unk/snap/c1/1759019400.c1.snap.jpg,0.6975218
2025-09-28 01:00:00,/Volumes/Argus/unk/snap/c1/1759021200.c1.snap.jpg,0.66611964
2025-09-28 01:30:00,/Volumes/Argus/unk/snap/c1/1759023000.c1.snap.jpg,0.7506133
2025-09-28 02:00:00,/Volumes/Argus/unk/snap/c1/1759024800.c1.snap.jpg,0.6654321
2025-09-28 02:30:00,/Volumes/Argus/unk/snap/c1/1759026600.c1.snap.jpg,0.8014738
2025-09-28 03:00:00,/Volumes/Argus/unk/snap/c1/1759028400.c1.snap.jpg,0.77352464
2025-09-28 03:30:00,/Volumes/Argus/unk/snap/c1/1759030200.c1.snap.jpg,0.8813011
2025-09-28 04:00:00,/Volumes/Argus/unk/snap/c1/1759032000.c1.snap.jpg,0.7198092
2025-09-28 04:30:00,/Volumes/Argus/unk/snap/c1/1759033800.c1.snap.jpg,0.4210634
2025-09-28 05:00:00,/Volumes/Argus/unk/snap/c1/1759035600.c1.snap.jpg,0.5250406
2025-09-28 16:00:00,/Volumes/Argus/unk/snap/c1/1759075200.c1.snap.jpg,0.52328247
2025-09-28 16:30:00,/Volumes/Argus/unk/snap/c1/1759077000.c1.snap.jpg,0.29300582
2025-09-28 17:00:00,/Volumes/Argus/unk/snap/c1/1759078800.c1.snap.jpg,0.35888353
2025-09-28 17:30:00,/Volumes/Argus/unk/snap/c1/1759080600.c1.snap.jpg,0.5262083
2025-09-28 18:00:00,/Volumes/Argus/unk/snap/c1/1759082400.c1.snap.jpg,0.45489642
2025-09-28 18:30:00,/Volumes/Argus/unk/snap/c1/1759084200.c1.snap.jpg,0.3295699
2025-09-28 19:00:00,/Volumes/Argus/unk/snap/c1/1759086000.c1.snap.jpg,0.40880167
2025-09-28 19:30:00,/Volumes/Argus/unk/snap/c1/1759087800.c1.snap.jpg,0.3782695
2025-09-28 20:00:00,/Volumes/Argus/unk/snap/c1/1759089600.c1.snap.jpg,0.43301624
2025-09-28 20:30:00,/Volumes/Argus/unk/snap/c1/1759091400.c1.snap.jpg,0.33707133
2025-09-28 21:00:00,/Volumes/Argus/unk/snap/c1/1759093200.c1.snap.jpg,0.34521604
2025-09-28 21:30:00,/Volumes/Argus/unk/snap/c1/1759095000.c1.snap.jpg,0.34348348
2025-09-28 22:00:00,/Volumes/Argus/unk/snap/c1/1759096800.c1.snap.jpg,0.42858428
2025-09-28 22:30:00,/Volumes/Argus/unk/snap/c1/1759098600.c1.snap.jpg,0.39260268
2025-09-28 23:00:00,/Volumes/Argus/unk/snap/c1/1759100400.c1.snap.jpg,0.42096183
2025-09-28 23:30:00,/Volumes/Argus/unk/snap/c1/1759102200.c1.snap.jpg,0.42976013
2025-09-29 00:30:00,/Volumes/Argus/unk/snap/c1/1759105800.c1.snap.jpg,0.4584368
2025-09-29 01:00:00,/Volumes/Argus/unk/snap/c1/1759107600.c1.snap.jpg,0.255526
2025-09-29 01:30:00,/Volumes/Argus/unk/snap/c1/1759109400.c1.snap.jpg,0.3775567
2025-09-29 02:00:00,/Volumes/Argus/unk/snap/c1/1759111200.c1.snap.jpg,0.3113606
2025-09-29 03:00:00,/Volumes/Argus/unk/snap/c1/1759114800.c1.snap.jpg,0.4340971
2025-09-29 03:30:00,/Volumes/Argus/unk/snap/c1/1759116600.c1.snap.jpg,0.49994147
2025-09-29 04:00:00,/Volumes/Argus/unk/snap/c1/1759118400.c1.snap.jpg,0.59831953
2025-09-29 04:30:00,/Volumes/Argus/unk/snap/c1/1759120200.c1.snap.jpg,0.54531664
2025-09-29 05:00:00,/Volumes/Argus/unk/snap/c1/1759122000.c1.snap.jpg,0.5774435
2025-09-29 16:00:00,/Volumes/Argus/unk/snap/c1/1759161600.c1.snap.jpg,0.6075444
2025-09-29 16:30:00,/Volumes/Argus/unk/snap/c1/1759163400.c1.snap.jpg,0.22668304
2025-09-29 17:00:00,/Volumes/Argus/unk/snap/c1/1759165200.c1.snap.jpg,0.41366988
2025-09-29 17:30:00,/Volumes/Argus/unk/snap/c1/1759167000.c1.snap.jpg,0.30124816
2025-09-29 18:00:00,/Volumes/Argus/unk/snap/c1/1759168800.c1.snap.jpg,0.34235942
2025-09-29 18:30:00,/Volumes/Argus/unk/snap/c1/1759170600.c1.snap.jpg,0.32582188
2025-09-29 19:00:00,/Volumes/Argus/unk/snap/c1/1759172400.c1.snap.jpg,0.44153535
2025-09-29 19:30:00,/Volumes/Argus/unk/snap/c1/1759174200.c1.snap.jpg,0.37587148
2025-09-29 20:00:00,/Volumes/Argus/unk/snap/c1/1759176000.c1.snap.jpg,0.43241507
2025-09-29 20:30:00,/Volumes/Argus/unk/snap/c1/1759177800.c1.snap.jpg,0.5054126
2025-09-29 21:00:00,/Volumes/Argus/unk/snap/c1/1759179600.c1.snap.jpg,0.39512545
2025-09-29 21:30:00,/Volumes/Argus/unk/snap/c1/1759181400.c1.snap.jpg,0.33263892
2025-09-29 22:00:00,/Volumes/Argus/unk/snap/c1/1759183200.c1.snap.jpg,0.4056701
2025-09-29 22:30:00,/Volumes/Argus/unk/snap/c1/1759185000.c1.snap.jpg,0.38825098
2025-09-29 23:00:00,/Volumes/Argus/unk/snap/c1/1759186800.c1.snap.jpg,0.50119984
2025-09-29 23:30:00,/Volumes/Argus/unk/snap/c1/1759188600.c1.snap.jpg,0.45107856
2025-09-30 00:00:00,/Volumes/Argus/unk/snap/c1/1759190400.c1.snap.jpg,0.4184394
2025-09-30 00:30:00,/Volumes/Argus/unk/snap/c1/1759192200.c1.snap.jpg,0.46348298
2025-09-30 01:00:00,/Volumes/Argus/unk/snap/c1/1759194000.c1.snap.jpg,0.5108633
2025-09-30 01:30:00,/Volumes/Argus/unk/snap/c1/1759195800.c1.snap.jpg,0.49886516
2025-09-30 02:00:00,/Volumes/Argus/unk/snap/c1/1759197600.c1.snap.jpg,0.44934642
2025-09-30 02:30:00,/Volumes/Argus/unk/snap/c1/1759199400.c1.snap.jpg,0.6060004
2025-09-30 03:00:00,/Volumes/Argus/unk/snap/c1/1759201200.c1.snap.jpg,0.7387521
2025-09-30 03:30:00,/Volumes/Argus/unk/snap/c1/1759203000.c1.snap.jpg,0.7410839
2025-09-30 04:00:00,/Volumes/Argus/unk/snap/c1/1759204800.c1.snap.jpg,0.6629921
2025-09-30 04:30:00,/Volumes/Argus/unk/snap/c1/1759206600.c1.snap.jpg,0.43935674
2025-09-30 05:00:00,/Volumes/Argus/unk/snap/c1/1759208400.c1.snap.jpg,0.38741106
2025-09-30 16:30:00,/Volumes/Argus/unk/snap/c1/1759249800.c1.snap.jpg,0.2546209
2025-09-30 17:00:00,/Volumes/Argus/unk/snap/c1/1759251600.c1.snap.jpg,0.33186597
2025-09-30 17:30:00,/Volumes/Argus/unk/snap/c1/1759253400.c1.snap.jpg,0.37573755
2025-09-30 18:00:00,/Volumes/Argus/unk/snap/c1/1759255200.c1.snap.jpg,0.269256
2025-09-30 18:30:00,/Volumes/Argus/unk/snap/c1/1759257000.c1.snap.jpg,0.40985796
2025-09-30 19:00:00,/Volumes/Argus/unk/snap/c1/1759258800.c1.snap.jpg,0.40155822
2025-09-30 19:30:00,/Volumes/Argus/unk/snap/c1/1759260600.c1.snap.jpg,0.30483633
2025-09-30 20:00:00,/Volumes/Argus/unk/snap/c1/1759262400.c1.snap.jpg,0.3459497
2025-09-30 20:30:00,/Volumes/Argus/unk/snap/c1/1759264200.c1.snap.jpg,0.37140828
2025-09-30 21:00:00,/Volumes/Argus/unk/snap/c1/1759266000.c1.snap.jpg,0.42556277
2025-09-30 21:30:00,/Volumes/Argus/unk/snap/c1/1759267800.c1.snap.jpg,0.37756974
2025-09-30 22:00:00,/Volumes/Argus/unk/snap/c1/1759269600.c1.snap.jpg,0.4612314
2025-09-30 22:30:00,/Volumes/Argus/unk/snap/c1/1759271400.c1.snap.jpg,0.46485695
2025-09-30 23:00:00,/Volumes/Argus/unk/snap/c1/1759273200.c1.snap.jpg,0.47596797
2025-09-30 23:30:00,/Volumes/Argus/unk/snap/c1/1759275000.c1.snap.jpg,0.5472655
2025-10-01 00:30:00,/Volumes/Argus/unk/snap/c1/1759278600.c1.snap.jpg,0.4477191
2025-10-01 01:00:00,/Volumes/Argus/unk/snap/c1/1759280400.c1.snap.jpg,0.44781667
2025-10-01 01:30:00,/Volumes/Argus/unk/snap/c1/1759282200.c1.snap.jpg,0.38270438
2025-10-01 02:00:00,/Volumes/Argus/unk/snap/c1/1759284000.c1.snap.jpg,0.33540818
2025-10-01 02:30:00,/Volumes/Argus/unk/snap/c1/1759285800.c1.snap.jpg,0.4445519
2025-10-01 03:00:00,/Volumes/Argus/unk/snap/c1/1759287600.c1.snap.jpg,0.52775675
2025-10-01 03:30:00,/Volumes/Argus/unk/snap/c1/1759289400.c1.snap.jpg,0.49887323
2025-10-01 04:00:00,/Volumes/Argus/unk/snap/c1/1759291200.c1.snap.jpg,0.41053182
2025-10-01 04:30:00,/Volumes/Argus/unk/snap/c1/1759293000.c1.snap.jpg,0.4528998
2025-10-01 05:00:00,/Volumes/Argus/unk/snap/c1/1759294800.c1.snap.jpg,1.26645
2025-10-02 01:00:00,/Volumes/Argus/unk/snap/c1/1759366800.c1.snap.jpg,0.32696378
2025-10-02 16:30:00,/Volumes/Argus/unk/snap/c1/1759422600.c1.snap.jpg,0.5925784
2025-10-02 17:00:00,/Volumes/Argus/unk/snap/c1/1759424400.c1.snap.jpg,0.7254191
2025-10-02 17:30:00,/Volumes/Argus/unk/snap/c1/1759426200.c1.snap.jpg,0.62936455
2025-10-02 18:00:00,/Volumes/Argus/unk/snap/c1/1759428000.c1.snap.jpg,0.64257187
2025-10-02 19:00:00,/Volumes/Argus/unk/snap/c1/1759431600.c1.snap.jpg,0.9582721
2025-10-02 19:30:00,/Volumes/Argus/unk/snap/c1/1759433400.c1.snap.jpg,0.97343725
2025-10-02 20:00:00,/Volumes/Argus/unk/snap/c1/1759435200.c1.snap.jpg,0.79038525
2025-10-02 20:30:00,/Volumes/Argus/unk/snap/c1/1759437000.c1.snap.jpg,0.6613181
2025-10-02 21:00:00,/Volumes/Argus/unk/snap/c1/1759438800.c1.snap.jpg,0.8093122
2025-10-02 21:30:00,/Volumes/Argus/unk/snap/c1/1759440600.c1.snap.jpg,0.77515996
2025-10-02 22:00:00,/Volumes/Argus/unk/snap/c1/1759442400.c1.snap.jpg,0.6195966
2025-10-02 22:30:00,/Volumes/Argus/unk/snap/c1/1759444200.c1.snap.jpg,0.64322853
2025-10-02 23:00:00,/Volumes/Argus/unk/snap/c1/1759446000.c1.snap.jpg,0.6130475
2025-10-02 23:30:00,/Volumes/Argus/unk/snap/c1/1759447800.c1.snap.jpg,0.7266827
2025-10-03 00:00:00,/Volumes/Argus/unk/snap/c1/1759449600.c1.snap.jpg,0.8530195
2025-10-03 00:30:00,/Volumes/Argus/unk/snap/c1/1759451400.c1.snap.jpg,0.61144805
2025-10-03 01:00:00,/Volumes/Argus/unk/snap/c1/1759453200.c1.snap.jpg,0.62799823
2025-10-03 01:30:00,/Volumes/Argus/unk/snap/c1/1759455000.c1.snap.jpg,0.7511003
2025-10-03 02:00:00,/Volumes/Argus/unk/snap/c1/1759456800.c1.snap.jpg,0.61971027
2025-10-03 02:30:00,/Volumes/Argus/unk/snap/c1/1759458600.c1.snap.jpg,0.61130106
2025-10-03 03:00:00,/Volumes/Argus/unk/snap/c1/1759460400.c1.snap.jpg,0.65462995
2025-10-03 04:00:00,/Volumes/Argus/unk/snap/c1/1759464000.c1.snap.jpg,0.6441027
2025-10-03 04:30:00,/Volumes/Argus/unk/snap/c1/1759465800.c1.snap.jpg,0.84184635
2025-10-03 05:00:00,/Volumes/Argus/unk/snap/c1/1759467600.c1.snap.jpg,0.8402862
2025-10-03 16:30:00,/Volumes/Argus/unk/snap/c1/1759509000.c1.snap.jpg,1.0395005
2025-10-03 17:00:00,/Volumes/Argus/unk/snap/c1/1759510800.c1.snap.jpg,1.199101
2025-10-03 17:30:00,/Volumes/Argus/unk/snap/c1/1759512600.c1.snap.jpg,1.1404204
2025-10-03 18:00:00,/Volumes/Argus/unk/snap/c1/1759514400.c1.snap.jpg,1.1072819
2025-10-03 18:30:00,/Volumes/Argus/unk/snap/c1/1759516200.c1.snap.jpg,0.9468113
2025-10-03 19:00:00,/Volumes/Argus/unk/snap/c1/1759518000.c1.snap.jpg,0.7103988
2025-10-03 19:30:00,/Volumes/Argus/unk/snap/c1/1759519800.c1.snap.jpg,0.87875664
2025-10-03 20:00:00,/Volumes/Argus/unk/snap/c1/1759521600.c1.snap.jpg,0.8005154
2025-10-03 20:30:00,/Volumes/Argus/unk/snap/c1/1759523400.c1.snap.jpg,0.8722893
2025-10-03 21:00:00,/Volumes/Argus/unk/snap/c1/1759525200.c1.snap.jpg,0.7925463
2025-10-03 21:30:00,/Volumes/Argus/unk/snap/c1/1759527000.c1.snap.jpg,0.83041406
2025-10-03 22:00:00,/Volumes/Argus/unk/snap/c1/1759528800.c1.snap.jpg,0.7377489
2025-10-03 22:30:00,/Volumes/Argus/unk/snap/c1/1759530600.c1.snap.jpg,0.74599016
2025-10-03 23:00:00,/Volumes/Argus/unk/snap/c1/1759532400.c1.snap.jpg,0.6309029
2025-10-03 23:30:00,/Volumes/Argus/unk/snap/c1/1759534200.c1.snap.jpg,0.5950724
2025-10-04 00:00:00,/Volumes/Argus/unk/snap/c1/1759536000.c1.snap.jpg,0.566148
2025-10-04 00:30:00,/Volumes/Argus/unk/snap/c1/1759537800.c1.snap.jpg,0.6136159
2025-10-04 01:00:00,/Volumes/Argus/unk/snap/c1/1759539600.c1.snap.jpg,0.5762999
2025-10-04 01:30:00,/Volumes/Argus/unk/snap/c1/1759541400.c1.snap.jpg,0.49888176
2025-10-04 02:00:00,/Volumes/Argus/unk/snap/c1/1759543200.c1.snap.jpg,0.44452357
2025-10-04 02:30:00,/Volumes/Argus/unk/snap/c1/1759545000.c1.snap.jpg,0.4573567
2025-10-04 03:30:00,/Volumes/Argus/unk/snap/c1/1759548600.c1.snap.jpg,0.46902877
2025-10-04 04:00:00,/Volumes/Argus/unk/snap/c1/1759550400.c1.snap.jpg,0.45954257
2025-10-04 04:30:00,/Volumes/Argus/unk/snap/c1/1759552200.c1.snap.jpg,0.5971238
2025-10-04 16:30:00,/Volumes/Argus/unk/snap/c1/1759595400.c1.snap.jpg,0.36674327
2025-10-04 17:00:00,/Volumes/Argus/unk/snap/c1/1759597200.c1.snap.jpg,0.34537405
2025-10-04 17:30:00,/Volumes/Argus/unk/snap/c1/1759599000.c1.snap.jpg,0.38301933
2025-10-04 18:00:00,/Volumes/Argus/unk/snap/c1/1759600800.c1.snap.jpg,0.42549023
2025-10-04 18:30:00,/Volumes/Argus/unk/snap/c1/1759602600.c1.snap.jpg,0.44755298
2025-10-04 19:00:00,/Volumes/Argus/unk/snap/c1/1759604400.c1.snap.jpg,0.4418874
2025-10-04 19:30:00,/Volumes/Argus/unk/snap/c1/1759606200.c1.snap.jpg,0.4262757
2025-10-04 20:00:00,/Volumes/Argus/unk/snap/c1/1759608000.c1.snap.jpg,0.44775313
2025-10-04 20:30:00,/Volumes/Argus/unk/snap/c1/1759609800.c1.snap.jpg,0.46461478
2025-10-04 21:00:00,/Volumes/Argus/unk/snap/c1/1759611600.c1.snap.jpg,0.45151895
2025-10-04 21:30:00,/Volumes/Argus/unk/snap/c1/1759613400.c1.snap.jpg,0.39852464
2025-10-04 22:00:00,/Volumes/Argus/unk/snap/c1/1759615200.c1.snap.jpg,0.41185343
2025-10-04 22:30:00,/Volumes/Argus/unk/snap/c1/1759617000.c1.snap.jpg,0.35373166
2025-10-04 23:00:00,/Volumes/Argus/unk/snap/c1/1759618800.c1.snap.jpg,0.4163
2025-10-04 23:30:00,/Volumes/Argus/unk/snap/c1/1759620600.c1.snap.jpg,0.43581873
2025-10-05 00:00:00,/Volumes/Argus/unk/snap/c1/1759622400.c1.snap.jpg,0.48322314
2025-10-05 00:30:00,/Volumes/Argus/unk/snap/c1/1759624200.c1.snap.jpg,0.47454602
2025-10-05 01:00:00,/Volumes/Argus/unk/snap/c1/1759626000.c1.snap.jpg,0.48267436
2025-10-05 01:30:00,/Volumes/Argus/unk/snap/c1/1759627800.c1.snap.jpg,0.45041814
2025-10-05 02:00:00,/Volumes/Argus/unk/snap/c1/1759629600.c1.snap.jpg,0.40515524
2025-10-05 02:30:00,/Volumes/Argus/unk/snap/c1/1759631400.c1.snap.jpg,0.41931784
2025-10-05 03:00:00,/Volumes/Argus/unk/snap/c1/1759633200.c1.snap.jpg,0.5680857
2025-10-05 03:30:00,/Volumes/Argus/unk/snap/c1/1759635000.c1.snap.jpg,0.37977666
2025-10-05 04:00:00,/Volumes/Argus/unk/snap/c1/1759636800.c1.snap.jpg,0.5974684
2025-10-05 04:30:00,/Volumes/Argus/unk/snap/c1/1759638600.c1.snap.jpg,0.9620549
2025-10-05 16:30:00,/Volumes/Argus/unk/snap/c1/1759681800.c1.snap.jpg,0.34722775
2025-10-05 17:00:00,/Volumes/Argus/unk/snap/c1/1759683600.c1.snap.jpg,0.39419216
2025-10-05 17:30:00,/Volumes/Argus/unk/snap/c1/1759685400.c1.snap.jpg,0.42046702
2025-10-05 18:30:00,/Volumes/Argus/unk/snap/c1/1759689000.c1.snap.jpg,0.5284441
2025-10-05 19:00:00,/Volumes/Argus/unk/snap/c1/1759690800.c1.snap.jpg,0.4463424
2025-10-05 19:30:00,/Volumes/Argus/unk/snap/c1/1759692600.c1.snap.jpg,0.567774
2025-10-05 20:00:00,/Volumes/Argus/unk/snap/c1/1759694400.c1.snap.jpg,0.32882518
2025-10-05 20:30:00,/Volumes/Argus/unk/snap/c1/1759696200.c1.snap.jpg,0.43800867
2025-10-05 21:00:00,/Volumes/Argus/unk/snap/c1/1759698000.c1.snap.jpg,0.3335723
2025-10-05 21:30:00,/Volumes/Argus/unk/snap/c1/1759699800.c1.snap.jpg,0.51408166
2025-10-05 22:00:00,/Volumes/Argus/unk/snap/c1/1759701600.c1.snap.jpg,0.60133237
2025-10-05 22:30:00,/Volumes/Argus/unk/snap/c1/1759703400.c1.snap.jpg,0.3670759
2025-10-05 23:00:00,/Volumes/Argus/unk/snap/c1/1759705200.c1.snap.jpg,0.57347006
2025-10-05 23:30:00,/Volumes/Argus/unk/snap/c1/1759707000.c1.snap.jpg,0.5557288
2025-10-06 00:00:00,/Volumes/Argus/unk/snap/c1/1759708800.c1.snap.jpg,0.5897384
2025-10-06 00:30:00,/Volumes/Argus/unk/snap/c1/1759710600.c1.snap.jpg,0.4183169
2025-10-06 01:00:00,/Volumes/Argus/unk/snap/c1/1759712400.c1.snap.jpg,0.4301347
2025-10-06 01:30:00,/Volumes/Argus/unk/snap/c1/1759714200.c1.snap.jpg,0.47862712
2025-10-06 02:00:00,/Volumes/Argus/unk/snap/c1/1759716000.c1.snap.jpg,0.49748105
2025-10-06 02:30:00,/Volumes/Argus/unk/snap/c1/1759717800.c1.snap.jpg,0.4465504
2025-10-06 03:00:00,/Volumes/Argus/unk/snap/c1/1759719600.c1.snap.jpg,0.44196188
2025-10-06 03:30:00,/Volumes/Argus/unk/snap/c1/1759721400.c1.snap.jpg,0.5612551
2025-10-06 04:00:00,/Volumes/Argus/unk/snap/c1/1759723200.c1.snap.jpg,0.47077698
2025-10-06 04:30:00,/Volumes/Argus/unk/snap/c1/1759725000.c1.snap.jpg,0.57865596
2025-10-06 16:30:00,/Volumes/Argus/unk/snap/c1/1759768200.c1.snap.jpg,0.5015311
2025-10-06 17:00:00,/Volumes/Argus/unk/snap/c1/1759770000.c1.snap.jpg,0.42665955
2025-10-06 17:30:00,/Volumes/Argus/unk/snap/c1/1759771800.c1.snap.jpg,0.5884689
2025-10-06 18:00:00,/Volumes/Argus/unk/snap/c1/1759773600.c1.snap.jpg,0.52610004
2025-10-06 18:30:00,/Volumes/Argus/unk/snap/c1/1759775400.c1.snap.jpg,0.539689
2025-10-06 19:00:00,/Volumes/Argus/unk/snap/c1/1759777200.c1.snap.jpg,0.51946604
2025-10-06 19:30:00,/Volumes/Argus/unk/snap/c1/1759779000.c1.snap.jpg,0.58229196
2025-10-06 20:00:00,/Volumes/Argus/unk/snap/c1/1759780800.c1.snap.jpg,0.4406533
2025-10-06 20:30:00,/Volumes/Argus/unk/snap/c1/1759782600.c1.snap.jpg,0.57609063
2025-10-06 21:00:00,/Volumes/Argus/unk/snap/c1/1759784400.c1.snap.jpg,0.4714931
2025-10-06 21:30:00,/Volumes/Argus/unk/snap/c1/1759786200.c1.snap.jpg,0.52017754
2025-10-06 22:00:00,/Volumes/Argus/unk/snap/c1/1759788000.c1.snap.jpg,0.33331412
2025-10-06 22:30:00,/Volumes/Argus/unk/snap/c1/1759789800.c1.snap.jpg,0.35398704
2025-10-06 23:00:00,/Volumes/Argus/unk/snap/c1/1759791600.c1.snap.jpg,0.34643775
2025-10-06 23:30:00,/Volumes/Argus/unk/snap/c1/1759793400.c1.snap.jpg,0.4560279
2025-10-07 00:00:00,/Volumes/Argus/unk/snap/c1/1759795200.c1.snap.jpg,0.49196452
2025-10-07 00:30:00,/Volumes/Argus/unk/snap/c1/1759797000.c1.snap.jpg,0.39905876
2025-10-07 01:00:00,/Volumes/Argus/unk/snap/c1/1759798800.c1.snap.jpg,0.5201884
2025-10-07 01:30:00,/Volumes/Argus/unk/snap/c1/1759800600.c1.snap.jpg,0.6426413
2025-10-07 02:00:00,/Volumes/Argus/unk/snap/c1/1759802400.c1.snap.jpg,0.55443
2025-10-07 02:30:00,/Volumes/Argus/unk/snap/c1/1759804200.c1.snap.jpg,0.62397146
2025-10-07 03:00:00,/Volumes/Argus/unk/snap/c1/1759806000.c1.snap.jpg,0.5677129
2025-10-07 03:30:00,/Volumes/Argus/unk/snap/c1/1759807800.c1.snap.jpg,0.5502575
2025-10-07 04:00:00,/Volumes/Argus/unk/snap/c1/1759809600.c1.snap.jpg,0.33418754
2025-10-07 16:30:00,/Volumes/Argus/unk/snap/c1/1759854600.c1.snap.jpg,0.5015573
2025-10-07 17:00:00,/Volumes/Argus/unk/snap/c1/1759856400.c1.snap.jpg,0.5083165
2025-10-07 17:30:00,/Volumes/Argus/unk/snap/c1/1759858200.c1.snap.jpg,0.46177638
2025-10-07 18:00:00,/Volumes/Argus/unk/snap/c1/1759860000.c1.snap.jpg,0.55082923
2025-10-07 18:30:00,/Volumes/Argus/unk/snap/c1/1759861800.c1.snap.jpg,0.607435
2025-10-07 19:00:00,/Volumes/Argus/unk/snap/c1/1759863600.c1.snap.jpg,0.7605891
2025-10-07 19:30:00,/Volumes/Argus/unk/snap/c1/1759865400.c1.snap.jpg,0.70452553
2025-10-07 20:00:00,/Volumes/Argus/unk/snap/c1/1759867200.c1.snap.jpg,0.76771516
2025-10-07 20:30:00,/Volumes/Argus/unk/snap/c1/1759869000.c1.snap.jpg,0.90150917
2025-10-07 21:00:00,/Volumes/Argus/unk/snap/c1/1759870800.c1.snap.jpg,0.80621964
2025-10-07 21:30:00,/Volumes/Argus/unk/snap/c1/1759872600.c1.snap.jpg,0.77822924
2025-10-07 22:30:00,/Volumes/Argus/unk/snap/c1/1759876200.c1.snap.jpg,0.8631965
2025-10-07 23:00:00,/Volumes/Argus/unk/snap/c1/1759878000.c1.snap.jpg,0.8295162
2025-10-07 23:30:00,/Volumes/Argus/unk/snap/c1/1759879800.c1.snap.jpg,0.74796504
2025-10-08 00:00:00,/Volumes/Argus/unk/snap/c1/1759881600.c1.snap.jpg,0.8327358
2025-10-08 00:30:00,/Volumes/Argus/unk/snap/c1/1759883400.c1.snap.jpg,0.9018053
2025-10-08 01:00:00,/Volumes/Argus/unk/snap/c1/1759885200.c1.snap.jpg,0.935404
2025-10-08 01:30:00,/Volumes/Argus/unk/snap/c1/1759887000.c1.snap.jpg,0.94830143
2025-10-08 02:00:00,/Volumes/Argus/unk/snap/c1/1759888800.c1.snap.jpg,0.8714349
2025-10-08 02:30:00,/Volumes/Argus/unk/snap/c1/1759890600.c1.snap.jpg,0.91914505
2025-10-08 03:00:00,/Volumes/Argus/unk/snap/c1/1759892400.c1.snap.jpg,0.8461541
2025-10-08 03:30:00,/Volumes/Argus/unk/snap/c1/1759894200.c1.snap.jpg,0.78453064
2025-10-08 04:00:00,/Volumes/Argus/unk/snap/c1/1759896000.c1.snap.jpg,0.9655701
2025-10-08 04:30:00,/Volumes/Argus/unk/snap/c1/1759897800.c1.snap.jpg,1.9177659
2025-10-08 16:30:00,/Volumes/Argus/unk/snap/c1/1759941000.c1.snap.jpg,1.17168
2025-10-08 17:00:00,/Volumes/Argus/unk/snap/c1/1759942800.c1.snap.jpg,1.081686
2025-10-08 17:30:00,/Volumes/Argus/unk/snap/c1/1759944600.c1.snap.jpg,1.3020942
2025-10-08 18:00:00,/Volumes/Argus/unk/snap/c1/1759946400.c1.snap.jpg,1.1916188
2025-10-08 18:30:00,/Volumes/Argus/unk/snap/c1/1759948200.c1.snap.jpg,1.0958536
2025-10-08 19:00:00,/Volumes/Argus/unk/snap/c1/1759950000.c1.snap.jpg,0.86914325
2025-10-08 19:30:00,/Volumes/Argus/unk/snap/c1/1759951800.c1.snap.jpg,0.5307355
2025-10-08 20:00:00,/Volumes/Argus/unk/snap/c1/1759953600.c1.snap.jpg,0.7579221
2025-10-08 20:30:00,/Volumes/Argus/unk/snap/c1/1759955400.c1.snap.jpg,0.8597245
2025-10-08 21:00:00,/Volumes/Argus/unk/snap/c1/1759957200.c1.snap.jpg,1.4952781
2025-10-08 21:30:00,/Volumes/Argus/unk/snap/c1/1759959000.c1.snap.jpg,1.392002
2025-10-08 22:00:00,/Volumes/Argus/unk/snap/c1/1759960800.c1.snap.jpg,1.4631089
2025-10-08 22:30:00,/Volumes/Argus/unk/snap/c1/1759962600.c1.snap.jpg,1.4448522
2025-10-08 23:00:00,/Volumes/Argus/unk/snap/c1/1759964400.c1.snap.jpg,1.4829389
2025-10-08 23:30:00,/Volumes/Argus/unk/snap/c1/1759966200.c1.snap.jpg,1.2906249
2025-10-09 00:00:00,/Volumes/Argus/unk/snap/c1/1759968000.c1.snap.jpg,1.3602884
2025-10-09 00:30:00,/Volumes/Argus/unk/snap/c1/1759969800.c1.snap.jpg,0.98052365
2025-10-09 01:00:00,/Volumes/Argus/unk/snap/c1/1759971600.c1.snap.jpg,1.425914
2025-10-09 01:30:00,/Volumes/Argus/unk/snap/c1/1759973400.c1.snap.jpg,1.3724352
2025-10-09 02:00:00,/Volumes/Argus/unk/snap/c1/1759975200.c1.snap.jpg,1.5121281
2025-10-09 02:30:00,/Volumes/Argus/unk/snap/c1/1759977000.c1.snap.jpg,1.2891412
2025-10-09 03:00:00,/Volumes/Argus/unk/snap/c1/1759978800.c1.snap.jpg,1.271565
2025-10-09 04:00:00,/Volumes/Argus/unk/snap/c1/1759982400.c1.snap.jpg,1.6914501
2025-10-09 04:30:00,/Volumes/Argus/unk/snap/c1/1759984200.c1.snap.jpg,1.7749908
