time,path,H
2025-10-09 16:30:00,/Volumes/Argus/unk/snap/c1/1760027400.c1.snap.jpg,0.87440467
2025-10-09 17:00:00,/Volumes/Argus/unk/snap/c1/1760029200.c1.snap.jpg,0.6457103
2025-10-09 17:30:00,/Volumes/Argus/unk/snap/c1/1760031000.c1.snap.jpg,0.7409018
2025-10-09 18:00:00,/Volumes/Argus/unk/snap/c1/1760032800.c1.snap.jpg,0.6961846
2025-10-09 18:30:00,/Volumes/Argus/unk/snap/c1/1760034600.c1.snap.jpg,0.8719094
2025-10-09 19:00:00,/Volumes/Argus/unk/snap/c1/1760036400.c1.snap.jpg,0.87985426
2025-10-09 19:30:00,/Volumes/Argus/unk/snap/c1/1760038200.c1.snap.jpg,0.87975657
2025-10-09 20:00:00,/Volumes/Argus/unk/snap/c1/1760040000.c1.snap.jpg,1.1123664
2025-10-09 20:30:00,/Volumes/Argus/unk/snap/c1/1760041800.c1.snap.jpg,0.7560257
2025-10-09 21:00:00,/Volumes/Argus/unk/snap/c1/1760043600.c1.snap.jpg,0.846436
2025-10-09 21:30:00,/Volumes/Argus/unk/snap/c1/1760045400.c1.snap.jpg,0.91028583
2025-10-09 22:00:00,/Volumes/Argus/unk/snap/c1/1760047200.c1.snap.jpg,0.59381664
2025-10-09 22:30:00,/Volumes/Argus/unk/snap/c1/1760049000.c1.snap.jpg,0.84646
2025-10-09 23:00:00,/Volumes/Argus/unk/snap/c1/1760050800.c1.snap.jpg,0.87550867
2025-10-09 23:30:00,/Volumes/Argus/unk/snap/c1/1760052600.c1.snap.jpg,0.86002403
2025-10-10 00:00:00,/Volumes/Argus/unk/snap/c1/1760054400.c1.snap.jpg,0.6657785
2025-10-10 00:30:00,/Volumes/Argus/unk/snap/c1/1760056200.c1.snap.jpg,0.7455571
2025-10-10 01:00:00,/Volumes/Argus/unk/snap/c1/1760058000.c1.snap.jpg,0.97552854
2025-10-10 01:30:00,/Volumes/Argus/unk/snap/c1/1760059800.c1.snap.jpg,0.79131585
2025-10-10 02:00:00,/Volumes/Argus/unk/snap/c1/1760061600.c1.snap.jpg,0.75339013
2025-10-10 02:30:00,/Volumes/Argus/unk/snap/c1/1760063400.c1.snap.jpg,0.8579927
2025-10-10 03:00:00,/Volumes/Argus/unk/snap/c1/1760065200.c1.snap.jpg,0.9110562
2025-10-10 03:30:00,/Volumes/Argus/unk/snap/c1/1760067000.c1.snap.jpg,1.1209605
2025-10-10 04:00:00,/Volumes/Argus/unk/snap/c1/1760068800.c1.snap.jpg,0.7385077
2025-10-10 04:30:00,/Volumes/Argus/unk/snap/c1/1760070600.c1.snap.jpg,0.8697045
2025-10-18 17:00:00,/Volumes/Argus/unk/snap/c1/1760806800.c1.snap.jpg,0.9166899
2025-10-18 17:30:00,/Volumes/Argus/unk/snap/c1/1760808600.c1.snap.jpg,0.9816017
2025-10-18 18:30:00,/Volumes/Argus/unk/snap/c1/1760812200.c1.snap.jpg,0.886824
2025-10-18 19:00:00,/Volumes/Argus/unk/snap/c1/1760814000.c1.snap.jpg,1.1312394
2025-10-18 19:30:00,/Volumes/Argus/unk/snap/c1/1760815800.c1.snap.jpg,0.9196469
2025-10-18 20:00:00,/Volumes/Argus/unk/snap/c1/1760817600.c1.snap.jpg,0.8980242
2025-10-18 20:30:00,/Volumes/Argus/unk/snap/c1/1760819400.c1.snap.jpg,0.9784819
2025-10-18 21:00:00,/Volumes/Argus/unk/snap/c1/1760821200.c1.snap.jpg,0.84546506
2025-10-18 21:30:00,/Volumes/Argus/unk/snap/c1/1760823000.c1.snap.jpg,0.914815
2025-10-18 22:30:00,/Volumes/Argus/unk/snap/c1/1760826600.c1.snap.jpg,0.7958553
2025-10-18 23:00:00,/Volumes/Argus/unk/snap/c1/1760828400.c1.snap.jpg,0.69863963
2025-10-18 23:30:00,/Volumes/Argus/unk/snap/c1/1760830200.c1.snap.jpg,0.7257273
2025-10-19 00:00:00,/Volumes/Argus/unk/snap/c1/1760832000.c1.snap.jpg,0.5963237
2025-10-19 00:30:00,/Volumes/Argus/unk/snap/c1/1760833800.c1.snap.jpg,0.46661288
2025-10-19 01:00:00,/Volumes/Argus/unk/snap/c1/1760835600.c1.snap.jpg,0.60406137
2025-10-19 01:30:00,/Volumes/Argus/unk/snap/c1/1760837400.c1.snap.jpg,0.64243746
2025-10-19 02:00:00,/Volumes/Argus/unk/snap/c1/1760839200.c1.snap.jpg,0.52270126
2025-10-19 02:30:00,/Volumes/Argus/unk/snap/c1/1760841000.c1.snap.jpg,0.43012762
2025-10-19 03:00:00,/Volumes/Argus/unk/snap/c1/1760842800.c1.snap.jpg,0.5424054
2025-10-19 03:30:00,/Volumes/Argus/unk/snap/c1/1760844600.c1.snap.jpg,0.6305809
2025-10-19 04:00:00,/Volumes/Argus/unk/snap/c1/1760846400.c1.snap.jpg,0.79042643
2025-10-19 17:00:00,/Volumes/Argus/unk/snap/c1/1760893200.c1.snap.jpg,0.6367792
2025-10-19 17:30:00,/Volumes/Argus/unk/snap/c1/1760895000.c1.snap.jpg,0.29973537
2025-10-19 18:00:00,/Volumes/Argus/unk/snap/c1/1760896800.c1.snap.jpg,0.5152651
2025-10-19 18:30:00,/Volumes/Argus/unk/snap/c1/1760898600.c1.snap.jpg,0.43656993
2025-10-19 19:00:00,/Volumes/Argus/unk/snap/c1/1760900400.c1.snap.jpg,0.33963674
2025-10-19 19:30:00,/Volumes/Argus/unk/snap/c1/1760902200.c1.snap.jpg,0.26014155
2025-10-19 20:00:00,/Volumes/Argus/unk/snap/c1/1760904000.c1.snap.jpg,0.29404774
2025-10-19 20:30:00,/Volumes/Argus/unk/snap/c1/1760905800.c1.snap.jpg,0.28708017
2025-10-19 21:00:00,/Volumes/Argus/unk/snap/c1/1760907600.c1.snap.jpg,0.34436724
2025-10-19 21:30:00,/Volumes/Argus/unk/snap/c1/1760909400.c1.snap.jpg,0.40076196
2025-10-19 22:00:00,/Volumes/Argus/unk/snap/c1/1760911200.c1.snap.jpg,0.35171834
2025-10-19 23:00:00,/Volumes/Argus/unk/snap/c1/1760914800.c1.snap.jpg,0.2799727
2025-10-19 23:30:00,/Volumes/Argus/unk/snap/c1/1760916600.c1.snap.jpg,0.3604636
2025-10-20 00:00:00,/Volumes/Argus/unk/snap/c1/1760918400.c1.snap.jpg,0.3405399
2025-10-20 00:30:00,/Volumes/Argus/unk/snap/c1/1760920200.c1.snap.jpg,0.5071058
2025-10-20 01:00:00,/Volumes/Argus/unk/snap/c1/1760922000.c1.snap.jpg,0.38274413
2025-10-20 01:30:00,/Volumes/Argus/unk/snap/c1/1760923800.c1.snap.jpg,0.34927797
2025-10-20 02:00:00,/Volumes/Argus/unk/snap/c1/1760925600.c1.snap.jpg,0.571743
2025-10-20 02:30:00,/Volumes/Argus/unk/snap/c1/1760927400.c1.snap.jpg,0.3999914
2025-10-20 03:00:00,/Volumes/Argus/unk/snap/c1/1760929200.c1.snap.jpg,0.4865416
2025-10-20 03:30:00,/Volumes/Argus/unk/snap/c1/1760931000.c1.snap.jpg,0.4425127
2025-10-20 04:00:00,/Volumes/Argus/unk/snap/c1/1760932800.c1.snap.jpg,0.40070468
2025-10-20 17:00:00,/Volumes/Argus/unk/snap/c1/1760979600.c1.snap.jpg,0.29338917
2025-10-20 17:30:00,/Volumes/Argus/unk/snap/c1/1760981400.c1.snap.jpg,0.26262861
2025-10-20 18:00:00,/Volumes/Argus/unk/snap/c1/1760983200.c1.snap.jpg,0.43784082
2025-10-20 18:30:00,/Volumes/Argus/unk/snap/c1/1760985000.c1.snap.jpg,0.59916806
2025-10-20 19:00:00,/Volumes/Argus/unk/snap/c1/1760986800.c1.snap.jpg,0.44777504
2025-10-20 19:30:00,/Volumes/Argus/unk/snap/c1/1760988600.c1.snap.jpg,0.27622262
2025-10-20 20:00:00,/Volumes/Argus/unk/snap/c1/1760990400.c1.snap.jpg,0.5377365
2025-10-20 20:30:00,/Volumes/Argus/unk/snap/c1/1760992200.c1.snap.jpg,0.48712173
2025-10-20 21:00:00,/Volumes/Argus/unk/snap/c1/1760994000.c1.snap.jpg,0.64207065
2025-10-20 21:30:00,/Volumes/Argus/unk/snap/c1/1760995800.c1.snap.jpg,0.561934
2025-10-20 22:00:00,/Volumes/Argus/unk/snap/c1/1760997600.c1.snap.jpg,0.37314457
2025-10-20 22:30:00,/Volumes/Argus/unk/snap/c1/1760999400.c1.snap.jpg,0.41194487
2025-10-20 23:00:00,/Volumes/Argus/unk/snap/c1/1761001200.c1.snap.jpg,0.46603057
2025-10-20 23:30:00,/Volumes/Argus/unk/snap/c1/1761003000.c1.snap.jpg,0.38873062
2025-10-21 00:00:00,/Volumes/Argus/unk/snap/c1/1761004800.c1.snap.jpg,0.49320513
2025-10-21 00:30:00,/Volumes/Argus/unk/snap/c1/1761006600.c1.snap.jpg,0.38352513
2025-10-21 01:00:00,/Volumes/Argus/unk/snap/c1/1761008400.c1.snap.jpg,0.32679734
2025-10-21 01:30:00,/Volumes/Argus/unk/snap/c1/1761010200.c1.snap.jpg,0.50437874
2025-10-21 02:00:00,/Volumes/Argus/unk/snap/c1/1761012000.c1.snap.jpg,0.5125288
2025-10-21 02:30:00,/Volumes/Argus/unk/snap/c1/1761013800.c1.snap.jpg,0.57687694
2025-10-21 03:00:00,/Volumes/Argus/unk/snap/c1/1761015600.c1.snap.jpg,0.5541934
2025-10-21 03:30:00,/Volumes/Argus/unk/snap/c1/1761017400.c1.snap.jpg,0.38480526
2025-10-21 04:00:00,/Volumes/Argus/unk/snap/c1/1761019200.c1.snap.jpg,0.4281464
2025-10-31 17:30:00,/Volumes/Argus/unk/snap/c1/1761931800.c1.snap.jpg,0.5786578
2025-10-31 18:00:00,/Volumes/Argus/unk/snap/c1/1761933600.c1.snap.jpg,0.4172184
2025-10-31 18:30:00,/Volumes/Argus/unk/snap/c1/1761935400.c1.snap.jpg,0.5305662
2025-10-31 19:00:00,/Volumes/Argus/unk/snap/c1/1761937200.c1.snap.jpg,0.60746825
2025-10-31 19:30:00,/Volumes/Argus/unk/snap/c1/1761939000.c1.snap.jpg,0.6457501
2025-10-31 20:00:00,/Volumes/Argus/unk/snap/c1/1761940800.c1.snap.jpg,0.6271179
2025-10-31 20:30:00,/Volumes/Argus/unk/snap/c1/1761942600.c1.snap.jpg,0.62378234
2025-10-31 21:00:00,/Volumes/Argus/unk/snap/c1/1761944400.c1.snap.jpg,0.6624495
2025-10-31 21:30:00,/Volumes/Argus/unk/snap/c1/1761946200.c1.snap.jpg,0.6612751
2025-10-31 22:00:00,/Volumes/Argus/unk/snap/c1/1761948000.c1.snap.jpg,0.74490845
2025-10-31 22:30:00,/Volumes/Argus/unk/snap/c1/1761949800.c1.snap.jpg,0.74322474
2025-10-31 23:00:00,/Volumes/Argus/unk/snap/c1/1761951600.c1.snap.jpg,0.5897591
2025-10-31 23:30:00,/Volumes/Argus/unk/snap/c1/1761953400.c1.snap.jpg,0.66710293
2025-11-01 00:00:00,/Volumes/Argus/unk/snap/c1/1761955200.c1.snap.jpg,0.6862181
2025-11-01 00:30:00,/Volumes/Argus/unk/snap/c1/1761957000.c1.snap.jpg,0.7016262
2025-11-01 01:30:00,/Volumes/Argus/unk/snap/c1/1761960600.c1.snap.jpg,0.61260605
2025-11-01 02:00:00,/Volumes/Argus/unk/snap/c1/1761962400.c1.snap.jpg,0.6450554
2025-11-01 02:30:00,/Volumes/Argus/unk/snap/c1/1761964200.c1.snap.jpg,0.56138045
2025-11-01 03:00:00,/Volumes/Argus/unk/snap/c1/1761966000.c1.snap.jpg,0.60413724
2025-11-01 18:00:00,/Volumes/Argus/unk/snap/c1/1762020000.c1.snap.jpg,0.5117854
2025-11-01 18:30:00,/Volumes/Argus/unk/snap/c1/1762021800.c1.snap.jpg,0.5131166
2025-11-01 19:00:00,/Volumes/Argus/unk/snap/c1/1762023600.c1.snap.jpg,0.5857599
2025-11-01 19:30:00,/Volumes/Argus/unk/snap/c1/1762025400.c1.snap.jpg,0.5515125
2025-11-01 20:00:00,/Volumes/Argus/unk/snap/c1/1762027200.c1.snap.jpg,0.59746593
2025-11-01 20:30:00,/Volumes/Argus/unk/snap/c1/1762029000.c1.snap.jpg,0.5794865
2025-11-01 21:00:00,/Volumes/Argus/unk/snap/c1/1762030800.c1.snap.jpg,0.55598444
2025-11-01 21:30:00,/Volumes/Argus/unk/snap/c1/1762032600.c1.snap.jpg,0.6005342
2025-11-01 22:00:00,/Volumes/Argus/unk/snap/c1/1762034400.c1.snap.jpg,0.6094724
2025-11-01 22:30:00,/Volumes/Argus/unk/snap/c1/1762036200.c1.snap.jpg,0.6253689
2025-11-01 23:00:00,/Volumes/Argus/unk/snap/c1/1762038000.c1.snap.jpg,0.50742245
2025-11-01 23:30:00,/Volumes/Argus/unk/snap/c1/1762039800.c1.snap.jpg,0.5748251
2025-11-02 00:00:00,/Volumes/Argus/unk/snap/c1/1762041600.c1.snap.jpg,0.6186085
2025-11-02 00:30:00,/Volumes/Argus/unk/snap/c1/1762043400.c1.snap.jpg,0.4658396
2025-11-02 01:00:00,/Volumes/Argus/unk/snap/c1/1762045200.c1.snap.jpg,0.6856605
2025-11-02 01:30:00,/Volumes/Argus/unk/snap/c1/1762047000.c1.snap.jpg,0.61795354
2025-11-02 02:00:00,/Volumes/Argus/unk/snap/c1/1762048800.c1.snap.jpg,0.6813431
2025-11-02 02:30:00,/Volumes/Argus/unk/snap/c1/1762050600.c1.snap.jpg,0.8572058
2025-11-02 03:00:00,/Volumes/Argus/unk/snap/c1/1762052400.c1.snap.jpg,0.7178224
2025-11-02 18:00:00,/Volumes/Argus/unk/snap/c1/1762106400.c1.snap.jpg,0.5975322
2025-11-02 18:30:00,/Volumes/Argus/unk/snap/c1/1762108200.c1.snap.jpg,0.4425816
2025-11-02 19:00:00,/Volumes/Argus/unk/snap/c1/1762110000.c1.snap.jpg,0.44067505
2025-11-02 19:30:00,/Volumes/Argus/unk/snap/c1/1762111800.c1.snap.jpg,0.55271363
2025-11-02 20:00:00,/Volumes/Argus/unk/snap/c1/1762113600.c1.snap.jpg,0.5558815
2025-11-02 20:30:00,/Volumes/Argus/unk/snap/c1/1762115400.c1.snap.jpg,0.56657916
2025-11-02 21:00:00,/Volumes/Argus/unk/snap/c1/1762117200.c1.snap.jpg,0.4608246
2025-11-02 21:30:00,/Volumes/Argus/unk/snap/c1/1762119000.c1.snap.jpg,0.44451335
2025-11-02 22:00:00,/Volumes/Argus/unk/snap/c1/1762120800.c1.snap.jpg,0.5108512
2025-11-02 22:30:00,/Volumes/Argus/unk/snap/c1/1762122600.c1.snap.jpg,0.5012342
2025-11-02 23:00:00,/Volumes/Argus/unk/snap/c1/1762124400.c1.snap.jpg,0.47738138
2025-11-02 23:30:00,/Volumes/Argus/unk/snap/c1/1762126200.c1.snap.jpg,0.5873051
2025-11-03 00:00:00,/Volumes/Argus/unk/snap/c1/1762128000.c1.snap.jpg,0.84757656
2025-11-03 00:30:00,/Volumes/Argus/unk/snap/c1/1762129800.c1.snap.jpg,0.83736575
2025-11-03 01:00:00,/Volumes/Argus/unk/snap/c1/1762131600.c1.snap.jpg,0.8174473
2025-11-03 01:30:00,/Volumes/Argus/unk/snap/c1/1762133400.c1.snap.jpg,0.9609197
2025-11-03 02:00:00,/Volumes/Argus/unk/snap/c1/1762135200.c1.snap.jpg,0.63079274
2025-11-03 02:30:00,/Volumes/Argus/unk/snap/c1/1762137000.c1.snap.jpg,0.6345986
2025-11-03 03:00:00,/Volumes/Argus/unk/snap/c1/1762138800.c1.snap.jpg,0.6122484
2025-11-03 18:00:00,/Volumes/Argus/unk/snap/c1/1762192800.c1.snap.jpg,0.5388865
2025-11-03 18:30:00,/Volumes/Argus/unk/snap/c1/1762194600.c1.snap.jpg,0.41871434
2025-11-03 19:00:00,/Volumes/Argus/unk/snap/c1/1762196400.c1.snap.jpg,0.3454123
2025-11-03 19:30:00,/Volumes/Argus/unk/snap/c1/1762198200.c1.snap.jpg,0.32109347
2025-11-03 20:00:00,/Volumes/Argus/unk/snap/c1/1762200000.c1.snap.jpg,0.4442758
2025-11-03 20:30:00,/Volumes/Argus/unk/snap/c1/1762201800.c1.snap.jpg,0.35232794
2025-11-03 21:00:00,/Volumes/Argus/unk/snap/c1/1762203600.c1.snap.jpg,0.55323267
2025-11-03 21:30:00,/Volumes/Argus/unk/snap/c1/1762205400.c1.snap.jpg,0.34707415
2025-11-03 22:00:00,/Volumes/Argus/unk/snap/c1/1762207200.c1.snap.jpg,0.35655767
2025-11-03 22:30:00,/Volumes/Argus/unk/snap/c1/1762209000.c1.snap.jpg,0.37724155
2025-11-03 23:00:00,/Volumes/Argus/unk/snap/c1/1762210800.c1.snap.jpg,0.3628564
2025-11-03 23:30:00,/Volumes/Argus/unk/snap/c1/1762212600.c1.snap.jpg,0.37342286
2025-11-04 00:00:00,/Volumes/Argus/unk/snap/c1/1762214400.c1.snap.jpg,0.3890361
2025-11-04 00:30:00,/Volumes/Argus/unk/snap/c1/1762216200.c1.snap.jpg,0.3522213
2025-11-04 01:00:00,/Volumes/Argus/unk/snap/c1/1762218000.c1.snap.jpg,0.29942387
2025-11-04 01:30:00,/Volumes/Argus/unk/snap/c1/1762219800.c1.snap.jpg,0.3084644
2025-11-04 02:00:00,/Volumes/Argus/unk/snap/c1/1762221600.c1.snap.jpg,0.3357742
2025-11-04 02:30:00,/Volumes/Argus/unk/snap/c1/1762223400.c1.snap.jpg,0.4984345
2025-11-04 03:00:00,/Volumes/Argus/unk/snap/c1/1762225200.c1.snap.jpg,0.47970438
2025-11-04 18:00:00,/Volumes/Argus/unk/snap/c1/1762279200.c1.snap.jpg,0.54015815
2025-11-04 18:30:00,/Volumes/Argus/unk/snap/c1/1762281000.c1.snap.jpg,0.49158478
2025-11-04 19:00:00,/Volumes/Argus/unk/snap/c1/1762282800.c1.snap.jpg,0.52010095
2025-11-04 19:30:00,/Volumes/Argus/unk/snap/c1/1762284600.c1.snap.jpg,0.48616382
2025-11-04 20:00:00,/Volumes/Argus/unk/snap/c1/1762286400.c1.snap.jpg,0.55767
2025-11-04 20:30:00,/Volumes/Argus/unk/snap/c1/1762288200.c1.snap.jpg,0.43708444
2025-11-04 21:00:00,/Volumes/Argus/unk/snap/c1/1762290000.c1.snap.jpg,0.38539764
2025-11-04 21:30:00,/Volumes/Argus/unk/snap/c1/1762291800.c1.snap.jpg,0.38300526
2025-11-04 22:00:00,/Volumes/Argus/unk/snap/c1/1762293600.c1.snap.jpg,0.42252642
2025-11-04 22:30:00,/Volumes/Argus/unk/snap/c1/1762295400.c1.snap.jpg,0.36540654
2025-11-04 23:00:00,/Volumes/Argus/unk/snap/c1/1762297200.c1.snap.jpg,0.37538797
2025-11-04 23:30:00,/Volumes/Argus/unk/snap/c1/1762299000.c1.snap.jpg,0.39240387
2025-11-05 00:00:00,/Volumes/Argus/unk/snap/c1/1762300800.c1.snap.jpg,0.3868205
2025-11-05 00:30:00,/Volumes/Argus/unk/snap/c1/1762302600.c1.snap.jpg,0.42718822
2025-11-05 01:00:00,/Volumes/Argus/unk/snap/c1/1762304400.c1.snap.jpg,0.4780808
2025-11-05 01:30:00,/Volumes/Argus/unk/snap/c1/1762306200.c1.snap.jpg,0.4185844
2025-11-05 02:00:00,/Volumes/Argus/unk/snap/c1/1762308000.c1.snap.jpg,0.37604195
2025-11-05 02:30:00,/Volumes/Argus/unk/snap/c1/1762309800.c1.snap.jpg,0.40612954
2025-11-05 03:00:00,/Volumes/Argus/unk/snap/c1/1762311600.c1.snap.jpg,0.7048304
2025-11-05 18:00:00,/Volumes/Argus/unk/snap/c1/1762365600.c1.snap.jpg,0.4916619
2025-11-05 18:30:00,/Volumes/Argus/unk/snap/c1/1762367400.c1.snap.jpg,0.35629013
2025-11-05 19:00:00,/Volumes/Argus/unk/snap/c1/1762369200.c1.snap.jpg,0.5624973
2025-11-05 20:00:00,/Volumes/Argus/unk/snap/c1/1762372800.c1.snap.jpg,0.4862021
2025-11-05 20:30:00,/Volumes/Argus/unk/snap/c1/1762374600.c1.snap.jpg,0.5092342
2025-11-05 21:00:00,/Volumes/Argus/unk/snap/c1/1762376400.c1.snap.jpg,0.5737716
2025-11-05 21:30:00,/Volumes/Argus/unk/snap/c1/1762378200.c1.snap.jpg,0.6229404
2025-11-05 22:00:00,/Volumes/Argus/unk/snap/c1/1762380000.c1.snap.jpg,0.82305634
2025-11-05 22:30:00,/Volumes/Argus/unk/snap/c1/1762381800.c1.snap.jpg,0.63431156
2025-11-05 23:00:00,/Volumes/Argus/unk/snap/c1/1762383600.c1.snap.jpg,0.54979324
2025-11-05 23:30:00,/Volumes/Argus/unk/snap/c1/1762385400.c1.snap.jpg,0.65565515
2025-11-06 00:00:00,/Volumes/Argus/unk/snap/c1/1762387200.c1.snap.jpg,0.6596861
2025-11-06 00:30:00,/Volumes/Argus/unk/snap/c1/1762389000.c1.snap.jpg,0.76972514
2025-11-06 01:00:00,/Volumes/Argus/unk/snap/c1/1762390800.c1.snap.jpg,0.5047656
2025-11-06 01:30:00,/Volumes/Argus/unk/snap/c1/1762392600.c1.snap.jpg,0.66938627
2025-11-06 02:00:00,/Volumes/Argus/unk/snap/c1/1762394400.c1.snap.jpg,0.5016196
2025-11-06 02:30:00,/Volumes/Argus/unk/snap/c1/1762396200.c1.snap.jpg,0.545684
2025-11-06 03:00:00,/Volumes/Argus/unk/snap/c1/1762398000.c1.snap.jpg,0.6290629
2025-11-06 18:00:00,/Volumes/Argus/unk/snap/c1/1762452000.c1.snap.jpg,0.52292514
2025-11-06 18:30:00,/Volumes/Argus/unk/snap/c1/1762453800.c1.snap.jpg,0.48313057
2025-11-06 19:00:00,/Volumes/Argus/unk/snap/c1/1762455600.c1.snap.jpg,0.553656
2025-11-06 19:30:00,/Volumes/Argus/unk/snap/c1/1762457400.c1.snap.jpg,0.68862617
2025-11-06 20:00:00,/Volumes/Argus/unk/snap/c1/1762459200.c1.snap.jpg,0.5318544
2025-11-06 20:30:00,/Volumes/Argus/unk/snap/c1/1762461000.c1.snap.jpg,0.6043614
2025-11-06 21:00:00,/Volumes/Argus/unk/snap/c1/1762462800.c1.snap.jpg,0.5777683
2025-11-06 21:30:00,/Volumes/Argus/unk/snap/c1/1762464600.c1.snap.jpg,0.5567775
2025-11-06 22:00:00,/Volumes/Argus/unk/snap/c1/1762466400.c1.snap.jpg,0.5515368
2025-11-06 22:30:00,/Volumes/Argus/unk/snap/c1/1762468200.c1.snap.jpg,0.5617513
2025-11-06 23:00:00,/Volumes/Argus/unk/snap/c1/1762470000.c1.snap.jpg,0.6025553
2025-11-06 23:30:00,/Volumes/Argus/unk/snap/c1/1762471800.c1.snap.jpg,0.595948
2025-11-07 00:00:00,/Volumes/Argus/unk/snap/c1/1762473600.c1.snap.jpg,0.47801837
2025-11-07 00:30:00,/Volumes/Argus/unk/snap/c1/1762475400.c1.snap.jpg,0.456126
2025-11-07 01:00:00,/Volumes/Argus/unk/snap/c1/1762477200.c1.snap.jpg,0.48573428
2025-11-07 01:30:00,/Volumes/Argus/unk/snap/c1/1762479000.c1.snap.jpg,0.6063874
2025-11-07 02:00:00,/Volumes/Argus/unk/snap/c1/1762480800.c1.snap.jpg,0.8759281
2025-11-07 02:30:00,/Volumes/Argus/unk/snap/c1/1762482600.c1.snap.jpg,0.7563119
2025-11-07 03:00:00,/Volumes/Argus/unk/snap/c1/1762484400.c1.snap.jpg,0.5301689
2025-11-07 18:00:00,/Volumes/Argus/unk/snap/c1/1762538400.c1.snap.jpg,0.43596545
2025-11-07 18:30:00,/Volumes/Argus/unk/snap/c1/1762540200.c1.snap.jpg,0.3598147
2025-11-07 19:00:00,/Volumes/Argus/unk/snap/c1/1762542000.c1.snap.jpg,0.5044857
2025-11-07 19:30:00,/Volumes/Argus/unk/snap/c1/1762543800.c1.snap.jpg,0.35393786
2025-11-07 20:00:00,/Volumes/Argus/unk/snap/c1/1762545600.c1.snap.jpg,0.35272947
2025-11-07 20:30:00,/Volumes/Argus/unk/snap/c1/1762547400.c1.snap.jpg,0.5467883
2025-11-07 21:00:00,/Volumes/Argus/unk/snap/c1/1762549200.c1.snap.jpg,0.8371438
2025-11-07 21:30:00,/Volumes/Argus/unk/snap/c1/1762551000.c1.snap.jpg,0.54586303
2025-11-07 22:00:00,/Volumes/Argus/unk/snap/c1/1762552800.c1.snap.jpg,0.4766954
2025-11-07 22:30:00,/Volumes/Argus/unk/snap/c1/1762554600.c1.snap.jpg,0.6278781
2025-11-07 23:00:00,/Volumes/Argus/unk/snap/c1/1762556400.c1.snap.jpg,0.46823192
2025-11-08 00:00:00,/Volumes/Argus/unk/snap/c1/1762560000.c1.snap.jpg,0.78660333
2025-11-08 00:30:00,/Volumes/Argus/unk/snap/c1/1762561800.c1.snap.jpg,0.43760735
2025-11-08 01:00:00,/Volumes/Argus/unk/snap/c1/1762563600.c1.snap.jpg,0.462922
2025-11-08 01:30:00,/Volumes/Argus/unk/snap/c1/1762565400.c1.snap.jpg,0.3480252
2025-11-08 02:00:00,/Volumes/Argus/unk/snap/c1/1762567200.c1.snap.jpg,0.486992
2025-11-08 02:30:00,/Volumes/Argus/unk/snap/c1/1762569000.c1.snap.jpg,0.5608015
2025-11-08 03:00:00,/Volumes/Argus/unk/snap/c1/1762570800.c1.snap.jpg,0.58483243
2025-11-08 18:00:00,/Volumes/Argus/unk/snap/c1/1762624800.c1.snap.jpg,0.50743234
2025-11-08 18:30:00,/Volumes/Argus/unk/snap/c1/1762626600.c1.snap.jpg,0.3292734
2025-11-08 19:30:00,/Volumes/Argus/unk/snap/c1/1762630200.c1.snap.jpg,0.34271246
2025-11-08 20:00:00,/Volumes/Argus/unk/snap/c1/1762632000.c1.snap.jpg,0.28116882
2025-11-08 20:30:00,/Volumes/Argus/unk/snap/c1/1762633800.c1.snap.jpg,0.25418177
2025-11-08 21:00:00,/Volumes/Argus/unk/snap/c1/1762635600.c1.snap.jpg,0.28483024
2025-11-08 21:30:00,/Volumes/Argus/unk/snap/c1/1762637400.c1.snap.jpg,0.2906502
2025-11-08 22:00:00,/Volumes/Argus/unk/snap/c1/1762639200.c1.snap.jpg,0.3331687
2025-11-08 22:30:00,/Volumes/Argus/unk/snap/c1/1762641000.c1.snap.jpg,0.25962368
2025-11-08 23:00:00,/Volumes/Argus/unk/snap/c1/1762642800.c1.snap.jpg,0.26121095
2025-11-08 23:30:00,/Volumes/Argus/unk/snap/c1/1762644600.c1.snap.jpg,0.27651918
2025-11-09 00:00:00,/Volumes/Argus/unk/snap/c1/1762646400.c1.snap.jpg,0.36738765
2025-11-09 00:30:00,/Volumes/Argus/unk/snap/c1/1762648200.c1.snap.jpg,0.31159034
2025-11-09 01:00:00,/Volumes/Argus/unk/snap/c1/1762650000.c1.snap.jpg,0.28950202
2025-11-09 01:30:00,/Volumes/Argus/unk/snap/c1/1762651800.c1.snap.jpg,0.3722544
2025-11-09 02:00:00,/Volumes/Argus/unk/snap/c1/1762653600.c1.snap.jpg,0.47950828
2025-11-09 02:30:00,/Volumes/Argus/unk/snap/c1/1762655400.c1.snap.jpg,0.6642715
2025-11-09 03:00:00,/Volumes/Argus/unk/snap/c1/1762657200.c1.snap.jpg,1.0510302
2025-11-09 18:00:00,/Volumes/Argus/unk/snap/c1/1762711200.c1.snap.jpg,0.49942288
2025-11-09 18:30:00,/Volumes/Argus/unk/snap/c1/1762713000.c1.snap.jpg,0.5150361
2025-11-09 19:00:00,/Volumes/Argus/unk/snap/c1/1762714800.c1.snap.jpg,0.73251915
2025-11-09 19:30:00,/Volumes/Argus/unk/snap/c1/1762716600.c1.snap.jpg,0.7020451
2025-11-09 20:00:00,/Volumes/Argus/unk/snap/c1/1762718400.c1.snap.jpg,0.6046227
2025-11-09 20:30:00,/Volumes/Argus/unk/snap/c1/1762720200.c1.snap.jpg,0.72705615
2025-11-09 21:00:00,/Volumes/Argus/unk/snap/c1/1762722000.c1.snap.jpg,0.7845606
2025-11-09 21:30:00,/Volumes/Argus/unk/snap/c1/1762723800.c1.snap.jpg,0.6571342
2025-11-09 22:00:00,/Volumes/Argus/unk/snap/c1/1762725600.c1.snap.jpg,0.7248454
2025-11-09 22:30:00,/Volumes/Argus/unk/snap/c1/1762727400.c1.snap.jpg,0.6630118
2025-11-09 23:00:00,/Volumes/Argus/unk/snap/c1/1762729200.c1.snap.jpg,0.49126446
2025-11-09 23:30:00,/Volumes/Argus/unk/snap/c1/1762731000.c1.snap.jpg,1.0127416
2025-11-10 00:00:00,/Volumes/Argus/unk/snap/c1/1762732800.c1.snap.jpg,1.1508994
2025-11-10 00:30:00,/Volumes/Argus/unk/snap/c1/1762734600.c1.snap.jpg,0.79184484
2025-11-10 01:00:00,/Volumes/Argus/unk/snap/c1/1762736400.c1.snap.jpg,0.7541009
2025-11-10 01:30:00,/Volumes/Argus/unk/snap/c1/1762738200.c1.snap.jpg,0.8101783
2025-11-10 02:00:00,/Volumes/Argus/unk/snap/c1/1762740000.c1.snap.jpg,0.8370942
2025-11-10 02:30:00,/Volumes/Argus/unk/snap/c1/1762741800.c1.snap.jpg,0.8854382
2025-11-10 03:00:00,/Volumes/Argus/unk/snap/c1/1762743600.c1.snap.jpg,0.5853351
2025-11-10 18:00:00,/Volumes/Argus/unk/snap/c1/1762797600.c1.snap.jpg,0.51494217
2025-11-10 18:30:00,/Volumes/Argus/unk/snap/c1/1762799400.c1.snap.jpg,0.4659573
2025-11-10 19:00:00,/Volumes/Argus/unk/snap/c1/1762801200.c1.snap.jpg,0.54527444
2025-11-10 19:30:00,/Volumes/Argus/unk/snap/c1/1762803000.c1.snap.jpg,0.77419555
2025-11-10 20:00:00,/Volumes/Argus/unk/snap/c1/1762804800.c1.snap.jpg,0.59550416
2025-11-10 20:30:00,/Volumes/Argus/unk/snap/c1/1762806600.c1.snap.jpg,0.82102937
2025-11-10 21:00:00,/Volumes/Argus/unk/snap/c1/1762808400.c1.snap.jpg,0.68702805
2025-11-10 21:30:00,/Volumes/Argus/unk/snap/c1/1762810200.c1.snap.jpg,0.58171225
2025-11-10 22:00:00,/Volumes/Argus/unk/snap/c1/1762812000.c1.snap.jpg,0.4648658
2025-11-10 22:30:00,/Volumes/Argus/unk/snap/c1/1762813800.c1.snap.jpg,0.60489
2025-11-10 23:00:00,/Volumes/Argus/unk/snap/c1/1762815600.c1.snap.jpg,0.68643916
2025-11-10 23:30:00,/Volumes/Argus/unk/snap/c1/1762817400.c1.snap.jpg,0.47295842
2025-11-11 00:00:00,/Volumes/Argus/unk/snap/c1/1762819200.c1.snap.jpg,0.6737399
2025-11-11 00:30:00,/Volumes/Argus/unk/snap/c1/1762821000.c1.snap.jpg,0.72445023
2025-11-11 01:00:00,/Volumes/Argus/unk/snap/c1/1762822800.c1.snap.jpg,0.8427932
2025-11-11 01:30:00,/Volumes/Argus/unk/snap/c1/1762824600.c1.snap.jpg,0.71473026
2025-11-11 02:00:00,/Volumes/Argus/unk/snap/c1/1762826400.c1.snap.jpg,0.68835473
2025-11-11 02:30:00,/Volumes/Argus/unk/snap/c1/1762828200.c1.snap.jpg,0.75665534
2025-11-11 03:00:00,/Volumes/Argus/unk/snap/c1/1762830000.c1.snap.jpg,0.7180354
2025-11-11 18:00:00,/Volumes/Argus/unk/snap/c1/1762884000.c1.snap.jpg,0.532378
2025-11-11 18:30:00,/Volumes/Argus/unk/snap/c1/1762885800.c1.snap.jpg,0.40150207
2025-11-11 19:00:00,/Volumes/Argus/unk/snap/c1/1762887600.c1.snap.jpg,0.4954921
2025-11-11 19:30:00,/Volumes/Argus/unk/snap/c1/1762889400.c1.snap.jpg,0.45200902
2025-11-11 20:00:00,/Volumes/Argus/unk/snap/c1/1762891200.c1.snap.jpg,0.36846977
2025-11-11 20:30:00,/Volumes/Argus/unk/snap/c1/1762893000.c1.snap.jpg,0.63265556
2025-11-11 21:00:00,/Volumes/Argus/unk/snap/c1/1762894800.c1.snap.jpg,0.7377636
2025-11-11 21:30:00,/Volumes/Argus/unk/snap/c1/1762896600.c1.snap.jpg,0.6454265
2025-11-11 22:00:00,/Volumes/Argus/unk/snap/c1/1762898400.c1.snap.jpg,0.57722473
2025-11-11 22:30:00,/Volumes/Argus/unk/snap/c1/1762900200.c1.snap.jpg,0.67270935
2025-11-11 23:00:00,/Volumes/Argus/unk/snap/c1/1762902000.c1.snap.jpg,0.68601894
2025-11-11 23:30:00,/Volumes/Argus/unk/snap/c1/1762903800.c1.snap.jpg,0.5068999
2025-11-12 00:00:00,/Volumes/Argus/unk/snap/c1/1762905600.c1.snap.jpg,0.48932815
2025-11-12 00:30:00,/Volumes/Argus/unk/snap/c1/1762907400.c1.snap.jpg,0.7118548
2025-11-12 01:00:00,/Volumes/Argus/unk/snap/c1/1762909200.c1.snap.jpg,0.4741463
2025-11-12 01:30:00,/Volumes/Argus/unk/snap/c1/1762911000.c1.snap.jpg,0.58031553
2025-11-12 02:00:00,/Volumes/Argus/unk/snap/c1/1762912800.c1.snap.jpg,0.54557824
2025-11-12 18:30:00,/Volumes/Argus/unk/snap/c1/1762972200.c1.snap.jpg,0.51612586
2025-11-12 19:00:00,/Volumes/Argus/unk/snap/c1/1762974000.c1.snap.jpg,0.8080725
2025-11-12 19:30:00,/Volumes/Argus/unk/snap/c1/1762975800.c1.snap.jpg,0.47361332
2025-11-12 20:00:00,/Volumes/Argus/unk/snap/c1/1762977600.c1.snap.jpg,0.46208525
2025-11-12 20:30:00,/Volumes/Argus/unk/snap/c1/1762979400.c1.snap.jpg,0.4917254
2025-11-12 21:00:00,/Volumes/Argus/unk/snap/c1/1762981200.c1.snap.jpg,0.54278725
2025-11-12 21:30:00,/Volumes/Argus/unk/snap/c1/1762983000.c1.snap.jpg,0.54442775
2025-11-12 22:00:00,/Volumes/Argus/unk/snap/c1/1762984800.c1.snap.jpg,0.49976134
2025-11-12 22:30:00,/Volumes/Argus/unk/snap/c1/1762986600.c1.snap.jpg,0.49877813
2025-11-12 23:00:00,/Volumes/Argus/unk/snap/c1/1762988400.c1.snap.jpg,0.4843261
2025-11-12 23:30:00,/Volumes/Argus/unk/snap/c1/1762990200.c1.snap.jpg,0.4161299
2025-11-13 00:00:00,/Volumes/Argus/unk/snap/c1/1762992000.c1.snap.jpg,0.42075378
2025-11-13 00:30:00,/Volumes/Argus/unk/snap/c1/1762993800.c1.snap.jpg,0.42489037
2025-11-13 01:00:00,/Volumes/Argus/unk/snap/c1/1762995600.c1.snap.jpg,0.53709215
2025-11-13 01:30:00,/Volumes/Argus/unk/snap/c1/1762997400.c1.snap.jpg,0.5098689
2025-11-13 02:00:00,/Volumes/Argus/unk/snap/c1/1762999200.c1.snap.jpg,0.44337994
2025-11-13 02:30:00,/Volumes/Argus/unk/snap/c1/1763001000.c1.snap.jpg,0.4076826
2025-11-13 18:30:00,/Volumes/Argus/unk/snap/c1/1763058600.c1.snap.jpg,0.45791554
2025-11-13 19:00:00,/Volumes/Argus/unk/snap/c1/1763060400.c1.snap.jpg,0.5559621
2025-11-13 19:30:00,/Volumes/Argus/unk/snap/c1/1763062200.c1.snap.jpg,0.60694337
2025-11-13 20:00:00,/Volumes/Argus/unk/snap/c1/1763064000.c1.snap.jpg,0.41884637
2025-11-13 20:30:00,/Volumes/Argus/unk/snap/c1/1763065800.c1.snap.jpg,0.432209
2025-11-13 21:00:00,/Volumes/Argus/unk/snap/c1/1763067600.c1.snap.jpg,0.48419327
2025-11-13 21:30:00,/Volumes/Argus/unk/snap/c1/1763069400.c1.snap.jpg,0.46647024
2025-11-13 22:00:00,/Volumes/Argus/unk/snap/c1/1763071200.c1.snap.jpg,0.4095023
2025-11-13 22:30:00,/Volumes/Argus/unk/snap/c1/1763073000.c1.snap.jpg,0.5554978
2025-11-13 23:00:00,/Volumes/Argus/unk/snap/c1/1763074800.c1.snap.jpg,0.5135747
2025-11-13 23:30:00,/Volumes/Argus/unk/snap/c1/1763076600.c1.snap.jpg,0.73627126
2025-11-14 00:00:00,/Volumes/Argus/unk/snap/c1/1763078400.c1.snap.jpg,0.707741
2025-11-14 00:30:00,/Volumes/Argus/unk/snap/c1/1763080200.c1.snap.jpg,0.6989703
2025-11-14 01:00:00,/Volumes/Argus/unk/snap/c1/1763082000.c1.snap.jpg,0.7902605
2025-11-14 01:30:00,/Volumes/Argus/unk/snap/c1/1763083800.c1.snap.jpg,0.75189215
2025-11-14 02:00:00,/Volumes/Argus/unk/snap/c1/1763085600.c1.snap.jpg,0.89005363
2025-11-14 02:30:00,/Volumes/Argus/unk/snap/c1/1763087400.c1.snap.jpg,0.66684175
2025-11-14 18:30:00,/Volumes/Argus/unk/snap/c1/1763145000.c1.snap.jpg,0.32621226
2025-11-14 19:00:00,/Volumes/Argus/unk/snap/c1/1763146800.c1.snap.jpg,0.41496864
2025-11-14 19:30:00,/Volumes/Argus/unk/snap/c1/1763148600.c1.snap.jpg,0.44209984
2025-11-14 20:00:00,/Volumes/Argus/unk/snap/c1/1763150400.c1.snap.jpg,0.3791562
2025-11-14 20:30:00,/Volumes/Argus/unk/snap/c1/1763152200.c1.snap.jpg,0.2624592
2025-11-14 21:00:00,/Volumes/Argus/unk/snap/c1/1763154000.c1.snap.jpg,0.25628385
2025-11-14 21:30:00,/Volumes/Argus/unk/snap/c1/1763155800.c1.snap.jpg,0.3083095
2025-11-14 22:00:00,/Volumes/Argus/unk/snap/c1/1763157600.c1.snap.jpg,0.28970775
2025-11-14 22:30:00,/Volumes/Argus/unk/snap/c1/1763159400.c1.snap.jpg,0.2875886
2025-11-14 23:00:00,/Volumes/Argus/unk/snap/c1/1763161200.c1.snap.jpg,0.3573981
2025-11-14 23:30:00,/Volumes/Argus/unk/snap/c1/1763163000.c1.snap.jpg,0.45810932
2025-11-15 00:00:00,/Volumes/Argus/unk/snap/c1/1763164800.c1.snap.jpg,0.48380896
2025-11-15 00:30:00,/Volumes/Argus/unk/snap/c1/1763166600.c1.snap.jpg,0.604399
2025-11-15 01:00:00,/Volumes/Argus/unk/snap/c1/1763168400.c1.snap.jpg,0.60089636
2025-11-15 01:30:00,/Volumes/Argus/unk/snap/c1/1763170200.c1.snap.jpg,0.7538431
2025-11-15 02:00:00,/Volumes/Argus/unk/snap/c1/1763172000.c1.snap.jpg,0.66946733
2025-11-15 02:30:00,/Volumes/Argus/unk/snap/c1/1763173800.c1.snap.jpg,0.6289889
2025-11-15 18:30:00,/Volumes/Argus/unk/snap/c1/1763231400.c1.snap.jpg,0.33087435
2025-11-15 19:00:00,/Volumes/Argus/unk/snap/c1/1763233200.c1.snap.jpg,0.52589214
2025-11-15 19:30:00,/Volumes/Argus/unk/snap/c1/1763235000.c1.snap.jpg,0.33419308
2025-11-15 20:00:00,/Volumes/Argus/unk/snap/c1/1763236800.c1.snap.jpg,0.30499005
2025-11-15 20:30:00,/Volumes/Argus/unk/snap/c1/1763238600.c1.snap.jpg,0.2956485
2025-11-15 21:00:00,/Volumes/Argus/unk/snap/c1/1763240400.c1.snap.jpg,0.39506146
2025-11-15 21:30:00,/Volumes/Argus/unk/snap/c1/1763242200.c1.snap.jpg,0.3200311
2025-11-15 22:00:00,/Volumes/Argus/unk/snap/c1/1763244000.c1.snap.jpg,0.44397813
2025-11-15 22:30:00,/Volumes/Argus/unk/snap/c1/1763245800.c1.snap.jpg,0.3982243
2025-11-15 23:00:00,/Volumes/Argus/unk/snap/c1/1763247600.c1.snap.jpg,0.4942184
2025-11-15 23:30:00,/Volumes/Argus/unk/snap/c1/1763249400.c1.snap.jpg,0.55091405
2025-11-16 00:00:00,/Volumes/Argus/unk/snap/c1/1763251200.c1.snap.jpg,0.53515244
2025-11-16 00:30:00,/Volumes/Argus/unk/snap/c1/1763253000.c1.snap.jpg,0.7491992
2025-11-16 01:00:00,/Volumes/Argus/unk/snap/c1/1763254800.c1.snap.jpg,0.6751378
2025-11-16 01:30:00,/Volumes/Argus/unk/snap/c1/1763256600.c1.snap.jpg,0.7273638
2025-11-16 02:30:00,/Volumes/Argus/unk/snap/c1/1763260200.c1.snap.jpg,0.71166444
2025-11-16 18:30:00,/Volumes/Argus/unk/snap/c1/1763317800.c1.snap.jpg,0.45207158
2025-11-16 19:00:00,/Volumes/Argus/unk/snap/c1/1763319600.c1.snap.jpg,0.5614885
2025-11-16 19:30:00,/Volumes/Argus/unk/snap/c1/1763321400.c1.snap.jpg,0.6887115
2025-11-16 20:00:00,/Volumes/Argus/unk/snap/c1/1763323200.c1.snap.jpg,0.647741
2025-11-16 20:30:00,/Volumes/Argus/unk/snap/c1/1763325000.c1.snap.jpg,0.58741164
2025-11-16 21:00:00,/Volumes/Argus/unk/snap/c1/1763326800.c1.snap.jpg,0.54474664
2025-11-16 21:30:00,/Volumes/Argus/unk/snap/c1/1763328600.c1.snap.jpg,0.5427605
2025-11-16 22:00:00,/Volumes/Argus/unk/snap/c1/1763330400.c1.snap.jpg,0.6557032
2025-11-16 22:30:00,/Volumes/Argus/unk/snap/c1/1763332200.c1.snap.jpg,0.5111027
2025-11-16 23:00:00,/Volumes/Argus/unk/snap/c1/1763334000.c1.snap.jpg,0.454683
2025-11-16 23:30:00,/Volumes/Argus/unk/snap/c1/1763335800.c1.snap.jpg,0.63999575
2025-11-17 00:00:00,/Volumes/Argus/unk/snap/c1/1763337600.c1.snap.jpg,0.6527197
2025-11-17 00:30:00,/Volumes/Argus/unk/snap/c1/1763339400.c1.snap.jpg,0.693164
2025-11-17 01:00:00,/Volumes/Argus/unk/snap/c1/1763341200.c1.snap.jpg,0.70937073
2025-11-17 01:30:00,/Volumes/Argus/unk/snap/c1/1763343000.c1.snap.jpg,0.77407694
2025-11-17 02:00:00,/Volumes/Argus/unk/snap/c1/1763344800.c1.snap.jpg,0.7517369
2025-11-17 02:30:00,/Volumes/Argus/unk/snap/c1/1763346600.c1.snap.jpg,0.6514059
2025-11-17 18:30:00,/Volumes/Argus/unk/snap/c1/1763404200.c1.snap.jpg,0.9875268
2025-11-17 19:00:00,/Volumes/Argus/unk/snap/c1/1763406000.c1.snap.jpg,0.8492571
2025-11-17 19:30:00,/Volumes/Argus/unk/snap/c1/1763407800.c1.snap.jpg,0.4662579
2025-11-17 20:30:00,/Volumes/Argus/unk/snap/c1/1763411400.c1.snap.jpg,0.8803315
2025-11-17 21:00:00,/Volumes/Argus/unk/snap/c1/1763413200.c1.snap.jpg,0.83645236
2025-11-17 21:30:00,/Volumes/Argus/unk/snap/c1/1763415000.c1.snap.jpg,0.94920504
2025-11-17 22:00:00,/Volumes/Argus/unk/snap/c1/1763416800.c1.snap.jpg,1.0010455
2025-11-17 22:30:00,/Volumes/Argus/unk/snap/c1/1763418600.c1.snap.jpg,0.971109
2025-11-17 23:00:00,/Volumes/Argus/unk/snap/c1/1763420400.c1.snap.jpg,0.9003655
2025-11-17 23:30:00,/Volumes/Argus/unk/snap/c1/1763422200.c1.snap.jpg,0.8955257
2025-11-18 00:00:00,/Volumes/Argus/unk/snap/c1/1763424000.c1.snap.jpg,0.9582986
2025-11-18 00:30:00,/Volumes/Argus/unk/snap/c1/1763425800.c1.snap.jpg,0.95521194
2025-11-18 01:00:00,/Volumes/Argus/unk/snap/c1/1763427600.c1.snap.jpg,0.859274
2025-11-18 01:30:00,/Volumes/Argus/unk/snap/c1/1763429400.c1.snap.jpg,0.91398156
2025-11-18 02:00:00,/Volumes/Argus/unk/snap/c1/1763431200.c1.snap.jpg,0.9271493
2025-11-18 02:30:00,/Volumes/Argus/unk/snap/c1/1763433000.c1.snap.jpg,0.90857184
2025-11-18 18:30:00,/Volumes/Argus/unk/snap/c1/1763490600.c1.snap.jpg,0.75675094
2025-11-18 19:00:00,/Volumes/Argus/unk/snap/c1/1763492400.c1.snap.jpg,0.5948864
2025-11-18 19:30:00,/Volumes/Argus/unk/snap/c1/1763494200.c1.snap.jpg,0.75454235
2025-11-18 20:00:00,/Volumes/Argus/unk/snap/c1/1763496000.c1.snap.jpg,0.6570872
2025-11-18 20:30:00,/Volumes/Argus/unk/snap/c1/1763497800.c1.snap.jpg,0.61947846
2025-11-18 21:00:00,/Volumes/Argus/unk/snap/c1/1763499600.c1.snap.jpg,0.49448848
2025-11-18 21:30:00,/Volumes/Argus/unk/snap/c1/1763501400.c1.snap.jpg,0.64074165
2025-11-18 22:00:00,/Volumes/Argus/unk/snap/c1/1763503200.c1.snap.jpg,0.6857333
2025-11-18 22:30:00,/Volumes/Argus/unk/snap/c1/1763505000.c1.snap.jpg,0.81818676
2025-11-18 23:00:00,/Volumes/Argus/unk/snap/c1/1763506800.c1.snap.jpg,0.67913187
2025-11-18 23:30:00,/Volumes/Argus/unk/snap/c1/1763508600.c1.snap.jpg,0.7278007
2025-11-19 00:00:00,/Volumes/Argus/unk/snap/c1/1763510400.c1.snap.jpg,0.8280966
2025-11-19 00:30:00,/Volumes/Argus/unk/snap/c1/1763512200.c1.snap.jpg,0.70201534
2025-11-19 01:00:00,/Volumes/Argus/unk/snap/c1/1763514000.c1.snap.jpg,0.6257136
2025-11-19 01:30:00,/Volumes/Argus/unk/snap/c1/1763515800.c1.snap.jpg,0.59591186
2025-11-19 02:00:00,/Volumes/Argus/unk/snap/c1/1763517600.c1.snap.jpg,0.73625535
2025-11-19 02:30:00,/Volumes/Argus/unk/snap/c1/1763519400.c1.snap.jpg,0.60438657
2025-11-19 18:30:00,/Volumes/Argus/unk/snap/c1/1763577000.c1.snap.jpg,0.65387076
2025-11-19 19:30:00,/Volumes/Argus/unk/snap/c1/1763580600.c1.snap.jpg,0.71646583
2025-11-19 20:00:00,/Volumes/Argus/unk/snap/c1/1763582400.c1.snap.jpg,0.80395806
2025-11-19 20:30:00,/Volumes/Argus/unk/snap/c1/1763584200.c1.snap.jpg,0.79760444
2025-11-19 21:00:00,/Volumes/Argus/unk/snap/c1/1763586000.c1.snap.jpg,0.5455783
2025-11-19 21:30:00,/Volumes/Argus/unk/snap/c1/1763587800.c1.snap.jpg,0.76140404
2025-11-19 22:00:00,/Volumes/Argus/unk/snap/c1/1763589600.c1.snap.jpg,0.71825516
2025-11-19 22:30:00,/Volumes/Argus/unk/snap/c1/1763591400.c1.snap.jpg,0.7400856
2025-11-19 23:00:00,/Volumes/Argus/unk/snap/c1/1763593200.c1.snap.jpg,1.059473
2025-11-19 23:30:00,/Volumes/Argus/unk/snap/c1/1763595000.c1.snap.jpg,0.83165896
2025-11-20 00:00:00,/Volumes/Argus/unk/snap/c1/1763596800.c1.snap.jpg,0.73629636
2025-11-20 00:30:00,/Volumes/Argus/unk/snap/c1/1763598600.c1.snap.jpg,0.7802503
2025-11-20 01:00:00,/Volumes/Argus/unk/snap/c1/1763600400.c1.snap.jpg,0.72261727
2025-11-20 01:30:00,/Volumes/Argus/unk/snap/c1/1763602200.c1.snap.jpg,0.8253109
2025-11-20 02:30:00,/Volumes/Argus/unk/snap/c1/1763605800.c1.snap.jpg,0.6912066
2025-11-20 18:30:00,/Volumes/Argus/unk/snap/c1/1763663400.c1.snap.jpg,0.6904886
2025-11-20 19:00:00,/Volumes/Argus/unk/snap/c1/1763665200.c1.snap.jpg,0.5935925
2025-11-20 20:00:00,/Volumes/Argus/unk/snap/c1/1763668800.c1.snap.jpg,0.53195393
2025-11-20 20:30:00,/Volumes/Argus/unk/snap/c1/1763670600.c1.snap.jpg,0.44536668
2025-11-20 21:00:00,/Volumes/Argus/unk/snap/c1/1763672400.c1.snap.jpg,0.45717457
2025-11-20 21:30:00,/Volumes/Argus/unk/snap/c1/1763674200.c1.snap.jpg,0.5076396
2025-11-20 22:00:00,/Volumes/Argus/unk/snap/c1/1763676000.c1.snap.jpg,0.45253327
2025-11-20 22:30:00,/Volumes/Argus/unk/snap/c1/1763677800.c1.snap.jpg,0.43237013
2025-11-20 23:00:00,/Volumes/Argus/unk/snap/c1/1763679600.c1.snap.jpg,0.56139684
2025-11-20 23:30:00,/Volumes/Argus/unk/snap/c1/1763681400.c1.snap.jpg,0.47322202
2025-11-21 00:00:00,/Volumes/Argus/unk/snap/c1/1763683200.c1.snap.jpg,0.51678026
2025-11-21 00:30:00,/Volumes/Argus/unk/snap/c1/1763685000.c1.snap.jpg,0.63430816
2025-11-21 01:00:00,/Volumes/Argus/unk/snap/c1/1763686800.c1.snap.jpg,0.63574946
2025-11-21 01:30:00,/Volumes/Argus/unk/snap/c1/1763688600.c1.snap.jpg,0.49758762
2025-11-21 02:00:00,/Volumes/Argus/unk/snap/c1/1763690400.c1.snap.jpg,0.75544
2025-11-21 02:30:00,/Volumes/Argus/unk/snap/c1/1763692200.c1.snap.jpg,0.59166175
2025-11-22 18:30:00,/Volumes/Argus/unk/snap/c1/1763836200.c1.snap.jpg,0.6943391
2025-11-22 19:00:00,/Volumes/Argus/unk/snap/c1/1763838000.c1.snap.jpg,0.84279287
2025-11-22 19:30:00,/Volumes/Argus/unk/snap/c1/1763839800.c1.snap.jpg,0.82417524
2025-11-22 20:00:00,/Volumes/Argus/unk/snap/c1/1763841600.c1.snap.jpg,0.8175199
2025-11-22 20:30:00,/Volumes/Argus/unk/snap/c1/1763843400.c1.snap.jpg,0.8049303
2025-11-22 21:00:00,/Volumes/Argus/unk/snap/c1/1763845200.c1.snap.jpg,0.6818783
2025-11-22 21:30:00,/Volumes/Argus/unk/snap/c1/1763847000.c1.snap.jpg,0.7758978
2025-11-22 22:00:00,/Volumes/Argus/unk/snap/c1/1763848800.c1.snap.jpg,0.8581453
2025-11-22 22:30:00,/Volumes/Argus/unk/snap/c1/1763850600.c1.snap.jpg,0.6357883
2025-11-22 23:00:00,/Volumes/Argus/unk/snap/c1/1763852400.c1.snap.jpg,0.6650749
2025-11-22 23:30:00,/Volumes/Argus/unk/snap/c1/1763854200.c1.snap.jpg,0.65574455
2025-11-23 00:00:00,/Volumes/Argus/unk/snap/c1/1763856000.c1.snap.jpg,0.6638028
2025-11-23 00:30:00,/Volumes/Argus/unk/snap/c1/1763857800.c1.snap.jpg,0.6711153
2025-11-23 01:00:00,/Volumes/Argus/unk/snap/c1/1763859600.c1.snap.jpg,0.60105944
2025-11-23 01:30:00,/Volumes/Argus/unk/snap/c1/1763861400.c1.snap.jpg,0.6443744
2025-11-23 02:00:00,/Volumes/Argus/unk/snap/c1/1763863200.c1.snap.jpg,0.55961686
2025-11-23 02:30:00,/Volumes/Argus/unk/snap/c1/1763865000.c1.snap.jpg,0.7578669
2025-11-23 18:30:00,/Volumes/Argus/unk/snap/c1/1763922600.c1.snap.jpg,0.8389926
2025-11-23 19:00:00,/Volumes/Argus/unk/snap/c1/1763924400.c1.snap.jpg,0.71876854
2025-11-23 19:30:00,/Volumes/Argus/unk/snap/c1/1763926200.c1.snap.jpg,0.60833263
2025-11-23 20:00:00,/Volumes/Argus/unk/snap/c1/1763928000.c1.snap.jpg,0.6260787
2025-11-23 20:30:00,/Volumes/Argus/unk/snap/c1/1763929800.c1.snap.jpg,0.6717218
2025-11-23 21:00:00,/Volumes/Argus/unk/snap/c1/1763931600.c1.snap.jpg,0.58952117
2025-11-23 21:30:00,/Volumes/Argus/unk/snap/c1/1763933400.c1.snap.jpg,0.5039631
2025-11-23 22:00:00,/Volumes/Argus/unk/snap/c1/1763935200.c1.snap.jpg,0.5669421
2025-11-23 22:30:00,/Volumes/Argus/unk/snap/c1/1763937000.c1.snap.jpg,0.44187778
2025-11-23 23:00:00,/Volumes/Argus/unk/snap/c1/1763938800.c1.snap.jpg,0.49696645
2025-11-23 23:30:00,/Volumes/Argus/unk/snap/c1/1763940600.c1.snap.jpg,0.518332
2025-11-24 00:00:00,/Volumes/Argus/unk/snap/c1/1763942400.c1.snap.jpg,0.51827335
2025-11-24 00:30:00,/Volumes/Argus/unk/snap/c1/1763944200.c1.snap.jpg,0.53258264
2025-11-24 01:00:00,/Volumes/Argus/unk/snap/c1/1763946000.c1.snap.jpg,0.5279218
2025-11-24 01:30:00,/Volumes/Argus/unk/snap/c1/1763947800.c1.snap.jpg,0.5019695
2025-11-24 02:00:00,/Volumes/Argus/unk/snap/c1/1763949600.c1.snap.jpg,0.46391293
2025-11-24 02:30:00,/Volumes/Argus/unk/snap/c1/1763951400.c1.snap.jpg,0.46642303
2025-11-27 19:00:00,/Volumes/Argus/unk/snap/c1/1764270000.c1.snap.jpg,0.8917514
2025-11-27 19:30:00,/Volumes/Argus/unk/snap/c1/1764271800.c1.snap.jpg,0.9485943
2025-11-27 20:00:00,/Volumes/Argus/unk/snap/c1/1764273600.c1.snap.jpg,0.78628445
2025-11-27 20:30:00,/Volumes/Argus/unk/snap/c1/1764275400.c1.snap.jpg,0.681777
2025-11-27 21:00:00,/Volumes/Argus/unk/snap/c1/1764277200.c1.snap.jpg,0.58708644
2025-11-27 21:30:00,/Volumes/Argus/unk/snap/c1/1764279000.c1.snap.jpg,0.6314365
2025-11-27 22:00:00,/Volumes/Argus/unk/snap/c1/1764280800.c1.snap.jpg,0.7100626
2025-11-27 22:30:00,/Volumes/Argus/unk/snap/c1/1764282600.c1.snap.jpg,0.67105687
2025-11-27 23:00:00,/Volumes/Argus/unk/snap/c1/1764284400.c1.snap.jpg,0.63780075
2025-11-27 23:30:00,/Volumes/Argus/unk/snap/c1/1764286200.c1.snap.jpg,0.6268369
2025-11-28 00:00:00,/Volumes/Argus/unk/snap/c1/1764288000.c1.snap.jpg,0.51983213
2025-11-28 00:30:00,/Volumes/Argus/unk/snap/c1/1764289800.c1.snap.jpg,0.6303531
2025-11-28 01:30:00,/Volumes/Argus/unk/snap/c1/1764293400.c1.snap.jpg,0.36933059
2025-11-28 02:00:00,/Volumes/Argus/unk/snap/c1/1764295200.c1.snap.jpg,0.59544444
2025-11-28 19:00:00,/Volumes/Argus/unk/snap/c1/1764356400.c1.snap.jpg,0.66901004
2025-11-28 19:30:00,/Volumes/Argus/unk/snap/c1/1764358200.c1.snap.jpg,0.48375115
2025-11-28 20:00:00,/Volumes/Argus/unk/snap/c1/1764360000.c1.snap.jpg,0.5607531
2025-11-28 20:30:00,/Volumes/Argus/unk/snap/c1/1764361800.c1.snap.jpg,0.6251001
2025-11-28 21:00:00,/Volumes/Argus/unk/snap/c1/1764363600.c1.snap.jpg,0.62600464
2025-11-28 21:30:00,/Volumes/Argus/unk/snap/c1/1764365400.c1.snap.jpg,0.616545
2025-11-28 22:00:00,/Volumes/Argus/unk/snap/c1/1764367200.c1.snap.jpg,0.57108223
2025-11-28 22:30:00,/Volumes/Argus/unk/snap/c1/1764369000.c1.snap.jpg,0.57070625
2025-11-28 23:00:00,/Volumes/Argus/unk/snap/c1/1764370800.c1.snap.jpg,0.5684285
2025-11-28 23:30:00,/Volumes/Argus/unk/snap/c1/1764372600.c1.snap.jpg,0.70537186
2025-11-29 00:00:00,/Volumes/Argus/unk/snap/c1/1764374400.c1.snap.jpg,0.5284749
2025-11-29 00:30:00,/Volumes/Argus/unk/snap/c1/1764376200.c1.snap.jpg,0.48329353
2025-11-29 01:00:00,/Volumes/Argus/unk/snap/c1/1764378000.c1.snap.jpg,0.48987138
2025-11-29 01:30:00,/Volumes/Argus/unk/snap/c1/1764379800.c1.snap.jpg,0.6250931
2025-11-29 02:00:00,/Volumes/Argus/unk/snap/c1/1764381600.c1.snap.jpg,0.55763197
2025-11-30 23:00:00,/Volumes/Argus/unk/snap/c1/1764543600.c1.snap.jpg,0.5368207
2025-11-30 23:30:00,/Volumes/Argus/unk/snap/c1/1764545400.c1.snap.jpg,0.50113904
2025-12-01 00:00:00,/Volumes/Argus/unk/snap/c1/1764547200.c1.snap.jpg,0.60233104
2025-12-01 00:30:00,/Volumes/Argus/unk/snap/c1/1764549000.c1.snap.jpg,0.5726771
2025-12-01 01:00:00,/Volumes/Argus/unk/snap/c1/1764550800.c1.snap.jpg,0.5006952
2025-12-01 01:30:00,/Volumes/Argus/unk/snap/c1/1764552600.c1.snap.jpg,0.4381737
2025-12-01 02:00:00,/Volumes/Argus/unk/snap/c1/1764554400.c1.snap.jpg,0.46871743
2025-12-01 19:00:00,/Volumes/Argus/unk/snap/c1/1764615600.c1.snap.jpg,0.71474946
2025-12-01 19:30:00,/Volumes/Argus/unk/snap/c1/1764617400.c1.snap.jpg,0.6715839
2025-12-01 20:00:00,/Volumes/Argus/unk/snap/c1/1764619200.c1.snap.jpg,0.60904914
2025-12-01 20:30:00,/Volumes/Argus/unk/snap/c1/1764621000.c1.snap.jpg,0.8052613
2025-12-01 21:00:00,/Volumes/Argus/unk/snap/c1/1764622800.c1.snap.jpg,0.5733588
2025-12-01 21:30:00,/Volumes/Argus/unk/snap/c1/1764624600.c1.snap.jpg,0.61467016
2025-12-01 22:00:00,/Volumes/Argus/unk/snap/c1/1764626400.c1.snap.jpg,0.6547355
2025-12-01 22:30:00,/Volumes/Argus/unk/snap/c1/1764628200.c1.snap.jpg,0.6898185
2025-12-01 23:00:00,/Volumes/Argus/unk/snap/c1/1764630000.c1.snap.jpg,0.77982676
2025-12-01 23:30:00,/Volumes/Argus/unk/snap/c1/1764631800.c1.snap.jpg,0.79257363
2025-12-02 00:00:00,/Volumes/Argus/unk/snap/c1/1764633600.c1.snap.jpg,0.82103825
2025-12-02 00:30:00,/Volumes/Argus/unk/snap/c1/1764635400.c1.snap.jpg,0.93745863
2025-12-02 01:00:00,/Volumes/Argus/unk/snap/c1/1764637200.c1.snap.jpg,0.9112166
2025-12-02 02:00:00,/Volumes/Argus/unk/snap/c1/1764640800.c1.snap.jpg,0.96275723
2025-12-02 19:00:00,/Volumes/Argus/unk/snap/c1/1764702000.c1.snap.jpg,0.9922116
2025-12-02 20:00:00,/Volumes/Argus/unk/snap/c1/1764705600.c1.snap.jpg,0.9302429
2025-12-02 20:30:00,/Volumes/Argus/unk/snap/c1/1764707400.c1.snap.jpg,0.9731512
2025-12-02 21:00:00,/Volumes/Argus/unk/snap/c1/1764709200.c1.snap.jpg,0.83163685
2025-12-02 21:30:00,/Volumes/Argus/unk/snap/c1/1764711000.c1.snap.jpg,0.8829495
2025-12-02 22:00:00,/Volumes/Argus/unk/snap/c1/1764712800.c1.snap.jpg,0.8878145
2025-12-02 22:30:00,/Volumes/Argus/unk/snap/c1/1764714600.c1.snap.jpg,0.88532114
2025-12-02 23:00:00,/Volumes/Argus/unk/snap/c1/1764716400.c1.snap.jpg,0.7921885
2025-12-02 23:30:00,/Volumes/Argus/unk/snap/c1/1764718200.c1.snap.jpg,0.8306784
2025-12-03 00:00:00,/Volumes/Argus/unk/snap/c1/1764720000.c1.snap.jpg,0.83655
2025-12-03 00:30:00,/Volumes/Argus/unk/snap/c1/1764721800.c1.snap.jpg,0.815777
2025-12-03 01:00:00,/Volumes/Argus/unk/snap/c1/1764723600.c1.snap.jpg,0.8698676
2025-12-03 01:30:00,/Volumes/Argus/unk/snap/c1/1764725400.c1.snap.jpg,0.88542235
2025-12-03 02:00:00,/Volumes/Argus/unk/snap/c1/1764727200.c1.snap.jpg,1.140135
2025-12-03 19:00:00,/Volumes/Argus/unk/snap/c1/1764788400.c1.snap.jpg,0.85052884
2025-12-03 19:30:00,/Volumes/Argus/unk/snap/c1/1764790200.c1.snap.jpg,0.84830487
2025-12-03 20:00:00,/Volumes/Argus/unk/snap/c1/1764792000.c1.snap.jpg,0.86882424
2025-12-03 20:30:00,/Volumes/Argus/unk/snap/c1/1764793800.c1.snap.jpg,0.79343426
2025-12-03 21:00:00,/Volumes/Argus/unk/snap/c1/1764795600.c1.snap.jpg,0.83377165
2025-12-03 21:30:00,/Volumes/Argus/unk/snap/c1/1764797400.c1.snap.jpg,1.0232131
2025-12-03 22:00:00,/Volumes/Argus/unk/snap/c1/1764799200.c1.snap.jpg,1.0989604
2025-12-03 22:30:00,/Volumes/Argus/unk/snap/c1/1764801000.c1.snap.jpg,1.0501393
2025-12-04 00:00:00,/Volumes/Argus/unk/snap/c1/1764806400.c1.snap.jpg,1.1096544
2025-12-04 19:00:00,/Volumes/Argus/unk/snap/c1/1764874800.c1.snap.jpg,0.76108056
2025-12-04 19:30:00,/Volumes/Argus/unk/snap/c1/1764876600.c1.snap.jpg,0.7901162
2025-12-04 20:00:00,/Volumes/Argus/unk/snap/c1/1764878400.c1.snap.jpg,0.7327868
2025-12-04 20:30:00,/Volumes/Argus/unk/snap/c1/1764880200.c1.snap.jpg,0.6742819
2025-12-04 21:00:00,/Volumes/Argus/unk/snap/c1/1764882000.c1.snap.jpg,0.66019213
2025-12-04 21:30:00,/Volumes/Argus/unk/snap/c1/1764883800.c1.snap.jpg,0.62160265
2025-12-04 22:00:00,/Volumes/Argus/unk/snap/c1/1764885600.c1.snap.jpg,0.6801603
2025-12-04 22:30:00,/Volumes/Argus/unk/snap/c1/1764887400.c1.snap.jpg,0.6448877
2025-12-04 23:00:00,/Volumes/Argus/unk/snap/c1/1764889200.c1.snap.jpg,0.6379099
2025-12-04 23:30:00,/Volumes/Argus/unk/snap/c1/1764891000.c1.snap.jpg,0.5976324
2025-12-05 00:00:00,/Volumes/Argus/unk/snap/c1/1764892800.c1.snap.jpg,0.6314504
2025-12-05 00:30:00,/Volumes/Argus/unk/snap/c1/1764894600.c1.snap.jpg,0.69142383
2025-12-05 01:00:00,/Volumes/Argus/unk/snap/c1/1764896400.c1.snap.jpg,0.6267333
2025-12-05 01:30:00,/Volumes/Argus/unk/snap/c1/1764898200.c1.snap.jpg,0.62777007
2025-12-05 02:00:00,/Volumes/Argus/unk/snap/c1/1764900000.c1.snap.jpg,0.76172024
2025-12-05 19:00:00,/Volumes/Argus/unk/snap/c1/1764961200.c1.snap.jpg,0.64763767
2025-12-05 19:30:00,/Volumes/Argus/unk/snap/c1/1764963000.c1.snap.jpg,0.7053275
2025-12-05 20:00:00,/Volumes/Argus/unk/snap/c1/1764964800.c1.snap.jpg,0.6823788
2025-12-05 20:30:00,/Volumes/Argus/unk/snap/c1/1764966600.c1.snap.jpg,0.6492435
2025-12-05 21:00:00,/Volumes/Argus/unk/snap/c1/1764968400.c1.snap.jpg,0.8610859
2025-12-05 21:30:00,/Volumes/Argus/unk/snap/c1/1764970200.c1.snap.jpg,0.9053098
2025-12-05 22:00:00,/Volumes/Argus/unk/snap/c1/1764972000.c1.snap.jpg,1.0027443
2025-12-05 22:30:00,/Volumes/Argus/unk/snap/c1/1764973800.c1.snap.jpg,1.0006295
2025-12-05 23:00:00,/Volumes/Argus/unk/snap/c1/1764975600.c1.snap.jpg,0.9076096
2025-12-05 23:30:00,/Volumes/Argus/unk/snap/c1/1764977400.c1.snap.jpg,0.98734593
2025-12-06 00:00:00,/Volumes/Argus/unk/snap/c1/1764979200.c1.snap.jpg,0.8899027
2025-12-06 00:30:00,/Volumes/Argus/unk/snap/c1/1764981000.c1.snap.jpg,0.6644808
2025-12-06 01:00:00,/Volumes/Argus/unk/snap/c1/1764982800.c1.snap.jpg,0.665463
2025-12-06 01:30:00,/Volumes/Argus/unk/snap/c1/1764984600.c1.snap.jpg,0.6522962
2025-12-06 02:00:00,/Volumes/Argus/unk/snap/c1/1764986400.c1.snap.jpg,0.67903996
2025-12-06 19:00:00,/Volumes/Argus/unk/snap/c1/1765047600.c1.snap.jpg,0.66897976
2025-12-06 19:30:00,/Volumes/Argus/unk/snap/c1/1765049400.c1.snap.jpg,0.695811
2025-12-06 20:00:00,/Volumes/Argus/unk/snap/c1/1765051200.c1.snap.jpg,0.82427883
2025-12-06 20:30:00,/Volumes/Argus/unk/snap/c1/1765053000.c1.snap.jpg,0.894227
2025-12-06 21:00:00,/Volumes/Argus/unk/snap/c1/1765054800.c1.snap.jpg,1.030146
2025-12-06 21:30:00,/Volumes/Argus/unk/snap/c1/1765056600.c1.snap.jpg,1.0628722
2025-12-06 22:00:00,/Volumes/Argus/unk/snap/c1/1765058400.c1.snap.jpg,1.0783986
2025-12-06 22:30:00,/Volumes/Argus/unk/snap/c1/1765060200.c1.snap.jpg,1.0505469
2025-12-06 23:00:00,/Volumes/Argus/unk/snap/c1/1765062000.c1.snap.jpg,1.0491354
2025-12-06 23:30:00,/Volumes/Argus/unk/snap/c1/1765063800.c1.snap.jpg,1.061449
2025-12-07 00:00:00,/Volumes/Argus/unk/snap/c1/1765065600.c1.snap.jpg,1.087519
2025-12-07 00:30:00,/Volumes/Argus/unk/snap/c1/1765067400.c1.snap.jpg,0.74497217
2025-12-07 01:00:00,/Volumes/Argus/unk/snap/c1/1765069200.c1.snap.jpg,0.7340505
2025-12-07 01:30:00,/Volumes/Argus/unk/snap/c1/1765071000.c1.snap.jpg,0.77882415
2025-12-07 02:00:00,/Volumes/Argus/unk/snap/c1/1765072800.c1.snap.jpg,0.71902806
2025-12-07 19:00:00,/Volumes/Argus/unk/snap/c1/1765134000.c1.snap.jpg,0.8831394
2025-12-07 19:30:00,/Volumes/Argus/unk/snap/c1/1765135800.c1.snap.jpg,0.7406346
2025-12-07 20:00:00,/Volumes/Argus/unk/snap/c1/1765137600.c1.snap.jpg,0.788152
2025-12-07 20:30:00,/Volumes/Argus/unk/snap/c1/1765139400.c1.snap.jpg,0.9588735
2025-12-07 21:00:00,/Volumes/Argus/unk/snap/c1/1765141200.c1.snap.jpg,0.98419476
2025-12-07 21:30:00,/Volumes/Argus/unk/snap/c1/1765143000.c1.snap.jpg,0.8457308
2025-12-07 22:00:00,/Volumes/Argus/unk/snap/c1/1765144800.c1.snap.jpg,0.9285488
2025-12-07 22:30:00,/Volumes/Argus/unk/snap/c1/1765146600.c1.snap.jpg,1.0252271
2025-12-07 23:00:00,/Volumes/Argus/unk/snap/c1/1765148400.c1.snap.jpg,1.0684965
2025-12-07 23:30:00,/Volumes/Argus/unk/snap/c1/1765150200.c1.snap.jpg,1.0816183
2025-12-08 00:00:00,/Volumes/Argus/unk/snap/c1/1765152000.c1.snap.jpg,0.9866482
2025-12-08 00:30:00,/Volumes/Argus/unk/snap/c1/1765153800.c1.snap.jpg,0.7287543
2025-12-08 01:00:00,/Volumes/Argus/unk/snap/c1/1765155600.c1.snap.jpg,0.6407215
2025-12-08 01:30:00,/Volumes/Argus/unk/snap/c1/1765157400.c1.snap.jpg,0.71528417
2025-12-08 02:00:00,/Volumes/Argus/unk/snap/c1/1765159200.c1.snap.jpg,0.68112046
2025-12-08 19:30:00,/Volumes/Argus/unk/snap/c1/1765222200.c1.snap.jpg,0.7109097
2025-12-08 20:00:00,/Volumes/Argus/unk/snap/c1/1765224000.c1.snap.jpg,0.7321526
2025-12-08 20:30:00,/Volumes/Argus/unk/snap/c1/1765225800.c1.snap.jpg,1.0835727
2025-12-08 21:00:00,/Volumes/Argus/unk/snap/c1/1765227600.c1.snap.jpg,1.0914466
2025-12-08 21:30:00,/Volumes/Argus/unk/snap/c1/1765229400.c1.snap.jpg,1.0519673
2025-12-08 22:00:00,/Volumes/Argus/unk/snap/c1/1765231200.c1.snap.jpg,1.0316181
2025-12-08 22:30:00,/Volumes/Argus/unk/snap/c1/1765233000.c1.snap.jpg,0.99982995
2025-12-08 23:00:00,/Volumes/Argus/unk/snap/c1/1765234800.c1.snap.jpg,1.075741
2025-12-09 00:00:00,/Volumes/Argus/unk/snap/c1/1765238400.c1.snap.jpg,1.203705
2025-12-09 00:30:00,/Volumes/Argus/unk/snap/c1/1765240200.c1.snap.jpg,1.2842965
2025-12-09 01:00:00,/Volumes/Argus/unk/snap/c1/1765242000.c1.snap.jpg,0.9174501
2025-12-09 01:30:00,/Volumes/Argus/unk/snap/c1/1765243800.c1.snap.jpg,0.75346136
2025-12-09 19:30:00,/Volumes/Argus/unk/snap/c1/1765308600.c1.snap.jpg,0.62581325
2025-12-09 20:30:00,/Volumes/Argus/unk/snap/c1/1765312200.c1.snap.jpg,0.7402455
2025-12-09 21:00:00,/Volumes/Argus/unk/snap/c1/1765314000.c1.snap.jpg,0.6057757
2025-12-09 21:30:00,/Volumes/Argus/unk/snap/c1/1765315800.c1.snap.jpg,1.0718036
2025-12-09 22:00:00,/Volumes/Argus/unk/snap/c1/1765317600.c1.snap.jpg,0.7334672
2025-12-09 23:00:00,/Volumes/Argus/unk/snap/c1/1765321200.c1.snap.jpg,0.73194766
2025-12-09 23:30:00,/Volumes/Argus/unk/snap/c1/1765323000.c1.snap.jpg,0.83939534
2025-12-10 00:00:00,/Volumes/Argus/unk/snap/c1/1765324800.c1.snap.jpg,1.1601166
2025-12-10 00:30:00,/Volumes/Argus/unk/snap/c1/1765326600.c1.snap.jpg,0.8576969
2025-12-10 01:00:00,/Volumes/Argus/unk/snap/c1/1765328400.c1.snap.jpg,0.6484004
2025-12-10 01:30:00,/Volumes/Argus/unk/snap/c1/1765330200.c1.snap.jpg,0.76533794
2025-12-10 02:00:00,/Volumes/Argus/unk/snap/c1/1765332000.c1.snap.jpg,0.8174415
2025-12-10 19:30:00,/Volumes/Argus/unk/snap/c1/1765395000.c1.snap.jpg,0.6337197
2025-12-10 20:00:00,/Volumes/Argus/unk/snap/c1/1765396800.c1.snap.jpg,0.6961099
2025-12-10 20:30:00,/Volumes/Argus/unk/snap/c1/1765398600.c1.snap.jpg,0.6036299
2025-12-10 21:00:00,/Volumes/Argus/unk/snap/c1/1765400400.c1.snap.jpg,1.060266
2025-12-10 21:30:00,/Volumes/Argus/unk/snap/c1/1765402200.c1.snap.jpg,1.1331377
2025-12-10 22:00:00,/Volumes/Argus/unk/snap/c1/1765404000.c1.snap.jpg,1.0901744
2025-12-10 22:30:00,/Volumes/Argus/unk/snap/c1/1765405800.c1.snap.jpg,1.0880797
2025-12-10 23:00:00,/Volumes/Argus/unk/snap/c1/1765407600.c1.snap.jpg,1.1074501
2025-12-10 23:30:00,/Volumes/Argus/unk/snap/c1/1765409400.c1.snap.jpg,1.0485042
2025-12-11 00:00:00,/Volumes/Argus/unk/snap/c1/1765411200.c1.snap.jpg,0.87774223
2025-12-11 00:30:00,/Volumes/Argus/unk/snap/c1/1765413000.c1.snap.jpg,0.7367876
2025-12-11 01:00:00,/Volumes/Argus/unk/snap/c1/1765414800.c1.snap.jpg,0.6906465
2025-12-11 01:30:00,/Volumes/Argus/unk/snap/c1/1765416600.c1.snap.jpg,0.6763217
2025-12-11 02:00:00,/Volumes/Argus/unk/snap/c1/1765418400.c1.snap.jpg,0.6723392
2025-12-11 19:30:00,/Volumes/Argus/unk/snap/c1/1765481400.c1.snap.jpg,0.8312715
2025-12-11 20:00:00,/Volumes/Argus/unk/snap/c1/1765483200.c1.snap.jpg,0.89656365
2025-12-11 20:30:00,/Volumes/Argus/unk/snap/c1/1765485000.c1.snap.jpg,0.6642809
2025-12-11 21:00:00,/Volumes/Argus/unk/snap/c1/1765486800.c1.snap.jpg,0.48864135
2025-12-11 21:30:00,/Volumes/Argus/unk/snap/c1/1765488600.c1.snap.jpg,0.6076014
2025-12-11 22:00:00,/Volumes/Argus/unk/snap/c1/1765490400.c1.snap.jpg,0.71152455
2025-12-11 22:30:00,/Volumes/Argus/unk/snap/c1/1765492200.c1.snap.jpg,0.8044305
2025-12-11 23:00:00,/Volumes/Argus/unk/snap/c1/1765494000.c1.snap.jpg,0.64565414
2025-12-11 23:30:00,/Volumes/Argus/unk/snap/c1/1765495800.c1.snap.jpg,0.81380665
2025-12-12 00:00:00,/Volumes/Argus/unk/snap/c1/1765497600.c1.snap.jpg,0.73861164
2025-12-12 00:30:00,/Volumes/Argus/unk/snap/c1/1765499400.c1.snap.jpg,0.7660086
2025-12-12 01:00:00,/Volumes/Argus/unk/snap/c1/1765501200.c1.snap.jpg,0.6092272
2025-12-12 01:30:00,/Volumes/Argus/unk/snap/c1/1765503000.c1.snap.jpg,0.69212794
2025-12-12 02:00:00,/Volumes/Argus/unk/snap/c1/1765504800.c1.snap.jpg,0.7807051
2025-12-12 19:30:00,/Volumes/Argus/unk/snap/c1/1765567800.c1.snap.jpg,1.0751934
2025-12-12 20:00:00,/Volumes/Argus/unk/snap/c1/1765569600.c1.snap.jpg,0.83808446
2025-12-12 20:30:00,/Volumes/Argus/unk/snap/c1/1765571400.c1.snap.jpg,0.8843843
2025-12-12 21:00:00,/Volumes/Argus/unk/snap/c1/1765573200.c1.snap.jpg,0.9484452
2025-12-12 22:00:00,/Volumes/Argus/unk/snap/c1/1765576800.c1.snap.jpg,0.967517
2025-12-12 22:30:00,/Volumes/Argus/unk/snap/c1/1765578600.c1.snap.jpg,1.1477952
2025-12-12 23:00:00,/Volumes/Argus/unk/snap/c1/1765580400.c1.snap.jpg,1.1588309
2025-12-12 23:30:00,/Volumes/Argus/unk/snap/c1/1765582200.c1.snap.jpg,0.9233962
2025-12-13 00:00:00,/Volumes/Argus/unk/snap/c1/1765584000.c1.snap.jpg,0.8550901
2025-12-13 00:30:00,/Volumes/Argus/unk/snap/c1/1765585800.c1.snap.jpg,0.768711
2025-12-13 01:30:00,/Volumes/Argus/unk/snap/c1/1765589400.c1.snap.jpg,0.87426865
2025-12-13 02:00:00,/Volumes/Argus/unk/snap/c1/1765591200.c1.snap.jpg,0.9299329
2025-12-14 19:30:00,/Volumes/Argus/unk/snap/c1/1765740600.c1.snap.jpg,0.73234206
2025-12-14 20:00:00,/Volumes/Argus/unk/snap/c1/1765742400.c1.snap.jpg,0.93273926
2025-12-14 20:30:00,/Volumes/Argus/unk/snap/c1/1765744200.c1.snap.jpg,0.9618523
2025-12-14 21:00:00,/Volumes/Argus/unk/snap/c1/1765746000.c1.snap.jpg,1.1065131
2025-12-14 21:30:00,/Volumes/Argus/unk/snap/c1/1765747800.c1.snap.jpg,1.2483712
2025-12-14 22:00:00,/Volumes/Argus/unk/snap/c1/1765749600.c1.snap.jpg,1.2216457
2025-12-14 22:30:00,/Volumes/Argus/unk/snap/c1/1765751400.c1.snap.jpg,1.2335035
2025-12-14 23:00:00,/Volumes/Argus/unk/snap/c1/1765753200.c1.snap.jpg,1.2368613
2025-12-14 23:30:00,/Volumes/Argus/unk/snap/c1/1765755000.c1.snap.jpg,1.2931039
2025-12-15 00:00:00,/Volumes/Argus/unk/snap/c1/1765756800.c1.snap.jpg,1.3280412
2025-12-15 00:30:00,/Volumes/Argus/unk/snap/c1/1765758600.c1.snap.jpg,1.2657577
2025-12-15 01:00:00,/Volumes/Argus/unk/snap/c1/1765760400.c1.snap.jpg,1.1791077
2025-12-15 01:30:00,/Volumes/Argus/unk/snap/c1/1765762200.c1.snap.jpg,1.242441
2025-12-15 02:00:00,/Volumes/Argus/unk/snap/c1/1765764000.c1.snap.jpg,1.000371
2025-12-15 19:30:00,/Volumes/Argus/unk/snap/c1/1765827000.c1.snap.jpg,0.6895929
2025-12-15 20:00:00,/Volumes/Argus/unk/snap/c1/1765828800.c1.snap.jpg,0.8830422
2025-12-15 20:30:00,/Volumes/Argus/unk/snap/c1/1765830600.c1.snap.jpg,0.88674027
2025-12-15 21:00:00,/Volumes/Argus/unk/snap/c1/1765832400.c1.snap.jpg,0.8485372
2025-12-15 21:30:00,/Volumes/Argus/unk/snap/c1/1765834200.c1.snap.jpg,1.0430706
2025-12-15 22:00:00,/Volumes/Argus/unk/snap/c1/1765836000.c1.snap.jpg,1.0079421
2025-12-15 22:30:00,/Volumes/Argus/unk/snap/c1/1765837800.c1.snap.jpg,0.85677296
2025-12-15 23:00:00,/Volumes/Argus/unk/snap/c1/1765839600.c1.snap.jpg,0.7883082
2025-12-15 23:30:00,/Volumes/Argus/unk/snap/c1/1765841400.c1.snap.jpg,0.7905198
2025-12-16 00:00:00,/Volumes/Argus/unk/snap/c1/1765843200.c1.snap.jpg,0.87168336
2025-12-16 00:30:00,/Volumes/Argus/unk/snap/c1/1765845000.c1.snap.jpg,0.79985446
2025-12-16 01:30:00,/Volumes/Argus/unk/snap/c1/1765848600.c1.snap.jpg,0.82360244
2025-12-16 02:00:00,/Volumes/Argus/unk/snap/c1/1765850400.c1.snap.jpg,1.0468776
2025-12-16 19:30:00,/Volumes/Argus/unk/snap/c1/1765913400.c1.snap.jpg,0.9414402
2025-12-16 20:00:00,/Volumes/Argus/unk/snap/c1/1765915200.c1.snap.jpg,0.8202238
2025-12-16 20:30:00,/Volumes/Argus/unk/snap/c1/1765917000.c1.snap.jpg,0.8626738
2025-12-16 21:00:00,/Volumes/Argus/unk/snap/c1/1765918800.c1.snap.jpg,0.89618254
2025-12-16 21:30:00,/Volumes/Argus/unk/snap/c1/1765920600.c1.snap.jpg,0.8636099
2025-12-16 22:00:00,/Volumes/Argus/unk/snap/c1/1765922400.c1.snap.jpg,0.8616936
2025-12-16 22:30:00,/Volumes/Argus/unk/snap/c1/1765924200.c1.snap.jpg,0.77001846
2025-12-16 23:00:00,/Volumes/Argus/unk/snap/c1/1765926000.c1.snap.jpg,0.7731215
2025-12-16 23:30:00,/Volumes/Argus/unk/snap/c1/1765927800.c1.snap.jpg,0.8363194
2025-12-17 00:00:00,/Volumes/Argus/unk/snap/c1/1765929600.c1.snap.jpg,0.8115667
2025-12-17 00:30:00,/Volumes/Argus/unk/snap/c1/1765931400.c1.snap.jpg,0.6737479
2025-12-17 01:00:00,/Volumes/Argus/unk/snap/c1/1765933200.c1.snap.jpg,0.78503865
2025-12-17 01:30:00,/Volumes/Argus/unk/snap/c1/1765935000.c1.snap.jpg,0.686657
2025-12-17 02:00:00,/Volumes/Argus/unk/snap/c1/1765936800.c1.snap.jpg,1.0297472
2025-12-17 19:30:00,/Volumes/Argus/unk/snap/c1/1765999800.c1.snap.jpg,0.65552586
2025-12-17 20:00:00,/Volumes/Argus/unk/snap/c1/1766001600.c1.snap.jpg,0.81033075
2025-12-17 20:30:00,/Volumes/Argus/unk/snap/c1/1766003400.c1.snap.jpg,0.9214997
2025-12-17 21:00:00,/Volumes/Argus/unk/snap/c1/1766005200.c1.snap.jpg,0.9061682
2025-12-17 21:30:00,/Volumes/Argus/unk/snap/c1/1766007000.c1.snap.jpg,1.0824441
2025-12-17 22:00:00,/Volumes/Argus/unk/snap/c1/1766008800.c1.snap.jpg,1.1285282
2025-12-17 22:30:00,/Volumes/Argus/unk/snap/c1/1766010600.c1.snap.jpg,1.1118317
2025-12-17 23:00:00,/Volumes/Argus/unk/snap/c1/1766012400.c1.snap.jpg,1.1043491
2025-12-17 23:30:00,/Volumes/Argus/unk/snap/c1/1766014200.c1.snap.jpg,1.0745656
2025-12-18 00:00:00,/Volumes/Argus/unk/snap/c1/1766016000.c1.snap.jpg,0.9158435
2025-12-18 00:30:00,/Volumes/Argus/unk/snap/c1/1766017800.c1.snap.jpg,0.8475487
2025-12-18 01:00:00,/Volumes/Argus/unk/snap/c1/1766019600.c1.snap.jpg,0.83720803
2025-12-18 01:30:00,/Volumes/Argus/unk/snap/c1/1766021400.c1.snap.jpg,0.9065652
2025-12-18 02:00:00,/Volumes/Argus/unk/snap/c1/1766023200.c1.snap.jpg,0.8830904
2025-12-18 19:30:00,/Volumes/Argus/unk/snap/c1/1766086200.c1.snap.jpg,0.70160234
2025-12-18 20:00:00,/Volumes/Argus/unk/snap/c1/1766088000.c1.snap.jpg,0.8614954
2025-12-18 20:30:00,/Volumes/Argus/unk/snap/c1/1766089800.c1.snap.jpg,0.8002931
2025-12-18 21:00:00,/Volumes/Argus/unk/snap/c1/1766091600.c1.snap.jpg,0.7445321
2025-12-18 21:30:00,/Volumes/Argus/unk/snap/c1/1766093400.c1.snap.jpg,0.85629743
2025-12-18 22:00:00,/Volumes/Argus/unk/snap/c1/1766095200.c1.snap.jpg,0.83936894
2025-12-18 22:30:00,/Volumes/Argus/unk/snap/c1/1766097000.c1.snap.jpg,0.80011123
2025-12-18 23:00:00,/Volumes/Argus/unk/snap/c1/1766098800.c1.snap.jpg,0.8704648
2025-12-18 23:30:00,/Volumes/Argus/unk/snap/c1/1766100600.c1.snap.jpg,0.8137119
2025-12-19 00:00:00,/Volumes/Argus/unk/snap/c1/1766102400.c1.snap.jpg,0.76804096
2025-12-19 00:30:00,/Volumes/Argus/unk/snap/c1/1766104200.c1.snap.jpg,0.76906323
2025-12-19 01:00:00,/Volumes/Argus/unk/snap/c1/1766106000.c1.snap.jpg,0.84812814
2025-12-19 01:30:00,/Volumes/Argus/unk/snap/c1/1766107800.c1.snap.jpg,0.7119893
2025-12-19 02:00:00,/Volumes/Argus/unk/snap/c1/1766109600.c1.snap.jpg,0.813145
2025-12-19 20:30:00,/Volumes/Argus/unk/snap/c1/1766176200.c1.snap.jpg,0.6723621
2025-12-19 21:00:00,/Volumes/Argus/unk/snap/c1/1766178000.c1.snap.jpg,0.71320677
2025-12-19 21:30:00,/Volumes/Argus/unk/snap/c1/1766179800.c1.snap.jpg,0.64027524
2025-12-19 22:00:00,/Volumes/Argus/unk/snap/c1/1766181600.c1.snap.jpg,0.5599288
2025-12-19 22:30:00,/Volumes/Argus/unk/snap/c1/1766183400.c1.snap.jpg,0.60460305
2025-12-19 23:00:00,/Volumes/Argus/unk/snap/c1/1766185200.c1.snap.jpg,0.40575057
2025-12-19 23:30:00,/Volumes/Argus/unk/snap/c1/1766187000.c1.snap.jpg,0.42193633
2025-12-20 00:00:00,/Volumes/Argus/unk/snap/c1/1766188800.c1.snap.jpg,0.41930252
2025-12-20 00:30:00,/Volumes/Argus/unk/snap/c1/1766190600.c1.snap.jpg,0.4804024
2025-12-20 01:00:00,/Volumes/Argus/unk/snap/c1/1766192400.c1.snap.jpg,0.4526534
2025-12-20 01:30:00,/Volumes/Argus/unk/snap/c1/1766194200.c1.snap.jpg,1.1470613
2025-12-20 02:00:00,/Volumes/Argus/unk/snap/c1/1766196000.c1.snap.jpg,1.7869647
2025-12-20 19:30:00,/Volumes/Argus/unk/snap/c1/1766259000.c1.snap.jpg,0.73690104
2025-12-20 20:00:00,/Volumes/Argus/unk/snap/c1/1766260800.c1.snap.jpg,0.80121267
2025-12-20 20:30:00,/Volumes/Argus/unk/snap/c1/1766262600.c1.snap.jpg,0.5709111
2025-12-20 21:00:00,/Volumes/Argus/unk/snap/c1/1766264400.c1.snap.jpg,0.6653426
2025-12-20 21:30:00,/Volumes/Argus/unk/snap/c1/1766266200.c1.snap.jpg,1.1032441
2025-12-20 22:00:00,/Volumes/Argus/unk/snap/c1/1766268000.c1.snap.jpg,0.8750238
2025-12-20 22:30:00,/Volumes/Argus/unk/snap/c1/1766269800.c1.snap.jpg,0.8552704
2025-12-20 23:00:00,/Volumes/Argus/unk/snap/c1/1766271600.c1.snap.jpg,0.8349343
2025-12-20 23:30:00,/Volumes/Argus/unk/snap/c1/1766273400.c1.snap.jpg,0.7945794
2025-12-21 00:00:00,/Volumes/Argus/unk/snap/c1/1766275200.c1.snap.jpg,0.7620412
2025-12-21 00:30:00,/Volumes/Argus/unk/snap/c1/1766277000.c1.snap.jpg,0.65522194
2025-12-21 01:00:00,/Volumes/Argus/unk/snap/c1/1766278800.c1.snap.jpg,1.2728449
2025-12-21 01:30:00,/Volumes/Argus/unk/snap/c1/1766280600.c1.snap.jpg,1.3407351
2025-12-21 02:00:00,/Volumes/Argus/unk/snap/c1/1766282400.c1.snap.jpg,0.7975353
2025-12-21 19:30:00,/Volumes/Argus/unk/snap/c1/1766345400.c1.snap.jpg,0.98654854
2025-12-21 20:00:00,/Volumes/Argus/unk/snap/c1/1766347200.c1.snap.jpg,0.8923688
2025-12-21 20:30:00,/Volumes/Argus/unk/snap/c1/1766349000.c1.snap.jpg,0.8942084
2025-12-21 21:00:00,/Volumes/Argus/unk/snap/c1/1766350800.c1.snap.jpg,0.95177436
2025-12-21 21:30:00,/Volumes/Argus/unk/snap/c1/1766352600.c1.snap.jpg,1.0789444
2025-12-21 22:00:00,/Volumes/Argus/unk/snap/c1/1766354400.c1.snap.jpg,1.1566912
2025-12-21 22:30:00,/Volumes/Argus/unk/snap/c1/1766356200.c1.snap.jpg,1.028858
2025-12-21 23:00:00,/Volumes/Argus/unk/snap/c1/1766358000.c1.snap.jpg,0.823853
2025-12-21 23:30:00,/Volumes/Argus/unk/snap/c1/1766359800.c1.snap.jpg,0.75965536
2025-12-22 00:30:00,/Volumes/Argus/unk/snap/c1/1766363400.c1.snap.jpg,0.84713435
2025-12-22 01:00:00,/Volumes/Argus/unk/snap/c1/1766365200.c1.snap.jpg,0.80857384
2025-12-22 01:30:00,/Volumes/Argus/unk/snap/c1/1766367000.c1.snap.jpg,0.82568896
2025-12-22 02:00:00,/Volumes/Argus/unk/snap/c1/1766368800.c1.snap.jpg,0.8096608
2025-12-22 19:30:00,/Volumes/Argus/unk/snap/c1/1766431800.c1.snap.jpg,1.158618
2025-12-22 20:00:00,/Volumes/Argus/unk/snap/c1/1766433600.c1.snap.jpg,0.6508694
2025-12-22 20:30:00,/Volumes/Argus/unk/snap/c1/1766435400.c1.snap.jpg,0.82336944
2025-12-22 21:00:00,/Volumes/Argus/unk/snap/c1/1766437200.c1.snap.jpg,1.0004407
2025-12-22 21:30:00,/Volumes/Argus/unk/snap/c1/1766439000.c1.snap.jpg,0.72305167
2025-12-22 22:00:00,/Volumes/Argus/unk/snap/c1/1766440800.c1.snap.jpg,0.54705054
2025-12-22 22:30:00,/Volumes/Argus/unk/snap/c1/1766442600.c1.snap.jpg,0.7570421
2025-12-22 23:00:00,/Volumes/Argus/unk/snap/c1/1766444400.c1.snap.jpg,0.6490439
2025-12-23 00:00:00,/Volumes/Argus/unk/snap/c1/1766448000.c1.snap.jpg,0.7288144
2025-12-23 00:30:00,/Volumes/Argus/unk/snap/c1/1766449800.c1.snap.jpg,0.51307195
2025-12-23 01:00:00,/Volumes/Argus/unk/snap/c1/1766451600.c1.snap.jpg,0.7208688
2025-12-23 01:30:00,/Volumes/Argus/unk/snap/c1/1766453400.c1.snap.jpg,1.3420403
2025-12-23 02:00:00,/Volumes/Argus/unk/snap/c1/1766455200.c1.snap.jpg,1.6591188
2025-12-23 19:30:00,/Volumes/Argus/unk/snap/c1/1766518200.c1.snap.jpg,1.541003
2025-12-23 20:30:00,/Volumes/Argus/unk/snap/c1/1766521800.c1.snap.jpg,1.0516633
2025-12-23 21:00:00,/Volumes/Argus/unk/snap/c1/1766523600.c1.snap.jpg,1.0741824
2025-12-23 21:30:00,/Volumes/Argus/unk/snap/c1/1766525400.c1.snap.jpg,1.1102611
2025-12-23 22:00:00,/Volumes/Argus/unk/snap/c1/1766527200.c1.snap.jpg,1.056788
2025-12-23 22:30:00,/Volumes/Argus/unk/snap/c1/1766529000.c1.snap.jpg,1.0538805
2025-12-23 23:00:00,/Volumes/Argus/unk/snap/c1/1766530800.c1.snap.jpg,1.0354077
2025-12-23 23:30:00,/Volumes/Argus/unk/snap/c1/1766532600.c1.snap.jpg,1.0192857
2025-12-24 00:00:00,/Volumes/Argus/unk/snap/c1/1766534400.c1.snap.jpg,1.0494757
2025-12-24 00:30:00,/Volumes/Argus/unk/snap/c1/1766536200.c1.snap.jpg,1.0018508
2025-12-24 01:00:00,/Volumes/Argus/unk/snap/c1/1766538000.c1.snap.jpg,0.83777237
2025-12-24 01:30:00,/Volumes/Argus/unk/snap/c1/1766539800.c1.snap.jpg,0.7559942
2025-12-24 02:00:00,/Volumes/Argus/unk/snap/c1/1766541600.c1.snap.jpg,0.80922973
2025-12-25 19:30:00,/Volumes/Argus/unk/snap/c1/1766691000.c1.snap.jpg,0.6992097
2025-12-25 20:00:00,/Volumes/Argus/unk/snap/c1/1766692800.c1.snap.jpg,0.80508137
2025-12-25 20:30:00,/Volumes/Argus/unk/snap/c1/1766694600.c1.snap.jpg,0.8551731
2025-12-25 21:00:00,/Volumes/Argus/unk/snap/c1/1766696400.c1.snap.jpg,0.8573206
2025-12-25 21:30:00,/Volumes/Argus/unk/snap/c1/1766698200.c1.snap.jpg,0.8644569
2025-12-25 22:00:00,/Volumes/Argus/unk/snap/c1/1766700000.c1.snap.jpg,0.82623386
2025-12-25 22:30:00,/Volumes/Argus/unk/snap/c1/1766701800.c1.snap.jpg,0.73097813
2025-12-25 23:30:00,/Volumes/Argus/unk/snap/c1/1766705400.c1.snap.jpg,0.85670984
2025-12-26 00:30:00,/Volumes/Argus/unk/snap/c1/1766709000.c1.snap.jpg,0.73679346
2025-12-26 01:00:00,/Volumes/Argus/unk/snap/c1/1766710800.c1.snap.jpg,0.6641653
2025-12-26 01:30:00,/Volumes/Argus/unk/snap/c1/1766712600.c1.snap.jpg,0.59199893
2025-12-26 02:00:00,/Volumes/Argus/unk/snap/c1/1766714400.c1.snap.jpg,1.0848352
2025-12-26 19:30:00,/Volumes/Argus/unk/snap/c1/1766777400.c1.snap.jpg,0.6699873
2025-12-26 20:00:00,/Volumes/Argus/unk/snap/c1/1766779200.c1.snap.jpg,0.7941304
2025-12-26 20:30:00,/Volumes/Argus/unk/snap/c1/1766781000.c1.snap.jpg,0.82534283
2025-12-26 21:00:00,/Volumes/Argus/unk/snap/c1/1766782800.c1.snap.jpg,0.79614717
2025-12-26 21:30:00,/Volumes/Argus/unk/snap/c1/1766784600.c1.snap.jpg,0.7429744
2025-12-26 22:00:00,/Volumes/Argus/unk/snap/c1/1766786400.c1.snap.jpg,0.7255091
2025-12-26 22:30:00,/Volumes/Argus/unk/snap/c1/1766788200.c1.snap.jpg,1.2342678
2025-12-26 23:00:00,/Volumes/Argus/unk/snap/c1/1766790000.c1.snap.jpg,1.2739705
2025-12-26 23:30:00,/Volumes/Argus/unk/snap/c1/1766791800.c1.snap.jpg,1.2868537
2025-12-27 00:00:00,/Volumes/Argus/unk/snap/c1/1766793600.c1.snap.jpg,0.9231241
2025-12-27 00:30:00,/Volumes/Argus/unk/snap/c1/1766795400.c1.snap.jpg,0.7576994
2025-12-27 01:00:00,/Volumes/Argus/unk/snap/c1/1766797200.c1.snap.jpg,1.2864238
2025-12-27 01:30:00,/Volumes/Argus/unk/snap/c1/1766799000.c1.snap.jpg,0.9738803
2025-12-27 02:00:00,/Volumes/Argus/unk/snap/c1/1766800800.c1.snap.jpg,0.73891664
2025-12-27 19:30:00,/Volumes/Argus/unk/snap/c1/1766863800.c1.snap.jpg,0.576616
2025-12-27 20:00:00,/Volumes/Argus/unk/snap/c1/1766865600.c1.snap.jpg,0.6684385
2025-12-27 20:30:00,/Volumes/Argus/unk/snap/c1/1766867400.c1.snap.jpg,0.72714365
2025-12-27 21:00:00,/Volumes/Argus/unk/snap/c1/1766869200.c1.snap.jpg,0.7131635
2025-12-27 21:30:00,/Volumes/Argus/unk/snap/c1/1766871000.c1.snap.jpg,1.1761847
2025-12-27 22:00:00,/Volumes/Argus/unk/snap/c1/1766872800.c1.snap.jpg,1.203654
2025-12-27 22:30:00,/Volumes/Argus/unk/snap/c1/1766874600.c1.snap.jpg,1.2593817
2025-12-27 23:00:00,/Volumes/Argus/unk/snap/c1/1766876400.c1.snap.jpg,1.3176372
2025-12-27 23:30:00,/Volumes/Argus/unk/snap/c1/1766878200.c1.snap.jpg,1.3062629
2025-12-28 00:00:00,/Volumes/Argus/unk/snap/c1/1766880000.c1.snap.jpg,1.253626
2025-12-28 00:30:00,/Volumes/Argus/unk/snap/c1/1766881800.c1.snap.jpg,0.77902895
2025-12-28 01:00:00,/Volumes/Argus/unk/snap/c1/1766883600.c1.snap.jpg,0.76084924
2025-12-28 01:30:00,/Volumes/Argus/unk/snap/c1/1766885400.c1.snap.jpg,0.7364509
2025-12-28 02:00:00,/Volumes/Argus/unk/snap/c1/1766887200.c1.snap.jpg,0.69224113
2025-12-28 19:30:00,/Volumes/Argus/unk/snap/c1/1766950200.c1.snap.jpg,0.59120333
2025-12-28 20:00:00,/Volumes/Argus/unk/snap/c1/1766952000.c1.snap.jpg,0.7284002
2025-12-28 20:30:00,/Volumes/Argus/unk/snap/c1/1766953800.c1.snap.jpg,0.7437241
2025-12-28 21:00:00,/Volumes/Argus/unk/snap/c1/1766955600.c1.snap.jpg,0.6848714
2025-12-28 21:30:00,/Volumes/Argus/unk/snap/c1/1766957400.c1.snap.jpg,1.1767973
2025-12-28 22:00:00,/Volumes/Argus/unk/snap/c1/1766959200.c1.snap.jpg,1.1764638
2025-12-28 22:30:00,/Volumes/Argus/unk/snap/c1/1766961000.c1.snap.jpg,1.2457619
2025-12-28 23:00:00,/Volumes/Argus/unk/snap/c1/1766962800.c1.snap.jpg,1.2867397
2025-12-28 23:30:00,/Volumes/Argus/unk/snap/c1/1766964600.c1.snap.jpg,1.2743332
2025-12-29 00:00:00,/Volumes/Argus/unk/snap/c1/1766966400.c1.snap.jpg,0.793957
2025-12-29 00:30:00,/Volumes/Argus/unk/snap/c1/1766968200.c1.snap.jpg,0.6988721
2025-12-29 01:00:00,/Volumes/Argus/unk/snap/c1/1766970000.c1.snap.jpg,0.7048942
2025-12-29 01:30:00,/Volumes/Argus/unk/snap/c1/1766971800.c1.snap.jpg,0.7118856
2025-12-29 02:00:00,/Volumes/Argus/unk/snap/c1/1766973600.c1.snap.jpg,0.6958025
2025-12-29 19:30:00,/Volumes/Argus/unk/snap/c1/1767036600.c1.snap.jpg,0.71159023
2025-12-29 20:00:00,/Volumes/Argus/unk/snap/c1/1767038400.c1.snap.jpg,0.7809549
2025-12-29 20:30:00,/Volumes/Argus/unk/snap/c1/1767040200.c1.snap.jpg,0.7641458
2025-12-29 21:00:00,/Volumes/Argus/unk/snap/c1/1767042000.c1.snap.jpg,0.7056366
2025-12-29 21:30:00,/Volumes/Argus/unk/snap/c1/1767043800.c1.snap.jpg,0.6880495
2025-12-29 22:00:00,/Volumes/Argus/unk/snap/c1/1767045600.c1.snap.jpg,0.66581213
2025-12-29 22:30:00,/Volumes/Argus/unk/snap/c1/1767047400.c1.snap.jpg,0.65255153
2025-12-29 23:00:00,/Volumes/Argus/unk/snap/c1/1767049200.c1.snap.jpg,0.59186465
2025-12-29 23:30:00,/Volumes/Argus/unk/snap/c1/1767051000.c1.snap.jpg,0.69622594
2025-12-30 00:00:00,/Volumes/Argus/unk/snap/c1/1767052800.c1.snap.jpg,0.76499057
2025-12-30 00:30:00,/Volumes/Argus/unk/snap/c1/1767054600.c1.snap.jpg,0.79808354
2025-12-30 01:00:00,/Volumes/Argus/unk/snap/c1/1767056400.c1.snap.jpg,0.61319333
2025-12-30 01:30:00,/Volumes/Argus/unk/snap/c1/1767058200.c1.snap.jpg,0.599335
2025-12-30 02:00:00,/Volumes/Argus/unk/snap/c1/1767060000.c1.snap.jpg,0.6261648
2025-12-30 19:30:00,/Volumes/Argus/unk/snap/c1/1767123000.c1.snap.jpg,0.66816676
2025-12-30 20:00:00,/Volumes/Argus/unk/snap/c1/1767124800.c1.snap.jpg,0.7436594
2025-12-30 20:30:00,/Volumes/Argus/unk/snap/c1/1767126600.c1.snap.jpg,0.84955597
2025-12-30 21:00:00,/Volumes/Argus/unk/snap/c1/1767128400.c1.snap.jpg,0.7054883
2025-12-30 21:30:00,/Volumes/Argus/unk/snap/c1/1767130200.c1.snap.jpg,0.9276897
2025-12-30 22:00:00,/Volumes/Argus/unk/snap/c1/1767132000.c1.snap.jpg,0.6906922
2025-12-30 22:30:00,/Volumes/Argus/unk/snap/c1/1767133800.c1.snap.jpg,0.73101383
2025-12-30 23:00:00,/Volumes/Argus/unk/snap/c1/1767135600.c1.snap.jpg,0.6608888
2025-12-30 23:30:00,/Volumes/Argus/unk/snap/c1/1767137400.c1.snap.jpg,0.7830291
2025-12-31 00:00:00,/Volumes/Argus/unk/snap/c1/1767139200.c1.snap.jpg,0.76619565
2025-12-31 00:30:00,/Volumes/Argus/unk/snap/c1/1767141000.c1.snap.jpg,0.90674996
2025-12-31 01:00:00,/Volumes/Argus/unk/snap/c1/1767142800.c1.snap.jpg,0.7680556
2025-12-31 01:30:00,/Volumes/Argus/unk/snap/c1/1767144600.c1.snap.jpg,0.86225516
2025-12-31 02:00:00,/Volumes/Argus/unk/snap/c1/1767146400.c1.snap.jpg,0.65668494
2025-12-31 19:30:00,/Volumes/Argus/unk/snap/c1/1767209400.c1.snap.jpg,0.6296959
2025-12-31 20:00:00,/Volumes/Argus/unk/snap/c1/1767211200.c1.snap.jpg,0.80001444
2025-12-31 20:30:00,/Volumes/Argus/unk/snap/c1/1767213000.c1.snap.jpg,0.719612
2025-12-31 21:00:00,/Volumes/Argus/unk/snap/c1/1767214800.c1.snap.jpg,0.8137761
2025-12-31 21:30:00,/Volumes/Argus/unk/snap/c1/1767216600.c1.snap.jpg,1.1161337
2025-12-31 22:00:00,/Volumes/Argus/unk/snap/c1/1767218400.c1.snap.jpg,1.0640975
2025-12-31 22:30:00,/Volumes/Argus/unk/snap/c1/1767220200.c1.snap.jpg,1.0714076
2025-12-31 23:00:00,/Volumes/Argus/unk/snap/c1/1767222000.c1.snap.jpg,1.0806983
2025-12-31 23:30:00,/Volumes/Argus/unk/snap/c1/1767223800.c1.snap.jpg,1.0274394
2026-01-01 00:00:00,/Volumes/Argus/unk/snap/c1/1767225600.c1.snap.jpg,0.7623027
2026-01-01 00:30:00,/Volumes/Argus/unk/snap/c1/1767227400.c1.snap.jpg,0.8270668
2026-01-01 01:00:00,/Volumes/Argus/unk/snap/c1/1767229200.c1.snap.jpg,0.71423566
2026-01-01 01:30:00,/Volumes/Argus/unk/snap/c1/1767231000.c1.snap.jpg,0.8981864
2026-01-01 02:00:00,/Volumes/Argus/unk/snap/c1/1767232800.c1.snap.jpg,0.82325137
2026-01-01 19:30:00,/Volumes/Argus/unk/snap/c1/1767295800.c1.snap.jpg,0.68898165
2026-01-01 20:00:00,/Volumes/Argus/unk/snap/c1/1767297600.c1.snap.jpg,0.7317594
2026-01-01 20:30:00,/Volumes/Argus/unk/snap/c1/1767299400.c1.snap.jpg,0.78033876
2026-01-01 21:00:00,/Volumes/Argus/unk/snap/c1/1767301200.c1.snap.jpg,0.9689623
2026-01-01 21:30:00,/Volumes/Argus/unk/snap/c1/1767303000.c1.snap.jpg,1.1045454
2026-01-01 22:00:00,/Volumes/Argus/unk/snap/c1/1767304800.c1.snap.jpg,0.77430946
2026-01-01 22:30:00,/Volumes/Argus/unk/snap/c1/1767306600.c1.snap.jpg,0.9991928
2026-01-01 23:00:00,/Volumes/Argus/unk/snap/c1/1767308400.c1.snap.jpg,1.0809247
2026-01-01 23:30:00,/Volumes/Argus/unk/snap/c1/1767310200.c1.snap.jpg,0.99464333
2026-01-02 00:00:00,/Volumes/Argus/unk/snap/c1/1767312000.c1.snap.jpg,0.7079977
2026-01-02 00:30:00,/Volumes/Argus/unk/snap/c1/1767313800.c1.snap.jpg,0.89647263
2026-01-02 01:00:00,/Volumes/Argus/unk/snap/c1/1767315600.c1.snap.jpg,0.69589937
2026-01-02 01:30:00,/Volumes/Argus/unk/snap/c1/1767317400.c1.snap.jpg,0.7717582
2026-01-02 02:00:00,/Volumes/Argus/unk/snap/c1/1767319200.c1.snap.jpg,0.83891034
2026-01-02 19:30:00,/Volumes/Argus/unk/snap/c1/1767382200.c1.snap.jpg,0.74244034
2026-01-02 20:00:00,/Volumes/Argus/unk/snap/c1/1767384000.c1.snap.jpg,0.783498
2026-01-02 20:30:00,/Volumes/Argus/unk/snap/c1/1767385800.c1.snap.jpg,0.7878926
2026-01-02 21:00:00,/Volumes/Argus/unk/snap/c1/1767387600.c1.snap.jpg,0.73124534
2026-01-02 21:30:00,/Volumes/Argus/unk/snap/c1/1767389400.c1.snap.jpg,0.7614844
2026-01-02 22:00:00,/Volumes/Argus/unk/snap/c1/1767391200.c1.snap.jpg,0.7067347
2026-01-02 22:30:00,/Volumes/Argus/unk/snap/c1/1767393000.c1.snap.jpg,0.66602796
2026-01-02 23:00:00,/Volumes/Argus/unk/snap/c1/1767394800.c1.snap.jpg,0.7238542
2026-01-02 23:30:00,/Volumes/Argus/unk/snap/c1/1767396600.c1.snap.jpg,0.8604361
2026-01-03 00:00:00,/Volumes/Argus/unk/snap/c1/1767398400.c1.snap.jpg,0.83927226
2026-01-03 00:30:00,/Volumes/Argus/unk/snap/c1/1767400200.c1.snap.jpg,0.6876804
2026-01-03 01:00:00,/Volumes/Argus/unk/snap/c1/1767402000.c1.snap.jpg,0.79044837
2026-01-03 01:30:00,/Volumes/Argus/unk/snap/c1/1767403800.c1.snap.jpg,0.6257325
2026-01-03 02:00:00,/Volumes/Argus/unk/snap/c1/1767405600.c1.snap.jpg,0.85628843
2026-01-03 19:30:00,/Volumes/Argus/unk/snap/c1/1767468600.c1.snap.jpg,0.61821795
2026-01-03 20:00:00,/Volumes/Argus/unk/snap/c1/1767470400.c1.snap.jpg,0.69429183
2026-01-03 20:30:00,/Volumes/Argus/unk/snap/c1/1767472200.c1.snap.jpg,0.6993817
2026-01-03 21:00:00,/Volumes/Argus/unk/snap/c1/1767474000.c1.snap.jpg,0.7018709
2026-01-03 21:30:00,/Volumes/Argus/unk/snap/c1/1767475800.c1.snap.jpg,1.0869594
2026-01-03 22:00:00,/Volumes/Argus/unk/snap/c1/1767477600.c1.snap.jpg,1.0908668
2026-01-03 22:30:00,/Volumes/Argus/unk/snap/c1/1767479400.c1.snap.jpg,1.1595957
2026-01-03 23:00:00,/Volumes/Argus/unk/snap/c1/1767481200.c1.snap.jpg,1.1989815
2026-01-03 23:30:00,/Volumes/Argus/unk/snap/c1/1767483000.c1.snap.jpg,1.2326925
2026-01-04 00:00:00,/Volumes/Argus/unk/snap/c1/1767484800.c1.snap.jpg,1.1263943
2026-01-04 00:30:00,/Volumes/Argus/unk/snap/c1/1767486600.c1.snap.jpg,0.74934125
2026-01-04 01:00:00,/Volumes/Argus/unk/snap/c1/1767488400.c1.snap.jpg,0.7548635
2026-01-04 01:30:00,/Volumes/Argus/unk/snap/c1/1767490200.c1.snap.jpg,0.7499237
2026-01-04 02:00:00,/Volumes/Argus/unk/snap/c1/1767492000.c1.snap.jpg,0.73223376
2026-01-04 19:30:00,/Volumes/Argus/unk/snap/c1/1767555000.c1.snap.jpg,0.6812235
2026-01-04 20:00:00,/Volumes/Argus/unk/snap/c1/1767556800.c1.snap.jpg,0.70213634
2026-01-04 20:30:00,/Volumes/Argus/unk/snap/c1/1767558600.c1.snap.jpg,0.7444124
2026-01-04 21:00:00,/Volumes/Argus/unk/snap/c1/1767560400.c1.snap.jpg,0.7322528
2026-01-04 21:30:00,/Volumes/Argus/unk/snap/c1/1767562200.c1.snap.jpg,0.70429415
2026-01-04 22:00:00,/Volumes/Argus/unk/snap/c1/1767564000.c1.snap.jpg,0.6343439
2026-01-04 22:30:00,/Volumes/Argus/unk/snap/c1/1767565800.c1.snap.jpg,0.7370131
2026-01-04 23:00:00,/Volumes/Argus/unk/snap/c1/1767567600.c1.snap.jpg,1.0971761
2026-01-04 23:30:00,/Volumes/Argus/unk/snap/c1/1767569400.c1.snap.jpg,0.6387177
2026-01-05 00:00:00,/Volumes/Argus/unk/snap/c1/1767571200.c1.snap.jpg,0.63881797
2026-01-05 00:30:00,/Volumes/Argus/unk/snap/c1/1767573000.c1.snap.jpg,0.6698842
2026-01-05 01:00:00,/Volumes/Argus/unk/snap/c1/1767574800.c1.snap.jpg,0.5476533
2026-01-05 01:30:00,/Volumes/Argus/unk/snap/c1/1767576600.c1.snap.jpg,0.58829725
2026-01-05 02:00:00,/Volumes/Argus/unk/snap/c1/1767578400.c1.snap.jpg,0.67663777
2026-01-05 19:30:00,/Volumes/Argus/unk/snap/c1/1767641400.c1.snap.jpg,0.67025256
2026-01-05 20:00:00,/Volumes/Argus/unk/snap/c1/1767643200.c1.snap.jpg,0.6436797
2026-01-05 20:30:00,/Volumes/Argus/unk/snap/c1/1767645000.c1.snap.jpg,0.66922325
2026-01-05 21:00:00,/Volumes/Argus/unk/snap/c1/1767646800.c1.snap.jpg,0.7859144
2026-01-05 21:30:00,/Volumes/Argus/unk/snap/c1/1767648600.c1.snap.jpg,0.771484
2026-01-05 22:00:00,/Volumes/Argus/unk/snap/c1/1767650400.c1.snap.jpg,0.79243
2026-01-05 22:30:00,/Volumes/Argus/unk/snap/c1/1767652200.c1.snap.jpg,0.7071221
2026-01-05 23:00:00,/Volumes/Argus/unk/snap/c1/1767654000.c1.snap.jpg,0.9517577
2026-01-05 23:30:00,/Volumes/Argus/unk/snap/c1/1767655800.c1.snap.jpg,0.9660947
2026-01-06 00:00:00,/Volumes/Argus/unk/snap/c1/1767657600.c1.snap.jpg,0.8758366
2026-01-06 00:30:00,/Volumes/Argus/unk/snap/c1/1767659400.c1.snap.jpg,0.744279
2026-01-06 01:00:00,/Volumes/Argus/unk/snap/c1/1767661200.c1.snap.jpg,0.77154636
2026-01-06 01:30:00,/Volumes/Argus/unk/snap/c1/1767663000.c1.snap.jpg,0.7672585
2026-01-06 02:00:00,/Volumes/Argus/unk/snap/c1/1767664800.c1.snap.jpg,0.7078473
2026-01-06 19:30:00,/Volumes/Argus/unk/snap/c1/1767727800.c1.snap.jpg,0.7453097
2026-01-06 20:00:00,/Volumes/Argus/unk/snap/c1/1767729600.c1.snap.jpg,0.72021204
2026-01-06 20:30:00,/Volumes/Argus/unk/snap/c1/1767731400.c1.snap.jpg,0.64887434
2026-01-06 21:00:00,/Volumes/Argus/unk/snap/c1/1767733200.c1.snap.jpg,0.66772103
2026-01-06 21:30:00,/Volumes/Argus/unk/snap/c1/1767735000.c1.snap.jpg,0.77135915
2026-01-06 22:00:00,/Volumes/Argus/unk/snap/c1/1767736800.c1.snap.jpg,0.70948297
2026-01-06 22:30:00,/Volumes/Argus/unk/snap/c1/1767738600.c1.snap.jpg,0.7084007
2026-01-06 23:00:00,/Volumes/Argus/unk/snap/c1/1767740400.c1.snap.jpg,0.9903339
2026-01-06 23:30:00,/Volumes/Argus/unk/snap/c1/1767742200.c1.snap.jpg,0.76288843
2026-01-07 00:00:00,/Volumes/Argus/unk/snap/c1/1767744000.c1.snap.jpg,0.7724684
2026-01-07 00:30:00,/Volumes/Argus/unk/snap/c1/1767745800.c1.snap.jpg,0.69965905
2026-01-07 01:00:00,/Volumes/Argus/unk/snap/c1/1767747600.c1.snap.jpg,0.7728801
2026-01-07 01:30:00,/Volumes/Argus/unk/snap/c1/1767749400.c1.snap.jpg,0.6628182
2026-01-07 02:00:00,/Volumes/Argus/unk/snap/c1/1767751200.c1.snap.jpg,0.730937
2026-01-07 19:30:00,/Volumes/Argus/unk/snap/c1/1767814200.c1.snap.jpg,0.71704394
2026-01-07 20:00:00,/Volumes/Argus/unk/snap/c1/1767816000.c1.snap.jpg,0.7050435
2026-01-07 20:30:00,/Volumes/Argus/unk/snap/c1/1767817800.c1.snap.jpg,0.68109363
2026-01-07 21:00:00,/Volumes/Argus/unk/snap/c1/1767819600.c1.snap.jpg,0.68123066
2026-01-07 21:30:00,/Volumes/Argus/unk/snap/c1/1767821400.c1.snap.jpg,0.9183882
2026-01-07 22:00:00,/Volumes/Argus/unk/snap/c1/1767823200.c1.snap.jpg,0.8262286
2026-01-07 22:30:00,/Volumes/Argus/unk/snap/c1/1767825000.c1.snap.jpg,0.9085917
2026-01-07 23:00:00,/Volumes/Argus/unk/snap/c1/1767826800.c1.snap.jpg,1.1319534
2026-01-07 23:30:00,/Volumes/Argus/unk/snap/c1/1767828600.c1.snap.jpg,0.92421305
2026-01-08 00:00:00,/Volumes/Argus/unk/snap/c1/1767830400.c1.snap.jpg,0.72726655
2026-01-08 00:30:00,/Volumes/Argus/unk/snap/c1/1767832200.c1.snap.jpg,0.68388087
2026-01-08 01:00:00,/Volumes/Argus/unk/snap/c1/1767834000.c1.snap.jpg,0.72172546
2026-01-08 01:30:00,/Volumes/Argus/unk/snap/c1/1767835800.c1.snap.jpg,0.621391
2026-01-08 02:00:00,/Volumes/Argus/unk/snap/c1/1767837600.c1.snap.jpg,0.6410638
2026-01-08 19:30:00,/Volumes/Argus/unk/snap/c1/1767900600.c1.snap.jpg,0.62135965
2026-01-08 20:00:00,/Volumes/Argus/unk/snap/c1/1767902400.c1.snap.jpg,0.7232095
2026-01-08 20:30:00,/Volumes/Argus/unk/snap/c1/1767904200.c1.snap.jpg,0.76884365
2026-01-08 21:00:00,/Volumes/Argus/unk/snap/c1/1767906000.c1.snap.jpg,0.79187745
2026-01-08 21:30:00,/Volumes/Argus/unk/snap/c1/1767907800.c1.snap.jpg,1.088587
2026-01-08 22:00:00,/Volumes/Argus/unk/snap/c1/1767909600.c1.snap.jpg,1.1806209
2026-01-08 22:30:00,/Volumes/Argus/unk/snap/c1/1767911400.c1.snap.jpg,1.069389
2026-01-08 23:00:00,/Volumes/Argus/unk/snap/c1/1767913200.c1.snap.jpg,1.1574546
2026-01-08 23:30:00,/Volumes/Argus/unk/snap/c1/1767915000.c1.snap.jpg,1.2011544
2026-01-09 00:00:00,/Volumes/Argus/unk/snap/c1/1767916800.c1.snap.jpg,1.1654783
2026-01-09 00:30:00,/Volumes/Argus/unk/snap/c1/1767918600.c1.snap.jpg,0.80619484
2026-01-09 01:00:00,/Volumes/Argus/unk/snap/c1/1767920400.c1.snap.jpg,0.7498512
2026-01-09 01:30:00,/Volumes/Argus/unk/snap/c1/1767922200.c1.snap.jpg,0.7076168
2026-01-09 02:00:00,/Volumes/Argus/unk/snap/c1/1767924000.c1.snap.jpg,0.7345902
2026-01-09 19:30:00,/Volumes/Argus/unk/snap/c1/1767987000.c1.snap.jpg,0.63020396
2026-01-09 20:00:00,/Volumes/Argus/unk/snap/c1/1767988800.c1.snap.jpg,0.743856
2026-01-09 20:30:00,/Volumes/Argus/unk/snap/c1/1767990600.c1.snap.jpg,0.79241234
2026-01-09 21:00:00,/Volumes/Argus/unk/snap/c1/1767992400.c1.snap.jpg,0.94611096
2026-01-09 21:30:00,/Volumes/Argus/unk/snap/c1/1767994200.c1.snap.jpg,1.1631196
2026-01-09 22:00:00,/Volumes/Argus/unk/snap/c1/1767996000.c1.snap.jpg,1.1177906
2026-01-09 22:30:00,/Volumes/Argus/unk/snap/c1/1767997800.c1.snap.jpg,0.680035
2026-01-09 23:00:00,/Volumes/Argus/unk/snap/c1/1767999600.c1.snap.jpg,1.0852747
2026-01-09 23:30:00,/Volumes/Argus/unk/snap/c1/1768001400.c1.snap.jpg,1.1622771
2026-01-10 00:00:00,/Volumes/Argus/unk/snap/c1/1768003200.c1.snap.jpg,1.2010236
2026-01-10 00:30:00,/Volumes/Argus/unk/snap/c1/1768005000.c1.snap.jpg,0.75306535
2026-01-10 01:00:00,/Volumes/Argus/unk/snap/c1/1768006800.c1.snap.jpg,0.7323167
2026-01-10 01:30:00,/Volumes/Argus/unk/snap/c1/1768008600.c1.snap.jpg,0.8077166
2026-01-10 02:00:00,/Volumes/Argus/unk/snap/c1/1768010400.c1.snap.jpg,0.6997156
2026-01-10 19:30:00,/Volumes/Argus/unk/snap/c1/1768073400.c1.snap.jpg,0.6178981
2026-01-10 20:00:00,/Volumes/Argus/unk/snap/c1/1768075200.c1.snap.jpg,0.7121511
2026-01-10 20:30:00,/Volumes/Argus/unk/snap/c1/1768077000.c1.snap.jpg,0.82159257
2026-01-10 21:00:00,/Volumes/Argus/unk/snap/c1/1768078800.c1.snap.jpg,1.1447184
2026-01-10 21:30:00,/Volumes/Argus/unk/snap/c1/1768080600.c1.snap.jpg,1.1865977
2026-01-10 22:00:00,/Volumes/Argus/unk/snap/c1/1768082400.c1.snap.jpg,1.1608869
2026-01-10 22:30:00,/Volumes/Argus/unk/snap/c1/1768084200.c1.snap.jpg,1.1249194
2026-01-10 23:00:00,/Volumes/Argus/unk/snap/c1/1768086000.c1.snap.jpg,1.157248
2026-01-10 23:30:00,/Volumes/Argus/unk/snap/c1/1768087800.c1.snap.jpg,1.1656966
2026-01-11 00:00:00,/Volumes/Argus/unk/snap/c1/1768089600.c1.snap.jpg,1.1951675
2026-01-11 00:30:00,/Volumes/Argus/unk/snap/c1/1768091400.c1.snap.jpg,0.7666979
2026-01-11 01:00:00,/Volumes/Argus/unk/snap/c1/1768093200.c1.snap.jpg,0.71695995
2026-01-11 01:30:00,/Volumes/Argus/unk/snap/c1/1768095000.c1.snap.jpg,0.7742261
2026-01-11 02:00:00,/Volumes/Argus/unk/snap/c1/1768096800.c1.snap.jpg,0.7342809
2026-01-11 02:30:00,/Volumes/Argus/unk/snap/c1/1768098600.c1.snap.jpg,0.6348876
2026-01-11 19:30:00,/Volumes/Argus/unk/snap/c1/1768159800.c1.snap.jpg,0.6813626
2026-01-11 20:00:00,/Volumes/Argus/unk/snap/c1/1768161600.c1.snap.jpg,0.73972005
2026-01-11 20:30:00,/Volumes/Argus/unk/snap/c1/1768163400.c1.snap.jpg,0.7057362
2026-01-11 21:00:00,/Volumes/Argus/unk/snap/c1/1768165200.c1.snap.jpg,0.77063596
2026-01-11 21:30:00,/Volumes/Argus/unk/snap/c1/1768167000.c1.snap.jpg,0.99905443
2026-01-11 22:00:00,/Volumes/Argus/unk/snap/c1/1768168800.c1.snap.jpg,0.8698689
2026-01-11 22:30:00,/Volumes/Argus/unk/snap/c1/1768170600.c1.snap.jpg,0.71968937
2026-01-11 23:00:00,/Volumes/Argus/unk/snap/c1/1768172400.c1.snap.jpg,1.0886767
2026-01-11 23:30:00,/Volumes/Argus/unk/snap/c1/1768174200.c1.snap.jpg,1.1665323
2026-01-12 00:00:00,/Volumes/Argus/unk/snap/c1/1768176000.c1.snap.jpg,1.1451247
2026-01-12 00:30:00,/Volumes/Argus/unk/snap/c1/1768177800.c1.snap.jpg,0.75681216
2026-01-12 01:00:00,/Volumes/Argus/unk/snap/c1/1768179600.c1.snap.jpg,0.7000423
2026-01-12 01:30:00,/Volumes/Argus/unk/snap/c1/1768181400.c1.snap.jpg,0.73094285
2026-01-12 02:00:00,/Volumes/Argus/unk/snap/c1/1768183200.c1.snap.jpg,0.74295926
2026-01-12 02:30:00,/Volumes/Argus/unk/snap/c1/1768185000.c1.snap.jpg,0.7145039
2026-01-12 19:30:00,/Volumes/Argus/unk/snap/c1/1768246200.c1.snap.jpg,0.6488266
2026-01-12 20:00:00,/Volumes/Argus/unk/snap/c1/1768248000.c1.snap.jpg,0.7992417
2026-01-12 20:30:00,/Volumes/Argus/unk/snap/c1/1768249800.c1.snap.jpg,0.72919834
2026-01-12 21:00:00,/Volumes/Argus/unk/snap/c1/1768251600.c1.snap.jpg,1.1076584
2026-01-12 21:30:00,/Volumes/Argus/unk/snap/c1/1768253400.c1.snap.jpg,1.1043652
2026-01-12 22:00:00,/Volumes/Argus/unk/snap/c1/1768255200.c1.snap.jpg,0.98092395
2026-01-12 22:30:00,/Volumes/Argus/unk/snap/c1/1768257000.c1.snap.jpg,0.80665886
2026-01-12 23:00:00,/Volumes/Argus/unk/snap/c1/1768258800.c1.snap.jpg,1.0392761
2026-01-12 23:30:00,/Volumes/Argus/unk/snap/c1/1768260600.c1.snap.jpg,1.123924
2026-01-13 00:00:00,/Volumes/Argus/unk/snap/c1/1768262400.c1.snap.jpg,0.75761795
2026-01-13 00:30:00,/Volumes/Argus/unk/snap/c1/1768264200.c1.snap.jpg,0.6797484
2026-01-13 01:00:00,/Volumes/Argus/unk/snap/c1/1768266000.c1.snap.jpg,0.7388302
2026-01-13 01:30:00,/Volumes/Argus/unk/snap/c1/1768267800.c1.snap.jpg,0.7447275
2026-01-13 02:00:00,/Volumes/Argus/unk/snap/c1/1768269600.c1.snap.jpg,0.7409337
2026-01-13 02:30:00,/Volumes/Argus/unk/snap/c1/1768271400.c1.snap.jpg,0.70715845
2026-01-13 19:30:00,/Volumes/Argus/unk/snap/c1/1768332600.c1.snap.jpg,0.6224527
2026-01-13 20:00:00,/Volumes/Argus/unk/snap/c1/1768334400.c1.snap.jpg,0.72662514
2026-01-13 20:30:00,/Volumes/Argus/unk/snap/c1/1768336200.c1.snap.jpg,0.72613263
2026-01-13 21:00:00,/Volumes/Argus/unk/snap/c1/1768338000.c1.snap.jpg,0.6632725
2026-01-13 21:30:00,/Volumes/Argus/unk/snap/c1/1768339800.c1.snap.jpg,1.1509643
2026-01-13 22:00:00,/Volumes/Argus/unk/snap/c1/1768341600.c1.snap.jpg,0.75163096
2026-01-13 22:30:00,/Volumes/Argus/unk/snap/c1/1768343400.c1.snap.jpg,0.70150954
2026-01-13 23:00:00,/Volumes/Argus/unk/snap/c1/1768345200.c1.snap.jpg,0.94067526
2026-01-13 23:30:00,/Volumes/Argus/unk/snap/c1/1768347000.c1.snap.jpg,1.1380893
2026-01-14 00:00:00,/Volumes/Argus/unk/snap/c1/1768348800.c1.snap.jpg,1.1203867
2026-01-14 00:30:00,/Volumes/Argus/unk/snap/c1/1768350600.c1.snap.jpg,0.75846374
2026-01-14 01:00:00,/Volumes/Argus/unk/snap/c1/1768352400.c1.snap.jpg,0.7401855
2026-01-14 01:30:00,/Volumes/Argus/unk/snap/c1/1768354200.c1.snap.jpg,0.69786394
2026-01-14 02:00:00,/Volumes/Argus/unk/snap/c1/1768356000.c1.snap.jpg,0.67330927
2026-01-14 02:30:00,/Volumes/Argus/unk/snap/c1/1768357800.c1.snap.jpg,0.668922
2026-01-14 19:30:00,/Volumes/Argus/unk/snap/c1/1768419000.c1.snap.jpg,0.5314709
2026-01-14 20:00:00,/Volumes/Argus/unk/snap/c1/1768420800.c1.snap.jpg,0.49872175
2026-01-14 20:30:00,/Volumes/Argus/unk/snap/c1/1768422600.c1.snap.jpg,0.41723484
2026-01-14 21:00:00,/Volumes/Argus/unk/snap/c1/1768424400.c1.snap.jpg,0.44590932
2026-01-14 21:30:00,/Volumes/Argus/unk/snap/c1/1768426200.c1.snap.jpg,0.575609
2026-01-14 22:00:00,/Volumes/Argus/unk/snap/c1/1768428000.c1.snap.jpg,0.45726392
2026-01-14 22:30:00,/Volumes/Argus/unk/snap/c1/1768429800.c1.snap.jpg,0.5736847
2026-01-14 23:00:00,/Volumes/Argus/unk/snap/c1/1768431600.c1.snap.jpg,0.62151986
2026-01-14 23:30:00,/Volumes/Argus/unk/snap/c1/1768433400.c1.snap.jpg,1.0756892
2026-01-15 00:00:00,/Volumes/Argus/unk/snap/c1/1768435200.c1.snap.jpg,1.1849647
2026-01-15 00:30:00,/Volumes/Argus/unk/snap/c1/1768437000.c1.snap.jpg,0.75639546
2026-01-15 01:00:00,/Volumes/Argus/unk/snap/c1/1768438800.c1.snap.jpg,0.67490005
2026-01-15 01:30:00,/Volumes/Argus/unk/snap/c1/1768440600.c1.snap.jpg,0.67375714
2026-01-15 02:00:00,/Volumes/Argus/unk/snap/c1/1768442400.c1.snap.jpg,0.69993246
2026-01-15 02:30:00,/Volumes/Argus/unk/snap/c1/1768444200.c1.snap.jpg,0.6770291
2026-01-15 19:30:00,/Volumes/Argus/unk/snap/c1/1768505400.c1.snap.jpg,0.85587925
2026-01-15 20:00:00,/Volumes/Argus/unk/snap/c1/1768507200.c1.snap.jpg,0.64604414
2026-01-15 20:30:00,/Volumes/Argus/unk/snap/c1/1768509000.c1.snap.jpg,0.95234454
2026-01-15 21:00:00,/Volumes/Argus/unk/snap/c1/1768510800.c1.snap.jpg,0.6877701
2026-01-15 21:30:00,/Volumes/Argus/unk/snap/c1/1768512600.c1.snap.jpg,0.6984354
2026-01-15 22:00:00,/Volumes/Argus/unk/snap/c1/1768514400.c1.snap.jpg,0.59109426
2026-01-15 22:30:00,/Volumes/Argus/unk/snap/c1/1768516200.c1.snap.jpg,0.60590017
2026-01-15 23:00:00,/Volumes/Argus/unk/snap/c1/1768518000.c1.snap.jpg,0.5979573
2026-01-15 23:30:00,/Volumes/Argus/unk/snap/c1/1768519800.c1.snap.jpg,0.6048992
2026-01-16 00:00:00,/Volumes/Argus/unk/snap/c1/1768521600.c1.snap.jpg,0.61863875
2026-01-16 00:30:00,/Volumes/Argus/unk/snap/c1/1768523400.c1.snap.jpg,0.53815174
2026-01-16 01:00:00,/Volumes/Argus/unk/snap/c1/1768525200.c1.snap.jpg,0.46840164
2026-01-16 01:30:00,/Volumes/Argus/unk/snap/c1/1768527000.c1.snap.jpg,0.50811434
2026-01-16 02:00:00,/Volumes/Argus/unk/snap/c1/1768528800.c1.snap.jpg,0.5267317
2026-01-16 02:30:00,/Volumes/Argus/unk/snap/c1/1768530600.c1.snap.jpg,0.6674409
2026-01-16 19:30:00,/Volumes/Argus/unk/snap/c1/1768591800.c1.snap.jpg,0.91722316
2026-01-16 20:00:00,/Volumes/Argus/unk/snap/c1/1768593600.c1.snap.jpg,0.7200093
2026-01-16 20:30:00,/Volumes/Argus/unk/snap/c1/1768595400.c1.snap.jpg,0.56845194
2026-01-16 21:00:00,/Volumes/Argus/unk/snap/c1/1768597200.c1.snap.jpg,0.9169549
2026-01-16 22:00:00,/Volumes/Argus/unk/snap/c1/1768600800.c1.snap.jpg,0.6090137
2026-01-16 22:30:00,/Volumes/Argus/unk/snap/c1/1768602600.c1.snap.jpg,0.59184855
2026-01-16 23:00:00,/Volumes/Argus/unk/snap/c1/1768604400.c1.snap.jpg,0.61142415
2026-01-16 23:30:00,/Volumes/Argus/unk/snap/c1/1768606200.c1.snap.jpg,0.7557281
2026-01-17 00:00:00,/Volumes/Argus/unk/snap/c1/1768608000.c1.snap.jpg,0.72902083
2026-01-17 00:30:00,/Volumes/Argus/unk/snap/c1/1768609800.c1.snap.jpg,0.69279474
2026-01-17 01:30:00,/Volumes/Argus/unk/snap/c1/1768613400.c1.snap.jpg,0.6939464
2026-01-17 02:00:00,/Volumes/Argus/unk/snap/c1/1768615200.c1.snap.jpg,0.6858032
2026-01-17 02:30:00,/Volumes/Argus/unk/snap/c1/1768617000.c1.snap.jpg,0.73330307
2026-01-18 19:30:00,/Volumes/Argus/unk/snap/c1/1768764600.c1.snap.jpg,0.9727143
2026-01-18 20:00:00,/Volumes/Argus/unk/snap/c1/1768766400.c1.snap.jpg,0.795575
2026-01-18 20:30:00,/Volumes/Argus/unk/snap/c1/1768768200.c1.snap.jpg,0.76894796
2026-01-18 21:00:00,/Volumes/Argus/unk/snap/c1/1768770000.c1.snap.jpg,0.76677334
2026-01-18 21:30:00,/Volumes/Argus/unk/snap/c1/1768771800.c1.snap.jpg,0.80687076
2026-01-18 22:00:00,/Volumes/Argus/unk/snap/c1/1768773600.c1.snap.jpg,0.788797
2026-01-18 22:30:00,/Volumes/Argus/unk/snap/c1/1768775400.c1.snap.jpg,0.732217
2026-01-18 23:00:00,/Volumes/Argus/unk/snap/c1/1768777200.c1.snap.jpg,0.63259614
2026-01-18 23:30:00,/Volumes/Argus/unk/snap/c1/1768779000.c1.snap.jpg,0.712122
2026-01-19 00:00:00,/Volumes/Argus/unk/snap/c1/1768780800.c1.snap.jpg,0.7429356
2026-01-19 00:30:00,/Volumes/Argus/unk/snap/c1/1768782600.c1.snap.jpg,1.0463523
2026-01-19 01:00:00,/Volumes/Argus/unk/snap/c1/1768784400.c1.snap.jpg,0.8091778
2026-01-19 01:30:00,/Volumes/Argus/unk/snap/c1/1768786200.c1.snap.jpg,0.79808414
2026-01-19 02:00:00,/Volumes/Argus/unk/snap/c1/1768788000.c1.snap.jpg,1.0741798
2026-01-19 02:30:00,/Volumes/Argus/unk/snap/c1/1768789800.c1.snap.jpg,1.1812687
2026-01-19 19:00:00,/Volumes/Argus/unk/snap/c1/1768849200.c1.snap.jpg,0.5826708
2026-01-19 19:30:00,/Volumes/Argus/unk/snap/c1/1768851000.c1.snap.jpg,0.78473175
2026-01-19 20:00:00,/Volumes/Argus/unk/snap/c1/1768852800.c1.snap.jpg,0.7589357
2026-01-19 20:30:00,/Volumes/Argus/unk/snap/c1/1768854600.c1.snap.jpg,0.76270133
2026-01-19 21:00:00,/Volumes/Argus/unk/snap/c1/1768856400.c1.snap.jpg,0.5586324
2026-01-19 21:30:00,/Volumes/Argus/unk/snap/c1/1768858200.c1.snap.jpg,0.56244195
2026-01-19 22:00:00,/Volumes/Argus/unk/snap/c1/1768860000.c1.snap.jpg,0.51573753
2026-01-19 22:30:00,/Volumes/Argus/unk/snap/c1/1768861800.c1.snap.jpg,0.5019119
2026-01-19 23:00:00,/Volumes/Argus/unk/snap/c1/1768863600.c1.snap.jpg,0.4961845
2026-01-19 23:30:00,/Volumes/Argus/unk/snap/c1/1768865400.c1.snap.jpg,0.5452949
2026-01-20 00:00:00,/Volumes/Argus/unk/snap/c1/1768867200.c1.snap.jpg,0.6912684
2026-01-20 00:30:00,/Volumes/Argus/unk/snap/c1/1768869000.c1.snap.jpg,0.667849
2026-01-20 01:00:00,/Volumes/Argus/unk/snap/c1/1768870800.c1.snap.jpg,0.7854288
2026-01-20 01:30:00,/Volumes/Argus/unk/snap/c1/1768872600.c1.snap.jpg,0.6332727
2026-01-20 02:00:00,/Volumes/Argus/unk/snap/c1/1768874400.c1.snap.jpg,0.7099966
2026-01-20 02:30:00,/Volumes/Argus/unk/snap/c1/1768876200.c1.snap.jpg,0.67939514
2026-01-20 19:00:00,/Volumes/Argus/unk/snap/c1/1768935600.c1.snap.jpg,0.7625081
2026-01-20 19:30:00,/Volumes/Argus/unk/snap/c1/1768937400.c1.snap.jpg,0.8240721
2026-01-20 20:00:00,/Volumes/Argus/unk/snap/c1/1768939200.c1.snap.jpg,0.6278225
2026-01-20 20:30:00,/Volumes/Argus/unk/snap/c1/1768941000.c1.snap.jpg,0.6797794
2026-01-20 21:00:00,/Volumes/Argus/unk/snap/c1/1768942800.c1.snap.jpg,0.61333996
2026-01-20 21:30:00,/Volumes/Argus/unk/snap/c1/1768944600.c1.snap.jpg,0.6220533
2026-01-20 22:00:00,/Volumes/Argus/unk/snap/c1/1768946400.c1.snap.jpg,1.0978417
2026-01-20 22:30:00,/Volumes/Argus/unk/snap/c1/1768948200.c1.snap.jpg,0.89452994
2026-01-20 23:30:00,/Volumes/Argus/unk/snap/c1/1768951800.c1.snap.jpg,0.72148377
2026-01-21 00:00:00,/Volumes/Argus/unk/snap/c1/1768953600.c1.snap.jpg,0.7089192
2026-01-21 00:30:00,/Volumes/Argus/unk/snap/c1/1768955400.c1.snap.jpg,0.7445798
2026-01-21 01:00:00,/Volumes/Argus/unk/snap/c1/1768957200.c1.snap.jpg,0.8234769
2026-01-21 01:30:00,/Volumes/Argus/unk/snap/c1/1768959000.c1.snap.jpg,0.7957993
2026-01-21 02:30:00,/Volumes/Argus/unk/snap/c1/1768962600.c1.snap.jpg,1.1194096
2026-01-21 19:00:00,/Volumes/Argus/unk/snap/c1/1769022000.c1.snap.jpg,0.5393566
2026-01-21 20:00:00,/Volumes/Argus/unk/snap/c1/1769025600.c1.snap.jpg,0.76848733
2026-01-21 20:30:00,/Volumes/Argus/unk/snap/c1/1769027400.c1.snap.jpg,0.6370873
2026-01-21 21:00:00,/Volumes/Argus/unk/snap/c1/1769029200.c1.snap.jpg,0.6918796
2026-01-21 21:30:00,/Volumes/Argus/unk/snap/c1/1769031000.c1.snap.jpg,0.61674786
2026-01-21 22:00:00,/Volumes/Argus/unk/snap/c1/1769032800.c1.snap.jpg,0.8412738
2026-01-21 22:30:00,/Volumes/Argus/unk/snap/c1/1769034600.c1.snap.jpg,0.8072923
2026-01-21 23:00:00,/Volumes/Argus/unk/snap/c1/1769036400.c1.snap.jpg,0.7832978
2026-01-21 23:30:00,/Volumes/Argus/unk/snap/c1/1769038200.c1.snap.jpg,0.8189893
2026-01-22 00:00:00,/Volumes/Argus/unk/snap/c1/1769040000.c1.snap.jpg,0.7225744
2026-01-22 00:30:00,/Volumes/Argus/unk/snap/c1/1769041800.c1.snap.jpg,0.77174777
2026-01-22 01:00:00,/Volumes/Argus/unk/snap/c1/1769043600.c1.snap.jpg,0.72714597
2026-01-22 01:30:00,/Volumes/Argus/unk/snap/c1/1769045400.c1.snap.jpg,0.7780752
2026-01-22 02:00:00,/Volumes/Argus/unk/snap/c1/1769047200.c1.snap.jpg,0.63979155
2026-01-22 02:30:00,/Volumes/Argus/unk/snap/c1/1769049000.c1.snap.jpg,0.58174455
2026-01-23 19:00:00,/Volumes/Argus/unk/snap/c1/1769194800.c1.snap.jpg,0.73394465
2026-01-23 19:30:00,/Volumes/Argus/unk/snap/c1/1769196600.c1.snap.jpg,0.72874236
2026-01-23 20:00:00,/Volumes/Argus/unk/snap/c1/1769198400.c1.snap.jpg,0.6211835
2026-01-23 20:30:00,/Volumes/Argus/unk/snap/c1/1769200200.c1.snap.jpg,0.6545006
2026-01-23 21:00:00,/Volumes/Argus/unk/snap/c1/1769202000.c1.snap.jpg,0.5359572
2026-01-23 21:30:00,/Volumes/Argus/unk/snap/c1/1769203800.c1.snap.jpg,0.45359683
2026-01-23 22:00:00,/Volumes/Argus/unk/snap/c1/1769205600.c1.snap.jpg,0.45674703
2026-01-23 22:30:00,/Volumes/Argus/unk/snap/c1/1769207400.c1.snap.jpg,0.43841743
2026-01-23 23:00:00,/Volumes/Argus/unk/snap/c1/1769209200.c1.snap.jpg,0.43856072
2026-01-23 23:30:00,/Volumes/Argus/unk/snap/c1/1769211000.c1.snap.jpg,0.49468377
2026-01-24 00:00:00,/Volumes/Argus/unk/snap/c1/1769212800.c1.snap.jpg,0.885679
2026-01-24 00:30:00,/Volumes/Argus/unk/snap/c1/1769214600.c1.snap.jpg,1.2564871
2026-01-24 01:00:00,/Volumes/Argus/unk/snap/c1/1769216400.c1.snap.jpg,1.3064731
2026-01-24 01:30:00,/Volumes/Argus/unk/snap/c1/1769218200.c1.snap.jpg,1.3455584
2026-01-24 02:00:00,/Volumes/Argus/unk/snap/c1/1769220000.c1.snap.jpg,1.2520026
2026-01-24 02:30:00,/Volumes/Argus/unk/snap/c1/1769221800.c1.snap.jpg,1.2043285
2026-01-24 03:00:00,/Volumes/Argus/unk/snap/c1/1769223600.c1.snap.jpg,1.1647346
2026-01-24 19:00:00,/Volumes/Argus/unk/snap/c1/1769281200.c1.snap.jpg,0.4989498
2026-01-24 19:30:00,/Volumes/Argus/unk/snap/c1/1769283000.c1.snap.jpg,0.6370904
2026-01-24 20:00:00,/Volumes/Argus/unk/snap/c1/1769284800.c1.snap.jpg,0.7888081
2026-01-24 20:30:00,/Volumes/Argus/unk/snap/c1/1769286600.c1.snap.jpg,0.55375695
2026-01-24 21:00:00,/Volumes/Argus/unk/snap/c1/1769288400.c1.snap.jpg,0.45815504
2026-01-24 21:30:00,/Volumes/Argus/unk/snap/c1/1769290200.c1.snap.jpg,0.45097676
2026-01-24 22:00:00,/Volumes/Argus/unk/snap/c1/1769292000.c1.snap.jpg,0.48945147
2026-01-24 22:30:00,/Volumes/Argus/unk/snap/c1/1769293800.c1.snap.jpg,0.4502017
2026-01-24 23:00:00,/Volumes/Argus/unk/snap/c1/1769295600.c1.snap.jpg,0.44687027
2026-01-24 23:30:00,/Volumes/Argus/unk/snap/c1/1769297400.c1.snap.jpg,0.49514455
2026-01-25 00:00:00,/Volumes/Argus/unk/snap/c1/1769299200.c1.snap.jpg,0.67540735
2026-01-25 00:30:00,/Volumes/Argus/unk/snap/c1/1769301000.c1.snap.jpg,1.1496992
2026-01-25 01:00:00,/Volumes/Argus/unk/snap/c1/1769302800.c1.snap.jpg,1.2073635
2026-01-25 02:00:00,/Volumes/Argus/unk/snap/c1/1769306400.c1.snap.jpg,1.2764982
2026-01-25 02:30:00,/Volumes/Argus/unk/snap/c1/1769308200.c1.snap.jpg,1.0494496
2026-01-25 19:00:00,/Volumes/Argus/unk/snap/c1/1769367600.c1.snap.jpg,0.48636562
2026-01-25 19:30:00,/Volumes/Argus/unk/snap/c1/1769369400.c1.snap.jpg,0.6357448
2026-01-25 20:00:00,/Volumes/Argus/unk/snap/c1/1769371200.c1.snap.jpg,0.7694944
2026-01-25 20:30:00,/Volumes/Argus/unk/snap/c1/1769373000.c1.snap.jpg,0.65918964
2026-01-25 21:00:00,/Volumes/Argus/unk/snap/c1/1769374800.c1.snap.jpg,0.5286823
2026-01-25 21:30:00,/Volumes/Argus/unk/snap/c1/1769376600.c1.snap.jpg,0.47924325
2026-01-25 22:00:00,/Volumes/Argus/unk/snap/c1/1769378400.c1.snap.jpg,0.47987157
2026-01-25 22:30:00,/Volumes/Argus/unk/snap/c1/1769380200.c1.snap.jpg,0.4706412
2026-01-25 23:00:00,/Volumes/Argus/unk/snap/c1/1769382000.c1.snap.jpg,0.47215337
2026-01-25 23:30:00,/Volumes/Argus/unk/snap/c1/1769383800.c1.snap.jpg,0.49794477
2026-01-26 00:00:00,/Volumes/Argus/unk/snap/c1/1769385600.c1.snap.jpg,0.7206143
2026-01-26 00:30:00,/Volumes/Argus/unk/snap/c1/1769387400.c1.snap.jpg,1.093586
2026-01-26 01:00:00,/Volumes/Argus/unk/snap/c1/1769389200.c1.snap.jpg,1.1677296
2026-01-26 01:30:00,/Volumes/Argus/unk/snap/c1/1769391000.c1.snap.jpg,1.1963619
2026-01-26 02:00:00,/Volumes/Argus/unk/snap/c1/1769392800.c1.snap.jpg,1.23727
2026-01-26 02:30:00,/Volumes/Argus/unk/snap/c1/1769394600.c1.snap.jpg,1.1682265
2026-01-26 03:00:00,/Volumes/Argus/unk/snap/c1/1769396400.c1.snap.jpg,0.7105739
2026-01-26 23:30:00,/Volumes/Argus/unk/snap/c1/1769470200.c1.snap.jpg,0.53866315
2026-01-27 03:00:00,/Volumes/Argus/unk/snap/c1/1769482800.c1.snap.jpg,0.68986905
2026-01-27 19:00:00,/Volumes/Argus/unk/snap/c1/1769540400.c1.snap.jpg,0.8431911
2026-01-27 19:30:00,/Volumes/Argus/unk/snap/c1/1769542200.c1.snap.jpg,0.52816397
2026-01-27 20:00:00,/Volumes/Argus/unk/snap/c1/1769544000.c1.snap.jpg,0.9178883
2026-01-27 20:30:00,/Volumes/Argus/unk/snap/c1/1769545800.c1.snap.jpg,0.8437418
2026-01-27 21:00:00,/Volumes/Argus/unk/snap/c1/1769547600.c1.snap.jpg,0.71360826
2026-01-27 21:30:00,/Volumes/Argus/unk/snap/c1/1769549400.c1.snap.jpg,0.7120247
2026-01-27 22:30:00,/Volumes/Argus/unk/snap/c1/1769553000.c1.snap.jpg,0.531181
2026-01-27 23:00:00,/Volumes/Argus/unk/snap/c1/1769554800.c1.snap.jpg,0.62819445
2026-01-27 23:30:00,/Volumes/Argus/unk/snap/c1/1769556600.c1.snap.jpg,0.6025998
2026-01-28 00:00:00,/Volumes/Argus/unk/snap/c1/1769558400.c1.snap.jpg,0.6151506
2026-01-28 00:30:00,/Volumes/Argus/unk/snap/c1/1769560200.c1.snap.jpg,0.57132435
2026-01-28 01:00:00,/Volumes/Argus/unk/snap/c1/1769562000.c1.snap.jpg,0.60206974
2026-01-28 01:30:00,/Volumes/Argus/unk/snap/c1/1769563800.c1.snap.jpg,0.52213985
2026-01-28 02:00:00,/Volumes/Argus/unk/snap/c1/1769565600.c1.snap.jpg,0.62937486
2026-01-28 03:00:00,/Volumes/Argus/unk/snap/c1/1769569200.c1.snap.jpg,0.4593861
2026-01-28 19:00:00,/Volumes/Argus/unk/snap/c1/1769626800.c1.snap.jpg,0.5929886
2026-01-28 19:30:00,/Volumes/Argus/unk/snap/c1/1769628600.c1.snap.jpg,0.5891888
2026-01-28 20:00:00,/Volumes/Argus/unk/snap/c1/1769630400.c1.snap.jpg,0.66866374
2026-01-28 21:00:00,/Volumes/Argus/unk/snap/c1/1769634000.c1.snap.jpg,0.62020946
2026-01-28 21:30:00,/Volumes/Argus/unk/snap/c1/1769635800.c1.snap.jpg,0.77106553
2026-01-28 22:00:00,/Volumes/Argus/unk/snap/c1/1769637600.c1.snap.jpg,0.7368841
2026-01-28 22:30:00,/Volumes/Argus/unk/snap/c1/1769639400.c1.snap.jpg,0.52368236
2026-01-28 23:00:00,/Volumes/Argus/unk/snap/c1/1769641200.c1.snap.jpg,0.4898
2026-01-28 23:30:00,/Volumes/Argus/unk/snap/c1/1769643000.c1.snap.jpg,0.68896484
2026-01-29 00:30:00,/Volumes/Argus/unk/snap/c1/1769646600.c1.snap.jpg,0.8653222
2026-01-29 01:00:00,/Volumes/Argus/unk/snap/c1/1769648400.c1.snap.jpg,0.74389946
2026-01-29 01:30:00,/Volumes/Argus/unk/snap/c1/1769650200.c1.snap.jpg,0.4902616
2026-01-29 02:00:00,/Volumes/Argus/unk/snap/c1/1769652000.c1.snap.jpg,0.75180453
2026-01-29 02:30:00,/Volumes/Argus/unk/snap/c1/1769653800.c1.snap.jpg,0.8285448
2026-01-29 03:00:00,/Volumes/Argus/unk/snap/c1/1769655600.c1.snap.jpg,0.45653403
2026-01-29 19:00:00,/Volumes/Argus/unk/snap/c1/1769713200.c1.snap.jpg,0.44725338
2026-01-29 19:30:00,/Volumes/Argus/unk/snap/c1/1769715000.c1.snap.jpg,0.5075781
2026-01-29 20:00:00,/Volumes/Argus/unk/snap/c1/1769716800.c1.snap.jpg,0.44539645
2026-01-29 20:30:00,/Volumes/Argus/unk/snap/c1/1769718600.c1.snap.jpg,0.5674938
2026-01-29 21:00:00,/Volumes/Argus/unk/snap/c1/1769720400.c1.snap.jpg,0.4469555
2026-01-29 21:30:00,/Volumes/Argus/unk/snap/c1/1769722200.c1.snap.jpg,0.3114943
2026-01-29 22:00:00,/Volumes/Argus/unk/snap/c1/1769724000.c1.snap.jpg,0.40476757
2026-01-29 22:30:00,/Volumes/Argus/unk/snap/c1/1769725800.c1.snap.jpg,0.44529858
2026-01-29 23:00:00,/Volumes/Argus/unk/snap/c1/1769727600.c1.snap.jpg,0.45605502
2026-01-29 23:30:00,/Volumes/Argus/unk/snap/c1/1769729400.c1.snap.jpg,0.43983412
2026-01-30 00:00:00,/Volumes/Argus/unk/snap/c1/1769731200.c1.snap.jpg,0.39217284
2026-01-30 00:30:00,/Volumes/Argus/unk/snap/c1/1769733000.c1.snap.jpg,0.51228166
2026-01-30 01:00:00,/Volumes/Argus/unk/snap/c1/1769734800.c1.snap.jpg,0.47605747
2026-01-30 01:30:00,/Volumes/Argus/unk/snap/c1/1769736600.c1.snap.jpg,0.40159452
2026-01-30 02:30:00,/Volumes/Argus/unk/snap/c1/1769740200.c1.snap.jpg,0.39760643
2026-01-30 03:00:00,/Volumes/Argus/unk/snap/c1/1769742000.c1.snap.jpg,0.43192717
2026-01-30 19:00:00,/Volumes/Argus/unk/snap/c1/1769799600.c1.snap.jpg,0.6617236
2026-01-30 19:30:00,/Volumes/Argus/unk/snap/c1/1769801400.c1.snap.jpg,0.7590861
2026-01-30 20:00:00,/Volumes/Argus/unk/snap/c1/1769803200.c1.snap.jpg,0.6515081
2026-01-30 20:30:00,/Volumes/Argus/unk/snap/c1/1769805000.c1.snap.jpg,0.75922024
2026-01-30 21:00:00,/Volumes/Argus/unk/snap/c1/1769806800.c1.snap.jpg,0.6955157
2026-01-30 21:30:00,/Volumes/Argus/unk/snap/c1/1769808600.c1.snap.jpg,0.5719396
2026-01-30 22:00:00,/Volumes/Argus/unk/snap/c1/1769810400.c1.snap.jpg,0.87984765
2026-01-30 22:30:00,/Volumes/Argus/unk/snap/c1/1769812200.c1.snap.jpg,0.7679659
2026-01-30 23:00:00,/Volumes/Argus/unk/snap/c1/1769814000.c1.snap.jpg,0.8042784
2026-01-30 23:30:00,/Volumes/Argus/unk/snap/c1/1769815800.c1.snap.jpg,0.6057921
2026-01-31 00:00:00,/Volumes/Argus/unk/snap/c1/1769817600.c1.snap.jpg,0.62688696
2026-01-31 00:30:00,/Volumes/Argus/unk/snap/c1/1769819400.c1.snap.jpg,0.55528647
2026-01-31 01:00:00,/Volumes/Argus/unk/snap/c1/1769821200.c1.snap.jpg,0.709516
2026-01-31 01:30:00,/Volumes/Argus/unk/snap/c1/1769823000.c1.snap.jpg,0.8342073
2026-01-31 02:00:00,/Volumes/Argus/unk/snap/c1/1769824800.c1.snap.jpg,0.77231187
2026-01-31 03:00:00,/Volumes/Argus/unk/snap/c1/1769828400.c1.snap.jpg,0.6188247
2026-01-31 19:00:00,/Volumes/Argus/unk/snap/c1/1769886000.c1.snap.jpg,0.85402167
2026-01-31 19:30:00,/Volumes/Argus/unk/snap/c1/1769887800.c1.snap.jpg,0.7570851
2026-01-31 20:00:00,/Volumes/Argus/unk/snap/c1/1769889600.c1.snap.jpg,0.68689054
2026-01-31 20:30:00,/Volumes/Argus/unk/snap/c1/1769891400.c1.snap.jpg,0.8153676
2026-01-31 21:00:00,/Volumes/Argus/unk/snap/c1/1769893200.c1.snap.jpg,0.7802008
2026-01-31 21:30:00,/Volumes/Argus/unk/snap/c1/1769895000.c1.snap.jpg,0.6271655
2026-01-31 22:00:00,/Volumes/Argus/unk/snap/c1/1769896800.c1.snap.jpg,0.5164995
2026-01-31 22:30:00,/Volumes/Argus/unk/snap/c1/1769898600.c1.snap.jpg,0.7400694
2026-01-31 23:00:00,/Volumes/Argus/unk/snap/c1/1769900400.c1.snap.jpg,0.5301895
2026-01-31 23:30:00,/Volumes/Argus/unk/snap/c1/1769902200.c1.snap.jpg,0.76853424
2026-02-01 00:00:00,/Volumes/Argus/unk/snap/c1/1769904000.c1.snap.jpg,0.8615571
2026-02-01 00:30:00,/Volumes/Argus/unk/snap/c1/1769905800.c1.snap.jpg,0.58599603
2026-02-01 01:00:00,/Volumes/Argus/unk/snap/c1/1769907600.c1.snap.jpg,0.560971
2026-02-01 01:30:00,/Volumes/Argus/unk/snap/c1/1769909400.c1.snap.jpg,0.50698674
2026-02-01 02:00:00,/Volumes/Argus/unk/snap/c1/1769911200.c1.snap.jpg,0.51739836
2026-02-01 02:30:00,/Volumes/Argus/unk/snap/c1/1769913000.c1.snap.jpg,0.6368644
2026-02-01 03:00:00,/Volumes/Argus/unk/snap/c1/1769914800.c1.snap.jpg,0.6270549
2026-02-01 19:00:00,/Volumes/Argus/unk/snap/c1/1769972400.c1.snap.jpg,0.7706605
2026-02-01 19:30:00,/Volumes/Argus/unk/snap/c1/1769974200.c1.snap.jpg,0.5908515
2026-02-01 20:00:00,/Volumes/Argus/unk/snap/c1/1769976000.c1.snap.jpg,0.4721658
2026-02-01 20:30:00,/Volumes/Argus/unk/snap/c1/1769977800.c1.snap.jpg,0.5135636
2026-02-01 21:00:00,/Volumes/Argus/unk/snap/c1/1769979600.c1.snap.jpg,0.6516462
2026-02-01 21:30:00,/Volumes/Argus/unk/snap/c1/1769981400.c1.snap.jpg,0.7620616
2026-02-01 22:00:00,/Volumes/Argus/unk/snap/c1/1769983200.c1.snap.jpg,0.5354591
2026-02-01 22:30:00,/Volumes/Argus/unk/snap/c1/1769985000.c1.snap.jpg,0.58822954
2026-02-01 23:00:00,/Volumes/Argus/unk/snap/c1/1769986800.c1.snap.jpg,0.6409479
2026-02-01 23:30:00,/Volumes/Argus/unk/snap/c1/1769988600.c1.snap.jpg,0.6225873
2026-02-02 00:00:00,/Volumes/Argus/unk/snap/c1/1769990400.c1.snap.jpg,0.69658613
2026-02-02 00:30:00,/Volumes/Argus/unk/snap/c1/1769992200.c1.snap.jpg,0.7872981
2026-02-02 01:00:00,/Volumes/Argus/unk/snap/c1/1769994000.c1.snap.jpg,1.1038717
2026-02-02 01:30:00,/Volumes/Argus/unk/snap/c1/1769995800.c1.snap.jpg,1.1034374
2026-02-02 02:00:00,/Volumes/Argus/unk/snap/c1/1769997600.c1.snap.jpg,0.8910643
2026-02-02 02:30:00,/Volumes/Argus/unk/snap/c1/1769999400.c1.snap.jpg,1.1940591
