id,time,H,T
1693364400.c1.snap.jpg,1693364400,0.34,4.1
1693366200.c1.snap.jpg,1693366200,0.37,4.1
1693368000.c1.snap.jpg,1693368000,0.4,4.26
1693369800.c1.snap.jpg,1693369800,0.4,4.26
1693371600.c1.snap.jpg,1693371600,0.38,4.1
1693373400.c1.snap.jpg,1693373400,0.36,4.1
1693375200.c1.snap.jpg,1693375200,0.37,4.1
1693377000.c1.snap.jpg,1693377000,0.35,4.26
1693378800.c1.snap.jpg,1693378800,0.33,3.66
1693380600.c1.snap.jpg,1693380600,0.32,3.94
1693382400.c1.snap.jpg,1693382400,0.31,3.66
1693405800.c1.snap.jpg,1693405800,0.27,2.84
1693407600.c1.snap.jpg,1693407600,0.26,2.56
1693409400.c1.snap.jpg,1693409400,0.24,2.7
1693411200.c1.snap.jpg,1693411200,0.22,2.62
1693413000.c1.snap.jpg,1693413000,0.19,2.32
1693414800.c1.snap.jpg,1693414800,0.19,2.32
1693416600.c1.snap.jpg,1693416600,0.25,2.7
1693418400.c1.snap.jpg,1693418400,0.24,2.7
1693420200.c1.snap.jpg,1693420200,0.23,2.32
1693422000.c1.snap.jpg,1693422000,0.21,2.7
1693432800.c1.snap.jpg,1693432800,0.15,2.44
1693434600.c1.snap.jpg,1693434600,0.15,2.44
1693436400.c1.snap.jpg,1693436400,0.16,2.44
1693438200.c1.snap.jpg,1693438200,0.2,2.56
1693440000.c1.snap.jpg,1693440000,0.27,2.76
1693441800.c1.snap.jpg,1693441800,0.33,2.76
1693445400.c1.snap.jpg,1693445400,0.35,3.2
1693447200.c1.snap.jpg,1693447200,0.37,3.3
1693449000.c1.snap.jpg,1693449000,0.33,3.02
1693450800.c1.snap.jpg,1693450800,0.3,3.2
1693452600.c1.snap.jpg,1693452600,0.26,3.02
1693454400.c1.snap.jpg,1693454400,0.23,3.02
1693456200.c1.snap.jpg,1693456200,0.2,2.92
1693458000.c1.snap.jpg,1693458000,0.16,2.62
1693459800.c1.snap.jpg,1693459800,0.13,2.44
1693461600.c1.snap.jpg,1693461600,0.12,20.48
1693463400.c1.snap.jpg,1693463400,0.12,20.48
1693465200.c1.snap.jpg,1693465200,0.12,25.6
1693467000.c1.snap.jpg,1693467000,0.11,25.6
1693468800.c1.snap.jpg,1693468800,0.14,25.6
1693492200.c1.snap.jpg,1693492200,0.26,1.82
1693494000.c1.snap.jpg,1693494000,0.27,1.94
1693495800.c1.snap.jpg,1693495800,0.24,1.68
1693497600.c1.snap.jpg,1693497600,0.24,1.8
1693499400.c1.snap.jpg,1693499400,0.23,1.82
1693501200.c1.snap.jpg,1693501200,0.26,1.8
1693503000.c1.snap.jpg,1693503000,0.3,1.9
1693504800.c1.snap.jpg,1693504800,0.29,1.94
1693506600.c1.snap.jpg,1693506600,0.31,2.0
1693508400.c1.snap.jpg,1693508400,0.29,1.94
1693510200.c1.snap.jpg,1693510200,0.27,1.86
1693512000.c1.snap.jpg,1693512000,0.26,1.82
1693513800.c1.snap.jpg,1693513800,0.25,1.7
1693515600.c1.snap.jpg,1693515600,0.28,1.7
1693517400.c1.snap.jpg,1693517400,0.3,2.0
1693522800.c1.snap.jpg,1693522800,0.38,2.18
1693524600.c1.snap.jpg,1693524600,0.35,2.18
1693526400.c1.snap.jpg,1693526400,0.29,1.96
1693528200.c1.snap.jpg,1693528200,0.26,1.9
1693530000.c1.snap.jpg,1693530000,0.27,1.82
1693531800.c1.snap.jpg,1693531800,0.26,1.82
1693533600.c1.snap.jpg,1693533600,0.23,25.6
1693537200.c1.snap.jpg,1693537200,0.31,3.3
1693539000.c1.snap.jpg,1693539000,0.32,3.2
1693540800.c1.snap.jpg,1693540800,0.35,3.3
1693542600.c1.snap.jpg,1693542600,0.31,3.1
1693544400.c1.snap.jpg,1693544400,0.3,3.2
1693546200.c1.snap.jpg,1693546200,0.28,3.1
1693548000.c1.snap.jpg,1693548000,0.26,3.2
1693549800.c1.snap.jpg,1693549800,0.25,3.1
1693551600.c1.snap.jpg,1693551600,0.24,3.1
1693553400.c1.snap.jpg,1693553400,0.23,3.02
1693555200.c1.snap.jpg,1693555200,0.27,3.02
1693578600.c1.snap.jpg,1693578600,1.32,5.12
1693580400.c1.snap.jpg,1693580400,1.39,5.12
1693582200.c1.snap.jpg,1693582200,1.59,5.38
1693584000.c1.snap.jpg,1693584000,1.57,5.68
1693585800.c1.snap.jpg,1693585800,1.75,6.02
1693587600.c1.snap.jpg,1693587600,1.82,6.4
1693591200.c1.snap.jpg,1693591200,1.82,6.4
1693593000.c1.snap.jpg,1693593000,1.67,6.4
1693594800.c1.snap.jpg,1693594800,1.51,6.4
1693596600.c1.snap.jpg,1693596600,1.39,6.02
1693598400.c1.snap.jpg,1693598400,1.42,6.4
1693600200.c1.snap.jpg,1693600200,1.59,6.02
1693602000.c1.snap.jpg,1693602000,1.7,6.02
1693603800.c1.snap.jpg,1693603800,1.79,6.02
1693605600.c1.snap.jpg,1693605600,1.76,6.4
1693609200.c1.snap.jpg,1693609200,1.87,6.82
1693611000.c1.snap.jpg,1693611000,1.99,6.4
1693614600.c1.snap.jpg,1693614600,2.36,7.32
1693616400.c1.snap.jpg,1693616400,2.48,7.88
1693618200.c1.snap.jpg,1693618200,2.36,7.88
1693620000.c1.snap.jpg,1693620000,2.33,7.88
1693621800.c1.snap.jpg,1693621800,2.25,8.54
1693623600.c1.snap.jpg,1693623600,2.29,8.54
1693625400.c1.snap.jpg,1693625400,2.31,9.3
1693627200.c1.snap.jpg,1693627200,2.45,8.54
1693629000.c1.snap.jpg,1693629000,2.24,8.54
1693630800.c1.snap.jpg,1693630800,2.12,8.54
1693632600.c1.snap.jpg,1693632600,2.25,9.3
1693636200.c1.snap.jpg,1693636200,2.13,8.54
1693638000.c1.snap.jpg,1693638000,2.12,8.54
1693639800.c1.snap.jpg,1693639800,2.02,8.54
1693641600.c1.snap.jpg,1693641600,1.87,7.88
1693672200.c1.snap.jpg,1693672200,0.52,5.68
1693674000.c1.snap.jpg,1693674000,0.46,6.82
1693675800.c1.snap.jpg,1693675800,0.46,6.82
1693677600.c1.snap.jpg,1693677600,0.43,6.82
1693679400.c1.snap.jpg,1693679400,0.42,6.82
1693681200.c1.snap.jpg,1693681200,0.39,6.82
1693683000.c1.snap.jpg,1693683000,0.38,6.82
1693686600.c1.snap.jpg,1693686600,0.41,6.4
1693688400.c1.snap.jpg,1693688400,0.4,6.02
1693690200.c1.snap.jpg,1693690200,0.39,6.02
1693692000.c1.snap.jpg,1693692000,0.42,3.3
1693693800.c1.snap.jpg,1693693800,0.44,3.3
1693695600.c1.snap.jpg,1693695600,0.41,3.66
1693697400.c1.snap.jpg,1693697400,0.42,3.54
1693699200.c1.snap.jpg,1693699200,0.39,3.54
1693701000.c1.snap.jpg,1693701000,0.41,3.42
1693702800.c1.snap.jpg,1693702800,0.4,3.3
1693704600.c1.snap.jpg,1693704600,0.41,3.54
1693706400.c1.snap.jpg,1693706400,0.45,3.54
1693708200.c1.snap.jpg,1693708200,0.49,3.66
1693711800.c1.snap.jpg,1693711800,0.62,3.94
1693713600.c1.snap.jpg,1693713600,0.68,3.94
1693715400.c1.snap.jpg,1693715400,0.82,3.94
1693717200.c1.snap.jpg,1693717200,0.83,4.26
1693719000.c1.snap.jpg,1693719000,0.79,4.26
1693722600.c1.snap.jpg,1693722600,0.78,3.94
1693724400.c1.snap.jpg,1693724400,0.75,3.94
1693751400.c1.snap.jpg,1693751400,0.74,4.26
1693753200.c1.snap.jpg,1693753200,0.75,3.94
1693755000.c1.snap.jpg,1693755000,0.73,4.1
1693756800.c1.snap.jpg,1693756800,0.69,3.94
1693758600.c1.snap.jpg,1693758600,0.66,4.1
1693760400.c1.snap.jpg,1693760400,0.68,3.94
1693762200.c1.snap.jpg,1693762200,0.67,4.1
1693764000.c1.snap.jpg,1693764000,0.69,3.94
1693765800.c1.snap.jpg,1693765800,0.64,3.8
1693767600.c1.snap.jpg,1693767600,0.59,3.8
1693771200.c1.snap.jpg,1693771200,0.59,3.42
1693773000.c1.snap.jpg,1693773000,0.59,3.3
1693774800.c1.snap.jpg,1693774800,0.56,3.2
1693776600.c1.snap.jpg,1693776600,0.58,3.2
1693780200.c1.snap.jpg,1693780200,0.58,3.3
1693783800.c1.snap.jpg,1693783800,0.63,3.42
1693785600.c1.snap.jpg,1693785600,0.71,3.54
1693787400.c1.snap.jpg,1693787400,0.7,4.66
1693789200.c1.snap.jpg,1693789200,0.74,4.66
1693791000.c1.snap.jpg,1693791000,0.73,4.26
1693792800.c1.snap.jpg,1693792800,0.76,4.46
1693794600.c1.snap.jpg,1693794600,0.76,4.1
1693796400.c1.snap.jpg,1693796400,0.81,4.26
1693798200.c1.snap.jpg,1693798200,0.84,4.26
1693800000.c1.snap.jpg,1693800000,0.9,4.26
1693801800.c1.snap.jpg,1693801800,0.89,4.46
1693803600.c1.snap.jpg,1693803600,0.94,4.46
1693807200.c1.snap.jpg,1693807200,1.0,4.88
1693837800.c1.snap.jpg,1693837800,0.72,5.38
1693839600.c1.snap.jpg,1693839600,0.74,6.02
1693841400.c1.snap.jpg,1693841400,0.68,6.02
1693843200.c1.snap.jpg,1693843200,0.67,6.4
1693845000.c1.snap.jpg,1693845000,0.6,6.4
1693846800.c1.snap.jpg,1693846800,0.58,5.68
1693848600.c1.snap.jpg,1693848600,0.58,4.88
1693852200.c1.snap.jpg,1693852200,0.58,5.38
1693854000.c1.snap.jpg,1693854000,0.55,6.02
1693855800.c1.snap.jpg,1693855800,0.54,3.66
1693857600.c1.snap.jpg,1693857600,0.54,5.68
1693861200.c1.snap.jpg,1693861200,0.5,5.12
1693863000.c1.snap.jpg,1693863000,0.52,5.38
1693866600.c1.snap.jpg,1693866600,0.47,5.38
1693868400.c1.snap.jpg,1693868400,0.49,5.12
1693870200.c1.snap.jpg,1693870200,0.52,5.38
1693872000.c1.snap.jpg,1693872000,0.54,5.38
1693873800.c1.snap.jpg,1693873800,0.54,4.88
1693875600.c1.snap.jpg,1693875600,0.52,5.38
1693877400.c1.snap.jpg,1693877400,0.49,5.12
1693879200.c1.snap.jpg,1693879200,0.47,5.12
1693881000.c1.snap.jpg,1693881000,0.47,4.88
1693882800.c1.snap.jpg,1693882800,0.46,4.88
1693886400.c1.snap.jpg,1693886400,0.43,4.1
1693888200.c1.snap.jpg,1693888200,0.38,3.8
1693890000.c1.snap.jpg,1693890000,0.4,3.54
1693891800.c1.snap.jpg,1693891800,0.42,4.66
1693893600.c1.snap.jpg,1693893600,0.51,3.8
1693895400.c1.snap.jpg,1693895400,0.62,3.66
1693926000.c1.snap.jpg,1693926000,0.8,3.94
1693927800.c1.snap.jpg,1693927800,0.79,3.94
1693929600.c1.snap.jpg,1693929600,0.71,3.94
1693931400.c1.snap.jpg,1693931400,0.64,3.8
1693933200.c1.snap.jpg,1693933200,0.62,3.54
1693935000.c1.snap.jpg,1693935000,0.62,3.8
1693936800.c1.snap.jpg,1693936800,0.67,3.42
1693938600.c1.snap.jpg,1693938600,0.74,3.54
1693940400.c1.snap.jpg,1693940400,0.73,3.42
1693942200.c1.snap.jpg,1693942200,0.79,3.66
1693944000.c1.snap.jpg,1693944000,0.9,4.1
1693953000.c1.snap.jpg,1693953000,1.29,5.38
1693954800.c1.snap.jpg,1693954800,1.4,5.38
1693956600.c1.snap.jpg,1693956600,1.4,5.38
1693958400.c1.snap.jpg,1693958400,1.18,5.38
1693960200.c1.snap.jpg,1693960200,1.2,5.38
1693962000.c1.snap.jpg,1693962000,1.18,5.38
1693963800.c1.snap.jpg,1693963800,1.25,5.68
1693965600.c1.snap.jpg,1693965600,1.32,5.68
1693967400.c1.snap.jpg,1693967400,1.33,5.38
1693969200.c1.snap.jpg,1693969200,1.39,5.38
1693971000.c1.snap.jpg,1693971000,1.24,5.38
1693972800.c1.snap.jpg,1693972800,1.21,5.68
1693974600.c1.snap.jpg,1693974600,1.09,6.02
1693976400.c1.snap.jpg,1693976400,1.04,6.02
1693980000.c1.snap.jpg,1693980000,1.04,6.02
1693981800.c1.snap.jpg,1693981800,0.95,6.02
1694012400.c1.snap.jpg,1694012400,0.9,4.88
1694014200.c1.snap.jpg,1694014200,0.92,4.66
1694016000.c1.snap.jpg,1694016000,0.88,4.46
1694017800.c1.snap.jpg,1694017800,0.87,4.66
1694019600.c1.snap.jpg,1694019600,0.83,4.26
1694021400.c1.snap.jpg,1694021400,0.8,4.46
1694023200.c1.snap.jpg,1694023200,0.83,4.46
1694025000.c1.snap.jpg,1694025000,0.84,4.1
1694026800.c1.snap.jpg,1694026800,0.83,4.88
1694028600.c1.snap.jpg,1694028600,0.89,4.88
1694030400.c1.snap.jpg,1694030400,0.86,5.12
1694032200.c1.snap.jpg,1694032200,0.82,4.88
1694034000.c1.snap.jpg,1694034000,0.93,5.68
1694035800.c1.snap.jpg,1694035800,1.01,5.12
1694037600.c1.snap.jpg,1694037600,1.0,4.66
1694039400.c1.snap.jpg,1694039400,0.85,4.46
1694041200.c1.snap.jpg,1694041200,0.82,5.12
1694043000.c1.snap.jpg,1694043000,0.82,4.46
1694044800.c1.snap.jpg,1694044800,0.78,4.66
1694046600.c1.snap.jpg,1694046600,0.78,4.1
1694048400.c1.snap.jpg,1694048400,0.81,4.88
1694050200.c1.snap.jpg,1694050200,0.86,4.26
1694052000.c1.snap.jpg,1694052000,0.83,4.26
1694055600.c1.snap.jpg,1694055600,0.82,4.26
1694057400.c1.snap.jpg,1694057400,0.76,5.12
1694059200.c1.snap.jpg,1694059200,0.7,5.38
1694061000.c1.snap.jpg,1694061000,0.69,5.12
1694062800.c1.snap.jpg,1694062800,0.73,5.38
1694066400.c1.snap.jpg,1694066400,0.7,5.38
1694068200.c1.snap.jpg,1694068200,0.68,5.38
1694098800.c1.snap.jpg,1694098800,0.81,6.02
1694100600.c1.snap.jpg,1694100600,0.84,6.02
1694102400.c1.snap.jpg,1694102400,0.77,5.68
1694104200.c1.snap.jpg,1694104200,0.68,5.68
1694106000.c1.snap.jpg,1694106000,0.65,5.12
1694107800.c1.snap.jpg,1694107800,0.61,5.12
1694109600.c1.snap.jpg,1694109600,0.58,4.66
1694111400.c1.snap.jpg,1694111400,0.54,6.02
1694113200.c1.snap.jpg,1694113200,0.53,6.02
1694115000.c1.snap.jpg,1694115000,0.51,5.68
1694116800.c1.snap.jpg,1694116800,0.53,6.02
1694118600.c1.snap.jpg,1694118600,0.54,5.68
1694120400.c1.snap.jpg,1694120400,0.55,6.4
1694122200.c1.snap.jpg,1694122200,0.61,3.66
1694124000.c1.snap.jpg,1694124000,0.6,6.4
1694125800.c1.snap.jpg,1694125800,0.61,6.4
1694127600.c1.snap.jpg,1694127600,0.72,4.46
1694129400.c1.snap.jpg,1694129400,0.75,4.1
1694131200.c1.snap.jpg,1694131200,0.83,4.26
1694133000.c1.snap.jpg,1694133000,0.8,4.1
1694134800.c1.snap.jpg,1694134800,0.78,4.1
1694136600.c1.snap.jpg,1694136600,0.79,4.26
1694138400.c1.snap.jpg,1694138400,0.76,4.26
1694140200.c1.snap.jpg,1694140200,0.77,4.26
1694142000.c1.snap.jpg,1694142000,0.83,4.1
1694152800.c1.snap.jpg,1694152800,0.7,3.8
1694154600.c1.snap.jpg,1694154600,0.69,4.46
1694185200.c1.snap.jpg,1694185200,0.46,5.12
1694187000.c1.snap.jpg,1694187000,0.44,5.12
1694188800.c1.snap.jpg,1694188800,0.43,4.26
1694190600.c1.snap.jpg,1694190600,0.43,5.12
1694192400.c1.snap.jpg,1694192400,0.43,5.12
1694194200.c1.snap.jpg,1694194200,0.4,4.46
1694196000.c1.snap.jpg,1694196000,0.39,5.38
1694197800.c1.snap.jpg,1694197800,0.38,5.38
1694199600.c1.snap.jpg,1694199600,0.37,5.38
1694201400.c1.snap.jpg,1694201400,0.39,4.88
1694205000.c1.snap.jpg,1694205000,0.36,5.12
1694206800.c1.snap.jpg,1694206800,0.36,4.46
1694208600.c1.snap.jpg,1694208600,0.35,3.42
1694210400.c1.snap.jpg,1694210400,0.33,4.88
1694219400.c1.snap.jpg,1694219400,0.34,3.42
1694221200.c1.snap.jpg,1694221200,0.37,3.42
1694223000.c1.snap.jpg,1694223000,0.39,3.54
1694224800.c1.snap.jpg,1694224800,0.43,3.1
1694226600.c1.snap.jpg,1694226600,0.4,3.54
1694228400.c1.snap.jpg,1694228400,0.38,3.42
1694233800.c1.snap.jpg,1694233800,0.38,3.02
1694237400.c1.snap.jpg,1694237400,0.33,3.3
1694239200.c1.snap.jpg,1694239200,0.3,3.42
1694241000.c1.snap.jpg,1694241000,0.28,3.42
1694284200.c1.snap.jpg,1694284200,0.27,3.66
1694286000.c1.snap.jpg,1694286000,0.28,3.8
1694287800.c1.snap.jpg,1694287800,0.29,3.8
1694289600.c1.snap.jpg,1694289600,0.27,3.54
1694291400.c1.snap.jpg,1694291400,0.26,4.1
1694293200.c1.snap.jpg,1694293200,0.25,3.8
1694295000.c1.snap.jpg,1694295000,0.27,4.1
1694298600.c1.snap.jpg,1694298600,0.25,3.66
1694300400.c1.snap.jpg,1694300400,0.24,3.66
1694302200.c1.snap.jpg,1694302200,0.22,3.1
1694304000.c1.snap.jpg,1694304000,0.21,3.1
1694305800.c1.snap.jpg,1694305800,0.2,3.54
1694307600.c1.snap.jpg,1694307600,0.19,3.54
1694309400.c1.snap.jpg,1694309400,0.18,3.66
1694311200.c1.snap.jpg,1694311200,0.17,3.8
1694313000.c1.snap.jpg,1694313000,0.17,3.94
1694314800.c1.snap.jpg,1694314800,0.16,4.1
1694316600.c1.snap.jpg,1694316600,0.16,4.46
1694318400.c1.snap.jpg,1694318400,0.16,10.24
1694320200.c1.snap.jpg,1694320200,0.16,10.24
1694322000.c1.snap.jpg,1694322000,0.16,10.24
1694323800.c1.snap.jpg,1694323800,0.15,10.24
1694325600.c1.snap.jpg,1694325600,0.16,10.24
1694358000.c1.snap.jpg,1694358000,0.2,9.3
1694359800.c1.snap.jpg,1694359800,0.21,9.3
1694361600.c1.snap.jpg,1694361600,0.22,10.24
1694363400.c1.snap.jpg,1694363400,0.23,9.3
1694365200.c1.snap.jpg,1694365200,0.2,10.24
1694367000.c1.snap.jpg,1694367000,0.19,10.24
1694368800.c1.snap.jpg,1694368800,0.18,10.24
1694370600.c1.snap.jpg,1694370600,0.18,10.24
1694372400.c1.snap.jpg,1694372400,0.17,20.48
1694374200.c1.snap.jpg,1694374200,0.17,10.24
1694390400.c1.snap.jpg,1694390400,0.12,4.46
1694392200.c1.snap.jpg,1694392200,0.11,9.3
1694394000.c1.snap.jpg,1694394000,0.12,9.3
1694395800.c1.snap.jpg,1694395800,0.11,9.3
1694397600.c1.snap.jpg,1694397600,0.12,20.48
1694399400.c1.snap.jpg,1694399400,0.1,9.3
1694401200.c1.snap.jpg,1694401200,0.12,2.7
1694403000.c1.snap.jpg,1694403000,0.15,2.56
1694404800.c1.snap.jpg,1694404800,0.15,10.24
1694406600.c1.snap.jpg,1694406600,0.14,8.54
1694408400.c1.snap.jpg,1694408400,0.15,10.24
1694412000.c1.snap.jpg,1694412000,0.16,10.24
1694446200.c1.snap.jpg,1694446200,0.44,4.46
1694448000.c1.snap.jpg,1694448000,0.44,4.46
1694449800.c1.snap.jpg,1694449800,0.42,4.46
1694451600.c1.snap.jpg,1694451600,0.43,4.1
1694453400.c1.snap.jpg,1694453400,0.43,4.46
1694455200.c1.snap.jpg,1694455200,0.44,4.26
1694457000.c1.snap.jpg,1694457000,0.42,4.66
1694458800.c1.snap.jpg,1694458800,0.44,4.46
1694460600.c1.snap.jpg,1694460600,0.47,4.46
1694462400.c1.snap.jpg,1694462400,0.53,4.46
1694464200.c1.snap.jpg,1694464200,0.49,3.94
1694466000.c1.snap.jpg,1694466000,0.49,4.46
1694469600.c1.snap.jpg,1694469600,0.48,3.54
1694471400.c1.snap.jpg,1694471400,0.46,3.3
1694473200.c1.snap.jpg,1694473200,0.44,3.3
1694475000.c1.snap.jpg,1694475000,0.43,4.26
1694476800.c1.snap.jpg,1694476800,0.41,4.26
1694478600.c1.snap.jpg,1694478600,0.4,3.2
1694480400.c1.snap.jpg,1694480400,0.38,3.94
1694482200.c1.snap.jpg,1694482200,0.36,3.42
1694484000.c1.snap.jpg,1694484000,0.36,4.26
1694485800.c1.snap.jpg,1694485800,0.34,4.1
1694487600.c1.snap.jpg,1694487600,0.32,3.02
1694489400.c1.snap.jpg,1694489400,0.31,4.1
1694491200.c1.snap.jpg,1694491200,0.31,3.42
1694493000.c1.snap.jpg,1694493000,0.3,3.3
1694496600.c1.snap.jpg,1694496600,0.26,3.8
1694498400.c1.snap.jpg,1694498400,0.26,3.3
1694532600.c1.snap.jpg,1694532600,0.2,4.1
1694534400.c1.snap.jpg,1694534400,0.23,4.46
1694536200.c1.snap.jpg,1694536200,0.29,25.6
1694538000.c1.snap.jpg,1694538000,0.27,4.26
1694539800.c1.snap.jpg,1694539800,0.27,4.26
1694541600.c1.snap.jpg,1694541600,0.28,4.26
1694543400.c1.snap.jpg,1694543400,0.26,4.26
1694545200.c1.snap.jpg,1694545200,0.24,4.1
1694547000.c1.snap.jpg,1694547000,0.25,4.26
1694548800.c1.snap.jpg,1694548800,0.26,4.26
1694550600.c1.snap.jpg,1694550600,0.24,4.46
1694552400.c1.snap.jpg,1694552400,0.23,4.46
1694554200.c1.snap.jpg,1694554200,0.22,4.46
1694556000.c1.snap.jpg,1694556000,0.19,4.26
1694557800.c1.snap.jpg,1694557800,0.19,4.46
1694561400.c1.snap.jpg,1694561400,0.18,4.46
1694563200.c1.snap.jpg,1694563200,0.17,4.26
1694565000.c1.snap.jpg,1694565000,0.19,4.26
1694566800.c1.snap.jpg,1694566800,0.22,4.26
1694570400.c1.snap.jpg,1694570400,0.27,2.14
1694572200.c1.snap.jpg,1694572200,0.25,2.0
1694574000.c1.snap.jpg,1694574000,0.28,2.04
1694577600.c1.snap.jpg,1694577600,0.27,2.08
1694579400.c1.snap.jpg,1694579400,0.26,2.0
1694581200.c1.snap.jpg,1694581200,0.23,2.18
1694583000.c1.snap.jpg,1694583000,0.21,7.88
1694584800.c1.snap.jpg,1694584800,0.22,7.88
1694619000.c1.snap.jpg,1694619000,0.17,20.48
1694620800.c1.snap.jpg,1694620800,0.17,4.26
1694622600.c1.snap.jpg,1694622600,0.16,20.48
1694624400.c1.snap.jpg,1694624400,0.18,4.1
1694626200.c1.snap.jpg,1694626200,0.18,3.94
1694628000.c1.snap.jpg,1694628000,0.22,3.94
1694629800.c1.snap.jpg,1694629800,0.23,3.8
1694631600.c1.snap.jpg,1694631600,0.23,3.8
1694633400.c1.snap.jpg,1694633400,0.24,4.26
1694635200.c1.snap.jpg,1694635200,0.28,4.1
1694637000.c1.snap.jpg,1694637000,0.26,3.94
1694638800.c1.snap.jpg,1694638800,0.24,3.94
1694640600.c1.snap.jpg,1694640600,0.25,3.8
1694642400.c1.snap.jpg,1694642400,0.24,3.8
1694646000.c1.snap.jpg,1694646000,0.27,3.54
1694647800.c1.snap.jpg,1694647800,0.27,3.54
1694649600.c1.snap.jpg,1694649600,0.28,4.26
1694651400.c1.snap.jpg,1694651400,0.27,4.46
1694655000.c1.snap.jpg,1694655000,0.25,4.66
1694658600.c1.snap.jpg,1694658600,0.24,4.46
1694662200.c1.snap.jpg,1694662200,0.25,4.66
1694664000.c1.snap.jpg,1694664000,0.28,4.66
1694665800.c1.snap.jpg,1694665800,0.26,4.66
1694667600.c1.snap.jpg,1694667600,0.22,4.46
1694669400.c1.snap.jpg,1694669400,0.21,4.66
1694671200.c1.snap.jpg,1694671200,0.2,4.46
1694705400.c1.snap.jpg,1694705400,0.25,4.88
1694707200.c1.snap.jpg,1694707200,0.28,4.66
1694709000.c1.snap.jpg,1694709000,0.27,4.66
1694710800.c1.snap.jpg,1694710800,0.27,4.46
1694712600.c1.snap.jpg,1694712600,0.23,4.46
1694714400.c1.snap.jpg,1694714400,0.21,4.66
1694716200.c1.snap.jpg,1694716200,0.22,4.46
1694718000.c1.snap.jpg,1694718000,0.21,4.66
1694719800.c1.snap.jpg,1694719800,0.22,4.66
1694721600.c1.snap.jpg,1694721600,0.2,4.46
1694723400.c1.snap.jpg,1694723400,0.19,5.68
1694725200.c1.snap.jpg,1694725200,0.19,5.68
1694728800.c1.snap.jpg,1694728800,0.21,5.12
1694734200.c1.snap.jpg,1694734200,0.22,5.12
1694736000.c1.snap.jpg,1694736000,0.2,5.68
1694737800.c1.snap.jpg,1694737800,0.18,6.4
1694739600.c1.snap.jpg,1694739600,0.21,25.6
1694741400.c1.snap.jpg,1694741400,0.2,2.18
1694743200.c1.snap.jpg,1694743200,0.19,2.08
1694745000.c1.snap.jpg,1694745000,0.21,2.04
1694746800.c1.snap.jpg,1694746800,0.19,2.08
1694748600.c1.snap.jpg,1694748600,0.16,6.02
1694750400.c1.snap.jpg,1694750400,0.14,5.68
1694752200.c1.snap.jpg,1694752200,0.13,4.66
1694754000.c1.snap.jpg,1694754000,0.11,4.26
1694755800.c1.snap.jpg,1694755800,0.11,5.12
1694757600.c1.snap.jpg,1694757600,0.11,6.02
1694791800.c1.snap.jpg,1694791800,0.17,1.68
1694795400.c1.snap.jpg,1694795400,0.2,2.44
1694797200.c1.snap.jpg,1694797200,0.19,2.62
1694799000.c1.snap.jpg,1694799000,0.17,2.44
1694800800.c1.snap.jpg,1694800800,0.18,25.6
1694802600.c1.snap.jpg,1694802600,0.19,25.6
1694804400.c1.snap.jpg,1694804400,0.2,25.6
1694806200.c1.snap.jpg,1694806200,0.2,25.6
1694808000.c1.snap.jpg,1694808000,0.19,20.48
1694809800.c1.snap.jpg,1694809800,0.16,1.34
1694820600.c1.snap.jpg,1694820600,0.16,3.02
1694826000.c1.snap.jpg,1694826000,0.13,2.7
1694827800.c1.snap.jpg,1694827800,0.12,2.62
1694829600.c1.snap.jpg,1694829600,0.11,2.5
1694831400.c1.snap.jpg,1694831400,0.11,2.44
1694833200.c1.snap.jpg,1694833200,0.1,2.5
1694835000.c1.snap.jpg,1694835000,0.1,2.56
1694836800.c1.snap.jpg,1694836800,0.09,2.38
1694838600.c1.snap.jpg,1694838600,0.1,6.82
1694840400.c1.snap.jpg,1694840400,0.12,20.48
1694842200.c1.snap.jpg,1694842200,0.11,25.6
1694844000.c1.snap.jpg,1694844000,0.1,7.32
1694878200.c1.snap.jpg,1694878200,0.19,8.54
1694880000.c1.snap.jpg,1694880000,0.21,8.54
1694881800.c1.snap.jpg,1694881800,0.22,7.88
1694883600.c1.snap.jpg,1694883600,0.22,8.54
1694885400.c1.snap.jpg,1694885400,0.23,8.54
1694887200.c1.snap.jpg,1694887200,0.21,8.54
1694889000.c1.snap.jpg,1694889000,0.2,7.88
1694890800.c1.snap.jpg,1694890800,0.21,7.88
1694892600.c1.snap.jpg,1694892600,0.21,8.54
1694894400.c1.snap.jpg,1694894400,0.2,9.3
1694896200.c1.snap.jpg,1694896200,0.19,8.54
1694898000.c1.snap.jpg,1694898000,0.19,7.88
1694899800.c1.snap.jpg,1694899800,0.23,2.76
1694901600.c1.snap.jpg,1694901600,0.26,2.76
1694903400.c1.snap.jpg,1694903400,0.3,3.54
1694905200.c1.snap.jpg,1694905200,0.35,3.66
1694907000.c1.snap.jpg,1694907000,0.38,3.54
1694908800.c1.snap.jpg,1694908800,0.46,3.54
1694910600.c1.snap.jpg,1694910600,0.43,3.66
1694912400.c1.snap.jpg,1694912400,0.44,3.2
1694914200.c1.snap.jpg,1694914200,0.45,3.02
1694916000.c1.snap.jpg,1694916000,0.55,3.54
1694917800.c1.snap.jpg,1694917800,0.54,3.54
1694919600.c1.snap.jpg,1694919600,0.67,3.94
1694921400.c1.snap.jpg,1694921400,0.8,3.94
1694923200.c1.snap.jpg,1694923200,0.9,4.1
1694925000.c1.snap.jpg,1694925000,0.92,4.26
1694926800.c1.snap.jpg,1694926800,0.84,4.66
1694928600.c1.snap.jpg,1694928600,0.89,4.66
1694930400.c1.snap.jpg,1694930400,0.88,4.88
1694966400.c1.snap.jpg,1694966400,1.28,5.38
1694968200.c1.snap.jpg,1694968200,1.28,5.38
1694970000.c1.snap.jpg,1694970000,1.28,7.32
1694971800.c1.snap.jpg,1694971800,1.27,6.82
1694973600.c1.snap.jpg,1694973600,1.25,6.82
1694975400.c1.snap.jpg,1694975400,1.24,6.4
1694977200.c1.snap.jpg,1694977200,1.4,7.32
1694979000.c1.snap.jpg,1694979000,1.45,6.82
1694986200.c1.snap.jpg,1694986200,1.41,6.02
1694988000.c1.snap.jpg,1694988000,1.38,6.4
1694997000.c1.snap.jpg,1694997000,1.3,5.68
1694998800.c1.snap.jpg,1694998800,1.28,6.02
1695000600.c1.snap.jpg,1695000600,1.32,5.12
1695002400.c1.snap.jpg,1695002400,1.25,5.38
1695004200.c1.snap.jpg,1695004200,1.34,5.12
1695006000.c1.snap.jpg,1695006000,1.21,6.02
1695007800.c1.snap.jpg,1695007800,1.28,5.38
1695009600.c1.snap.jpg,1695009600,1.26,5.68
1695011400.c1.snap.jpg,1695011400,1.14,5.12
1695013200.c1.snap.jpg,1695013200,1.1,5.12
1695054600.c1.snap.jpg,1695054600,0.74,4.46
1695056400.c1.snap.jpg,1695056400,0.79,4.26
1695058200.c1.snap.jpg,1695058200,0.83,4.1
1695060000.c1.snap.jpg,1695060000,0.88,4.46
1695061800.c1.snap.jpg,1695061800,0.93,4.66
1695063600.c1.snap.jpg,1695063600,0.9,4.1
1695065400.c1.snap.jpg,1695065400,0.94,4.1
1695067200.c1.snap.jpg,1695067200,1.0,4.46
1695069000.c1.snap.jpg,1695069000,1.01,5.12
1695070800.c1.snap.jpg,1695070800,1.08,4.88
1695072600.c1.snap.jpg,1695072600,1.2,5.68
1695078000.c1.snap.jpg,1695078000,1.19,6.02
1695079800.c1.snap.jpg,1695079800,1.17,6.02
1695081600.c1.snap.jpg,1695081600,1.32,6.02
1695083400.c1.snap.jpg,1695083400,1.35,6.02
1695085200.c1.snap.jpg,1695085200,1.29,5.68
1695087000.c1.snap.jpg,1695087000,1.33,6.4
1695090600.c1.snap.jpg,1695090600,1.36,5.68
1695092400.c1.snap.jpg,1695092400,1.44,6.4
1695094200.c1.snap.jpg,1695094200,1.35,6.02
1695096000.c1.snap.jpg,1695096000,1.34,5.68
1695097800.c1.snap.jpg,1695097800,1.28,5.38
1695099600.c1.snap.jpg,1695099600,1.22,6.4
1695101400.c1.snap.jpg,1695101400,1.18,6.02
1695137400.c1.snap.jpg,1695137400,0.74,5.68
1695139200.c1.snap.jpg,1695139200,0.72,5.12
1695141000.c1.snap.jpg,1695141000,0.69,5.68
1695142800.c1.snap.jpg,1695142800,0.65,5.68
1695144600.c1.snap.jpg,1695144600,0.59,5.38
1695146400.c1.snap.jpg,1695146400,0.55,5.38
1695148200.c1.snap.jpg,1695148200,0.57,5.38
1695150000.c1.snap.jpg,1695150000,0.57,5.38
1695151800.c1.snap.jpg,1695151800,0.56,5.38
1695153600.c1.snap.jpg,1695153600,0.52,5.12
1695155400.c1.snap.jpg,1695155400,0.46,5.38
1695157200.c1.snap.jpg,1695157200,0.46,5.12
1695159000.c1.snap.jpg,1695159000,0.41,5.12
1695160800.c1.snap.jpg,1695160800,0.4,5.12
1695162600.c1.snap.jpg,1695162600,0.4,4.88
1695164400.c1.snap.jpg,1695164400,0.38,5.12
1695166200.c1.snap.jpg,1695166200,0.41,4.88
1695168000.c1.snap.jpg,1695168000,0.43,4.88
1695169800.c1.snap.jpg,1695169800,0.41,4.66
1695171600.c1.snap.jpg,1695171600,0.4,4.88
1695173400.c1.snap.jpg,1695173400,0.38,4.46
1695178800.c1.snap.jpg,1695178800,0.32,5.12
1695180600.c1.snap.jpg,1695180600,0.32,4.88
1695182400.c1.snap.jpg,1695182400,0.3,4.66
1695184200.c1.snap.jpg,1695184200,0.28,4.46
1695186000.c1.snap.jpg,1695186000,0.27,4.88
1695187800.c1.snap.jpg,1695187800,0.25,4.88
1695225600.c1.snap.jpg,1695225600,0.17,4.46
1695227400.c1.snap.jpg,1695227400,0.15,4.88
1695231000.c1.snap.jpg,1695231000,0.14,5.38
1695232800.c1.snap.jpg,1695232800,0.15,4.88
1695234600.c1.snap.jpg,1695234600,0.15,4.88
1695236400.c1.snap.jpg,1695236400,0.16,4.26
1695238200.c1.snap.jpg,1695238200,0.17,4.88
1695240000.c1.snap.jpg,1695240000,0.22,1.86
1695241800.c1.snap.jpg,1695241800,0.22,1.82
1695243600.c1.snap.jpg,1695243600,0.18,4.26
1695247200.c1.snap.jpg,1695247200,0.22,4.66
1695249000.c1.snap.jpg,1695249000,0.27,4.66
1695254400.c1.snap.jpg,1695254400,0.6,3.3
1695256200.c1.snap.jpg,1695256200,0.71,3.8
1695258000.c1.snap.jpg,1695258000,0.73,4.1
1695259800.c1.snap.jpg,1695259800,0.74,3.94
1695261600.c1.snap.jpg,1695261600,0.76,4.1
1695263400.c1.snap.jpg,1695263400,0.78,3.94
1695265200.c1.snap.jpg,1695265200,0.8,4.1
1695267000.c1.snap.jpg,1695267000,0.85,3.94
1695268800.c1.snap.jpg,1695268800,0.81,4.1
1695270600.c1.snap.jpg,1695270600,0.78,4.26
1695272400.c1.snap.jpg,1695272400,0.79,4.1
1695274200.c1.snap.jpg,1695274200,0.7,4.1
1695312000.c1.snap.jpg,1695312000,0.54,5.68
1695313800.c1.snap.jpg,1695313800,0.49,5.68
1695315600.c1.snap.jpg,1695315600,0.47,5.68
1695317400.c1.snap.jpg,1695317400,0.44,5.38
1695319200.c1.snap.jpg,1695319200,0.43,5.68
1695321000.c1.snap.jpg,1695321000,0.4,5.12
1695322800.c1.snap.jpg,1695322800,0.35,5.38
1695324600.c1.snap.jpg,1695324600,0.36,5.12
1695326400.c1.snap.jpg,1695326400,0.36,5.38
1695330000.c1.snap.jpg,1695330000,0.33,4.88
1695333600.c1.snap.jpg,1695333600,0.27,4.46
1695335400.c1.snap.jpg,1695335400,0.27,4.66
1695337200.c1.snap.jpg,1695337200,0.26,4.66
1695340800.c1.snap.jpg,1695340800,0.29,4.66
1695342600.c1.snap.jpg,1695342600,0.27,4.66
1695344400.c1.snap.jpg,1695344400,0.29,4.66
1695346200.c1.snap.jpg,1695346200,0.29,4.46
1695349800.c1.snap.jpg,1695349800,0.32,2.92
1695351600.c1.snap.jpg,1695351600,0.35,2.92
1695353400.c1.snap.jpg,1695353400,0.34,5.68
1695420000.c1.snap.jpg,1695420000,0.17,14.62
1695423600.c1.snap.jpg,1695423600,0.13,14.62
1695425400.c1.snap.jpg,1695425400,0.13,12.8
1695427200.c1.snap.jpg,1695427200,0.12,12.8
1695429000.c1.snap.jpg,1695429000,0.15,12.8
1695430800.c1.snap.jpg,1695430800,0.16,12.8
1695432600.c1.snap.jpg,1695432600,0.15,12.8
1695434400.c1.snap.jpg,1695434400,0.16,12.8
1695436200.c1.snap.jpg,1695436200,0.2,12.8
1695438000.c1.snap.jpg,1695438000,0.22,12.8
1695439800.c1.snap.jpg,1695439800,0.24,12.8
1695441600.c1.snap.jpg,1695441600,0.22,11.38
1695443400.c1.snap.jpg,1695443400,0.2,10.24
1695445200.c1.snap.jpg,1695445200,0.3,11.38
1695447000.c1.snap.jpg,1695447000,0.26,11.38
1695492000.c1.snap.jpg,1695492000,0.24,10.24
1695493800.c1.snap.jpg,1695493800,0.22,1.68
1695497400.c1.snap.jpg,1695497400,0.2,10.24
1695499200.c1.snap.jpg,1695499200,0.21,1.7
1695501000.c1.snap.jpg,1695501000,0.21,1.7
1695504600.c1.snap.jpg,1695504600,0.2,10.24
1695506400.c1.snap.jpg,1695506400,0.2,10.24
1695508200.c1.snap.jpg,1695508200,0.17,10.24
1695510000.c1.snap.jpg,1695510000,0.19,10.24
1695511800.c1.snap.jpg,1695511800,0.2,10.24
1695513600.c1.snap.jpg,1695513600,0.17,10.24
1695515400.c1.snap.jpg,1695515400,0.16,9.3
1695517200.c1.snap.jpg,1695517200,0.13,9.3
1695519000.c1.snap.jpg,1695519000,0.18,9.3
1695520800.c1.snap.jpg,1695520800,0.19,9.3
1695526200.c1.snap.jpg,1695526200,0.26,9.3
1695528000.c1.snap.jpg,1695528000,0.27,8.54
1695531600.c1.snap.jpg,1695531600,0.25,9.3
1695533400.c1.snap.jpg,1695533400,0.25,10.24
1695571200.c1.snap.jpg,1695571200,0.22,10.24
1695573000.c1.snap.jpg,1695573000,0.22,11.38
1695574800.c1.snap.jpg,1695574800,0.22,11.38
1695576600.c1.snap.jpg,1695576600,0.21,11.38
1695578400.c1.snap.jpg,1695578400,0.21,11.38
1695580200.c1.snap.jpg,1695580200,0.2,10.24
1695582000.c1.snap.jpg,1695582000,0.2,1.56
1695583800.c1.snap.jpg,1695583800,0.22,10.24
1695585600.c1.snap.jpg,1695585600,0.22,1.62
1695587400.c1.snap.jpg,1695587400,0.19,11.38
1695589200.c1.snap.jpg,1695589200,0.18,20.48
1695591000.c1.snap.jpg,1695591000,0.18,17.06
1695592800.c1.snap.jpg,1695592800,0.19,1.56
1695594600.c1.snap.jpg,1695594600,0.18,8.54
1695596400.c1.snap.jpg,1695596400,0.17,9.3
1695598200.c1.snap.jpg,1695598200,0.15,10.24
1695600000.c1.snap.jpg,1695600000,0.15,9.3
1695601800.c1.snap.jpg,1695601800,0.14,10.24
1695603600.c1.snap.jpg,1695603600,0.13,10.24
1695605400.c1.snap.jpg,1695605400,0.13,9.3
1695607200.c1.snap.jpg,1695607200,0.11,9.3
1695610800.c1.snap.jpg,1695610800,0.12,9.3
1695612600.c1.snap.jpg,1695612600,0.12,9.3
1695614400.c1.snap.jpg,1695614400,0.16,9.3
1695616200.c1.snap.jpg,1695616200,0.15,9.3
1695618000.c1.snap.jpg,1695618000,0.13,9.3
1695619800.c1.snap.jpg,1695619800,0.16,9.3
1695657600.c1.snap.jpg,1695657600,0.2,9.3
1695659400.c1.snap.jpg,1695659400,0.19,9.3
1695661200.c1.snap.jpg,1695661200,0.2,9.3
1695663000.c1.snap.jpg,1695663000,0.19,9.3
1695664800.c1.snap.jpg,1695664800,0.18,9.3
1695666600.c1.snap.jpg,1695666600,0.17,9.3
1695670200.c1.snap.jpg,1695670200,0.18,10.24
1695672000.c1.snap.jpg,1695672000,0.18,10.24
1695673800.c1.snap.jpg,1695673800,0.17,9.3
1695675600.c1.snap.jpg,1695675600,0.16,9.3
1695677400.c1.snap.jpg,1695677400,0.13,9.3
1695679200.c1.snap.jpg,1695679200,0.11,9.3
1695681000.c1.snap.jpg,1695681000,0.08,9.3
1695682800.c1.snap.jpg,1695682800,0.07,9.3
1695684600.c1.snap.jpg,1695684600,0.11,9.3
1695686400.c1.snap.jpg,1695686400,0.15,20.48
1695688200.c1.snap.jpg,1695688200,0.16,8.54
1695690000.c1.snap.jpg,1695690000,0.2,8.54
1695697200.c1.snap.jpg,1695697200,0.31,2.28
1695699000.c1.snap.jpg,1695699000,0.33,2.56
1695700800.c1.snap.jpg,1695700800,0.39,2.84
1695702600.c1.snap.jpg,1695702600,0.4,2.84
1695704400.c1.snap.jpg,1695704400,0.34,2.84
1695749400.c1.snap.jpg,1695749400,0.25,3.1
1695751200.c1.snap.jpg,1695751200,0.25,2.92
1695753000.c1.snap.jpg,1695753000,0.28,3.2
1695754800.c1.snap.jpg,1695754800,0.29,3.2
1695756600.c1.snap.jpg,1695756600,0.28,3.2
1695758400.c1.snap.jpg,1695758400,0.28,3.1
1695760200.c1.snap.jpg,1695760200,0.28,3.3
1695762000.c1.snap.jpg,1695762000,0.29,3.1
1695763800.c1.snap.jpg,1695763800,0.3,2.84
1695765600.c1.snap.jpg,1695765600,0.32,3.2
1695767400.c1.snap.jpg,1695767400,0.34,3.2
1695769200.c1.snap.jpg,1695769200,0.37,2.84
1695771000.c1.snap.jpg,1695771000,0.42,2.92
1695772800.c1.snap.jpg,1695772800,0.48,3.1
1695774600.c1.snap.jpg,1695774600,0.51,3.02
1695776400.c1.snap.jpg,1695776400,0.52,3.02
1695778200.c1.snap.jpg,1695778200,0.46,3.02
1695780000.c1.snap.jpg,1695780000,0.44,2.92
1695781800.c1.snap.jpg,1695781800,0.48,3.1
1695783600.c1.snap.jpg,1695783600,0.47,3.02
1695785400.c1.snap.jpg,1695785400,0.42,2.92
1695787200.c1.snap.jpg,1695787200,0.43,3.1
1695789000.c1.snap.jpg,1695789000,0.38,3.02
1695790800.c1.snap.jpg,1695790800,0.36,3.2
1695924000.c1.snap.jpg,1695924000,0.42,3.42
1695925800.c1.snap.jpg,1695925800,0.4,3.2
1695927600.c1.snap.jpg,1695927600,0.37,3.42
1695929400.c1.snap.jpg,1695929400,0.39,3.3
1695931200.c1.snap.jpg,1695931200,0.36,3.02
1695933000.c1.snap.jpg,1695933000,0.34,3.2
1695934800.c1.snap.jpg,1695934800,0.32,1.74
1695936600.c1.snap.jpg,1695936600,0.31,1.8
1695938400.c1.snap.jpg,1695938400,0.32,2.0
1695940200.c1.snap.jpg,1695940200,0.33,1.96
1695942000.c1.snap.jpg,1695942000,0.34,2.14
1695943800.c1.snap.jpg,1695943800,0.37,2.08
1695945600.c1.snap.jpg,1695945600,0.35,2.18
1695947400.c1.snap.jpg,1695947400,0.33,2.08
1695949200.c1.snap.jpg,1695949200,0.34,2.18
1695951000.c1.snap.jpg,1695951000,0.38,2.14
1695952800.c1.snap.jpg,1695952800,0.32,1.94
1695956400.c1.snap.jpg,1695956400,0.35,2.14
1695958200.c1.snap.jpg,1695958200,0.32,1.96
1695960000.c1.snap.jpg,1695960000,0.35,2.14
1695961800.c1.snap.jpg,1695961800,0.34,2.0
1695963600.c1.snap.jpg,1695963600,0.35,3.54
1696089600.c1.snap.jpg,1696089600,0.17,1.56
1696091400.c1.snap.jpg,1696091400,0.2,1.62
1696093200.c1.snap.jpg,1696093200,0.21,1.68
1696095000.c1.snap.jpg,1696095000,0.21,1.82
1696096800.c1.snap.jpg,1696096800,0.21,1.68
1696111200.c1.snap.jpg,1696111200,0.19,1.74
1696113000.c1.snap.jpg,1696113000,0.18,25.6
1696114800.c1.snap.jpg,1696114800,0.18,17.06
1696116600.c1.snap.jpg,1696116600,0.18,25.6
1696118400.c1.snap.jpg,1696118400,0.18,1.5
1696120200.c1.snap.jpg,1696120200,0.29,2.7
1696122000.c1.snap.jpg,1696122000,0.36,2.84
1696123800.c1.snap.jpg,1696123800,0.35,2.84
1696125600.c1.snap.jpg,1696125600,0.32,3.02
1696129200.c1.snap.jpg,1696129200,0.43,3.66
1696131000.c1.snap.jpg,1696131000,0.46,3.8
1696132800.c1.snap.jpg,1696132800,0.49,3.8
1696134600.c1.snap.jpg,1696134600,0.49,3.94
1696136400.c1.snap.jpg,1696136400,0.46,3.94
1696177800.c1.snap.jpg,1696177800,0.61,3.94
1696179600.c1.snap.jpg,1696179600,0.62,4.1
1696181400.c1.snap.jpg,1696181400,0.62,4.26
1696183200.c1.snap.jpg,1696183200,0.63,5.38
1696185000.c1.snap.jpg,1696185000,0.63,4.46
1696186800.c1.snap.jpg,1696186800,0.61,5.12
1696188600.c1.snap.jpg,1696188600,0.62,4.88
1696192200.c1.snap.jpg,1696192200,0.81,4.1
1696194000.c1.snap.jpg,1696194000,0.78,4.26
1696199400.c1.snap.jpg,1696199400,0.88,4.1
1696201200.c1.snap.jpg,1696201200,1.02,4.46
1696203000.c1.snap.jpg,1696203000,0.9,4.26
1696204800.c1.snap.jpg,1696204800,0.96,5.68
1696206600.c1.snap.jpg,1696206600,0.98,5.38
1696212000.c1.snap.jpg,1696212000,1.01,4.88
1696213800.c1.snap.jpg,1696213800,0.95,4.66
1696219200.c1.snap.jpg,1696219200,0.98,4.88
1696221000.c1.snap.jpg,1696221000,0.99,4.26
1696222800.c1.snap.jpg,1696222800,0.96,4.66
1696275000.c1.snap.jpg,1696275000,0.52,4.88
1696276800.c1.snap.jpg,1696276800,0.5,4.88
1696278600.c1.snap.jpg,1696278600,0.55,5.12
1696280400.c1.snap.jpg,1696280400,0.66,5.12
1696282200.c1.snap.jpg,1696282200,0.76,5.12
1696284000.c1.snap.jpg,1696284000,0.81,3.94
1696285800.c1.snap.jpg,1696285800,0.71,4.88
1696287600.c1.snap.jpg,1696287600,0.64,4.66
1696289400.c1.snap.jpg,1696289400,0.61,4.88
1696291200.c1.snap.jpg,1696291200,0.66,4.26
1696293000.c1.snap.jpg,1696293000,0.67,4.66
1696294800.c1.snap.jpg,1696294800,0.68,4.26
1696296600.c1.snap.jpg,1696296600,0.71,4.26
1696298400.c1.snap.jpg,1696298400,0.79,4.26
1696300200.c1.snap.jpg,1696300200,0.97,4.66
1696302000.c1.snap.jpg,1696302000,1.13,4.46
1696303800.c1.snap.jpg,1696303800,1.15,4.88
1696305600.c1.snap.jpg,1696305600,1.12,5.12
1696307400.c1.snap.jpg,1696307400,1.03,4.88
1696309200.c1.snap.jpg,1696309200,0.95,5.12
1696352400.c1.snap.jpg,1696352400,0.61,4.88
1696354200.c1.snap.jpg,1696354200,0.58,3.8
1696357800.c1.snap.jpg,1696357800,0.54,4.88
1696359600.c1.snap.jpg,1696359600,0.53,4.66
1696361400.c1.snap.jpg,1696361400,0.51,4.46
1696363200.c1.snap.jpg,1696363200,0.48,5.12
1696365000.c1.snap.jpg,1696365000,0.48,5.12
1696366800.c1.snap.jpg,1696366800,0.46,4.88
1696372200.c1.snap.jpg,1696372200,0.43,4.66
1696374000.c1.snap.jpg,1696374000,0.43,4.88
1696375800.c1.snap.jpg,1696375800,0.42,5.12
1696377600.c1.snap.jpg,1696377600,0.41,4.88
1696379400.c1.snap.jpg,1696379400,0.39,4.66
1696381200.c1.snap.jpg,1696381200,0.39,4.66
1696383000.c1.snap.jpg,1696383000,0.39,4.66
1696384800.c1.snap.jpg,1696384800,0.37,5.12
1696386600.c1.snap.jpg,1696386600,0.36,5.12
1696388400.c1.snap.jpg,1696388400,0.34,4.88
1696390200.c1.snap.jpg,1696390200,0.33,5.12
1696392000.c1.snap.jpg,1696392000,0.31,5.12
1696393800.c1.snap.jpg,1696393800,0.27,5.38
1696395600.c1.snap.jpg,1696395600,0.27,5.12
1696437000.c1.snap.jpg,1696437000,0.28,2.04
1696438800.c1.snap.jpg,1696438800,0.32,2.08
1696440600.c1.snap.jpg,1696440600,0.3,2.18
1696442400.c1.snap.jpg,1696442400,0.34,2.0
1696444200.c1.snap.jpg,1696444200,0.38,2.22
1696446000.c1.snap.jpg,1696446000,0.36,2.18
1696447800.c1.snap.jpg,1696447800,0.36,2.32
1696449600.c1.snap.jpg,1696449600,0.38,2.32
1696451400.c1.snap.jpg,1696451400,0.4,2.28
1696453200.c1.snap.jpg,1696453200,0.3,2.04
1696455000.c1.snap.jpg,1696455000,0.29,2.04
1696456800.c1.snap.jpg,1696456800,0.31,2.14
1696458600.c1.snap.jpg,1696458600,0.33,2.0
1696460400.c1.snap.jpg,1696460400,0.35,2.14
1696464000.c1.snap.jpg,1696464000,0.32,2.04
1696465800.c1.snap.jpg,1696465800,0.3,1.96
1696467600.c1.snap.jpg,1696467600,0.3,1.96
1696469400.c1.snap.jpg,1696469400,0.29,2.04
1696471200.c1.snap.jpg,1696471200,0.26,1.8
1696473000.c1.snap.jpg,1696473000,0.24,1.86
1696474800.c1.snap.jpg,1696474800,0.24,1.76
1696476600.c1.snap.jpg,1696476600,0.22,1.74
1696478400.c1.snap.jpg,1696478400,0.25,1.86
1696480200.c1.snap.jpg,1696480200,0.29,2.08
1696527000.c1.snap.jpg,1696527000,0.49,4.26
1696528800.c1.snap.jpg,1696528800,0.5,4.26
1696530600.c1.snap.jpg,1696530600,0.47,4.26
1696532400.c1.snap.jpg,1696532400,0.47,4.1
1696534200.c1.snap.jpg,1696534200,0.48,4.88
1696536000.c1.snap.jpg,1696536000,0.49,4.66
1696537800.c1.snap.jpg,1696537800,0.48,4.46
1696539600.c1.snap.jpg,1696539600,0.48,3.54
1696541400.c1.snap.jpg,1696541400,0.48,4.46
1696543200.c1.snap.jpg,1696543200,0.51,4.88
1696548600.c1.snap.jpg,1696548600,0.56,5.38
1696552200.c1.snap.jpg,1696552200,0.56,4.88
1696554000.c1.snap.jpg,1696554000,0.6,5.68
1696555800.c1.snap.jpg,1696555800,0.59,5.68
1696557600.c1.snap.jpg,1696557600,0.62,5.68
1696559400.c1.snap.jpg,1696559400,0.6,5.68
1696561200.c1.snap.jpg,1696561200,0.65,5.38
1696564800.c1.snap.jpg,1696564800,0.61,5.68
1696609800.c1.snap.jpg,1696609800,0.46,4.26
1696611600.c1.snap.jpg,1696611600,0.48,4.26
1696613400.c1.snap.jpg,1696613400,0.47,4.46
1696615200.c1.snap.jpg,1696615200,0.47,4.46
1696617000.c1.snap.jpg,1696617000,0.46,4.66
1696618800.c1.snap.jpg,1696618800,0.45,4.46
1696620600.c1.snap.jpg,1696620600,0.45,4.46
1696622400.c1.snap.jpg,1696622400,0.44,4.26
1696626000.c1.snap.jpg,1696626000,0.48,4.46
1696627800.c1.snap.jpg,1696627800,0.52,4.66
1696629600.c1.snap.jpg,1696629600,0.51,4.46
1696633200.c1.snap.jpg,1696633200,0.53,5.12
1696635000.c1.snap.jpg,1696635000,0.51,5.12
1696636800.c1.snap.jpg,1696636800,0.49,4.26
1696638600.c1.snap.jpg,1696638600,0.53,5.12
1696640400.c1.snap.jpg,1696640400,0.52,5.38
1696642200.c1.snap.jpg,1696642200,0.52,4.26
1696644000.c1.snap.jpg,1696644000,0.5,4.26
1696645800.c1.snap.jpg,1696645800,0.51,4.26
1696647600.c1.snap.jpg,1696647600,0.47,2.22
1696649400.c1.snap.jpg,1696649400,0.47,4.26
1696651200.c1.snap.jpg,1696651200,0.47,3.94
1696653000.c1.snap.jpg,1696653000,0.48,2.18
1696696200.c1.snap.jpg,1696696200,0.47,2.44
1696698000.c1.snap.jpg,1696698000,0.43,2.44
1696699800.c1.snap.jpg,1696699800,0.45,2.38
1696701600.c1.snap.jpg,1696701600,0.41,2.18
1696703400.c1.snap.jpg,1696703400,0.41,2.08
1696705200.c1.snap.jpg,1696705200,0.45,2.38
1696707000.c1.snap.jpg,1696707000,0.42,2.28
1696708800.c1.snap.jpg,1696708800,0.45,2.22
1696710600.c1.snap.jpg,1696710600,0.5,2.56
1696712400.c1.snap.jpg,1696712400,0.5,2.62
1696714200.c1.snap.jpg,1696714200,0.47,2.32
1696717800.c1.snap.jpg,1696717800,0.41,2.14
1696719600.c1.snap.jpg,1696719600,0.36,2.08
1696721400.c1.snap.jpg,1696721400,0.38,2.08
1696723200.c1.snap.jpg,1696723200,0.37,2.04
1696725000.c1.snap.jpg,1696725000,0.33,2.0
1696726800.c1.snap.jpg,1696726800,0.34,1.96
1696728600.c1.snap.jpg,1696728600,0.3,5.38
1696730400.c1.snap.jpg,1696730400,0.33,5.38
1696732200.c1.snap.jpg,1696732200,0.33,5.38
1696734000.c1.snap.jpg,1696734000,0.34,5.12
1696735800.c1.snap.jpg,1696735800,0.37,4.88
1696737600.c1.snap.jpg,1696737600,0.37,5.12
1696739400.c1.snap.jpg,1696739400,0.36,4.88
1696782600.c1.snap.jpg,1696782600,0.43,2.18
1696784400.c1.snap.jpg,1696784400,0.41,2.08
1696786200.c1.snap.jpg,1696786200,0.38,2.14
1696797000.c1.snap.jpg,1696797000,0.39,2.18
1696798800.c1.snap.jpg,1696798800,0.35,2.14
1696800600.c1.snap.jpg,1696800600,0.35,2.18
1696802400.c1.snap.jpg,1696802400,0.41,2.18
1696804200.c1.snap.jpg,1696804200,0.37,2.04
1696806000.c1.snap.jpg,1696806000,0.36,2.0
1696807800.c1.snap.jpg,1696807800,0.34,1.86
1696809600.c1.snap.jpg,1696809600,0.33,1.86
1696811400.c1.snap.jpg,1696811400,0.28,1.82
1696813200.c1.snap.jpg,1696813200,0.27,1.74
1696815000.c1.snap.jpg,1696815000,0.25,1.62
1696822200.c1.snap.jpg,1696822200,0.2,4.46
1696824000.c1.snap.jpg,1696824000,0.16,3.94
1696825800.c1.snap.jpg,1696825800,0.16,4.26
1696869000.c1.snap.jpg,1696869000,0.26,4.26
1696870800.c1.snap.jpg,1696870800,0.29,4.26
1696872600.c1.snap.jpg,1696872600,0.3,4.46
1696874400.c1.snap.jpg,1696874400,0.33,4.66
1696876200.c1.snap.jpg,1696876200,0.31,4.88
1696878000.c1.snap.jpg,1696878000,0.3,4.66
1696879800.c1.snap.jpg,1696879800,0.29,4.26
1696881600.c1.snap.jpg,1696881600,0.27,4.66
1696883400.c1.snap.jpg,1696883400,0.27,4.46
1696888800.c1.snap.jpg,1696888800,0.26,2.84
1696890600.c1.snap.jpg,1696890600,0.25,2.92
1696892400.c1.snap.jpg,1696892400,0.3,2.62
1696894200.c1.snap.jpg,1696894200,0.34,2.56
1696899600.c1.snap.jpg,1696899600,0.54,3.42
1696901400.c1.snap.jpg,1696901400,0.56,3.42
1696903200.c1.snap.jpg,1696903200,0.63,3.54
1696905000.c1.snap.jpg,1696905000,0.64,3.54
1696906800.c1.snap.jpg,1696906800,0.63,3.66
1696908600.c1.snap.jpg,1696908600,0.61,3.66
1696910400.c1.snap.jpg,1696910400,0.55,3.54
1696912200.c1.snap.jpg,1696912200,0.49,3.66
1696973400.c1.snap.jpg,1696973400,0.66,4.46
1696977000.c1.snap.jpg,1696977000,0.82,4.26
1696982400.c1.snap.jpg,1696982400,0.7,4.26
1696984200.c1.snap.jpg,1696984200,0.67,4.26
1696986000.c1.snap.jpg,1696986000,0.62,4.1
1696987800.c1.snap.jpg,1696987800,0.57,4.26
1696989600.c1.snap.jpg,1696989600,0.57,4.1
1696991400.c1.snap.jpg,1696991400,0.53,4.26
1696993200.c1.snap.jpg,1696993200,0.55,4.26
1696995000.c1.snap.jpg,1696995000,0.65,4.1
1696996800.c1.snap.jpg,1696996800,0.68,4.46
1696998600.c1.snap.jpg,1696998600,0.7,4.46
1697045400.c1.snap.jpg,1697045400,0.44,3.8
1697047200.c1.snap.jpg,1697047200,0.44,5.12
1697049000.c1.snap.jpg,1697049000,0.44,5.38
1697050800.c1.snap.jpg,1697050800,0.41,4.88
1697052600.c1.snap.jpg,1697052600,0.41,5.12
1697054400.c1.snap.jpg,1697054400,0.41,4.66
1697056200.c1.snap.jpg,1697056200,0.43,4.88
1697058000.c1.snap.jpg,1697058000,0.4,4.88
1697059800.c1.snap.jpg,1697059800,0.39,4.88
1697061600.c1.snap.jpg,1697061600,0.4,4.66
1697063400.c1.snap.jpg,1697063400,0.39,5.12
1697065200.c1.snap.jpg,1697065200,0.53,5.38
1697068800.c1.snap.jpg,1697068800,0.98,4.26
1697072400.c1.snap.jpg,1697072400,1.26,5.38
1697074200.c1.snap.jpg,1697074200,1.25,5.12
1697076000.c1.snap.jpg,1697076000,1.16,5.38
1697077800.c1.snap.jpg,1697077800,1.2,6.4
1697079600.c1.snap.jpg,1697079600,1.14,5.68
1697131800.c1.snap.jpg,1697131800,0.53,4.88
1697133600.c1.snap.jpg,1697133600,0.52,4.66
1697135400.c1.snap.jpg,1697135400,0.51,3.3
1697137200.c1.snap.jpg,1697137200,0.49,4.88
1697140800.c1.snap.jpg,1697140800,0.47,4.46
1697144400.c1.snap.jpg,1697144400,0.38,3.66
1697146200.c1.snap.jpg,1697146200,0.35,3.8
1697148000.c1.snap.jpg,1697148000,0.34,3.54
1697149800.c1.snap.jpg,1697149800,0.32,3.42
1697151600.c1.snap.jpg,1697151600,0.32,3.42
1697153400.c1.snap.jpg,1697153400,0.31,3.2
1697155200.c1.snap.jpg,1697155200,0.31,3.54
1697157000.c1.snap.jpg,1697157000,0.34,3.42
1697158800.c1.snap.jpg,1697158800,0.38,3.54
1697160600.c1.snap.jpg,1697160600,0.4,3.54
1697162400.c1.snap.jpg,1697162400,0.43,3.66
1697166000.c1.snap.jpg,1697166000,0.42,3.66
1697167800.c1.snap.jpg,1697167800,0.45,3.8
1697218200.c1.snap.jpg,1697218200,0.37,3.1
1697220000.c1.snap.jpg,1697220000,0.37,2.92
1697221800.c1.snap.jpg,1697221800,0.36,3.2
1697223600.c1.snap.jpg,1697223600,0.35,3.2
1697225400.c1.snap.jpg,1697225400,0.39,3.54
1697227200.c1.snap.jpg,1697227200,0.41,3.8
1697229000.c1.snap.jpg,1697229000,0.42,3.66
1697230800.c1.snap.jpg,1697230800,0.41,3.94
1697232600.c1.snap.jpg,1697232600,0.41,3.66
1697234400.c1.snap.jpg,1697234400,0.44,3.8
1697238000.c1.snap.jpg,1697238000,0.45,3.66
1697239800.c1.snap.jpg,1697239800,0.46,3.94
1697241600.c1.snap.jpg,1697241600,0.39,3.8
1697243400.c1.snap.jpg,1697243400,0.39,3.66
1697245200.c1.snap.jpg,1697245200,0.37,3.54
1697247000.c1.snap.jpg,1697247000,0.36,3.54
1697248800.c1.snap.jpg,1697248800,0.38,3.66
1697250600.c1.snap.jpg,1697250600,0.38,3.66
1697252400.c1.snap.jpg,1697252400,0.39,3.54
1697254200.c1.snap.jpg,1697254200,0.36,3.8
1697304600.c1.snap.jpg,1697304600,0.22,1.6
1697308200.c1.snap.jpg,1697308200,0.22,14.62
1697310000.c1.snap.jpg,1697310000,0.18,20.48
1697311800.c1.snap.jpg,1697311800,0.17,12.8
1697313600.c1.snap.jpg,1697313600,0.19,14.62
1697315400.c1.snap.jpg,1697315400,0.17,14.62
1697317200.c1.snap.jpg,1697317200,0.24,2.7
1697319000.c1.snap.jpg,1697319000,0.29,2.5
1697320800.c1.snap.jpg,1697320800,0.29,2.7
1697322600.c1.snap.jpg,1697322600,0.27,3.02
1697324400.c1.snap.jpg,1697324400,0.28,2.92
1697326200.c1.snap.jpg,1697326200,0.27,2.92
1697328000.c1.snap.jpg,1697328000,0.28,2.7
1697331600.c1.snap.jpg,1697331600,0.29,2.62
1697337000.c1.snap.jpg,1697337000,0.26,2.44
1697338800.c1.snap.jpg,1697338800,0.26,2.76
1697340600.c1.snap.jpg,1697340600,0.25,2.5
1697391000.c1.snap.jpg,1697391000,0.2,11.38
1697392800.c1.snap.jpg,1697392800,0.2,25.6
1697394600.c1.snap.jpg,1697394600,0.21,11.38
1697396400.c1.snap.jpg,1697396400,0.22,11.38
1697398200.c1.snap.jpg,1697398200,0.25,25.6
1697400000.c1.snap.jpg,1697400000,0.27,11.38
1697401800.c1.snap.jpg,1697401800,0.24,11.38
1697403600.c1.snap.jpg,1697403600,0.23,12.8
1697405400.c1.snap.jpg,1697405400,0.19,5.38
1697407200.c1.snap.jpg,1697407200,0.16,11.38
1697409000.c1.snap.jpg,1697409000,0.17,5.12
1697410800.c1.snap.jpg,1697410800,0.16,25.6
1697412600.c1.snap.jpg,1697412600,0.16,25.6
1697414400.c1.snap.jpg,1697414400,0.17,5.12
1697416200.c1.snap.jpg,1697416200,0.18,1.48
1697418000.c1.snap.jpg,1697418000,0.19,1.6
1697421600.c1.snap.jpg,1697421600,0.19,11.38
1697425200.c1.snap.jpg,1697425200,0.15,10.24
1697427000.c1.snap.jpg,1697427000,0.16,11.38
1697479200.c1.snap.jpg,1697479200,0.23,2.76
1697481000.c1.snap.jpg,1697481000,0.25,2.84
1697482800.c1.snap.jpg,1697482800,0.27,3.2
1697484600.c1.snap.jpg,1697484600,0.31,3.1
1697486400.c1.snap.jpg,1697486400,0.36,3.3
1697488200.c1.snap.jpg,1697488200,0.44,3.42
1697490000.c1.snap.jpg,1697490000,0.47,3.54
1697491800.c1.snap.jpg,1697491800,0.53,3.54
1697493600.c1.snap.jpg,1697493600,0.54,3.8
1697497200.c1.snap.jpg,1697497200,0.62,3.94
1697499000.c1.snap.jpg,1697499000,0.66,3.8
1697500800.c1.snap.jpg,1697500800,0.71,3.94
1697502600.c1.snap.jpg,1697502600,0.67,3.8
1697508000.c1.snap.jpg,1697508000,0.75,4.1
1697509800.c1.snap.jpg,1697509800,0.77,3.8
1697511600.c1.snap.jpg,1697511600,0.74,4.1
1697513400.c1.snap.jpg,1697513400,0.73,4.1
1697567400.c1.snap.jpg,1697567400,0.56,3.8
1697569200.c1.snap.jpg,1697569200,0.53,4.26
1697571000.c1.snap.jpg,1697571000,0.49,4.26
1697572800.c1.snap.jpg,1697572800,0.49,4.1
1697574600.c1.snap.jpg,1697574600,0.48,3.94
1697576400.c1.snap.jpg,1697576400,0.43,3.66
1697578200.c1.snap.jpg,1697578200,0.43,4.88
1697580000.c1.snap.jpg,1697580000,0.46,4.88
1697581800.c1.snap.jpg,1697581800,0.5,3.02
1697583600.c1.snap.jpg,1697583600,0.5,3.42
1697585400.c1.snap.jpg,1697585400,0.48,3.2
1697587200.c1.snap.jpg,1697587200,0.39,2.92
1697589000.c1.snap.jpg,1697589000,0.37,4.88
1697590800.c1.snap.jpg,1697590800,0.34,4.46
1697592600.c1.snap.jpg,1697592600,0.31,4.66
1697594400.c1.snap.jpg,1697594400,0.28,4.66
1697596200.c1.snap.jpg,1697596200,0.29,4.46
1697598000.c1.snap.jpg,1697598000,0.27,4.26
1697738400.c1.snap.jpg,1697738400,1.06,5.68
1697740200.c1.snap.jpg,1697740200,1.01,5.68
1697742000.c1.snap.jpg,1697742000,0.96,5.68
1697747400.c1.snap.jpg,1697747400,0.86,5.12
1697749200.c1.snap.jpg,1697749200,0.85,4.88
1697751000.c1.snap.jpg,1697751000,0.86,4.88
1697752800.c1.snap.jpg,1697752800,0.85,4.88
1697754600.c1.snap.jpg,1697754600,0.83,4.66
1697756400.c1.snap.jpg,1697756400,0.88,4.46
1697758200.c1.snap.jpg,1697758200,0.82,4.26
1697761800.c1.snap.jpg,1697761800,0.79,4.46
1697763600.c1.snap.jpg,1697763600,0.78,3.94
1697765400.c1.snap.jpg,1697765400,0.78,5.12
1697767200.c1.snap.jpg,1697767200,0.79,4.46
1697769000.c1.snap.jpg,1697769000,0.81,3.66
1697770800.c1.snap.jpg,1697770800,0.8,4.88
1697824800.c1.snap.jpg,1697824800,0.49,4.26
1697826600.c1.snap.jpg,1697826600,0.47,4.46
1697828400.c1.snap.jpg,1697828400,0.48,25.6
1697830200.c1.snap.jpg,1697830200,0.63,14.62
1697832000.c1.snap.jpg,1697832000,0.5,4.46
1697833800.c1.snap.jpg,1697833800,0.53,25.6
1697835600.c1.snap.jpg,1697835600,0.55,25.6
1697837400.c1.snap.jpg,1697837400,0.6,25.6
1697839200.c1.snap.jpg,1697839200,0.47,25.6
1697841000.c1.snap.jpg,1697841000,0.52,25.6
1697842800.c1.snap.jpg,1697842800,0.68,25.6
1697846400.c1.snap.jpg,1697846400,0.51,17.06
1697848200.c1.snap.jpg,1697848200,0.43,4.26
1697850000.c1.snap.jpg,1697850000,0.42,25.6
1697851800.c1.snap.jpg,1697851800,0.34,4.26
1697911200.c1.snap.jpg,1697911200,0.42,3.94
1697913000.c1.snap.jpg,1697913000,0.64,25.6
1697914800.c1.snap.jpg,1697914800,0.41,25.6
1697916600.c1.snap.jpg,1697916600,0.42,17.06
1697918400.c1.snap.jpg,1697918400,0.39,25.6
1697920200.c1.snap.jpg,1697920200,1.01,25.6
1697922000.c1.snap.jpg,1697922000,0.81,25.6
1697923800.c1.snap.jpg,1697923800,0.46,25.6
1697925600.c1.snap.jpg,1697925600,0.47,25.6
1697927400.c1.snap.jpg,1697927400,0.8,20.48
1697929200.c1.snap.jpg,1697929200,0.83,3.66
1697931000.c1.snap.jpg,1697931000,0.71,3.94
1697932800.c1.snap.jpg,1697932800,0.69,3.94
1697934600.c1.snap.jpg,1697934600,0.75,4.1
1697936400.c1.snap.jpg,1697936400,0.78,4.1
1697940000.c1.snap.jpg,1697940000,0.86,4.46
1697943600.c1.snap.jpg,1697943600,0.93,4.88
1698084000.c1.snap.jpg,1698084000,0.41,8.54
1698085800.c1.snap.jpg,1698085800,0.39,8.54
1698087600.c1.snap.jpg,1698087600,0.41,7.32
1698089400.c1.snap.jpg,1698089400,0.4,7.88
1698091200.c1.snap.jpg,1698091200,0.41,7.88
1698093000.c1.snap.jpg,1698093000,0.45,3.2
1698096600.c1.snap.jpg,1698096600,0.56,3.42
1698098400.c1.snap.jpg,1698098400,0.31,17.06
1698100200.c1.snap.jpg,1698100200,0.04,20.48
1698102000.c1.snap.jpg,1698102000,0.06,20.48
1698103800.c1.snap.jpg,1698103800,0.11,20.48
1698105600.c1.snap.jpg,1698105600,0.05,20.48
1698107400.c1.snap.jpg,1698107400,0.7,25.6
1698109200.c1.snap.jpg,1698109200,0.09,20.48
1698111000.c1.snap.jpg,1698111000,0.11,20.48
1698112800.c1.snap.jpg,1698112800,0.23,20.48
1698114600.c1.snap.jpg,1698114600,0.2,20.48
1698116400.c1.snap.jpg,1698116400,0.19,25.6
1698170400.c1.snap.jpg,1698170400,0.12,20.48
1698172200.c1.snap.jpg,1698172200,0.11,25.6
1698174000.c1.snap.jpg,1698174000,0.12,25.6
1698175800.c1.snap.jpg,1698175800,0.09,20.48
1698177600.c1.snap.jpg,1698177600,0.22,20.48
1698179400.c1.snap.jpg,1698179400,0.15,20.48
1698181200.c1.snap.jpg,1698181200,0.14,20.48
1698183000.c1.snap.jpg,1698183000,0.11,20.48
1698184800.c1.snap.jpg,1698184800,0.83,25.6
1698186600.c1.snap.jpg,1698186600,0.04,7.32
1717716600.c1.snap.jpg,1717716600,0.08,25.6
1717720200.c1.snap.jpg,1717720200,0.1,25.6
1717722000.c1.snap.jpg,1717722000,0.08,25.6
1717723800.c1.snap.jpg,1717723800,0.07,11.38
1717725600.c1.snap.jpg,1717725600,0.05,25.6
1717727400.c1.snap.jpg,1717727400,0.16,25.6
1717729200.c1.snap.jpg,1717729200,0.14,25.6
1717731000.c1.snap.jpg,1717731000,0.09,20.48
1717732800.c1.snap.jpg,1717732800,0.06,25.6
1717734600.c1.snap.jpg,1717734600,0.14,25.6
1717736400.c1.snap.jpg,1717736400,0.07,17.06
1717738200.c1.snap.jpg,1717738200,0.07,12.8
1717740000.c1.snap.jpg,1717740000,0.11,25.6
1717741800.c1.snap.jpg,1717741800,0.1,25.6
1717743600.c1.snap.jpg,1717743600,0.08,25.6
1717745400.c1.snap.jpg,1717745400,0.13,25.6
1717747200.c1.snap.jpg,1717747200,0.11,25.6
1717749000.c1.snap.jpg,1717749000,0.14,25.6
1717750800.c1.snap.jpg,1717750800,0.05,25.6
1717752600.c1.snap.jpg,1717752600,0.06,20.48
1717754400.c1.snap.jpg,1717754400,0.17,25.6
1717756200.c1.snap.jpg,1717756200,0.05,11.38
1717758000.c1.snap.jpg,1717758000,0.06,14.62
1717759800.c1.snap.jpg,1717759800,0.08,25.6
1717761600.c1.snap.jpg,1717761600,0.08,20.48
1717768800.c1.snap.jpg,1717768800,0.03,25.6
1717770600.c1.snap.jpg,1717770600,0.11,25.6
1717774200.c1.snap.jpg,1717774200,0.11,17.06
1717776000.c1.snap.jpg,1717776000,0.09,25.6
1717777800.c1.snap.jpg,1717777800,0.06,25.6
1717779600.c1.snap.jpg,1717779600,0.13,25.6
1717781400.c1.snap.jpg,1717781400,0.11,20.48
1717783200.c1.snap.jpg,1717783200,0.22,25.6
1717785000.c1.snap.jpg,1717785000,1.9,25.6
1717786800.c1.snap.jpg,1717786800,0.14,17.06
1717788600.c1.snap.jpg,1717788600,0.24,25.6
1717790400.c1.snap.jpg,1717790400,0.17,25.6
1717792200.c1.snap.jpg,1717792200,0.08,12.8
1717794000.c1.snap.jpg,1717794000,0.06,12.8
1717795800.c1.snap.jpg,1717795800,0.06,20.48
1717797600.c1.snap.jpg,1717797600,0.09,20.48
1717799400.c1.snap.jpg,1717799400,0.06,6.4
1717801200.c1.snap.jpg,1717801200,0.06,25.6
1717803000.c1.snap.jpg,1717803000,0.05,25.6
1717804800.c1.snap.jpg,1717804800,0.06,11.38
1717806600.c1.snap.jpg,1717806600,0.08,14.62
1717808400.c1.snap.jpg,1717808400,0.08,11.38
1717810200.c1.snap.jpg,1717810200,0.08,20.48
1717812000.c1.snap.jpg,1717812000,0.08,12.8
1717813800.c1.snap.jpg,1717813800,0.04,10.24
1717815600.c1.snap.jpg,1717815600,0.07,17.06
1717817400.c1.snap.jpg,1717817400,0.13,25.6
1717819200.c1.snap.jpg,1717819200,0.09,9.3
1717821000.c1.snap.jpg,1717821000,0.23,25.6
1717822800.c1.snap.jpg,1717822800,0.19,25.6
1717824600.c1.snap.jpg,1717824600,0.06,25.6
1717826400.c1.snap.jpg,1717826400,0.06,10.24
1717828200.c1.snap.jpg,1717828200,0.12,25.6
1717830000.c1.snap.jpg,1717830000,0.06,25.6
1717831800.c1.snap.jpg,1717831800,0.11,17.06
1717833600.c1.snap.jpg,1717833600,0.05,20.48
1717835400.c1.snap.jpg,1717835400,0.09,14.62
1717837200.c1.snap.jpg,1717837200,0.06,17.06
1717839000.c1.snap.jpg,1717839000,0.11,10.24
1717840800.c1.snap.jpg,1717840800,0.12,14.62
1717842600.c1.snap.jpg,1717842600,0.11,20.48
1717844400.c1.snap.jpg,1717844400,0.12,10.24
1717846200.c1.snap.jpg,1717846200,0.06,10.24
1717848000.c1.snap.jpg,1717848000,0.05,9.3
1717866000.c1.snap.jpg,1717866000,0.11,17.06
1717867800.c1.snap.jpg,1717867800,0.07,20.48
1717869600.c1.snap.jpg,1717869600,0.06,8.54
1717871400.c1.snap.jpg,1717871400,0.09,25.6
1717873200.c1.snap.jpg,1717873200,0.07,9.3
1717876800.c1.snap.jpg,1717876800,0.23,25.6
1717878600.c1.snap.jpg,1717878600,0.08,10.24
1717880400.c1.snap.jpg,1717880400,0.05,25.6
1717882200.c1.snap.jpg,1717882200,0.06,25.6
1717884000.c1.snap.jpg,1717884000,0.1,10.24
1717885800.c1.snap.jpg,1717885800,0.06,20.48
1717887600.c1.snap.jpg,1717887600,0.1,25.6
1717889400.c1.snap.jpg,1717889400,0.11,17.06
1717891200.c1.snap.jpg,1717891200,0.06,10.24
1717893000.c1.snap.jpg,1717893000,0.07,11.38
1717894800.c1.snap.jpg,1717894800,0.06,17.06
1717896600.c1.snap.jpg,1717896600,0.16,20.48
1717898400.c1.snap.jpg,1717898400,0.04,14.62
1717900200.c1.snap.jpg,1717900200,0.07,17.06
1717902000.c1.snap.jpg,1717902000,0.06,17.06
1717903800.c1.snap.jpg,1717903800,0.09,12.8
1717905600.c1.snap.jpg,1717905600,0.12,14.62
1717907400.c1.snap.jpg,1717907400,0.08,17.06
1717909200.c1.snap.jpg,1717909200,0.1,11.38
1717911000.c1.snap.jpg,1717911000,0.08,12.8
1717912800.c1.snap.jpg,1717912800,0.11,6.82
1717914600.c1.snap.jpg,1717914600,0.12,25.6
1717918200.c1.snap.jpg,1717918200,0.06,25.6
1717921800.c1.snap.jpg,1717921800,0.06,25.6
1717923600.c1.snap.jpg,1717923600,0.06,17.06
1717925400.c1.snap.jpg,1717925400,0.06,25.6
1717927200.c1.snap.jpg,1717927200,0.2,25.6
1717929000.c1.snap.jpg,1717929000,0.07,8.54
1717930800.c1.snap.jpg,1717930800,0.11,10.24
1717934400.c1.snap.jpg,1717934400,0.05,8.54
1717941600.c1.snap.jpg,1717941600,0.11,25.6
1717943400.c1.snap.jpg,1717943400,0.09,10.24
1717945200.c1.snap.jpg,1717945200,0.05,14.62
1717948800.c1.snap.jpg,1717948800,0.06,9.3
1717952400.c1.snap.jpg,1717952400,0.09,25.6
1717954200.c1.snap.jpg,1717954200,0.03,20.48
1717956000.c1.snap.jpg,1717956000,0.05,8.54
1717957800.c1.snap.jpg,1717957800,0.07,17.06
1717959600.c1.snap.jpg,1717959600,0.06,25.6
1717961400.c1.snap.jpg,1717961400,0.21,25.6
1717963200.c1.snap.jpg,1717963200,0.09,25.6
1717965000.c1.snap.jpg,1717965000,0.05,20.48
1717966800.c1.snap.jpg,1717966800,0.11,17.06
1717968600.c1.snap.jpg,1717968600,0.93,25.6
1717970400.c1.snap.jpg,1717970400,0.21,25.6
1717972200.c1.snap.jpg,1717972200,0.23,14.62
1717974000.c1.snap.jpg,1717974000,0.15,4.66
1717975800.c1.snap.jpg,1717975800,0.15,6.02
1717979400.c1.snap.jpg,1717979400,0.17,5.38
1717981200.c1.snap.jpg,1717981200,0.18,5.68
1717983000.c1.snap.jpg,1717983000,0.2,5.38
1717984800.c1.snap.jpg,1717984800,0.22,1.62
1717986600.c1.snap.jpg,1717986600,0.26,2.04
1717988400.c1.snap.jpg,1717988400,0.27,2.0
1717990200.c1.snap.jpg,1717990200,0.28,2.22
1717992000.c1.snap.jpg,1717992000,0.29,2.22
1717993800.c1.snap.jpg,1717993800,0.27,2.04
1717995600.c1.snap.jpg,1717995600,0.26,2.18
1717997400.c1.snap.jpg,1717997400,0.24,2.18
1717999200.c1.snap.jpg,1717999200,0.23,2.04
1718001000.c1.snap.jpg,1718001000,0.24,25.6
1718002800.c1.snap.jpg,1718002800,0.24,25.6
1718004600.c1.snap.jpg,1718004600,0.2,25.6
1718006400.c1.snap.jpg,1718006400,0.17,20.48
1718008200.c1.snap.jpg,1718008200,0.17,20.48
1718010000.c1.snap.jpg,1718010000,0.15,4.66
1718011800.c1.snap.jpg,1718011800,0.13,25.6
1718013600.c1.snap.jpg,1718013600,0.14,25.6
1718015400.c1.snap.jpg,1718015400,0.15,5.68
1718017200.c1.snap.jpg,1718017200,0.16,5.38
1718019000.c1.snap.jpg,1718019000,0.2,1.8
1718020800.c1.snap.jpg,1718020800,0.22,2.0
1718028000.c1.snap.jpg,1718028000,0.3,2.18
1718029800.c1.snap.jpg,1718029800,0.3,2.18
1718031600.c1.snap.jpg,1718031600,0.31,2.22
1718033400.c1.snap.jpg,1718033400,0.31,2.38
1718035200.c1.snap.jpg,1718035200,0.29,2.5
1718037000.c1.snap.jpg,1718037000,0.27,2.44
1718038800.c1.snap.jpg,1718038800,0.27,2.32
1718040600.c1.snap.jpg,1718040600,0.28,2.32
1718042400.c1.snap.jpg,1718042400,0.31,2.44
1718044200.c1.snap.jpg,1718044200,0.32,2.44
1718046000.c1.snap.jpg,1718046000,0.29,2.38
1718047800.c1.snap.jpg,1718047800,0.29,2.22
1718049600.c1.snap.jpg,1718049600,0.28,2.32
1718051400.c1.snap.jpg,1718051400,0.26,5.12
1718053200.c1.snap.jpg,1718053200,0.23,4.46
1718055000.c1.snap.jpg,1718055000,0.22,4.66
1718056800.c1.snap.jpg,1718056800,0.22,4.66
1718058600.c1.snap.jpg,1718058600,0.23,4.26
1718060400.c1.snap.jpg,1718060400,0.24,4.1
1718062200.c1.snap.jpg,1718062200,0.26,3.94
1718064000.c1.snap.jpg,1718064000,0.27,3.66
1718065800.c1.snap.jpg,1718065800,0.29,3.42
1718067600.c1.snap.jpg,1718067600,0.3,3.94
1718069400.c1.snap.jpg,1718069400,0.28,3.94
1718071200.c1.snap.jpg,1718071200,0.27,3.54
1718073000.c1.snap.jpg,1718073000,0.26,3.3
1718074800.c1.snap.jpg,1718074800,0.26,3.66
1718076600.c1.snap.jpg,1718076600,0.25,3.8
1718078400.c1.snap.jpg,1718078400,0.22,3.42
1718082000.c1.snap.jpg,1718082000,0.21,3.3
1718085600.c1.snap.jpg,1718085600,0.2,3.42
1718087400.c1.snap.jpg,1718087400,0.2,3.42
1718089200.c1.snap.jpg,1718089200,0.18,3.42
1718091000.c1.snap.jpg,1718091000,0.16,3.3
1718092800.c1.snap.jpg,1718092800,0.16,3.3
1718094600.c1.snap.jpg,1718094600,0.17,3.42
1718096400.c1.snap.jpg,1718096400,0.16,3.54
1718098200.c1.snap.jpg,1718098200,0.15,3.66
1718100000.c1.snap.jpg,1718100000,0.15,3.66
1718101800.c1.snap.jpg,1718101800,0.13,3.8
1718103600.c1.snap.jpg,1718103600,0.13,3.3
1718105400.c1.snap.jpg,1718105400,0.12,3.42
1718107200.c1.snap.jpg,1718107200,0.12,3.2
1718114400.c1.snap.jpg,1718114400,0.19,3.54
1718116200.c1.snap.jpg,1718116200,0.2,3.66
1718118000.c1.snap.jpg,1718118000,0.23,3.3
1718119800.c1.snap.jpg,1718119800,0.25,3.3
1718121600.c1.snap.jpg,1718121600,0.28,3.66
1718123400.c1.snap.jpg,1718123400,0.32,4.46
1718125200.c1.snap.jpg,1718125200,0.38,4.46
1718127000.c1.snap.jpg,1718127000,0.39,4.1
1718128800.c1.snap.jpg,1718128800,0.39,3.94
1718130600.c1.snap.jpg,1718130600,0.41,4.66
1718132400.c1.snap.jpg,1718132400,0.43,4.1
1718134200.c1.snap.jpg,1718134200,0.41,4.66
1718136000.c1.snap.jpg,1718136000,0.46,4.66
1718137800.c1.snap.jpg,1718137800,0.42,4.66
1718141400.c1.snap.jpg,1718141400,0.43,4.88
1718143200.c1.snap.jpg,1718143200,0.44,4.26
1718145000.c1.snap.jpg,1718145000,0.45,4.26
1718146800.c1.snap.jpg,1718146800,0.48,4.46
1718148600.c1.snap.jpg,1718148600,0.5,4.46
1718150400.c1.snap.jpg,1718150400,0.51,4.46
1718152200.c1.snap.jpg,1718152200,0.5,3.94
1718154000.c1.snap.jpg,1718154000,0.5,4.26
1718155800.c1.snap.jpg,1718155800,0.47,4.1
1718157600.c1.snap.jpg,1718157600,0.47,4.46
1718159400.c1.snap.jpg,1718159400,0.44,4.46
1718161200.c1.snap.jpg,1718161200,0.4,4.26
1718163000.c1.snap.jpg,1718163000,0.38,4.26
1718164800.c1.snap.jpg,1718164800,0.36,4.1
1718166600.c1.snap.jpg,1718166600,0.36,4.46
1718168400.c1.snap.jpg,1718168400,0.35,4.88
1718170200.c1.snap.jpg,1718170200,0.32,4.1
1718172000.c1.snap.jpg,1718172000,0.31,4.46
1718173800.c1.snap.jpg,1718173800,0.3,4.46
1718175600.c1.snap.jpg,1718175600,0.29,4.26
1718177400.c1.snap.jpg,1718177400,0.29,4.46
1718179200.c1.snap.jpg,1718179200,0.27,4.46
1718181000.c1.snap.jpg,1718181000,0.28,4.1
1718182800.c1.snap.jpg,1718182800,0.27,4.26
1718186400.c1.snap.jpg,1718186400,0.3,4.26
1718188200.c1.snap.jpg,1718188200,0.32,4.26
1718190000.c1.snap.jpg,1718190000,0.33,2.76
1718191800.c1.snap.jpg,1718191800,0.33,2.84
1718193600.c1.snap.jpg,1718193600,0.32,2.62
1718200800.c1.snap.jpg,1718200800,0.4,3.3
1718202600.c1.snap.jpg,1718202600,0.43,3.2
1718204400.c1.snap.jpg,1718204400,0.47,3.66
1718206200.c1.snap.jpg,1718206200,0.46,3.8
1718208000.c1.snap.jpg,1718208000,0.46,3.42
1718209800.c1.snap.jpg,1718209800,0.45,3.42
1718211600.c1.snap.jpg,1718211600,0.45,3.3
1718213400.c1.snap.jpg,1718213400,0.46,3.42
1718215200.c1.snap.jpg,1718215200,0.48,3.3
1718217000.c1.snap.jpg,1718217000,0.46,3.2
1718218800.c1.snap.jpg,1718218800,0.44,3.42
1718220600.c1.snap.jpg,1718220600,0.43,3.54
1718222400.c1.snap.jpg,1718222400,0.44,3.66
1718224200.c1.snap.jpg,1718224200,0.43,3.8
1718226000.c1.snap.jpg,1718226000,0.46,3.2
1718229600.c1.snap.jpg,1718229600,0.45,4.46
1718233200.c1.snap.jpg,1718233200,0.47,4.26
1718235000.c1.snap.jpg,1718235000,0.44,4.26
1718236800.c1.snap.jpg,1718236800,0.46,4.26
1718238600.c1.snap.jpg,1718238600,0.47,4.1
1718240400.c1.snap.jpg,1718240400,0.48,4.1
1718242200.c1.snap.jpg,1718242200,0.48,3.8
1718244000.c1.snap.jpg,1718244000,0.48,4.1
1718245800.c1.snap.jpg,1718245800,0.47,4.26
1718247600.c1.snap.jpg,1718247600,0.5,4.26
1718249400.c1.snap.jpg,1718249400,0.52,4.26
1718251200.c1.snap.jpg,1718251200,0.5,4.26
1718253000.c1.snap.jpg,1718253000,0.52,3.94
1718254800.c1.snap.jpg,1718254800,0.49,4.26
1718256600.c1.snap.jpg,1718256600,0.46,4.26
1718258400.c1.snap.jpg,1718258400,0.48,4.46
1718260200.c1.snap.jpg,1718260200,0.47,4.26
1718262000.c1.snap.jpg,1718262000,0.45,4.46
1718263800.c1.snap.jpg,1718263800,0.44,4.46
1718265600.c1.snap.jpg,1718265600,0.45,4.46
1718267400.c1.snap.jpg,1718267400,0.45,4.46
1718269200.c1.snap.jpg,1718269200,0.46,4.66
1718271000.c1.snap.jpg,1718271000,0.48,4.46
1718272800.c1.snap.jpg,1718272800,0.48,4.46
1718274600.c1.snap.jpg,1718274600,0.5,4.46
1718276400.c1.snap.jpg,1718276400,0.5,4.66
1718278200.c1.snap.jpg,1718278200,0.51,4.46
1718280000.c1.snap.jpg,1718280000,0.5,4.46
1718287200.c1.snap.jpg,1718287200,0.57,4.66
1718289000.c1.snap.jpg,1718289000,0.58,4.66
1718292600.c1.snap.jpg,1718292600,0.64,4.66
1718294400.c1.snap.jpg,1718294400,0.69,4.66
1718296200.c1.snap.jpg,1718296200,0.62,4.46
1718298000.c1.snap.jpg,1718298000,0.57,4.66
1718299800.c1.snap.jpg,1718299800,0.53,4.66
1718301600.c1.snap.jpg,1718301600,0.5,4.66
1718303400.c1.snap.jpg,1718303400,0.47,4.66
1718305200.c1.snap.jpg,1718305200,0.5,4.88
1718307000.c1.snap.jpg,1718307000,0.5,4.88
1718308800.c1.snap.jpg,1718308800,0.51,4.46
1718310600.c1.snap.jpg,1718310600,0.44,4.46
1718312400.c1.snap.jpg,1718312400,0.39,4.46
1718314200.c1.snap.jpg,1718314200,0.38,4.46
1718316000.c1.snap.jpg,1718316000,0.36,4.46
1718317800.c1.snap.jpg,1718317800,0.35,4.26
1718319600.c1.snap.jpg,1718319600,0.34,4.46
1718321400.c1.snap.jpg,1718321400,0.34,4.1
1718323200.c1.snap.jpg,1718323200,0.35,4.26
1718325000.c1.snap.jpg,1718325000,0.36,4.26
1718326800.c1.snap.jpg,1718326800,0.35,4.26
1718328600.c1.snap.jpg,1718328600,0.36,4.26
1718330400.c1.snap.jpg,1718330400,0.35,4.1
1718332200.c1.snap.jpg,1718332200,0.34,4.1
1718334000.c1.snap.jpg,1718334000,0.34,4.1
1718335800.c1.snap.jpg,1718335800,0.32,3.8
1718337600.c1.snap.jpg,1718337600,0.31,3.94
1718339400.c1.snap.jpg,1718339400,0.28,3.94
1718341200.c1.snap.jpg,1718341200,0.27,3.94
1718343000.c1.snap.jpg,1718343000,0.24,3.8
1718344800.c1.snap.jpg,1718344800,0.22,3.66
1718346600.c1.snap.jpg,1718346600,0.2,3.66
1718348400.c1.snap.jpg,1718348400,0.2,3.66
1718350200.c1.snap.jpg,1718350200,0.2,3.66
1718352000.c1.snap.jpg,1718352000,0.19,3.66
1718353800.c1.snap.jpg,1718353800,0.19,3.42
1718355600.c1.snap.jpg,1718355600,0.18,3.42
1718357400.c1.snap.jpg,1718357400,0.17,3.66
1718359200.c1.snap.jpg,1718359200,0.17,3.2
1718361000.c1.snap.jpg,1718361000,0.18,3.02
1718362800.c1.snap.jpg,1718362800,0.19,3.2
1718364600.c1.snap.jpg,1718364600,0.21,3.2
1718366400.c1.snap.jpg,1718366400,0.2,2.32
1718388000.c1.snap.jpg,1718388000,0.18,2.84
1718389800.c1.snap.jpg,1718389800,0.25,2.5
1718391600.c1.snap.jpg,1718391600,0.26,2.76
1718393400.c1.snap.jpg,1718393400,0.26,2.84
1718397000.c1.snap.jpg,1718397000,0.28,2.62
1718398800.c1.snap.jpg,1718398800,0.29,2.76
1718400600.c1.snap.jpg,1718400600,0.31,3.02
1718402400.c1.snap.jpg,1718402400,0.34,3.1
1718404200.c1.snap.jpg,1718404200,0.31,2.92
1718406000.c1.snap.jpg,1718406000,0.31,2.38
1718407800.c1.snap.jpg,1718407800,0.3,2.5
1718409600.c1.snap.jpg,1718409600,0.31,2.5
1718411400.c1.snap.jpg,1718411400,0.34,3.42
1718413200.c1.snap.jpg,1718413200,0.35,3.3
1718415000.c1.snap.jpg,1718415000,0.34,3.2
1718416800.c1.snap.jpg,1718416800,0.33,3.2
1718418600.c1.snap.jpg,1718418600,0.33,2.92
1718420400.c1.snap.jpg,1718420400,0.32,2.92
1718422200.c1.snap.jpg,1718422200,0.3,3.2
1718424000.c1.snap.jpg,1718424000,0.3,2.76
1718425800.c1.snap.jpg,1718425800,0.31,3.2
1718427600.c1.snap.jpg,1718427600,0.3,2.76
1718429400.c1.snap.jpg,1718429400,0.33,3.1
1718433000.c1.snap.jpg,1718433000,0.33,3.2
1718436600.c1.snap.jpg,1718436600,0.34,3.3
1718438400.c1.snap.jpg,1718438400,0.33,3.42
1718440200.c1.snap.jpg,1718440200,0.33,3.42
1718442000.c1.snap.jpg,1718442000,0.33,3.42
1718443800.c1.snap.jpg,1718443800,0.35,3.54
1718445600.c1.snap.jpg,1718445600,0.36,3.8
1718447400.c1.snap.jpg,1718447400,0.33,3.8
1718449200.c1.snap.jpg,1718449200,0.34,4.1
1718451000.c1.snap.jpg,1718451000,0.31,3.94
1718452800.c1.snap.jpg,1718452800,0.3,3.42
1718460000.c1.snap.jpg,1718460000,0.32,3.66
1718461800.c1.snap.jpg,1718461800,0.34,3.8
1718463600.c1.snap.jpg,1718463600,0.33,3.94
1718465400.c1.snap.jpg,1718465400,0.31,4.1
1718467200.c1.snap.jpg,1718467200,0.34,4.1
1718469000.c1.snap.jpg,1718469000,0.35,3.94
1718470800.c1.snap.jpg,1718470800,0.33,4.1
1718472600.c1.snap.jpg,1718472600,0.32,4.26
1718474400.c1.snap.jpg,1718474400,0.3,4.1
1718478000.c1.snap.jpg,1718478000,0.28,3.94
1718479800.c1.snap.jpg,1718479800,0.26,3.8
1718481600.c1.snap.jpg,1718481600,0.26,3.42
1718483400.c1.snap.jpg,1718483400,0.26,3.66
1718485200.c1.snap.jpg,1718485200,0.27,3.66
1718487000.c1.snap.jpg,1718487000,0.24,3.42
1718488800.c1.snap.jpg,1718488800,0.25,3.54
1718490600.c1.snap.jpg,1718490600,0.26,3.54
1718492400.c1.snap.jpg,1718492400,0.26,2.14
1718494200.c1.snap.jpg,1718494200,0.27,2.18
1718496000.c1.snap.jpg,1718496000,0.26,2.14
1718497800.c1.snap.jpg,1718497800,0.28,2.22
1718499600.c1.snap.jpg,1718499600,0.29,2.28
1718501400.c1.snap.jpg,1718501400,0.31,2.5
1718503200.c1.snap.jpg,1718503200,0.34,2.56
1718505000.c1.snap.jpg,1718505000,0.35,2.7
1718506800.c1.snap.jpg,1718506800,0.35,2.92
1718508600.c1.snap.jpg,1718508600,0.35,3.1
1718510400.c1.snap.jpg,1718510400,0.39,3.02
1718512200.c1.snap.jpg,1718512200,0.33,3.2
1718514000.c1.snap.jpg,1718514000,0.3,3.1
1718517600.c1.snap.jpg,1718517600,0.29,3.02
1718519400.c1.snap.jpg,1718519400,0.3,3.2
1718521200.c1.snap.jpg,1718521200,0.3,3.1
1718523000.c1.snap.jpg,1718523000,0.3,3.02
1718526600.c1.snap.jpg,1718526600,0.31,2.84
1718528400.c1.snap.jpg,1718528400,0.3,3.1
1718530200.c1.snap.jpg,1718530200,0.32,2.92
1718532000.c1.snap.jpg,1718532000,0.37,3.54
1718533800.c1.snap.jpg,1718533800,0.38,3.8
1718535600.c1.snap.jpg,1718535600,0.4,3.66
1718537400.c1.snap.jpg,1718537400,0.39,3.66
1718539200.c1.snap.jpg,1718539200,0.38,3.94
1718578800.c1.snap.jpg,1718578800,0.25,3.42
1718580600.c1.snap.jpg,1718580600,0.25,1.9
1718582400.c1.snap.jpg,1718582400,0.26,2.0
1718584200.c1.snap.jpg,1718584200,0.23,2.08
1718586000.c1.snap.jpg,1718586000,0.25,2.04
1718587800.c1.snap.jpg,1718587800,0.23,2.08
1718589600.c1.snap.jpg,1718589600,0.23,2.04
1718591400.c1.snap.jpg,1718591400,0.22,2.04
1718593200.c1.snap.jpg,1718593200,0.22,2.08
1718595000.c1.snap.jpg,1718595000,0.23,2.22
1718598600.c1.snap.jpg,1718598600,0.2,2.22
1718600400.c1.snap.jpg,1718600400,0.2,25.6
1718602200.c1.snap.jpg,1718602200,0.19,4.1
1718605800.c1.snap.jpg,1718605800,0.2,2.5
1718607600.c1.snap.jpg,1718607600,0.21,2.5
1718609400.c1.snap.jpg,1718609400,0.21,2.44
1718611200.c1.snap.jpg,1718611200,0.23,3.8
1718613000.c1.snap.jpg,1718613000,0.23,3.66
1718614800.c1.snap.jpg,1718614800,0.26,2.0
1718616600.c1.snap.jpg,1718616600,0.29,2.22
1718618400.c1.snap.jpg,1718618400,0.32,2.44
1718620200.c1.snap.jpg,1718620200,0.36,2.44
1718622000.c1.snap.jpg,1718622000,0.37,3.42
1718623800.c1.snap.jpg,1718623800,0.37,2.92
1718625600.c1.snap.jpg,1718625600,0.36,3.42
1718632800.c1.snap.jpg,1718632800,0.36,3.8
1718634600.c1.snap.jpg,1718634600,0.42,3.66
1718636400.c1.snap.jpg,1718636400,0.43,3.66
1718638200.c1.snap.jpg,1718638200,0.47,3.8
1718640000.c1.snap.jpg,1718640000,0.49,4.88
1718641800.c1.snap.jpg,1718641800,0.53,5.12
1718643600.c1.snap.jpg,1718643600,0.48,4.46
1718645400.c1.snap.jpg,1718645400,0.44,4.88
1718647200.c1.snap.jpg,1718647200,0.43,4.88
1718649000.c1.snap.jpg,1718649000,0.44,4.88
1718650800.c1.snap.jpg,1718650800,0.43,4.66
1718652600.c1.snap.jpg,1718652600,0.43,4.66
1718654400.c1.snap.jpg,1718654400,0.43,4.66
1718656200.c1.snap.jpg,1718656200,0.44,4.88
1718658000.c1.snap.jpg,1718658000,0.45,4.88
1718659800.c1.snap.jpg,1718659800,0.41,4.88
1718661600.c1.snap.jpg,1718661600,0.39,4.66
1718663400.c1.snap.jpg,1718663400,0.37,4.66
1718665200.c1.snap.jpg,1718665200,0.34,4.66
1718667000.c1.snap.jpg,1718667000,0.31,4.26
1718668800.c1.snap.jpg,1718668800,0.3,4.88
1718670600.c1.snap.jpg,1718670600,0.26,4.46
1718672400.c1.snap.jpg,1718672400,0.26,4.88
1718674200.c1.snap.jpg,1718674200,0.26,4.66
1718676000.c1.snap.jpg,1718676000,0.23,4.66
1718677800.c1.snap.jpg,1718677800,0.2,4.66
1718679600.c1.snap.jpg,1718679600,0.2,4.66
1718681400.c1.snap.jpg,1718681400,0.16,4.66
1718683200.c1.snap.jpg,1718683200,0.15,4.26
1718685000.c1.snap.jpg,1718685000,0.14,4.46
1718686800.c1.snap.jpg,1718686800,0.16,4.46
1718688600.c1.snap.jpg,1718688600,0.17,4.46
1718690400.c1.snap.jpg,1718690400,0.18,4.46
1718692200.c1.snap.jpg,1718692200,0.18,4.46
1718694000.c1.snap.jpg,1718694000,0.17,4.46
1718695800.c1.snap.jpg,1718695800,0.19,4.46
1718697600.c1.snap.jpg,1718697600,0.18,4.26
1718699400.c1.snap.jpg,1718699400,0.19,4.1
1718701200.c1.snap.jpg,1718701200,0.19,4.26
1718703000.c1.snap.jpg,1718703000,0.19,4.1
1718704800.c1.snap.jpg,1718704800,0.2,4.1
1718706600.c1.snap.jpg,1718706600,0.2,4.1
1718708400.c1.snap.jpg,1718708400,0.2,3.94
1718710200.c1.snap.jpg,1718710200,0.21,3.94
1718712000.c1.snap.jpg,1718712000,0.26,3.66
1718719200.c1.snap.jpg,1718719200,0.32,2.22
1718721000.c1.snap.jpg,1718721000,0.35,2.38
1718722800.c1.snap.jpg,1718722800,0.37,2.5
1718724600.c1.snap.jpg,1718724600,0.38,2.32
1718726400.c1.snap.jpg,1718726400,0.36,2.76
1718728200.c1.snap.jpg,1718728200,0.34,2.84
1718730000.c1.snap.jpg,1718730000,0.34,2.92
1718731800.c1.snap.jpg,1718731800,0.32,2.92
1718733600.c1.snap.jpg,1718733600,0.31,3.02
1718735400.c1.snap.jpg,1718735400,0.34,3.1
1718737200.c1.snap.jpg,1718737200,0.32,3.3
1718739000.c1.snap.jpg,1718739000,0.33,3.54
1718740800.c1.snap.jpg,1718740800,0.36,3.42
1718742600.c1.snap.jpg,1718742600,0.36,3.54
1718744400.c1.snap.jpg,1718744400,0.38,3.8
1718746200.c1.snap.jpg,1718746200,0.41,3.66
1718748000.c1.snap.jpg,1718748000,0.37,3.66
1718749800.c1.snap.jpg,1718749800,0.36,3.66
1718751600.c1.snap.jpg,1718751600,0.36,3.66
1718753400.c1.snap.jpg,1718753400,0.36,3.66
1718755200.c1.snap.jpg,1718755200,0.35,3.54
1718757000.c1.snap.jpg,1718757000,0.37,3.66
1718758800.c1.snap.jpg,1718758800,0.41,3.8
1718760600.c1.snap.jpg,1718760600,0.43,3.66
1718762400.c1.snap.jpg,1718762400,0.4,3.66
1718764200.c1.snap.jpg,1718764200,0.37,3.66
1718766000.c1.snap.jpg,1718766000,0.39,3.66
1718767800.c1.snap.jpg,1718767800,0.33,3.94
1718769600.c1.snap.jpg,1718769600,0.33,3.66
1718771400.c1.snap.jpg,1718771400,0.29,3.8
1718773200.c1.snap.jpg,1718773200,0.27,3.54
1718775000.c1.snap.jpg,1718775000,0.28,3.8
1718776800.c1.snap.jpg,1718776800,0.28,3.8
1718778600.c1.snap.jpg,1718778600,0.3,3.8
1718780400.c1.snap.jpg,1718780400,0.35,3.94
1718782200.c1.snap.jpg,1718782200,0.4,4.1
1718784000.c1.snap.jpg,1718784000,0.43,4.1
1718785800.c1.snap.jpg,1718785800,0.48,4.66
1718787600.c1.snap.jpg,1718787600,0.49,4.66
1718789400.c1.snap.jpg,1718789400,0.51,4.66
1718791200.c1.snap.jpg,1718791200,0.54,4.88
1718793000.c1.snap.jpg,1718793000,0.52,4.46
1718794800.c1.snap.jpg,1718794800,0.47,4.66
1718796600.c1.snap.jpg,1718796600,0.46,4.66
1718798400.c1.snap.jpg,1718798400,0.46,4.46
1718805600.c1.snap.jpg,1718805600,0.5,4.46
1718807400.c1.snap.jpg,1718807400,0.55,5.68
1718809200.c1.snap.jpg,1718809200,0.53,6.02
1718811000.c1.snap.jpg,1718811000,0.58,5.38
1718812800.c1.snap.jpg,1718812800,0.58,5.38
1718814600.c1.snap.jpg,1718814600,0.61,5.68
1718816400.c1.snap.jpg,1718816400,0.64,5.12
1718818200.c1.snap.jpg,1718818200,0.61,5.38
1718820000.c1.snap.jpg,1718820000,0.55,5.38
1718821800.c1.snap.jpg,1718821800,0.53,5.38
1718823600.c1.snap.jpg,1718823600,0.5,5.12
1718825400.c1.snap.jpg,1718825400,0.56,5.12
1718827200.c1.snap.jpg,1718827200,0.49,5.12
1718829000.c1.snap.jpg,1718829000,0.5,5.12
1718830800.c1.snap.jpg,1718830800,0.5,5.12
1718832600.c1.snap.jpg,1718832600,0.46,5.12
1718834400.c1.snap.jpg,1718834400,0.46,4.88
1718836200.c1.snap.jpg,1718836200,0.45,4.66
1718838000.c1.snap.jpg,1718838000,0.4,4.88
1718839800.c1.snap.jpg,1718839800,0.37,4.88
1718841600.c1.snap.jpg,1718841600,0.35,4.88
1718843400.c1.snap.jpg,1718843400,0.33,4.66
1718845200.c1.snap.jpg,1718845200,0.29,4.88
1718847000.c1.snap.jpg,1718847000,0.28,5.12
1718848800.c1.snap.jpg,1718848800,0.24,4.66
1718850600.c1.snap.jpg,1718850600,0.22,4.66
1718852400.c1.snap.jpg,1718852400,0.2,4.66
1718854200.c1.snap.jpg,1718854200,0.2,4.88
1718856000.c1.snap.jpg,1718856000,0.19,4.88
1718857800.c1.snap.jpg,1718857800,0.18,4.66
1718859600.c1.snap.jpg,1718859600,0.17,4.66
1718861400.c1.snap.jpg,1718861400,0.16,4.26
1718863200.c1.snap.jpg,1718863200,0.15,4.46
1718865000.c1.snap.jpg,1718865000,0.15,4.46
1718866800.c1.snap.jpg,1718866800,0.18,4.26
1718868600.c1.snap.jpg,1718868600,0.18,4.26
1718870400.c1.snap.jpg,1718870400,0.17,4.26
1718874000.c1.snap.jpg,1718874000,0.14,4.26
1718875800.c1.snap.jpg,1718875800,0.13,4.1
1718877600.c1.snap.jpg,1718877600,0.13,3.8
1718879400.c1.snap.jpg,1718879400,0.13,3.8
1718881200.c1.snap.jpg,1718881200,0.13,25.6
1718883000.c1.snap.jpg,1718883000,0.13,20.48
1718884800.c1.snap.jpg,1718884800,0.13,25.6
1718892000.c1.snap.jpg,1718892000,0.22,20.48
1718893800.c1.snap.jpg,1718893800,0.21,1.62
1718895600.c1.snap.jpg,1718895600,0.23,1.74
1718897400.c1.snap.jpg,1718897400,0.22,1.8
1718899200.c1.snap.jpg,1718899200,0.19,1.62
1718901000.c1.snap.jpg,1718901000,0.18,1.58
1718902800.c1.snap.jpg,1718902800,0.17,25.6
1718904600.c1.snap.jpg,1718904600,0.15,25.6
1718906400.c1.snap.jpg,1718906400,0.15,20.48
1718910000.c1.snap.jpg,1718910000,0.1,20.48
1718911800.c1.snap.jpg,1718911800,0.08,3.94
1718913600.c1.snap.jpg,1718913600,0.07,3.66
1718915400.c1.snap.jpg,1718915400,0.07,25.6
1718917200.c1.snap.jpg,1718917200,0.08,25.6
1718919000.c1.snap.jpg,1718919000,0.11,20.48
1718920800.c1.snap.jpg,1718920800,0.1,17.06
1718922600.c1.snap.jpg,1718922600,0.13,1.36
1718924400.c1.snap.jpg,1718924400,0.18,25.6
1718926200.c1.snap.jpg,1718926200,0.19,25.6
1718928000.c1.snap.jpg,1718928000,0.17,1.74
1718929800.c1.snap.jpg,1718929800,0.19,1.86
1718931600.c1.snap.jpg,1718931600,0.2,1.7
1718933400.c1.snap.jpg,1718933400,0.21,20.48
1718935200.c1.snap.jpg,1718935200,0.2,1.86
1718937000.c1.snap.jpg,1718937000,0.22,1.96
1718938800.c1.snap.jpg,1718938800,0.25,2.44
1718940600.c1.snap.jpg,1718940600,0.29,2.56
1718942400.c1.snap.jpg,1718942400,0.35,2.76
1718944200.c1.snap.jpg,1718944200,0.35,2.84
1718946000.c1.snap.jpg,1718946000,0.37,2.84
1718947800.c1.snap.jpg,1718947800,0.35,2.92
1718949600.c1.snap.jpg,1718949600,0.36,3.02
1718951400.c1.snap.jpg,1718951400,0.33,3.02
1718953200.c1.snap.jpg,1718953200,0.29,2.84
1718955000.c1.snap.jpg,1718955000,0.29,2.92
1718956800.c1.snap.jpg,1718956800,0.27,2.92
1718958600.c1.snap.jpg,1718958600,0.28,2.92
1718962200.c1.snap.jpg,1718962200,0.29,3.02
1718964000.c1.snap.jpg,1718964000,0.31,2.92
1718965800.c1.snap.jpg,1718965800,0.31,3.02
1718967600.c1.snap.jpg,1718967600,0.3,2.92
1718969400.c1.snap.jpg,1718969400,0.29,2.76
1718978400.c1.snap.jpg,1718978400,0.26,2.62
1718980200.c1.snap.jpg,1718980200,0.26,2.38
1718982000.c1.snap.jpg,1718982000,0.26,2.38
1718983800.c1.snap.jpg,1718983800,0.27,2.84
1718985600.c1.snap.jpg,1718985600,0.28,2.32
1718987400.c1.snap.jpg,1718987400,0.34,2.44
1718989200.c1.snap.jpg,1718989200,0.37,2.76
1718991000.c1.snap.jpg,1718991000,0.38,2.76
1718992800.c1.snap.jpg,1718992800,0.39,2.84
1718994600.c1.snap.jpg,1718994600,0.34,2.84
1718996400.c1.snap.jpg,1718996400,0.31,2.76
1718998200.c1.snap.jpg,1718998200,0.29,2.5
1719000000.c1.snap.jpg,1719000000,0.23,2.32
1719001800.c1.snap.jpg,1719001800,0.22,3.3
1719003600.c1.snap.jpg,1719003600,0.23,3.2
1719005400.c1.snap.jpg,1719005400,0.27,25.6
1719007200.c1.snap.jpg,1719007200,0.31,3.2
1719009000.c1.snap.jpg,1719009000,0.33,2.18
1719010800.c1.snap.jpg,1719010800,0.32,2.32
1719012600.c1.snap.jpg,1719012600,0.27,2.28
1719014400.c1.snap.jpg,1719014400,0.23,2.28
1719016200.c1.snap.jpg,1719016200,0.21,2.22
1719018000.c1.snap.jpg,1719018000,0.2,2.7
1719019800.c1.snap.jpg,1719019800,0.21,1.76
1719021600.c1.snap.jpg,1719021600,0.22,1.82
1719023400.c1.snap.jpg,1719023400,0.19,1.94
1719027000.c1.snap.jpg,1719027000,0.18,2.44
1719028800.c1.snap.jpg,1719028800,0.23,2.56
1719032400.c1.snap.jpg,1719032400,0.27,2.56
1719034200.c1.snap.jpg,1719034200,0.3,2.7
1719036000.c1.snap.jpg,1719036000,0.38,3.02
1719037800.c1.snap.jpg,1719037800,0.53,3.54
1719039600.c1.snap.jpg,1719039600,0.65,3.94
1719041400.c1.snap.jpg,1719041400,0.68,4.1
1719043200.c1.snap.jpg,1719043200,0.76,4.26
1719045000.c1.snap.jpg,1719045000,0.76,4.26
1719046800.c1.snap.jpg,1719046800,0.83,4.46
1719048600.c1.snap.jpg,1719048600,0.78,4.46
1719050400.c1.snap.jpg,1719050400,0.83,4.46
1719054000.c1.snap.jpg,1719054000,0.8,4.1
1719055800.c1.snap.jpg,1719055800,0.73,4.66
1719057600.c1.snap.jpg,1719057600,0.77,4.46
1719064800.c1.snap.jpg,1719064800,0.7,4.46
1719066600.c1.snap.jpg,1719066600,0.67,4.66
1719068400.c1.snap.jpg,1719068400,0.69,4.66
1719072000.c1.snap.jpg,1719072000,0.81,4.88
1719073800.c1.snap.jpg,1719073800,0.81,4.66
1719075600.c1.snap.jpg,1719075600,1.49,25.6
1719077400.c1.snap.jpg,1719077400,0.73,4.46
1719079200.c1.snap.jpg,1719079200,0.8,4.66
1719081000.c1.snap.jpg,1719081000,0.8,4.66
1719082800.c1.snap.jpg,1719082800,0.71,4.66
1719084600.c1.snap.jpg,1719084600,0.66,4.66
1719086400.c1.snap.jpg,1719086400,0.65,4.66
1719088200.c1.snap.jpg,1719088200,0.66,4.66
1719090000.c1.snap.jpg,1719090000,0.6,4.66
1719091800.c1.snap.jpg,1719091800,0.58,4.46
1719093600.c1.snap.jpg,1719093600,0.57,4.46
1719095400.c1.snap.jpg,1719095400,0.54,4.66
1719097200.c1.snap.jpg,1719097200,0.54,4.66
1719099000.c1.snap.jpg,1719099000,0.54,4.46
1719100800.c1.snap.jpg,1719100800,0.5,4.66
1719102600.c1.snap.jpg,1719102600,0.48,4.46
1719104400.c1.snap.jpg,1719104400,0.47,4.46
1719106200.c1.snap.jpg,1719106200,0.47,4.46
1719108000.c1.snap.jpg,1719108000,0.48,4.46
1719109800.c1.snap.jpg,1719109800,0.46,4.46
1719111600.c1.snap.jpg,1719111600,0.5,4.46
1719113400.c1.snap.jpg,1719113400,0.47,3.3
1719115200.c1.snap.jpg,1719115200,0.48,4.26
1719117000.c1.snap.jpg,1719117000,0.54,3.66
1719118800.c1.snap.jpg,1719118800,0.55,3.94
1719120600.c1.snap.jpg,1719120600,0.59,4.26
1719122400.c1.snap.jpg,1719122400,0.62,4.1
1719124200.c1.snap.jpg,1719124200,0.61,4.26
1719126000.c1.snap.jpg,1719126000,0.67,4.26
1719127800.c1.snap.jpg,1719127800,0.73,4.46
1719129600.c1.snap.jpg,1719129600,0.78,4.66
1719131400.c1.snap.jpg,1719131400,0.8,4.46
1719133200.c1.snap.jpg,1719133200,0.84,4.88
1719135000.c1.snap.jpg,1719135000,0.88,5.12
1719136800.c1.snap.jpg,1719136800,0.97,5.38
1719138600.c1.snap.jpg,1719138600,0.91,5.38
1719140400.c1.snap.jpg,1719140400,0.92,5.38
1719142200.c1.snap.jpg,1719142200,0.93,6.02
1719144000.c1.snap.jpg,1719144000,0.94,6.02
1719151200.c1.snap.jpg,1719151200,0.91,4.66
1719153000.c1.snap.jpg,1719153000,0.89,6.02
1719154800.c1.snap.jpg,1719154800,0.85,5.12
1719156600.c1.snap.jpg,1719156600,0.87,4.88
1719158400.c1.snap.jpg,1719158400,0.87,4.66
1719160200.c1.snap.jpg,1719160200,0.95,6.02
1719162000.c1.snap.jpg,1719162000,0.88,5.68
1719163800.c1.snap.jpg,1719163800,0.82,5.68
1719165600.c1.snap.jpg,1719165600,0.7,5.38
1719167400.c1.snap.jpg,1719167400,0.69,5.68
1719169200.c1.snap.jpg,1719169200,0.71,5.68
1719171000.c1.snap.jpg,1719171000,0.69,5.68
1719172800.c1.snap.jpg,1719172800,0.77,5.68
1719174600.c1.snap.jpg,1719174600,0.71,5.68
1719176400.c1.snap.jpg,1719176400,0.68,5.68
1719178200.c1.snap.jpg,1719178200,0.69,5.68
1719180000.c1.snap.jpg,1719180000,0.67,5.68
1719181800.c1.snap.jpg,1719181800,0.6,5.68
1719183600.c1.snap.jpg,1719183600,0.64,5.68
1719185400.c1.snap.jpg,1719185400,0.59,5.68
1719187200.c1.snap.jpg,1719187200,0.58,5.68
1719189000.c1.snap.jpg,1719189000,0.59,5.68
1719190800.c1.snap.jpg,1719190800,0.59,5.38
1719192600.c1.snap.jpg,1719192600,0.68,5.38
1719194400.c1.snap.jpg,1719194400,0.67,3.54
1719196200.c1.snap.jpg,1719196200,0.64,3.42
1719198000.c1.snap.jpg,1719198000,0.58,3.54
1719199800.c1.snap.jpg,1719199800,0.56,3.2
1719201600.c1.snap.jpg,1719201600,0.55,3.66
1719203400.c1.snap.jpg,1719203400,0.55,3.8
1719205200.c1.snap.jpg,1719205200,0.56,3.8
1719207000.c1.snap.jpg,1719207000,0.59,3.8
1719208800.c1.snap.jpg,1719208800,0.59,3.8
1719210600.c1.snap.jpg,1719210600,0.59,3.66
1719212400.c1.snap.jpg,1719212400,0.57,3.94
1719214200.c1.snap.jpg,1719214200,0.6,4.1
1719216000.c1.snap.jpg,1719216000,0.57,3.94
1719217800.c1.snap.jpg,1719217800,0.56,4.1
1719219600.c1.snap.jpg,1719219600,0.57,4.1
1719221400.c1.snap.jpg,1719221400,0.63,4.46
1719223200.c1.snap.jpg,1719223200,0.63,4.46
1719225000.c1.snap.jpg,1719225000,0.6,4.66
1719226800.c1.snap.jpg,1719226800,0.58,4.46
1719228600.c1.snap.jpg,1719228600,0.6,4.46
1719230400.c1.snap.jpg,1719230400,0.6,4.46
1719237600.c1.snap.jpg,1719237600,0.56,4.26
1719239400.c1.snap.jpg,1719239400,0.55,4.66
1719243000.c1.snap.jpg,1719243000,0.58,4.1
1719246600.c1.snap.jpg,1719246600,0.52,5.38
1719248400.c1.snap.jpg,1719248400,0.53,5.68
1719250200.c1.snap.jpg,1719250200,0.48,5.38
1719252000.c1.snap.jpg,1719252000,0.47,5.38
1719253800.c1.snap.jpg,1719253800,0.5,5.38
1719255600.c1.snap.jpg,1719255600,0.47,5.38
1719257400.c1.snap.jpg,1719257400,0.46,5.38
1719259200.c1.snap.jpg,1719259200,0.49,5.12
1719261000.c1.snap.jpg,1719261000,0.47,5.12
1719262800.c1.snap.jpg,1719262800,0.53,5.12
1719264600.c1.snap.jpg,1719264600,0.51,4.88
1719266400.c1.snap.jpg,1719266400,0.48,5.12
1719268200.c1.snap.jpg,1719268200,0.5,5.12
1719270000.c1.snap.jpg,1719270000,0.51,5.12
1719271800.c1.snap.jpg,1719271800,0.47,5.12
1719273600.c1.snap.jpg,1719273600,0.45,4.88
1719275400.c1.snap.jpg,1719275400,0.46,5.12
1719277200.c1.snap.jpg,1719277200,0.45,5.12
1719279000.c1.snap.jpg,1719279000,0.47,5.12
1719280800.c1.snap.jpg,1719280800,0.45,5.12
1719282600.c1.snap.jpg,1719282600,0.43,4.88
1719284400.c1.snap.jpg,1719284400,0.43,2.5
1719286200.c1.snap.jpg,1719286200,0.41,2.62
1719288000.c1.snap.jpg,1719288000,0.39,5.12
1719289800.c1.snap.jpg,1719289800,0.34,5.12
1719291600.c1.snap.jpg,1719291600,0.33,5.12
1719293400.c1.snap.jpg,1719293400,0.3,4.88
1719295200.c1.snap.jpg,1719295200,0.29,5.12
1719297000.c1.snap.jpg,1719297000,0.29,4.88
1719298800.c1.snap.jpg,1719298800,0.26,5.12
1719300600.c1.snap.jpg,1719300600,0.28,4.88
1719302400.c1.snap.jpg,1719302400,0.25,4.88
1719304200.c1.snap.jpg,1719304200,0.24,4.66
1719306000.c1.snap.jpg,1719306000,0.24,4.66
1719307800.c1.snap.jpg,1719307800,0.23,4.46
1719309600.c1.snap.jpg,1719309600,0.22,4.66
1719311400.c1.snap.jpg,1719311400,0.22,4.46
1719313200.c1.snap.jpg,1719313200,0.22,4.46
1719315000.c1.snap.jpg,1719315000,0.21,4.26
1719316800.c1.snap.jpg,1719316800,0.2,4.26
1719324000.c1.snap.jpg,1719324000,0.2,3.94
1719325800.c1.snap.jpg,1719325800,0.23,1.9
1719327600.c1.snap.jpg,1719327600,0.24,3.8
1719329400.c1.snap.jpg,1719329400,0.26,1.94
1719331200.c1.snap.jpg,1719331200,0.28,2.08
1719333000.c1.snap.jpg,1719333000,0.26,1.9
1719334800.c1.snap.jpg,1719334800,0.25,1.82
1719336600.c1.snap.jpg,1719336600,0.28,1.96
1719338400.c1.snap.jpg,1719338400,0.27,1.82
1719340200.c1.snap.jpg,1719340200,0.25,1.94
1719342000.c1.snap.jpg,1719342000,0.21,1.68
1719343800.c1.snap.jpg,1719343800,0.16,25.6
1719345600.c1.snap.jpg,1719345600,0.14,3.94
1719347400.c1.snap.jpg,1719347400,0.21,20.48
1719349200.c1.snap.jpg,1719349200,0.24,20.48
1719351000.c1.snap.jpg,1719351000,0.23,20.48
1719352800.c1.snap.jpg,1719352800,0.2,3.94
1719354600.c1.snap.jpg,1719354600,0.19,25.6
1719356400.c1.snap.jpg,1719356400,0.23,20.48
1719358200.c1.snap.jpg,1719358200,0.23,3.94
1719360000.c1.snap.jpg,1719360000,0.3,2.22
1719361800.c1.snap.jpg,1719361800,0.29,2.38
1719363600.c1.snap.jpg,1719363600,0.27,2.28
1719365400.c1.snap.jpg,1719365400,0.28,2.38
1719367200.c1.snap.jpg,1719367200,0.26,2.44
1719370800.c1.snap.jpg,1719370800,0.31,2.38
1719372600.c1.snap.jpg,1719372600,0.3,2.38
1719374400.c1.snap.jpg,1719374400,0.29,2.38
1719376200.c1.snap.jpg,1719376200,0.29,2.32
1719378000.c1.snap.jpg,1719378000,0.28,2.28
1719379800.c1.snap.jpg,1719379800,0.28,2.5
1719381600.c1.snap.jpg,1719381600,0.28,2.32
1719385200.c1.snap.jpg,1719385200,0.22,2.38
1719387000.c1.snap.jpg,1719387000,0.22,2.38
1719388800.c1.snap.jpg,1719388800,0.22,2.38
1719390600.c1.snap.jpg,1719390600,0.18,2.28
1719392400.c1.snap.jpg,1719392400,0.15,2.5
1719394200.c1.snap.jpg,1719394200,0.12,2.38
1719396000.c1.snap.jpg,1719396000,0.11,2.28
1719397800.c1.snap.jpg,1719397800,0.16,25.6
1719399600.c1.snap.jpg,1719399600,0.15,1.5
1719401400.c1.snap.jpg,1719401400,0.17,1.48
1719403200.c1.snap.jpg,1719403200,0.21,1.76
1719410400.c1.snap.jpg,1719410400,0.22,1.9
1719412200.c1.snap.jpg,1719412200,0.22,20.48
1719415800.c1.snap.jpg,1719415800,0.2,1.74
1719419400.c1.snap.jpg,1719419400,0.27,2.0
1719421200.c1.snap.jpg,1719421200,0.28,2.04
1719423000.c1.snap.jpg,1719423000,0.36,2.18
1719424800.c1.snap.jpg,1719424800,0.32,2.18
1719426600.c1.snap.jpg,1719426600,0.33,2.18
1719428400.c1.snap.jpg,1719428400,0.28,1.96
1719430200.c1.snap.jpg,1719430200,0.34,2.18
1719432000.c1.snap.jpg,1719432000,0.42,2.44
1719433800.c1.snap.jpg,1719433800,0.43,2.62
1719435600.c1.snap.jpg,1719435600,0.38,2.56
1719439200.c1.snap.jpg,1719439200,0.36,2.28
1719441000.c1.snap.jpg,1719441000,0.33,2.38
1719442800.c1.snap.jpg,1719442800,0.36,2.32
1719444600.c1.snap.jpg,1719444600,0.44,2.44
1719446400.c1.snap.jpg,1719446400,0.45,2.44
1719448200.c1.snap.jpg,1719448200,0.53,20.48
1719450000.c1.snap.jpg,1719450000,0.56,25.6
1719451800.c1.snap.jpg,1719451800,0.47,2.76
1719453600.c1.snap.jpg,1719453600,0.41,2.7
1719455400.c1.snap.jpg,1719455400,0.39,2.84
1719457200.c1.snap.jpg,1719457200,0.36,2.7
1719459000.c1.snap.jpg,1719459000,0.31,2.44
1719460800.c1.snap.jpg,1719460800,0.28,2.32
1719462600.c1.snap.jpg,1719462600,0.26,20.48
1719464400.c1.snap.jpg,1719464400,0.27,2.38
1719466200.c1.snap.jpg,1719466200,0.28,2.38
1719468000.c1.snap.jpg,1719468000,0.24,2.28
1719469800.c1.snap.jpg,1719469800,0.22,2.7
1719471600.c1.snap.jpg,1719471600,0.23,2.44
1719473400.c1.snap.jpg,1719473400,0.24,2.38
1719475200.c1.snap.jpg,1719475200,0.23,2.7
1719477000.c1.snap.jpg,1719477000,0.23,10.24
1719478800.c1.snap.jpg,1719478800,0.23,10.24
1719480600.c1.snap.jpg,1719480600,0.21,10.24
1719482400.c1.snap.jpg,1719482400,0.19,10.24
1719484200.c1.snap.jpg,1719484200,0.16,10.24
1719486000.c1.snap.jpg,1719486000,0.15,10.24
1719487800.c1.snap.jpg,1719487800,0.12,9.3
1719489600.c1.snap.jpg,1719489600,0.15,10.24
1719496800.c1.snap.jpg,1719496800,0.12,10.24
1719498600.c1.snap.jpg,1719498600,0.13,25.6
1719500400.c1.snap.jpg,1719500400,0.14,25.6
1719502200.c1.snap.jpg,1719502200,0.14,20.48
1719504000.c1.snap.jpg,1719504000,0.16,10.24
1719505800.c1.snap.jpg,1719505800,0.18,20.48
1719507600.c1.snap.jpg,1719507600,0.2,2.92
1719509400.c1.snap.jpg,1719509400,0.22,2.92
1719511200.c1.snap.jpg,1719511200,0.22,3.54
1719513000.c1.snap.jpg,1719513000,0.21,3.42
1719514800.c1.snap.jpg,1719514800,0.18,3.66
1719516600.c1.snap.jpg,1719516600,0.14,3.42
1719518400.c1.snap.jpg,1719518400,0.13,3.42
1719520200.c1.snap.jpg,1719520200,0.13,3.42
1719522000.c1.snap.jpg,1719522000,0.16,20.48
1719523800.c1.snap.jpg,1719523800,0.15,11.38
1719525600.c1.snap.jpg,1719525600,0.14,10.24
1719527400.c1.snap.jpg,1719527400,0.13,10.24
1719529200.c1.snap.jpg,1719529200,0.15,10.24
1719531000.c1.snap.jpg,1719531000,0.18,10.24
1719532800.c1.snap.jpg,1719532800,0.22,10.24
1719534600.c1.snap.jpg,1719534600,0.19,10.24
1719536400.c1.snap.jpg,1719536400,0.17,10.24
1719538200.c1.snap.jpg,1719538200,0.18,11.38
1719540000.c1.snap.jpg,1719540000,0.17,2.22
1719541800.c1.snap.jpg,1719541800,0.18,2.22
1719543600.c1.snap.jpg,1719543600,0.23,2.44
1719545400.c1.snap.jpg,1719545400,0.29,3.02
1719547200.c1.snap.jpg,1719547200,0.33,3.02
1719549000.c1.snap.jpg,1719549000,0.43,3.02
1719550800.c1.snap.jpg,1719550800,0.47,3.2
1719552600.c1.snap.jpg,1719552600,0.44,3.1
1719554400.c1.snap.jpg,1719554400,0.36,3.2
1719556200.c1.snap.jpg,1719556200,0.35,3.02
1719558000.c1.snap.jpg,1719558000,0.3,2.76
1719559800.c1.snap.jpg,1719559800,0.29,2.56
1719561600.c1.snap.jpg,1719561600,0.27,2.5
1719563400.c1.snap.jpg,1719563400,0.25,2.5
1719565200.c1.snap.jpg,1719565200,0.23,2.44
1719567000.c1.snap.jpg,1719567000,0.21,2.44
1719568800.c1.snap.jpg,1719568800,0.2,2.28
1719570600.c1.snap.jpg,1719570600,0.17,9.3
1719572400.c1.snap.jpg,1719572400,0.2,2.0
1719574200.c1.snap.jpg,1719574200,0.26,25.6
1719576000.c1.snap.jpg,1719576000,0.28,20.48
1719583200.c1.snap.jpg,1719583200,0.24,25.6
1719585000.c1.snap.jpg,1719585000,0.25,25.6
1719586800.c1.snap.jpg,1719586800,0.29,2.56
1719588600.c1.snap.jpg,1719588600,0.34,2.7
1719590400.c1.snap.jpg,1719590400,0.37,2.62
1719592200.c1.snap.jpg,1719592200,0.36,2.7
1719594000.c1.snap.jpg,1719594000,0.4,2.84
1719595800.c1.snap.jpg,1719595800,0.41,2.92
1719597600.c1.snap.jpg,1719597600,0.44,2.7
1719599400.c1.snap.jpg,1719599400,0.4,2.76
1719601200.c1.snap.jpg,1719601200,0.37,2.7
1719603000.c1.snap.jpg,1719603000,0.33,2.56
1719604800.c1.snap.jpg,1719604800,0.27,2.32
1719606600.c1.snap.jpg,1719606600,0.21,2.38
1719608400.c1.snap.jpg,1719608400,0.19,2.14
1719610200.c1.snap.jpg,1719610200,0.18,2.28
1719612000.c1.snap.jpg,1719612000,0.18,2.14
1719613800.c1.snap.jpg,1719613800,0.18,25.6
1719615600.c1.snap.jpg,1719615600,0.17,9.3
1719617400.c1.snap.jpg,1719617400,0.15,10.24
1719619200.c1.snap.jpg,1719619200,0.13,9.3
1719621000.c1.snap.jpg,1719621000,0.13,10.24
1719622800.c1.snap.jpg,1719622800,0.13,10.24
1719624600.c1.snap.jpg,1719624600,0.12,10.24
1719626400.c1.snap.jpg,1719626400,0.11,2.08
1719628200.c1.snap.jpg,1719628200,0.14,10.24
1719630000.c1.snap.jpg,1719630000,0.17,10.24
1719633600.c1.snap.jpg,1719633600,0.21,2.14
1719635400.c1.snap.jpg,1719635400,0.22,2.22
1719637200.c1.snap.jpg,1719637200,0.23,2.04
1719639000.c1.snap.jpg,1719639000,0.22,2.28
1719640800.c1.snap.jpg,1719640800,0.23,2.38
1719642600.c1.snap.jpg,1719642600,0.2,2.28
1719644400.c1.snap.jpg,1719644400,0.19,2.44
1719646200.c1.snap.jpg,1719646200,0.17,2.32
1719648000.c1.snap.jpg,1719648000,0.17,2.32
1719649800.c1.snap.jpg,1719649800,0.16,2.32
1719651600.c1.snap.jpg,1719651600,0.18,2.5
1719653400.c1.snap.jpg,1719653400,0.19,2.56
1719655200.c1.snap.jpg,1719655200,0.19,2.7
1719657000.c1.snap.jpg,1719657000,0.19,2.62
1719658800.c1.snap.jpg,1719658800,0.18,2.76
1719660600.c1.snap.jpg,1719660600,0.2,2.92
1719662400.c1.snap.jpg,1719662400,0.22,25.6
1719669600.c1.snap.jpg,1719669600,0.2,25.6
1719671400.c1.snap.jpg,1719671400,0.21,1.82
1719673200.c1.snap.jpg,1719673200,0.22,1.86
1719675000.c1.snap.jpg,1719675000,0.22,1.82
1719676800.c1.snap.jpg,1719676800,0.21,1.8
1719678600.c1.snap.jpg,1719678600,0.19,1.68
1719680400.c1.snap.jpg,1719680400,0.19,1.68
1719682200.c1.snap.jpg,1719682200,0.17,1.6
1719684000.c1.snap.jpg,1719684000,0.16,20.48
1719685800.c1.snap.jpg,1719685800,0.15,9.3
1719687600.c1.snap.jpg,1719687600,0.12,10.24
1719689400.c1.snap.jpg,1719689400,0.11,20.48
1719691200.c1.snap.jpg,1719691200,0.09,9.3
1719693000.c1.snap.jpg,1719693000,0.08,9.3
1719694800.c1.snap.jpg,1719694800,0.08,9.3
1719696600.c1.snap.jpg,1719696600,0.1,4.26
1719698400.c1.snap.jpg,1719698400,0.12,4.26
1719700200.c1.snap.jpg,1719700200,0.1,9.3
1719702000.c1.snap.jpg,1719702000,0.11,4.1
1719703800.c1.snap.jpg,1719703800,0.12,25.6
1719705600.c1.snap.jpg,1719705600,0.14,25.6
1719707400.c1.snap.jpg,1719707400,0.13,9.3
1719709200.c1.snap.jpg,1719709200,0.15,17.06
1719712800.c1.snap.jpg,1719712800,0.21,25.6
1719714600.c1.snap.jpg,1719714600,0.26,2.56
1719716400.c1.snap.jpg,1719716400,0.27,2.84
1719718200.c1.snap.jpg,1719718200,0.24,2.76
1719720000.c1.snap.jpg,1719720000,0.2,2.76
1719721800.c1.snap.jpg,1719721800,0.17,2.7
1719723600.c1.snap.jpg,1719723600,0.15,2.62
1719725400.c1.snap.jpg,1719725400,0.14,2.92
1719727200.c1.snap.jpg,1719727200,0.14,2.62
1719729000.c1.snap.jpg,1719729000,0.14,2.56
1719730800.c1.snap.jpg,1719730800,0.15,2.7
1719734400.c1.snap.jpg,1719734400,0.13,2.62
1719736200.c1.snap.jpg,1719736200,0.11,2.38
1719738000.c1.snap.jpg,1719738000,0.1,2.56
1719739800.c1.snap.jpg,1719739800,0.1,2.44
1719741600.c1.snap.jpg,1719741600,0.1,2.38
1719743400.c1.snap.jpg,1719743400,0.13,2.38
1719745200.c1.snap.jpg,1719745200,0.16,25.6
1719747000.c1.snap.jpg,1719747000,0.14,2.5
1719748800.c1.snap.jpg,1719748800,0.14,2.44
1719756000.c1.snap.jpg,1719756000,0.12,20.48
1719757800.c1.snap.jpg,1719757800,0.1,1.44
1719759600.c1.snap.jpg,1719759600,0.13,25.6
1719761400.c1.snap.jpg,1719761400,0.12,1.46
1719763200.c1.snap.jpg,1719763200,0.12,25.6
1719765000.c1.snap.jpg,1719765000,0.08,25.6
1719766800.c1.snap.jpg,1719766800,0.1,25.6
1719768600.c1.snap.jpg,1719768600,0.08,8.54
1719770400.c1.snap.jpg,1719770400,0.09,20.48
1719772200.c1.snap.jpg,1719772200,0.08,3.66
1719774000.c1.snap.jpg,1719774000,0.07,3.54
1719775800.c1.snap.jpg,1719775800,0.07,3.42
1719777600.c1.snap.jpg,1719777600,0.08,3.94
1719779400.c1.snap.jpg,1719779400,0.09,25.6
1719781200.c1.snap.jpg,1719781200,0.11,3.54
1719783000.c1.snap.jpg,1719783000,0.13,25.6
1719784800.c1.snap.jpg,1719784800,0.13,3.1
1719786600.c1.snap.jpg,1719786600,0.14,25.6
1719788400.c1.snap.jpg,1719788400,0.15,17.06
1719792000.c1.snap.jpg,1719792000,0.18,25.6
1719793800.c1.snap.jpg,1719793800,0.19,1.7
1719795600.c1.snap.jpg,1719795600,0.19,1.76
1719797400.c1.snap.jpg,1719797400,0.2,1.82
1719799200.c1.snap.jpg,1719799200,0.2,1.94
1719801000.c1.snap.jpg,1719801000,0.21,1.86
1719802800.c1.snap.jpg,1719802800,0.22,2.14
1719804600.c1.snap.jpg,1719804600,0.22,1.9
1719806400.c1.snap.jpg,1719806400,0.19,1.9
1719808200.c1.snap.jpg,1719808200,0.18,2.22
1719810000.c1.snap.jpg,1719810000,0.18,2.28
1719811800.c1.snap.jpg,1719811800,0.18,2.44
1719813600.c1.snap.jpg,1719813600,0.17,2.56
1719815400.c1.snap.jpg,1719815400,0.18,2.44
1719817200.c1.snap.jpg,1719817200,0.19,2.44
1719819000.c1.snap.jpg,1719819000,0.21,2.76
1719820800.c1.snap.jpg,1719820800,0.23,2.7
1719822600.c1.snap.jpg,1719822600,0.23,2.7
1719824400.c1.snap.jpg,1719824400,0.24,2.92
1719826200.c1.snap.jpg,1719826200,0.23,3.02
1719828000.c1.snap.jpg,1719828000,0.26,1.96
1719829800.c1.snap.jpg,1719829800,0.25,3.02
1719831600.c1.snap.jpg,1719831600,0.3,2.22
1719833400.c1.snap.jpg,1719833400,0.51,2.56
1719835200.c1.snap.jpg,1719835200,0.53,3.02
1719842400.c1.snap.jpg,1719842400,0.59,3.54
1719844200.c1.snap.jpg,1719844200,0.54,3.42
1719846000.c1.snap.jpg,1719846000,0.45,3.42
1719847800.c1.snap.jpg,1719847800,0.44,3.3
1719849600.c1.snap.jpg,1719849600,0.44,3.3
1719851400.c1.snap.jpg,1719851400,0.46,3.42
1719853200.c1.snap.jpg,1719853200,0.44,3.42
1719855000.c1.snap.jpg,1719855000,0.4,3.66
1719856800.c1.snap.jpg,1719856800,0.38,3.54
1719858600.c1.snap.jpg,1719858600,0.34,3.54
1719860400.c1.snap.jpg,1719860400,0.32,3.54
1719862200.c1.snap.jpg,1719862200,0.3,3.2
1719864000.c1.snap.jpg,1719864000,0.28,3.3
1719865800.c1.snap.jpg,1719865800,0.25,3.2
1719867600.c1.snap.jpg,1719867600,0.25,3.3
1719869400.c1.snap.jpg,1719869400,0.25,3.2
1719871200.c1.snap.jpg,1719871200,0.21,3.3
1719873000.c1.snap.jpg,1719873000,0.21,3.3
1719874800.c1.snap.jpg,1719874800,0.2,3.2
1719876600.c1.snap.jpg,1719876600,0.18,2.92
1719878400.c1.snap.jpg,1719878400,0.18,2.92
1719880200.c1.snap.jpg,1719880200,0.17,2.76
1719882000.c1.snap.jpg,1719882000,0.16,2.76
1719883800.c1.snap.jpg,1719883800,0.15,2.62
1719885600.c1.snap.jpg,1719885600,0.17,20.48
1719887400.c1.snap.jpg,1719887400,0.15,3.02
1719889200.c1.snap.jpg,1719889200,0.17,3.1
1719891000.c1.snap.jpg,1719891000,0.19,3.02
1719892800.c1.snap.jpg,1719892800,0.22,3.1
1719894600.c1.snap.jpg,1719894600,0.22,3.02
1719896400.c1.snap.jpg,1719896400,0.24,3.1
1719898200.c1.snap.jpg,1719898200,0.24,3.2
1719900000.c1.snap.jpg,1719900000,0.27,3.02
1719901800.c1.snap.jpg,1719901800,0.31,3.2
1719903600.c1.snap.jpg,1719903600,0.36,3.2
1719905400.c1.snap.jpg,1719905400,0.41,3.42
1719907200.c1.snap.jpg,1719907200,0.43,3.42
1719909000.c1.snap.jpg,1719909000,0.43,3.3
1719910800.c1.snap.jpg,1719910800,0.43,3.42
1719912600.c1.snap.jpg,1719912600,0.42,3.3
1719914400.c1.snap.jpg,1719914400,0.41,3.54
1719916200.c1.snap.jpg,1719916200,0.38,3.8
1719918000.c1.snap.jpg,1719918000,0.37,3.8
1719919800.c1.snap.jpg,1719919800,0.38,3.66
1719921600.c1.snap.jpg,1719921600,0.35,4.1
1719928800.c1.snap.jpg,1719928800,0.33,4.1
1719930600.c1.snap.jpg,1719930600,0.34,4.46
1719932400.c1.snap.jpg,1719932400,0.36,4.66
1719934200.c1.snap.jpg,1719934200,0.41,4.46
1719936000.c1.snap.jpg,1719936000,0.58,4.46
1719937800.c1.snap.jpg,1719937800,0.75,3.8
1719939600.c1.snap.jpg,1719939600,1.06,25.6
1719943200.c1.snap.jpg,1719943200,0.67,3.94
1719945000.c1.snap.jpg,1719945000,0.67,4.1
1719946800.c1.snap.jpg,1719946800,0.58,3.94
1719948600.c1.snap.jpg,1719948600,0.56,3.94
1719950400.c1.snap.jpg,1719950400,0.55,3.94
1719952200.c1.snap.jpg,1719952200,0.58,3.8
1719954000.c1.snap.jpg,1719954000,0.64,3.94
1719955800.c1.snap.jpg,1719955800,0.63,4.1
1719957600.c1.snap.jpg,1719957600,0.66,4.26
1719959400.c1.snap.jpg,1719959400,0.63,4.46
1719961200.c1.snap.jpg,1719961200,0.55,4.26
1719963000.c1.snap.jpg,1719963000,0.52,4.46
1719966600.c1.snap.jpg,1719966600,0.59,4.46
1719968400.c1.snap.jpg,1719968400,0.58,4.66
1719970200.c1.snap.jpg,1719970200,0.61,4.66
1719972000.c1.snap.jpg,1719972000,0.67,4.66
1719973800.c1.snap.jpg,1719973800,0.75,4.88
1719975600.c1.snap.jpg,1719975600,0.82,5.68
1719977400.c1.snap.jpg,1719977400,0.87,5.68
1719979200.c1.snap.jpg,1719979200,0.97,6.02
1719981000.c1.snap.jpg,1719981000,0.92,6.4
1719982800.c1.snap.jpg,1719982800,0.97,6.4
1719984600.c1.snap.jpg,1719984600,0.97,6.4
1719986400.c1.snap.jpg,1719986400,0.95,6.4
1719988200.c1.snap.jpg,1719988200,1.04,6.4
1719990000.c1.snap.jpg,1719990000,0.98,6.4
1719991800.c1.snap.jpg,1719991800,0.95,6.4
1719993600.c1.snap.jpg,1719993600,0.95,6.82
1719995400.c1.snap.jpg,1719995400,1.07,4.66
1719997200.c1.snap.jpg,1719997200,1.05,6.4
1719999000.c1.snap.jpg,1719999000,1.11,6.82
1720000800.c1.snap.jpg,1720000800,1.14,6.4
1720002600.c1.snap.jpg,1720002600,1.17,6.02
1720004400.c1.snap.jpg,1720004400,1.26,4.46
1720006200.c1.snap.jpg,1720006200,1.39,4.66
1720008000.c1.snap.jpg,1720008000,1.47,6.02
1720015200.c1.snap.jpg,1720015200,1.61,5.68
1720017000.c1.snap.jpg,1720017000,1.58,6.82
1720018800.c1.snap.jpg,1720018800,1.5,5.68
1720020600.c1.snap.jpg,1720020600,1.51,6.82
1720022400.c1.snap.jpg,1720022400,1.49,5.38
1720024200.c1.snap.jpg,1720024200,1.42,5.38
1720026000.c1.snap.jpg,1720026000,1.52,5.68
1720027800.c1.snap.jpg,1720027800,1.65,5.38
1720029600.c1.snap.jpg,1720029600,1.67,5.68
1720031400.c1.snap.jpg,1720031400,1.56,5.38
1720033200.c1.snap.jpg,1720033200,1.47,5.68
1720035000.c1.snap.jpg,1720035000,1.43,5.68
1720036800.c1.snap.jpg,1720036800,1.36,5.68
1720038600.c1.snap.jpg,1720038600,1.28,5.38
1720040400.c1.snap.jpg,1720040400,1.3,5.12
1720042200.c1.snap.jpg,1720042200,1.15,5.12
1720044000.c1.snap.jpg,1720044000,1.06,5.12
1720045800.c1.snap.jpg,1720045800,1.09,4.66
1720047600.c1.snap.jpg,1720047600,1.08,4.66
1720049400.c1.snap.jpg,1720049400,0.97,4.66
1720054800.c1.snap.jpg,1720054800,1.04,4.66
1720056600.c1.snap.jpg,1720056600,1.04,4.66
1720058400.c1.snap.jpg,1720058400,1.06,4.66
1720060200.c1.snap.jpg,1720060200,1.0,4.66
1720062000.c1.snap.jpg,1720062000,0.99,4.46
1720063800.c1.snap.jpg,1720063800,0.89,4.66
1720065600.c1.snap.jpg,1720065600,0.81,4.66
1720067400.c1.snap.jpg,1720067400,0.79,6.82
1720071000.c1.snap.jpg,1720071000,0.71,5.68
1720072800.c1.snap.jpg,1720072800,0.72,6.4
1720074600.c1.snap.jpg,1720074600,0.63,5.68
1720076400.c1.snap.jpg,1720076400,0.7,6.82
1720078200.c1.snap.jpg,1720078200,0.69,6.4
1720080000.c1.snap.jpg,1720080000,0.73,6.4
1720081800.c1.snap.jpg,1720081800,0.73,6.4
1720083600.c1.snap.jpg,1720083600,0.76,5.68
1720085400.c1.snap.jpg,1720085400,0.81,3.42
1720087200.c1.snap.jpg,1720087200,0.79,3.54
1720089000.c1.snap.jpg,1720089000,0.82,3.66
1720090800.c1.snap.jpg,1720090800,0.82,3.66
1720092600.c1.snap.jpg,1720092600,0.83,3.8
1720094400.c1.snap.jpg,1720094400,0.82,3.54
1720101600.c1.snap.jpg,1720101600,0.9,3.8
1720103400.c1.snap.jpg,1720103400,0.97,4.66
1720105200.c1.snap.jpg,1720105200,0.94,4.26
1720108800.c1.snap.jpg,1720108800,1.01,4.1
1720110600.c1.snap.jpg,1720110600,0.94,4.46
1720112400.c1.snap.jpg,1720112400,0.92,4.46
1720114200.c1.snap.jpg,1720114200,0.87,4.26
1720116000.c1.snap.jpg,1720116000,0.84,4.26
1720117800.c1.snap.jpg,1720117800,0.84,4.88
1720119600.c1.snap.jpg,1720119600,0.79,5.12
1720121400.c1.snap.jpg,1720121400,0.78,5.12
1720125000.c1.snap.jpg,1720125000,0.68,4.46
1720126800.c1.snap.jpg,1720126800,0.67,4.66
1720128600.c1.snap.jpg,1720128600,0.69,4.26
1720130400.c1.snap.jpg,1720130400,0.62,4.26
1720132200.c1.snap.jpg,1720132200,0.6,3.66
1720134000.c1.snap.jpg,1720134000,0.68,4.66
1720135800.c1.snap.jpg,1720135800,0.8,5.12
1720137600.c1.snap.jpg,1720137600,0.9,5.12
1720139400.c1.snap.jpg,1720139400,0.85,5.38
1720141200.c1.snap.jpg,1720141200,0.95,5.12
1720143000.c1.snap.jpg,1720143000,0.97,5.38
1720144800.c1.snap.jpg,1720144800,0.95,5.38
1720146600.c1.snap.jpg,1720146600,1.0,5.38
1720148400.c1.snap.jpg,1720148400,0.99,5.12
1720150200.c1.snap.jpg,1720150200,0.95,5.12
1720152000.c1.snap.jpg,1720152000,0.96,5.12
1720153800.c1.snap.jpg,1720153800,0.98,4.88
1720155600.c1.snap.jpg,1720155600,1.0,4.88
1720157400.c1.snap.jpg,1720157400,1.04,5.38
1720159200.c1.snap.jpg,1720159200,1.03,5.38
1720161000.c1.snap.jpg,1720161000,1.07,5.12
1720162800.c1.snap.jpg,1720162800,1.16,4.88
1720164600.c1.snap.jpg,1720164600,1.23,5.38
1720166400.c1.snap.jpg,1720166400,1.26,4.66
1720168200.c1.snap.jpg,1720168200,1.24,5.12
1720170000.c1.snap.jpg,1720170000,1.24,5.68
1720171800.c1.snap.jpg,1720171800,1.28,5.38
1720173600.c1.snap.jpg,1720173600,1.31,5.12
1720175400.c1.snap.jpg,1720175400,1.3,5.38
1720177200.c1.snap.jpg,1720177200,1.32,5.38
1720179000.c1.snap.jpg,1720179000,1.23,5.38
1720180800.c1.snap.jpg,1720180800,1.34,5.12
1720188000.c1.snap.jpg,1720188000,1.44,6.4
1720189800.c1.snap.jpg,1720189800,1.37,6.02
1720191600.c1.snap.jpg,1720191600,1.42,5.38
1720193400.c1.snap.jpg,1720193400,1.48,5.38
1720195200.c1.snap.jpg,1720195200,1.47,5.12
1720197000.c1.snap.jpg,1720197000,1.37,4.88
1720198800.c1.snap.jpg,1720198800,1.33,5.12
1720200600.c1.snap.jpg,1720200600,1.27,5.12
1720202400.c1.snap.jpg,1720202400,1.2,5.38
1720204200.c1.snap.jpg,1720204200,1.21,5.12
1720206000.c1.snap.jpg,1720206000,1.08,5.38
1720207800.c1.snap.jpg,1720207800,1.01,4.88
1720209600.c1.snap.jpg,1720209600,0.9,4.88
1720211400.c1.snap.jpg,1720211400,0.86,6.02
1720213200.c1.snap.jpg,1720213200,0.86,5.38
1720215000.c1.snap.jpg,1720215000,0.77,4.46
1720216800.c1.snap.jpg,1720216800,0.7,4.26
1720218600.c1.snap.jpg,1720218600,0.68,4.26
1720220400.c1.snap.jpg,1720220400,0.7,6.02
1720222200.c1.snap.jpg,1720222200,0.62,6.82
1720224000.c1.snap.jpg,1720224000,0.59,6.82
1720225800.c1.snap.jpg,1720225800,0.58,4.1
1720227600.c1.snap.jpg,1720227600,0.57,4.26
1720229400.c1.snap.jpg,1720229400,0.51,4.1
1720231200.c1.snap.jpg,1720231200,0.5,6.02
1720233000.c1.snap.jpg,1720233000,0.47,3.94
1720234800.c1.snap.jpg,1720234800,0.43,3.8
1720236600.c1.snap.jpg,1720236600,0.4,3.94
1720238400.c1.snap.jpg,1720238400,0.4,7.32
1720240200.c1.snap.jpg,1720240200,0.39,5.12
1720242000.c1.snap.jpg,1720242000,0.56,6.82
1720243800.c1.snap.jpg,1720243800,0.7,3.2
1720245600.c1.snap.jpg,1720245600,0.82,3.66
1720247400.c1.snap.jpg,1720247400,0.77,3.54
1720249200.c1.snap.jpg,1720249200,0.88,3.8
1720251000.c1.snap.jpg,1720251000,0.91,3.94
1720252800.c1.snap.jpg,1720252800,0.91,4.26
1720254600.c1.snap.jpg,1720254600,0.86,6.02
1720256400.c1.snap.jpg,1720256400,1.0,4.66
1720258200.c1.snap.jpg,1720258200,1.14,4.66
1720260000.c1.snap.jpg,1720260000,1.14,4.88
1720261800.c1.snap.jpg,1720261800,1.17,4.88
1720265400.c1.snap.jpg,1720265400,1.31,5.12
1720267200.c1.snap.jpg,1720267200,1.22,5.12
1720274400.c1.snap.jpg,1720274400,1.4,5.12
1720276200.c1.snap.jpg,1720276200,1.47,5.12
1720278000.c1.snap.jpg,1720278000,1.49,4.88
1720279800.c1.snap.jpg,1720279800,1.37,5.12
1720281600.c1.snap.jpg,1720281600,1.46,5.38
1720283400.c1.snap.jpg,1720283400,1.49,5.12
1720285200.c1.snap.jpg,1720285200,1.48,5.12
1720287000.c1.snap.jpg,1720287000,1.5,5.38
1720288800.c1.snap.jpg,1720288800,1.62,4.88
1720292400.c1.snap.jpg,1720292400,1.5,5.12
1720294200.c1.snap.jpg,1720294200,1.44,5.38
1720296000.c1.snap.jpg,1720296000,1.43,5.12
1720297800.c1.snap.jpg,1720297800,1.45,5.12
1720299600.c1.snap.jpg,1720299600,1.58,4.88
1720301400.c1.snap.jpg,1720301400,1.42,5.12
1720303200.c1.snap.jpg,1720303200,1.39,5.38
1720305000.c1.snap.jpg,1720305000,1.36,5.12
1720306800.c1.snap.jpg,1720306800,1.33,5.12
1720308600.c1.snap.jpg,1720308600,1.3,5.12
1720310400.c1.snap.jpg,1720310400,1.2,4.88
1720312200.c1.snap.jpg,1720312200,1.15,5.38
1720314000.c1.snap.jpg,1720314000,1.11,4.88
1720315800.c1.snap.jpg,1720315800,1.0,4.88
1720317600.c1.snap.jpg,1720317600,1.04,4.88
1720319400.c1.snap.jpg,1720319400,1.03,4.46
1720321200.c1.snap.jpg,1720321200,0.94,4.46
1720323000.c1.snap.jpg,1720323000,0.92,4.46
1720324800.c1.snap.jpg,1720324800,0.83,4.46
1720326600.c1.snap.jpg,1720326600,0.8,4.26
1720328400.c1.snap.jpg,1720328400,0.83,4.46
1720330200.c1.snap.jpg,1720330200,0.88,4.26
1720332000.c1.snap.jpg,1720332000,0.86,3.94
1720333800.c1.snap.jpg,1720333800,0.91,4.46
1720335600.c1.snap.jpg,1720335600,0.92,4.46
1720337400.c1.snap.jpg,1720337400,0.94,4.26
1720339200.c1.snap.jpg,1720339200,0.94,4.26
1720341000.c1.snap.jpg,1720341000,1.01,5.38
1720342800.c1.snap.jpg,1720342800,0.97,4.66
1720344600.c1.snap.jpg,1720344600,0.97,4.46
1720346400.c1.snap.jpg,1720346400,0.91,5.38
1720348200.c1.snap.jpg,1720348200,0.87,5.38
1720350000.c1.snap.jpg,1720350000,0.82,6.02
1720351800.c1.snap.jpg,1720351800,0.82,5.68
1720353600.c1.snap.jpg,1720353600,0.75,5.38
1720360800.c1.snap.jpg,1720360800,0.76,5.38
1720362600.c1.snap.jpg,1720362600,0.83,5.12
1720364400.c1.snap.jpg,1720364400,0.82,3.66
1720366200.c1.snap.jpg,1720366200,0.76,4.1
1720368000.c1.snap.jpg,1720368000,0.78,3.66
1720371600.c1.snap.jpg,1720371600,0.72,3.66
1720373400.c1.snap.jpg,1720373400,0.67,4.1
1720375200.c1.snap.jpg,1720375200,0.66,3.8
1720377000.c1.snap.jpg,1720377000,0.66,3.42
1720378800.c1.snap.jpg,1720378800,0.63,3.8
1720380600.c1.snap.jpg,1720380600,0.63,4.1
1720384200.c1.snap.jpg,1720384200,0.57,3.66
1720386000.c1.snap.jpg,1720386000,0.56,4.88
1720389600.c1.snap.jpg,1720389600,0.53,5.12
1720391400.c1.snap.jpg,1720391400,0.49,4.88
1720393200.c1.snap.jpg,1720393200,0.46,5.12
1720395000.c1.snap.jpg,1720395000,0.45,5.12
1720396800.c1.snap.jpg,1720396800,0.42,4.66
1720398600.c1.snap.jpg,1720398600,0.38,3.2
1720402200.c1.snap.jpg,1720402200,0.33,5.68
1720404000.c1.snap.jpg,1720404000,0.29,4.88
1720405800.c1.snap.jpg,1720405800,0.29,5.38
1720407600.c1.snap.jpg,1720407600,0.27,5.68
1720409400.c1.snap.jpg,1720409400,0.27,9.3
1720411200.c1.snap.jpg,1720411200,0.24,9.3
1720413000.c1.snap.jpg,1720413000,0.24,9.3
1720414800.c1.snap.jpg,1720414800,0.23,9.3
1720416600.c1.snap.jpg,1720416600,0.2,8.54
1720418400.c1.snap.jpg,1720418400,0.2,8.54
1720420200.c1.snap.jpg,1720420200,0.19,8.54
1720422000.c1.snap.jpg,1720422000,0.19,9.3
1720423800.c1.snap.jpg,1720423800,0.18,7.88
1720425600.c1.snap.jpg,1720425600,0.18,8.54
1720427400.c1.snap.jpg,1720427400,0.17,7.88
1720429200.c1.snap.jpg,1720429200,0.18,8.54
1720431000.c1.snap.jpg,1720431000,0.19,7.88
1720432800.c1.snap.jpg,1720432800,0.18,7.88
1720434600.c1.snap.jpg,1720434600,0.18,7.88
1720436400.c1.snap.jpg,1720436400,0.19,8.54
1720438200.c1.snap.jpg,1720438200,0.2,7.88
1720440000.c1.snap.jpg,1720440000,0.21,7.88
1720447200.c1.snap.jpg,1720447200,0.22,7.88
1720449000.c1.snap.jpg,1720449000,0.26,9.3
1720450800.c1.snap.jpg,1720450800,0.28,8.54
1720452600.c1.snap.jpg,1720452600,0.28,7.88
1720454400.c1.snap.jpg,1720454400,0.27,7.88
1720456200.c1.snap.jpg,1720456200,0.27,8.54
1720458000.c1.snap.jpg,1720458000,0.25,1.74
1720459800.c1.snap.jpg,1720459800,0.26,8.54
1720461600.c1.snap.jpg,1720461600,0.24,1.68
1720463400.c1.snap.jpg,1720463400,0.24,7.88
1720465200.c1.snap.jpg,1720465200,0.22,8.54
1720467000.c1.snap.jpg,1720467000,0.22,7.88
1720468800.c1.snap.jpg,1720468800,0.24,8.54
1720470600.c1.snap.jpg,1720470600,0.24,1.82
1720472400.c1.snap.jpg,1720472400,0.26,7.88
1720474200.c1.snap.jpg,1720474200,0.25,1.86
1720476000.c1.snap.jpg,1720476000,0.26,1.9
1720477800.c1.snap.jpg,1720477800,0.27,1.8
1720479600.c1.snap.jpg,1720479600,0.26,1.9
1720481400.c1.snap.jpg,1720481400,0.26,1.74
1720483200.c1.snap.jpg,1720483200,0.25,1.7
1720485000.c1.snap.jpg,1720485000,0.21,1.68
1720486800.c1.snap.jpg,1720486800,0.21,1.66
1720488600.c1.snap.jpg,1720488600,0.22,1.6
1720490400.c1.snap.jpg,1720490400,0.2,1.62
1720492200.c1.snap.jpg,1720492200,0.2,1.68
1720494000.c1.snap.jpg,1720494000,0.23,1.74
1720495800.c1.snap.jpg,1720495800,0.24,1.9
1720497600.c1.snap.jpg,1720497600,0.24,1.94
1720499400.c1.snap.jpg,1720499400,0.21,1.82
1720501200.c1.snap.jpg,1720501200,0.15,9.3
1720503000.c1.snap.jpg,1720503000,0.25,1.96
1720504800.c1.snap.jpg,1720504800,0.39,2.7
1720506600.c1.snap.jpg,1720506600,0.4,3.1
1720508400.c1.snap.jpg,1720508400,0.42,3.3
1720510200.c1.snap.jpg,1720510200,0.39,3.3
1720512000.c1.snap.jpg,1720512000,0.43,3.42
1720513800.c1.snap.jpg,1720513800,0.43,3.54
1720517400.c1.snap.jpg,1720517400,0.37,3.54
1720519200.c1.snap.jpg,1720519200,0.34,3.54
1720521000.c1.snap.jpg,1720521000,0.34,3.42
1720522800.c1.snap.jpg,1720522800,0.34,3.3
1720524600.c1.snap.jpg,1720524600,0.34,3.2
1720526400.c1.snap.jpg,1720526400,0.39,3.3
1720533600.c1.snap.jpg,1720533600,0.57,3.3
1720535400.c1.snap.jpg,1720535400,0.56,3.54
1720537200.c1.snap.jpg,1720537200,0.57,3.66
1720539000.c1.snap.jpg,1720539000,0.56,3.66
1720540800.c1.snap.jpg,1720540800,0.53,3.8
1720542600.c1.snap.jpg,1720542600,0.49,3.54
1720544400.c1.snap.jpg,1720544400,0.47,3.42
1720546200.c1.snap.jpg,1720546200,0.46,3.42
1720548000.c1.snap.jpg,1720548000,0.46,3.42
1720549800.c1.snap.jpg,1720549800,0.44,3.3
1720551600.c1.snap.jpg,1720551600,0.44,3.3
1720553400.c1.snap.jpg,1720553400,0.44,3.3
1720555200.c1.snap.jpg,1720555200,0.39,3.3
1720557000.c1.snap.jpg,1720557000,0.36,3.1
1720560600.c1.snap.jpg,1720560600,0.29,2.92
1720562400.c1.snap.jpg,1720562400,0.29,3.1
1720564200.c1.snap.jpg,1720564200,0.29,2.84
1720566000.c1.snap.jpg,1720566000,0.28,3.02
1720567800.c1.snap.jpg,1720567800,0.25,2.92
1720569600.c1.snap.jpg,1720569600,0.22,2.76
1720571400.c1.snap.jpg,1720571400,0.21,3.02
1720573200.c1.snap.jpg,1720573200,0.19,2.84
1720575000.c1.snap.jpg,1720575000,0.17,2.84
1720576800.c1.snap.jpg,1720576800,0.14,2.92
1720578600.c1.snap.jpg,1720578600,0.14,2.84
1720580400.c1.snap.jpg,1720580400,0.13,2.7
1720582200.c1.snap.jpg,1720582200,0.12,2.76
1720584000.c1.snap.jpg,1720584000,0.12,25.6
1720585800.c1.snap.jpg,1720585800,0.11,2.62
1720587600.c1.snap.jpg,1720587600,0.1,2.7
1720589400.c1.snap.jpg,1720589400,0.09,25.6
1720591200.c1.snap.jpg,1720591200,0.09,25.6
1720593000.c1.snap.jpg,1720593000,0.09,20.48
1720594800.c1.snap.jpg,1720594800,0.09,20.48
1720596600.c1.snap.jpg,1720596600,0.08,3.66
1720598400.c1.snap.jpg,1720598400,0.08,3.66
1720600200.c1.snap.jpg,1720600200,0.09,25.6
1720602000.c1.snap.jpg,1720602000,0.1,20.48
1720603800.c1.snap.jpg,1720603800,0.11,25.6
1720605600.c1.snap.jpg,1720605600,0.13,20.48
1720607400.c1.snap.jpg,1720607400,0.12,25.6
1720609200.c1.snap.jpg,1720609200,0.16,25.6
1720611000.c1.snap.jpg,1720611000,0.14,20.48
1720612800.c1.snap.jpg,1720612800,0.12,5.68
1720620000.c1.snap.jpg,1720620000,0.21,1.66
1720621800.c1.snap.jpg,1720621800,0.2,1.6
1720623600.c1.snap.jpg,1720623600,0.18,1.5
1720625400.c1.snap.jpg,1720625400,0.22,1.74
1720627200.c1.snap.jpg,1720627200,0.22,1.62
1720629000.c1.snap.jpg,1720629000,0.22,5.68
1720630800.c1.snap.jpg,1720630800,0.24,5.38
1720632600.c1.snap.jpg,1720632600,0.23,5.38
1720634400.c1.snap.jpg,1720634400,0.21,5.68
1720636200.c1.snap.jpg,1720636200,0.27,6.02
1720638000.c1.snap.jpg,1720638000,0.28,5.68
1720639800.c1.snap.jpg,1720639800,0.28,5.68
1720641600.c1.snap.jpg,1720641600,0.35,2.32
1720643400.c1.snap.jpg,1720643400,0.35,2.56
1720645200.c1.snap.jpg,1720645200,0.37,2.62
1720647000.c1.snap.jpg,1720647000,0.37,2.76
1720648800.c1.snap.jpg,1720648800,0.36,3.02
1720650600.c1.snap.jpg,1720650600,0.37,2.84
1720652400.c1.snap.jpg,1720652400,0.41,3.1
1720654200.c1.snap.jpg,1720654200,0.41,3.1
1720656000.c1.snap.jpg,1720656000,0.43,3.2
1720657800.c1.snap.jpg,1720657800,0.43,3.1
1720659600.c1.snap.jpg,1720659600,0.43,3.66
1720661400.c1.snap.jpg,1720661400,0.44,3.1
1720663200.c1.snap.jpg,1720663200,0.43,3.3
1720665000.c1.snap.jpg,1720665000,0.41,3.54
1720666800.c1.snap.jpg,1720666800,0.41,3.3
1720668600.c1.snap.jpg,1720668600,0.43,3.42
1720670400.c1.snap.jpg,1720670400,0.41,3.3
1720672200.c1.snap.jpg,1720672200,0.41,3.3
1720674000.c1.snap.jpg,1720674000,0.36,3.3
1720675800.c1.snap.jpg,1720675800,0.36,3.54
1720677600.c1.snap.jpg,1720677600,0.37,3.2
1720679400.c1.snap.jpg,1720679400,0.33,3.2
1720681200.c1.snap.jpg,1720681200,0.32,3.1
1720683000.c1.snap.jpg,1720683000,0.31,3.1
1720684800.c1.snap.jpg,1720684800,0.28,2.84
1720686600.c1.snap.jpg,1720686600,0.25,3.02
1720688400.c1.snap.jpg,1720688400,0.26,2.84
1720690200.c1.snap.jpg,1720690200,0.27,3.2
1720692000.c1.snap.jpg,1720692000,0.31,3.02
1720693800.c1.snap.jpg,1720693800,0.31,3.2
1720695600.c1.snap.jpg,1720695600,0.31,3.1
1720697400.c1.snap.jpg,1720697400,0.28,2.76
1720699200.c1.snap.jpg,1720699200,0.25,2.76
1720706400.c1.snap.jpg,1720706400,0.24,2.56
1720708200.c1.snap.jpg,1720708200,0.22,25.6
1720710000.c1.snap.jpg,1720710000,0.2,5.38
1720711800.c1.snap.jpg,1720711800,0.22,5.38
1720713600.c1.snap.jpg,1720713600,0.26,2.5
1720715400.c1.snap.jpg,1720715400,0.25,5.12
1720717200.c1.snap.jpg,1720717200,0.23,5.12
1720719000.c1.snap.jpg,1720719000,0.22,5.12
1720720800.c1.snap.jpg,1720720800,0.19,4.88
1720722600.c1.snap.jpg,1720722600,0.23,25.6
1720724400.c1.snap.jpg,1720724400,0.19,5.12
1720726200.c1.snap.jpg,1720726200,0.24,2.0
1720728000.c1.snap.jpg,1720728000,0.28,2.28
1720729800.c1.snap.jpg,1720729800,0.28,2.18
1720731600.c1.snap.jpg,1720731600,0.26,2.5
1720733400.c1.snap.jpg,1720733400,0.26,2.32
1720735200.c1.snap.jpg,1720735200,0.28,2.38
1720737000.c1.snap.jpg,1720737000,0.32,2.32
1720738800.c1.snap.jpg,1720738800,0.34,2.32
1720740600.c1.snap.jpg,1720740600,0.35,2.38
1720742400.c1.snap.jpg,1720742400,0.3,2.38
1720744200.c1.snap.jpg,1720744200,0.31,2.44
1720746000.c1.snap.jpg,1720746000,0.37,3.02
1720747800.c1.snap.jpg,1720747800,0.34,2.92
1720749600.c1.snap.jpg,1720749600,0.3,2.92
1720751400.c1.snap.jpg,1720751400,0.26,2.84
1720753200.c1.snap.jpg,1720753200,0.22,2.76
1720755000.c1.snap.jpg,1720755000,0.2,2.84
1720756800.c1.snap.jpg,1720756800,0.2,2.5
1720758600.c1.snap.jpg,1720758600,0.2,2.76
1720760400.c1.snap.jpg,1720760400,0.19,2.84
1720762200.c1.snap.jpg,1720762200,0.17,2.76
1720764000.c1.snap.jpg,1720764000,0.16,2.7
1720767600.c1.snap.jpg,1720767600,0.14,2.62
1720769400.c1.snap.jpg,1720769400,0.14,2.7
1720771200.c1.snap.jpg,1720771200,0.18,2.56
1720773000.c1.snap.jpg,1720773000,0.18,2.62
1720774800.c1.snap.jpg,1720774800,0.16,2.38
1720776600.c1.snap.jpg,1720776600,0.17,2.5
1720778400.c1.snap.jpg,1720778400,0.19,2.56
1720780200.c1.snap.jpg,1720780200,0.19,25.6
1720782000.c1.snap.jpg,1720782000,0.21,25.6
1720783800.c1.snap.jpg,1720783800,0.17,1.8
1720785600.c1.snap.jpg,1720785600,0.18,25.6
1720792800.c1.snap.jpg,1720792800,0.24,1.86
1720794600.c1.snap.jpg,1720794600,0.22,2.0
1720796400.c1.snap.jpg,1720796400,0.21,1.82
1720798200.c1.snap.jpg,1720798200,0.36,2.22
1720800000.c1.snap.jpg,1720800000,0.37,2.28
1720801800.c1.snap.jpg,1720801800,0.34,2.32
1720803600.c1.snap.jpg,1720803600,0.31,2.08
1720805400.c1.snap.jpg,1720805400,0.29,2.44
1720807200.c1.snap.jpg,1720807200,0.32,2.14
1720809000.c1.snap.jpg,1720809000,0.33,2.08
1720810800.c1.snap.jpg,1720810800,0.31,2.18
1720812600.c1.snap.jpg,1720812600,0.28,2.0
1720814400.c1.snap.jpg,1720814400,0.28,2.08
1720816200.c1.snap.jpg,1720816200,0.3,1.94
1720818000.c1.snap.jpg,1720818000,0.27,1.76
1720819800.c1.snap.jpg,1720819800,0.26,1.8
1720823400.c1.snap.jpg,1720823400,0.29,1.82
1720825200.c1.snap.jpg,1720825200,0.32,2.0
1720827000.c1.snap.jpg,1720827000,0.35,2.04
1720828800.c1.snap.jpg,1720828800,0.4,2.38
1720830600.c1.snap.jpg,1720830600,0.39,2.04
1720832400.c1.snap.jpg,1720832400,0.35,2.18
1720834200.c1.snap.jpg,1720834200,0.38,2.14
1720836000.c1.snap.jpg,1720836000,0.35,2.38
1720837800.c1.snap.jpg,1720837800,0.33,2.22
1720839600.c1.snap.jpg,1720839600,0.35,2.18
1720841400.c1.snap.jpg,1720841400,0.35,2.18
1720843200.c1.snap.jpg,1720843200,0.37,2.22
1720845000.c1.snap.jpg,1720845000,0.41,2.38
1720846800.c1.snap.jpg,1720846800,0.38,2.22
1720848600.c1.snap.jpg,1720848600,0.34,2.14
1720850400.c1.snap.jpg,1720850400,0.35,2.04
1720852200.c1.snap.jpg,1720852200,0.32,2.28
1720854000.c1.snap.jpg,1720854000,0.27,1.9
1720855800.c1.snap.jpg,1720855800,0.23,1.7
1720857600.c1.snap.jpg,1720857600,0.23,1.8
1720859400.c1.snap.jpg,1720859400,0.26,1.94
1720861200.c1.snap.jpg,1720861200,0.22,1.8
1720863000.c1.snap.jpg,1720863000,0.28,25.6
1720864800.c1.snap.jpg,1720864800,0.35,2.28
1720866600.c1.snap.jpg,1720866600,0.56,3.3
1720868400.c1.snap.jpg,1720868400,0.58,3.8
1720870200.c1.snap.jpg,1720870200,0.53,3.42
1720872000.c1.snap.jpg,1720872000,0.67,25.6
1720879200.c1.snap.jpg,1720879200,0.78,3.94
1720881000.c1.snap.jpg,1720881000,0.77,3.94
1720882800.c1.snap.jpg,1720882800,0.73,3.8
1720884600.c1.snap.jpg,1720884600,0.79,4.1
1720886400.c1.snap.jpg,1720886400,0.84,4.1
1720888200.c1.snap.jpg,1720888200,0.76,4.1
1720890000.c1.snap.jpg,1720890000,0.76,4.1
1720891800.c1.snap.jpg,1720891800,0.71,3.94
1720893600.c1.snap.jpg,1720893600,0.71,3.8
1720897200.c1.snap.jpg,1720897200,0.61,3.8
1720899000.c1.snap.jpg,1720899000,0.6,3.66
1720900800.c1.snap.jpg,1720900800,0.63,4.1
1720902600.c1.snap.jpg,1720902600,0.63,4.26
1720904400.c1.snap.jpg,1720904400,0.51,4.26
1720906200.c1.snap.jpg,1720906200,0.47,4.26
1720908000.c1.snap.jpg,1720908000,0.45,4.1
1720909800.c1.snap.jpg,1720909800,0.45,4.1
1720911600.c1.snap.jpg,1720911600,0.45,3.94
1720913400.c1.snap.jpg,1720913400,0.48,5.12
1720915200.c1.snap.jpg,1720915200,0.46,5.38
1720917000.c1.snap.jpg,1720917000,0.49,5.12
1720918800.c1.snap.jpg,1720918800,0.48,5.12
1720920600.c1.snap.jpg,1720920600,0.49,5.12
1720922400.c1.snap.jpg,1720922400,0.51,4.88
1720924200.c1.snap.jpg,1720924200,0.52,4.88
1720926000.c1.snap.jpg,1720926000,0.53,2.92
1720927800.c1.snap.jpg,1720927800,0.56,3.02
1720929600.c1.snap.jpg,1720929600,0.57,3.02
1720931400.c1.snap.jpg,1720931400,0.6,3.02
1720933200.c1.snap.jpg,1720933200,0.64,3.3
1720935000.c1.snap.jpg,1720935000,0.64,3.3
1720936800.c1.snap.jpg,1720936800,0.6,3.54
1720938600.c1.snap.jpg,1720938600,0.55,3.54
1720940400.c1.snap.jpg,1720940400,0.52,3.66
1720942200.c1.snap.jpg,1720942200,0.49,3.54
1720944000.c1.snap.jpg,1720944000,0.45,3.54
1720945800.c1.snap.jpg,1720945800,0.45,3.54
1720947600.c1.snap.jpg,1720947600,0.43,3.3
1720949400.c1.snap.jpg,1720949400,0.41,3.54
1720951200.c1.snap.jpg,1720951200,0.4,3.2
1720953000.c1.snap.jpg,1720953000,0.34,3.3
1720954800.c1.snap.jpg,1720954800,0.31,3.2
1720956600.c1.snap.jpg,1720956600,0.3,3.2
1720958400.c1.snap.jpg,1720958400,0.29,5.12
1720965600.c1.snap.jpg,1720965600,0.25,3.1
1720967400.c1.snap.jpg,1720967400,0.26,3.66
1720969200.c1.snap.jpg,1720969200,0.25,4.1
1720971000.c1.snap.jpg,1720971000,0.25,4.26
1720972800.c1.snap.jpg,1720972800,0.25,4.88
1720974600.c1.snap.jpg,1720974600,0.26,4.88
1720976400.c1.snap.jpg,1720976400,0.31,4.46
1720978200.c1.snap.jpg,1720978200,0.37,2.08
1720980000.c1.snap.jpg,1720980000,0.38,2.5
1720981800.c1.snap.jpg,1720981800,0.41,2.5
1720983600.c1.snap.jpg,1720983600,0.42,2.7
1720985400.c1.snap.jpg,1720985400,0.43,2.76
1720987200.c1.snap.jpg,1720987200,0.46,3.2
1720989000.c1.snap.jpg,1720989000,0.51,3.3
1720990800.c1.snap.jpg,1720990800,0.57,3.02
1720992600.c1.snap.jpg,1720992600,0.52,3.02
1720996200.c1.snap.jpg,1720996200,0.45,2.5
1720998000.c1.snap.jpg,1720998000,0.44,2.62
1720999800.c1.snap.jpg,1720999800,0.51,3.54
1721001600.c1.snap.jpg,1721001600,0.5,3.1
1721003400.c1.snap.jpg,1721003400,0.53,3.42
1721005200.c1.snap.jpg,1721005200,0.55,3.66
1721007000.c1.snap.jpg,1721007000,0.58,3.2
1721008800.c1.snap.jpg,1721008800,0.63,3.94
1721010600.c1.snap.jpg,1721010600,0.58,3.66
1721012400.c1.snap.jpg,1721012400,0.59,3.42
1721014200.c1.snap.jpg,1721014200,0.62,3.66
1721016000.c1.snap.jpg,1721016000,0.55,3.8
1721017800.c1.snap.jpg,1721017800,0.54,2.84
1721019600.c1.snap.jpg,1721019600,0.6,4.26
1721021400.c1.snap.jpg,1721021400,0.66,4.1
1721023200.c1.snap.jpg,1721023200,0.63,4.46
1721025000.c1.snap.jpg,1721025000,0.56,3.94
1721026800.c1.snap.jpg,1721026800,0.57,3.8
1721028600.c1.snap.jpg,1721028600,0.57,3.66
1721030400.c1.snap.jpg,1721030400,0.52,3.66
1721032200.c1.snap.jpg,1721032200,0.48,3.8
1721034000.c1.snap.jpg,1721034000,0.41,3.66
1721035800.c1.snap.jpg,1721035800,0.38,3.54
1721037600.c1.snap.jpg,1721037600,0.3,3.54
1721039400.c1.snap.jpg,1721039400,0.29,3.42
1721041200.c1.snap.jpg,1721041200,0.32,2.0
1721043000.c1.snap.jpg,1721043000,0.29,2.0
1721044800.c1.snap.jpg,1721044800,0.25,1.86
1721052000.c1.snap.jpg,1721052000,0.34,2.14
1721053800.c1.snap.jpg,1721053800,0.36,2.32
1721055600.c1.snap.jpg,1721055600,0.33,2.28
1721057400.c1.snap.jpg,1721057400,0.34,2.04
1721059200.c1.snap.jpg,1721059200,0.31,2.14
1721061000.c1.snap.jpg,1721061000,0.29,1.94
1721062800.c1.snap.jpg,1721062800,0.3,1.94
1721064600.c1.snap.jpg,1721064600,0.31,2.0
1721066400.c1.snap.jpg,1721066400,0.29,1.9
1721084400.c1.snap.jpg,1721084400,0.15,2.44
1721086200.c1.snap.jpg,1721086200,0.15,20.48
1721088000.c1.snap.jpg,1721088000,0.13,5.12
1721089800.c1.snap.jpg,1721089800,0.12,10.24
1721091600.c1.snap.jpg,1721091600,0.1,5.38
1721093400.c1.snap.jpg,1721093400,0.11,4.88
1721095200.c1.snap.jpg,1721095200,0.13,20.48
1721097000.c1.snap.jpg,1721097000,0.12,4.66
1721098800.c1.snap.jpg,1721098800,0.11,10.24
1721100600.c1.snap.jpg,1721100600,0.11,6.02
1721102400.c1.snap.jpg,1721102400,0.11,5.68
1721104200.c1.snap.jpg,1721104200,0.11,5.68
1721106000.c1.snap.jpg,1721106000,0.11,6.02
1721107800.c1.snap.jpg,1721107800,0.11,6.4
1721109600.c1.snap.jpg,1721109600,0.11,5.68
1721111400.c1.snap.jpg,1721111400,0.13,6.02
1721113200.c1.snap.jpg,1721113200,0.14,10.24
1721115000.c1.snap.jpg,1721115000,0.15,10.24
1721116800.c1.snap.jpg,1721116800,0.14,5.12
1721118600.c1.snap.jpg,1721118600,0.16,10.24
1721120400.c1.snap.jpg,1721120400,0.22,10.24
1721122200.c1.snap.jpg,1721122200,0.22,1.86
1721124000.c1.snap.jpg,1721124000,0.29,2.22
1721125800.c1.snap.jpg,1721125800,0.41,2.7
1721127600.c1.snap.jpg,1721127600,0.44,3.2
1721129400.c1.snap.jpg,1721129400,0.47,3.1
1721131200.c1.snap.jpg,1721131200,0.46,3.1
1721138400.c1.snap.jpg,1721138400,0.42,2.92
1721140200.c1.snap.jpg,1721140200,0.46,2.92
1721142000.c1.snap.jpg,1721142000,0.48,3.2
1721143800.c1.snap.jpg,1721143800,0.5,3.1
1721145600.c1.snap.jpg,1721145600,0.41,3.2
1721147400.c1.snap.jpg,1721147400,0.42,3.1
1721149200.c1.snap.jpg,1721149200,0.42,3.1
1721151000.c1.snap.jpg,1721151000,0.42,3.1
1721152800.c1.snap.jpg,1721152800,0.44,3.8
1721154600.c1.snap.jpg,1721154600,0.44,3.8
1721156400.c1.snap.jpg,1721156400,0.45,4.1
1721158200.c1.snap.jpg,1721158200,0.43,4.1
1721160000.c1.snap.jpg,1721160000,0.4,3.94
1721161800.c1.snap.jpg,1721161800,0.41,4.26
1721163600.c1.snap.jpg,1721163600,0.35,4.46
1721165400.c1.snap.jpg,1721165400,0.35,4.1
1721167200.c1.snap.jpg,1721167200,0.33,4.26
1721169000.c1.snap.jpg,1721169000,0.35,3.8
1721170800.c1.snap.jpg,1721170800,0.36,4.46
1721172600.c1.snap.jpg,1721172600,0.39,4.26
1721174400.c1.snap.jpg,1721174400,0.42,4.46
1721176200.c1.snap.jpg,1721176200,0.43,4.1
1721178000.c1.snap.jpg,1721178000,0.43,3.2
1721179800.c1.snap.jpg,1721179800,0.43,3.94
1721181600.c1.snap.jpg,1721181600,0.46,3.1
1721183400.c1.snap.jpg,1721183400,0.43,3.2
1721185200.c1.snap.jpg,1721185200,0.4,3.54
1721187000.c1.snap.jpg,1721187000,0.36,3.2
1721188800.c1.snap.jpg,1721188800,0.35,3.2
1721190600.c1.snap.jpg,1721190600,0.35,3.3
1721192400.c1.snap.jpg,1721192400,0.33,3.54
1721194200.c1.snap.jpg,1721194200,0.32,3.3
1721196000.c1.snap.jpg,1721196000,0.32,3.42
1721197800.c1.snap.jpg,1721197800,0.29,3.2
1721199600.c1.snap.jpg,1721199600,0.29,5.68
1721201400.c1.snap.jpg,1721201400,0.28,5.12
1721203200.c1.snap.jpg,1721203200,0.27,5.12
1721205000.c1.snap.jpg,1721205000,0.25,4.66
1721206800.c1.snap.jpg,1721206800,0.27,5.12
1721208600.c1.snap.jpg,1721208600,0.25,4.88
1721210400.c1.snap.jpg,1721210400,0.26,4.66
1721212200.c1.snap.jpg,1721212200,0.27,4.88
1721214000.c1.snap.jpg,1721214000,0.26,5.12
1721215800.c1.snap.jpg,1721215800,0.28,4.88
1721217600.c1.snap.jpg,1721217600,0.27,4.66
1721226600.c1.snap.jpg,1721226600,0.31,4.1
1721239200.c1.snap.jpg,1721239200,0.34,4.66
1721241000.c1.snap.jpg,1721241000,0.32,4.66
1721242800.c1.snap.jpg,1721242800,0.37,4.66
1721244600.c1.snap.jpg,1721244600,0.43,2.44
1721246400.c1.snap.jpg,1721246400,0.46,2.76
1721277000.c1.snap.jpg,1721277000,0.52,3.66
1721311200.c1.snap.jpg,1721311200,0.69,5.12
1721313000.c1.snap.jpg,1721313000,0.73,5.12
1721314800.c1.snap.jpg,1721314800,0.73,5.12
1721316600.c1.snap.jpg,1721316600,0.77,5.12
1721318400.c1.snap.jpg,1721318400,0.79,4.88
1721320200.c1.snap.jpg,1721320200,0.77,4.88
1721322000.c1.snap.jpg,1721322000,0.79,4.66
1721323800.c1.snap.jpg,1721323800,0.78,4.66
1721325600.c1.snap.jpg,1721325600,0.74,4.66
1721327400.c1.snap.jpg,1721327400,0.76,4.66
1721329200.c1.snap.jpg,1721329200,0.73,4.46
1721331000.c1.snap.jpg,1721331000,0.73,4.66
1721332800.c1.snap.jpg,1721332800,0.71,4.46
1721334600.c1.snap.jpg,1721334600,0.72,4.26
1721336400.c1.snap.jpg,1721336400,0.67,4.26
1721338200.c1.snap.jpg,1721338200,0.68,4.26
1721340000.c1.snap.jpg,1721340000,0.67,4.66
1721341800.c1.snap.jpg,1721341800,0.72,4.46
1721343600.c1.snap.jpg,1721343600,0.71,4.46
1721345400.c1.snap.jpg,1721345400,0.7,4.66
1721347200.c1.snap.jpg,1721347200,0.69,4.88
1721349000.c1.snap.jpg,1721349000,0.64,4.66
1721352600.c1.snap.jpg,1721352600,0.63,4.66
1721354400.c1.snap.jpg,1721354400,0.59,4.88
1721356200.c1.snap.jpg,1721356200,0.61,4.88
1721358000.c1.snap.jpg,1721358000,0.6,4.1
1721359800.c1.snap.jpg,1721359800,0.6,4.88
1721361600.c1.snap.jpg,1721361600,0.6,4.88
1721363400.c1.snap.jpg,1721363400,0.57,4.66
1721365200.c1.snap.jpg,1721365200,0.58,4.88
1721367000.c1.snap.jpg,1721367000,0.55,4.66
1721368800.c1.snap.jpg,1721368800,0.58,4.66
1721370600.c1.snap.jpg,1721370600,0.59,4.66
1721372400.c1.snap.jpg,1721372400,0.61,4.88
1721374200.c1.snap.jpg,1721374200,0.62,4.66
1721376000.c1.snap.jpg,1721376000,0.61,4.88
1721377800.c1.snap.jpg,1721377800,0.62,5.12
1721379600.c1.snap.jpg,1721379600,0.62,5.12
1721381400.c1.snap.jpg,1721381400,0.62,5.12
1721383200.c1.snap.jpg,1721383200,0.56,4.88
1721385000.c1.snap.jpg,1721385000,0.61,5.68
1721386800.c1.snap.jpg,1721386800,0.62,4.88
1721388600.c1.snap.jpg,1721388600,0.67,4.46
1721390400.c1.snap.jpg,1721390400,0.71,4.88
1721397600.c1.snap.jpg,1721397600,0.87,4.46
1721399400.c1.snap.jpg,1721399400,0.86,4.88
1721401200.c1.snap.jpg,1721401200,0.85,4.46
1721403000.c1.snap.jpg,1721403000,0.87,5.12
1721404800.c1.snap.jpg,1721404800,0.88,5.38
1721406600.c1.snap.jpg,1721406600,0.84,5.38
1721408400.c1.snap.jpg,1721408400,0.86,4.88
1721410200.c1.snap.jpg,1721410200,0.92,5.38
1721412000.c1.snap.jpg,1721412000,0.91,5.12
1721413800.c1.snap.jpg,1721413800,0.87,4.66
1721415600.c1.snap.jpg,1721415600,0.87,4.66
1721417400.c1.snap.jpg,1721417400,0.8,4.88
1721419200.c1.snap.jpg,1721419200,0.84,4.88
1721421000.c1.snap.jpg,1721421000,0.79,5.12
1721426400.c1.snap.jpg,1721426400,0.73,5.12
1721428200.c1.snap.jpg,1721428200,0.66,4.66
1721430000.c1.snap.jpg,1721430000,0.67,4.88
1721431800.c1.snap.jpg,1721431800,0.63,4.88
1721433600.c1.snap.jpg,1721433600,0.62,4.88
1721435400.c1.snap.jpg,1721435400,0.62,4.88
1721437200.c1.snap.jpg,1721437200,0.59,5.12
1721439000.c1.snap.jpg,1721439000,0.58,4.88
1721440800.c1.snap.jpg,1721440800,0.6,4.66
1721442600.c1.snap.jpg,1721442600,0.58,4.88
1721444400.c1.snap.jpg,1721444400,0.59,5.38
1721446200.c1.snap.jpg,1721446200,0.57,5.68
1721448000.c1.snap.jpg,1721448000,0.55,5.12
1721449800.c1.snap.jpg,1721449800,0.56,5.38
1721451600.c1.snap.jpg,1721451600,0.57,5.68
1721453400.c1.snap.jpg,1721453400,0.59,5.38
1721455200.c1.snap.jpg,1721455200,0.57,5.38
1721457000.c1.snap.jpg,1721457000,0.59,5.38
1721458800.c1.snap.jpg,1721458800,0.58,5.38
1721460600.c1.snap.jpg,1721460600,0.58,5.38
1721462400.c1.snap.jpg,1721462400,0.61,5.38
1721464200.c1.snap.jpg,1721464200,0.62,5.12
1721466000.c1.snap.jpg,1721466000,0.59,5.38
1721467800.c1.snap.jpg,1721467800,0.59,5.12
1721469600.c1.snap.jpg,1721469600,0.58,5.38
1721471400.c1.snap.jpg,1721471400,0.61,5.38
1721473200.c1.snap.jpg,1721473200,0.63,5.68
1721476800.c1.snap.jpg,1721476800,0.59,5.12
1721484000.c1.snap.jpg,1721484000,0.59,6.02
1721485800.c1.snap.jpg,1721485800,0.57,5.68
1721487600.c1.snap.jpg,1721487600,0.52,5.12
1721489400.c1.snap.jpg,1721489400,0.53,5.38
1721493000.c1.snap.jpg,1721493000,0.53,5.68
1721494800.c1.snap.jpg,1721494800,0.52,5.38
1721496600.c1.snap.jpg,1721496600,0.5,5.68
1721498400.c1.snap.jpg,1721498400,0.44,5.68
1721500200.c1.snap.jpg,1721500200,0.42,5.38
1721502000.c1.snap.jpg,1721502000,0.43,5.68
1721503800.c1.snap.jpg,1721503800,0.44,5.68
1721505600.c1.snap.jpg,1721505600,0.42,5.12
1721507400.c1.snap.jpg,1721507400,0.42,5.12
1721509200.c1.snap.jpg,1721509200,0.39,4.88
1721511000.c1.snap.jpg,1721511000,0.37,4.46
1721512800.c1.snap.jpg,1721512800,0.37,5.38
1721514600.c1.snap.jpg,1721514600,0.39,6.02
1721516400.c1.snap.jpg,1721516400,0.37,6.4
1721518200.c1.snap.jpg,1721518200,0.37,6.02
1721520000.c1.snap.jpg,1721520000,0.35,5.68
1721521800.c1.snap.jpg,1721521800,0.36,2.0
1721523600.c1.snap.jpg,1721523600,0.37,6.02
1721525400.c1.snap.jpg,1721525400,0.39,6.4
1721527200.c1.snap.jpg,1721527200,0.38,5.68
1721529000.c1.snap.jpg,1721529000,0.36,2.22
1721532600.c1.snap.jpg,1721532600,0.33,6.02
1721534400.c1.snap.jpg,1721534400,0.33,6.02
1721536200.c1.snap.jpg,1721536200,0.3,5.68
1721538000.c1.snap.jpg,1721538000,0.3,5.68
1721539800.c1.snap.jpg,1721539800,0.26,5.38
1721541600.c1.snap.jpg,1721541600,0.25,6.02
1721543400.c1.snap.jpg,1721543400,0.24,5.38
1721545200.c1.snap.jpg,1721545200,0.23,6.02
1721547000.c1.snap.jpg,1721547000,0.22,5.38
1721548800.c1.snap.jpg,1721548800,0.21,5.12
1721550600.c1.snap.jpg,1721550600,0.21,5.12
1721552400.c1.snap.jpg,1721552400,0.21,5.12
1721554200.c1.snap.jpg,1721554200,0.22,5.12
1721556000.c1.snap.jpg,1721556000,0.22,5.38
1721557800.c1.snap.jpg,1721557800,0.19,5.12
1721559600.c1.snap.jpg,1721559600,0.2,5.38
1721561400.c1.snap.jpg,1721561400,0.2,5.38
1721563200.c1.snap.jpg,1721563200,0.19,6.4
1721570400.c1.snap.jpg,1721570400,0.21,5.12
1721572200.c1.snap.jpg,1721572200,0.22,5.12
1721574000.c1.snap.jpg,1721574000,0.22,5.12
1721575800.c1.snap.jpg,1721575800,0.24,4.88
1721577600.c1.snap.jpg,1721577600,0.22,5.12
1721579400.c1.snap.jpg,1721579400,0.22,4.88
1721581200.c1.snap.jpg,1721581200,0.22,4.88
1721583000.c1.snap.jpg,1721583000,0.21,4.88
1721584800.c1.snap.jpg,1721584800,0.22,4.88
1721586600.c1.snap.jpg,1721586600,0.2,4.46
1721588400.c1.snap.jpg,1721588400,0.21,4.46
1721590200.c1.snap.jpg,1721590200,0.19,4.26
1721592000.c1.snap.jpg,1721592000,0.16,4.46
1721593800.c1.snap.jpg,1721593800,0.17,4.26
1721595600.c1.snap.jpg,1721595600,0.14,4.66
1721597400.c1.snap.jpg,1721597400,0.14,4.46
1721599200.c1.snap.jpg,1721599200,0.14,4.66
1721601000.c1.snap.jpg,1721601000,0.13,4.26
1721606400.c1.snap.jpg,1721606400,0.22,1.86
1721608200.c1.snap.jpg,1721608200,0.28,1.96
1721610000.c1.snap.jpg,1721610000,0.32,2.18
1721611800.c1.snap.jpg,1721611800,0.29,2.22
1721613600.c1.snap.jpg,1721613600,0.26,2.18
1721615400.c1.snap.jpg,1721615400,0.24,2.08
1721617200.c1.snap.jpg,1721617200,0.22,2.04
1721619000.c1.snap.jpg,1721619000,0.24,2.18
1721620800.c1.snap.jpg,1721620800,0.22,2.0
1721622600.c1.snap.jpg,1721622600,0.2,1.9
1721624400.c1.snap.jpg,1721624400,0.19,1.86
1721626200.c1.snap.jpg,1721626200,0.18,1.8
1721628000.c1.snap.jpg,1721628000,0.18,8.54
1721629800.c1.snap.jpg,1721629800,0.16,8.54
1721631600.c1.snap.jpg,1721631600,0.14,8.54
1721633400.c1.snap.jpg,1721633400,0.13,8.54
1721635200.c1.snap.jpg,1721635200,0.12,8.54
1721638800.c1.snap.jpg,1721638800,0.12,7.88
1721640600.c1.snap.jpg,1721640600,0.11,7.88
1721642400.c1.snap.jpg,1721642400,0.12,25.6
1721644200.c1.snap.jpg,1721644200,0.13,8.54
1721646000.c1.snap.jpg,1721646000,0.12,7.88
1721647800.c1.snap.jpg,1721647800,0.12,25.6
1721649600.c1.snap.jpg,1721649600,0.11,7.88
1721656800.c1.snap.jpg,1721656800,0.12,20.48
1721658600.c1.snap.jpg,1721658600,0.14,25.6
1721660400.c1.snap.jpg,1721660400,0.14,1.5
1721662200.c1.snap.jpg,1721662200,0.16,25.6
1721664000.c1.snap.jpg,1721664000,0.15,5.12
1721665800.c1.snap.jpg,1721665800,0.14,4.66
1721667600.c1.snap.jpg,1721667600,0.14,4.66
1721669400.c1.snap.jpg,1721669400,0.14,4.26
1721671200.c1.snap.jpg,1721671200,0.15,20.48
1721673000.c1.snap.jpg,1721673000,0.09,4.66
1721676600.c1.snap.jpg,1721676600,0.1,4.1
1721678400.c1.snap.jpg,1721678400,0.1,4.46
1721680200.c1.snap.jpg,1721680200,0.11,4.1
1721682000.c1.snap.jpg,1721682000,0.13,25.6
1721683800.c1.snap.jpg,1721683800,0.16,2.08
1721685600.c1.snap.jpg,1721685600,0.2,2.0
1721687400.c1.snap.jpg,1721687400,0.22,2.18
1721689200.c1.snap.jpg,1721689200,0.23,2.18
1721691000.c1.snap.jpg,1721691000,0.22,2.22
1721692800.c1.snap.jpg,1721692800,0.21,2.22
1721694600.c1.snap.jpg,1721694600,0.2,2.22
1721696400.c1.snap.jpg,1721696400,0.19,20.48
1721698200.c1.snap.jpg,1721698200,0.17,2.04
1721701800.c1.snap.jpg,1721701800,0.15,25.6
1721703600.c1.snap.jpg,1721703600,0.15,2.04
1721705400.c1.snap.jpg,1721705400,0.16,2.04
1721707200.c1.snap.jpg,1721707200,0.18,2.14
1721709000.c1.snap.jpg,1721709000,0.17,2.14
1721710800.c1.snap.jpg,1721710800,0.17,2.22
1721712600.c1.snap.jpg,1721712600,0.16,2.28
1721714400.c1.snap.jpg,1721714400,0.16,2.38
1721716200.c1.snap.jpg,1721716200,0.17,2.32
1721718000.c1.snap.jpg,1721718000,0.17,2.32
1721719800.c1.snap.jpg,1721719800,0.16,2.28
1721721600.c1.snap.jpg,1721721600,0.17,2.38
1721723400.c1.snap.jpg,1721723400,0.18,2.44
1721725200.c1.snap.jpg,1721725200,0.19,2.38
1721727000.c1.snap.jpg,1721727000,0.19,2.28
1721728800.c1.snap.jpg,1721728800,0.19,2.28
1721730600.c1.snap.jpg,1721730600,0.2,2.44
1721732400.c1.snap.jpg,1721732400,0.22,2.22
1721734200.c1.snap.jpg,1721734200,0.21,2.18
1721736000.c1.snap.jpg,1721736000,0.17,2.14
1721743200.c1.snap.jpg,1721743200,0.18,2.14
1721745000.c1.snap.jpg,1721745000,0.16,2.84
1721746800.c1.snap.jpg,1721746800,0.16,3.02
1721748600.c1.snap.jpg,1721748600,0.18,2.92
1721750400.c1.snap.jpg,1721750400,0.18,20.48
1721752200.c1.snap.jpg,1721752200,0.17,2.76
1721754000.c1.snap.jpg,1721754000,0.16,2.92
1721755800.c1.snap.jpg,1721755800,0.14,20.48
1721757600.c1.snap.jpg,1721757600,0.15,3.02
1721759400.c1.snap.jpg,1721759400,0.16,3.42
1721761200.c1.snap.jpg,1721761200,0.19,3.66
1721763000.c1.snap.jpg,1721763000,0.22,3.54
1721764800.c1.snap.jpg,1721764800,0.22,2.84
1721766600.c1.snap.jpg,1721766600,0.22,2.32
1721768400.c1.snap.jpg,1721768400,0.21,2.5
1721770200.c1.snap.jpg,1721770200,0.21,2.7
1721772000.c1.snap.jpg,1721772000,0.2,2.18
1721773800.c1.snap.jpg,1721773800,0.21,4.1
1721775600.c1.snap.jpg,1721775600,0.19,4.1
1721777400.c1.snap.jpg,1721777400,0.22,2.04
1721779200.c1.snap.jpg,1721779200,0.22,1.94
1721781000.c1.snap.jpg,1721781000,0.21,1.96
1721782800.c1.snap.jpg,1721782800,0.18,25.6
1721784600.c1.snap.jpg,1721784600,0.18,3.94
1721786400.c1.snap.jpg,1721786400,0.16,3.94
1721788200.c1.snap.jpg,1721788200,0.16,4.1
1721790000.c1.snap.jpg,1721790000,0.18,4.1
1721791800.c1.snap.jpg,1721791800,0.26,2.56
1721793600.c1.snap.jpg,1721793600,0.24,2.62
1721795400.c1.snap.jpg,1721795400,0.23,2.5
1721797200.c1.snap.jpg,1721797200,0.21,2.5
1721799000.c1.snap.jpg,1721799000,0.19,2.18
1721800800.c1.snap.jpg,1721800800,0.18,2.28
1721802600.c1.snap.jpg,1721802600,0.17,2.28
1721804400.c1.snap.jpg,1721804400,0.18,2.14
1721806200.c1.snap.jpg,1721806200,0.18,2.08
1721808000.c1.snap.jpg,1721808000,0.18,2.08
1721809800.c1.snap.jpg,1721809800,0.17,2.04
1721811600.c1.snap.jpg,1721811600,0.18,2.44
1721813400.c1.snap.jpg,1721813400,0.2,2.56
1721817000.c1.snap.jpg,1721817000,0.18,2.62
1721820600.c1.snap.jpg,1721820600,0.17,2.5
1721822400.c1.snap.jpg,1721822400,0.17,2.56
1721829600.c1.snap.jpg,1721829600,0.17,1.7
1721831400.c1.snap.jpg,1721831400,0.18,1.68
1721833200.c1.snap.jpg,1721833200,0.17,1.6
1721835000.c1.snap.jpg,1721835000,0.17,25.6
1721836800.c1.snap.jpg,1721836800,0.17,14.62
1721838600.c1.snap.jpg,1721838600,0.16,20.48
1721840400.c1.snap.jpg,1721840400,0.18,1.52
1721842200.c1.snap.jpg,1721842200,0.18,20.48
1721844000.c1.snap.jpg,1721844000,0.16,20.48
1721845800.c1.snap.jpg,1721845800,0.13,25.6
1721847600.c1.snap.jpg,1721847600,0.13,2.5
1721849400.c1.snap.jpg,1721849400,0.15,2.7
1721851200.c1.snap.jpg,1721851200,0.16,2.56
1721853000.c1.snap.jpg,1721853000,0.15,2.62
1721854800.c1.snap.jpg,1721854800,0.17,2.56
1721856600.c1.snap.jpg,1721856600,0.2,2.14
1721858400.c1.snap.jpg,1721858400,0.22,2.32
1721860200.c1.snap.jpg,1721860200,0.23,2.22
1721862000.c1.snap.jpg,1721862000,0.22,2.22
1721863800.c1.snap.jpg,1721863800,0.19,2.14
1721865600.c1.snap.jpg,1721865600,0.18,2.04
1721867400.c1.snap.jpg,1721867400,0.19,1.96
1721869200.c1.snap.jpg,1721869200,0.19,1.9
1721871000.c1.snap.jpg,1721871000,0.18,1.9
1721872800.c1.snap.jpg,1721872800,0.18,1.86
1721874600.c1.snap.jpg,1721874600,0.17,20.48
1721876400.c1.snap.jpg,1721876400,0.17,1.9
1721878200.c1.snap.jpg,1721878200,0.17,1.9
1721880000.c1.snap.jpg,1721880000,0.16,25.6
1721881800.c1.snap.jpg,1721881800,0.14,25.6
1721885400.c1.snap.jpg,1721885400,0.18,1.9
1721887200.c1.snap.jpg,1721887200,0.21,1.94
1721889000.c1.snap.jpg,1721889000,0.21,2.04
1721890800.c1.snap.jpg,1721890800,0.17,2.18
1721892600.c1.snap.jpg,1721892600,0.16,1.94
1721894400.c1.snap.jpg,1721894400,0.14,1.86
1721896200.c1.snap.jpg,1721896200,0.12,1.8
1721898000.c1.snap.jpg,1721898000,0.1,1.7
1721899800.c1.snap.jpg,1721899800,0.09,1.62
1721901600.c1.snap.jpg,1721901600,0.07,1.62
1721907000.c1.snap.jpg,1721907000,0.06,20.48
1721908800.c1.snap.jpg,1721908800,0.09,20.48
1721916000.c1.snap.jpg,1721916000,0.55,3.3
1721919600.c1.snap.jpg,1721919600,0.79,4.26
1721921400.c1.snap.jpg,1721921400,0.8,4.26
1721923200.c1.snap.jpg,1721923200,0.75,4.26
1721925000.c1.snap.jpg,1721925000,0.73,4.1
1721926800.c1.snap.jpg,1721926800,0.65,4.1
1721928600.c1.snap.jpg,1721928600,0.61,3.94
1721930400.c1.snap.jpg,1721930400,0.61,3.94
1721932200.c1.snap.jpg,1721932200,0.59,3.94
1721934000.c1.snap.jpg,1721934000,0.59,3.94
1721935800.c1.snap.jpg,1721935800,0.57,3.94
1721937600.c1.snap.jpg,1721937600,0.53,3.54
1721939400.c1.snap.jpg,1721939400,0.54,4.1
1721941200.c1.snap.jpg,1721941200,0.51,4.26
1721944800.c1.snap.jpg,1721944800,0.47,4.1
1721946600.c1.snap.jpg,1721946600,0.42,3.94
1721948400.c1.snap.jpg,1721948400,0.42,4.1
1721950200.c1.snap.jpg,1721950200,0.39,4.1
1721952000.c1.snap.jpg,1721952000,0.36,4.1
1721953800.c1.snap.jpg,1721953800,0.36,3.94
1721955600.c1.snap.jpg,1721955600,0.35,4.1
1721957400.c1.snap.jpg,1721957400,0.33,4.1
1721959200.c1.snap.jpg,1721959200,0.34,3.94
1721961000.c1.snap.jpg,1721961000,0.31,4.1
1721962800.c1.snap.jpg,1721962800,0.31,4.1
1721964600.c1.snap.jpg,1721964600,0.29,3.94
1721966400.c1.snap.jpg,1721966400,0.29,4.1
1721968200.c1.snap.jpg,1721968200,0.33,3.94
1721970000.c1.snap.jpg,1721970000,0.35,2.38
1721971800.c1.snap.jpg,1721971800,0.37,2.7
1721973600.c1.snap.jpg,1721973600,0.41,2.92
1721977200.c1.snap.jpg,1721977200,0.41,2.92
1721979000.c1.snap.jpg,1721979000,0.4,2.76
1721980800.c1.snap.jpg,1721980800,0.47,2.76
1721982600.c1.snap.jpg,1721982600,0.47,3.66
1721984400.c1.snap.jpg,1721984400,0.45,3.66
1721986200.c1.snap.jpg,1721986200,0.48,3.02
1721988000.c1.snap.jpg,1721988000,0.56,3.8
1721995200.c1.snap.jpg,1721995200,0.69,3.66
1722002400.c1.snap.jpg,1722002400,0.56,4.26
1722004200.c1.snap.jpg,1722004200,0.55,3.94
1722006000.c1.snap.jpg,1722006000,0.62,3.8
1722007800.c1.snap.jpg,1722007800,0.7,3.42
1722009600.c1.snap.jpg,1722009600,0.81,3.42
1722011400.c1.snap.jpg,1722011400,0.89,3.94
1722013200.c1.snap.jpg,1722013200,0.97,4.1
1722015000.c1.snap.jpg,1722015000,0.97,4.1
1722016800.c1.snap.jpg,1722016800,0.96,4.26
1722018600.c1.snap.jpg,1722018600,0.88,4.1
1722020400.c1.snap.jpg,1722020400,0.9,4.1
1722022200.c1.snap.jpg,1722022200,0.85,4.46
1722024000.c1.snap.jpg,1722024000,0.92,4.26
1722025800.c1.snap.jpg,1722025800,1.38,25.6
1722027600.c1.snap.jpg,1722027600,0.97,4.1
1722029400.c1.snap.jpg,1722029400,0.97,4.46
1722031200.c1.snap.jpg,1722031200,0.97,4.46
1722033000.c1.snap.jpg,1722033000,0.94,4.26
1722034800.c1.snap.jpg,1722034800,0.93,4.26
1722036600.c1.snap.jpg,1722036600,0.9,4.1
1722038400.c1.snap.jpg,1722038400,0.92,4.26
1722040200.c1.snap.jpg,1722040200,0.85,4.1
1722042000.c1.snap.jpg,1722042000,0.83,4.26
1722043800.c1.snap.jpg,1722043800,0.86,4.26
1722045600.c1.snap.jpg,1722045600,0.84,4.1
1722047400.c1.snap.jpg,1722047400,0.91,4.46
1722049200.c1.snap.jpg,1722049200,0.99,4.66
1722051000.c1.snap.jpg,1722051000,1.02,4.66
1722052800.c1.snap.jpg,1722052800,0.91,4.46
1722054600.c1.snap.jpg,1722054600,0.78,4.46
1722056400.c1.snap.jpg,1722056400,0.68,4.46
1722058200.c1.snap.jpg,1722058200,0.58,4.26
1722060000.c1.snap.jpg,1722060000,0.57,4.1
1722061800.c1.snap.jpg,1722061800,0.54,3.8
1722063600.c1.snap.jpg,1722063600,0.53,3.8
1722065400.c1.snap.jpg,1722065400,0.55,3.94
1722067200.c1.snap.jpg,1722067200,0.57,3.8
1722069000.c1.snap.jpg,1722069000,0.68,3.8
1722070800.c1.snap.jpg,1722070800,0.78,4.1
1722072600.c1.snap.jpg,1722072600,0.9,4.46
1722074400.c1.snap.jpg,1722074400,0.93,5.12
1722088800.c1.snap.jpg,1722088800,1.03,4.88
1722090600.c1.snap.jpg,1722090600,0.95,5.38
1722092400.c1.snap.jpg,1722092400,0.96,5.12
1722094200.c1.snap.jpg,1722094200,0.96,5.12
1722096000.c1.snap.jpg,1722096000,0.89,5.12
1722097800.c1.snap.jpg,1722097800,0.88,5.38
1722101400.c1.snap.jpg,1722101400,0.93,5.12
1722103200.c1.snap.jpg,1722103200,0.95,5.12
1722105000.c1.snap.jpg,1722105000,0.95,5.68
1722106800.c1.snap.jpg,1722106800,1.02,5.68
1722108600.c1.snap.jpg,1722108600,1.05,6.02
1722110400.c1.snap.jpg,1722110400,1.14,5.68
1722112200.c1.snap.jpg,1722112200,1.08,6.02
1722114000.c1.snap.jpg,1722114000,1.11,6.02
1722115800.c1.snap.jpg,1722115800,1.21,6.02
1722117600.c1.snap.jpg,1722117600,1.1,6.02
1722119400.c1.snap.jpg,1722119400,1.09,5.38
1722121200.c1.snap.jpg,1722121200,1.13,5.12
1722123000.c1.snap.jpg,1722123000,1.06,5.12
1722124800.c1.snap.jpg,1722124800,1.04,4.66
1722126600.c1.snap.jpg,1722126600,1.02,4.66
1722128400.c1.snap.jpg,1722128400,1.04,4.66
1722130200.c1.snap.jpg,1722130200,0.97,6.02
1722132000.c1.snap.jpg,1722132000,1.02,4.46
1722133800.c1.snap.jpg,1722133800,0.94,5.68
1722135600.c1.snap.jpg,1722135600,0.9,4.66
1722137400.c1.snap.jpg,1722137400,0.94,4.66
1722139200.c1.snap.jpg,1722139200,0.87,5.68
1722141000.c1.snap.jpg,1722141000,0.88,4.88
1722142800.c1.snap.jpg,1722142800,0.88,5.38
1722144600.c1.snap.jpg,1722144600,0.84,5.68
1722146400.c1.snap.jpg,1722146400,0.79,6.02
1722148200.c1.snap.jpg,1722148200,0.79,5.38
1722150000.c1.snap.jpg,1722150000,0.76,5.12
1722151800.c1.snap.jpg,1722151800,0.77,4.66
1722153600.c1.snap.jpg,1722153600,0.74,4.88
1722155400.c1.snap.jpg,1722155400,0.73,6.02
1722157200.c1.snap.jpg,1722157200,0.69,5.38
1722159000.c1.snap.jpg,1722159000,0.7,4.88
1722168000.c1.snap.jpg,1722168000,0.63,5.38
1722175200.c1.snap.jpg,1722175200,0.59,5.38
1722177000.c1.snap.jpg,1722177000,0.54,5.38
1722178800.c1.snap.jpg,1722178800,0.53,5.38
1722180600.c1.snap.jpg,1722180600,0.51,5.38
1722182400.c1.snap.jpg,1722182400,0.49,5.12
1722184200.c1.snap.jpg,1722184200,0.45,5.38
1722186000.c1.snap.jpg,1722186000,0.4,4.88
1722187800.c1.snap.jpg,1722187800,0.4,5.38
1722189600.c1.snap.jpg,1722189600,0.4,5.12
1722193200.c1.snap.jpg,1722193200,0.37,4.88
1722195000.c1.snap.jpg,1722195000,0.35,5.12
1722196800.c1.snap.jpg,1722196800,0.34,5.12
1722200400.c1.snap.jpg,1722200400,0.31,4.88
1722202200.c1.snap.jpg,1722202200,0.29,4.88
1722204000.c1.snap.jpg,1722204000,0.26,4.46
1722205800.c1.snap.jpg,1722205800,0.25,4.66
1722207600.c1.snap.jpg,1722207600,0.25,4.88
1722209400.c1.snap.jpg,1722209400,0.23,4.66
1722211200.c1.snap.jpg,1722211200,0.22,4.26
1722213000.c1.snap.jpg,1722213000,0.23,4.66
1722214800.c1.snap.jpg,1722214800,0.22,4.1
1722216600.c1.snap.jpg,1722216600,0.28,4.46
1722218400.c1.snap.jpg,1722218400,0.33,1.82
1722220200.c1.snap.jpg,1722220200,0.3,4.46
1722223800.c1.snap.jpg,1722223800,0.26,4.1
1722225600.c1.snap.jpg,1722225600,0.31,25.6
1722227400.c1.snap.jpg,1722227400,0.24,4.46
1722229200.c1.snap.jpg,1722229200,0.19,4.1
1722231000.c1.snap.jpg,1722231000,0.19,4.26
1722232800.c1.snap.jpg,1722232800,0.22,2.84
1722234600.c1.snap.jpg,1722234600,0.24,2.84
1722236400.c1.snap.jpg,1722236400,0.25,3.02
1722238200.c1.snap.jpg,1722238200,0.22,3.1
1722240000.c1.snap.jpg,1722240000,0.21,3.02
1722241800.c1.snap.jpg,1722241800,0.21,3.02
1722243600.c1.snap.jpg,1722243600,0.22,3.02
1722245400.c1.snap.jpg,1722245400,0.21,1.52
1722261600.c1.snap.jpg,1722261600,0.34,2.56
1722263400.c1.snap.jpg,1722263400,0.48,2.92
1722265200.c1.snap.jpg,1722265200,0.56,3.1
1722267000.c1.snap.jpg,1722267000,0.61,3.1
1722268800.c1.snap.jpg,1722268800,0.79,3.54
1722270600.c1.snap.jpg,1722270600,0.95,3.94
1722272400.c1.snap.jpg,1722272400,1.11,4.46
1722274200.c1.snap.jpg,1722274200,1.16,4.66
1722276000.c1.snap.jpg,1722276000,1.24,4.66
1722277800.c1.snap.jpg,1722277800,1.17,4.88
1722279600.c1.snap.jpg,1722279600,1.04,4.88
1722281400.c1.snap.jpg,1722281400,1.09,4.88
1722283200.c1.snap.jpg,1722283200,1.01,4.88
1722285000.c1.snap.jpg,1722285000,0.89,4.66
1722286800.c1.snap.jpg,1722286800,0.82,4.66
1722288600.c1.snap.jpg,1722288600,0.82,4.66
1722290400.c1.snap.jpg,1722290400,0.73,4.46
1722292200.c1.snap.jpg,1722292200,0.69,4.46
1722294000.c1.snap.jpg,1722294000,0.67,4.26
1722295800.c1.snap.jpg,1722295800,0.62,4.26
1722297600.c1.snap.jpg,1722297600,0.62,3.94
1722299400.c1.snap.jpg,1722299400,0.61,4.1
1722303000.c1.snap.jpg,1722303000,0.59,4.26
1722304800.c1.snap.jpg,1722304800,0.55,4.1
1722306600.c1.snap.jpg,1722306600,0.52,3.8
1722308400.c1.snap.jpg,1722308400,0.49,3.66
1722310200.c1.snap.jpg,1722310200,0.5,3.8
1722312000.c1.snap.jpg,1722312000,0.52,4.1
1722313800.c1.snap.jpg,1722313800,0.55,3.94
1722315600.c1.snap.jpg,1722315600,0.6,3.66
1722317400.c1.snap.jpg,1722317400,0.66,3.94
1722319200.c1.snap.jpg,1722319200,0.71,3.8
1722321000.c1.snap.jpg,1722321000,0.65,3.66
1722322800.c1.snap.jpg,1722322800,0.72,3.8
1722324600.c1.snap.jpg,1722324600,0.64,3.94
1722326400.c1.snap.jpg,1722326400,0.72,2.92
1722328200.c1.snap.jpg,1722328200,0.7,3.3
1722330000.c1.snap.jpg,1722330000,0.95,4.1
1722331800.c1.snap.jpg,1722331800,0.93,3.94
1722348000.c1.snap.jpg,1722348000,0.89,5.12
1722349800.c1.snap.jpg,1722349800,0.88,6.02
1722351600.c1.snap.jpg,1722351600,0.91,5.68
1722353400.c1.snap.jpg,1722353400,0.96,5.38
1722355200.c1.snap.jpg,1722355200,0.98,6.4
1722357000.c1.snap.jpg,1722357000,0.96,6.4
1722358800.c1.snap.jpg,1722358800,0.89,6.02
1722360600.c1.snap.jpg,1722360600,0.85,6.02
1722362400.c1.snap.jpg,1722362400,0.8,5.68
1722364200.c1.snap.jpg,1722364200,0.74,5.38
1722366000.c1.snap.jpg,1722366000,0.72,5.38
1722367800.c1.snap.jpg,1722367800,0.64,5.12
1722369600.c1.snap.jpg,1722369600,0.68,5.68
1722371400.c1.snap.jpg,1722371400,0.62,4.88
1722373200.c1.snap.jpg,1722373200,0.63,5.38
1722375000.c1.snap.jpg,1722375000,0.62,4.66
1722376800.c1.snap.jpg,1722376800,0.69,5.38
1722378600.c1.snap.jpg,1722378600,0.76,4.66
1722380400.c1.snap.jpg,1722380400,0.75,4.66
1722382200.c1.snap.jpg,1722382200,0.8,4.26
1722384000.c1.snap.jpg,1722384000,0.79,4.26
1722385800.c1.snap.jpg,1722385800,0.73,3.8
1722387600.c1.snap.jpg,1722387600,0.73,4.1
1722389400.c1.snap.jpg,1722389400,0.75,3.8
1722391200.c1.snap.jpg,1722391200,0.68,3.94
1722393000.c1.snap.jpg,1722393000,0.69,3.94
1722394800.c1.snap.jpg,1722394800,0.68,3.94
1722396600.c1.snap.jpg,1722396600,0.66,3.8
1722398400.c1.snap.jpg,1722398400,0.72,4.1
1722400200.c1.snap.jpg,1722400200,0.73,4.1
1722402000.c1.snap.jpg,1722402000,0.75,4.46
1722403800.c1.snap.jpg,1722403800,0.8,4.26
1722405600.c1.snap.jpg,1722405600,0.79,4.88
1722407400.c1.snap.jpg,1722407400,0.79,4.88
1722409200.c1.snap.jpg,1722409200,0.83,4.88
1722411000.c1.snap.jpg,1722411000,0.81,4.66
1722412800.c1.snap.jpg,1722412800,0.83,4.88
1722414600.c1.snap.jpg,1722414600,0.85,4.88
1722416400.c1.snap.jpg,1722416400,0.82,4.88
1722418200.c1.snap.jpg,1722418200,0.88,4.66
1722434400.c1.snap.jpg,1722434400,1.1,5.38
1722436200.c1.snap.jpg,1722436200,1.07,5.12
1722438000.c1.snap.jpg,1722438000,1.09,5.12
1722439800.c1.snap.jpg,1722439800,1.02,5.12
1722441600.c1.snap.jpg,1722441600,1.08,5.38
1722443400.c1.snap.jpg,1722443400,1.05,4.88
1722445200.c1.snap.jpg,1722445200,1.06,5.12
1722447000.c1.snap.jpg,1722447000,1.07,5.12
1722448800.c1.snap.jpg,1722448800,1.06,5.12
1722450600.c1.snap.jpg,1722450600,1.04,5.12
1722452400.c1.snap.jpg,1722452400,1.05,4.88
1722456000.c1.snap.jpg,1722456000,1.14,5.38
1722457800.c1.snap.jpg,1722457800,1.12,5.38
1722459600.c1.snap.jpg,1722459600,1.13,5.38
1722461400.c1.snap.jpg,1722461400,1.13,5.38
1722463200.c1.snap.jpg,1722463200,1.1,4.66
1722465000.c1.snap.jpg,1722465000,1.12,5.68
1722466800.c1.snap.jpg,1722466800,1.17,5.12
1722468600.c1.snap.jpg,1722468600,1.23,5.12
1722470400.c1.snap.jpg,1722470400,1.18,5.38
1722472200.c1.snap.jpg,1722472200,1.19,5.12
1722474000.c1.snap.jpg,1722474000,1.26,5.12
1722475800.c1.snap.jpg,1722475800,1.21,5.12
1722477600.c1.snap.jpg,1722477600,1.19,4.88
1722479400.c1.snap.jpg,1722479400,1.18,6.02
1722481200.c1.snap.jpg,1722481200,1.22,4.66
1722484800.c1.snap.jpg,1722484800,1.16,4.88
1722486600.c1.snap.jpg,1722486600,1.22,6.4
1722488400.c1.snap.jpg,1722488400,1.18,5.68
1722490200.c1.snap.jpg,1722490200,1.19,6.02
1722492000.c1.snap.jpg,1722492000,1.22,5.68
1722493800.c1.snap.jpg,1722493800,1.29,5.38
1722495600.c1.snap.jpg,1722495600,1.23,5.12
1722497400.c1.snap.jpg,1722497400,1.19,6.02
1722499200.c1.snap.jpg,1722499200,1.16,5.38
1722501000.c1.snap.jpg,1722501000,1.17,6.4
1722502800.c1.snap.jpg,1722502800,1.2,5.12
1722520800.c1.snap.jpg,1722520800,1.44,5.68
1722522600.c1.snap.jpg,1722522600,1.41,6.02
1722524400.c1.snap.jpg,1722524400,1.43,6.02
1722526200.c1.snap.jpg,1722526200,1.39,6.4
1722528000.c1.snap.jpg,1722528000,1.5,5.12
1722529800.c1.snap.jpg,1722529800,1.38,6.02
1722531600.c1.snap.jpg,1722531600,1.39,5.68
1722533400.c1.snap.jpg,1722533400,1.35,5.38
1722535200.c1.snap.jpg,1722535200,1.35,5.68
1722537000.c1.snap.jpg,1722537000,1.32,4.88
1722538800.c1.snap.jpg,1722538800,1.37,6.02
1722540600.c1.snap.jpg,1722540600,1.37,5.38
1722542400.c1.snap.jpg,1722542400,1.38,6.02
1722544200.c1.snap.jpg,1722544200,1.38,6.02
1722546000.c1.snap.jpg,1722546000,1.33,4.88
1722547800.c1.snap.jpg,1722547800,1.3,5.12
1722549600.c1.snap.jpg,1722549600,1.34,5.12
1722551400.c1.snap.jpg,1722551400,1.34,5.38
1722553200.c1.snap.jpg,1722553200,1.38,5.38
1722555000.c1.snap.jpg,1722555000,1.35,4.88
1722556800.c1.snap.jpg,1722556800,1.32,5.12
1722558600.c1.snap.jpg,1722558600,1.37,5.12
1722562200.c1.snap.jpg,1722562200,1.39,4.88
1722564000.c1.snap.jpg,1722564000,1.29,4.88
1722565800.c1.snap.jpg,1722565800,1.32,5.38
1722567600.c1.snap.jpg,1722567600,1.27,5.38
1722569400.c1.snap.jpg,1722569400,1.27,4.66
1722571200.c1.snap.jpg,1722571200,1.27,5.38
1722573000.c1.snap.jpg,1722573000,1.31,5.12
1722574800.c1.snap.jpg,1722574800,1.27,4.88
1722576600.c1.snap.jpg,1722576600,1.2,5.12
1722578400.c1.snap.jpg,1722578400,1.29,6.02
1722580200.c1.snap.jpg,1722580200,1.27,6.02
1722582000.c1.snap.jpg,1722582000,1.22,6.02
1722583800.c1.snap.jpg,1722583800,1.17,6.02
1722587400.c1.snap.jpg,1722587400,1.15,6.02
1722589200.c1.snap.jpg,1722589200,1.14,5.68
1722607200.c1.snap.jpg,1722607200,1.15,4.88
1722609000.c1.snap.jpg,1722609000,1.21,5.12
1722610800.c1.snap.jpg,1722610800,1.26,4.88
1722612600.c1.snap.jpg,1722612600,1.14,5.12
1722614400.c1.snap.jpg,1722614400,1.15,4.88
1722616200.c1.snap.jpg,1722616200,1.14,4.88
1722618000.c1.snap.jpg,1722618000,1.07,4.88
1722619800.c1.snap.jpg,1722619800,1.05,4.88
1722621600.c1.snap.jpg,1722621600,0.98,4.88
1722623400.c1.snap.jpg,1722623400,1.02,4.66
1722625200.c1.snap.jpg,1722625200,0.94,4.66
1722627000.c1.snap.jpg,1722627000,0.91,4.66
1722628800.c1.snap.jpg,1722628800,0.91,4.88
1722630600.c1.snap.jpg,1722630600,0.92,4.88
1722632400.c1.snap.jpg,1722632400,0.84,4.66
1722634200.c1.snap.jpg,1722634200,0.85,4.66
1722636000.c1.snap.jpg,1722636000,0.86,4.66
1722637800.c1.snap.jpg,1722637800,0.78,4.66
1722639600.c1.snap.jpg,1722639600,0.76,4.46
1722641400.c1.snap.jpg,1722641400,0.69,4.66
1722643200.c1.snap.jpg,1722643200,0.64,4.88
1722645000.c1.snap.jpg,1722645000,0.62,4.46
1722646800.c1.snap.jpg,1722646800,0.54,4.66
1722648600.c1.snap.jpg,1722648600,0.54,4.46
1722650400.c1.snap.jpg,1722650400,0.53,4.26
1722652200.c1.snap.jpg,1722652200,0.49,4.46
1722654000.c1.snap.jpg,1722654000,0.5,2.92
1722655800.c1.snap.jpg,1722655800,0.49,3.1
1722657600.c1.snap.jpg,1722657600,0.52,3.1
1722659400.c1.snap.jpg,1722659400,0.58,3.1
1722661200.c1.snap.jpg,1722661200,0.6,3.3
1722663000.c1.snap.jpg,1722663000,0.57,3.42
1722664800.c1.snap.jpg,1722664800,0.55,3.54
1722666600.c1.snap.jpg,1722666600,0.53,3.42
1722668400.c1.snap.jpg,1722668400,0.52,3.42
1722670200.c1.snap.jpg,1722670200,0.52,3.3
1722672000.c1.snap.jpg,1722672000,0.48,3.42
1722673800.c1.snap.jpg,1722673800,0.45,3.2
1722675600.c1.snap.jpg,1722675600,0.4,3.3
1722693600.c1.snap.jpg,1722693600,0.82,3.66
1722695400.c1.snap.jpg,1722695400,0.86,4.1
1722697200.c1.snap.jpg,1722697200,0.87,4.46
1722699000.c1.snap.jpg,1722699000,0.92,4.26
1722700800.c1.snap.jpg,1722700800,1.02,4.1
1722702600.c1.snap.jpg,1722702600,1.05,4.46
1722704400.c1.snap.jpg,1722704400,0.96,4.26
1722706200.c1.snap.jpg,1722706200,0.99,4.46
1722708000.c1.snap.jpg,1722708000,0.93,4.66
1722711600.c1.snap.jpg,1722711600,0.86,4.66
1722713400.c1.snap.jpg,1722713400,0.86,4.46
1722715200.c1.snap.jpg,1722715200,0.8,4.46
1722717000.c1.snap.jpg,1722717000,0.76,4.1
1722718800.c1.snap.jpg,1722718800,0.83,4.1
1722722400.c1.snap.jpg,1722722400,0.84,4.46
1722724200.c1.snap.jpg,1722724200,0.88,4.46
1722726000.c1.snap.jpg,1722726000,0.93,4.46
1722727800.c1.snap.jpg,1722727800,0.83,4.46
1722729600.c1.snap.jpg,1722729600,0.78,4.46
1722731400.c1.snap.jpg,1722731400,0.81,4.66
1722733200.c1.snap.jpg,1722733200,0.76,4.1
1722735000.c1.snap.jpg,1722735000,0.76,4.26
1722736800.c1.snap.jpg,1722736800,0.71,4.66
1722738600.c1.snap.jpg,1722738600,0.75,4.1
1722740400.c1.snap.jpg,1722740400,0.71,4.1
1722742200.c1.snap.jpg,1722742200,0.79,4.1
1722744000.c1.snap.jpg,1722744000,0.67,4.26
1722745800.c1.snap.jpg,1722745800,0.68,4.26
1722747600.c1.snap.jpg,1722747600,0.71,4.1
1722749400.c1.snap.jpg,1722749400,0.67,4.1
1722751200.c1.snap.jpg,1722751200,0.66,4.26
1722753000.c1.snap.jpg,1722753000,0.6,4.26
1722754800.c1.snap.jpg,1722754800,0.61,4.1
1722756600.c1.snap.jpg,1722756600,0.58,3.94
1722758400.c1.snap.jpg,1722758400,0.56,3.94
1722760200.c1.snap.jpg,1722760200,0.51,3.94
1722762000.c1.snap.jpg,1722762000,0.49,6.4
1722780000.c1.snap.jpg,1722780000,0.43,7.88
1722781800.c1.snap.jpg,1722781800,0.46,5.38
1722783600.c1.snap.jpg,1722783600,0.47,7.88
1722785400.c1.snap.jpg,1722785400,0.46,8.54
1722787200.c1.snap.jpg,1722787200,0.49,3.3
1722789000.c1.snap.jpg,1722789000,0.49,3.3
1722790800.c1.snap.jpg,1722790800,0.53,3.3
1722792600.c1.snap.jpg,1722792600,0.5,3.02
1722794400.c1.snap.jpg,1722794400,0.45,5.38
1722796200.c1.snap.jpg,1722796200,0.42,9.3
1722798000.c1.snap.jpg,1722798000,0.67,20.48
1722799800.c1.snap.jpg,1722799800,0.43,2.18
1722803400.c1.snap.jpg,1722803400,0.41,2.14
1722805200.c1.snap.jpg,1722805200,0.38,2.04
1722807000.c1.snap.jpg,1722807000,0.37,10.24
1722808800.c1.snap.jpg,1722808800,0.43,10.24
1722810600.c1.snap.jpg,1722810600,0.41,3.2
1722812400.c1.snap.jpg,1722812400,0.37,3.3
1722814200.c1.snap.jpg,1722814200,0.37,3.66
1722816000.c1.snap.jpg,1722816000,0.36,3.8
1722817800.c1.snap.jpg,1722817800,0.41,3.66
1722819600.c1.snap.jpg,1722819600,0.48,3.94
1722821400.c1.snap.jpg,1722821400,0.56,4.1
1722823200.c1.snap.jpg,1722823200,0.56,4.26
1722825000.c1.snap.jpg,1722825000,0.54,4.26
1722826800.c1.snap.jpg,1722826800,0.58,4.1
1722828600.c1.snap.jpg,1722828600,0.52,4.26
1722830400.c1.snap.jpg,1722830400,0.64,4.88
1722832200.c1.snap.jpg,1722832200,0.7,3.94
1722834000.c1.snap.jpg,1722834000,0.65,4.66
1722835800.c1.snap.jpg,1722835800,0.6,4.26
1722837600.c1.snap.jpg,1722837600,0.6,3.8
1722839400.c1.snap.jpg,1722839400,0.57,3.8
1722841200.c1.snap.jpg,1722841200,0.56,3.66
1722843000.c1.snap.jpg,1722843000,0.51,3.8
1722844800.c1.snap.jpg,1722844800,0.45,3.42
1722846600.c1.snap.jpg,1722846600,0.38,3.2
1722848400.c1.snap.jpg,1722848400,0.39,3.2
1722866400.c1.snap.jpg,1722866400,0.32,5.38
1722868200.c1.snap.jpg,1722868200,0.3,5.12
1722870000.c1.snap.jpg,1722870000,0.27,5.12
1722871800.c1.snap.jpg,1722871800,0.29,4.66
1722875400.c1.snap.jpg,1722875400,0.28,5.38
1722877200.c1.snap.jpg,1722877200,0.31,5.12
1722879000.c1.snap.jpg,1722879000,0.28,4.26
1722880800.c1.snap.jpg,1722880800,0.28,4.66
1722882600.c1.snap.jpg,1722882600,0.28,4.1
1722884400.c1.snap.jpg,1722884400,0.27,4.1
1722886200.c1.snap.jpg,1722886200,0.28,3.94
1722888000.c1.snap.jpg,1722888000,0.3,1.82
1722889800.c1.snap.jpg,1722889800,0.29,1.96
1722891600.c1.snap.jpg,1722891600,0.3,2.22
1722893400.c1.snap.jpg,1722893400,0.33,2.04
1722895200.c1.snap.jpg,1722895200,0.25,6.4
1722897000.c1.snap.jpg,1722897000,0.26,7.88
1722898800.c1.snap.jpg,1722898800,0.24,5.68
1722900600.c1.snap.jpg,1722900600,0.18,8.54
1722904200.c1.snap.jpg,1722904200,0.19,6.82
1722906000.c1.snap.jpg,1722906000,0.18,9.3
1722907800.c1.snap.jpg,1722907800,0.18,9.3
1722909600.c1.snap.jpg,1722909600,0.2,1.56
1722911400.c1.snap.jpg,1722911400,0.22,1.6
1722913200.c1.snap.jpg,1722913200,0.22,17.06
1722915000.c1.snap.jpg,1722915000,0.32,2.14
1722916800.c1.snap.jpg,1722916800,0.31,2.22
1722918600.c1.snap.jpg,1722918600,0.37,2.28
1722920400.c1.snap.jpg,1722920400,0.35,2.18
1722922200.c1.snap.jpg,1722922200,0.35,2.18
1722924000.c1.snap.jpg,1722924000,0.28,1.86
1722925800.c1.snap.jpg,1722925800,0.27,1.82
1722927600.c1.snap.jpg,1722927600,0.29,1.94
1722929400.c1.snap.jpg,1722929400,0.29,1.9
1722931200.c1.snap.jpg,1722931200,0.26,1.94
1722933000.c1.snap.jpg,1722933000,0.24,1.94
1722952800.c1.snap.jpg,1722952800,0.44,3.1
1722954600.c1.snap.jpg,1722954600,0.47,2.62
1722956400.c1.snap.jpg,1722956400,0.44,2.7
1722958200.c1.snap.jpg,1722958200,0.39,2.92
1722960000.c1.snap.jpg,1722960000,0.33,2.76
1722961800.c1.snap.jpg,1722961800,0.39,2.7
1722963600.c1.snap.jpg,1722963600,0.48,2.92
1722965400.c1.snap.jpg,1722965400,0.52,3.3
1722967200.c1.snap.jpg,1722967200,0.5,3.42
1722969000.c1.snap.jpg,1722969000,0.52,3.42
1722970800.c1.snap.jpg,1722970800,0.53,3.8
1722972600.c1.snap.jpg,1722972600,0.55,3.54
1722974400.c1.snap.jpg,1722974400,0.56,3.66
1722976200.c1.snap.jpg,1722976200,0.52,3.54
1722978000.c1.snap.jpg,1722978000,0.53,3.3
1722979800.c1.snap.jpg,1722979800,0.66,3.2
1722981600.c1.snap.jpg,1722981600,0.63,3.42
1722983400.c1.snap.jpg,1722983400,0.66,3.94
1722985200.c1.snap.jpg,1722985200,0.66,3.8
1722988800.c1.snap.jpg,1722988800,0.62,3.8
1722990600.c1.snap.jpg,1722990600,0.63,3.42
1722992400.c1.snap.jpg,1722992400,0.61,3.94
1722994200.c1.snap.jpg,1722994200,0.63,3.94
1722996000.c1.snap.jpg,1722996000,0.59,3.94
1722997800.c1.snap.jpg,1722997800,0.64,4.46
1722999600.c1.snap.jpg,1722999600,0.6,4.1
1723001400.c1.snap.jpg,1723001400,0.54,4.1
1723003200.c1.snap.jpg,1723003200,0.48,4.1
1723005000.c1.snap.jpg,1723005000,0.45,3.8
1723006800.c1.snap.jpg,1723006800,0.41,3.66
1723008600.c1.snap.jpg,1723008600,0.4,3.8
1723012200.c1.snap.jpg,1723012200,0.35,3.94
1723014000.c1.snap.jpg,1723014000,0.34,3.8
1723015800.c1.snap.jpg,1723015800,0.31,3.94
1723017600.c1.snap.jpg,1723017600,0.29,3.8
1723019400.c1.snap.jpg,1723019400,0.25,3.66
1723039200.c1.snap.jpg,1723039200,0.16,6.4
1723041000.c1.snap.jpg,1723041000,0.16,6.4
1723042800.c1.snap.jpg,1723042800,0.17,20.48
1723044600.c1.snap.jpg,1723044600,0.17,7.88
1723046400.c1.snap.jpg,1723046400,0.15,7.88
1723048200.c1.snap.jpg,1723048200,0.23,2.14
1723050000.c1.snap.jpg,1723050000,0.28,2.04
1723051800.c1.snap.jpg,1723051800,0.32,2.08
1723053600.c1.snap.jpg,1723053600,0.35,2.5
1723055400.c1.snap.jpg,1723055400,0.33,2.38
1723057200.c1.snap.jpg,1723057200,0.4,2.92
1723059000.c1.snap.jpg,1723059000,0.44,2.92
1723060800.c1.snap.jpg,1723060800,0.52,3.42
1723062600.c1.snap.jpg,1723062600,0.52,3.42
1723064400.c1.snap.jpg,1723064400,0.45,3.42
1723066200.c1.snap.jpg,1723066200,0.4,3.2
1723068000.c1.snap.jpg,1723068000,0.36,3.2
1723069800.c1.snap.jpg,1723069800,0.31,2.92
1723071600.c1.snap.jpg,1723071600,0.29,2.84
1723073400.c1.snap.jpg,1723073400,0.28,2.84
1723075200.c1.snap.jpg,1723075200,0.29,2.84
1723077000.c1.snap.jpg,1723077000,0.26,3.1
1723078800.c1.snap.jpg,1723078800,0.25,2.92
1723080600.c1.snap.jpg,1723080600,0.24,3.1
1723082400.c1.snap.jpg,1723082400,0.19,3.3
1723084200.c1.snap.jpg,1723084200,0.18,3.1
1723087800.c1.snap.jpg,1723087800,0.16,3.02
1723089600.c1.snap.jpg,1723089600,0.14,5.12
1723091400.c1.snap.jpg,1723091400,0.13,4.88
1723093200.c1.snap.jpg,1723093200,0.13,4.66
1723095000.c1.snap.jpg,1723095000,0.12,4.66
1723096800.c1.snap.jpg,1723096800,0.15,4.88
1723098600.c1.snap.jpg,1723098600,0.19,2.92
1723100400.c1.snap.jpg,1723100400,0.18,2.7
1723102200.c1.snap.jpg,1723102200,0.2,2.38
1723104000.c1.snap.jpg,1723104000,0.22,2.5
1723105800.c1.snap.jpg,1723105800,0.23,2.44
1723125600.c1.snap.jpg,1723125600,0.29,3.1
1723127400.c1.snap.jpg,1723127400,0.29,2.92
1723129200.c1.snap.jpg,1723129200,0.3,2.92
1723131000.c1.snap.jpg,1723131000,0.36,2.76
1723132800.c1.snap.jpg,1723132800,0.38,3.02
1723134600.c1.snap.jpg,1723134600,0.39,3.1
1723136400.c1.snap.jpg,1723136400,0.39,3.02
1723138200.c1.snap.jpg,1723138200,0.4,3.1
1723140000.c1.snap.jpg,1723140000,0.45,3.02
1723141800.c1.snap.jpg,1723141800,0.45,3.1
1723143600.c1.snap.jpg,1723143600,0.46,4.1
1723145400.c1.snap.jpg,1723145400,0.47,3.8
1723147200.c1.snap.jpg,1723147200,0.45,3.42
1723149000.c1.snap.jpg,1723149000,0.4,3.3
1723150800.c1.snap.jpg,1723150800,0.37,3.3
1723152600.c1.snap.jpg,1723152600,0.34,3.02
1723154400.c1.snap.jpg,1723154400,0.32,3.02
1723156200.c1.snap.jpg,1723156200,0.3,3.2
1723158000.c1.snap.jpg,1723158000,0.29,2.84
1723159800.c1.snap.jpg,1723159800,0.29,2.76
1723161600.c1.snap.jpg,1723161600,0.38,3.1
1723163400.c1.snap.jpg,1723163400,0.37,3.42
1723165200.c1.snap.jpg,1723165200,0.34,3.2
1723167000.c1.snap.jpg,1723167000,0.33,3.1
1723168800.c1.snap.jpg,1723168800,0.3,3.2
1723170600.c1.snap.jpg,1723170600,0.31,3.2
1723172400.c1.snap.jpg,1723172400,0.33,3.3
1723174200.c1.snap.jpg,1723174200,0.36,3.2
1723176000.c1.snap.jpg,1723176000,0.4,3.2
1723177800.c1.snap.jpg,1723177800,0.37,3.54
1723179600.c1.snap.jpg,1723179600,0.35,3.3
1723181400.c1.snap.jpg,1723181400,0.32,3.3
1723183200.c1.snap.jpg,1723183200,0.28,3.3
1723185000.c1.snap.jpg,1723185000,0.25,3.1
1723186800.c1.snap.jpg,1723186800,0.23,3.02
1723188600.c1.snap.jpg,1723188600,0.24,2.92
1723190400.c1.snap.jpg,1723190400,0.22,2.84
1723192200.c1.snap.jpg,1723192200,0.39,2.84
1723212000.c1.snap.jpg,1723212000,0.6,3.94
1723213800.c1.snap.jpg,1723213800,0.59,4.1
1723215600.c1.snap.jpg,1723215600,0.59,4.1
1723217400.c1.snap.jpg,1723217400,0.61,3.8
1723219200.c1.snap.jpg,1723219200,0.6,3.66
1723221000.c1.snap.jpg,1723221000,0.61,4.1
1723222800.c1.snap.jpg,1723222800,0.65,3.2
1723224600.c1.snap.jpg,1723224600,0.66,3.2
1723226400.c1.snap.jpg,1723226400,0.71,3.2
1723228200.c1.snap.jpg,1723228200,0.72,3.2
1723230000.c1.snap.jpg,1723230000,0.71,3.54
1723231800.c1.snap.jpg,1723231800,0.69,3.54
1723233600.c1.snap.jpg,1723233600,0.67,3.42
1723235400.c1.snap.jpg,1723235400,0.68,3.2
1723237200.c1.snap.jpg,1723237200,0.71,3.66
1723239000.c1.snap.jpg,1723239000,0.69,3.8
1723240800.c1.snap.jpg,1723240800,0.71,3.94
1723242600.c1.snap.jpg,1723242600,0.7,3.8
1723244400.c1.snap.jpg,1723244400,0.7,3.94
1723246200.c1.snap.jpg,1723246200,0.69,4.1
1723248000.c1.snap.jpg,1723248000,0.62,3.94
1723249800.c1.snap.jpg,1723249800,0.64,3.8
1723251600.c1.snap.jpg,1723251600,0.65,3.94
1723255200.c1.snap.jpg,1723255200,0.6,3.66
1723257000.c1.snap.jpg,1723257000,0.51,3.94
1723258800.c1.snap.jpg,1723258800,0.47,3.8
1723260600.c1.snap.jpg,1723260600,0.48,4.26
1723262400.c1.snap.jpg,1723262400,0.46,4.46
1723264200.c1.snap.jpg,1723264200,0.42,4.26
1723266000.c1.snap.jpg,1723266000,0.4,4.1
1723267800.c1.snap.jpg,1723267800,0.37,4.1
1723269600.c1.snap.jpg,1723269600,0.31,4.26
1723271400.c1.snap.jpg,1723271400,0.3,4.1
1723273200.c1.snap.jpg,1723273200,0.27,4.26
1723275000.c1.snap.jpg,1723275000,0.28,4.26
1723276800.c1.snap.jpg,1723276800,0.29,4.1
1723278600.c1.snap.jpg,1723278600,0.31,4.1
1723298400.c1.snap.jpg,1723298400,0.33,3.02
1723300200.c1.snap.jpg,1723300200,0.29,3.02
1723302000.c1.snap.jpg,1723302000,0.3,2.84
1723303800.c1.snap.jpg,1723303800,0.28,3.1
1723305600.c1.snap.jpg,1723305600,0.27,3.02
1723307400.c1.snap.jpg,1723307400,0.26,1.76
1723309200.c1.snap.jpg,1723309200,0.27,1.86
1723311000.c1.snap.jpg,1723311000,0.26,1.94
1723312800.c1.snap.jpg,1723312800,0.28,1.94
1723314600.c1.snap.jpg,1723314600,0.28,1.96
1723316400.c1.snap.jpg,1723316400,0.28,1.9
1723318200.c1.snap.jpg,1723318200,0.27,1.9
1723320000.c1.snap.jpg,1723320000,0.25,1.9
1723321800.c1.snap.jpg,1723321800,0.27,2.04
1723323600.c1.snap.jpg,1723323600,0.26,2.18
1723325400.c1.snap.jpg,1723325400,0.29,2.08
1723327200.c1.snap.jpg,1723327200,0.3,2.14
1723329000.c1.snap.jpg,1723329000,0.29,2.14
1723330800.c1.snap.jpg,1723330800,0.3,2.0
1723332600.c1.snap.jpg,1723332600,0.32,25.6
1723334400.c1.snap.jpg,1723334400,0.25,1.9
1723336200.c1.snap.jpg,1723336200,0.29,2.08
1723339800.c1.snap.jpg,1723339800,0.28,2.08
1723341600.c1.snap.jpg,1723341600,0.27,1.86
1723345200.c1.snap.jpg,1723345200,0.28,2.0
1723347000.c1.snap.jpg,1723347000,0.28,1.96
1723348800.c1.snap.jpg,1723348800,0.28,2.04
1723350600.c1.snap.jpg,1723350600,0.29,1.86
1723352400.c1.snap.jpg,1723352400,0.27,1.96
1723354200.c1.snap.jpg,1723354200,0.28,1.94
1723356000.c1.snap.jpg,1723356000,0.28,1.96
1723357800.c1.snap.jpg,1723357800,0.26,2.0
1723359600.c1.snap.jpg,1723359600,0.27,2.0
1723361400.c1.snap.jpg,1723361400,0.24,1.96
1723363200.c1.snap.jpg,1723363200,0.24,1.86
1723365000.c1.snap.jpg,1723365000,0.27,1.86
1723384800.c1.snap.jpg,1723384800,0.23,2.5
1723386600.c1.snap.jpg,1723386600,0.21,2.62
1723388400.c1.snap.jpg,1723388400,0.23,3.2
1723390200.c1.snap.jpg,1723390200,0.26,3.2
1723392000.c1.snap.jpg,1723392000,0.26,3.1
1723393800.c1.snap.jpg,1723393800,0.26,3.1
1723395600.c1.snap.jpg,1723395600,0.25,3.2
1723397400.c1.snap.jpg,1723397400,0.24,3.02
1723399200.c1.snap.jpg,1723399200,0.24,3.1
1723401000.c1.snap.jpg,1723401000,0.22,2.92
1723402800.c1.snap.jpg,1723402800,0.23,2.92
1723404600.c1.snap.jpg,1723404600,0.28,2.5
1723406400.c1.snap.jpg,1723406400,0.31,3.1
1723408200.c1.snap.jpg,1723408200,0.35,3.1
1723410000.c1.snap.jpg,1723410000,0.37,3.1
1723411800.c1.snap.jpg,1723411800,0.39,3.1
1723415400.c1.snap.jpg,1723415400,0.37,3.02
1723417200.c1.snap.jpg,1723417200,0.48,3.1
1723419000.c1.snap.jpg,1723419000,0.75,3.42
1723420800.c1.snap.jpg,1723420800,1.04,3.94
1723422600.c1.snap.jpg,1723422600,1.17,5.38
1723424400.c1.snap.jpg,1723424400,1.52,5.68
1723426200.c1.snap.jpg,1723426200,1.43,6.02
1723428000.c1.snap.jpg,1723428000,1.3,5.68
1723429800.c1.snap.jpg,1723429800,1.16,5.68
1723431600.c1.snap.jpg,1723431600,1.1,5.68
1723433400.c1.snap.jpg,1723433400,1.05,5.12
1723435200.c1.snap.jpg,1723435200,1.05,4.46
1723437000.c1.snap.jpg,1723437000,0.95,5.12
1723438800.c1.snap.jpg,1723438800,0.97,5.68
1723440600.c1.snap.jpg,1723440600,0.9,6.02
1723442400.c1.snap.jpg,1723442400,0.82,6.02
1723444200.c1.snap.jpg,1723444200,0.76,5.68
1723446000.c1.snap.jpg,1723446000,0.78,5.68
1723447800.c1.snap.jpg,1723447800,0.81,5.68
1723449600.c1.snap.jpg,1723449600,0.78,5.68
1723471200.c1.snap.jpg,1723471200,0.55,4.66
1723473000.c1.snap.jpg,1723473000,0.55,4.88
1723474800.c1.snap.jpg,1723474800,0.44,4.66
1723476600.c1.snap.jpg,1723476600,0.43,4.88
1723478400.c1.snap.jpg,1723478400,0.38,4.66
1723480200.c1.snap.jpg,1723480200,0.35,4.88
1723482000.c1.snap.jpg,1723482000,0.33,4.88
1723483800.c1.snap.jpg,1723483800,0.32,4.88
1723485600.c1.snap.jpg,1723485600,0.31,4.88
1723487400.c1.snap.jpg,1723487400,0.3,4.88
1723489200.c1.snap.jpg,1723489200,0.28,5.38
1723492800.c1.snap.jpg,1723492800,0.27,5.38
1723494600.c1.snap.jpg,1723494600,0.24,5.38
1723496400.c1.snap.jpg,1723496400,0.26,4.88
1723498200.c1.snap.jpg,1723498200,0.25,5.12
1723500000.c1.snap.jpg,1723500000,0.29,5.12
1723501800.c1.snap.jpg,1723501800,0.41,2.7
1723503600.c1.snap.jpg,1723503600,0.53,3.1
1723505400.c1.snap.jpg,1723505400,0.68,3.66
1723509000.c1.snap.jpg,1723509000,0.76,4.1
1723510800.c1.snap.jpg,1723510800,0.73,4.26
1723512600.c1.snap.jpg,1723512600,0.77,4.1
1723514400.c1.snap.jpg,1723514400,0.72,3.94
1723516200.c1.snap.jpg,1723516200,0.67,4.1
1723518000.c1.snap.jpg,1723518000,0.58,4.1
1723519800.c1.snap.jpg,1723519800,0.57,3.94
1723521600.c1.snap.jpg,1723521600,0.52,3.94
1723523400.c1.snap.jpg,1723523400,0.5,3.66
1723525200.c1.snap.jpg,1723525200,0.5,3.8
1723527000.c1.snap.jpg,1723527000,0.51,3.42
1723528800.c1.snap.jpg,1723528800,0.51,3.66
1723530600.c1.snap.jpg,1723530600,0.55,3.54
1723532400.c1.snap.jpg,1723532400,0.55,3.54
1723534200.c1.snap.jpg,1723534200,0.58,3.66
1723536000.c1.snap.jpg,1723536000,0.57,3.54
1723557600.c1.snap.jpg,1723557600,0.84,4.66
1723561200.c1.snap.jpg,1723561200,0.89,3.66
1723563000.c1.snap.jpg,1723563000,0.9,4.46
1723564800.c1.snap.jpg,1723564800,0.84,4.66
1723566600.c1.snap.jpg,1723566600,0.83,4.66
1723568400.c1.snap.jpg,1723568400,0.81,4.26
1723570200.c1.snap.jpg,1723570200,0.83,4.88
1723572000.c1.snap.jpg,1723572000,0.84,4.46
1723573800.c1.snap.jpg,1723573800,0.81,4.66
1723575600.c1.snap.jpg,1723575600,0.82,4.26
1723577400.c1.snap.jpg,1723577400,0.87,4.88
1723579200.c1.snap.jpg,1723579200,0.92,4.88
1723581000.c1.snap.jpg,1723581000,0.9,5.12
1723582800.c1.snap.jpg,1723582800,0.87,5.68
1723584600.c1.snap.jpg,1723584600,0.86,4.88
1723586400.c1.snap.jpg,1723586400,0.91,6.02
1723588200.c1.snap.jpg,1723588200,0.97,5.38
1723590000.c1.snap.jpg,1723590000,1.08,5.38
1723591800.c1.snap.jpg,1723591800,1.12,4.88
1723593600.c1.snap.jpg,1723593600,1.12,5.12
1723595400.c1.snap.jpg,1723595400,1.17,5.12
1723597200.c1.snap.jpg,1723597200,1.19,4.88
1723599000.c1.snap.jpg,1723599000,1.13,5.38
1723600800.c1.snap.jpg,1723600800,1.05,5.38
1723602600.c1.snap.jpg,1723602600,1.03,5.38
1723604400.c1.snap.jpg,1723604400,0.98,4.88
1723606200.c1.snap.jpg,1723606200,0.95,4.66
1723608000.c1.snap.jpg,1723608000,0.89,4.26
1723609800.c1.snap.jpg,1723609800,0.84,4.66
1723611600.c1.snap.jpg,1723611600,0.8,4.46
1723613400.c1.snap.jpg,1723613400,0.86,4.66
1723615200.c1.snap.jpg,1723615200,0.82,4.1
1723617000.c1.snap.jpg,1723617000,0.81,4.1
1723618800.c1.snap.jpg,1723618800,0.87,4.66
1723620600.c1.snap.jpg,1723620600,0.92,4.46
1723622400.c1.snap.jpg,1723622400,0.89,4.46
1723644000.c1.snap.jpg,1723644000,0.94,4.26
1723645800.c1.snap.jpg,1723645800,0.97,4.26
1723647600.c1.snap.jpg,1723647600,0.93,4.26
1723649400.c1.snap.jpg,1723649400,0.97,4.26
1723651200.c1.snap.jpg,1723651200,0.86,4.26
1723653000.c1.snap.jpg,1723653000,0.84,4.46
1723654800.c1.snap.jpg,1723654800,0.86,4.26
1723656600.c1.snap.jpg,1723656600,0.86,4.88
1723658400.c1.snap.jpg,1723658400,0.85,4.46
1723660200.c1.snap.jpg,1723660200,0.87,4.66
1723662000.c1.snap.jpg,1723662000,0.86,4.1
1723663800.c1.snap.jpg,1723663800,0.86,4.26
1723665600.c1.snap.jpg,1723665600,0.86,4.46
1723667400.c1.snap.jpg,1723667400,0.83,3.94
1723669200.c1.snap.jpg,1723669200,0.83,4.1
1723671000.c1.snap.jpg,1723671000,0.78,4.26
1723672800.c1.snap.jpg,1723672800,0.78,4.1
1723674600.c1.snap.jpg,1723674600,0.78,4.26
1723676400.c1.snap.jpg,1723676400,0.77,4.26
1723678200.c1.snap.jpg,1723678200,0.76,4.1
1723680000.c1.snap.jpg,1723680000,0.72,4.1
1723681800.c1.snap.jpg,1723681800,0.67,3.94
1723683600.c1.snap.jpg,1723683600,0.67,3.8
1723685400.c1.snap.jpg,1723685400,0.61,6.4
1723687200.c1.snap.jpg,1723687200,0.58,3.66
1723689000.c1.snap.jpg,1723689000,0.56,5.68
1723690800.c1.snap.jpg,1723690800,0.54,5.68
1723692600.c1.snap.jpg,1723692600,0.52,6.4
1723694400.c1.snap.jpg,1723694400,0.52,6.4
1723696200.c1.snap.jpg,1723696200,0.52,6.02
1723698000.c1.snap.jpg,1723698000,0.53,6.4
1723699800.c1.snap.jpg,1723699800,0.52,5.68
1723701600.c1.snap.jpg,1723701600,0.5,6.02
1723703400.c1.snap.jpg,1723703400,0.47,6.4
1723705200.c1.snap.jpg,1723705200,0.47,5.68
1723707000.c1.snap.jpg,1723707000,0.44,6.02
1723708800.c1.snap.jpg,1723708800,0.43,5.68
1723730400.c1.snap.jpg,1723730400,0.38,5.38
1723732200.c1.snap.jpg,1723732200,0.36,5.38
1723734000.c1.snap.jpg,1723734000,0.38,5.68
1723735800.c1.snap.jpg,1723735800,0.36,5.68
1723737600.c1.snap.jpg,1723737600,0.31,5.68
1723739400.c1.snap.jpg,1723739400,0.37,2.08
1723741200.c1.snap.jpg,1723741200,0.43,2.28
1723743000.c1.snap.jpg,1723743000,0.39,2.38
1723744800.c1.snap.jpg,1723744800,0.45,2.28
1723746600.c1.snap.jpg,1723746600,0.41,2.22
1723748400.c1.snap.jpg,1723748400,0.39,2.18
1723750200.c1.snap.jpg,1723750200,0.4,2.32
1723752000.c1.snap.jpg,1723752000,0.41,2.28
1723753800.c1.snap.jpg,1723753800,0.47,2.5
1723755600.c1.snap.jpg,1723755600,0.46,2.56
1723757400.c1.snap.jpg,1723757400,0.44,2.5
1723759200.c1.snap.jpg,1723759200,0.42,2.38
1723761000.c1.snap.jpg,1723761000,0.4,2.32
1723762800.c1.snap.jpg,1723762800,0.46,2.38
1723764600.c1.snap.jpg,1723764600,0.52,2.62
1723766400.c1.snap.jpg,1723766400,0.48,2.7
1723768200.c1.snap.jpg,1723768200,0.55,2.56
1723770000.c1.snap.jpg,1723770000,0.51,2.56
1723771800.c1.snap.jpg,1723771800,0.41,2.38
1723773600.c1.snap.jpg,1723773600,0.4,2.08
1723775400.c1.snap.jpg,1723775400,0.37,3.42
1723777200.c1.snap.jpg,1723777200,0.5,3.66
1723779000.c1.snap.jpg,1723779000,0.61,3.2
1723780800.c1.snap.jpg,1723780800,0.6,3.54
1723782600.c1.snap.jpg,1723782600,0.66,3.94
1723784400.c1.snap.jpg,1723784400,0.77,4.66
1723786200.c1.snap.jpg,1723786200,0.9,4.66
1723788000.c1.snap.jpg,1723788000,0.73,4.26
1723789800.c1.snap.jpg,1723789800,0.61,4.1
1723791600.c1.snap.jpg,1723791600,0.57,3.94
1723793400.c1.snap.jpg,1723793400,0.53,3.54
1723795200.c1.snap.jpg,1723795200,0.47,3.66
1723816800.c1.snap.jpg,1723816800,0.83,4.66
1723818600.c1.snap.jpg,1723818600,0.82,4.46
1723820400.c1.snap.jpg,1723820400,0.81,4.46
1723822200.c1.snap.jpg,1723822200,0.81,4.26
1723827600.c1.snap.jpg,1723827600,1.04,4.66
1723829400.c1.snap.jpg,1723829400,1.12,4.46
1723831200.c1.snap.jpg,1723831200,1.15,4.46
1723833000.c1.snap.jpg,1723833000,1.36,4.66
1723836600.c1.snap.jpg,1723836600,1.59,5.38
1723838400.c1.snap.jpg,1723838400,1.76,5.68
1723840200.c1.snap.jpg,1723840200,1.78,6.02
1723842000.c1.snap.jpg,1723842000,1.84,5.68
1723843800.c1.snap.jpg,1723843800,1.72,5.68
1723845600.c1.snap.jpg,1723845600,1.68,5.68
1723847400.c1.snap.jpg,1723847400,1.72,5.68
1723849200.c1.snap.jpg,1723849200,1.81,5.68
1723851000.c1.snap.jpg,1723851000,1.82,5.68
1723852800.c1.snap.jpg,1723852800,1.76,6.02
1723856400.c1.snap.jpg,1723856400,1.73,6.02
1723858200.c1.snap.jpg,1723858200,1.76,5.68
1723860000.c1.snap.jpg,1723860000,1.55,5.68
1723861800.c1.snap.jpg,1723861800,1.4,5.38
1723863600.c1.snap.jpg,1723863600,1.28,5.68
1723865400.c1.snap.jpg,1723865400,1.24,5.12
1723867200.c1.snap.jpg,1723867200,1.06,4.88
1723869000.c1.snap.jpg,1723869000,0.97,4.66
1723870800.c1.snap.jpg,1723870800,0.97,4.66
1723872600.c1.snap.jpg,1723872600,0.98,4.46
1723874400.c1.snap.jpg,1723874400,0.89,4.66
1723876200.c1.snap.jpg,1723876200,0.87,4.46
1723878000.c1.snap.jpg,1723878000,0.84,4.26
1723879800.c1.snap.jpg,1723879800,0.77,4.26
1723881600.c1.snap.jpg,1723881600,0.76,4.26
1723903200.c1.snap.jpg,1723903200,0.43,5.38
1723905000.c1.snap.jpg,1723905000,0.47,5.68
1723906800.c1.snap.jpg,1723906800,0.48,2.38
1723908600.c1.snap.jpg,1723908600,0.54,2.44
1723910400.c1.snap.jpg,1723910400,0.51,2.56
1723912200.c1.snap.jpg,1723912200,0.52,2.7
1723914000.c1.snap.jpg,1723914000,0.51,2.56
1723917600.c1.snap.jpg,1723917600,0.49,2.38
1723919400.c1.snap.jpg,1723919400,0.45,2.38
1723921200.c1.snap.jpg,1723921200,0.47,2.32
1723923000.c1.snap.jpg,1723923000,0.37,2.18
1723924800.c1.snap.jpg,1723924800,0.32,2.08
1723926600.c1.snap.jpg,1723926600,0.28,1.86
1723928400.c1.snap.jpg,1723928400,0.25,25.6
1723930200.c1.snap.jpg,1723930200,0.23,3.02
1723932000.c1.snap.jpg,1723932000,0.3,3.94
1723933800.c1.snap.jpg,1723933800,0.32,3.42
1723935600.c1.snap.jpg,1723935600,0.3,3.8
1723937400.c1.snap.jpg,1723937400,0.3,3.1
1723939200.c1.snap.jpg,1723939200,0.28,3.54
1723941000.c1.snap.jpg,1723941000,0.29,3.94
1723942800.c1.snap.jpg,1723942800,0.28,3.8
1723944600.c1.snap.jpg,1723944600,0.29,3.54
1723946400.c1.snap.jpg,1723946400,0.29,3.42
1723948200.c1.snap.jpg,1723948200,0.3,3.54
1723950000.c1.snap.jpg,1723950000,0.43,3.54
1723951800.c1.snap.jpg,1723951800,0.4,3.54
1723953600.c1.snap.jpg,1723953600,0.43,3.54
1723955400.c1.snap.jpg,1723955400,0.46,4.26
1723957200.c1.snap.jpg,1723957200,0.4,3.94
1723959000.c1.snap.jpg,1723959000,0.36,3.66
1723960800.c1.snap.jpg,1723960800,0.33,3.3
1723962600.c1.snap.jpg,1723962600,0.3,4.26
1723964400.c1.snap.jpg,1723964400,0.27,4.26
1723966200.c1.snap.jpg,1723966200,0.25,3.3
1723989600.c1.snap.jpg,1723989600,0.68,4.1
1723991400.c1.snap.jpg,1723991400,0.66,4.1
1723993200.c1.snap.jpg,1723993200,0.76,3.94
1723995000.c1.snap.jpg,1723995000,0.88,4.1
1723996800.c1.snap.jpg,1723996800,0.9,4.26
1723998600.c1.snap.jpg,1723998600,0.84,4.26
1724000400.c1.snap.jpg,1724000400,0.73,4.1
1724002200.c1.snap.jpg,1724002200,0.68,4.26
1724004000.c1.snap.jpg,1724004000,0.64,3.8
1724005800.c1.snap.jpg,1724005800,0.7,3.8
1724007600.c1.snap.jpg,1724007600,0.72,3.94
1724009400.c1.snap.jpg,1724009400,0.73,3.94
1724011200.c1.snap.jpg,1724011200,0.85,3.94
1724013000.c1.snap.jpg,1724013000,0.91,4.26
1724014800.c1.snap.jpg,1724014800,0.97,4.1
1724016600.c1.snap.jpg,1724016600,0.94,4.46
1724018400.c1.snap.jpg,1724018400,0.93,4.26
1724020200.c1.snap.jpg,1724020200,0.9,4.1
1724022000.c1.snap.jpg,1724022000,1.09,4.26
1724023800.c1.snap.jpg,1724023800,1.1,4.46
1724025600.c1.snap.jpg,1724025600,1.11,4.66
1724027400.c1.snap.jpg,1724027400,1.14,4.66
1724029200.c1.snap.jpg,1724029200,1.12,4.66
1724031000.c1.snap.jpg,1724031000,1.11,4.66
1724032800.c1.snap.jpg,1724032800,1.22,4.66
1724034600.c1.snap.jpg,1724034600,2.61,20.48
1724036400.c1.snap.jpg,1724036400,1.55,5.68
1724038200.c1.snap.jpg,1724038200,1.5,5.68
1724040000.c1.snap.jpg,1724040000,1.67,5.68
1724041800.c1.snap.jpg,1724041800,1.7,5.68
1724045400.c1.snap.jpg,1724045400,1.73,5.68
1724047200.c1.snap.jpg,1724047200,1.69,5.68
1724050800.c1.snap.jpg,1724050800,1.61,5.68
1724052600.c1.snap.jpg,1724052600,1.57,6.02
1724076000.c1.snap.jpg,1724076000,1.82,6.4
1724077800.c1.snap.jpg,1724077800,1.85,6.4
1724079600.c1.snap.jpg,1724079600,2.0,6.82
1724081400.c1.snap.jpg,1724081400,2.06,6.82
1724083200.c1.snap.jpg,1724083200,2.16,7.32
1724085000.c1.snap.jpg,1724085000,2.21,7.32
1724086800.c1.snap.jpg,1724086800,1.97,7.32
1724088600.c1.snap.jpg,1724088600,1.97,7.32
1724090400.c1.snap.jpg,1724090400,1.87,7.88
1724092200.c1.snap.jpg,1724092200,1.79,7.32
1724094000.c1.snap.jpg,1724094000,1.9,7.32
1724095800.c1.snap.jpg,1724095800,2.0,7.88
1724097600.c1.snap.jpg,1724097600,2.05,7.88
1724099400.c1.snap.jpg,1724099400,2.01,7.88
1724101200.c1.snap.jpg,1724101200,1.89,7.88
1724103000.c1.snap.jpg,1724103000,1.85,6.4
1724104800.c1.snap.jpg,1724104800,1.76,5.68
1724106600.c1.snap.jpg,1724106600,1.63,7.32
1724108400.c1.snap.jpg,1724108400,1.59,6.4
1724110200.c1.snap.jpg,1724110200,1.38,6.4
1724112000.c1.snap.jpg,1724112000,1.48,5.38
1724113800.c1.snap.jpg,1724113800,1.47,5.68
1724115600.c1.snap.jpg,1724115600,1.5,6.82
1724117400.c1.snap.jpg,1724117400,1.5,6.02
1724119200.c1.snap.jpg,1724119200,1.56,5.68
1724122800.c1.snap.jpg,1724122800,1.46,5.68
1724124600.c1.snap.jpg,1724124600,1.35,7.32
1724126400.c1.snap.jpg,1724126400,1.25,5.38
1724128200.c1.snap.jpg,1724128200,1.23,4.88
1724130000.c1.snap.jpg,1724130000,1.16,5.12
1724131800.c1.snap.jpg,1724131800,1.16,4.88
1724133600.c1.snap.jpg,1724133600,1.12,4.88
1724135400.c1.snap.jpg,1724135400,1.19,5.38
1724137200.c1.snap.jpg,1724137200,1.24,4.46
1724139000.c1.snap.jpg,1724139000,1.29,4.46
1724162400.c1.snap.jpg,1724162400,0.88,5.12
1724164200.c1.snap.jpg,1724164200,0.87,6.02
1724166000.c1.snap.jpg,1724166000,0.84,5.68
1724167800.c1.snap.jpg,1724167800,0.82,4.26
1724169600.c1.snap.jpg,1724169600,0.76,5.68
1724171400.c1.snap.jpg,1724171400,0.73,5.68
1724173200.c1.snap.jpg,1724173200,0.67,5.68
1724175000.c1.snap.jpg,1724175000,0.63,6.02
1724176800.c1.snap.jpg,1724176800,0.59,5.12
1724178600.c1.snap.jpg,1724178600,0.58,5.68
1724180400.c1.snap.jpg,1724180400,0.55,5.12
1724182200.c1.snap.jpg,1724182200,0.5,5.68
1724184000.c1.snap.jpg,1724184000,0.47,5.38
1724185800.c1.snap.jpg,1724185800,0.48,5.68
1724187600.c1.snap.jpg,1724187600,0.45,5.68
1724189400.c1.snap.jpg,1724189400,0.44,5.38
1724191200.c1.snap.jpg,1724191200,0.42,5.68
1724193000.c1.snap.jpg,1724193000,0.41,4.88
1724194800.c1.snap.jpg,1724194800,0.4,5.38
1724196600.c1.snap.jpg,1724196600,0.37,5.68
1724198400.c1.snap.jpg,1724198400,0.36,5.68
1724200200.c1.snap.jpg,1724200200,0.35,3.02
1724202000.c1.snap.jpg,1724202000,0.32,5.68
1724203800.c1.snap.jpg,1724203800,0.33,6.02
1724205600.c1.snap.jpg,1724205600,0.36,3.8
1724207400.c1.snap.jpg,1724207400,0.42,3.8
1724209200.c1.snap.jpg,1724209200,0.39,3.8
1724211000.c1.snap.jpg,1724211000,0.37,3.54
1724212800.c1.snap.jpg,1724212800,0.37,3.66
1724214600.c1.snap.jpg,1724214600,0.38,3.54
1724216400.c1.snap.jpg,1724216400,0.38,3.8
1724218200.c1.snap.jpg,1724218200,0.44,3.8
1724220000.c1.snap.jpg,1724220000,0.51,3.66
1724221800.c1.snap.jpg,1724221800,0.64,3.8
1724223600.c1.snap.jpg,1724223600,0.48,3.66
1724225400.c1.snap.jpg,1724225400,0.39,3.66
1724248800.c1.snap.jpg,1724248800,0.59,3.66
1724250600.c1.snap.jpg,1724250600,0.62,3.66
1724252400.c1.snap.jpg,1724252400,0.64,3.66
1724254200.c1.snap.jpg,1724254200,0.7,3.66
1724256000.c1.snap.jpg,1724256000,0.75,3.8
1724257800.c1.snap.jpg,1724257800,0.72,3.66
1724259600.c1.snap.jpg,1724259600,0.77,3.8
1724261400.c1.snap.jpg,1724261400,0.89,5.12
1724263200.c1.snap.jpg,1724263200,1.11,4.88
1724265000.c1.snap.jpg,1724265000,1.24,4.88
1724266800.c1.snap.jpg,1724266800,1.25,5.12
1724268600.c1.snap.jpg,1724268600,1.23,5.12
1724270400.c1.snap.jpg,1724270400,1.33,5.12
1724272200.c1.snap.jpg,1724272200,1.31,5.68
1724274000.c1.snap.jpg,1724274000,1.44,5.38
1724275800.c1.snap.jpg,1724275800,1.35,5.38
1724277600.c1.snap.jpg,1724277600,1.3,5.68
1724279400.c1.snap.jpg,1724279400,1.48,5.12
1724281200.c1.snap.jpg,1724281200,1.61,5.68
1724283000.c1.snap.jpg,1724283000,1.49,5.38
1724284800.c1.snap.jpg,1724284800,1.5,5.38
1724286600.c1.snap.jpg,1724286600,1.54,5.68
1724288400.c1.snap.jpg,1724288400,1.55,5.68
1724290200.c1.snap.jpg,1724290200,1.6,5.68
1724292000.c1.snap.jpg,1724292000,1.65,5.68
1724293800.c1.snap.jpg,1724293800,1.66,5.68
1724295600.c1.snap.jpg,1724295600,1.76,5.38
1724297400.c1.snap.jpg,1724297400,2.3,25.6
1724299200.c1.snap.jpg,1724299200,1.88,5.68
1724301000.c1.snap.jpg,1724301000,1.84,5.68
1724302800.c1.snap.jpg,1724302800,1.82,5.68
1724304600.c1.snap.jpg,1724304600,1.9,7.32
1724306400.c1.snap.jpg,1724306400,1.91,5.38
1724308200.c1.snap.jpg,1724308200,1.92,6.02
1724310000.c1.snap.jpg,1724310000,1.84,7.32
1724311800.c1.snap.jpg,1724311800,1.94,5.68
1724335200.c1.snap.jpg,1724335200,1.98,6.02
1724337000.c1.snap.jpg,1724337000,1.93,6.02
1724338800.c1.snap.jpg,1724338800,1.94,6.82
1724340600.c1.snap.jpg,1724340600,1.85,6.02
1724342400.c1.snap.jpg,1724342400,1.71,7.32
1724344200.c1.snap.jpg,1724344200,1.74,6.82
1724346000.c1.snap.jpg,1724346000,1.69,6.82
1724347800.c1.snap.jpg,1724347800,1.68,7.32
1724349600.c1.snap.jpg,1724349600,1.61,6.82
1724351400.c1.snap.jpg,1724351400,1.68,6.82
1724353200.c1.snap.jpg,1724353200,1.57,5.68
1724355000.c1.snap.jpg,1724355000,1.52,6.02
1724356800.c1.snap.jpg,1724356800,1.43,4.66
1724358600.c1.snap.jpg,1724358600,1.44,5.68
1724360400.c1.snap.jpg,1724360400,1.41,6.02
1724362200.c1.snap.jpg,1724362200,1.36,5.12
1724364000.c1.snap.jpg,1724364000,1.33,5.38
1724365800.c1.snap.jpg,1724365800,1.27,5.12
1724367600.c1.snap.jpg,1724367600,1.3,4.88
1724369400.c1.snap.jpg,1724369400,1.25,5.38
1724371200.c1.snap.jpg,1724371200,1.2,4.88
1724373000.c1.snap.jpg,1724373000,1.06,5.12
1724374800.c1.snap.jpg,1724374800,1.0,4.88
1724376600.c1.snap.jpg,1724376600,0.98,4.66
1724378400.c1.snap.jpg,1724378400,0.88,4.66
1724380200.c1.snap.jpg,1724380200,0.85,4.26
1724382000.c1.snap.jpg,1724382000,0.87,4.88
1724383800.c1.snap.jpg,1724383800,0.9,4.1
1724385600.c1.snap.jpg,1724385600,0.85,3.42
1724387400.c1.snap.jpg,1724387400,0.89,3.8
1724389200.c1.snap.jpg,1724389200,0.93,3.8
1724391000.c1.snap.jpg,1724391000,0.93,3.8
1724392800.c1.snap.jpg,1724392800,0.99,3.8
1724394600.c1.snap.jpg,1724394600,0.97,4.26
1724396400.c1.snap.jpg,1724396400,0.95,3.8
1724398200.c1.snap.jpg,1724398200,0.96,4.88
1724423400.c1.snap.jpg,1724423400,1.0,4.88
1724425200.c1.snap.jpg,1724425200,0.95,4.26
1724427000.c1.snap.jpg,1724427000,0.99,4.66
1724428800.c1.snap.jpg,1724428800,1.01,4.88
1724430600.c1.snap.jpg,1724430600,1.04,5.12
1724432400.c1.snap.jpg,1724432400,0.96,4.66
1724434200.c1.snap.jpg,1724434200,1.01,4.46
1724436000.c1.snap.jpg,1724436000,1.03,4.26
1724437800.c1.snap.jpg,1724437800,1.07,4.66
1724439600.c1.snap.jpg,1724439600,1.14,4.66
1724441400.c1.snap.jpg,1724441400,1.14,4.66
1724443200.c1.snap.jpg,1724443200,1.09,4.66
1724445000.c1.snap.jpg,1724445000,1.03,4.66
1724446800.c1.snap.jpg,1724446800,1.03,4.66
1724448600.c1.snap.jpg,1724448600,0.9,4.46
1724450400.c1.snap.jpg,1724450400,0.84,4.66
1724452200.c1.snap.jpg,1724452200,0.74,4.66
1724454000.c1.snap.jpg,1724454000,0.64,4.46
1724455800.c1.snap.jpg,1724455800,0.64,3.94
1724457600.c1.snap.jpg,1724457600,0.58,4.46
1724459400.c1.snap.jpg,1724459400,0.54,3.8
1724461200.c1.snap.jpg,1724461200,0.49,3.8
1724463000.c1.snap.jpg,1724463000,0.48,3.42
1724464800.c1.snap.jpg,1724464800,0.45,3.42
1724466600.c1.snap.jpg,1724466600,0.44,3.3
1724468400.c1.snap.jpg,1724468400,0.44,3.3
1724470200.c1.snap.jpg,1724470200,0.41,3.3
1724472000.c1.snap.jpg,1724472000,0.43,3.1
1724473800.c1.snap.jpg,1724473800,0.43,3.2
1724475600.c1.snap.jpg,1724475600,0.42,3.42
1724477400.c1.snap.jpg,1724477400,0.41,3.2
1724479200.c1.snap.jpg,1724479200,0.41,3.42
1724481000.c1.snap.jpg,1724481000,0.41,3.2
1724482800.c1.snap.jpg,1724482800,0.38,3.1
1724484600.c1.snap.jpg,1724484600,0.35,3.54
1724509800.c1.snap.jpg,1724509800,0.59,4.46
1724511600.c1.snap.jpg,1724511600,0.64,4.46
1724513400.c1.snap.jpg,1724513400,0.62,4.66
1724515200.c1.snap.jpg,1724515200,0.6,4.26
1724517000.c1.snap.jpg,1724517000,0.59,4.46
1724518800.c1.snap.jpg,1724518800,0.59,4.26
1724520600.c1.snap.jpg,1724520600,0.61,3.94
1724522400.c1.snap.jpg,1724522400,0.63,3.66
1724524200.c1.snap.jpg,1724524200,0.61,4.66
1724526000.c1.snap.jpg,1724526000,0.65,3.8
1724527800.c1.snap.jpg,1724527800,0.65,3.8
1724529600.c1.snap.jpg,1724529600,0.69,4.1
1724531400.c1.snap.jpg,1724531400,0.69,4.1
1724533200.c1.snap.jpg,1724533200,0.72,3.94
1724535000.c1.snap.jpg,1724535000,0.79,4.1
1724536800.c1.snap.jpg,1724536800,0.78,4.46
1724538600.c1.snap.jpg,1724538600,0.76,4.1
1724540400.c1.snap.jpg,1724540400,0.74,4.1
1724542200.c1.snap.jpg,1724542200,0.75,3.8
1724544000.c1.snap.jpg,1724544000,0.72,3.94
1724545800.c1.snap.jpg,1724545800,0.74,3.94
1724547600.c1.snap.jpg,1724547600,0.71,4.46
1724551200.c1.snap.jpg,1724551200,0.7,3.54
1724553000.c1.snap.jpg,1724553000,0.71,3.8
1724554800.c1.snap.jpg,1724554800,0.67,3.66
1724556600.c1.snap.jpg,1724556600,0.61,3.94
1724558400.c1.snap.jpg,1724558400,0.56,3.3
1724560200.c1.snap.jpg,1724560200,0.56,3.54
1724562000.c1.snap.jpg,1724562000,0.53,3.54
1724563800.c1.snap.jpg,1724563800,0.53,3.8
1724565600.c1.snap.jpg,1724565600,0.5,4.88
1724567400.c1.snap.jpg,1724567400,0.45,3.54
1724569200.c1.snap.jpg,1724569200,0.42,3.3
1724596200.c1.snap.jpg,1724596200,0.45,4.66
1724598000.c1.snap.jpg,1724598000,0.46,4.66
1724599800.c1.snap.jpg,1724599800,0.42,4.66
1724601600.c1.snap.jpg,1724601600,0.42,4.88
1724603400.c1.snap.jpg,1724603400,0.4,4.88
1724605200.c1.snap.jpg,1724605200,0.37,4.88
1724607000.c1.snap.jpg,1724607000,0.35,4.66
1724608800.c1.snap.jpg,1724608800,0.33,5.68
1724610600.c1.snap.jpg,1724610600,0.3,4.66
1724612400.c1.snap.jpg,1724612400,0.31,5.68
1724614200.c1.snap.jpg,1724614200,0.29,5.38
1724616000.c1.snap.jpg,1724616000,0.28,5.68
1724617800.c1.snap.jpg,1724617800,0.28,5.12
1724619600.c1.snap.jpg,1724619600,0.26,4.88
1724621400.c1.snap.jpg,1724621400,0.24,5.12
1724623200.c1.snap.jpg,1724623200,0.23,4.26
1724625000.c1.snap.jpg,1724625000,0.23,5.38
1724626800.c1.snap.jpg,1724626800,0.21,5.38
1724628600.c1.snap.jpg,1724628600,0.2,5.12
1724630400.c1.snap.jpg,1724630400,0.2,4.66
1724632200.c1.snap.jpg,1724632200,0.19,4.66
1724634000.c1.snap.jpg,1724634000,0.19,4.1
1724635800.c1.snap.jpg,1724635800,0.19,4.66
1724639400.c1.snap.jpg,1724639400,0.19,4.66
1724641200.c1.snap.jpg,1724641200,0.19,5.12
1724643000.c1.snap.jpg,1724643000,0.2,5.38
1724644800.c1.snap.jpg,1724644800,0.18,5.12
1724646600.c1.snap.jpg,1724646600,0.18,4.88
1724648400.c1.snap.jpg,1724648400,0.17,4.88
1724650200.c1.snap.jpg,1724650200,0.18,5.12
1724652000.c1.snap.jpg,1724652000,0.17,5.12
1724653800.c1.snap.jpg,1724653800,0.16,4.88
1724655600.c1.snap.jpg,1724655600,0.14,5.12
1724682600.c1.snap.jpg,1724682600,0.23,20.48
1724684400.c1.snap.jpg,1724684400,0.24,1.76
1724686200.c1.snap.jpg,1724686200,0.23,1.7
1724688000.c1.snap.jpg,1724688000,0.23,1.76
1724689800.c1.snap.jpg,1724689800,0.26,1.82
1724691600.c1.snap.jpg,1724691600,0.23,1.7
1724693400.c1.snap.jpg,1724693400,0.39,2.32
1724695200.c1.snap.jpg,1724695200,0.35,2.08
1724697000.c1.snap.jpg,1724697000,0.43,2.38
1724698800.c1.snap.jpg,1724698800,0.37,2.22
1724700600.c1.snap.jpg,1724700600,0.36,2.14
1724702400.c1.snap.jpg,1724702400,0.43,2.38
1724704200.c1.snap.jpg,1724704200,0.4,2.32
1724706000.c1.snap.jpg,1724706000,0.39,2.28
1724707800.c1.snap.jpg,1724707800,0.41,2.32
1724709600.c1.snap.jpg,1724709600,0.45,2.28
1724711400.c1.snap.jpg,1724711400,0.39,2.32
1724713200.c1.snap.jpg,1724713200,0.33,2.08
1724715000.c1.snap.jpg,1724715000,0.33,2.18
1724716800.c1.snap.jpg,1724716800,0.29,2.08
1724718600.c1.snap.jpg,1724718600,0.29,1.86
1724720400.c1.snap.jpg,1724720400,0.29,2.08
1724722200.c1.snap.jpg,1724722200,0.3,2.0
1724724000.c1.snap.jpg,1724724000,0.31,2.0
1724725800.c1.snap.jpg,1724725800,0.32,2.44
1724727600.c1.snap.jpg,1724727600,0.41,2.7
1724729400.c1.snap.jpg,1724729400,0.38,2.44
1724731200.c1.snap.jpg,1724731200,0.36,2.28
1724733000.c1.snap.jpg,1724733000,0.33,1.9
1724734800.c1.snap.jpg,1724734800,0.28,1.86
1724736600.c1.snap.jpg,1724736600,0.27,1.86
1724738400.c1.snap.jpg,1724738400,0.27,1.82
1724740200.c1.snap.jpg,1724740200,0.33,2.04
1724742000.c1.snap.jpg,1724742000,0.37,2.18
1724769000.c1.snap.jpg,1724769000,0.26,11.38
1724770800.c1.snap.jpg,1724770800,0.25,11.38
1724772600.c1.snap.jpg,1724772600,0.24,10.24
1724774400.c1.snap.jpg,1724774400,0.22,10.24
1724776200.c1.snap.jpg,1724776200,0.22,10.24
1724778000.c1.snap.jpg,1724778000,0.19,11.38
1724779800.c1.snap.jpg,1724779800,0.17,10.24
1724781600.c1.snap.jpg,1724781600,0.19,11.38
1724783400.c1.snap.jpg,1724783400,0.15,10.24
1724785200.c1.snap.jpg,1724785200,0.13,10.24
1724788800.c1.snap.jpg,1724788800,0.13,10.24
1724790600.c1.snap.jpg,1724790600,0.14,11.38
1724792400.c1.snap.jpg,1724792400,0.14,11.38
1724794200.c1.snap.jpg,1724794200,0.15,10.24
1724796000.c1.snap.jpg,1724796000,0.14,10.24
1724797800.c1.snap.jpg,1724797800,0.13,9.3
1724799600.c1.snap.jpg,1724799600,0.12,9.3
1724801400.c1.snap.jpg,1724801400,0.11,9.3
1724803200.c1.snap.jpg,1724803200,0.12,8.54
1724805000.c1.snap.jpg,1724805000,0.12,8.54
1724806800.c1.snap.jpg,1724806800,0.19,9.3
1724808600.c1.snap.jpg,1724808600,0.25,9.3
1724810400.c1.snap.jpg,1724810400,0.26,9.3
1724812200.c1.snap.jpg,1724812200,0.29,2.38
1724814000.c1.snap.jpg,1724814000,0.3,9.3
1724815800.c1.snap.jpg,1724815800,0.28,9.3
1724817600.c1.snap.jpg,1724817600,0.27,2.62
1724821200.c1.snap.jpg,1724821200,0.28,2.5
1724823000.c1.snap.jpg,1724823000,0.26,10.24
1724824800.c1.snap.jpg,1724824800,0.28,2.56
1724826600.c1.snap.jpg,1724826600,0.3,2.7
1724828400.c1.snap.jpg,1724828400,0.33,10.24
1724857200.c1.snap.jpg,1724857200,0.23,2.44
1724859000.c1.snap.jpg,1724859000,0.2,2.32
1724860800.c1.snap.jpg,1724860800,0.23,2.32
1724862600.c1.snap.jpg,1724862600,0.27,2.38
1724864400.c1.snap.jpg,1724864400,0.27,2.38
1724866200.c1.snap.jpg,1724866200,0.27,2.56
1724868000.c1.snap.jpg,1724868000,0.27,2.5
1724869800.c1.snap.jpg,1724869800,0.28,2.56
1724873400.c1.snap.jpg,1724873400,0.33,2.84
1724875200.c1.snap.jpg,1724875200,0.31,2.92
1724877000.c1.snap.jpg,1724877000,0.34,3.1
1724878800.c1.snap.jpg,1724878800,0.3,3.1
1724880600.c1.snap.jpg,1724880600,0.31,3.02
1724882400.c1.snap.jpg,1724882400,0.31,2.92
1724884200.c1.snap.jpg,1724884200,0.3,3.2
1724886000.c1.snap.jpg,1724886000,0.31,3.2
1724889600.c1.snap.jpg,1724889600,0.3,3.2
1724891400.c1.snap.jpg,1724891400,0.28,3.2
1724893200.c1.snap.jpg,1724893200,0.28,3.2
1724895000.c1.snap.jpg,1724895000,0.27,3.1
1724896800.c1.snap.jpg,1724896800,0.26,3.02
1724898600.c1.snap.jpg,1724898600,0.25,3.1
1724900400.c1.snap.jpg,1724900400,0.25,3.02
1724902200.c1.snap.jpg,1724902200,0.24,2.92
1724904000.c1.snap.jpg,1724904000,0.23,2.92
1724905800.c1.snap.jpg,1724905800,0.24,3.02
1724907600.c1.snap.jpg,1724907600,0.25,2.92
1724909400.c1.snap.jpg,1724909400,0.23,3.02
1724911200.c1.snap.jpg,1724911200,0.21,2.84
1724913000.c1.snap.jpg,1724913000,0.22,10.24
1724914800.c1.snap.jpg,1724914800,0.22,10.24
1724941800.c1.snap.jpg,1724941800,0.17,9.3
1724943600.c1.snap.jpg,1724943600,0.17,8.54
1724945400.c1.snap.jpg,1724945400,0.19,8.54
1724947200.c1.snap.jpg,1724947200,0.17,8.54
1724949000.c1.snap.jpg,1724949000,0.18,8.54
1724950800.c1.snap.jpg,1724950800,0.18,9.3
1724952600.c1.snap.jpg,1724952600,0.18,8.54
1724954400.c1.snap.jpg,1724954400,0.18,10.24
1724956200.c1.snap.jpg,1724956200,0.17,20.48
1724958000.c1.snap.jpg,1724958000,0.15,3.1
1724959800.c1.snap.jpg,1724959800,0.14,3.66
1724961600.c1.snap.jpg,1724961600,0.15,4.1
1724963400.c1.snap.jpg,1724963400,0.15,3.2
1724965200.c1.snap.jpg,1724965200,0.17,20.48
1724967000.c1.snap.jpg,1724967000,0.16,10.24
1724968800.c1.snap.jpg,1724968800,0.18,20.48
1724970600.c1.snap.jpg,1724970600,0.18,25.6
1724972400.c1.snap.jpg,1724972400,0.18,2.92
1724974200.c1.snap.jpg,1724974200,0.21,20.48
1724976000.c1.snap.jpg,1724976000,0.25,1.94
1724979600.c1.snap.jpg,1724979600,0.28,2.14
1724981400.c1.snap.jpg,1724981400,0.31,2.22
1724983200.c1.snap.jpg,1724983200,0.32,2.32
1724988600.c1.snap.jpg,1724988600,0.44,2.92
1724990400.c1.snap.jpg,1724990400,0.53,3.1
1724992200.c1.snap.jpg,1724992200,0.55,3.42
1724994000.c1.snap.jpg,1724994000,0.54,3.42
1724995800.c1.snap.jpg,1724995800,0.53,3.54
1724997600.c1.snap.jpg,1724997600,0.56,3.66
1724999400.c1.snap.jpg,1724999400,0.58,3.94
1725001200.c1.snap.jpg,1725001200,0.56,3.94
1725028200.c1.snap.jpg,1725028200,0.52,4.26
1725030000.c1.snap.jpg,1725030000,0.51,4.26
1725031800.c1.snap.jpg,1725031800,0.49,4.1
1725033600.c1.snap.jpg,1725033600,0.46,4.26
1725035400.c1.snap.jpg,1725035400,0.53,4.26
1725037200.c1.snap.jpg,1725037200,0.52,4.1
1725040800.c1.snap.jpg,1725040800,0.51,4.1
1725042600.c1.snap.jpg,1725042600,0.5,4.1
1725044400.c1.snap.jpg,1725044400,0.5,4.1
1725046200.c1.snap.jpg,1725046200,0.48,3.94
1725048000.c1.snap.jpg,1725048000,0.46,3.94
1725049800.c1.snap.jpg,1725049800,0.45,3.8
1725051600.c1.snap.jpg,1725051600,0.43,4.1
1725053400.c1.snap.jpg,1725053400,0.45,3.8
1725055200.c1.snap.jpg,1725055200,0.46,3.94
1725057000.c1.snap.jpg,1725057000,0.45,3.54
1725058800.c1.snap.jpg,1725058800,0.45,3.66
1725060600.c1.snap.jpg,1725060600,0.49,3.8
1725062400.c1.snap.jpg,1725062400,0.49,3.8
1725064200.c1.snap.jpg,1725064200,0.5,3.54
1725066000.c1.snap.jpg,1725066000,0.57,3.54
1725067800.c1.snap.jpg,1725067800,0.69,3.8
1725069600.c1.snap.jpg,1725069600,0.76,4.1
1725071400.c1.snap.jpg,1725071400,0.8,4.1
1725073200.c1.snap.jpg,1725073200,0.82,4.1
1725075000.c1.snap.jpg,1725075000,0.76,4.1
1725076800.c1.snap.jpg,1725076800,0.75,4.1
1725078600.c1.snap.jpg,1725078600,0.77,4.1
1725080400.c1.snap.jpg,1725080400,0.7,3.94
1725082200.c1.snap.jpg,1725082200,0.65,3.8
1725084000.c1.snap.jpg,1725084000,0.64,3.94
1725085800.c1.snap.jpg,1725085800,0.63,3.94
1725087600.c1.snap.jpg,1725087600,0.7,3.94
1725114600.c1.snap.jpg,1725114600,0.65,4.26
1725116400.c1.snap.jpg,1725116400,0.6,4.26
1725120000.c1.snap.jpg,1725120000,0.63,4.26
1725121800.c1.snap.jpg,1725121800,0.6,4.26
1725123600.c1.snap.jpg,1725123600,0.61,4.1
1725125400.c1.snap.jpg,1725125400,0.59,4.1
1725127200.c1.snap.jpg,1725127200,0.61,3.94
1725129000.c1.snap.jpg,1725129000,0.58,3.8
1725130800.c1.snap.jpg,1725130800,0.56,4.46
1725132600.c1.snap.jpg,1725132600,0.62,4.26
1725134400.c1.snap.jpg,1725134400,0.62,4.26
1725136200.c1.snap.jpg,1725136200,0.61,4.26
1725138000.c1.snap.jpg,1725138000,0.58,4.26
1725139800.c1.snap.jpg,1725139800,0.6,4.26
1725141600.c1.snap.jpg,1725141600,0.68,4.26
1725143400.c1.snap.jpg,1725143400,0.72,4.1
1725145200.c1.snap.jpg,1725145200,0.76,4.1
1725147000.c1.snap.jpg,1725147000,0.8,4.1
1725148800.c1.snap.jpg,1725148800,0.77,4.26
1725150600.c1.snap.jpg,1725150600,0.78,4.1
1725152400.c1.snap.jpg,1725152400,0.75,4.1
1725154200.c1.snap.jpg,1725154200,0.74,3.94
1725156000.c1.snap.jpg,1725156000,0.72,3.94
1725157800.c1.snap.jpg,1725157800,0.7,3.8
1725159600.c1.snap.jpg,1725159600,0.71,3.94
1725161400.c1.snap.jpg,1725161400,0.72,3.66
1725163200.c1.snap.jpg,1725163200,0.77,3.94
1725165000.c1.snap.jpg,1725165000,0.78,3.94
1725166800.c1.snap.jpg,1725166800,0.75,3.94
1725168600.c1.snap.jpg,1725168600,0.75,3.8
1725170400.c1.snap.jpg,1725170400,0.69,3.8
1725172200.c1.snap.jpg,1725172200,0.61,3.8
1725174000.c1.snap.jpg,1725174000,0.59,3.8
1725202800.c1.snap.jpg,1725202800,0.49,3.8
1725204600.c1.snap.jpg,1725204600,0.47,3.8
1725206400.c1.snap.jpg,1725206400,0.45,3.94
1725208200.c1.snap.jpg,1725208200,0.5,3.8
1725210000.c1.snap.jpg,1725210000,0.53,3.8
1725211800.c1.snap.jpg,1725211800,0.56,4.1
1725213600.c1.snap.jpg,1725213600,0.52,3.94
1725215400.c1.snap.jpg,1725215400,0.52,4.1
1725217200.c1.snap.jpg,1725217200,0.51,3.94
1725219000.c1.snap.jpg,1725219000,0.55,3.8
1725220800.c1.snap.jpg,1725220800,0.53,3.94
1725222600.c1.snap.jpg,1725222600,0.49,3.94
1725224400.c1.snap.jpg,1725224400,0.46,3.94
1725226200.c1.snap.jpg,1725226200,0.44,3.94
1725229800.c1.snap.jpg,1725229800,0.42,3.94
1725231600.c1.snap.jpg,1725231600,0.43,3.8
1725233400.c1.snap.jpg,1725233400,0.45,3.8
1725235200.c1.snap.jpg,1725235200,0.49,3.8
1725237000.c1.snap.jpg,1725237000,0.61,3.8
1725238800.c1.snap.jpg,1725238800,0.68,3.94
1725240600.c1.snap.jpg,1725240600,0.64,3.94
1725242400.c1.snap.jpg,1725242400,0.66,3.94
1725244200.c1.snap.jpg,1725244200,0.65,3.8
1725246000.c1.snap.jpg,1725246000,0.62,3.42
1725247800.c1.snap.jpg,1725247800,0.56,3.66
1725249600.c1.snap.jpg,1725249600,0.57,3.66
1725251400.c1.snap.jpg,1725251400,0.53,3.3
1725253200.c1.snap.jpg,1725253200,0.56,3.42
1725255000.c1.snap.jpg,1725255000,0.53,3.42
1725256800.c1.snap.jpg,1725256800,0.45,3.3
1725258600.c1.snap.jpg,1725258600,0.39,3.1
1725289200.c1.snap.jpg,1725289200,0.32,2.84
1725291000.c1.snap.jpg,1725291000,0.32,2.76
1725292800.c1.snap.jpg,1725292800,0.31,2.76
1725294600.c1.snap.jpg,1725294600,0.31,2.56
1725296400.c1.snap.jpg,1725296400,0.3,2.76
1725298200.c1.snap.jpg,1725298200,0.3,1.76
1725300000.c1.snap.jpg,1725300000,0.28,3.54
1725301800.c1.snap.jpg,1725301800,0.28,3.2
1725303600.c1.snap.jpg,1725303600,0.29,3.42
1725305400.c1.snap.jpg,1725305400,0.27,3.66
1725307200.c1.snap.jpg,1725307200,0.27,3.42
1725309000.c1.snap.jpg,1725309000,0.26,3.42
1725310800.c1.snap.jpg,1725310800,0.25,3.54
1725312600.c1.snap.jpg,1725312600,0.25,3.54
1725314400.c1.snap.jpg,1725314400,0.26,3.42
1725316200.c1.snap.jpg,1725316200,0.26,3.42
1725318000.c1.snap.jpg,1725318000,0.3,3.3
1725319800.c1.snap.jpg,1725319800,0.33,3.42
1725321600.c1.snap.jpg,1725321600,0.33,4.66
1725323400.c1.snap.jpg,1725323400,0.34,4.66
1725325200.c1.snap.jpg,1725325200,0.36,4.26
1725327000.c1.snap.jpg,1725327000,0.39,3.94
1725328800.c1.snap.jpg,1725328800,0.38,4.66
1725330600.c1.snap.jpg,1725330600,0.37,4.88
1725332400.c1.snap.jpg,1725332400,0.36,4.88
1725334200.c1.snap.jpg,1725334200,0.33,3.94
1725336000.c1.snap.jpg,1725336000,0.34,4.26
1725337800.c1.snap.jpg,1725337800,0.33,4.66
1725339600.c1.snap.jpg,1725339600,0.32,3.94
1725341400.c1.snap.jpg,1725341400,0.31,4.66
1725343200.c1.snap.jpg,1725343200,0.32,4.46
1725345000.c1.snap.jpg,1725345000,0.35,4.66
1725375600.c1.snap.jpg,1725375600,0.43,5.12
1725377400.c1.snap.jpg,1725377400,0.43,5.12
1725379200.c1.snap.jpg,1725379200,0.46,5.12
1725381000.c1.snap.jpg,1725381000,0.46,4.88
1725382800.c1.snap.jpg,1725382800,0.44,5.38
1725384600.c1.snap.jpg,1725384600,0.46,5.12
1725386400.c1.snap.jpg,1725386400,0.44,5.12
1725388200.c1.snap.jpg,1725388200,0.43,4.88
1725390000.c1.snap.jpg,1725390000,0.43,4.88
1725391800.c1.snap.jpg,1725391800,0.44,5.12
1725393600.c1.snap.jpg,1725393600,0.44,5.38
1725395400.c1.snap.jpg,1725395400,0.45,5.68
1725397200.c1.snap.jpg,1725397200,0.43,5.68
1725399000.c1.snap.jpg,1725399000,0.51,5.68
1725400800.c1.snap.jpg,1725400800,0.56,5.68
1725402600.c1.snap.jpg,1725402600,0.55,4.46
1725404400.c1.snap.jpg,1725404400,0.55,4.46
1725406200.c1.snap.jpg,1725406200,0.53,4.46
1725408000.c1.snap.jpg,1725408000,0.58,5.68
1725409800.c1.snap.jpg,1725409800,0.53,4.88
1725411600.c1.snap.jpg,1725411600,0.55,4.66
1725413400.c1.snap.jpg,1725413400,0.55,5.38
1725415200.c1.snap.jpg,1725415200,0.56,4.88
1725417000.c1.snap.jpg,1725417000,0.56,4.88
1725418800.c1.snap.jpg,1725418800,0.54,5.38
1725420600.c1.snap.jpg,1725420600,0.54,4.88
1725422400.c1.snap.jpg,1725422400,0.53,5.12
1725424200.c1.snap.jpg,1725424200,0.45,4.88
1725426000.c1.snap.jpg,1725426000,0.45,4.88
1725427800.c1.snap.jpg,1725427800,0.43,5.38
1725429600.c1.snap.jpg,1725429600,0.42,6.02
1725431400.c1.snap.jpg,1725431400,0.39,5.12
1725462000.c1.snap.jpg,1725462000,0.4,8.54
1725463800.c1.snap.jpg,1725463800,0.39,9.3
1725465600.c1.snap.jpg,1725465600,0.41,8.54
1725467400.c1.snap.jpg,1725467400,0.42,8.54
1725469200.c1.snap.jpg,1725469200,0.42,9.3
1725471000.c1.snap.jpg,1725471000,0.47,9.3
1725472800.c1.snap.jpg,1725472800,0.41,8.54
1725474600.c1.snap.jpg,1725474600,0.35,8.54
1725476400.c1.snap.jpg,1725476400,0.33,7.88
1725478200.c1.snap.jpg,1725478200,0.31,8.54
1725480000.c1.snap.jpg,1725480000,0.31,7.88
1725481800.c1.snap.jpg,1725481800,0.31,8.54
1725483600.c1.snap.jpg,1725483600,0.29,8.54
1725485400.c1.snap.jpg,1725485400,0.29,9.3
1725487200.c1.snap.jpg,1725487200,0.27,8.54
1725490800.c1.snap.jpg,1725490800,0.28,8.54
1725492600.c1.snap.jpg,1725492600,0.3,7.88
1725494400.c1.snap.jpg,1725494400,0.26,9.3
1725496200.c1.snap.jpg,1725496200,0.28,9.3
1725498000.c1.snap.jpg,1725498000,0.25,9.3
1725499800.c1.snap.jpg,1725499800,0.27,9.3
1725501600.c1.snap.jpg,1725501600,0.22,9.3
1725503400.c1.snap.jpg,1725503400,0.25,10.24
1725505200.c1.snap.jpg,1725505200,0.21,9.3
1725507000.c1.snap.jpg,1725507000,0.15,9.3
1725508800.c1.snap.jpg,1725508800,0.18,9.3
1725510600.c1.snap.jpg,1725510600,0.18,9.3
1725512400.c1.snap.jpg,1725512400,0.16,9.3
1725514200.c1.snap.jpg,1725514200,0.14,8.54
1725516000.c1.snap.jpg,1725516000,0.14,8.54
1725517800.c1.snap.jpg,1725517800,0.13,8.54
1725548400.c1.snap.jpg,1725548400,0.19,8.54
1725550200.c1.snap.jpg,1725550200,0.22,8.54
1725552000.c1.snap.jpg,1725552000,0.21,25.6
1725553800.c1.snap.jpg,1725553800,0.19,8.54
1725555600.c1.snap.jpg,1725555600,0.19,8.54
1725557400.c1.snap.jpg,1725557400,0.24,8.54
1725559200.c1.snap.jpg,1725559200,0.25,7.88
1725561000.c1.snap.jpg,1725561000,0.23,8.54
1725562800.c1.snap.jpg,1725562800,0.2,7.88
1725564600.c1.snap.jpg,1725564600,0.22,1.76
1725566400.c1.snap.jpg,1725566400,0.22,1.82
1725568200.c1.snap.jpg,1725568200,0.18,7.88
1725570000.c1.snap.jpg,1725570000,0.14,7.88
1725571800.c1.snap.jpg,1725571800,0.14,7.88
1725573600.c1.snap.jpg,1725573600,0.15,7.88
1725575400.c1.snap.jpg,1725575400,0.11,7.88
1725577200.c1.snap.jpg,1725577200,0.12,7.88
1725579000.c1.snap.jpg,1725579000,0.11,7.88
1725580800.c1.snap.jpg,1725580800,0.13,7.88
1725582600.c1.snap.jpg,1725582600,0.19,1.94
1725584400.c1.snap.jpg,1725584400,0.2,1.9
1725586200.c1.snap.jpg,1725586200,0.19,1.76
1725588000.c1.snap.jpg,1725588000,0.26,1.82
1725589800.c1.snap.jpg,1725589800,0.28,2.14
1725591600.c1.snap.jpg,1725591600,0.26,2.18
1725593400.c1.snap.jpg,1725593400,0.26,2.18
1725595200.c1.snap.jpg,1725595200,0.27,2.32
1725597000.c1.snap.jpg,1725597000,0.29,2.5
1725598800.c1.snap.jpg,1725598800,0.31,2.62
1725600600.c1.snap.jpg,1725600600,0.3,2.7
1725602400.c1.snap.jpg,1725602400,0.28,2.92
1725604200.c1.snap.jpg,1725604200,0.27,2.84
1725634800.c1.snap.jpg,1725634800,0.74,4.1
1725636600.c1.snap.jpg,1725636600,0.75,4.26
1725638400.c1.snap.jpg,1725638400,0.77,4.1
1725640200.c1.snap.jpg,1725640200,0.73,4.26
1725642000.c1.snap.jpg,1725642000,0.81,4.66
1725643800.c1.snap.jpg,1725643800,0.88,4.1
1725645600.c1.snap.jpg,1725645600,0.92,4.46
1725647400.c1.snap.jpg,1725647400,0.94,4.46
1725649200.c1.snap.jpg,1725649200,0.96,4.46
1725651000.c1.snap.jpg,1725651000,0.9,4.46
1725652800.c1.snap.jpg,1725652800,0.92,4.26
1725654600.c1.snap.jpg,1725654600,0.9,4.46
1725656400.c1.snap.jpg,1725656400,0.88,4.46
1725658200.c1.snap.jpg,1725658200,0.8,4.46
1725660000.c1.snap.jpg,1725660000,0.85,4.46
1725661800.c1.snap.jpg,1725661800,0.88,4.46
1725663600.c1.snap.jpg,1725663600,0.9,4.46
1725665400.c1.snap.jpg,1725665400,0.87,4.1
1725667200.c1.snap.jpg,1725667200,0.8,4.46
1725669000.c1.snap.jpg,1725669000,0.83,4.26
1725670800.c1.snap.jpg,1725670800,0.76,4.26
1725672600.c1.snap.jpg,1725672600,0.72,4.26
1725674400.c1.snap.jpg,1725674400,0.75,4.1
1725676200.c1.snap.jpg,1725676200,0.71,4.1
1725678000.c1.snap.jpg,1725678000,0.67,3.94
1725679800.c1.snap.jpg,1725679800,0.63,3.8
1725683400.c1.snap.jpg,1725683400,0.54,3.3
1725685200.c1.snap.jpg,1725685200,0.5,3.42
1725688800.c1.snap.jpg,1725688800,0.42,3.2
1725690600.c1.snap.jpg,1725690600,0.38,3.02
1725721200.c1.snap.jpg,1725721200,0.52,2.92
1725723000.c1.snap.jpg,1725723000,0.48,3.2
1725724800.c1.snap.jpg,1725724800,0.49,5.38
1725726600.c1.snap.jpg,1725726600,0.5,5.68
1725728400.c1.snap.jpg,1725728400,0.51,5.68
1725730200.c1.snap.jpg,1725730200,0.49,2.92
1725732000.c1.snap.jpg,1725732000,0.46,5.38
1725733800.c1.snap.jpg,1725733800,0.42,5.38
1725735600.c1.snap.jpg,1725735600,0.41,5.38
1725737400.c1.snap.jpg,1725737400,0.37,4.88
1725739200.c1.snap.jpg,1725739200,0.39,5.38
1725741000.c1.snap.jpg,1725741000,0.39,5.12
1725742800.c1.snap.jpg,1725742800,0.37,5.12
1725744600.c1.snap.jpg,1725744600,0.34,5.38
1725746400.c1.snap.jpg,1725746400,0.31,5.12
1725748200.c1.snap.jpg,1725748200,0.3,5.12
1725751800.c1.snap.jpg,1725751800,0.28,4.88
1725753600.c1.snap.jpg,1725753600,0.26,4.88
1725757200.c1.snap.jpg,1725757200,0.27,4.46
1725759000.c1.snap.jpg,1725759000,0.31,4.88
1725760800.c1.snap.jpg,1725760800,0.37,4.66
1725762600.c1.snap.jpg,1725762600,0.45,3.1
1725764400.c1.snap.jpg,1725764400,0.43,3.2
1725766200.c1.snap.jpg,1725766200,0.44,3.3
1725768000.c1.snap.jpg,1725768000,0.73,25.6
1725769800.c1.snap.jpg,1725769800,0.59,3.66
1725771600.c1.snap.jpg,1725771600,0.64,3.8
1725773400.c1.snap.jpg,1725773400,0.6,3.66
1725775200.c1.snap.jpg,1725775200,0.6,3.54
1725777000.c1.snap.jpg,1725777000,0.66,3.54
1725807600.c1.snap.jpg,1725807600,1.05,4.88
1725809400.c1.snap.jpg,1725809400,1.04,5.12
1725811200.c1.snap.jpg,1725811200,0.97,4.46
1725813000.c1.snap.jpg,1725813000,0.95,5.38
1725814800.c1.snap.jpg,1725814800,0.9,5.38
1725816600.c1.snap.jpg,1725816600,0.88,5.68
1725818400.c1.snap.jpg,1725818400,0.9,5.38
1725820200.c1.snap.jpg,1725820200,0.89,5.68
1725822000.c1.snap.jpg,1725822000,0.9,5.12
1725823800.c1.snap.jpg,1725823800,0.82,5.12
1725825600.c1.snap.jpg,1725825600,0.79,5.68
1725827400.c1.snap.jpg,1725827400,0.75,5.38
1725829200.c1.snap.jpg,1725829200,0.74,5.38
1725831000.c1.snap.jpg,1725831000,0.74,5.38
1725832800.c1.snap.jpg,1725832800,0.77,5.38
1725834600.c1.snap.jpg,1725834600,0.73,5.38
1725836400.c1.snap.jpg,1725836400,0.72,5.38
1725838200.c1.snap.jpg,1725838200,0.75,5.12
1725840000.c1.snap.jpg,1725840000,0.73,5.68
1725841800.c1.snap.jpg,1725841800,0.7,5.68
1725843600.c1.snap.jpg,1725843600,0.79,5.38
1725845400.c1.snap.jpg,1725845400,0.75,5.68
1725847200.c1.snap.jpg,1725847200,0.74,5.12
1725849000.c1.snap.jpg,1725849000,0.75,5.38
1725850800.c1.snap.jpg,1725850800,0.71,5.68
1725852600.c1.snap.jpg,1725852600,0.7,5.68
1725854400.c1.snap.jpg,1725854400,0.7,4.88
1725856200.c1.snap.jpg,1725856200,0.68,5.68
1725858000.c1.snap.jpg,1725858000,0.69,5.38
1725859800.c1.snap.jpg,1725859800,0.65,5.38
1725861600.c1.snap.jpg,1725861600,0.62,5.68
1725894000.c1.snap.jpg,1725894000,0.59,5.12
1725895800.c1.snap.jpg,1725895800,0.57,5.12
1725897600.c1.snap.jpg,1725897600,0.56,4.26
1725899400.c1.snap.jpg,1725899400,0.55,4.46
1725901200.c1.snap.jpg,1725901200,0.53,5.38
1725903000.c1.snap.jpg,1725903000,0.5,4.66
1725904800.c1.snap.jpg,1725904800,0.47,4.26
1725906600.c1.snap.jpg,1725906600,0.46,4.88
1725908400.c1.snap.jpg,1725908400,0.46,4.46
1725910200.c1.snap.jpg,1725910200,0.46,4.66
1725912000.c1.snap.jpg,1725912000,0.46,4.1
1725913800.c1.snap.jpg,1725913800,0.43,4.46
1725915600.c1.snap.jpg,1725915600,0.41,4.66
1725917400.c1.snap.jpg,1725917400,0.38,4.66
1725919200.c1.snap.jpg,1725919200,0.37,4.46
1725921000.c1.snap.jpg,1725921000,0.37,4.46
1725922800.c1.snap.jpg,1725922800,0.39,4.26
1725924600.c1.snap.jpg,1725924600,0.39,4.46
1725926400.c1.snap.jpg,1725926400,0.38,5.12
1725928200.c1.snap.jpg,1725928200,0.39,5.38
1725930000.c1.snap.jpg,1725930000,0.38,4.46
1725931800.c1.snap.jpg,1725931800,0.38,5.12
1725933600.c1.snap.jpg,1725933600,0.44,4.88
1725935400.c1.snap.jpg,1725935400,0.47,4.66
1725937200.c1.snap.jpg,1725937200,0.48,4.88
1725939000.c1.snap.jpg,1725939000,0.47,4.66
1725940800.c1.snap.jpg,1725940800,0.46,4.66
1725942600.c1.snap.jpg,1725942600,0.46,4.46
1725944400.c1.snap.jpg,1725944400,0.51,3.02
1725946200.c1.snap.jpg,1725946200,0.53,3.2
1725948000.c1.snap.jpg,1725948000,0.49,3.3
1725982200.c1.snap.jpg,1725982200,0.58,3.66
1725984000.c1.snap.jpg,1725984000,0.62,3.8
1725985800.c1.snap.jpg,1725985800,0.65,3.54
1725987600.c1.snap.jpg,1725987600,0.8,3.94
1725989400.c1.snap.jpg,1725989400,0.8,4.26
1725991200.c1.snap.jpg,1725991200,0.83,4.1
1725993000.c1.snap.jpg,1725993000,0.81,4.26
1725994800.c1.snap.jpg,1725994800,0.83,4.26
1725996600.c1.snap.jpg,1725996600,0.8,4.26
1725998400.c1.snap.jpg,1725998400,0.77,4.46
1726000200.c1.snap.jpg,1726000200,0.79,4.46
1726002000.c1.snap.jpg,1726002000,0.78,4.46
1726003800.c1.snap.jpg,1726003800,0.76,4.46
1726005600.c1.snap.jpg,1726005600,0.8,4.46
1726007400.c1.snap.jpg,1726007400,0.74,4.26
1726009200.c1.snap.jpg,1726009200,0.75,4.1
1726011000.c1.snap.jpg,1726011000,0.69,4.26
1726012800.c1.snap.jpg,1726012800,0.67,4.1
1726014600.c1.snap.jpg,1726014600,0.64,4.26
1726016400.c1.snap.jpg,1726016400,0.64,4.26
1726018200.c1.snap.jpg,1726018200,0.64,4.26
1726020000.c1.snap.jpg,1726020000,0.65,4.26
1726021800.c1.snap.jpg,1726021800,0.63,4.1
1726023600.c1.snap.jpg,1726023600,0.62,4.1
1726025400.c1.snap.jpg,1726025400,0.66,4.1
1726027200.c1.snap.jpg,1726027200,0.65,4.26
1726029000.c1.snap.jpg,1726029000,0.63,4.1
1726030800.c1.snap.jpg,1726030800,0.65,4.1
1726032600.c1.snap.jpg,1726032600,0.63,4.26
1726034400.c1.snap.jpg,1726034400,0.57,4.26
1726068600.c1.snap.jpg,1726068600,0.28,3.8
1726070400.c1.snap.jpg,1726070400,0.27,3.8
1726074000.c1.snap.jpg,1726074000,0.25,3.66
1726075800.c1.snap.jpg,1726075800,0.23,3.66
1726077600.c1.snap.jpg,1726077600,0.23,3.8
1726079400.c1.snap.jpg,1726079400,0.23,3.66
1726081200.c1.snap.jpg,1726081200,0.23,3.66
1726083000.c1.snap.jpg,1726083000,0.23,9.3
1726084800.c1.snap.jpg,1726084800,0.21,3.54
1726086600.c1.snap.jpg,1726086600,0.18,3.54
1726090200.c1.snap.jpg,1726090200,0.17,3.3
1726092000.c1.snap.jpg,1726092000,0.16,9.3
1726093800.c1.snap.jpg,1726093800,0.15,8.54
1726095600.c1.snap.jpg,1726095600,0.14,9.3
1726097400.c1.snap.jpg,1726097400,0.14,8.54
1726099200.c1.snap.jpg,1726099200,0.15,9.3
1726101000.c1.snap.jpg,1726101000,0.16,7.32
1726102800.c1.snap.jpg,1726102800,0.16,7.88
1726104600.c1.snap.jpg,1726104600,0.21,8.54
1726108200.c1.snap.jpg,1726108200,0.39,2.5
1726110000.c1.snap.jpg,1726110000,0.43,2.5
1726111800.c1.snap.jpg,1726111800,0.4,2.7
1726113600.c1.snap.jpg,1726113600,0.41,2.84
1726115400.c1.snap.jpg,1726115400,0.39,2.84
1726117200.c1.snap.jpg,1726117200,0.36,2.76
1726119000.c1.snap.jpg,1726119000,0.33,2.7
1726120800.c1.snap.jpg,1726120800,0.33,2.7
1726155000.c1.snap.jpg,1726155000,0.38,3.94
1726156800.c1.snap.jpg,1726156800,0.47,4.1
1726158600.c1.snap.jpg,1726158600,0.5,4.1
1726160400.c1.snap.jpg,1726160400,0.51,3.94
1726162200.c1.snap.jpg,1726162200,0.55,3.94
1726164000.c1.snap.jpg,1726164000,0.5,3.8
1726165800.c1.snap.jpg,1726165800,0.53,3.8
1726167600.c1.snap.jpg,1726167600,0.54,3.94
1726169400.c1.snap.jpg,1726169400,0.56,3.8
1726171200.c1.snap.jpg,1726171200,0.56,3.8
1726173000.c1.snap.jpg,1726173000,0.59,3.8
1726174800.c1.snap.jpg,1726174800,0.57,3.66
1726176600.c1.snap.jpg,1726176600,0.55,3.94
1726178400.c1.snap.jpg,1726178400,0.58,3.8
1726180200.c1.snap.jpg,1726180200,0.6,3.54
1726182000.c1.snap.jpg,1726182000,0.61,3.8
1726185600.c1.snap.jpg,1726185600,0.66,3.8
1726187400.c1.snap.jpg,1726187400,0.64,3.8
1726189200.c1.snap.jpg,1726189200,0.64,3.8
1726191000.c1.snap.jpg,1726191000,0.68,3.66
1726192800.c1.snap.jpg,1726192800,0.57,3.54
1726194600.c1.snap.jpg,1726194600,0.58,3.42
1726196400.c1.snap.jpg,1726196400,0.6,3.54
1726198200.c1.snap.jpg,1726198200,0.62,3.42
1726200000.c1.snap.jpg,1726200000,0.64,3.3
1726201800.c1.snap.jpg,1726201800,0.61,3.3
1726203600.c1.snap.jpg,1726203600,0.59,3.42
1726205400.c1.snap.jpg,1726205400,0.54,3.42
1726241400.c1.snap.jpg,1726241400,0.56,3.94
1726243200.c1.snap.jpg,1726243200,0.53,3.94
1726245000.c1.snap.jpg,1726245000,0.57,4.26
1726246800.c1.snap.jpg,1726246800,0.59,4.26
1726248600.c1.snap.jpg,1726248600,0.59,4.1
1726250400.c1.snap.jpg,1726250400,0.59,3.94
1726252200.c1.snap.jpg,1726252200,0.6,3.94
1726254000.c1.snap.jpg,1726254000,0.56,4.26
1726255800.c1.snap.jpg,1726255800,0.54,4.26
1726257600.c1.snap.jpg,1726257600,0.52,4.1
1726259400.c1.snap.jpg,1726259400,0.48,4.26
1726261200.c1.snap.jpg,1726261200,0.42,3.66
1726263000.c1.snap.jpg,1726263000,0.41,3.3
1726264800.c1.snap.jpg,1726264800,0.38,4.1
1726266600.c1.snap.jpg,1726266600,0.37,4.1
1726268400.c1.snap.jpg,1726268400,0.32,3.94
1726270200.c1.snap.jpg,1726270200,0.32,3.1
1726272000.c1.snap.jpg,1726272000,0.29,3.94
1726273800.c1.snap.jpg,1726273800,0.26,3.42
1726275600.c1.snap.jpg,1726275600,0.25,3.66
1726277400.c1.snap.jpg,1726277400,0.23,4.26
1726279200.c1.snap.jpg,1726279200,0.22,3.94
1726281000.c1.snap.jpg,1726281000,0.2,3.8
1726282800.c1.snap.jpg,1726282800,0.18,4.26
1726284600.c1.snap.jpg,1726284600,0.2,4.26
1726286400.c1.snap.jpg,1726286400,0.2,4.26
1726288200.c1.snap.jpg,1726288200,0.23,3.94
1726290000.c1.snap.jpg,1726290000,0.27,2.22
1726291800.c1.snap.jpg,1726291800,0.26,2.22
1726293600.c1.snap.jpg,1726293600,0.25,2.32
1726327800.c1.snap.jpg,1726327800,0.32,2.18
1726333200.c1.snap.jpg,1726333200,0.39,2.28
1726335000.c1.snap.jpg,1726335000,0.39,2.38
1726338600.c1.snap.jpg,1726338600,0.39,2.38
1726340400.c1.snap.jpg,1726340400,0.4,2.32
1726342200.c1.snap.jpg,1726342200,0.4,2.28
1726344000.c1.snap.jpg,1726344000,0.39,2.14
1726345800.c1.snap.jpg,1726345800,0.48,2.28
1726347600.c1.snap.jpg,1726347600,0.54,2.5
1726349400.c1.snap.jpg,1726349400,0.46,2.56
1726351200.c1.snap.jpg,1726351200,0.5,2.62
1726353000.c1.snap.jpg,1726353000,0.56,2.56
1726354800.c1.snap.jpg,1726354800,0.44,2.62
1726356600.c1.snap.jpg,1726356600,0.43,2.38
1726358400.c1.snap.jpg,1726358400,0.49,2.32
1726360200.c1.snap.jpg,1726360200,0.45,2.38
1726362000.c1.snap.jpg,1726362000,0.42,2.28
1726363800.c1.snap.jpg,1726363800,0.39,2.28
1726365600.c1.snap.jpg,1726365600,0.39,2.38
1726367400.c1.snap.jpg,1726367400,0.37,2.18
1726369200.c1.snap.jpg,1726369200,0.4,2.44
1726371000.c1.snap.jpg,1726371000,0.38,2.28
1726372800.c1.snap.jpg,1726372800,0.36,2.28
1726374600.c1.snap.jpg,1726374600,0.37,2.22
1726376400.c1.snap.jpg,1726376400,0.74,25.6
1726378200.c1.snap.jpg,1726378200,0.34,2.18
1726380000.c1.snap.jpg,1726380000,0.26,2.14
1726414200.c1.snap.jpg,1726414200,1.04,25.6
1726416000.c1.snap.jpg,1726416000,0.69,3.8
1726417800.c1.snap.jpg,1726417800,0.72,3.8
1726419600.c1.snap.jpg,1726419600,0.77,3.66
1726421400.c1.snap.jpg,1726421400,0.63,3.8
1726423200.c1.snap.jpg,1726423200,0.6,3.8
1726425000.c1.snap.jpg,1726425000,0.58,3.8
1726426800.c1.snap.jpg,1726426800,0.53,3.54
1726428600.c1.snap.jpg,1726428600,0.57,3.8
1726430400.c1.snap.jpg,1726430400,0.58,3.66
1726432200.c1.snap.jpg,1726432200,0.53,3.94
1726434000.c1.snap.jpg,1726434000,0.53,3.42
1726435800.c1.snap.jpg,1726435800,0.53,3.42
1726437600.c1.snap.jpg,1726437600,0.55,3.42
1726439400.c1.snap.jpg,1726439400,0.51,3.42
1726441200.c1.snap.jpg,1726441200,0.5,3.42
1726443000.c1.snap.jpg,1726443000,0.45,3.42
1726444800.c1.snap.jpg,1726444800,0.4,3.3
1726446600.c1.snap.jpg,1726446600,0.39,3.2
1726448400.c1.snap.jpg,1726448400,0.39,3.2
1726450200.c1.snap.jpg,1726450200,0.35,3.3
1726452000.c1.snap.jpg,1726452000,0.33,3.3
1726457400.c1.snap.jpg,1726457400,0.19,3.02
1726459200.c1.snap.jpg,1726459200,0.16,2.84
1726461000.c1.snap.jpg,1726461000,0.15,2.84
1726462800.c1.snap.jpg,1726462800,0.18,9.3
1726464600.c1.snap.jpg,1726464600,0.16,9.3
1726466400.c1.snap.jpg,1726466400,0.15,9.3
1726500600.c1.snap.jpg,1726500600,0.7,3.54
1726502400.c1.snap.jpg,1726502400,0.82,3.8
1726504200.c1.snap.jpg,1726504200,0.92,3.94
1726506000.c1.snap.jpg,1726506000,1.17,4.26
1726507800.c1.snap.jpg,1726507800,1.3,4.66
1726509600.c1.snap.jpg,1726509600,1.37,4.66
1726513200.c1.snap.jpg,1726513200,1.34,5.68
1726515000.c1.snap.jpg,1726515000,1.43,6.02
1726516800.c1.snap.jpg,1726516800,1.39,5.68
1726518600.c1.snap.jpg,1726518600,1.41,5.12
1726520400.c1.snap.jpg,1726520400,1.43,5.68
1726522200.c1.snap.jpg,1726522200,1.54,6.4
1726524000.c1.snap.jpg,1726524000,1.6,6.4
1726525800.c1.snap.jpg,1726525800,1.76,5.68
1726527600.c1.snap.jpg,1726527600,1.62,6.4
1726529400.c1.snap.jpg,1726529400,1.67,5.68
1726531200.c1.snap.jpg,1726531200,1.53,5.38
1726533000.c1.snap.jpg,1726533000,1.54,6.02
1726534800.c1.snap.jpg,1726534800,1.42,6.82
1726536600.c1.snap.jpg,1726536600,1.42,5.68
1726538400.c1.snap.jpg,1726538400,1.37,6.02
1726540200.c1.snap.jpg,1726540200,1.32,6.4
1726542000.c1.snap.jpg,1726542000,1.31,5.68
1726543800.c1.snap.jpg,1726543800,1.22,6.82
1726545600.c1.snap.jpg,1726545600,1.15,5.68
1726547400.c1.snap.jpg,1726547400,1.14,5.38
1726549200.c1.snap.jpg,1726549200,1.04,5.12
1726551000.c1.snap.jpg,1726551000,1.05,6.02
1726587000.c1.snap.jpg,1726587000,0.45,5.38
1726588800.c1.snap.jpg,1726588800,0.43,5.68
1726590600.c1.snap.jpg,1726590600,0.41,5.38
1726592400.c1.snap.jpg,1726592400,0.44,4.88
1726594200.c1.snap.jpg,1726594200,0.42,2.28
1726596000.c1.snap.jpg,1726596000,0.44,2.5
1726597800.c1.snap.jpg,1726597800,0.43,2.44
1726599600.c1.snap.jpg,1726599600,0.32,2.18
1726601400.c1.snap.jpg,1726601400,0.39,2.38
1726603200.c1.snap.jpg,1726603200,0.38,2.28
1726605000.c1.snap.jpg,1726605000,0.38,2.22
1726606800.c1.snap.jpg,1726606800,0.38,2.32
1726608600.c1.snap.jpg,1726608600,0.41,2.22
1726610400.c1.snap.jpg,1726610400,0.37,2.32
1726612200.c1.snap.jpg,1726612200,0.41,2.28
1726614000.c1.snap.jpg,1726614000,0.42,2.22
1726615800.c1.snap.jpg,1726615800,0.47,2.38
1726617600.c1.snap.jpg,1726617600,0.4,2.18
1726619400.c1.snap.jpg,1726619400,0.34,2.08
1726621200.c1.snap.jpg,1726621200,0.31,2.0
1726623000.c1.snap.jpg,1726623000,0.42,25.6
1726624800.c1.snap.jpg,1726624800,0.28,1.96
1726626600.c1.snap.jpg,1726626600,0.3,2.18
1726628400.c1.snap.jpg,1726628400,0.33,2.18
1726632000.c1.snap.jpg,1726632000,0.3,2.04
1726633800.c1.snap.jpg,1726633800,0.3,2.18
1726635600.c1.snap.jpg,1726635600,0.26,2.0
1726637400.c1.snap.jpg,1726637400,0.25,2.08
1726673400.c1.snap.jpg,1726673400,0.29,3.2
1726675200.c1.snap.jpg,1726675200,0.38,3.02
1726677000.c1.snap.jpg,1726677000,0.46,3.2
1726680600.c1.snap.jpg,1726680600,0.61,3.8
1726682400.c1.snap.jpg,1726682400,0.67,3.8
1726684200.c1.snap.jpg,1726684200,0.68,4.1
1726686000.c1.snap.jpg,1726686000,0.7,3.66
1726687800.c1.snap.jpg,1726687800,0.7,3.94
1726689600.c1.snap.jpg,1726689600,0.67,4.1
1726691400.c1.snap.jpg,1726691400,0.6,3.8
1726693200.c1.snap.jpg,1726693200,0.62,4.26
1726695000.c1.snap.jpg,1726695000,0.64,4.26
1726696800.c1.snap.jpg,1726696800,0.61,3.8
1726698600.c1.snap.jpg,1726698600,0.57,3.94
1726700400.c1.snap.jpg,1726700400,0.54,3.66
1726702200.c1.snap.jpg,1726702200,0.56,3.66
1726704000.c1.snap.jpg,1726704000,0.59,3.54
1726705800.c1.snap.jpg,1726705800,0.65,3.42
1726707600.c1.snap.jpg,1726707600,0.76,3.66
1726709400.c1.snap.jpg,1726709400,0.89,4.26
1726711200.c1.snap.jpg,1726711200,0.93,4.46
1726713000.c1.snap.jpg,1726713000,0.96,4.46
1726714800.c1.snap.jpg,1726714800,0.93,4.66
1726716600.c1.snap.jpg,1726716600,0.91,4.88
1726718400.c1.snap.jpg,1726718400,0.95,4.46
1726720200.c1.snap.jpg,1726720200,1.03,4.88
1726722000.c1.snap.jpg,1726722000,1.18,4.88
1726723800.c1.snap.jpg,1726723800,1.31,5.68
1726759800.c1.snap.jpg,1726759800,0.88,6.02
1726761600.c1.snap.jpg,1726761600,0.92,5.68
1726763400.c1.snap.jpg,1726763400,0.88,6.02
1726765200.c1.snap.jpg,1726765200,0.84,5.38
1726767000.c1.snap.jpg,1726767000,0.77,4.66
1726768800.c1.snap.jpg,1726768800,0.71,5.68
1726770600.c1.snap.jpg,1726770600,0.71,5.68
1726772400.c1.snap.jpg,1726772400,0.64,5.38
1726774200.c1.snap.jpg,1726774200,0.59,4.46
1726776000.c1.snap.jpg,1726776000,0.56,5.38
1726777800.c1.snap.jpg,1726777800,0.53,5.38
1726781400.c1.snap.jpg,1726781400,0.5,4.66
1726783200.c1.snap.jpg,1726783200,0.54,4.66
1726785000.c1.snap.jpg,1726785000,0.57,4.66
1726786800.c1.snap.jpg,1726786800,0.6,4.88
1726788600.c1.snap.jpg,1726788600,0.59,4.1
1726790400.c1.snap.jpg,1726790400,0.56,3.42
1726792200.c1.snap.jpg,1726792200,0.57,3.66
1726794000.c1.snap.jpg,1726794000,0.6,4.26
1726795800.c1.snap.jpg,1726795800,0.69,3.94
1726797600.c1.snap.jpg,1726797600,0.72,3.8
1726799400.c1.snap.jpg,1726799400,0.74,4.26
1726801200.c1.snap.jpg,1726801200,0.73,4.26
1726803000.c1.snap.jpg,1726803000,0.72,4.26
1726804800.c1.snap.jpg,1726804800,0.7,4.1
1726806600.c1.snap.jpg,1726806600,0.64,4.46
1726808400.c1.snap.jpg,1726808400,0.67,4.46
1726810200.c1.snap.jpg,1726810200,0.69,4.66
1726848000.c1.snap.jpg,1726848000,0.52,4.66
1726849800.c1.snap.jpg,1726849800,0.49,4.88
1726851600.c1.snap.jpg,1726851600,0.46,4.88
1726853400.c1.snap.jpg,1726853400,0.42,4.88
1726855200.c1.snap.jpg,1726855200,0.37,4.88
1726857000.c1.snap.jpg,1726857000,0.37,4.88
1726858800.c1.snap.jpg,1726858800,0.36,4.26
1726860600.c1.snap.jpg,1726860600,0.35,4.46
1726862400.c1.snap.jpg,1726862400,0.41,4.26
1726864200.c1.snap.jpg,1726864200,0.39,3.94
1726866000.c1.snap.jpg,1726866000,0.37,3.94
1726867800.c1.snap.jpg,1726867800,0.36,4.46
1726869600.c1.snap.jpg,1726869600,0.41,4.46
1726871400.c1.snap.jpg,1726871400,0.44,4.26
1726873200.c1.snap.jpg,1726873200,0.48,3.54
1726875000.c1.snap.jpg,1726875000,0.48,3.8
1726876800.c1.snap.jpg,1726876800,0.5,4.46
1726878600.c1.snap.jpg,1726878600,0.53,3.66
1726880400.c1.snap.jpg,1726880400,0.51,3.66
1726882200.c1.snap.jpg,1726882200,0.52,3.66
1726884000.c1.snap.jpg,1726884000,0.57,3.66
1726885800.c1.snap.jpg,1726885800,0.59,3.66
1726887600.c1.snap.jpg,1726887600,0.59,3.66
1726889400.c1.snap.jpg,1726889400,0.57,3.8
1726891200.c1.snap.jpg,1726891200,0.6,3.94
1726894800.c1.snap.jpg,1726894800,0.5,3.8
1726896600.c1.snap.jpg,1726896600,0.5,3.8
1727020800.c1.snap.jpg,1727020800,0.43,3.3
1727022600.c1.snap.jpg,1727022600,0.41,3.3
1727024400.c1.snap.jpg,1727024400,0.4,3.3
1727026200.c1.snap.jpg,1727026200,0.38,3.1
1727028000.c1.snap.jpg,1727028000,0.41,3.2
1727029800.c1.snap.jpg,1727029800,0.38,3.3
1727031600.c1.snap.jpg,1727031600,0.39,3.66
1727033400.c1.snap.jpg,1727033400,0.47,3.54
1727035200.c1.snap.jpg,1727035200,0.53,2.92
1727037000.c1.snap.jpg,1727037000,0.52,3.94
1727038800.c1.snap.jpg,1727038800,0.48,3.66
1727040600.c1.snap.jpg,1727040600,0.53,4.1
1727042400.c1.snap.jpg,1727042400,0.54,4.1
1727044200.c1.snap.jpg,1727044200,0.56,4.1
1727046000.c1.snap.jpg,1727046000,0.61,4.26
1727047800.c1.snap.jpg,1727047800,0.63,5.38
1727049600.c1.snap.jpg,1727049600,0.67,5.12
1727051400.c1.snap.jpg,1727051400,0.76,4.66
1727053200.c1.snap.jpg,1727053200,0.77,5.38
1727055000.c1.snap.jpg,1727055000,0.77,5.38
1727056800.c1.snap.jpg,1727056800,0.81,4.66
1727058600.c1.snap.jpg,1727058600,0.77,4.88
1727060400.c1.snap.jpg,1727060400,0.77,5.38
1727062200.c1.snap.jpg,1727062200,0.76,5.38
1727064000.c1.snap.jpg,1727064000,0.76,5.12
1727065800.c1.snap.jpg,1727065800,0.75,5.12
1727067600.c1.snap.jpg,1727067600,0.73,4.66
1727069400.c1.snap.jpg,1727069400,0.68,4.66
1727116200.c1.snap.jpg,1727116200,0.91,6.02
1727118000.c1.snap.jpg,1727118000,0.97,5.38
1727119800.c1.snap.jpg,1727119800,0.91,5.12
1727123400.c1.snap.jpg,1727123400,0.89,4.66
1727125200.c1.snap.jpg,1727125200,0.97,5.68
1727127000.c1.snap.jpg,1727127000,0.98,5.12
1727128800.c1.snap.jpg,1727128800,1.03,5.12
1727130600.c1.snap.jpg,1727130600,1.01,5.12
1727132400.c1.snap.jpg,1727132400,0.99,4.26
1727136000.c1.snap.jpg,1727136000,1.11,5.12
1727137800.c1.snap.jpg,1727137800,1.09,4.66
1727139600.c1.snap.jpg,1727139600,1.08,4.66
1727141400.c1.snap.jpg,1727141400,1.07,4.88
1727143200.c1.snap.jpg,1727143200,1.03,4.88
1727145000.c1.snap.jpg,1727145000,0.97,4.26
1727146800.c1.snap.jpg,1727146800,0.95,4.66
1727148600.c1.snap.jpg,1727148600,0.9,4.66
1727150400.c1.snap.jpg,1727150400,0.88,4.66
1727152200.c1.snap.jpg,1727152200,0.72,4.1
1727154000.c1.snap.jpg,1727154000,0.67,4.46
1727155800.c1.snap.jpg,1727155800,0.6,4.26
1727193600.c1.snap.jpg,1727193600,0.82,4.46
1727195400.c1.snap.jpg,1727195400,0.8,4.46
1727197200.c1.snap.jpg,1727197200,0.75,4.46
1727199000.c1.snap.jpg,1727199000,0.74,4.26
1727200800.c1.snap.jpg,1727200800,0.69,4.26
1727202600.c1.snap.jpg,1727202600,1.18,25.6
1727204400.c1.snap.jpg,1727204400,0.6,3.54
1727206200.c1.snap.jpg,1727206200,0.58,4.1
1727208000.c1.snap.jpg,1727208000,0.58,3.94
1727209800.c1.snap.jpg,1727209800,0.62,4.1
1727211600.c1.snap.jpg,1727211600,0.75,4.1
1727213400.c1.snap.jpg,1727213400,0.8,4.26
1727215200.c1.snap.jpg,1727215200,0.8,4.1
1727217000.c1.snap.jpg,1727217000,0.83,3.8
1727218800.c1.snap.jpg,1727218800,0.85,3.94
1727220600.c1.snap.jpg,1727220600,0.82,3.66
1727222400.c1.snap.jpg,1727222400,0.84,3.94
1727224200.c1.snap.jpg,1727224200,0.88,4.26
1727226000.c1.snap.jpg,1727226000,0.91,4.26
1727229600.c1.snap.jpg,1727229600,0.83,3.8
1727231400.c1.snap.jpg,1727231400,0.83,3.94
1727233200.c1.snap.jpg,1727233200,0.8,3.94
1727236800.c1.snap.jpg,1727236800,0.84,4.26
1727240400.c1.snap.jpg,1727240400,0.78,3.94
